"Model","Estimated_nu","FirstLayer_ARI","FirstLayer_MR","Pathway_ARI","Pathway_MR","LogLik","BIC","Iterations","Elapsed_seconds","Success","Error","Residual_rho","Nu_true","Replication","Data_seed","Fit_seed"
"DGMM",NA,0.574152507020351,0.121,0.244192525678374,0.498,-34367.7372790322,70821.6166523171,17,1.19,TRUE,"",0,4,1,820001,920001
"RDMM",3.90406647239819,0.936960904339529,0.016,0.74100786638025,0.107,-30976.2874989161,64031.8093368058,166,6.64,TRUE,"",0,4,1,820001,920001
"DGMM",NA,0.321923428619145,0.216,0.114371999476711,0.567,-34114.7545228958,70315.6511400442,27,3.44,TRUE,"",0,4,2,820002,920002
"RDMM",3.76155584534498,0.9138498477491,0.022,0.782757414550971,0.089,-31190.92459833,64461.0835356337,100,4.12,TRUE,"",0,4,2,820002,920002
"DGMM",NA,0.722227378433968,0.075,0.321126555132955,0.424,-32802.2492469227,67690.6405880981,17,2.06,TRUE,"",0,4,3,820003,920003
"RDMM",4.17536795177708,0.898602511527835,0.026,0.738494600948323,0.108,-30402.3274703272,62883.8892796281,110,4.5,TRUE,"",0,4,3,820003,920003
"DGMM",NA,0.414202324258255,0.178,0.18770647235578,0.528,-33955.2032389007,69996.548572054,30,3.56,TRUE,"",0,4,4,820004,920004
"RDMM",3.84187785930678,0.933089038634788,0.017,0.764609712141823,0.096,-31168.1374943087,64415.509327591,101,4.13,TRUE,"",0,4,4,820004,920004
"DGMM",NA,0.894810790321069,0.027,0.317909724147701,0.461,-33008.7527420285,68103.6475783095,14,1.72,TRUE,"",0,4,5,820005,920005
"RDMM",4.18108339234937,0.929225173909982,0.018,0.735529444876114,0.109,-30596.4076362789,63272.0496115314,266,10.69,TRUE,"",0,4,5,820005,920005
"DGMM",NA,0.868492742943201,0.034,0.310779436289341,0.462,-33635.9528406398,69358.0477755322,16,2.01,TRUE,"",0,4,6,820006,920006
"RDMM",3.85031899354105,0.940840800044508,0.015,0.749949905429029,0.103,-30945.7898656702,63970.8140703141,100,3.94,TRUE,"",0,4,6,820006,920006
"DGMM",NA,0.864761801981216,0.035,0.299949031598012,0.471,-33488.4187597474,69062.9796137474,26,3.21,TRUE,"",0,4,7,820007,920007
"RDMM",3.85092735705182,0.925369129773108,0.019,0.764938059280088,0.097,-30899.2167544192,63877.6678478121,100,4,TRUE,"",0,4,7,820007,920007
"DGMM",NA,0.849933919859614,0.039,0.371666419565805,0.406,-33547.9800285769,69182.1021514063,14,1.78,TRUE,"",0,4,8,820008,920008
"RDMM",3.97341897330987,0.936960958914405,0.016,0.773953574887548,0.092,-30851.9035667936,63783.0414725608,100,4,TRUE,"",0,4,8,820008,920008
"DGMM",NA,0.835228932374015,0.043,0.334813816037193,0.472,-33400.1317270142,68886.4055482809,16,1.97000000000001,TRUE,"",0,4,9,820009,920009
"RDMM",3.96228533394,0.929225138668366,0.018,0.710351583545612,0.121,-30775.5561752371,63630.3466894477,109,4.41,TRUE,"",0,4,9,820009,920009
"DGMM",NA,0.795460879016922,0.054,0.396733724067548,0.327,-33198.6746678261,68483.4914299048,13,1.61,TRUE,"",0,4,10,820010,920010
"RDMM",4.15695153597196,0.925369339038542,0.019,0.739026882172217,0.107,-30578.1471691671,63235.5286773078,100,4.22000000000001,TRUE,"",0,4,10,820010,920010
"DGMM",NA,0.864764746956007,0.035,0.378312206745033,0.494,-33274.425453899,68634.9930020507,25,2.98,TRUE,"",0,4,11,820011,920011
"RDMM",4.44100507055715,0.925369365916323,0.019,0.771794834728228,0.093,-30787.2874083468,63653.8091556672,144,5.8,TRUE,"",0,4,11,820011,920011
"DGMM",NA,0.708669474854549,0.079,0.454033376151197,0.257,-33458.1943681599,69002.5308305724,23,2.78,TRUE,"",0,4,12,820012,920012
"RDMM",3.76475810889926,0.898602385354265,0.026,0.681905001028627,0.135,-30785.5326394166,63650.2996178069,110,4.47,TRUE,"",0,4,12,820012,920012
"DGMM",NA,0.408982009524487,0.18,0.169150910284974,0.574,-33166.9275601202,68419.9972144929,21,2.53,TRUE,"",0,4,13,820013,920013
"RDMM",3.9758090034076,0.913849820567796,0.022,0.717803479003106,0.117,-30790.1019462181,63659.4382314098,287,11.96,TRUE,"",0,4,13,820013,920013
"DGMM",NA,0.227903427969308,0.261,0.101078578772925,0.623,-32853.8737152231,67793.8895246989,31,3.7,TRUE,"",0,4,14,820014,920014
"RDMM",3.80852306616441,0.917681607256691,0.021,0.766372693695867,0.095,-30351.1074378522,62781.449214678,160,6.42,TRUE,"",0,4,14,820014,920014
"DGMM",NA,0.000595884760069208,0.482,0.000582443621888569,0.726,-32274.4965636435,66635.1352215396,29,3.5,TRUE,"",0,4,15,820015,920015
"RDMM",3.85989054718563,0.902402388123045,0.025,0.779881452525986,0.089,-30830.0716690563,63739.3776770862,100,4.06999999999999,TRUE,"",0,4,15,820015,920015
"DGMM",NA,0.94084083423399,0.015,0.660883753397049,0.147,-33214.0531658369,68514.2484259265,23,2.78,TRUE,"",0,4,16,820016,920016
"RDMM",4.1298721750226,0.936960957701631,0.016,0.744136167903151,0.106,-30683.1816477918,63445.5976345572,100,4.10999999999999,TRUE,"",0,4,16,820016,920016
"DGMM",NA,0.90621024686148,0.024,0.40567953959058,0.408,-33372.6054688587,68831.3530319699,17,2.06,TRUE,"",0,4,17,820017,920017
"RDMM",4.09503597788176,0.933089095364494,0.017,0.752172304057845,0.101,-30517.8906673855,63115.0156737446,123,5.13,TRUE,"",0,4,17,820017,920017
"DGMM",NA,0.580243364098208,0.119,0.228939416407137,0.525,-33591.93267125,69270.0074367525,16,1.94,TRUE,"",0,4,18,820018,920018
"RDMM",4.15246002078872,0.910025995292812,0.023,0.732990915459228,0.11,-30894.3006142118,63867.8355673972,180,7.22,TRUE,"",0,4,18,820018,920018
"DGMM",NA,-0.000508484652833515,0.487,-0.000716564942901843,0.734,-32016.4575636014,66119.0572214554,25,3.03,TRUE,"",0,4,19,820019,920019
"RDMM",3.80472126847569,0.936960929662283,0.016,0.780478151794493,0.089,-30592.2906711384,63263.8156812505,183,7.35999999999999,TRUE,"",0,4,19,820019,920019
"DGMM",NA,0.388744478686742,0.188,0.185248736672983,0.548,-33500.333426395,69086.8089470425,21,2.59999999999999,TRUE,"",0,4,20,820020,920020
"RDMM",3.66576959880991,0.913849842286599,0.022,0.760315826747662,0.097,-31081.8171764471,64242.8686918678,207,8.37,TRUE,"",0,4,20,820020,920020
"DGMM",NA,0.898602540788823,0.026,0.316179324728972,0.485,-33554.2692176348,69194.6805295223,16,1.97,TRUE,"",0,4,21,820021,920021
"RDMM",3.94781979174251,0.917681618136574,0.021,0.707046041045873,0.122,-30868.7293608608,63816.6930606953,206,8.14000000000001,TRUE,"",0,4,21,820021,920021
"DGMM",NA,0.000169435077432341,0.486,0.00272926745024126,0.715,-32746.8521793609,67579.8464529744,23,2.78999999999999,TRUE,"",0,4,22,820022,920022
"RDMM",3.75701642334858,0.933089055369225,0.017,0.771793712639024,0.093,-31086.063215756,64251.3607704856,151,6.04999999999998,TRUE,"",0,4,22,820022,920022
"DGMM",NA,0.756643178311139,0.065,0.351364833156302,0.376,-33568.7176683366,69223.5774309259,6,0.780000000000001,TRUE,"",0,4,23,820023,920023
"RDMM",4.43551375128528,0.952527453804435,0.012,0.497737415311741,0.298,-31001.0883268679,64081.4109927095,203,8.31999999999999,TRUE,"",0,4,23,820023,920023
"DGMM",NA,0.503603767909597,0.145,0.211503788821169,0.544,-33589.731502682,69265.6050996166,12,1.56999999999999,TRUE,"",0,4,24,820024,920024
"RDMM",4.06406423868725,0.917681697209636,0.021,0.709016115786867,0.122,-30792.5762049486,63664.3867488709,100,3.97999999999999,TRUE,"",0,4,24,820024,920024
"DGMM",NA,0.929225179383611,0.018,0.386082047429159,0.461,-32997.9272764264,68081.9966471054,15,1.85999999999999,TRUE,"",0,4,25,820025,920025
"RDMM",4.33804864613424,0.964288266883599,0.009,0.748765464855973,0.104,-30552.3669043935,63183.9681477606,266,10.71,TRUE,"",0,4,25,820025,920025
"DGMM",NA,0.913849802933086,0.022,0.393969239762345,0.445,-33001.5412771528,68089.2246485583,16,1.98999999999998,TRUE,"",0,4,26,820026,920026
"RDMM",4.36205063973405,0.93696094712624,0.016,0.767609264755718,0.095,-30376.9443543061,62833.1230475858,154,6.18000000000001,TRUE,"",0,4,26,820026,920026
"DGMM",NA,0.366690507049922,0.197,0.149219973715514,0.546,-33248.0578302591,68582.2577547708,23,2.85999999999999,TRUE,"",0,4,27,820027,920027
"RDMM",4.1835564408247,0.921521458517313,0.02,0.767347715033186,0.094,-30859.2923720697,63797.819083113,115,4.56,TRUE,"",0,4,27,820027,920027
"DGMM",NA,0.813417453761717,0.049,0.504568704331098,0.231,-33933.6457719553,69953.4336381631,15,1.90000000000001,TRUE,"",0,4,28,820028,920028
"RDMM",3.86714505630002,0.902402375280069,0.025,0.724189061508135,0.113,-30917.0650073814,63913.3643537365,100,4.08000000000001,TRUE,"",0,4,28,820028,920028
"DGMM",NA,0.948624633396522,0.013,0.392927187833239,0.494,-33209.9177693308,68505.9776329143,13,1.63,TRUE,"",0,4,29,820029,920029
"RDMM",4.05524197811307,0.940840840983107,0.015,0.567523323870816,0.227,-30688.1233805103,63455.4810999941,182,7.33000000000001,TRUE,"",0,4,29,820029,920029
"DGMM",NA,0.917681684461036,0.021,0.36709335823872,0.479,-32562.7073911842,67211.5568766211,12,1.5,TRUE,"",0,4,30,820030,920030
"RDMM",4.15807901440164,0.936960969147184,0.016,0.746906213732516,0.104,-30175.357574919,62429.9494888117,100,4.03,TRUE,"",0,4,30,820030,920030
"DGMM",NA,0.921521514319752,0.02,0.420728310401137,0.445,-32756.9092540634,67599.9606023795,17,2.05000000000001,TRUE,"",0,4,31,820031,920031
"RDMM",4.28716015324025,0.933089081616528,0.017,0.757427844013895,0.099,-30619.0922033574,63317.4187456884,100,4.19999999999999,TRUE,"",0,4,31,820031,920031
"DGMM",NA,0.386355445190339,0.189,0.257942459169482,0.382,-33444.7146612583,68975.5714167691,38,4.55000000000001,TRUE,"",0,4,32,820032,920032
"RDMM",3.81409336873945,0.91002595008007,0.023,0.748139081717976,0.103,-30816.5882879831,63712.4109149398,100,4.03000000000003,TRUE,"",0,4,32,820032,920032
"DGMM",NA,0.879722967353082,0.031,0.326947341309419,0.491,-33655.2377778824,69396.6176500174,22,2.65000000000003,TRUE,"",0,4,33,820033,920033
"RDMM",3.7776325719241,0.894810604648234,0.027,0.743951210036389,0.104,-30797.5994985545,63674.4333360826,100,4.10999999999996,TRUE,"",0,4,33,820033,920033
"DGMM",NA,0.806210196620859,0.051,0.334897019234526,0.509,-33856.2565408652,69798.6551759829,20,2.43000000000001,TRUE,"",0,4,34,820034,920034
"RDMM",4.05767025171389,0.910026064115795,0.023,0.584684006792379,0.207,-31015.7652448967,64110.764828767,100,3.94999999999999,TRUE,"",0,4,34,820034,920034
"DGMM",NA,0.898602870461445,0.026,0.405779366369494,0.385,-32561.3267000583,67208.7954943693,19,2.40999999999997,TRUE,"",0,4,35,820035,920035
"RDMM",4.27906845587864,0.929225209692798,0.018,0.777164585702703,0.09,-30354.839558431,62788.9134558357,100,3.94999999999999,TRUE,"",0,4,35,820035,920035
"DGMM",NA,0.788327493396783,0.056,0.299537731451714,0.452,-33931.4173622443,69948.9768187413,15,1.83999999999997,TRUE,"",0,4,36,820036,920036
"RDMM",4.09415947456345,0.910025800778458,0.023,0.739634808712078,0.106,-30912.1211690192,63903.476677012,255,10.26,TRUE,"",0,4,36,820036,920036
"DGMM",NA,0.414182831671502,0.178,0.194856089054045,0.512,-33638.3395870293,69362.8212683113,40,4.82999999999998,TRUE,"",0,4,37,820037,920037
"RDMM",3.67254512914816,0.906210194498648,0.024,0.684301346314351,0.135,-30763.1952761967,63605.624891367,134,5.43000000000001,TRUE,"",0,4,37,820037,920037
"DGMM",NA,0.894810843442605,0.027,0.351117691243589,0.423,-33614.4103779611,69314.9628501749,13,1.63,TRUE,"",0,4,38,820038,920038
"RDMM",3.89441184062539,0.952528533836956,0.012,0.803604443748187,0.079,-30595.4507035918,63270.1357461572,133,5.29999999999995,TRUE,"",0,4,38,820038,920038
"DGMM",NA,0.788334699828824,0.056,0.359844927439535,0.4,-32880.6342785453,67847.4106513433,21,2.70999999999998,TRUE,"",0,4,39,820039,920039
"RDMM",4.23691286368093,0.913849794049433,0.022,0.768644962897249,0.095,-30502.8562134871,63084.9467659478,100,4.06,TRUE,"",0,4,39,820039,920039
"DGMM",NA,-0.000504007975184907,0.495,0.0006802122680215,0.732,-31662.2611618949,65410.6644180424,25,2.98000000000002,TRUE,"",0,4,40,820040,920040
"RDMM",4.15997756651345,0.929225172463282,0.018,0.749230737737083,0.103,-30296.2135186549,62671.6613762833,114,4.57999999999998,TRUE,"",0,4,40,820040,920040
"DGMM",NA,0.84256022064553,0.041,0.31110268051438,0.433,-33599.3378753769,69284.8178450064,12,1.36000000000001,TRUE,"",0,4,41,820041,920041
"RDMM",3.77606810552621,0.960359672882431,0.01,0.754010048971692,0.101,-30614.0944557233,63307.4232504203,100,3.32999999999998,TRUE,"",0,4,41,820041,920041
"DGMM",NA,0.78122744927018,0.058,0.326799615965999,0.414,-33637.7430134065,69361.6281210657,20,1.57999999999998,TRUE,"",0,4,42,820042,920042
"RDMM",4.15904995481638,0.913849181632315,0.022,0.749631277173718,0.102,-30950.1840816582,63979.60250229,128,3.25,TRUE,"",0,4,42,820042,920042
"DGMM",NA,0.917681679900044,0.021,0.55306644348012,0.206,-33598.4262603693,69282.9946149912,17,1,TRUE,"",0,4,43,820043,920043
"RDMM",3.94053569842285,0.929225220431267,0.018,0.752768320815224,0.101,-30774.4365916367,63628.107522247,141,5.4,TRUE,"",0,4,43,820043,920043
"DGMM",NA,0.846246581237327,0.04,0.323802780411381,0.513,-33871.7320978189,69829.6062898905,19,2.31,TRUE,"",0,4,44,820044,920044
"RDMM",3.801473802035,0.929224429539543,0.018,0.757502118276505,0.1,-30721.0693571401,63521.3730532538,187,7.68,TRUE,"",0,4,44,820044,920044
"DGMM",NA,0.906210127876694,0.024,0.304304116575393,0.481,-33584.6502912014,69255.4426766553,15,1.84,TRUE,"",0,4,45,820045,920045
"RDMM",3.67938099338863,0.921521458517313,0.02,0.738778600815739,0.108,-30562.2489578211,63203.7322546158,195,7.71,TRUE,"",0,4,45,820045,920045
"DGMM",NA,0.378916603640543,0.192,0.155001535318756,0.57,-33463.2510499944,69012.6441942415,25,3.08,TRUE,"",0,4,46,820046,920046
"RDMM",3.95930362618498,0.913849789736054,0.022,0.512524022393415,0.311,-31144.42812571,64368.0905903936,115,4.67,TRUE,"",0,4,46,820046,920046
"DGMM",NA,0.760145250189714,0.064,0.317973193961388,0.507,-34208.551912887,70503.2459200266,17,2.22,TRUE,"",0,4,47,820047,920047
"RDMM",4.0425020070167,0.906210185729402,0.024,0.719956260209366,0.116,-31264.7581923272,64608.7507236279,156,6.25,TRUE,"",0,4,47,820047,920047
"DGMM",NA,0.831575902027729,0.044,0.285615474871076,0.464,-34165.3867231744,70416.9155406013,17,2.03,TRUE,"",0,4,48,820048,920048
"RDMM",3.63960336327342,0.898602557248121,0.026,0.736353100708438,0.108,-30783.3306804815,63645.8956999365,100,4.02,TRUE,"",0,4,48,820048,920048
"DGMM",NA,0.373715712647045,0.194,0.144134662836022,0.572,-32965.0863725114,68016.3148392754,33,3.92,TRUE,"",0,4,49,820049,920049
"RDMM",3.86365457670344,0.933088819013842,0.017,0.760812700869797,0.098,-30675.896156907,63431.0266527877,102,4.18,TRUE,"",0,4,49,820049,920049
"DGMM",NA,0.777701761040571,0.059,0.31196276239213,0.453,-33156.419858131,68398.9818105145,11,1.38,TRUE,"",0,4,50,820050,920050
"RDMM",4.15525556219222,0.910026021863066,0.023,0.705681510384884,0.123,-30501.3363629486,63081.9070648709,118,4.73,TRUE,"",0,4,50,820050,920050
"DGMM",NA,0.89860265966141,0.026,0.640322748167444,0.156,-34061.4236036406,70208.9893015339,13,1.58999999999999,TRUE,"",0,4,51,820051,920051
"RDMM",3.90012614014968,0.933089076055551,0.017,0.791295385582217,0.085,-31251.7598703573,64582.7540796881,100,3.99000000000001,TRUE,"",0,4,51,820051,920051
"DGMM",NA,0.00574732570103295,0.457,0.00322318870982614,0.706,-32204.9401649672,66496.022424187,24,3.07000000000001,TRUE,"",0,4,52,820052,920052
"RDMM",3.6136424733191,0.929225019310235,0.018,0.761965946759799,0.096,-30764.7727919287,63608.7799228311,100,4.08,TRUE,"",0,4,52,820052,920052
"DGMM",NA,0.864764824929452,0.035,0.302730745733787,0.484,-33074.2155208077,68234.573135868,21,2.59,TRUE,"",0,4,53,820053,920053
"RDMM",4.01229454974334,0.910026050043096,0.023,0.770283964613159,0.093,-30398.9439614018,62877.1222617772,130,5.16,TRUE,"",0,4,53,820053,920053
"DGMM",NA,0.725629384141303,0.074,0.291226955917936,0.483,-32819.9031153449,67725.9483249423,11,1.42,TRUE,"",0,4,54,820054,920054
"RDMM",4.46346026945403,0.940840840618905,0.015,0.755670821398157,0.101,-30294.7243871471,62668.6831132678,151,6.11,TRUE,"",0,4,54,820054,920054
"DGMM",NA,0.849934596203474,0.039,0.337263128784796,0.456,-33264.2529243092,68614.647942871,12,1.48,TRUE,"",0,4,55,820055,920055
"RDMM",3.80327727817448,0.933089025491814,0.017,0.754288872954954,0.101,-30699.9082379425,63479.0508148587,145,5.89,TRUE,"",0,4,55,820055,920055
"DGMM",NA,0.598674681198818,0.113,0.332066510036162,0.347,-33410.5448973563,68907.2318889652,6,0.810000000000002,TRUE,"",0,4,56,820056,920056
"RDMM",4.24805508413105,0.898602597394154,0.026,0.735876705369492,0.108,-30413.848176249,62906.9306914715,225,9.31,TRUE,"",0,4,56,820056,920056
"DGMM",NA,0.824288824734321,0.046,0.285575917078927,0.5,-33993.8805732453,70073.9032407432,23,2.78,TRUE,"",0,4,57,820057,920057
"RDMM",3.82582987898324,0.906210200344811,0.024,0.728622963336942,0.112,-31258.5099628716,64596.2542647168,100,4.05,TRUE,"",0,4,57,820057,920057
"DGMM",NA,0.879723829960015,0.031,0.369450383244162,0.451,-33114.5537929923,68315.2496802373,14,1.73999999999999,TRUE,"",0,4,58,820058,920058
"RDMM",3.94091096628426,0.933089055369225,0.017,0.746834867889847,0.104,-30422.644171708,62924.5226823896,161,6.58,TRUE,"",0,4,58,820058,920058
"DGMM",NA,0.781237585766185,0.058,0.417933535763474,0.287,-33990.1367710802,70066.415636413,12,1.45999999999999,TRUE,"",0,4,59,820059,920059
"RDMM",3.85554780694749,0.91768169243749,0.021,0.765371252012907,0.096,-30724.3986873519,63528.0317136774,117,4.73999999999999,TRUE,"",0,4,59,820059,920059
"DGMM",NA,0.831575739304044,0.044,0.336137688135605,0.417,-33124.6161436728,68335.3743815983,14,1.70999999999998,TRUE,"",0,4,60,820060,920060
"RDMM",4.34047761963903,0.902402364859231,0.025,0.786652644093586,0.086,-30697.8082444054,63474.8508277845,100,4.22,TRUE,"",0,4,60,820060,920060
"DGMM",NA,0.849934482830342,0.039,0.394333218263502,0.452,-33530.3191366389,69146.7803675304,24,2.84,TRUE,"",0,4,61,820061,920061
"RDMM",4.39456614094884,0.933089061895653,0.017,0.741075245750537,0.108,-31128.4794357908,64336.1932105552,225,8.94999999999999,TRUE,"",0,4,61,820061,920061
"DGMM",NA,0.921521463902292,0.02,0.546583740417723,0.224,-33374.7848970447,68835.711888342,15,1.86000000000001,TRUE,"",0,4,62,820062,920062
"RDMM",4.05579478032871,0.929225164520618,0.018,0.804787448353596,0.079,-30548.2146297727,63175.663598519,100,4.16999999999999,TRUE,"",0,4,62,820062,920062
"DGMM",NA,0.925369322053268,0.019,0.335468111332852,0.461,-33069.4889263015,68225.1199468556,17,2.08000000000001,TRUE,"",0,4,63,820063,920063
"RDMM",4.3430979580549,0.944728690161577,0.014,0.778522707454325,0.091,-30532.6867502814,63144.6078395365,101,4.09,TRUE,"",0,4,63,820063,920063
"DGMM",NA,0.838893735083339,0.042,0.378021192163742,0.354,-33335.3714974366,68756.8850891259,15,1.91,TRUE,"",0,4,64,820064,920064
"RDMM",4.13634380865549,0.93696096578679,0.016,0.787629896320271,0.086,-30766.7752994191,63612.7849378119,100,4,TRUE,"",0,4,64,820064,920064
"DGMM",NA,0.359418326447988,0.2,0.156426511332178,0.541,-33774.0278405954,69634.1977754434,21,2.57999999999998,TRUE,"",0,4,65,820065,920065
"RDMM",3.74785661179172,0.891026955870976,0.028,0.745436329190396,0.105,-31247.4826993258,64574.1997376252,100,4.03,TRUE,"",0,4,65,820065,920065
"DGMM",NA,0.87972397595314,0.031,0.431773883515754,0.312,-33207.781598579,68501.7052914105,14,1.74000000000001,TRUE,"",0,4,66,820066,920066
"RDMM",3.99073469887838,0.929225220431267,0.018,0.80667306827973,0.077,-30665.8434883775,63410.9213157287,100,4.03,TRUE,"",0,4,66,820066,920066
"DGMM",NA,0.432434983917999,0.171,0.173935503730708,0.526,-33028.6248816181,68143.3918574888,24,2.92000000000002,TRUE,"",0,4,67,820067,920067
"RDMM",4.20608098929371,0.944728709410601,0.014,0.747508826508993,0.104,-30683.516174748,63446.2666884696,130,5.22,TRUE,"",0,4,67,820067,920067
"DGMM",NA,0.872228371106981,0.033,0.368802839526062,0.473,-33262.128013429,68610.3981211105,14,1.72,TRUE,"",0,4,68,820068,920068
"RDMM",4.23499579198979,0.940840781800237,0.015,0.757579233468681,0.099,-30653.8768689742,63386.9880769221,100,4.14000000000001,TRUE,"",0,4,68,820068,920068
"DGMM",NA,0.910025991623173,0.023,0.390987024912056,0.405,-32751.8628980396,67589.8678903317,13,1.72,TRUE,"",0,4,69,820069,920069
"RDMM",4.16912838183455,0.929225225946872,0.018,0.739364635323898,0.108,-30430.5683423917,62940.3710237569,108,4.44999999999999,TRUE,"",0,4,69,820069,920069
"DGMM",NA,0.30856126865149,0.222,0.122680765751263,0.595,-32728.4666504653,67543.0753951832,23,2.72999999999999,TRUE,"",0,4,70,820070,920070
"RDMM",4.17152684259161,0.929225204545957,0.018,0.706405128956282,0.124,-30576.5005775831,63232.2354941399,180,7.36000000000001,TRUE,"",0,4,70,820070,920070
"DGMM",NA,-0.000493908534339833,0.49,-0.000125835403216145,0.734,-31942.3116965811,65970.7654874148,29,3.54999999999998,TRUE,"",0,4,71,820071,920071
"RDMM",3.68447994064651,0.936960964153588,0.016,0.719135507805427,0.117,-30667.6294302488,63414.4931994713,218,8.70999999999998,TRUE,"",0,4,71,820071,920071
"DGMM",NA,0.705297725929487,0.08,0.28088033333174,0.509,-33134.1025458687,68354.34718599,19,2.31,TRUE,"",0,4,72,820072,920072
"RDMM",4.18564154085903,0.913849776248973,0.022,0.545546896769955,0.296,-30690.6537770592,63460.5418930921,100,4.03999999999999,TRUE,"",0,4,72,820072,920072
"DGMM",NA,0.777701530099928,0.059,0.316029731334263,0.478,-33901.6697449852,69889.4815842231,10,1.25,TRUE,"",0,4,73,820073,920073
"RDMM",3.97202846911366,0.910026018308826,0.023,0.540837302000892,0.266,-30848.066320509,63775.3669799916,137,5.58000000000001,TRUE,"",0,4,73,820073,920073
"DGMM",NA,0.813418099880229,0.049,0.304760130309554,0.516,-33558.4266295508,69202.9953533541,14,1.70999999999998,TRUE,"",0,4,74,820074,920074
"RDMM",3.99414237094276,0.90240231416323,0.025,0.763550390199359,0.096,-30820.2026627332,63719.63966444,222,8.86000000000001,TRUE,"",0,4,74,820074,920074
"DGMM",NA,-0.000606444131693611,0.498,0.000494632666798709,0.728,-32660.4257040764,67406.9935024053,31,3.78,TRUE,"",0,4,75,820075,920075
"RDMM",3.64696938860889,0.910025982535623,0.023,0.746305833544992,0.104,-31152.0299488736,64383.2942367208,101,4.03,TRUE,"",0,4,75,820075,920075
"DGMM",NA,0.331049435314608,0.212,0.146118604197059,0.536,-33149.9082531434,68385.9586005394,28,3.58000000000001,TRUE,"",0,4,76,820076,920076
"RDMM",3.96812970170326,0.933089028748594,0.017,0.767092008822485,0.095,-30754.0384571969,63587.3112533674,157,6.31,TRUE,"",0,4,76,820076,920076
"DGMM",NA,0.853629740274875,0.038,0.331895236832031,0.451,-33460.2402767181,69006.6226476887,14,1.70999999999998,TRUE,"",0,4,77,820077,920077
"RDMM",4.06999775076367,0.917681629491557,0.021,0.743662885312031,0.106,-30813.6180915803,63706.4705221342,268,10.66,TRUE,"",0,4,77,820077,920077
"DGMM",NA,0.872228403627984,0.033,0.38940686647292,0.427,-32573.9227244688,67233.9875431903,17,2.13,TRUE,"",0,4,78,820078,920078
"RDMM",4.23274687858512,0.929225179383611,0.018,0.737724894055374,0.108,-30444.0620297979,62967.3583985694,113,4.60000000000002,TRUE,"",0,4,78,820078,920078
"DGMM",NA,0.902402585273566,0.025,0.373336491094114,0.41,-33095.6709865653,68277.4840673832,15,1.88999999999999,TRUE,"",0,4,79,820079,920079
"RDMM",4.0148112096626,0.952528526074094,0.012,0.760304541676693,0.098,-30553.4469547485,63186.1282484707,100,4,TRUE,"",0,4,79,820079,920079
"DGMM",NA,0.267718012087271,0.241,0.111627280450132,0.573,-32650.7129733999,67387.5680410523,45,5.5,TRUE,"",0,4,80,820080,920080
"RDMM",3.84902566331736,0.94472868437969,0.014,0.807138102554977,0.077,-30461.2033990127,63001.6411369991,100,4.01999999999998,TRUE,"",0,4,80,820080,920080
"DGMM",NA,0.853628394125449,0.038,0.331867726972734,0.469,-33868.129460251,69822.4010147546,13,1.66999999999996,TRUE,"",0,4,81,820081,920081
"RDMM",4.14182610434205,0.948624532304546,0.013,0.742443543239162,0.107,-30820.8993388296,63721.0330166329,234,9.54000000000002,TRUE,"",0,4,81,820081,920081
"DGMM",NA,0.875971084888233,0.032,0.342298161417355,0.481,-33371.8560269076,68829.8541480679,13,1.58999999999997,TRUE,"",0,4,82,820082,920082
"RDMM",3.92570040625526,0.929225164760032,0.018,0.732627952493744,0.111,-30753.2447274413,63585.7237938562,241,9.78000000000003,TRUE,"",0,4,82,820082,920082
"DGMM",NA,0.891022250493811,0.028,0.407610284351867,0.497,-33441.2237709153,68968.5896360831,35,4.18000000000001,TRUE,"",0,4,83,820083,920083
"RDMM",4.00290591949248,0.936959328281462,0.016,0.781420362827191,0.088,-30896.7363163155,63872.7069716046,176,6.61000000000001,TRUE,"",0,4,83,820083,920083
"DGMM",NA,0.925369249043781,0.019,0.346028091202085,0.487,-33423.4636446627,68933.069383578,32,1.96,TRUE,"",0,4,84,820084,920084
"RDMM",4.22608807265648,0.940840806520481,0.015,0.770436272170223,0.094,-30700.1051438155,63479.4446266046,130,5.78,TRUE,"",0,4,84,820084,920084
"DGMM",NA,0.269829912139077,0.24,0.136707511477053,0.607,-33903.4870251912,69893.1161446351,19,2.34,TRUE,"",0,4,85,820085,920085
"RDMM",3.83770362943487,0.933089026585989,0.017,0.727598778525498,0.113,-31103.8250077638,64286.8843545013,137,5.7,TRUE,"",0,4,85,820085,920085
"DGMM",NA,0.421940951282376,0.175,0.205250300179641,0.482,-33746.4637086423,69579.0695115372,20,2.4,TRUE,"",0,4,86,820086,920086
"RDMM",4.07477146340902,0.940840832697513,0.015,0.762454871296132,0.098,-31023.8312841619,64126.8969072975,108,4.33,TRUE,"",0,4,86,820086,920086
"DGMM",NA,0.898602607737898,0.026,0.450869163713956,0.495,-33867.4540618777,69821.0502180079,35,4.17,TRUE,"",0,4,87,820087,920087
"RDMM",3.90188431887947,0.956440441911163,0.011,0.772452678583006,0.093,-30720.6465528627,63520.5274446989,238,9.65,TRUE,"",0,4,87,820087,920087
"DGMM",NA,0.000360599668594592,0.484,0.000362934210727454,0.733,-32315.0880594546,66716.3182131618,25,2.98,TRUE,"",0,4,88,820088,920088
"RDMM",3.85425136427408,0.917681607256691,0.021,0.768516933458888,0.094,-30931.9358257026,63943.1059903789,118,4.74,TRUE,"",0,4,88,820088,920088
"DGMM",NA,0.639635110745794,0.1,0.24800660480879,0.508,-33022.5370259836,68131.2161462199,15,1.83,TRUE,"",0,4,89,820089,920089
"RDMM",3.82513070413882,0.956440436355099,0.011,0.778848993734964,0.09,-30549.885162067,63179.0046631076,138,5.53,TRUE,"",0,4,89,820089,920089
"DGMM",NA,0.712053886232172,0.078,0.273585993570286,0.467,-32937.2953295098,67960.7327532722,22,2.62,TRUE,"",0,4,90,820090,920090
"RDMM",4.12134208005377,0.933089031928139,0.017,0.732534815108292,0.111,-30617.4204077668,63314.0751545072,106,4.32,TRUE,"",0,4,90,820090,920090
"DGMM",NA,0.842567362509849,0.041,0.332092673228662,0.464,-33608.1179027903,69302.3778998332,22,2.63,TRUE,"",0,4,91,820091,920091
"RDMM",3.96033102217464,0.921521478782696,0.02,0.748987942277346,0.104,-30814.8024419377,63708.8392228491,118,4.76000000000001,TRUE,"",0,4,91,820091,920091
"DGMM",NA,0.00342064962300372,0.467,0.000782437097166889,0.723,-32809.2824698368,67704.7070339261,28,3.36,TRUE,"",0,4,92,820092,920092
"RDMM",3.46326464009704,0.93696095801392,0.016,0.76220137299039,0.098,-31305.4212746593,64690.0768882922,170,6.98999999999999,TRUE,"",0,4,92,820092,920092
"DGMM",NA,0.448407966513321,0.165,0.195323969885959,0.519,-33402.1234497272,68890.3889937069,36,4.39,TRUE,"",0,4,93,820093,920093
"RDMM",3.72109191182973,0.913849822888152,0.022,0.735731354100989,0.11,-30901.8581342036,63882.9506073809,127,5.13,TRUE,"",0,4,93,820093,920093
"DGMM",NA,0.913849789736054,0.022,0.410369601825792,0.348,-32878.303223285,67842.7485408226,13,1.64,TRUE,"",0,4,94,820094,920094
"RDMM",3.95868134194817,0.952528520884391,0.012,0.741337049151439,0.107,-30327.7078332043,62734.6500053823,100,4.02,TRUE,"",0,4,94,820094,920094
"DGMM",NA,0.655756140701409,0.095,0.359786296326403,0.389,-35002.5204569212,72091.183008095,6,0.769999999999996,TRUE,"",0,4,95,820095,920095
"RDMM",3.88449657764425,0.913849811315375,0.022,0.741657497443737,0.107,-31475.4916095222,65030.2175580179,172,7,TRUE,"",0,4,95,820095,920095
"DGMM",NA,0.691918567246017,0.084,0.254734762249278,0.503,-34284.633519986,70655.4091342247,14,1.89999999999999,TRUE,"",0,4,96,820096,920096
"RDMM",3.50286138752683,0.894810732706909,0.027,0.759092054675378,0.098,-30539.772920583,63158.7801801397,105,4.36,TRUE,"",0,4,96,820096,920096
"DGMM",NA,0.49796897546312,0.147,0.211229223988826,0.499,-32965.940888505,68018.0238712627,30,3.69,TRUE,"",0,4,97,820097,920097
"RDMM",3.93457926763068,0.921521464620709,0.02,0.731416453712353,0.111,-30745.2307228877,63569.6957847491,217,8.61,TRUE,"",0,4,97,820097,920097
"DGMM",NA,0.838895274982854,0.042,0.296808669939862,0.445,-33742.6203129911,69571.3827202348,17,2.05999999999999,TRUE,"",0,4,98,820098,920098
"RDMM",3.99793323835429,0.921521468576403,0.02,0.746035334424488,0.104,-30636.9884609163,63353.2112608062,100,4.07000000000001,TRUE,"",0,4,98,820098,920098
"DGMM",NA,0.89860260418757,0.026,0.312360880668813,0.473,-33565.5281705219,69217.1984352965,14,1.67999999999999,TRUE,"",0,4,99,820099,920099
"RDMM",3.9381076484522,0.92536937188916,0.019,0.773446030696305,0.093,-30630.1911642749,63339.6166675235,215,8.74999999999999,TRUE,"",0,4,99,820099,920099
"DGMM",NA,0.864765079975096,0.035,0.38443271949101,0.398,-32613.6212975109,67313.3846892743,16,2.00999999999999,TRUE,"",0,4,100,820100,920100
"RDMM",4.36022435185416,0.936960899800715,0.016,0.793508900784857,0.083,-30364.2003010155,62807.6349410047,109,4.28,TRUE,"",0,4,100,820100,920100
"DGMM",NA,0.887251185877792,0.029,0.384746094924942,0.503,-33230.8692938878,68547.8806820281,25,3.06,TRUE,"",0,4,101,820101,920101
"RDMM",4.18728084761007,0.906210141349352,0.024,0.740927570788728,0.107,-30705.1125124092,63489.4593637921,101,4.10999999999999,TRUE,"",0,4,101,820101,920101
"DGMM",NA,0.902402340525157,0.025,0.319368921574137,0.462,-33261.7457480175,68609.6335902877,13,1.64000000000001,TRUE,"",0,4,102,820102,920102
"RDMM",3.99673749890913,0.96036034650572,0.01,0.803647092077616,0.079,-30762.8876493785,63605.0096377306,262,10.5,TRUE,"",0,4,102,820102,920102
"DGMM",NA,0.906210236247275,0.024,0.35857304905725,0.45,-33715.1531518748,69516.4483980021,13,1.67000000000002,TRUE,"",0,4,103,820103,920103
"RDMM",4.08616954256499,0.925369306374546,0.019,0.538028528782076,0.234,-30909.5044574099,63898.2432537935,144,5.81,TRUE,"",0,4,103,820103,920103
"DGMM",NA,0.809809916834503,0.05,0.283412675173239,0.477,-33309.990903217,68706.1239006865,12,1.47000000000003,TRUE,"",0,4,104,820104,920104
"RDMM",3.89493646029433,0.891026965705189,0.028,0.491504868134339,0.28,-30578.144415169,63235.5231693117,199,7.89999999999998,TRUE,"",0,4,104,820104,920104
"DGMM",NA,0.553109838520604,0.128,0.214588970964759,0.502,-33793.2517499527,69672.6455941581,15,1.88999999999999,TRUE,"",0,4,105,820105,920105
"RDMM",3.85955986086958,0.898602550386423,0.026,0.786129702256034,0.086,-30314.2805571799,62707.7954533334,300,11.84,TRUE,"",0,4,105,820105,920105
"DGMM",NA,0.887251238659554,0.029,0.392593129930992,0.48,-33098.3212646597,68282.7846235721,26,3.25,TRUE,"",0,4,106,820106,920106
"RDMM",4.17614614353941,0.936960934755938,0.016,0.750625684086696,0.103,-30708.5768235759,63496.3879861254,150,5.93000000000001,TRUE,"",0,4,106,820106,920106
"DGMM",NA,0.868492480633109,0.034,0.361789605149205,0.49,-32931.9278924708,67949.9978791942,15,1.83000000000001,TRUE,"",0,4,107,820107,920107
"RDMM",4.15197536819074,0.940840840983107,0.015,0.714926132952916,0.12,-30502.4392277744,63084.1127945225,223,9.07999999999998,TRUE,"",0,4,107,820107,920107
"DGMM",NA,0.883483382191183,0.03,0.328238287447834,0.428,-34485.9413063224,71058.0247068974,14,1.73000000000002,TRUE,"",0,4,108,820108,920108
"RDMM",3.81691458994807,0.91768165020608,0.021,0.712586580828054,0.12,-31350.6214457481,64780.4772304698,166,6.66,TRUE,"",0,4,108,820108,920108
"DGMM",NA,0.813418034801939,0.049,0.327506811078425,0.407,-33455.2660855335,68996.6742653196,12,1.5,TRUE,"",0,4,109,820109,920109
"RDMM",3.89701950272896,0.902402371224392,0.025,0.71102254265255,0.12,-30752.7386828518,63584.7117046771,192,7.62,TRUE,"",0,4,109,820109,920109
"DGMM",NA,0.378768064544729,0.192,0.158618868008069,0.565,-32777.9031217713,67641.9483377952,26,3.23000000000002,TRUE,"",0,4,110,820110,920110
"RDMM",4.12463040745854,0.906210229210232,0.024,0.738794204394235,0.107,-30733.1534858254,63545.5413106245,100,4.05000000000001,TRUE,"",0,4,110,820110,920110
"DGMM",NA,0.000993824583114164,0.479,0.00105489476945482,0.717,-32512.5338121172,67111.2097184871,30,3.63,TRUE,"",0,4,111,820111,920111
"RDMM",3.80434292370933,0.921521458517313,0.02,0.719751869224197,0.117,-31195.0159871098,64469.2663131932,111,4.47000000000003,TRUE,"",0,4,111,820111,920111
"DGMM",NA,0.875972283954804,0.032,0.330816876432083,0.455,-33145.6162413259,68377.3745769044,13,1.60999999999999,TRUE,"",0,4,112,820112,920112
"RDMM",3.93376477218655,0.944728721551223,0.014,0.719220591081939,0.117,-30509.4405728257,63098.115484625,116,4.69,TRUE,"",0,4,112,820112,920112
"DGMM",NA,0.317522401557452,0.218,0.223784813511619,0.568,-33154.5024674818,68395.1470292161,35,4.31000000000003,TRUE,"",0,4,113,820113,920113
"RDMM",4.02857166953604,0.936960931626979,0.016,0.808380957969495,0.077,-30744.9043343763,63569.0430077262,100,4.13,TRUE,"",0,4,113,820113,920113
"DGMM",NA,0.55906693914178,0.126,0.241775840835704,0.518,-33447.2662717159,68980.6746376845,13,1.52999999999997,TRUE,"",0,4,114,820114,920114
"RDMM",4.13019386705641,0.933089081616528,0.017,0.764660242579267,0.097,-30543.928322085,63167.0909831436,100,4.02000000000004,TRUE,"",0,4,114,820114,920114
"DGMM",NA,0.338105434062085,0.209,0.148828251048354,0.533,-32369.7469447744,66825.6359838014,30,3.63999999999999,TRUE,"",0,4,115,820115,920115
"RDMM",3.90170268504237,0.891027007397058,0.028,0.734379428173128,0.109,-30119.0087651814,62317.2518693365,207,8.27999999999997,TRUE,"",0,4,115,820115,920115
"DGMM",NA,0.85362964803649,0.038,0.332369836715076,0.49,-33664.1558194259,69414.4537331044,24,2.88999999999999,TRUE,"",0,4,116,820116,920116
"RDMM",3.8574611750737,0.925369383447172,0.019,0.733623857662176,0.11,-30985.5290197443,64050.2923784623,100,4.06,TRUE,"",0,4,116,820116,920116
"DGMM",NA,0.925369353008673,0.019,0.351456638411787,0.387,-32670.1576461608,67426.4573865742,14,1.69999999999999,TRUE,"",0,4,117,820117,920117
"RDMM",4.12247766356315,0.948624618887061,0.013,0.73413920205592,0.11,-30203.9937587783,62487.2218565303,100,4.05000000000001,TRUE,"",0,4,117,820117,920117
"DGMM",NA,0.774174116261433,0.06,0.37626793091694,0.52,-34128.5784321286,70343.2989585099,24,2.92000000000002,TRUE,"",0,4,118,820118,920118
"RDMM",3.87348462574155,0.906210208856932,0.024,0.746935465151761,0.103,-30936.7119318635,63952.6582027005,131,5.28000000000003,TRUE,"",0,4,118,820118,920118
"DGMM",NA,0.435034185834525,0.17,0.200895391819746,0.489,-33506.8504210867,69099.8429364259,21,2.59000000000003,TRUE,"",0,4,119,820119,920119
"RDMM",3.98518689297494,0.891027023609778,0.028,0.732524784746198,0.11,-30911.2631824123,63901.7607037982,151,6.13999999999999,TRUE,"",0,4,119,820119,920119
"DGMM",NA,0.883483250065409,0.03,0.342584252897832,0.484,-32708.3032178609,67502.7485299744,12,1.5,TRUE,"",0,4,120,820120,920120
"RDMM",4.49946963021637,0.921521477359704,0.02,0.735325273961061,0.109,-30528.12895164,63135.4922422536,165,6.71999999999997,TRUE,"",0,4,120,820120,920120
"DGMM",NA,0.849933919859614,0.039,0.313114775319789,0.456,-33946.3588865921,69978.8598674369,19,2.33999999999997,TRUE,"",0,4,121,820121,920121
"RDMM",3.71958784680895,0.940840787354327,0.015,0.793917011620871,0.083,-30937.240540992,63953.7154209577,114,4.59000000000003,TRUE,"",0,4,121,820121,920121
"DGMM",NA,0.921521498017627,0.02,0.457810323994029,0.49,-33847.6133288,69781.3687518527,25,3,TRUE,"",0,4,122,820122,920122
"RDMM",3.77700882532188,0.92536936236995,0.019,0.641920778945125,0.16,-30983.7557268915,64046.7457927567,119,4.51999999999998,TRUE,"",0,4,122,820122,920122
"DGMM",NA,0.340389636398916,0.208,0.154471931695034,0.512,-33271.0704473011,68628.2829888548,31,3.02999999999997,TRUE,"",0,4,123,820123,920123
"RDMM",3.94071427167823,0.913849854212945,0.022,0.769872601872842,0.093,-30547.7060633283,63174.6464656302,100,2.62,TRUE,"",0,4,123,820123,920123
"DGMM",NA,0.891027122688957,0.028,0.678837444613766,0.135,-33213.5910774391,68513.3242491308,15,1.16000000000003,TRUE,"",0,4,124,820124,920124
"RDMM",4.18418021001573,0.952528486855622,0.012,0.774199696783999,0.092,-30643.6262168562,63366.486772686,100,2.51999999999998,TRUE,"",0,4,124,820124,920124
"DGMM",NA,0.76713151240145,0.062,0.480839023872199,0.244,-33304.1736704782,68694.4894352091,13,0.960000000000036,TRUE,"",0,4,125,820125,920125
"RDMM",4.1230706054209,0.913849609410739,0.022,0.719817503668014,0.116,-30558.3427772476,63195.9198934688,114,2.82999999999998,TRUE,"",0,4,125,820125,920125
"DGMM",NA,0.879723865162532,0.031,0.37515639358628,0.412,-33287.1549378283,68660.4519699092,15,1.04,TRUE,"",0,4,126,820126,920126
"RDMM",4.07120504135296,0.944728685397834,0.014,0.741407579029329,0.107,-30715.2485482539,63509.7314354814,136,4.98,TRUE,"",0,4,126,820126,920126
"DGMM",NA,0.354589761445816,0.202,0.166720314603714,0.543,-33593.7359093995,69273.6139130517,26,3.1,TRUE,"",0,4,127,820127,920127
"RDMM",3.82821477717856,0.891027027593074,0.028,0.762502335738134,0.096,-31072.8440480957,64224.922435165,100,4.24,TRUE,"",0,4,127,820127,920127
"DGMM",NA,0.495028361064504,0.148,0.224729328074932,0.514,-32260.0255169382,66606.193128129,23,2.77,TRUE,"",0,4,128,820128,920128
"RDMM",4.22566145159177,0.940840019377709,0.015,0.770718558437656,0.094,-30126.8208765459,62332.8760920655,100,4.06,TRUE,"",0,4,128,820128,920128
"DGMM",NA,0.718828992301319,0.076,0.307867521782774,0.486,-33072.3316141528,68230.8053225582,15,1.82,TRUE,"",0,4,129,820129,920129
"RDMM",4.19992233954612,0.948624575793517,0.013,0.761425732015366,0.098,-30683.9655596068,63447.1654581872,149,6.07,TRUE,"",0,4,129,820129,920129
"DGMM",NA,0.403854206543793,0.182,0.173354705192847,0.563,-32706.7503375428,67499.6427693383,16,1.91,TRUE,"",0,4,130,820130,920130
"RDMM",3.97337490580619,0.929225201169193,0.018,0.762740715440704,0.097,-30548.079727137,63175.3937932477,100,4.26,TRUE,"",0,4,130,820130,920130
"DGMM",NA,0.749707520449761,0.067,0.298147947126259,0.513,-33731.739784456,69549.6216631646,22,2.66,TRUE,"",0,4,131,820131,920131
"RDMM",3.86286130325781,0.898602547382296,0.026,0.738097131332761,0.107,-30774.6023220579,63628.4389830894,162,6.5,TRUE,"",0,4,131,820131,920131
"DGMM",NA,0.902402345838849,0.025,0.393150138534917,0.48,-33909.878395228,69905.8988847086,16,1.93,TRUE,"",0,4,132,820132,920132
"RDMM",3.93239875899392,0.933089025491814,0.017,0.754792372310688,0.1,-31033.830044386,64146.8944277456,140,5.68,TRUE,"",0,4,132,820132,920132
"DGMM",NA,0.81341741887119,0.049,0.322176625489579,0.48,-33608.1255413131,69302.3931768789,15,1.81,TRUE,"",0,4,133,820133,920133
"RDMM",3.82527274520269,0.913849862267888,0.022,0.72706793530097,0.114,-30459.5500529981,62998.3344449698,116,4.75,TRUE,"",0,4,133,820133,920133
"DGMM",NA,0.774168005931083,0.06,0.328927708864555,0.523,-32547.5090358912,67181.160166035,15,1.81,TRUE,"",0,4,134,820134,920134
"RDMM",4.5225933969532,0.940840754576077,0.015,0.792807113539793,0.083,-30061.7377753261,62202.7098896258,100,3.98,TRUE,"",0,4,134,820134,920134
"DGMM",NA,0.470114108773197,0.157,0.205304261941281,0.511,-33370.7912996633,68827.7246935791,29,3.56,TRUE,"",0,4,135,820135,920135
"RDMM",4.035990121043,0.883483407401727,0.03,0.745873007920754,0.103,-30939.6439686375,63958.5222762486,135,5.61,TRUE,"",0,4,135,820135,920135
"DGMM",NA,0.846246315019369,0.04,0.347662196022024,0.453,-33753.7831803813,69593.7084550151,11,1.44000000000001,TRUE,"",0,4,136,820136,920136
"RDMM",3.8639287325277,0.92536931929657,0.019,0.719856260039034,0.116,-30597.886069383,63275.0064777397,282,11.19,TRUE,"",0,4,136,820136,920136
"DGMM",NA,0.67866048628482,0.088,0.289983337586498,0.435,-33133.4207734655,68352.9836411835,13,1.62,TRUE,"",0,4,137,820137,920137
"RDMM",4.50750921466608,0.898602567162711,0.026,0.742206767460952,0.105,-30527.7028934586,63134.6401258909,164,6.58999999999999,TRUE,"",0,4,137,820137,920137
"DGMM",NA,0.925369399700172,0.019,0.373840354860676,0.453,-32949.4364194585,67985.0149331696,24,3.02,TRUE,"",0,4,138,820138,920138
"RDMM",3.93939327116055,0.948624625459808,0.013,0.745005948258621,0.105,-30271.9703479881,62623.1750349499,100,4.28,TRUE,"",0,4,138,820138,920138
"DGMM",NA,0.861045008775323,0.036,0.359732985489268,0.412,-33053.9609442528,68194.0639827582,16,2.15000000000001,TRUE,"",0,4,139,820139,920139
"RDMM",4.15346094015025,0.913849847052994,0.022,0.74642593888991,0.105,-30677.8390485728,63434.9124361192,100,4.06,TRUE,"",0,4,139,820139,920139
"DGMM",NA,0.253446711624496,0.248,0.101962403060285,0.607,-32879.0430868244,67844.2282679014,34,4.06,TRUE,"",0,4,140,820140,920140
"RDMM",3.98255015928842,0.929225165491892,0.018,0.708904412909754,0.122,-30643.6381348819,63366.5106087373,104,4.22,TRUE,"",0,4,140,820140,920140
"DGMM",NA,0.000615174450419728,0.481,-0.000611294937834102,0.732,-32437.5083191669,66961.1587325864,27,3.30000000000001,TRUE,"",0,4,141,820141,920141
"RDMM",3.89055913137023,0.944728714639549,0.014,0.757169493284209,0.099,-31185.7428364251,64450.7200118238,178,7.08,TRUE,"",0,4,141,820141,920141
"DGMM",NA,0.891027066335861,0.028,0.334661063740175,0.478,-33490.3666244737,69066.8753432,12,1.49999999999999,TRUE,"",0,4,142,820142,920142
"RDMM",3.65434828953248,0.94862459979149,0.013,0.823914079836608,0.07,-30530.6098227701,63140.4539845138,141,5.84,TRUE,"",0,4,142,820142,920142
"DGMM",NA,0.440382580687027,0.168,0.222970018013545,0.494,-32985.3671099347,68056.8763141219,27,3.25,TRUE,"",0,4,143,820143,920143
"RDMM",3.91272174640421,0.925369326097381,0.019,0.770380987460854,0.093,-30473.7652462657,63026.7648315051,100,4.06,TRUE,"",0,4,143,820143,920143
"DGMM",NA,-0.00124153501478274,0.492,0.00069604141996971,0.718,-32126.4799255631,66339.1019453788,28,3.31,TRUE,"",0,4,144,820144,920144
"RDMM",3.91887433177387,0.933088764175963,0.017,0.726370882487801,0.113,-30838.2500004372,63755.7343398481,154,6.26000000000002,TRUE,"",0,4,144,820144,920144
"DGMM",NA,0.284580515638668,0.233,0.121910831171462,0.56,-33109.2848166241,68304.7117275008,32,3.89000000000001,TRUE,"",0,4,145,820145,920145
"RDMM",3.91456127535544,0.964288261359804,0.009,0.763111987627401,0.097,-30646.356152635,63371.9466442435,162,6.5,TRUE,"",0,4,145,820145,920145
"DGMM",NA,0.94084078557884,0.015,0.395444734786301,0.406,-32880.148412665,67846.4389195825,13,1.64000000000001,TRUE,"",0,4,146,820146,920146
"RDMM",4.03926507863227,0.976120100948839,0.006,0.79466798847408,0.083,-30217.6298199446,62514.4939788628,300,11.95,TRUE,"",0,4,146,820146,920146
"DGMM",NA,0.87597196078709,0.032,0.301909786258102,0.476,-33729.5768424852,69545.295779223,17,2.06999999999999,TRUE,"",0,4,147,820147,920147
"RDMM",3.71697992713886,0.921521515199213,0.02,0.765181984507557,0.096,-30662.2164198071,63403.6671785879,100,4,TRUE,"",0,4,147,820147,920147
"DGMM",NA,0.87972397565233,0.031,0.356711373600435,0.478,-33262.2247258674,68610.5915459873,14,1.78,TRUE,"",0,4,148,820148,920148
"RDMM",3.99981323033527,0.917681619609396,0.021,0.718063029351975,0.117,-30458.449072158,62996.1324832897,222,8.91999999999999,TRUE,"",0,4,148,820148,920148
"DGMM",NA,0.601722765731652,0.112,0.249482679402203,0.473,-33289.6427393235,68665.4275728997,13,1.72999999999999,TRUE,"",0,4,149,820149,920149
"RDMM",3.81995522230363,0.925369129773108,0.019,0.760551639674527,0.098,-30662.6206054779,63404.4755499294,164,6.63,TRUE,"",0,4,149,820149,920149
"DGMM",NA,0.872228119074791,0.033,0.325415757344716,0.495,-33554.0085081286,69194.1591105098,15,1.84999999999999,TRUE,"",0,4,150,820150,920150
"RDMM",4.07662063151996,0.921521458517313,0.02,0.786406835561716,0.086,-30961.911339479,64003.0570179316,121,4.81,TRUE,"",0,4,150,820150,920150
"DGMM",NA,0.921521496715419,0.02,0.386278878434004,0.429,-32812.0413271947,67710.2247486419,14,1.88,TRUE,"",0,4,151,820151,920151
"RDMM",4.38117250468477,0.936960949605353,0.016,0.771437196377635,0.093,-30266.8627930562,62612.9599250861,279,11.15,TRUE,"",0,4,151,820151,920151
"DGMM",NA,0.67536789604836,0.089,0.332326780154103,0.375,-33095.4561715576,68277.0544373679,15,1.83000000000001,TRUE,"",0,4,152,820152,920152
"RDMM",4.28925531745982,0.94472868580456,0.014,0.745068941419237,0.105,-30641.2223705985,63361.6790801706,100,4,TRUE,"",0,4,152,820152,920152
"DGMM",NA,0.432191331820899,0.171,0.203689027942072,0.56,-33462.9773437458,69012.0967817442,16,2.03,TRUE,"",0,4,153,820153,920153
"RDMM",3.88756326784558,0.910021747571983,0.023,0.759104766356836,0.099,-30850.8598993517,63780.954137677,100,4.07999999999998,TRUE,"",0,4,153,820153,920153
"DGMM",NA,0.883483592761287,0.03,0.373681568141133,0.482,-33244.5475711925,68575.2372366377,18,2.26999999999998,TRUE,"",0,4,154,820154,920154
"RDMM",3.87399251927287,0.948624573352206,0.013,0.762400759672546,0.098,-30613.3896360078,63306.0136109893,209,8.34,TRUE,"",0,4,154,820154,920154
"DGMM",NA,0.857333308507638,0.037,0.315079348776137,0.486,-33683.8167514545,69453.7755971616,19,2.31999999999999,TRUE,"",0,4,155,820155,920155
"RDMM",3.81766705121404,0.944728729015829,0.014,0.783478557156232,0.088,-30473.1531445874,63025.5406281483,115,4.68000000000001,TRUE,"",0,4,155,820155,920155
"DGMM",NA,0.478390565272328,0.154,0.206529504937672,0.517,-32817.9816437249,67722.1053817024,22,2.63,TRUE,"",0,4,156,820156,920156
"RDMM",4.28922322707262,0.933089022312268,0.017,0.74451207534595,0.105,-30672.5266850699,63424.2877091135,114,4.76999999999998,TRUE,"",0,4,156,820156,920156
"DGMM",NA,0.419272190465497,0.176,0.169721842081369,0.561,-33146.901461987,68379.9450182266,28,3.36000000000001,TRUE,"",0,4,157,820157,920157
"RDMM",3.83998606669697,0.921521375447627,0.02,0.743909594629032,0.105,-30484.3836555346,63048.0016500427,129,5.19,TRUE,"",0,4,157,820157,920157
"DGMM",NA,0.464587577542105,0.159,0.194061239345884,0.532,-33714.5135076948,69515.1691096423,26,3.15999999999997,TRUE,"",0,4,158,820158,920158
"RDMM",3.70189086447042,0.913849848606803,0.022,0.726318064375096,0.113,-30929.4546991169,63938.1437372075,146,5.90000000000003,TRUE,"",0,4,158,820158,920158
"DGMM",NA,0.906210198030705,0.024,0.362901098397939,0.423,-32873.6763367263,67833.4947677053,14,1.73999999999995,TRUE,"",0,4,159,820159,920159
"RDMM",4.28288142365893,0.929225216034441,0.018,0.613902650924956,0.2,-30287.602891346,62654.4401216657,100,4,TRUE,"",0,4,159,820159,920159
"DGMM",NA,0.913849825933619,0.022,0.415978596254947,0.488,-33646.3254115761,69378.7929174049,25,3.07999999999998,TRUE,"",0,4,160,820160,920160
"RDMM",4.03870897167945,0.929225163095476,0.018,0.704016953233688,0.124,-30602.13687504,63283.5080890536,105,4.19999999999999,TRUE,"",0,4,160,820160,920160
"DGMM",NA,0.00264715294667599,0.471,0.20882789105988,0.55,-32300.296787737,66686.7356697266,26,3.19999999999999,TRUE,"",0,4,161,820161,920161
"RDMM",3.65133645992793,0.910025995292812,0.023,0.580888239666482,0.206,-31017.2943287064,64113.8229963863,100,4.06999999999999,TRUE,"",0,4,161,820161,920161
"DGMM",NA,0.475579410673165,0.155,0.192663638031732,0.557,-33605.8482178769,69297.8385300063,24,2.93000000000001,TRUE,"",0,4,162,820162,920162
"RDMM",4.06242282518973,0.92922522451606,0.018,0.744467269821039,0.105,-30997.3990641833,64074.0324673403,214,8.75,TRUE,"",0,4,162,820162,920162
"DGMM",NA,0.586362034248472,0.117,0.238315611431027,0.524,-33119.3801280728,68324.9023503982,24,2.89000000000004,TRUE,"",0,4,163,820163,920163
"RDMM",4.08883322515082,0.917681600842785,0.021,0.750776735064058,0.102,-30770.6276006631,63620.4895402998,289,11.72,TRUE,"",0,4,163,820163,920163
"DGMM",NA,0.520814074813369,0.139,0.317544977248539,0.365,-33609.6784745094,69305.4990432713,6,0.860000000000014,TRUE,"",0,4,164,820164,920164
"RDMM",4.20192522668563,0.968224211015188,0.008,0.795821476769209,0.083,-30518.0253561434,63115.2850512603,164,6.40000000000003,TRUE,"",0,4,164,820164,920164
"DGMM",NA,0.411358315683147,0.179,0.178005608602161,0.546,-33332.3698067478,68750.8817077481,45,4.32999999999998,TRUE,"",0,4,165,820165,920165
"RDMM",3.88942620031617,0.936960674857207,0.016,0.798277261948682,0.081,-30633.946438297,63347.1272155677,130,3.31999999999999,TRUE,"",0,4,165,820165,920165
"DGMM",NA,0.154693247064689,0.303,0.067450926648841,0.633,-33573.3990805701,69232.9402553929,38,2.85000000000002,TRUE,"",0,4,166,820166,920166
"RDMM",4.07550134929436,0.936960904339529,0.016,0.747433441474521,0.104,-30836.9945665533,63753.2234720802,100,2.44999999999999,TRUE,"",0,4,166,820166,920166
"DGMM",NA,0.898602521198594,0.026,0.3500339978173,0.434,-33535.3567432843,69156.8555808212,18,1.36000000000001,TRUE,"",0,4,167,820167,920167
"RDMM",3.93356986909924,0.933089037437632,0.017,0.788938455685158,0.085,-30805.17492732,63689.5841936137,128,2.96999999999997,TRUE,"",0,4,167,820167,920167
"DGMM",NA,0.774176675787242,0.06,0.283839000789419,0.489,-33500.669444027,69087.4809823065,24,1.44,TRUE,"",0,4,168,820168,920168
"RDMM",3.95325934868421,0.940840782744888,0.015,0.771616465651468,0.093,-30589.1413134254,63257.5169658245,111,4.51,TRUE,"",0,4,168,820168,920168
"DGMM",NA,0.57110863168289,0.122,0.232964573812513,0.515,-34520.7131407926,71127.5683758378,10,1.25,TRUE,"",0,4,169,820169,920169
"RDMM",3.70641067639962,0.940840836692353,0.015,0.776069067492917,0.091,-30941.4770473832,63962.1884337401,100,4.19,TRUE,"",0,4,169,820169,920169
"DGMM",NA,0.887251190244942,0.029,0.361883005276526,0.421,-33876.0728452142,69838.2877846811,17,2.15,TRUE,"",0,4,170,820170,920170
"RDMM",3.92681850073949,0.933089085066393,0.017,0.768841515106848,0.094,-30784.1762193036,63647.5867775809,117,4.61,TRUE,"",0,4,170,820170,920170
"DGMM",NA,0.952528532162613,0.012,0.715938552046221,0.119,-33600.0121946409,69286.1664835344,25,3.07,TRUE,"",0,4,171,820171,920171
"RDMM",3.94624421091618,0.960360362123886,0.01,0.754744586495876,0.101,-30919.6000956464,63918.4345302665,100,4.01,TRUE,"",0,4,171,820171,920171
"DGMM",NA,0.857333537112301,0.037,0.550420825913712,0.206,-33170.1867726983,68426.5156396491,21,2.54,TRUE,"",0,4,172,820172,920172
"RDMM",4.07402653600375,0.940840807222329,0.015,0.766465933702589,0.095,-30585.7923536098,63250.8190461933,105,4.21,TRUE,"",0,4,172,820172,920172
"DGMM",NA,0.894810879740603,0.027,0.363424601736312,0.503,-32756.7441622011,67599.6304186549,16,1.99,TRUE,"",0,4,173,820173,920173
"RDMM",4.31161770280921,0.952528493674774,0.012,0.767425035861073,0.095,-30188.8623518834,62456.9590427405,143,5.79,TRUE,"",0,4,173,820173,920173
"DGMM",NA,0.925369296079998,0.019,0.357629545615195,0.441,-33564.8597447015,69215.8615836556,18,2.2,TRUE,"",0,4,174,820174,920174
"RDMM",3.99232997958181,0.933089023380699,0.017,0.766038049980786,0.095,-30876.1598191897,63831.5539773531,117,4.71,TRUE,"",0,4,174,820174,920174
"DGMM",NA,0.925369310208081,0.019,0.371562410557652,0.473,-32954.5393127576,67995.2207197678,17,2.08000000000001,TRUE,"",0,4,175,820175,920175
"RDMM",4.10291855307451,0.948624579035419,0.013,0.757984130558941,0.099,-30251.6221264767,62582.478591927,119,4.83,TRUE,"",0,4,175,820175,920175
"DGMM",NA,0.335505662458895,0.21,0.161531516365453,0.581,-34237.2021504698,70560.5463951921,25,3,TRUE,"",0,4,176,820176,920176
"RDMM",3.84609484552691,0.906209578373906,0.024,0.731453796377217,0.111,-31224.4710517796,64528.1764425328,100,4.03,TRUE,"",0,4,176,820176,920176
"DGMM",NA,-0.000606603912597007,0.479,0.000550096995599801,0.717,-32290.8055830184,66667.7532602894,26,3.11000000000001,TRUE,"",0,4,177,820177,920177
"RDMM",3.91367918397418,0.925368996842884,0.019,0.784334416863548,0.087,-30921.103527602,63921.4413941777,175,7.06,TRUE,"",0,4,177,820177,920177
"DGMM",NA,0.464587548288602,0.159,0.227179968478987,0.462,-32852.0803669684,67790.3028281894,26,3.33,TRUE,"",0,4,178,820178,920178
"RDMM",4.22069439737311,0.906210211166527,0.024,0.768343633498899,0.094,-30447.896156754,62975.0266524816,100,3.97,TRUE,"",0,4,178,820178,920178
"DGMM",NA,0.91384902593798,0.022,0.412804538773362,0.418,-32946.5464947141,67979.2350836808,18,2.23,TRUE,"",0,4,179,820179,920179
"RDMM",4.03866917415199,0.944728104969071,0.014,0.770262588132001,0.093,-30377.0076678452,62833.2496746641,162,6.47,TRUE,"",0,4,179,820179,920179
"DGMM",NA,0.936960932763956,0.016,0.391377674482331,0.432,-33728.5039339492,69543.1499621509,21,2.56,TRUE,"",0,4,180,820180,920180
"RDMM",3.89684358029542,0.956440429919113,0.011,0.799130003738048,0.081,-30804.3578659438,63687.9500708612,109,4.34,TRUE,"",0,4,180,820180,920180
"DGMM",NA,0.906209493531166,0.024,0.336559464712402,0.425,-33008.9118120655,68103.9657183836,13,1.65000000000001,TRUE,"",0,4,181,820181,920181
"RDMM",3.97698726302283,0.948624493045803,0.013,0.784964124405661,0.088,-30505.738657351,63090.7116536756,100,4.29000000000001,TRUE,"",0,4,181,820181,920181
"DGMM",NA,0.894810727425102,0.027,0.318375202825544,0.485,-33371.4482569153,68829.0386080832,28,3.59,TRUE,"",0,4,182,820182,920182
"RDMM",3.72086342701603,0.944728674232807,0.014,0.765723524471988,0.096,-30483.2255805032,63045.68549998,149,5.94,TRUE,"",0,4,182,820182,920182
"DGMM",NA,0.846246265569281,0.04,0.512868306775948,0.232,-33795.6641798401,69677.4704539329,15,1.82000000000001,TRUE,"",0,4,183,820183,920183
"RDMM",3.90699798199951,0.9292252234994,0.018,0.772975248259342,0.092,-30885.2110794176,63849.6564978089,109,4.45,TRUE,"",0,4,183,820183,920183
"DGMM",NA,0.849934540416716,0.039,0.324821638275479,0.508,-33288.902948332,68663.9479909167,29,3.42,TRUE,"",0,4,184,820184,920184
"RDMM",3.83241540534794,0.91768163397337,0.021,0.715871837494055,0.118,-30700.910766769,63481.0558725116,160,6.39999999999999,TRUE,"",0,4,184,820184,920184
"DGMM",NA,0.77417518753372,0.06,0.292160238386494,0.456,-33595.9662890854,69278.0746724234,11,1.38000000000001,TRUE,"",0,4,185,820185,920185
"RDMM",3.92952357745189,0.910026020616774,0.023,0.568058978542114,0.225,-30784.6286147473,63648.4915684682,100,4.09,TRUE,"",0,4,185,820185,920185
"DGMM",NA,0.456478867171712,0.162,0.191055808751994,0.526,-32634.4407647492,67355.023623751,20,2.55000000000001,TRUE,"",0,4,186,820186,920186
"RDMM",4.11349837288497,0.898602586274994,0.026,0.6363944065105,0.158,-30445.3220417057,62969.878422385,139,5.56999999999999,TRUE,"",0,4,186,820186,920186
"DGMM",NA,0.688588484613443,0.085,0.272959494366588,0.487,-33125.6802393722,68337.5025729969,12,1.47,TRUE,"",0,4,187,820187,920187
"RDMM",3.95978444541912,0.92152152292564,0.02,0.747153362303874,0.104,-30487.0512064949,63053.3367519633,100,4.03,TRUE,"",0,4,187,820187,920187
"DGMM",NA,0.89860252908443,0.026,0.30513000370917,0.471,-33415.5628052793,68917.2677048111,12,1.50999999999999,TRUE,"",0,4,188,820188,920188
"RDMM",3.93227191226041,0.913849774956202,0.022,0.759568855098864,0.098,-30786.2441096606,63651.7225582948,300,12.05,TRUE,"",0,4,188,820188,920188
"DGMM",NA,0.906210247763665,0.024,0.392160909852921,0.409,-33208.320316886,68502.7827280247,23,2.94999999999999,TRUE,"",0,4,189,820189,920189
"RDMM",4.03356454434278,0.936960948508803,0.016,0.783561605334825,0.088,-30813.4116742649,63706.0576875034,170,6.80000000000001,TRUE,"",0,4,189,820189,920189
"DGMM",NA,0.312971203252404,0.22,0.121958326532578,0.579,-32886.9168042006,67859.9757026537,24,2.88,TRUE,"",0,4,190,820190,920190
"RDMM",4.0918345990719,0.925369359096375,0.019,0.779910674641064,0.088,-30619.2435086867,63317.7213563469,103,4.15000000000001,TRUE,"",0,4,190,820190,920190
"DGMM",NA,0.335757683280911,0.21,0.145380876388694,0.551,-33251.1119287733,68588.3659517991,40,4.78,TRUE,"",0,4,191,820191,920191
"RDMM",3.83659630309068,0.94084083423399,0.015,0.763628808409152,0.097,-30861.4361759452,63802.106690864,146,5.81,TRUE,"",0,4,191,820191,920191
"DGMM",NA,0.509308745340592,0.143,0.235818099028501,0.478,-34339.9426194977,70766.027333248,9,1.13,TRUE,"",0,4,192,820192,920192
"RDMM",3.82435451922625,0.917681640197229,0.021,0.541489993503959,0.272,-31284.3146633716,64647.8636657167,139,5.75,TRUE,"",0,4,192,820192,920192
"DGMM",NA,0.611149181216832,0.109,0.228717324487618,0.505,-33907.0148045573,69900.1717033672,13,1.69,TRUE,"",0,4,193,820193,920193
"RDMM",4.09488754483447,0.925369319626799,0.019,0.717700592302024,0.117,-30803.2386868717,63685.711712717,172,6.84999999999999,TRUE,"",0,4,193,820193,920193
"DGMM",NA,-0.00078620448614572,0.494,-0.000928270671471093,0.74,-31812.6689823293,65711.4800589112,24,2.89000000000001,TRUE,"",0,4,194,820194,920194
"RDMM",3.81844567577049,0.940840830546444,0.015,0.74212668167272,0.106,-30627.942062906,63335.1184647857,116,4.84999999999999,TRUE,"",0,4,194,820194,920194
"DGMM",NA,-0.00110178843315633,0.498,-0.000320706945091219,0.727,-31688.5427187793,65463.2275318112,30,3.59,TRUE,"",0,4,195,820195,920195
"RDMM",4.01840049054402,0.898602624977465,0.026,0.760256953966944,0.098,-30538.9083033083,63157.0509455902,112,4.47,TRUE,"",0,4,195,820195,920195
"DGMM",NA,0.42983172846929,0.172,0.175712120715834,0.531,-32886.954234059,67860.0505623707,34,4.05000000000001,TRUE,"",0,4,196,820196,920196
"RDMM",4.03357125989731,0.929225159909332,0.018,0.754927298297847,0.101,-30400.9088875399,62881.0521140535,197,7.86000000000001,TRUE,"",0,4,196,820196,920196
"DGMM",NA,-0.00118056527925086,0.494,-0.000540306695784735,0.726,-32282.0442790734,66650.2306523994,24,3.02000000000001,TRUE,"",0,4,197,820197,920197
"RDMM",3.92345219275499,0.93308899495787,0.017,0.748845436365115,0.103,-31046.9248433946,64173.0840257628,109,4.35999999999999,TRUE,"",0,4,197,820197,920197
"DGMM",NA,0.386353677427733,0.189,0.23812858182281,0.447,-33504.3192027788,69094.7804998101,33,4.03,TRUE,"",0,4,198,820198,920198
"RDMM",3.90446686393091,0.936960910351866,0.016,0.764651622303979,0.096,-30886.3429186189,63851.9201762114,121,4.84,TRUE,"",0,4,198,820198,920198
"DGMM",NA,-0.000705449127415741,0.498,-0.000722724016767115,0.739,-31710.3609580476,65506.8640103477,27,3.27000000000001,TRUE,"",0,4,199,820199,920199
"RDMM",4.10869795213987,0.9603603209584,0.01,0.747017648496354,0.105,-30448.1819550742,62975.598249122,102,4.12,TRUE,"",0,4,199,820199,920199
"DGMM",NA,0.868489852465032,0.034,0.293307447974195,0.477,-33829.5900539131,69745.3222020789,15,2,TRUE,"",0,4,200,820200,920200
"RDMM",4.05102335144185,0.921519946057564,0.02,0.757000564920085,0.1,-31034.5397016604,64148.3137422944,122,4.91999999999999,TRUE,"",0,4,200,820200,920200
"DGMM",NA,0.386286408830739,0.189,0.166720435240861,0.538,-33099.0161141943,68284.1743226413,34,4.03000000000003,TRUE,"",0,4,201,820201,920201
"RDMM",4.08068186523069,0.940840842838261,0.015,0.786162822329507,0.086,-30636.7674466542,63352.7692322819,147,5.90000000000003,TRUE,"",0,4,201,820201,920201
"DGMM",NA,0.90240234390489,0.025,0.39624610580517,0.412,-32797.580306841,67681.3027079345,13,1.60999999999996,TRUE,"",0,4,202,820202,920202
"RDMM",4.55361166555291,0.925369313955468,0.019,0.752952425565121,0.101,-30548.0200039623,63175.2743468983,216,8.63,TRUE,"",0,4,202,820202,920202
"DGMM",NA,0.868492479789775,0.034,0.298764831026018,0.481,-32842.0933544099,67770.3288030724,18,2.19,TRUE,"",0,4,203,820203,920203
"RDMM",3.99679846520676,0.913849774956202,0.022,0.735035985927239,0.109,-30479.85811,63038.9505589736,191,7.67000000000002,TRUE,"",0,4,203,820203,920203
"DGMM",NA,0.315259242480532,0.219,0.125648208781757,0.591,-33649.7628643236,69385.6678228997,33,3.98000000000002,TRUE,"",0,4,204,820204,920204
"RDMM",3.7018548214547,0.902402361103974,0.025,0.734085891725764,0.109,-30909.7207086843,63898.6757563422,100,4.02999999999997,TRUE,"",0,4,204,820204,920204
"DGMM",NA,0.376254631224562,0.193,0.176860044575935,0.561,-33452.7427616655,68991.6276175837,30,3.60999999999996,TRUE,"",0,4,205,820205,920205
"RDMM",3.85767086417421,0.913849535656141,0.022,0.734045523424521,0.11,-30724.3593959364,63527.9531308465,197,7.93000000000001,TRUE,"",0,4,205,820205,920205
"DGMM",NA,0.00030255669791878,0.484,-0.000456310977896269,0.731,-32373.8307095522,66833.803513357,32,3.88999999999999,TRUE,"",0,4,206,820206,920206
"RDMM",3.84610222914542,0.921521482406232,0.02,0.728293772265742,0.112,-31112.6435047871,64304.5213485478,132,5.5,TRUE,"",0,4,206,820206,920206
"DGMM",NA,0.933089096870591,0.017,0.396092666630113,0.461,-32341.030790535,66768.2036753225,15,1.79999999999995,TRUE,"",0,4,207,820207,920207
"RDMM",4.52699053035352,0.948624612215473,0.013,0.767033328732924,0.095,-29921.1693965581,61921.5731320898,100,3.98999999999995,TRUE,"",0,4,207,820207,920207
"DGMM",NA,0.898602570552106,0.026,0.410560237504246,0.384,-32844.8171495376,67775.7763933278,18,2.17000000000002,TRUE,"",0,4,208,820208,920208
"RDMM",4.14413640230324,0.93308911080735,0.017,0.758561649391277,0.098,-30641.0827330331,63361.3998050398,115,4.09000000000003,TRUE,"",0,4,208,820208,920208
"DGMM",NA,0.577196209896948,0.12,0.2460069637681,0.455,-33913.2292881053,69912.6006704633,18,1.13,TRUE,"",0,4,209,820209,920209
"RDMM",4.04906035406872,0.925369310208081,0.019,0.763223081069927,0.096,-31089.1774997945,64257.5893385626,206,7.49,TRUE,"",0,4,209,820209,920209
"DGMM",NA,0.864764915989417,0.035,0.357749025100436,0.505,-33028.6786513093,68143.4993968712,21,2.72,TRUE,"",0,4,210,820210,920210
"RDMM",4.53094770707427,0.917681561646672,0.021,0.71457007798151,0.119,-30684.9530090038,63449.1403569812,212,8.5,TRUE,"",0,4,210,820210,920210
"DGMM",NA,0.809810492338667,0.05,0.316923006487239,0.456,-33512.9314426995,69112.0049796516,12,1.48,TRUE,"",0,4,211,820211,920211
"RDMM",4.26792812233586,0.940839579891931,0.015,0.752977258518303,0.101,-31005.017766048,64089.2698710696,198,7.87,TRUE,"",0,4,211,820211,920211
"DGMM",NA,0.902402205485847,0.025,0.307705929806399,0.479,-32989.5582862426,68065.2586667378,23,2.87,TRUE,"",0,4,212,820212,920212
"RDMM",4.05861588104193,0.956440127559705,0.011,0.792600809499618,0.084,-30311.6564988122,62702.5473365981,260,10.42,TRUE,"",0,4,212,820212,920212
"DGMM",NA,-0.00115228451242702,0.489,-0.00161763297123119,0.735,-32334.7156831114,66755.5734604754,39,4.62,TRUE,"",0,4,213,820213,920213
"RDMM",3.73349022771827,0.917681586858883,0.021,0.74148572087754,0.106,-31076.2074917744,64231.6493225223,115,4.67,TRUE,"",0,4,213,820213,920213
"DGMM",NA,0.813417591708395,0.049,0.324203923407916,0.432,-33929.9728430929,69946.0877804383,22,2.75,TRUE,"",0,4,214,820214,920214
"RDMM",4.0094322745545,0.936960898299904,0.016,0.754034701724745,0.101,-30728.6928818032,63536.62010258,117,4.69,TRUE,"",0,4,214,820214,920214
"DGMM",NA,-0.000578272695613036,0.496,-0.000862380373618859,0.74,-32176.3970098438,66438.9361139402,21,2.54,TRUE,"",0,4,215,820215,920215
"RDMM",3.79024481297561,0.883483382191183,0.03,0.719042950587121,0.115,-30943.8842492137,63967.0028374011,125,4.97000000000001,TRUE,"",0,4,215,820215,920215
"DGMM",NA,0.577164460601729,0.12,0.287913104529588,0.407,-34515.3942523011,71116.9305988549,10,1.26000000000001,TRUE,"",0,4,216,820216,920216
"RDMM",3.58252239078969,0.902401549091591,0.025,0.732721729562529,0.11,-31152.6939029732,64384.62214492,153,6.27999999999999,TRUE,"",0,4,216,820216,920216
"DGMM",NA,-0.000717211344770968,0.5,0.000661936604858878,0.724,-31943.7492948362,65973.640683925,28,3.39,TRUE,"",0,4,217,820217,920217
"RDMM",3.95254488278715,0.936960910379154,0.016,0.762846090643407,0.097,-30612.7595093779,63304.7533577295,121,4.88,TRUE,"",0,4,217,820217,920217
"DGMM",NA,0.725633310318314,0.074,0.290053728129106,0.461,-33411.4603086975,68909.0627116476,12,1.53,TRUE,"",0,4,218,820218,920218
"RDMM",4.03432142569242,0.906210125968568,0.024,0.6965693234675,0.128,-30780.9755824875,63641.1855039487,100,4.05,TRUE,"",0,4,218,820218,920218
"DGMM",NA,0.872228347582707,0.033,0.383280775326182,0.416,-33412.4029890732,68910.9480723991,18,2.26000000000001,TRUE,"",0,4,219,820219,920219
"RDMM",3.96707422980964,0.936960925487305,0.016,0.715686702579864,0.119,-30618.1730396858,63315.5804183452,150,6.05,TRUE,"",0,4,219,820219,920219
"DGMM",NA,0.827928057679008,0.045,0.350367296417268,0.465,-33271.9503119622,68630.0427181769,23,2.88,TRUE,"",0,4,220,820220,920220
"RDMM",3.83964505008172,0.898602600320249,0.026,0.727356037338394,0.112,-30718.8159392754,63516.8662175244,176,7.31,TRUE,"",0,4,220,820220,920220
"DGMM",NA,0.31980132712664,0.217,0.133235404452179,0.549,-32442.8777471909,66971.8975886344,24,2.89,TRUE,"",0,4,221,820221,920221
"RDMM",4.22474334043513,0.925369298434679,0.019,0.72758893365137,0.113,-30270.5994205012,62620.4331799761,276,11.03,TRUE,"",0,4,221,820221,920221
"DGMM",NA,0.875972071544178,0.032,0.538699236381648,0.214,-33409.0755206849,68904.2931356223,22,2.71000000000001,TRUE,"",0,4,222,820222,920222
"RDMM",4.04211733693187,0.917681595521618,0.021,0.720375904312179,0.116,-30519.8314699272,63118.897278828,100,4.09,TRUE,"",0,4,222,820222,920222
"DGMM",NA,0.90240232503471,0.025,0.309892728180932,0.487,-33840.0401012957,69766.222296844,18,2.19,TRUE,"",0,4,223,820223,920223
"RDMM",3.69973466741136,0.936960902784144,0.016,0.723698340269663,0.116,-30873.8253015853,63826.8849421443,178,7.22999999999999,TRUE,"",0,4,223,820223,920223
"DGMM",NA,-0.000729292851002205,0.497,-0.000902426005247925,0.728,-32123.1412357012,66332.424565655,34,4.10999999999999,TRUE,"",0,4,224,820224,920224
"RDMM",3.60505196068671,0.913849774956202,0.022,0.738270836684103,0.108,-30839.9545130419,63759.1433650574,162,6.48999999999998,TRUE,"",0,4,224,820224,920224
"DGMM",NA,0.802618501851164,0.052,0.297895401531503,0.469,-34209.5122838929,70505.1666620385,12,1.51000000000002,TRUE,"",0,4,225,820225,920225
"RDMM",3.76570889530665,0.89102701287584,0.028,0.714408214579665,0.118,-31089.2312934258,64257.6969258253,128,5.26999999999998,TRUE,"",0,4,225,820225,920225
"DGMM",NA,0.788333153001628,0.056,0.358542873307194,0.475,-32860.6118900956,67807.3658744439,22,2.67999999999998,TRUE,"",0,4,226,820226,920226
"RDMM",4.25906769407564,0.917681669637813,0.021,0.72208395170445,0.116,-30530.479382923,63140.1931048196,149,6.01000000000002,TRUE,"",0,4,226,820226,920226
"DGMM",NA,0.853629556675623,0.038,0.295914430549869,0.499,-33542.3154253349,69170.7729449224,13,1.61000000000001,TRUE,"",0,4,227,820227,920227
"RDMM",4.09896644544863,0.906210122877074,0.024,0.733019739324469,0.11,-30846.0988833689,63771.4321057114,233,9.22,TRUE,"",0,4,227,820227,920227
"DGMM",NA,0.280209911017989,0.235,0.115152468278913,0.595,-32831.8745250577,67749.891144368,23,2.78,TRUE,"",0,4,228,820228,920228
"RDMM",3.93512241866,0.925369358450274,0.019,0.560826293253532,0.215,-30746.1900996605,63571.6145382946,103,4.19,TRUE,"",0,4,228,820228,920228
"DGMM",NA,0.795459894005504,0.054,0.300542101854232,0.483,-33552.6333394198,69191.4087730922,30,3.65000000000001,TRUE,"",0,4,229,820229,920229
"RDMM",3.82807864008069,0.929225225592857,0.018,0.769125860171423,0.094,-30881.8520215834,63842.9383821404,151,6.03,TRUE,"",0,4,229,820229,920229
"DGMM",NA,0.293153728032737,0.229,0.299203566188056,0.401,-32983.284117321,68052.7103288946,30,3.81,TRUE,"",0,4,230,820230,920230
"RDMM",4.05922057550607,0.910025977342736,0.023,0.74280839787386,0.105,-30652.3208119942,63383.8759629621,100,4.03999999999999,TRUE,"",0,4,230,820230,920230
"DGMM",NA,0.864764784550822,0.035,0.319851264495823,0.508,-34433.7855404571,70953.7131751669,15,1.80000000000001,TRUE,"",0,4,231,820231,920231
"RDMM",3.90164886525056,0.913849774222803,0.022,0.691232284306293,0.13,-31214.0913665627,64507.4170720991,154,6.10999999999999,TRUE,"",0,4,231,820231,920231
"DGMM",NA,0.891027017199814,0.028,0.394383875093661,0.483,-32978.2355067831,68042.6131078187,21,2.68000000000001,TRUE,"",0,4,232,820232,920232
"RDMM",4.01840788052133,0.913849851196484,0.022,0.739887123833448,0.107,-30579.6511214011,63238.5365817758,138,5.59999999999999,TRUE,"",0,4,232,820232,920232
"DGMM",NA,0.853629900520227,0.038,0.339356148023879,0.461,-33526.1696274249,69138.4813491025,15,1.83000000000001,TRUE,"",0,4,233,820233,920233
"RDMM",4.1531246001999,0.933089024457711,0.017,0.745618758483011,0.105,-30764.2934680821,63607.8212751378,146,5.82000000000002,TRUE,"",0,4,233,820233,920233
"DGMM",NA,0.894810869001633,0.027,0.358094061729775,0.426,-32898.5675679671,67883.2772301869,16,1.97,TRUE,"",0,4,234,820234,920234
"RDMM",4.07604025803797,0.933089076055551,0.017,0.778632899646063,0.09,-30326.7268249871,62732.6879889478,100,4.04999999999998,TRUE,"",0,4,234,820234,920234
"DGMM",NA,0.868492624843069,0.034,0.346533601815609,0.472,-33074.2238143259,68234.5897229044,17,2.14000000000001,TRUE,"",0,4,235,820235,920235
"RDMM",3.87460935123538,0.929225182079578,0.018,0.718500636186557,0.117,-30443.9531010596,62967.1405410929,148,5.94,TRUE,"",0,4,235,820235,920235
"DGMM",NA,0.429764512172296,0.172,0.187447081906268,0.55,-33218.5045095198,68523.1511132921,19,2.33000000000001,TRUE,"",0,4,236,820236,920236
"RDMM",3.77702515884088,0.906210211888275,0.024,0.765401819303564,0.095,-30881.6988755806,63842.6320901348,135,5.41999999999999,TRUE,"",0,4,236,820236,920236
"DGMM",NA,0.791893348720401,0.055,0.301235275982797,0.486,-33698.9032980088,69483.9486902702,13,1.59,TRUE,"",0,4,237,820237,920237
"RDMM",3.72661371827661,0.940840784611426,0.015,0.747729873858993,0.104,-30881.7179491451,63842.6702372639,100,4.07999999999998,TRUE,"",0,4,237,820237,920237
"DGMM",NA,0.902402475920842,0.025,0.326463586660269,0.467,-33007.1631727457,68100.468439744,27,3.35999999999999,TRUE,"",0,4,238,820238,920238
"RDMM",4.17469591059237,0.933089029714043,0.017,0.765702161012368,0.095,-30472.9695248858,63025.1733887452,163,6.47,TRUE,"",0,4,238,820238,920238
"DGMM",NA,0.906210119978046,0.024,0.39927305841212,0.43,-33161.1894372324,68408.5209687174,14,1.72000000000003,TRUE,"",0,4,239,820239,920239
"RDMM",4.23962124441274,0.948624587703552,0.013,0.773900214094641,0.093,-30634.9339885137,63349.1023160011,239,9.53999999999996,TRUE,"",0,4,239,820239,920239
"DGMM",NA,0.383831257376922,0.19,0.24735084667854,0.525,-33574.0471257442,69234.2363457411,46,5.44999999999999,TRUE,"",0,4,240,820240,920240
"RDMM",3.95038696867578,0.929225161655584,0.018,0.753366850227343,0.101,-30478.9704325907,63037.175204155,138,5.55000000000001,TRUE,"",0,4,240,820240,920240
"DGMM",NA,0.226007903486641,0.262,0.125274578480945,0.574,-33573.7407713926,69233.6236370378,17,2.05000000000001,TRUE,"",0,4,241,820241,920241
"RDMM",3.69735672374102,0.936960912004273,0.016,0.760560858270237,0.098,-30675.5089805714,63430.2523001165,130,5.25,TRUE,"",0,4,241,820241,920241
"DGMM",NA,0.82792792926864,0.045,0.331386205555088,0.508,-33798.965112494,69684.0723192405,12,1.5,TRUE,"",0,4,242,820242,920242
"RDMM",3.95448562510892,0.933089089249997,0.017,0.693540851017219,0.13,-30809.9015896526,63699.0375182788,179,7.27999999999997,TRUE,"",0,4,242,820242,920242
"DGMM",NA,0.326453667036384,0.214,0.139079635619032,0.563,-32404.6374125246,66895.4169193018,38,4.52999999999997,TRUE,"",0,4,243,820243,920243
"RDMM",3.93884833014766,0.94862457829413,0.013,0.739368961188357,0.109,-30210.5471092413,62500.3285574562,101,4.22000000000003,TRUE,"",0,4,243,820243,920243
"DGMM",NA,0.373978970338115,0.194,0.170237716240083,0.526,-33520.7506919678,69127.6434781883,20,2.39999999999998,TRUE,"",0,4,244,820244,920244
"RDMM",3.78325954726156,0.933089061895653,0.017,0.768165664731607,0.095,-30786.0446251444,63651.3235892623,100,4.15000000000003,TRUE,"",0,4,244,820244,920244
"DGMM",NA,0.760146217170914,0.064,0.270442151821214,0.493,-33777.3888460765,69640.9197864056,20,2.49000000000001,TRUE,"",0,4,245,820245,920245
"RDMM",4.10117333667326,0.913849811315375,0.022,0.753560174910459,0.101,-31098.9458253943,64277.1259897622,164,6.5,TRUE,"",0,4,245,820245,920245
"DGMM",NA,0.849933857586131,0.039,0.288384752941968,0.505,-33454.1710428824,68994.4841800174,17,2.11000000000001,TRUE,"",0,4,246,820246,920246
"RDMM",4.13817705560409,0.921521527851378,0.02,0.481728557847523,0.324,-30668.4948913155,63416.2241216046,113,4.29999999999995,TRUE,"",0,4,246,820246,920246
"DGMM",NA,0.440367557066321,0.168,0.182309989897279,0.548,-33685.5195586804,69457.1812116134,27,2.60999999999996,TRUE,"",0,4,247,820247,920247
"RDMM",3.89098823933823,0.910026015977799,0.023,0.755754715342003,0.1,-31129.8469022662,64338.928143506,109,2.83000000000004,TRUE,"",0,4,247,820247,920247
"DGMM",NA,0.678662448660174,0.088,0.278320347484608,0.49,-33416.7078467267,68919.557787706,17,1.31,TRUE,"",0,4,248,820248,920248
"RDMM",4.03600911050434,0.936960898806238,0.016,0.771502914742977,0.093,-30651.519190356,63382.2727196855,118,2.94,TRUE,"",0,4,248,820248,920248
"DGMM",NA,0.875972036156255,0.032,0.359077445220901,0.481,-33209.8451873445,68505.8324689416,20,1.44999999999999,TRUE,"",0,4,249,820249,920249
"RDMM",3.87621335623453,0.929225200488394,0.018,0.718486688162362,0.118,-30764.2396716079,63607.7136821894,127,3.04000000000002,TRUE,"",0,4,249,820249,920249
"DGMM",NA,0.875971989420384,0.032,0.418477464849124,0.366,-32918.6596477497,67923.4613897519,17,1.16000000000003,TRUE,"",0,4,250,820250,920250
"RDMM",4.12617639373745,0.921521531384321,0.02,0.797795974638477,0.082,-30692.8486169208,63464.9315728151,194,4.39999999999998,TRUE,"",0,4,250,820250,920250
"DGMM",NA,0.883483529817297,0.03,0.364963281335787,0.42,-33558.1998346774,69202.5417636075,17,1.08,TRUE,"",0,4,251,820251,920251
"RDMM",3.83420268992249,0.902402408870828,0.025,0.731166986135321,0.11,-30658.6866726108,63396.6076841952,217,7.66,TRUE,"",0,4,251,820251,920251
"DGMM",NA,0.788332254024677,0.056,0.33985695093399,0.422,-33188.7349363964,68463.6119670454,14,1.89,TRUE,"",0,4,252,820252,920252
"RDMM",4.08066427593758,0.921521522653875,0.02,0.784601992220495,0.087,-30431.3069618667,62941.8482627071,100,4.11,TRUE,"",0,4,252,820252,920252
"DGMM",NA,0.568058197725282,0.123,0.282238294127201,0.443,-32807.0435337792,67700.229161811,13,1.62,TRUE,"",0,4,253,820253,920253
"RDMM",4.26895827775996,0.936960777552633,0.016,0.771393169559885,0.094,-30310.1910435079,62699.6164259894,100,4.08,TRUE,"",0,4,253,820253,920253
"DGMM",NA,0.864765178111345,0.035,0.379961485857313,0.391,-32347.8902605694,66781.9226153914,19,2.33,TRUE,"",0,4,254,820254,920254
"RDMM",4.31569767654098,0.925369376368788,0.019,0.742478411612413,0.106,-30215.4442829742,62510.122904922,100,4.06,TRUE,"",0,4,254,820254,920254
"DGMM",NA,0.371349091025602,0.195,0.14835929027162,0.573,-33383.7216716341,68853.5854375209,18,2.28,TRUE,"",0,4,255,820255,920255
"RDMM",3.69691456442674,0.910025864345371,0.023,0.759875050844417,0.097,-30690.5397353473,63460.3138096683,159,6.41,TRUE,"",0,4,255,820255,920255
"DGMM",NA,0.662255832318108,0.093,0.477978945645814,0.247,-34063.9050967304,70213.9522877133,6,0.880000000000003,TRUE,"",0,4,256,820256,920256
"RDMM",4.21171664612953,0.917680678496873,0.021,0.706492678280418,0.125,-30871.565236075,63822.3648111236,143,5.65,TRUE,"",0,4,256,820256,920256
"DGMM",NA,0.732468301863404,0.072,0.335665966293125,0.502,-33238.8469932191,68563.8360806908,21,2.58,TRUE,"",0,4,257,820257,920257
"RDMM",4.27463122572183,0.933089086675471,0.017,0.772640962425727,0.092,-30436.4118001315,62952.0579392366,235,9.33,TRUE,"",0,4,257,820257,920257
"DGMM",NA,-0.00101011133133604,0.5,0.000740980326094739,0.728,-32318.6172722852,66723.376638823,31,3.78,TRUE,"",0,4,258,820258,920258
"RDMM",3.69976755385964,0.936960960512235,0.016,0.718854819873111,0.117,-30992.5421419552,64064.318622884,124,4.86,TRUE,"",0,4,258,820258,920258
"DGMM",NA,-0.000489579349114675,0.493,0.00136519514416832,0.721,-32716.2915939597,67518.725282172,30,3.66,TRUE,"",0,4,259,820259,920259
"RDMM",3.6851792871981,0.921521453297154,0.02,0.760194154549526,0.098,-31277.3896615591,64634.0136620919,210,8.53999999999999,TRUE,"",0,4,259,820259,920259
"DGMM",NA,-0.000267395772462996,0.49,-0.000414876753583538,0.739,-31931.4660650186,65949.0742242898,30,3.58,TRUE,"",0,4,260,820260,920260
"RDMM",4.2233325018043,0.929225164520618,0.018,0.731788556075291,0.111,-30844.3184835459,63767.8713060655,128,5.16000000000001,TRUE,"",0,4,260,820260,920260
"DGMM",NA,-0.000622352103662716,0.494,-0.000307129393462796,0.73,-32034.3349768932,66154.812048039,24,2.92999999999999,TRUE,"",0,4,261,820261,920261
"RDMM",3.92504500827312,0.964288274550953,0.009,0.743977995630358,0.106,-30537.2481754326,63153.7306898388,171,6.86000000000001,TRUE,"",0,4,261,820261,920261
"DGMM",NA,0.260995554175531,0.244,0.192411797111839,0.469,-33148.6090355936,68383.3601654398,25,3.11,TRUE,"",0,4,262,820262,920262
"RDMM",3.71396179343959,0.906209453721608,0.024,0.725214697057047,0.113,-30907.2957331186,63893.8258052108,100,4.2,TRUE,"",0,4,262,820262,920262
"DGMM",NA,0.5441838309919,0.131,0.201368943452954,0.511,-34340.910492439,70767.9630791307,10,1.39,TRUE,"",0,4,263,820263,920263
"RDMM",3.85012717229267,0.933089058355677,0.017,0.759472428151196,0.098,-30890.074318933,63859.3829768397,163,6.53999999999999,TRUE,"",0,4,263,820263,920263
"DGMM",NA,0.373991684395732,0.194,0.151846841469818,0.583,-32864.0325398947,67814.207174042,30,3.61,TRUE,"",0,4,264,820264,920264
"RDMM",3.99369047432288,0.933089050293113,0.017,0.749041899771099,0.104,-30456.8086355307,62992.851610035,185,7.45,TRUE,"",0,4,264,820264,920264
"DGMM",NA,0.00600671352584672,0.459,0.00206930963692103,0.725,-32226.6216648703,66539.3854239932,24,2.89,TRUE,"",0,4,265,820265,920265
"RDMM",3.82158993987889,0.929225168405716,0.018,0.754750785012438,0.101,-31029.7280290206,64138.6903970149,100,4.05,TRUE,"",0,4,265,820265,920265
"DGMM",NA,0.550132980382076,0.129,0.230453063541551,0.509,-33108.6813980127,68303.504890278,22,2.63,TRUE,"",0,4,266,820266,920266
"RDMM",4.07179513124134,0.929225188802473,0.018,0.72588827073481,0.114,-30677.0346916896,63433.3037223529,128,5.32000000000002,TRUE,"",0,4,266,820266,920266
"DGMM",NA,0.827929134246248,0.045,0.310900740299541,0.446,-33040.5177656618,68167.1776255761,19,2.27000000000001,TRUE,"",0,4,267,820267,920267
"RDMM",3.95104195584649,0.948624612215473,0.013,0.763385637179553,0.097,-30444.8641612327,62968.9626614389,100,4.03,TRUE,"",0,4,267,820267,920267
"DGMM",NA,0.408770375142205,0.18,0.161275015995777,0.53,-33727.8898081642,69541.921710581,24,2.89000000000001,TRUE,"",0,4,268,820268,920268
"RDMM",3.56714031506714,0.91384893643679,0.022,0.577456008084997,0.216,-31018.3921194432,64116.01857786,122,4.94,TRUE,"",0,4,268,820268,920268
"DGMM",NA,0.917681641891766,0.021,0.334298097712198,0.494,-32916.8219645881,67919.7860234288,16,2.01000000000002,TRUE,"",0,4,269,820269,920269
"RDMM",4.02745986116199,0.925369328988085,0.019,0.752350699994648,0.102,-30377.4139706578,62834.0622802892,107,4.34999999999999,TRUE,"",0,4,269,820269,920269
"DGMM",NA,0.853629716219739,0.038,0.343567851339178,0.433,-33855.6207262233,69797.3835466992,15,1.83000000000001,TRUE,"",0,4,270,820270,920270
"RDMM",4.02236178051763,0.952528501815135,0.012,0.766642809125416,0.095,-30760.3247960675,63599.8839311086,111,4.60999999999999,TRUE,"",0,4,270,820270,920270
"DGMM",NA,0.78123745950677,0.058,0.27035269882651,0.51,-33392.2156354694,68870.5733651914,13,1.59999999999999,TRUE,"",0,4,271,820271,920271
"RDMM",4.17339903294256,0.94862460986971,0.013,0.769993897783507,0.094,-30595.4127817413,63270.0599024561,138,5.53,TRUE,"",0,4,271,820271,920271
"DGMM",NA,0.902402362737511,0.025,0.409487256829318,0.384,-33100.2179664997,68286.578027252,22,2.63999999999999,TRUE,"",0,4,272,820272,920272
"RDMM",4.20629778222567,0.929225177477372,0.018,0.740777172797201,0.107,-30807.5896704645,63694.4136799026,167,6.69,TRUE,"",0,4,272,820272,920272
"DGMM",NA,0.902402388967978,0.025,0.365414103286487,0.463,-33381.485411317,68849.1129168865,13,1.62,TRUE,"",0,4,273,820273,920273
"RDMM",3.73048505109677,0.921521501516602,0.02,0.764012350316963,0.096,-30311.4398329273,62702.1140048282,216,8.63,TRUE,"",0,4,273,820273,920273
"DGMM",NA,0.868492479368108,0.034,0.360304303866949,0.434,-32787.3482195327,67660.838533318,13,1.61000000000001,TRUE,"",0,4,274,820274,920274
"RDMM",3.89815429243197,0.91768160478615,0.021,0.757219465589093,0.099,-30186.6185839057,62452.471506785,204,8.31999999999999,TRUE,"",0,4,274,820274,920274
"DGMM",NA,0.414222770150731,0.178,0.175876158573586,0.57,-33403.2481428329,68892.6383799183,35,4.19,TRUE,"",0,4,275,820275,920275
"RDMM",3.85470678306247,0.940840782744888,0.015,0.767980128175724,0.095,-30548.415782384,63176.0659037415,113,4.66,TRUE,"",0,4,275,820275,920275
"DGMM",NA,0.331079256910768,0.212,0.146537862647137,0.551,-32932.3345722736,67950.8112387998,23,2.78999999999999,TRUE,"",0,4,276,820276,920276
"RDMM",4.02551428367829,0.933089066941727,0.017,0.775425803475364,0.092,-30723.5588169024,63526.3519727785,169,6.72999999999999,TRUE,"",0,4,276,820276,920276
"DGMM",NA,0.359310927936246,0.2,0.159528649106824,0.539,-32951.6821231939,67989.5063406403,30,3.62,TRUE,"",0,4,277,820277,920277
"RDMM",4.17857327798228,0.925369302067204,0.019,0.701083411028494,0.126,-30794.2605229189,63667.7553848115,122,4.81,TRUE,"",0,4,277,820277,920277
"DGMM",NA,0.263600737779039,0.243,0.139880094356087,0.54,-33407.6787971945,68901.4996886416,36,4.39000000000001,TRUE,"",0,4,278,820278,920278
"RDMM",3.85697593028681,0.906210161943264,0.024,0.714129397412789,0.12,-30928.4394961426,63936.1133312588,100,4.03999999999999,TRUE,"",0,4,278,820278,920278
"DGMM",NA,0.568059793314676,0.123,0.246169425695027,0.517,-32911.103229002,67908.3485522565,22,2.69999999999999,TRUE,"",0,4,279,820279,920279
"RDMM",4.08079908004657,0.921521389885187,0.02,0.773714756568152,0.092,-30299.2791842899,62677.7927075534,100,4.06999999999999,TRUE,"",0,4,279,820279,920279
"DGMM",NA,0.917679970633046,0.021,0.352485114130498,0.498,-32982.5812076919,68051.3045096364,17,2.06999999999999,TRUE,"",0,4,280,820280,920280
"RDMM",4.12084068745894,0.933087698295094,0.017,0.76205311758679,0.096,-30398.7869266039,62876.8081921815,198,7.87,TRUE,"",0,4,280,820280,920280
"DGMM",NA,0.910025965081751,0.023,0.380918944115403,0.438,-33436.2140362086,68958.5701666698,24,3.12,TRUE,"",0,4,281,820281,920281
"RDMM",4.22204024614537,0.956440422737287,0.011,0.793216520666287,0.084,-30476.3830505041,63032.0004399818,113,4.55000000000001,TRUE,"",0,4,281,820281,920281
"DGMM",NA,0.000171880927051638,0.485,-0.000548178564506277,0.735,-32003.9044377015,66093.9509696555,29,3.39999999999998,TRUE,"",0,4,282,820282,920282
"RDMM",3.94653721353577,0.921521447918464,0.02,0.737264158440824,0.108,-30878.1804209775,63835.5951809287,193,7.69,TRUE,"",0,4,282,820282,920282
"DGMM",NA,0.842566687086537,0.041,0.355807646152199,0.42,-33541.7765221867,69169.6951386261,11,1.43000000000001,TRUE,"",0,4,283,820283,920283
"RDMM",4.1700261141309,0.948624573352206,0.013,0.767301490471816,0.095,-30755.4459213077,63590.1261815891,196,7.81999999999999,TRUE,"",0,4,283,820283,920283
"DGMM",NA,0.879722922809352,0.031,0.343587621747306,0.483,-33689.4650698371,69465.0722339267,15,1.82999999999998,TRUE,"",0,4,284,820284,920284
"RDMM",3.92888277423778,0.933088940738167,0.017,0.811339629204924,0.076,-30417.5431984764,62914.3207359264,278,11.12,TRUE,"",0,4,284,820284,920284
"DGMM",NA,0.421979213839208,0.175,0.168217101888821,0.526,-33492.2209981279,69070.5840905084,26,3.13999999999999,TRUE,"",0,4,285,820285,920285
"RDMM",3.98387020990515,0.925369315735835,0.019,0.759931755865967,0.098,-30654.977733248,63389.1898054696,100,4.08999999999997,TRUE,"",0,4,285,820285,920285
"DGMM",NA,0.338171102176336,0.209,0.154832753957547,0.527,-32802.7230647863,67691.5882238252,43,5.28000000000003,TRUE,"",0,4,286,820286,920286
"RDMM",4.07604176256743,0.90621011773611,0.024,0.738376347776875,0.107,-30388.6040609514,62856.4424608764,101,4.13,TRUE,"",0,4,286,820286,920286
"DGMM",NA,0.386277656085354,0.189,0.159663379339626,0.556,-32988.8428998549,68063.8278939625,29,3.44,TRUE,"",0,4,287,820287,920287
"RDMM",4.04768676836005,0.944728729592688,0.014,0.756727224332301,0.1,-30954.6721060193,63988.5785510123,100,4.17000000000002,TRUE,"",0,4,287,820287,920287
"DGMM",NA,0.90240232503471,0.025,0.403633252149387,0.437,-33090.3187675407,68266.779629334,14,1.74000000000001,TRUE,"",0,4,288,820288,920288
"RDMM",4.12204971830368,0.956440414331951,0.011,0.777134456938512,0.091,-30662.8025769675,63404.8394929085,128,5.13999999999999,TRUE,"",0,4,288,820288,920288
"DGMM",NA,0.891027035816485,0.028,0.306063432225294,0.465,-32761.1319411311,67608.4059765149,25,2.97000000000003,TRUE,"",0,4,289,820289,920289
"RDMM",4.18022703468847,0.93696096194634,0.016,0.740563961769879,0.107,-30219.142602265,62517.5195435037,100,3.66000000000003,TRUE,"",0,4,289,820289,920289
"DGMM",NA,0.906210243757964,0.024,0.352612703890767,0.489,-33750.8366426088,69587.8153794703,14,1.48000000000002,TRUE,"",0,4,290,820290,920290
"RDMM",3.9973579275733,0.933089038364463,0.017,0.754958905585679,0.1,-31034.2564802015,64147.7472993767,100,2.63999999999999,TRUE,"",0,4,290,820290,920290
"DGMM",NA,0.827927957307734,0.045,0.346653568657383,0.399,-32140.8688533991,66367.8798010507,12,0.950000000000045,TRUE,"",0,4,291,820291,920291
"RDMM",3.97660493890624,0.948624622441945,0.013,0.794560115256049,0.083,-29790.8660867591,61660.9665124919,122,3.07999999999998,TRUE,"",0,4,291,820291,920291
"DGMM",NA,0.503558038323717,0.145,0.217145405025139,0.527,-33109.9580831167,68306.0582604861,19,1.38999999999999,TRUE,"",0,4,292,820292,920292
"RDMM",4.06369710875971,0.940840602054307,0.015,0.741507629618169,0.107,-30619.7074488398,63318.6492366532,124,3.01999999999998,TRUE,"",0,4,292,820292,920292
"DGMM",NA,0.317534642936744,0.218,0.133491564642228,0.555,-33022.9529387515,68132.0479717556,23,1.32,TRUE,"",0,4,293,820293,920293
"RDMM",3.93319722453276,0.910025939117301,0.023,0.757110706666494,0.1,-30774.5908510254,63628.4160410245,229,8.21,TRUE,"",0,4,293,820293,920293
"DGMM",NA,0.891026978284033,0.028,0.406198220701922,0.447,-32701.9400625743,67490.0222194012,17,2.3,TRUE,"",0,4,294,820294,920294
"RDMM",4.46777195343882,0.933089061895653,0.017,0.805359857754406,0.078,-30578.1075460701,63235.4494311139,121,4.89,TRUE,"",0,4,294,820294,920294
"DGMM",NA,0.891026980729919,0.028,0.376805712004723,0.4,-33726.7859362694,69539.7139667914,21,2.51,TRUE,"",0,4,295,820295,920295
"RDMM",3.95447109652431,0.910026022203488,0.023,0.743547640201839,0.106,-31268.4793114099,64616.1929617933,152,6.08,TRUE,"",0,4,295,820295,920295
"DGMM",NA,-4.39930369384285e-05,0.486,0.00148322444256459,0.715,-32181.8677200372,66449.8775343269,53,6.38,TRUE,"",0,4,296,820296,920296
"RDMM",3.62384509853795,0.929225213369113,0.018,0.74736613437204,0.104,-30975.5288590944,64030.2920571623,185,7.43,TRUE,"",0,4,296,820296,920296
"DGMM",NA,0.917681683273277,0.021,0.37671631970821,0.474,-33234.3163757052,68554.774845663,13,1.61,TRUE,"",0,4,297,820297,920297
"RDMM",4.26393809889573,0.940840820633318,0.015,0.789312259242336,0.085,-30931.8979154745,63943.0301699227,109,4.42,TRUE,"",0,4,297,820297,920297
"DGMM",NA,0.875972055080057,0.032,0.319108261009025,0.473,-33880.684731996,69847.5115582446,12,1.47,TRUE,"",0,4,298,820298,920298
"RDMM",3.8122405641585,0.952528528775114,0.012,0.764590617341748,0.096,-30757.1514617072,63593.5372623879,100,4,TRUE,"",0,4,298,820298,920298
"DGMM",NA,0.277774817618788,0.236,0.122456351439434,0.578,-33068.0270099274,68222.1961141074,26,3.13,TRUE,"",0,4,299,820299,920299
"RDMM",3.79807635850767,0.929224654370865,0.018,0.670243336484965,0.142,-30950.323132308,63979.8806035895,100,4.14,TRUE,"",0,4,299,820299,920299
"DGMM",NA,0.729048881552657,0.073,0.259204155377534,0.478,-33427.2746102755,68940.6913148035,11,1.35,TRUE,"",0,4,300,820300,920300
"RDMM",3.97037980638596,0.92536933175914,0.019,0.746303435213834,0.104,-30739.0331217735,63557.3005825205,100,4,TRUE,"",0,4,300,820300,920300
"DGMM",NA,-0.000850384617639527,0.5,-0.000676277199630525,0.736,-32566.2625741879,67218.6672426284,35,4.22,TRUE,"",0,4,301,820301,920301
"RDMM",3.87004146275128,0.944728718772376,0.014,0.59068706472308,0.207,-31291.7226492342,64662.679637442,136,5.63,TRUE,"",0,4,301,820301,920301
"DGMM",NA,0.515061353968964,0.141,0.217412048290486,0.491,-33970.1972143708,70026.5365229943,17,2.11,TRUE,"",0,4,302,820302,920302
"RDMM",3.77881122210818,0.925369361034676,0.019,0.774585599385529,0.091,-31029.3800908567,64137.9945206871,168,6.75,TRUE,"",0,4,302,820302,920302
"DGMM",NA,0.891027008771995,0.028,0.368266485494262,0.445,-33521.8520570499,69129.8462083525,14,1.72,TRUE,"",0,4,303,820303,920303
"RDMM",3.6780554093404,0.929225206343267,0.018,0.757483414287953,0.099,-30704.7071726497,63488.6486842729,136,5.48999999999999,TRUE,"",0,4,303,820303,920303
"DGMM",NA,0.917681620559604,0.021,0.635462664526234,0.161,-33388.5783120594,68863.2987183714,18,2.16999999999999,TRUE,"",0,4,304,820304,920304
"RDMM",4.02118317200291,0.925369299655092,0.019,0.747565296032955,0.104,-30680.8558965938,63440.9461321613,101,4.14,TRUE,"",0,4,304,820304,920304
"DGMM",NA,0.816978996296482,0.048,0.354108703564033,0.472,-33272.1721889443,68630.4864721413,22,2.68000000000001,TRUE,"",0,4,305,820305,920305
"RDMM",4.22455886735937,0.929217966989209,0.018,0.757183832596368,0.1,-30914.0919943839,63907.4183277414,100,4.41,TRUE,"",0,4,305,820305,920305
"DGMM",NA,0.929225170260895,0.018,0.338645663961008,0.429,-33096.3591700784,68278.8604344093,13,1.59999999999999,TRUE,"",0,4,306,820306,920306
"RDMM",3.92864139125051,0.944728677262428,0.014,0.787909254835041,0.086,-30282.5860398485,62644.4064186707,133,5.30000000000001,TRUE,"",0,4,306,820306,920306
"DGMM",NA,0.432170484919632,0.171,0.186210354237334,0.565,-32691.9311083802,67470.0043110131,20,2.48,TRUE,"",0,4,307,820307,920307
"RDMM",3.87176293769501,0.93695957464503,0.016,0.783421144512991,0.088,-30354.4049357538,62788.0442104813,128,5,TRUE,"",0,4,307,820307,920307
"DGMM",NA,0.753175872427564,0.066,0.310593461518026,0.509,-33445.559635437,68977.2613651266,15,1.84999999999999,TRUE,"",0,4,308,820308,920308
"RDMM",4.02195580355115,0.925368592382713,0.019,0.586970656825019,0.199,-30949.5276935294,63978.2897260324,106,4.25,TRUE,"",0,4,308,820308,920308
"DGMM",NA,0.917681298627908,0.021,0.330517992126973,0.417,-33490.3359547362,69066.814003725,17,2.05999999999999,TRUE,"",0,4,309,820309,920309
"RDMM",3.82788343424044,0.936960779423347,0.016,0.73239533577369,0.111,-30600.3286193246,63279.8915776227,100,4.08,TRUE,"",0,4,309,820309,920309
"DGMM",NA,0.879723609403901,0.031,0.319778148185045,0.437,-33511.5490006184,69109.2400954893,13,1.58000000000001,TRUE,"",0,4,310,820310,920310
"RDMM",3.92517484371089,0.944728682080226,0.014,0.735244519931837,0.11,-30719.7268314751,63518.6880019238,138,5.70000000000002,TRUE,"",0,4,310,820310,920310
"DGMM",NA,0.33584921638054,0.21,0.137251266806871,0.566,-32947.6624743593,67981.4670429713,31,3.65000000000001,TRUE,"",0,4,311,820311,920311
"RDMM",3.82073636588179,0.929225159909332,0.018,0.749377943709418,0.103,-30564.7872580044,63208.8088549824,100,4.03,TRUE,"",0,4,311,820311,920311
"DGMM",NA,0.481144319268688,0.153,0.203382255941731,0.516,-33085.4927043414,68257.1275029353,16,1.94999999999999,TRUE,"",0,4,312,820312,920312
"RDMM",4.04737317737646,0.902402345813814,0.025,0.70407085675242,0.124,-30531.489893186,63142.2141253457,108,4.52000000000001,TRUE,"",0,4,312,820312,920312
"DGMM",NA,0.820657253709984,0.047,0.299113399343232,0.463,-33799.1740851451,69684.4902645427,14,1.71000000000001,TRUE,"",0,4,313,820313,920313
"RDMM",3.83953030073131,0.910026013641002,0.023,0.686074048778471,0.135,-31111.6502812689,64302.5349015114,126,5.09,TRUE,"",0,4,313,820313,920313
"DGMM",NA,0.902402396534817,0.025,0.314521864545336,0.449,-33788.1289769315,69662.4000481157,21,2.57000000000002,TRUE,"",0,4,314,820314,920314
"RDMM",4.03443255401537,0.917681684123184,0.021,0.491893424611099,0.318,-30828.3845478911,63736.0034347559,121,4.91,TRUE,"",0,4,314,820314,920314
"DGMM",NA,0.835230978415709,0.043,0.34461973318475,0.508,-33193.6888045455,68473.5197033436,16,1.97000000000003,TRUE,"",0,4,315,820315,920315
"RDMM",3.99388394761523,0.925369365916323,0.019,0.752654136022065,0.101,-30952.5264203016,63984.2871795768,100,4.02999999999997,TRUE,"",0,4,315,820315,920315
"DGMM",NA,0.00171178147062319,0.472,0.00232436304070996,0.725,-31873.8781454018,65833.8983850563,31,3.72000000000003,TRUE,"",0,4,316,820316,920316
"RDMM",4.04335921053071,0.913849862798254,0.022,0.743382891085182,0.105,-30615.790683605,63310.8157061836,100,4.10999999999999,TRUE,"",0,4,316,820316,920316
"DGMM",NA,0.562066281428978,0.125,0.213461126224873,0.515,-34417.7468896867,70921.635873626,9,1.13999999999999,TRUE,"",0,4,317,820317,920317
"RDMM",3.81024311024402,0.940840818083903,0.015,0.750672819858939,0.103,-31083.2141744907,64245.662687955,287,11.47,TRUE,"",0,4,317,820317,920317
"DGMM",NA,0.681954165305334,0.087,0.292616761204882,0.414,-33795.1739469353,69676.4899881232,11,1.51999999999998,TRUE,"",0,4,318,820318,920318
"RDMM",4.1015693506163,0.936960882291253,0.016,0.773974924556392,0.092,-30856.6439805457,63792.5223000651,100,4.03,TRUE,"",0,4,318,820318,920318
"DGMM",NA,0.864765128679,0.035,0.376892112120181,0.475,-33158.4214177911,68402.9849298347,27,3.20000000000002,TRUE,"",0,4,319,820319,920319
"RDMM",4.20344243307966,0.92922523782,0.018,0.519153886865416,0.285,-30785.6528788668,63650.5400967071,100,4.01000000000002,TRUE,"",0,4,319,820319,920319
"DGMM",NA,0.359453998588397,0.2,0.142830074002554,0.583,-33380.3404653301,68846.8230249127,27,3.37,TRUE,"",0,4,320,820320,920320
"RDMM",3.94740501177904,0.948624590154745,0.013,0.762464912345211,0.097,-30816.0605704309,63711.3554798354,145,5.80000000000001,TRUE,"",0,4,320,820320,920320
"DGMM",NA,0.381387141887736,0.191,0.188960849364963,0.562,-32976.3404268398,68038.8229479321,46,5.45000000000002,TRUE,"",0,4,321,820321,920321
"RDMM",3.99632160501784,0.940840814658126,0.015,0.744372942698985,0.105,-30653.2276383868,63385.6896157473,233,9.28,TRUE,"",0,4,321,820321,920321
"DGMM",NA,0.91384978072395,0.022,0.317037490327044,0.459,-33499.0451676492,69084.2324295511,11,1.5,TRUE,"",0,4,322,820322,920322
"RDMM",4.16740057003169,0.952528481341696,0.012,0.753371481709464,0.101,-30784.9547234505,63649.1437858745,254,10.06,TRUE,"",0,4,322,820322,920322
"DGMM",NA,0.875972008757792,0.032,0.423078659704685,0.382,-32795.5019016188,67677.1458974901,24,2.89000000000001,TRUE,"",0,4,323,820323,920323
"RDMM",4.5700836939573,0.968224196969655,0.008,0.768297959898498,0.095,-30477.333087538,63033.9005140496,121,4.76999999999998,TRUE,"",0,4,323,820323,920323
"DGMM",NA,0.838894860584377,0.042,0.300265199710179,0.491,-34114.600443266,70315.3429807847,13,1.59999999999999,TRUE,"",0,4,324,820324,920324
"RDMM",3.94951075467046,0.936960955176029,0.016,0.758676692651735,0.099,-31148.9590054375,64377.1523498486,165,6.75,TRUE,"",0,4,324,820324,920324
"DGMM",NA,0.802619075405878,0.052,0.368679272255916,0.513,-32663.2300904013,67412.6022750552,22,2.67000000000002,TRUE,"",0,4,325,820325,920325
"RDMM",4.34235806295692,0.929225213369113,0.018,0.746700244360085,0.104,-30534.3409477555,63147.9162344846,169,6.72000000000003,TRUE,"",0,4,325,820325,920325
"DGMM",NA,0.910026028111833,0.023,0.355028433375059,0.408,-33549.4602791691,69185.0626525908,20,2.49000000000001,TRUE,"",0,4,326,820326,920326
"RDMM",4.21820176099725,0.944728680679281,0.014,0.796966627883968,0.082,-30821.057501878,63721.3493427295,100,3.96999999999997,TRUE,"",0,4,326,820326,920326
"DGMM",NA,0.813417408820418,0.049,0.31385509297531,0.449,-33127.1280770586,68340.3982483697,12,1.53000000000003,TRUE,"",0,4,327,820327,920327
"RDMM",4.05567374551137,0.940840840618905,0.015,0.726280296818493,0.114,-30310.9716894832,62701.17771794,104,4.24000000000001,TRUE,"",0,4,327,820327,920327
"DGMM",NA,0.898602310601934,0.026,0.360597431870428,0.48,-33728.7977601382,69543.737614529,16,1.95999999999998,TRUE,"",0,4,328,820328,920328
"RDMM",3.98985898760931,0.944728636019139,0.014,0.759459922217137,0.099,-30796.219249146,63671.6728372656,127,5.06,TRUE,"",0,4,328,820328,920328
"DGMM",NA,0.497965020439931,0.147,0.201149018224341,0.468,-33617.7744805968,69321.6910554461,18,2.21000000000004,TRUE,"",0,4,329,820329,920329
"RDMM",3.86050847016548,0.940840811027485,0.015,0.732348632999642,0.111,-30592.4444755424,63264.1232900583,116,4.75999999999999,TRUE,"",0,4,329,820329,920329
"DGMM",NA,0.864764749661794,0.035,0.292398362739162,0.476,-33746.7421727029,69579.6264396584,16,1.97000000000003,TRUE,"",0,4,330,820330,920330
"RDMM",3.89022711609857,0.925369364135957,0.019,0.765225146241311,0.095,-30712.7654019554,63504.7651428843,100,4.06,TRUE,"",0,4,330,820330,920330
"DGMM",NA,0.532450286254794,0.135,0.221544860598441,0.519,-34403.5596466824,70893.2613876174,10,1.27999999999997,TRUE,"",0,4,331,820331,920331
"RDMM",3.9523098637246,0.929225216034441,0.018,0.748852725296768,0.103,-31003.2672314323,64085.7688018381,300,12.02,TRUE,"",0,4,331,820331,920331
"DGMM",NA,0.403937769914837,0.182,0.161190098003057,0.534,-33277.8746538846,68641.8914020217,18,2.29000000000002,TRUE,"",0,4,332,820332,920332
"RDMM",4.21657829382318,0.929225218730405,0.018,0.738521151704626,0.108,-30635.7653046985,63350.7649483706,139,5.63999999999999,TRUE,"",0,4,332,820332,920332
"DGMM",NA,0.795461484688776,0.054,0.288313000945881,0.507,-33240.3983930068,68566.9388802663,17,2.06,TRUE,"",0,4,333,820333,920333
"RDMM",4.18878252360099,0.933089037437632,0.017,0.736090555252174,0.109,-30859.9510402951,63799.1364195638,109,4.41000000000003,TRUE,"",0,4,333,820333,920333
"DGMM",NA,0.701943090594675,0.081,0.257987061168358,0.501,-34110.2347216763,70306.6115376051,13,0.94,TRUE,"",0,4,334,820334,920334
"RDMM",3.78785716509356,0.936960543242484,0.016,0.758679664739877,0.098,-30952.8411344152,63984.916607804,128,3.46,TRUE,"",0,4,334,820334,920334
"DGMM",NA,0.000508613977676777,0.483,-0.00106748764530148,0.728,-32168.0206905296,66422.1834753118,37,4.44,TRUE,"",0,4,335,820335,920335
"RDMM",3.9108061215515,0.917681619609396,0.021,0.760432904752225,0.097,-30934.9089611229,63949.0522612195,171,7.06,TRUE,"",0,4,335,820335,920335
"DGMM",NA,0.416801968119829,0.177,0.173778898128719,0.489,-33741.5204001726,69569.1828945977,22,2.68,TRUE,"",0,4,336,820336,920336
"RDMM",4.05577930238105,0.940840798325927,0.015,0.746690352228295,0.105,-30809.0027607009,63697.2398603753,107,4.37,TRUE,"",0,4,336,820336,920336
"DGMM",NA,-0.000240981378451003,0.491,-0.000916608938300724,0.724,-32146.5770795735,66379.2962533995,26,3.11,TRUE,"",0,4,337,820337,920337
"RDMM",3.87688316349207,0.929225186681783,0.018,0.740111687192957,0.107,-30693.5941305605,63466.4226000946,193,7.81,TRUE,"",0,4,337,820337,920337
"DGMM",NA,0.0050437404939817,0.462,0.00286541438203374,0.715,-31303.5449491831,64693.2319926187,30,3.7,TRUE,"",0,4,338,820338,920338
"RDMM",3.83979112838506,0.929225173262087,0.018,0.765448400500733,0.096,-30078.9754523128,62237.1852435992,203,8.11,TRUE,"",0,4,338,820338,920338
"DGMM",NA,0.655755426241593,0.095,0.321285591649865,0.535,-33487.2569807745,69060.6560558015,31,3.7,TRUE,"",0,4,339,820339,920339
"RDMM",3.6704600331351,0.913849851092897,0.022,0.759548401631826,0.097,-30566.3218418933,63211.8780227602,100,4.11,TRUE,"",0,4,339,820339,920339
"DGMM",NA,0.81703327369527,0.048,0.333000192878359,0.385,-33338.5349397565,68763.2119737657,22,2.67,TRUE,"",0,4,340,820340,920340
"RDMM",3.85682765018542,0.940840489207494,0.015,0.779035942284961,0.089,-30582.8003087298,63244.8349564333,100,4.08,TRUE,"",0,4,340,820340,920340
"DGMM",NA,0.868492500917397,0.034,0.293536899853449,0.499,-33848.0721979862,69782.2864902249,29,3.41999999999999,TRUE,"",0,4,341,820341,920341
"RDMM",3.6231705092246,0.917681679900044,0.021,0.759367387043336,0.098,-30792.2674475452,63663.769234064,100,4.05000000000001,TRUE,"",0,4,341,820341,920341
"DGMM",NA,0.883483550311088,0.03,0.644557622836484,0.154,-33378.7539030092,68843.6499002709,15,1.84,TRUE,"",0,4,342,820342,920342
"RDMM",4.01828021284215,0.948624624748173,0.013,0.783126558015374,0.088,-30733.9090056984,63547.0523503705,100,4.22,TRUE,"",0,4,342,820342,920342
"DGMM",NA,0.894811044029038,0.027,0.370328410674923,0.433,-33979.6952798538,70045.5326539602,18,2.16000000000001,TRUE,"",0,4,343,820343,920343
"RDMM",3.95778382407267,0.936960674857207,0.016,0.756078652755161,0.099,-31184.6525599504,64448.5394588744,100,4.09,TRUE,"",0,4,343,820343,920343
"DGMM",NA,0.868492539531531,0.034,0.366032684136972,0.455,-33043.0109390455,68172.1639723436,28,3.31,TRUE,"",0,4,344,820344,920344
"RDMM",3.97236058756201,0.910025953541997,0.023,0.727629504252486,0.113,-30494.46614977,63068.1666385137,246,9.89,TRUE,"",0,4,344,820344,920344
"DGMM",NA,0.770657553665284,0.061,0.325829488686938,0.439,-33211.8076490372,68509.7573923271,16,1.94,TRUE,"",0,4,345,820345,920345
"RDMM",3.89170663838438,0.913849802067096,0.022,0.756547831465079,0.1,-30507.8127481755,63094.8598353246,204,8.61,TRUE,"",0,4,345,820345,920345
"DGMM",NA,0.813417959888264,0.049,0.348405509284144,0.416,-32711.415967951,67508.9740301546,20,2.41999999999999,TRUE,"",0,4,346,820346,920346
"RDMM",4.20827905796085,0.925369313955468,0.019,0.749947816624569,0.102,-30407.996749716,62895.2278384055,151,6.13000000000001,TRUE,"",0,4,346,820346,920346
"DGMM",NA,0.421959419226232,0.175,0.174349759030052,0.562,-33165.2498801208,68416.6418544942,28,3.41,TRUE,"",0,4,347,820347,920347
"RDMM",4.28604940096059,0.956440452067947,0.011,0.739873774227332,0.108,-30771.1020012252,63621.4383414239,158,6.29000000000001,TRUE,"",0,4,347,820347,920347
"DGMM",NA,0.849933893962859,0.039,0.322054831865055,0.478,-33733.968122763,69554.0783397786,14,1.75,TRUE,"",0,4,348,820348,920348
"RDMM",3.83330476628574,0.9138498477491,0.022,0.716143160332746,0.118,-30859.2984677933,63797.8312745603,109,4.45,TRUE,"",0,4,348,820348,920348
"DGMM",NA,0.398808328686861,0.184,0.153815987854324,0.547,-32955.972048547,67998.0861913466,20,2.42000000000002,TRUE,"",0,4,349,820349,920349
"RDMM",3.87231212939286,0.929225226331523,0.018,0.746131928347394,0.106,-30386.2492720569,62851.7328830874,156,6.40000000000001,TRUE,"",0,4,349,820349,920349
"DGMM",NA,0.887251196687212,0.029,0.322742729560319,0.505,-33516.6638933957,69119.4698810439,21,2.53,TRUE,"",0,4,350,820350,920350
"RDMM",3.9776910604595,0.933089028594122,0.017,0.739393941938266,0.108,-30837.7313777398,63754.6970944533,127,5.09999999999999,TRUE,"",0,4,350,820350,920350
"DGMM",NA,0.770656353910123,0.061,0.28924771258362,0.506,-33510.4786378744,69107.0993700014,13,1.59,TRUE,"",0,4,351,820351,920351
"RDMM",3.86020300841914,0.910025946185403,0.023,0.703518997670717,0.124,-30675.0706527487,63429.375644471,165,6.78,TRUE,"",0,4,351,820351,920351
"DGMM",NA,0.894810149316982,0.027,0.409913350125269,0.425,-32663.8157052943,67413.7735048412,18,2.19999999999999,TRUE,"",0,4,352,820352,920352
"RDMM",4.39065024247795,0.948623901781974,0.013,0.778964101461621,0.09,-30411.2500341297,62901.7344072331,142,5.78,TRUE,"",0,4,352,820352,920352
"DGMM",NA,0.708671705272209,0.079,0.307184539548512,0.519,-33891.5194065216,69869.1809072959,20,2.41999999999999,TRUE,"",0,4,353,820353,920353
"RDMM",4.02231583227121,0.898602495960983,0.026,0.734280951722385,0.111,-30999.4610963382,64078.1565316499,122,4.94,TRUE,"",0,4,353,820353,920353
"DGMM",NA,0.770655773573917,0.061,0.410791675479987,0.307,-33955.7802727818,69997.7026398162,6,0.780000000000001,TRUE,"",0,4,354,820354,920354
"RDMM",3.81616115744807,0.940838785936579,0.015,0.738102862861854,0.108,-30559.9477117677,63199.1297625089,127,5.09999999999999,TRUE,"",0,4,354,820354,920354
"DGMM",NA,0.500796088496301,0.146,0.291204662549095,0.35,-32853.5611744251,67793.2644431028,29,3.47,TRUE,"",0,4,355,820355,920355
"RDMM",4.14392995641268,0.925369347935587,0.019,0.745519535125199,0.104,-30450.3386507117,62979.9116403971,100,4.08000000000001,TRUE,"",0,4,355,820355,920355
"DGMM",NA,0.921521463952619,0.02,0.335919272618993,0.479,-33699.9031982976,69485.9484908477,17,2.07999999999998,TRUE,"",0,4,356,820356,920356
"RDMM",3.90471520728655,0.936960899800715,0.016,0.733886531404952,0.11,-30871.1313912918,63821.4971215572,107,4.37,TRUE,"",0,4,356,820356,920356
"DGMM",NA,0.913849705345392,0.022,0.430781904486611,0.475,-32926.7364500424,67939.6149943375,20,2.44999999999999,TRUE,"",0,4,357,820357,920357
"RDMM",4.14503845346357,0.95252849684918,0.012,0.655382931488925,0.15,-30571.4539683532,63222.1422756801,102,4.30000000000001,TRUE,"",0,4,357,820357,920357
"DGMM",NA,-0.00150673522763356,0.486,-0.00165803371866995,0.729,-32537.1081460812,67160.358386415,23,2.75,TRUE,"",0,4,358,820358,920358
"RDMM",3.61564593317459,0.91768096195996,0.021,0.723804615485483,0.114,-31044.5119178449,64168.2581746634,226,9.00999999999999,TRUE,"",0,4,358,820358,920358
"DGMM",NA,0.352152764757379,0.203,0.145538636512534,0.576,-33095.5714065725,68277.2849073976,23,2.82999999999998,TRUE,"",0,4,359,820359,920359
"RDMM",4.14425904253304,0.948624624076072,0.013,0.792334343316717,0.084,-30930.4862872693,63940.2069135122,100,4,TRUE,"",0,4,359,820359,920359
"DGMM",NA,0.898602693764989,0.026,0.37566478470706,0.457,-34056.3413098789,70198.8247140104,27,3.30000000000001,TRUE,"",0,4,360,820360,920360
"RDMM",3.86631655597082,0.925369291255773,0.019,0.744458832026697,0.106,-30960.3419379825,63999.9182149386,164,6.63999999999999,TRUE,"",0,4,360,820360,920360
"DGMM",NA,0.799035581122876,0.053,0.332489709314048,0.43,-33699.4228620268,69484.9878183061,11,1.36000000000001,TRUE,"",0,4,361,820361,920361
"RDMM",3.80039437017634,0.929225207184054,0.018,0.762520374490085,0.097,-30750.6644816455,63580.5633022645,118,4.81999999999999,TRUE,"",0,4,361,820361,920361
"DGMM",NA,0.310334332886923,0.221,0.131082560703734,0.608,-32579.7523335157,67245.646761284,25,3.00999999999999,TRUE,"",0,4,362,820362,920362
"RDMM",4.08232399552386,0.940840003022308,0.015,0.781422709406502,0.089,-30469.1376165218,63017.5095720172,100,4.07999999999998,TRUE,"",0,4,362,820362,920362
"DGMM",NA,0.756658513556129,0.065,0.281033306700132,0.479,-33534.6902613074,69155.5226168675,15,1.85999999999999,TRUE,"",0,4,363,820363,920363
"RDMM",3.76958338225818,0.917681622523367,0.021,0.745837308120795,0.104,-30643.7499401073,63366.7342191881,100,4.05000000000001,TRUE,"",0,4,363,820363,920363
"DGMM",NA,0.47820192123685,0.154,0.215897804570529,0.507,-33091.0708189424,68268.2837321374,38,4.46000000000001,TRUE,"",0,4,364,820364,920364
"RDMM",3.76992818319032,0.913849456001034,0.022,0.758630226843634,0.099,-30398.1674352174,62875.5692094085,133,5.53999999999999,TRUE,"",0,4,364,820364,920364
"DGMM",NA,0.952528528052863,0.012,0.625308173737516,0.168,-32845.1105484272,67776.3631911071,15,1.82999999999998,TRUE,"",0,4,365,820365,920365
"RDMM",4.26041292160775,0.968224222071879,0.008,0.778655605270057,0.09,-30468.3939650852,63016.022269144,100,4.04000000000002,TRUE,"",0,4,365,820365,920365
"DGMM",NA,0.550062494695114,0.129,0.240936422204432,0.482,-33272.4868886612,68631.115871575,19,2.29000000000002,TRUE,"",0,4,366,820366,920366
"RDMM",4.16166862859778,0.91002584968408,0.023,0.759498738396947,0.098,-30795.7718574489,63670.7780538714,100,4.07999999999998,TRUE,"",0,4,366,820366,920366
"DGMM",NA,0.770656956039475,0.061,0.268971341701046,0.493,-33755.3662948513,69596.8746839551,17,2.07999999999998,TRUE,"",0,4,367,820367,920367
"RDMM",3.83013244869275,0.89860252908443,0.026,0.726113200798741,0.113,-30822.2674672434,63723.7692734603,118,4.70000000000005,TRUE,"",0,4,367,820367,920367
"DGMM",NA,0.898602505051401,0.026,0.314269862597106,0.499,-33582.726248297,69251.5945908466,23,2.82999999999998,TRUE,"",0,4,368,820368,920368
"RDMM",3.87140992186592,0.925369296079998,0.019,0.680612041988814,0.137,-30459.4716258745,62998.1775907226,118,4.75,TRUE,"",0,4,368,820368,920368
"DGMM",NA,0.81703347919223,0.048,0.473935985238687,0.253,-33412.9899155821,68912.1219254168,6,0.800000000000011,TRUE,"",0,4,369,820369,920369
"RDMM",4.22965050490519,0.917681612197773,0.021,0.771894345375245,0.092,-30333.7190801483,62746.6724992703,140,5.63,TRUE,"",0,4,369,820369,920369
"DGMM",NA,0.940840784611426,0.015,0.709282074006016,0.122,-33022.7823304849,68131.7067552224,18,2.19999999999999,TRUE,"",0,4,370,820370,920370
"RDMM",4.05702315326448,0.91384987499254,0.022,0.752286035696065,0.101,-30597.188208694,63273.6107563616,100,4.11000000000001,TRUE,"",0,4,370,820370,920370
"DGMM",NA,0.894810845628175,0.027,0.387809273490962,0.44,-33790.809757941,69667.7616101346,17,2.05000000000001,TRUE,"",0,4,371,820371,920371
"RDMM",3.94156311035048,0.91002596136595,0.023,0.699349648259218,0.126,-31170.6909584414,64420.6162558565,105,4.28000000000003,TRUE,"",0,4,371,820371,920371
"DGMM",NA,0.898602705625402,0.026,0.329937249394468,0.485,-33160.7947243386,68407.7315429298,17,2.11000000000001,TRUE,"",0,4,372,820372,920372
"RDMM",4.15740711945991,0.948624603745026,0.013,0.748300007674605,0.104,-30398.540925502,62876.3161899775,126,5.15999999999997,TRUE,"",0,4,372,820372,920372
"DGMM",NA,0.393853917919219,0.186,0.1590456560358,0.554,-33348.5733951576,68783.2888845679,32,3.86000000000001,TRUE,"",0,4,373,820373,920373
"RDMM",3.73197209448492,0.891026955870976,0.028,0.748952543867357,0.102,-30836.466644348,63752.1676276697,192,7.83000000000004,TRUE,"",0,4,373,820373,920373
"DGMM",NA,0.857333671272074,0.037,0.318298102366884,0.477,-33679.44294879,69445.0279918327,15,1.94,TRUE,"",0,4,374,820374,920374
"RDMM",3.97529036176147,0.917681654957116,0.021,0.570269808578749,0.22,-31115.5607420012,64310.3558229761,100,3.94999999999999,TRUE,"",0,4,374,820374,920374
"DGMM",NA,0.364248144151358,0.198,0.15157601292848,0.564,-32448.0651699129,66982.2724340784,32,3.72000000000003,TRUE,"",0,4,375,820375,920375
"RDMM",4.16416961019495,0.940840826551603,0.015,0.775862566148621,0.091,-30275.8019178094,62630.8381745925,100,3.44999999999999,TRUE,"",0,4,375,820375,920375
"DGMM",NA,0.831575746699846,0.044,0.355247813810235,0.402,-33289.6245534495,68665.3912011517,15,0.94,TRUE,"",0,4,376,820376,920376
"RDMM",3.78461908753756,0.933089079299455,0.017,0.746080140902389,0.105,-30536.8596459043,63152.9536307822,152,4.04,TRUE,"",0,4,376,820376,920376
"DGMM",NA,0.820656739032276,0.047,0.3086565128249,0.462,-33334.2867593759,68754.7156130043,12,1.48,TRUE,"",0,4,377,820377,920377
"RDMM",3.95484252443871,0.902402332470125,0.025,0.752271308892464,0.101,-30714.8708069125,63508.9759527985,129,5.44,TRUE,"",0,4,377,820377,920377
"DGMM",NA,0.917681650016038,0.021,0.406054050354164,0.394,-33275.0561795882,68636.2544534289,14,1.72,TRUE,"",0,4,378,820378,920378
"RDMM",4.16183680607709,0.956440408097083,0.011,0.778143974934858,0.09,-30632.3385252543,63343.9113894823,150,5.98,TRUE,"",0,4,378,820378,920378
"DGMM",NA,0.739339180435648,0.07,0.482498210829708,0.24,-33560.2439181021,69206.6299304568,6,0.780000000000001,TRUE,"",0,4,379,820379,920379
"RDMM",4.49833583003325,0.921521453297154,0.02,0.716344207517924,0.118,-30737.1886850812,63553.6117091359,193,7.67,TRUE,"",0,4,379,820379,920379
"DGMM",NA,0.846246213501344,0.04,0.347887800297709,0.419,-33945.6392018387,69977.42049793,19,2.29,TRUE,"",0,4,380,820380,920380
"RDMM",3.85270927377563,0.929225156559796,0.018,0.747937166134443,0.103,-31051.2279872792,64181.6903135321,132,5.39,TRUE,"",0,4,380,820380,920380
"DGMM",NA,-0.00140022371095695,0.486,-0.00129769573261272,0.721,-32034.8717402108,66155.8855746741,28,3.39,TRUE,"",0,4,381,820381,920381
"RDMM",3.99965045014311,0.940839254477035,0.015,0.757340055113626,0.1,-30747.6712143054,63574.5767675845,187,7.57,TRUE,"",0,4,381,820381,920381
"DGMM",NA,0.432437854551652,0.171,0.179083207531649,0.526,-33285.5480388231,68657.2381718989,21,2.51,TRUE,"",0,4,382,820382,920382
"RDMM",3.81950299673363,0.929225193568069,0.018,0.781489066857672,0.088,-30598.8207801212,63276.875899216,220,8.78,TRUE,"",0,4,382,820382,920382
"DGMM",NA,0.681960321906913,0.087,0.246839299852723,0.534,-33560.3587169652,69206.8595281829,23,2.83,TRUE,"",0,4,383,820383,920383
"RDMM",3.96931359885229,0.936960950400731,0.016,0.558592062830154,0.225,-30750.8139316844,63580.8622023424,108,4.25999999999999,TRUE,"",0,4,383,820383,920383
"DGMM",NA,-0.000358798382332402,0.489,-0.000435854970202882,0.732,-33041.9681655672,68170.078425387,31,3.8,TRUE,"",0,4,384,820384,920384
"RDMM",3.71632109226815,0.90621020160336,0.024,0.77528269409169,0.091,-31762.2056897043,65603.6457183823,118,4.81,TRUE,"",0,4,384,820384,920384
"DGMM",NA,0.00463552978457907,0.463,0.00259880934218302,0.725,-32485.5155523274,67057.1731989073,27,3.27000000000001,TRUE,"",0,4,385,820385,920385
"RDMM",3.75576894147712,0.898602639178768,0.026,0.743371656536003,0.105,-31263.141994818,64605.5183286096,102,4.08999999999999,TRUE,"",0,4,385,820385,920385
"DGMM",NA,0.864764709378516,0.035,0.347241131521526,0.39,-33626.469735633,69339.0815655185,12,1.49000000000001,TRUE,"",0,4,386,820386,920386
"RDMM",3.85640453930791,0.921521501516602,0.02,0.689741157070716,0.131,-31013.619234301,64106.4728075757,154,6.28,TRUE,"",0,4,386,820386,920386
"DGMM",NA,0.312389759491775,0.22,0.144206038927175,0.585,-33119.1369555045,68324.4160052616,28,3.33999999999999,TRUE,"",0,4,387,820387,920387
"RDMM",3.56646609463471,0.910020836090754,0.023,0.763620623529794,0.097,-30752.556332992,63584.3470049577,245,10.3,TRUE,"",0,4,387,820387,920387
"DGMM",NA,0.887251218870015,0.029,0.364671738416005,0.411,-33849.8742334616,69785.8905611758,16,1.98,TRUE,"",0,4,388,820388,920388
"RDMM",3.92863533339057,0.940840815807639,0.015,0.749758617114757,0.103,-30861.3646373239,63801.9636136214,204,8.11,TRUE,"",0,4,388,820388,920388
"DGMM",NA,0.424454653548816,0.174,0.185473977951811,0.533,-32639.862658688,67365.8674116286,18,2.20999999999999,TRUE,"",0,4,389,820389,920389
"RDMM",4.34789171110919,0.944728605668809,0.014,0.799604582584242,0.08,-30351.8102642067,62782.854867387,190,7.64,TRUE,"",0,4,389,820389,920389
"DGMM",NA,0.472856198336473,0.156,0.197774011509539,0.514,-33050.4579205068,68187.0579352662,17,2.05,TRUE,"",0,4,390,820390,920390
"RDMM",3.7716611310109,0.921521490313842,0.02,0.767764189059998,0.094,-30384.8986786783,62849.0316963303,152,6.11,TRUE,"",0,4,390,820390,920390
"DGMM",NA,0.315281324989434,0.219,0.122061842061401,0.592,-33103.6126507211,68293.3673956949,23,2.94,TRUE,"",0,4,391,820391,920391
"RDMM",3.77290320153177,0.917681620559604,0.021,0.75204756645709,0.101,-30682.4086835461,63444.0517060658,114,4.66,TRUE,"",0,4,391,820391,920391
"DGMM",NA,0.746245079819468,0.068,0.291669020407957,0.5,-33439.788065107,68965.7182244666,17,2.04999999999998,TRUE,"",0,4,392,820392,920392
"RDMM",4.15883404858891,0.917681648226481,0.021,0.725198150032358,0.114,-30868.2528870732,63815.7401131201,183,7.34999999999999,TRUE,"",0,4,392,820392,920392
"DGMM",NA,-0.000465557559935646,0.496,0.000607636851639655,0.723,-32308.102611588,66702.3473174286,27,3.30000000000001,TRUE,"",0,4,393,820393,920393
"RDMM",4.00111693681073,0.964288259978855,0.009,0.785979814204677,0.087,-30935.6949835951,63950.6243061638,105,4.25,TRUE,"",0,4,393,820393,920393
"DGMM",NA,0.00440639295861708,0.464,0.00159902309651047,0.717,-32131.8998733947,66349.941841042,40,4.86000000000001,TRUE,"",0,4,394,820394,920394
"RDMM",4.05729263039443,0.910025977342736,0.023,0.686099043542869,0.132,-30976.1082722133,64031.4508834003,180,7.17000000000002,TRUE,"",0,4,394,820394,920394
"DGMM",NA,0.853629747138719,0.038,0.368491327419488,0.407,-33313.5694646574,68713.2810235674,17,2.05000000000001,TRUE,"",0,4,395,820395,920395
"RDMM",4.10361874217683,0.910026018308826,0.023,0.73184775754194,0.11,-30619.436548711,63318.1074363956,185,7.39000000000001,TRUE,"",0,4,395,820395,920395
"DGMM",NA,0.861045248133755,0.036,0.339745541355107,0.493,-33173.387130005,68432.9163542625,16,1.97,TRUE,"",0,4,396,820396,920396
"RDMM",4.01910904664523,0.948624584965727,0.013,0.782731160160627,0.088,-30137.4891880003,62354.2127149742,112,4.56,TRUE,"",0,4,396,820396,920396
"DGMM",NA,0.34991466308997,0.204,0.153617999292381,0.523,-32949.6844190369,67985.5109323264,33,3.91,TRUE,"",0,4,397,820397,920397
"RDMM",4.11806375066509,0.925369326116525,0.019,0.755735667852441,0.1,-30827.2568104964,63733.7479599663,126,5.28,TRUE,"",0,4,397,820397,920397
"DGMM",NA,0.853629670263635,0.038,0.30645483036733,0.485,-34365.181128219,70816.5043506906,19,2.28,TRUE,"",0,4,398,820398,920398
"RDMM",3.66425962359225,0.910025982483694,0.023,0.755046798120901,0.1,-31245.2414211642,64569.717181302,173,6.90000000000001,TRUE,"",0,4,398,820398,920398
"DGMM",NA,0.00154600611013041,0.476,0.00133289123449019,0.723,-32212.5523384781,66511.2467712089,35,4.25,TRUE,"",0,4,399,820399,920399
"RDMM",3.88752683838351,0.929225173909982,0.018,0.757236500747852,0.099,-30832.5290909405,63744.2925208546,100,4.10999999999999,TRUE,"",0,4,399,820399,920399
"DGMM",NA,0.929225179011441,0.018,0.409895557758092,0.452,-32926.1954788063,67938.5330518653,16,1.96000000000001,TRUE,"",0,4,400,820400,920400
"RDMM",4.0102266081878,0.960360325900093,0.01,0.79713624780783,0.082,-30357.1901011918,62793.6145413573,127,5.07999999999998,TRUE,"",0,4,400,820400,920400
"DGMM",NA,0.906210198030705,0.024,0.381684062333066,0.377,-33867.5377925853,69821.2176794233,14,1.72,TRUE,"",0,4,401,820401,920401
"RDMM",4.08230055129429,0.944728721551223,0.014,0.745623159664431,0.105,-30865.0498600007,63809.334058975,180,7.16,TRUE,"",0,4,401,820401,920401
"DGMM",NA,0.0028068109703691,0.467,0.00113849019521545,0.723,-31718.0034819698,65522.1490581922,31,3.82999999999998,TRUE,"",0,4,402,820402,920402
"RDMM",3.78903657554883,0.921521431404939,0.02,0.778443087785233,0.089,-30425.8709767623,62930.9762924982,100,4.03,TRUE,"",0,4,402,820402,920402
"DGMM",NA,0.481149260044217,0.153,0.199271472079949,0.558,-33153.3295573522,68392.8012089571,22,2.71000000000001,TRUE,"",0,4,403,820403,920403
"RDMM",4.2658532279186,0.929225213828652,0.018,0.761963628575354,0.097,-30863.0448464377,63805.3240318489,123,4.94999999999999,TRUE,"",0,4,403,820403,920403
"DGMM",NA,-0.000216033988223453,0.488,-0.000633064905727431,0.724,-32386.0936645446,66858.3294233418,28,3.38999999999999,TRUE,"",0,4,404,820404,920404
"RDMM",3.67009155599964,0.925369324680745,0.019,0.73113377474614,0.111,-31090.4412006465,64260.1167402666,100,4.09999999999999,TRUE,"",0,4,404,820404,920404
"DGMM",NA,0.936960920733226,0.016,0.576488989554193,0.196,-33299.5433891489,68685.2288725503,18,2.14000000000001,TRUE,"",0,4,405,820405,920405
"RDMM",4.21211645902265,0.960360347830748,0.01,0.797267417124372,0.082,-30384.194888453,62847.6241158797,100,4.13999999999999,TRUE,"",0,4,405,820405,920405
"DGMM",NA,-4.66378768515598e-05,0.485,-0.000783164580251023,0.738,-31733.0644320877,65552.270958428,58,6.91000000000003,TRUE,"",0,4,406,820406,920406
"RDMM",4.01505367689853,0.933089087640918,0.017,0.733146014095683,0.111,-30458.2510682057,62995.736475385,108,4.44999999999999,TRUE,"",0,4,406,820406,920406
"DGMM",NA,0.891027023489231,0.028,0.360587424697563,0.394,-33272.5005939376,68631.1432821278,23,2.75999999999999,TRUE,"",0,4,407,820407,920407
"RDMM",4.09628249737472,0.936960991659285,0.016,0.759325877721073,0.099,-30591.5695459512,63262.373430876,109,4.44999999999999,TRUE,"",0,4,407,820407,920407
"DGMM",NA,0.216579395584337,0.267,0.0898379372872453,0.582,-33531.632254977,69149.4066042066,28,3.31999999999999,TRUE,"",0,4,408,820408,920408
"RDMM",3.93472458103091,0.944728675554002,0.014,0.745396182434145,0.105,-30871.7891382517,63822.812615477,109,4.40999999999997,TRUE,"",0,4,408,820408,920408
"DGMM",NA,0.532462188045567,0.135,0.217499781442043,0.527,-33017.2427102066,68120.6275146657,29,3.42000000000002,TRUE,"",0,4,409,820409,920409
"RDMM",3.93920857918662,0.902402308129777,0.025,0.709811112439263,0.121,-30447.0122394462,62973.2588178659,100,4.11000000000001,TRUE,"",0,4,409,820409,920409
"DGMM",NA,0.81341741887119,0.049,0.559779236959283,0.196,-33505.7379856943,69097.6180656412,6,0.75,TRUE,"",0,4,410,820410,920410
"RDMM",4.41813728224351,0.925369383906621,0.019,0.767922091410507,0.094,-30115.9980461112,62311.2304311961,100,4.03000000000003,TRUE,"",0,4,410,820410,920410
"DGMM",NA,0.25909532466902,0.245,0.126420626485707,0.576,-33270.3503440361,68626.8427823248,38,4.64999999999998,TRUE,"",0,4,411,820411,920411
"RDMM",3.93332655674448,0.940840489207494,0.015,0.765242938838505,0.095,-30628.4794808977,63336.1933007691,106,4.36000000000001,TRUE,"",0,4,411,820411,920411
"DGMM",NA,0.894811013431157,0.027,0.420654076815894,0.45,-31926.7252953268,65939.5926849061,20,2.59000000000003,TRUE,"",0,4,412,820412,920412
"RDMM",4.58993507578123,0.925369311758724,0.019,0.766487634579173,0.095,-29820.4420112063,61720.1183613862,107,4.25,TRUE,"",0,4,412,820412,920412
"DGMM",NA,-0.000799044155590341,0.492,-0.00072478013821454,0.734,-32203.0489399149,66492.2399740823,27,3.31999999999999,TRUE,"",0,4,413,820413,920413
"RDMM",3.48751627053991,0.910026036489681,0.023,0.728973185479914,0.112,-30800.3345233315,63679.9033856367,197,7.94999999999999,TRUE,"",0,4,413,820413,920413
"DGMM",NA,0.000712280900203686,0.48,0.000186551370700858,0.728,-32210.7703922316,66507.6828787157,52,6.06999999999999,TRUE,"",0,4,414,820414,920414
"RDMM",3.65503250419297,0.913849856798482,0.022,0.762790357981398,0.096,-30864.6121048265,63808.4585486265,100,3.56,TRUE,"",0,4,414,820414,920414
"DGMM",NA,0.774175620082332,0.06,0.330189303146423,0.405,-33666.6058992811,69419.3538928147,12,0.980000000000018,TRUE,"",0,4,415,820415,920415
"RDMM",4.0828516532521,0.929225173909982,0.018,0.735789833462896,0.109,-30929.1571206476,63937.5485802688,215,5.38,TRUE,"",0,4,415,820415,920415
"DGMM",NA,0.809809734178954,0.05,0.317389204562689,0.462,-33526.3946371475,69138.9313685476,11,0.830000000000041,TRUE,"",0,4,416,820416,920416
"RDMM",4.05433936256527,0.921521458517313,0.02,0.772860031292731,0.092,-30575.8289475736,63230.8922341208,100,2.46999999999997,TRUE,"",0,4,416,820416,920416
"DGMM",NA,0.440382629731873,0.168,0.187844043838681,0.531,-33305.5283145451,68697.1987233429,29,2.05000000000001,TRUE,"",0,4,417,820417,920417
"RDMM",3.78879063703811,0.936960934755938,0.016,0.786031925223513,0.087,-30658.3106748259,63395.8556886254,146,3.36000000000001,TRUE,"",0,4,417,820417,920417
"DGMM",NA,0.887251205074452,0.029,0.369982796881209,0.425,-33851.6304827673,69789.4030597871,28,1.57,TRUE,"",0,4,418,820418,920418
"RDMM",3.75538109324318,0.936960900313113,0.016,0.745017801058039,0.105,-30816.0722129873,63711.3787649483,170,5.78,TRUE,"",0,4,418,820418,920418
"DGMM",NA,0.340438300765003,0.208,0.151229685023945,0.55,-33738.2178814907,69562.5778572339,21,2.56,TRUE,"",0,4,419,820419,920419
"RDMM",3.79884363044996,0.894810780600666,0.027,0.705408764500311,0.123,-31180.4095619646,64440.0534629028,160,6.58,TRUE,"",0,4,419,820419,920419
"DGMM",NA,0.861045047531194,0.036,0.335536747711552,0.446,-33080.8512972461,68247.8446887448,14,1.7,TRUE,"",0,4,420,820420,920420
"RDMM",4.12678768878994,0.913849786653293,0.022,0.777523448627945,0.09,-30629.7005856925,63338.6355103585,100,4.15,TRUE,"",0,4,420,820420,920420
"DGMM",NA,0.308397388903278,0.222,0.114403748244996,0.59,-33148.5237738144,68383.1896418814,29,3.48,TRUE,"",0,4,421,820421,920421
"RDMM",3.70531268549479,0.936960955426669,0.016,0.759571250435642,0.098,-30845.4603587538,63770.1550564813,100,4.06,TRUE,"",0,4,421,820421,920421
"DGMM",NA,0.894810717468591,0.027,0.41001886554507,0.394,-33265.8497796372,68617.8416535269,30,3.59,TRUE,"",0,4,422,820422,920422
"RDMM",4.32184105239092,0.936960899800715,0.016,0.744662288955605,0.105,-30622.406757819,63324.0478546117,102,4.18,TRUE,"",0,4,422,820422,920422
"DGMM",NA,0.255127921322016,0.247,0.116764199389139,0.579,-33011.302796471,68108.7476871946,33,3.95,TRUE,"",0,4,423,820423,920423
"RDMM",4.02292915797262,0.952528448901979,0.012,0.710438847893352,0.126,-30977.6350685292,64034.5044760321,108,4.41,TRUE,"",0,4,423,820423,920423
"DGMM",NA,0.809810233943997,0.05,0.350716954401138,0.437,-33141.6343966808,68369.4108876141,11,1.38,TRUE,"",0,4,424,820424,920424
"RDMM",4.34676290364106,0.944728684355765,0.014,0.765508665695188,0.096,-30681.1280328235,63441.4904046205,114,4.59,TRUE,"",0,4,424,820424,920424
"DGMM",NA,0.806210438097186,0.051,0.314225445532202,0.458,-34112.5688736876,70311.2798416277,15,1.81,TRUE,"",0,4,425,820425,920425
"RDMM",4.02465590593284,0.936960662459511,0.016,0.70911150536911,0.122,-31070.9894447146,64221.2132284029,229,9.16999999999999,TRUE,"",0,4,425,820425,920425
"DGMM",NA,0.88348363100847,0.03,0.650943293818163,0.149,-33597.0278679086,69280.1978300699,20,2.40000000000001,TRUE,"",0,4,426,820426,920426
"RDMM",4.20012573807652,0.948624612215473,0.013,0.779010824642061,0.091,-30602.7863281698,63284.8069953132,118,4.8,TRUE,"",0,4,426,820426,920426
"DGMM",NA,0.31736657250614,0.218,0.127442449923676,0.584,-33058.0840168735,68202.3101279996,30,3.8,TRUE,"",0,4,427,820427,920427
"RDMM",4.11895353493056,0.910026025065343,0.023,0.761142914103786,0.097,-30814.9436854067,63709.1217097869,115,4.67,TRUE,"",0,4,427,820427,920427
"DGMM",NA,0.453775453919549,0.163,0.192233723140756,0.549,-33552.6504302378,69191.4429547282,25,3.03,TRUE,"",0,4,428,820428,920428
"RDMM",3.91990143504237,0.929225173262087,0.018,0.743708552300954,0.106,-31198.8578602927,64476.9500595591,100,4.05,TRUE,"",0,4,428,820428,920428
"DGMM",NA,0.393852231900059,0.186,0.159703993355219,0.557,-32597.7225501164,67281.5871944854,21,2.55,TRUE,"",0,4,429,820429,920429
"RDMM",3.99247034647247,0.929225170260895,0.018,0.775361536443412,0.091,-30346.3299019268,62771.8941428273,207,8.33000000000001,TRUE,"",0,4,429,820429,920429
"DGMM",NA,0.868492499152721,0.034,0.378158854258365,0.478,-32962.2102887608,68010.5626717743,19,2.42,TRUE,"",0,4,430,820430,920430
"RDMM",4.00041420511774,0.944728731527955,0.014,0.775095941171204,0.091,-30275.6515217485,62630.5373824707,182,7.54000000000001,TRUE,"",0,4,430,820430,920430
"DGMM",NA,0.478378655606182,0.154,0.231142816566032,0.511,-33670.4272373445,69426.9965689417,10,1.23,TRUE,"",0,4,431,820431,920431
"RDMM",4.05133587997144,0.910025959219556,0.023,0.527817969106503,0.29,-30752.4619034566,63584.1581458868,172,6.88999999999999,TRUE,"",0,4,431,820431,920431
"DGMM",NA,0.929225182079578,0.018,0.320365953648713,0.461,-33868.6577344624,69823.4575631774,15,1.88000000000001,TRUE,"",0,4,432,820432,920432
"RDMM",4.02391318212894,0.936960909797021,0.016,0.514957193033508,0.293,-30830.7880150308,63740.8103690351,218,8.66000000000001,TRUE,"",0,4,432,820432,920432
"DGMM",NA,0.857333030195775,0.037,0.31091386149837,0.49,-34136.6084109499,70359.3589161525,23,2.77999999999999,TRUE,"",0,4,433,820433,920433
"RDMM",3.77904871301614,0.925369349447941,0.019,0.681999194515958,0.135,-31404.6233274738,64888.4809939212,178,7.22,TRUE,"",0,4,433,820433,920433
"DGMM",NA,0.388714272124227,0.188,0.162457140644794,0.546,-32754.9067423302,67595.9555789131,26,3.13,TRUE,"",0,4,434,820434,920434
"RDMM",3.92759965777334,0.936960907104659,0.016,0.725461600612589,0.115,-30602.8530152639,63284.9403695015,214,8.53,TRUE,"",0,4,434,820434,920434
"DGMM",NA,0.319723026766377,0.217,0.148941525004796,0.523,-33256.7676487975,68599.6773918476,23,2.93000000000001,TRUE,"",0,4,435,820435,920435
"RDMM",3.78602525793392,0.925369353008673,0.019,0.743621347818473,0.106,-30617.3604194631,63313.9551778998,191,7.63999999999999,TRUE,"",0,4,435,820435,920435
"DGMM",NA,0.906210207165334,0.024,0.385060097931012,0.408,-33868.3455276602,69822.8331495729,19,2.35999999999999,TRUE,"",0,4,436,820436,920436
"RDMM",3.73483882773538,0.913849847052994,0.022,0.743698702968459,0.106,-30854.5812732888,63788.3968855511,100,4.06,TRUE,"",0,4,436,820436,920436
"DGMM",NA,0.586342828782793,0.117,0.255546457212072,0.445,-33803.1550440903,69692.4521824332,13,1.59,TRUE,"",0,4,437,820437,920437
"RDMM",4.0833250312452,0.952528447645456,0.012,0.746859090828532,0.105,-30799.6421061554,63678.5185512845,102,4.09,TRUE,"",0,4,437,820437,920437
"DGMM",NA,0.383824573558408,0.19,0.17864210056352,0.569,-33100.7254939584,68287.5930821693,31,3.74000000000001,TRUE,"",0,4,438,820438,920438
"RDMM",3.74731385591291,0.902402365084547,0.025,0.719804044688271,0.117,-30869.9923664256,63819.2190718249,159,6.37,TRUE,"",0,4,438,820438,920438
"DGMM",NA,0.913849776414713,0.022,0.409179122444593,0.367,-33408.5014505661,68903.1449953848,18,2.17000000000002,TRUE,"",0,4,439,820439,920439
"RDMM",4.1455653215906,0.906210163643885,0.024,0.724866354355684,0.114,-31006.7125223074,64092.6593835883,184,7.36000000000001,TRUE,"",0,4,439,820439,920439
"DGMM",NA,0.902402321705046,0.025,0.419284362920637,0.417,-32848.7864738934,67783.7150420395,16,2,TRUE,"",0,4,440,820440,920440
"RDMM",4.23260713246527,0.925369307661963,0.019,0.726212033450195,0.114,-30410.1736227371,62899.5815844479,157,6.39000000000001,TRUE,"",0,4,440,820440,920440
"DGMM",NA,0.732473420357979,0.072,0.450789607287058,0.255,-32598.7453954594,67283.6328851715,20,2.40000000000001,TRUE,"",0,4,441,820441,920441
"RDMM",4.13453123089146,0.921521490313842,0.02,0.740234739037131,0.107,-30187.5385976604,62454.3115342944,105,4.22,TRUE,"",0,4,441,820441,920441
"DGMM",NA,-0.000787949620533419,0.497,-0.00110715095212368,0.727,-32162.9791817149,66412.1004576824,30,3.81,TRUE,"",0,4,442,820442,920442
"RDMM",3.65576620956454,0.910025965658738,0.023,0.708692841325464,0.121,-30790.1736529297,63659.581644833,202,7.97,TRUE,"",0,4,442,820442,920442
"DGMM",NA,0.891027038541898,0.028,0.597888708796547,0.182,-33902.0519159486,69890.2459261498,21,2.55000000000001,TRUE,"",0,4,443,820443,920443
"RDMM",3.74354761364171,0.929225220313262,0.018,0.756837682908855,0.101,-30817.0668373526,63713.3680136789,100,4.04999999999998,TRUE,"",0,4,443,820443,920443
"DGMM",NA,0.83157583554662,0.044,0.352338087243893,0.415,-32851.6460173177,67789.4341288879,14,1.70999999999998,TRUE,"",0,4,444,820444,920444
"RDMM",4.17289454979759,0.940840793944117,0.015,0.730368116498023,0.112,-30491.5135271723,63062.2613933182,164,6.57999999999998,TRUE,"",0,4,444,820444,920444
"DGMM",NA,0.846246711572867,0.04,0.336807934399078,0.383,-34490.8065007231,71067.7550956989,13,1.59999999999999,TRUE,"",0,4,445,820445,920445
"RDMM",3.7426459640577,0.906210182806319,0.024,0.71519484896638,0.118,-31113.8546166094,64306.9435721925,100,4.02000000000001,TRUE,"",0,4,445,820445,920445
"DGMM",NA,0.233240381985602,0.258,0.106721744273858,0.587,-33285.3751214559,68656.8923371644,43,5.12,TRUE,"",0,4,446,820446,920446
"RDMM",3.83252924917894,0.929224868229578,0.018,0.730253053492309,0.112,-30846.6403815718,63772.5151021172,154,6.13,TRUE,"",0,4,446,820446,920446
"DGMM",NA,0.695242152498019,0.083,0.271195121993206,0.488,-33333.5297752997,68753.201644852,19,2.29999999999998,TRUE,"",0,4,447,820447,920447
"RDMM",4.04538295366225,0.910026024372959,0.023,0.732241338165843,0.11,-30477.4901233843,63034.2145857421,100,4.20999999999998,TRUE,"",0,4,447,820447,920447
"DGMM",NA,0.817033114107449,0.048,0.284691521789119,0.508,-33977.5119800244,70041.1660543014,10,1.24000000000001,TRUE,"",0,4,448,820448,920448
"RDMM",3.86843866418776,0.925369368572512,0.019,0.556327333109283,0.236,-30976.5808268245,64032.3959926227,163,6.51999999999998,TRUE,"",0,4,448,820448,920448
"DGMM",NA,0.756656086091338,0.065,0.284760796566191,0.43,-33305.5294422841,68697.2009788208,10,1.25,TRUE,"",0,4,449,820449,920449
"RDMM",4.15243563998562,0.93308899399242,0.017,0.769561605675108,0.093,-30419.1519922459,62917.5383234655,127,5.21000000000004,TRUE,"",0,4,449,820449,920449
"DGMM",NA,0.849933882674527,0.039,0.517339799378292,0.224,-32649.6849051263,67385.5119045052,11,1.37,TRUE,"",0,4,450,820450,920450
"RDMM",4.1155789841354,0.948624625617949,0.013,0.794995177302242,0.083,-29984.1442954674,62047.5229299084,120,4.77999999999997,TRUE,"",0,4,450,820450,920450
"DGMM",NA,0.902401020214468,0.025,0.308582465757303,0.503,-33546.6272112873,69179.3965168272,26,3.08000000000004,TRUE,"",0,4,451,820451,920451
"RDMM",3.90522826573923,0.936959417146893,0.016,0.759573123751684,0.098,-30496.965997297,63073.1663335677,112,4.52999999999997,TRUE,"",0,4,451,820451,920451
"DGMM",NA,0.887251253865031,0.029,0.374113789522497,0.371,-33630.4301281161,69347.0023504848,13,1.58000000000004,TRUE,"",0,4,452,820452,920452
"RDMM",3.83617853384729,0.936960906158693,0.016,0.730143525828289,0.112,-30792.5849146255,63664.4041682247,102,4.06,TRUE,"",0,4,452,820452,920452
"DGMM",NA,-0.000412410900849615,0.494,-0.000198727435795504,0.738,-32359.9719431012,66806.0859804551,42,5.11000000000001,TRUE,"",0,4,453,820453,920453
"RDMM",3.82938080353451,0.917681600842785,0.021,0.751499413646822,0.102,-30997.6385221235,64074.5113832206,119,4.77999999999997,TRUE,"",0,4,453,820453,920453
"DGMM",NA,0.827928646430973,0.045,0.367774905479456,0.466,-33070.8326155585,68227.8073253695,17,2.09999999999997,TRUE,"",0,4,454,820454,920454
"RDMM",4.22552185110385,0.944728679084277,0.014,0.754828455636402,0.101,-30442.0235776257,62963.2814942251,236,9.47000000000003,TRUE,"",0,4,454,820454,920454
"DGMM",NA,0.861045019301363,0.036,0.385879340297638,0.447,-33539.2987476631,69164.7395895788,17,2.13999999999999,TRUE,"",0,4,455,820455,920455
"RDMM",4.16332930883913,0.93308910015311,0.017,0.730689825866619,0.112,-30736.9330098079,63553.1003585894,153,6.28000000000003,TRUE,"",0,4,455,820455,920455
"DGMM",NA,0.809758352184182,0.05,0.365921996269365,0.382,-33414.1303132316,68914.4027207158,13,1.57999999999998,TRUE,"",0,4,456,820456,920456
"RDMM",3.8616637433553,0.902396106021022,0.025,0.697861930684344,0.127,-30765.374940952,63609.9842208777,114,4.47999999999996,TRUE,"",0,4,456,820456,920456
"DGMM",NA,0.91384984152834,0.022,0.376206638013098,0.415,-33238.9508888553,68564.0438719631,14,1.69999999999999,TRUE,"",0,4,457,820457,920457
"RDMM",4.07710923199184,0.95252848285774,0.012,0.781110971920225,0.089,-30550.962102599,63181.1585441716,128,4.52999999999997,TRUE,"",0,4,457,820457,920457
"DGMM",NA,0.414204876188674,0.178,0.182454883396929,0.552,-33147.2030524178,68380.5481990882,31,2.53000000000003,TRUE,"",0,4,458,820458,920458
"RDMM",3.68218474965844,0.90240234390489,0.025,0.7384264413027,0.107,-30775.2378100229,63629.7099590194,100,2.59999999999997,TRUE,"",0,4,458,820458,920458
"DGMM",NA,0.868492371128203,0.034,0.347251325574744,0.472,-34124.5490338577,70335.2401619681,37,1.96,TRUE,"",0,4,459,820459,920459
"RDMM",3.71879669956407,0.95252848247188,0.012,0.766296428175969,0.096,-31049.8897952163,64179.0139294062,100,3.54,TRUE,"",0,4,459,820459,920459
"DGMM",NA,0.503640843084122,0.145,0.204077505011669,0.554,-33750.5626768767,69587.2674480059,22,2.64,TRUE,"",0,4,460,820460,920460
"RDMM",3.74995993531019,0.910025941979161,0.023,0.696029776846591,0.128,-30974.3015270264,64027.8373930263,100,4.28,TRUE,"",0,4,460,820460,920460
"DGMM",NA,0.373906027163138,0.194,0.151025006295303,0.546,-33741.0359406883,69568.2139756292,14,1.7,TRUE,"",0,4,461,820461,920461
"RDMM",3.63758296958045,0.936960967622121,0.016,0.701429947537021,0.126,-31019.0289560891,64117.2922511519,100,3.98,TRUE,"",0,4,461,820461,920461
"DGMM",NA,0.69859104473757,0.082,0.303042984603009,0.415,-34094.0614220538,70274.2649383603,11,1.43,TRUE,"",0,4,462,820462,920462
"RDMM",3.82750986537495,0.94472853234353,0.014,0.760985236195159,0.099,-30950.2794711004,63979.7932811745,124,4.89,TRUE,"",0,4,462,820462,920462
"DGMM",NA,0.239214532422437,0.255,0.113913390451386,0.589,-33562.6896674535,69211.5214291596,28,3.44,TRUE,"",0,4,463,820463,920463
"RDMM",3.77064991077722,0.936960924091603,0.016,0.75833621552037,0.099,-30704.0402093636,63487.3147577009,170,6.97,TRUE,"",0,4,463,820463,920463
"DGMM",NA,0.875972328097564,0.032,0.31952121623192,0.475,-33058.2367742333,68202.6156427191,18,2.19,TRUE,"",0,4,464,820464,920464
"RDMM",4.13485788329861,0.929223997764631,0.018,0.773330080785246,0.092,-30494.7042766542,63068.642892282,100,3.98,TRUE,"",0,4,464,820464,920464
"DGMM",NA,0.328849686622984,0.213,0.140475809138465,0.591,-33361.2572620405,68808.6566183336,26,3.2,TRUE,"",0,4,465,820465,920465
"RDMM",3.98265339367794,0.929225199486484,0.018,0.762218095724411,0.097,-31033.9874412993,64147.2092215722,100,4,TRUE,"",0,4,465,820465,920465
"DGMM",NA,0.88725124822534,0.029,0.397583380398699,0.408,-33708.7932699234,69503.7286340995,15,1.83,TRUE,"",0,4,466,820466,920466
"RDMM",3.94696367474291,0.891026972922301,0.028,0.718924475343123,0.117,-30956.6700018763,63992.5743427263,100,4.02,TRUE,"",0,4,466,820466,920466
"DGMM",NA,0.356990264794932,0.201,0.148870959419211,0.581,-32815.7791000123,67717.7002942771,22,2.69,TRUE,"",0,4,467,820467,920467
"RDMM",4.11327750831521,0.906210214960216,0.024,0.753407178557495,0.1,-30697.4756873194,63474.1857136124,100,4.11,TRUE,"",0,4,467,820467,920467
"DGMM",NA,-0.00106717945621395,0.494,-0.000253418844894699,0.731,-31959.051251756,66004.2445977646,25,3,TRUE,"",0,4,468,820468,920468
"RDMM",3.67627950291202,0.944728742817901,0.014,0.747300266754218,0.104,-30697.0940135183,63473.4223660103,100,4.06,TRUE,"",0,4,468,820468,920468
"DGMM",NA,0.861045199807678,0.036,0.308249275227103,0.5,-34587.4448105376,71261.0317153277,16,1.97000000000001,TRUE,"",0,4,469,820469,920469
"RDMM",3.76501872349929,0.9215214435136,0.02,0.742411933933614,0.106,-31367.088019975,64813.4103789237,100,4.23999999999999,TRUE,"",0,4,469,820469,920469
"DGMM",NA,0.842567362509849,0.041,0.34145086207299,0.409,-33236.8306268019,68559.8033478563,17,2.02,TRUE,"",0,4,470,820470,920470
"RDMM",3.82615143568069,0.94862460986971,0.013,0.740518621180013,0.107,-30474.3939251665,63028.0221893066,117,4.74000000000001,TRUE,"",0,4,470,820470,920470
"DGMM",NA,0.598664580180494,0.113,0.253752567442887,0.519,-33446.2703784987,68978.68285125,15,1.81,TRUE,"",0,4,471,820471,920471
"RDMM",4.11881796030407,0.933089058355677,0.017,0.753267655165791,0.101,-30929.1609175428,63937.5561740593,100,4.11,TRUE,"",0,4,471,820471,920471
"DGMM",NA,0.806203722728263,0.051,0.306274185943154,0.455,-33562.9793065143,69212.1007072812,14,1.70999999999999,TRUE,"",0,4,472,820472,920472
"RDMM",3.71157190564037,0.9603595645903,0.01,0.772842589844644,0.093,-30454.5276546902,62988.2896483541,175,6.99000000000001,TRUE,"",0,4,472,820472,920472
"DGMM",NA,0.849934180934206,0.039,0.356961112614817,0.39,-33302.9459935254,68692.0340813033,12,1.5,TRUE,"",0,4,473,820473,920473
"RDMM",4.1889283637155,0.92922518994962,0.018,0.734550923992269,0.11,-30557.225763084,63193.6858651415,144,6.25,TRUE,"",0,4,473,820473,920473
"DGMM",NA,0.806210752272757,0.051,0.363349191795407,0.436,-32716.1350839831,67518.4122622188,13,1.62,TRUE,"",0,4,474,820474,920474
"RDMM",4.23752037883704,0.93696095801392,0.016,0.758082252536124,0.099,-30304.0010350308,62687.2364090351,274,10.87,TRUE,"",0,4,474,820474,920474
"DGMM",NA,0.774175430738658,0.06,0.352459964967798,0.484,-32650.4753324501,67387.0927591528,28,3.47,TRUE,"",0,4,475,820475,920475
"RDMM",4.2583137107247,0.913849794873989,0.022,0.778002833325434,0.09,-30308.0161688326,62695.2666766388,183,7.33,TRUE,"",0,4,475,820475,920475
"DGMM",NA,0.887251161872919,0.029,0.330114984098253,0.466,-33083.2768982896,68252.6958908319,15,1.85999999999999,TRUE,"",0,4,476,820476,920476
"RDMM",4.13913059808649,0.933089023380699,0.017,0.754296672687811,0.101,-30174.6095009374,62428.4533408484,300,12.08,TRUE,"",0,4,476,820476,920476
"DGMM",NA,0.883483318434384,0.03,0.436677494524801,0.487,-33048.5078285435,68183.1577513397,35,4.18000000000001,TRUE,"",0,4,477,820477,920477
"RDMM",4.25517078268107,0.944728723876381,0.014,0.753752365825637,0.101,-30722.9289040409,63525.0921470554,105,4.31999999999999,TRUE,"",0,4,477,820477,920477
"DGMM",NA,0.838894799587866,0.042,0.326824931603364,0.419,-33248.8103737547,68583.7628417621,15,1.86000000000001,TRUE,"",0,4,478,820478,920478
"RDMM",4.0460679061316,0.90621011773611,0.024,0.729494404768647,0.112,-30666.9243411789,63413.0830213314,100,4.10999999999999,TRUE,"",0,4,478,820478,920478
"DGMM",NA,0.906210182806319,0.024,0.366154272455495,0.42,-33849.0724565883,69784.2870074293,16,1.94,TRUE,"",0,4,479,820479,920479
"RDMM",3.72664346420578,0.944728726934353,0.014,0.760795230959741,0.098,-30670.7068593306,63420.6480576348,106,4.36000000000001,TRUE,"",0,4,479,820479,920479
"DGMM",NA,0.91384228598504,0.022,0.309522736345884,0.484,-33695.3142882634,69476.7706707794,16,2.03999999999999,TRUE,"",0,4,480,820480,920480
"RDMM",3.88891771048991,0.925359801870918,0.019,0.55960603793627,0.205,-30878.235083139,63835.7045052516,168,6.64000000000001,TRUE,"",0,4,480,820480,920480
"DGMM",NA,0.299656796668504,0.226,0.120089910630491,0.594,-33191.9579503581,68470.0579949688,31,3.66,TRUE,"",0,4,481,820481,920481
"RDMM",3.82939973247105,0.913849815591461,0.022,0.731411696437018,0.111,-30800.4844461966,63680.2032313669,160,6.42000000000002,TRUE,"",0,4,481,820481,920481
"DGMM",NA,0.88348363328929,0.03,0.431212651811786,0.505,-33513.5164980802,69113.175090413,46,5.55000000000001,TRUE,"",0,4,482,820482,920482
"RDMM",3.88334057961054,0.921521445381987,0.02,0.770442882415563,0.093,-30552.9921026526,63185.2185442789,100,4.06,TRUE,"",0,4,482,820482,920482
"DGMM",NA,0.63644496229704,0.101,0.264519161082447,0.469,-33378.852221336,68843.8465369246,23,3.03,TRUE,"",0,4,483,820483,920483
"RDMM",3.95658969380621,0.936960968888459,0.016,0.757267855970278,0.099,-30835.2199186051,63749.6741761838,100,3.98999999999998,TRUE,"",0,4,483,820483,920483
"DGMM",NA,0.802618463877978,0.052,0.33969184475274,0.438,-33385.6338629067,68857.4098200661,20,2.5,TRUE,"",0,4,484,820484,920484
"RDMM",3.92487039378337,0.917681707218473,0.021,0.555512460832905,0.273,-30814.8151684751,63708.8646759238,158,6.29999999999998,TRUE,"",0,4,484,820484,920484
"DGMM",NA,0.421984786691596,0.175,0.193589664141645,0.559,-33644.297023744,69374.7361417407,37,4.47,TRUE,"",0,4,485,820485,920485
"RDMM",3.8053847526908,0.925369299655092,0.019,0.734793647546466,0.11,-31102.2088681993,64283.6520753722,100,4.09,TRUE,"",0,4,485,820485,920485
"DGMM",NA,0.88347897135291,0.03,0.392259569412525,0.422,-32727.8663353456,67541.8747649439,18,2.19,TRUE,"",0,4,486,820486,920486
"RDMM",4.07217025560607,0.921520488756094,0.02,0.737854288763054,0.108,-30386.7683028865,62852.7709447466,173,6.94,TRUE,"",0,4,486,820486,920486
"DGMM",NA,0.887250082358888,0.029,0.571840872388797,0.206,-32526.1463886076,67138.4348714678,15,1.81999999999999,TRUE,"",0,4,487,820487,920487
"RDMM",4.61031419086049,0.96036014392601,0.01,0.672318555943474,0.148,-30109.9352192541,62299.1047774818,160,6.52000000000001,TRUE,"",0,4,487,820487,920487
"DGMM",NA,0.777701773870593,0.059,0.322066195308313,0.421,-33416.0381561758,68918.2184066042,14,1.75,TRUE,"",0,4,488,820488,920488
"RDMM",4.01606271070056,0.948624621021968,0.013,0.751996915134631,0.102,-30487.251900927,63053.7381408275,141,5.69,TRUE,"",0,4,488,820488,920488
"DGMM",NA,-0.000126990306664382,0.488,4.88553049779222e-05,0.723,-31918.0374499472,65922.216994147,31,3.72999999999999,TRUE,"",0,4,489,820489,920489
"RDMM",3.8802171331739,0.944728697626191,0.014,0.785570765472945,0.087,-30569.6050338018,63218.4444065772,124,5.02000000000001,TRUE,"",0,4,489,820489,920489
"DGMM",NA,0.781238486917485,0.058,0.310336356334968,0.51,-33710.8684016819,69507.8788976163,18,2.19,TRUE,"",0,4,490,820490,920490
"RDMM",4.10783924157893,0.936960898299904,0.016,0.73814217166776,0.109,-31106.7519850118,64292.7383089972,174,7.06,TRUE,"",0,4,490,820490,920490
"DGMM",NA,0.429825392715381,0.172,0.199384821500512,0.486,-33336.897310614,68759.9367154807,32,3.91000000000003,TRUE,"",0,4,491,820491,920491
"RDMM",3.97322220912709,0.94084080883089,0.015,0.753629703037353,0.101,-30815.3148377753,63709.8640145243,100,3.97000000000003,TRUE,"",0,4,491,820491,920491
"DGMM",NA,0.92922521838887,0.018,0.368585654430526,0.469,-33089.3524905647,68264.8470753819,20,2.50999999999999,TRUE,"",0,4,492,820492,920492
"RDMM",4.03291615911884,0.944728732959912,0.014,0.744670247604972,0.105,-30425.5348822735,62930.3041035205,240,9.5,TRUE,"",0,4,492,820492,920492
"DGMM",NA,0.368749568334748,0.196,0.156738299240347,0.58,-33297.2221516356,68680.5863975238,30,3.65000000000003,TRUE,"",0,4,493,820493,920493
"RDMM",3.86504853797301,0.921519732048643,0.02,0.666027957660184,0.148,-30867.3565906143,63813.9475202022,154,6.06999999999999,TRUE,"",0,4,493,820493,920493
"DGMM",NA,0.698594523924444,0.082,0.24297381626252,0.522,-34273.0352117787,70632.21251781,10,1.32999999999998,TRUE,"",0,4,494,820494,920494
"RDMM",3.85362937970382,0.944728722128082,0.014,0.795424808251002,0.082,-30995.4362683319,64070.1068756374,107,4.36000000000001,TRUE,"",0,4,494,820494,920494
"DGMM",NA,0.894810705832422,0.027,0.349563572174986,0.497,-33507.2950968104,69100.7322878733,13,1.68000000000001,TRUE,"",0,4,495,820495,920495
"RDMM",3.89696494380214,0.940840781800237,0.015,0.766326968139296,0.095,-30655.6942134154,63390.6227658044,100,4.00999999999999,TRUE,"",0,4,495,820495,920495
"DGMM",NA,0.891026981727491,0.028,0.368744428634632,0.454,-33637.1179520365,69360.3779983256,20,2.5,TRUE,"",0,4,496,820496,920496
"RDMM",4.16020035758558,0.92922519229157,0.018,0.715361302747876,0.119,-31041.2972345849,64161.8288081433,109,4.41999999999996,TRUE,"",0,4,496,820496,920496
"DGMM",NA,0.853628282105372,0.038,0.616342090120711,0.166,-33322.7289775708,68731.6000493942,20,2.51999999999998,TRUE,"",0,4,497,820497,920497
"RDMM",3.92754273320783,0.921521364305224,0.02,0.767313136012031,0.094,-30716.2684420519,63511.7712230774,120,4.75999999999999,TRUE,"",0,4,497,820497,920497
"DGMM",NA,0.898602520306133,0.026,0.385120086641268,0.395,-33853.7134423761,69793.5689790048,18,2.38999999999999,TRUE,"",0,4,498,820498,920498
"RDMM",3.77672612659542,0.91384982467814,0.022,0.698662505925967,0.126,-30906.6929842301,63892.6203074338,100,3.98000000000002,TRUE,"",0,4,498,820498,920498
"DGMM",NA,0.429656610983375,0.172,0.191247760031148,0.536,-32680.1853596452,67446.512813543,25,3.06,TRUE,"",0,4,499,820499,920499
"RDMM",4.6011567028498,0.925369068134702,0.019,0.762884746955422,0.097,-30475.1238429783,63029.4820249303,134,5.17000000000002,TRUE,"",0,4,499,820499,920499
"DGMM",NA,0.472844855433478,0.156,0.20414648492173,0.528,-34007.0582713579,70100.2586369683,19,2.08999999999997,TRUE,"",0,4,500,820500,920500
"RDMM",3.93336122392128,0.894810795420739,0.027,0.714301451526097,0.118,-31267.6036451416,64614.4416292569,100,3,TRUE,"",0,4,500,820500,920500
"DGMM",NA,0.718823308655088,0.076,0.275209632176788,0.514,-33491.149406303,69068.4409068586,14,1,TRUE,"",0.2,4,1,820001,920001
"RDMM",3.87851411580017,0.925369306374546,0.019,0.71631185228814,0.118,-30083.0669164697,62245.368171913,194,7.54,TRUE,"",0.2,4,1,820001,920001
"DGMM",NA,0.802618628615046,0.052,0.30633824309344,0.51,-33655.678813789,69397.4997218307,12,1.97,TRUE,"",0.2,4,2,820002,920002
"RDMM",3.70517985096376,0.90621020792317,0.024,0.764654790559168,0.097,-30312.8677616846,62704.9698623429,279,11.12,TRUE,"",0.2,4,2,820002,920002
"DGMM",NA,0.443059708278286,0.167,0.187613778172259,0.563,-31723.5259055424,65533.1939053374,32,4.04,TRUE,"",0.2,4,3,820003,920003
"RDMM",4.11261900210893,0.898602501813184,0.026,0.740745011017357,0.107,-29495.4558801223,61070.1460992182,167,6.72,TRUE,"",0.2,4,3,820003,920003
"DGMM",NA,0.486719976679056,0.151,0.2721293509602,0.561,-33023.916539157,68133.9751725666,29,3.49,TRUE,"",0.2,4,4,820004,920004
"RDMM",3.85509541353849,0.936960915254512,0.016,0.758043596681105,0.099,-30262.4508056498,62604.1359502733,268,10.65,TRUE,"",0.2,4,4,820004,920004
"DGMM",NA,0.891026960595032,0.028,0.361184748307602,0.401,-32143.1727220375,66372.4875383276,13,1.59,TRUE,"",0.2,4,5,820005,920005
"RDMM",4.15252891382636,0.917681626450892,0.021,0.745995688170302,0.104,-29689.1519964813,61457.5383319362,135,5.41999999999999,TRUE,"",0.2,4,5,820005,920005
"DGMM",NA,0.409072303710879,0.18,0.16846565827638,0.544,-32465.4829900189,67017.1080742904,32,3.87,TRUE,"",0.2,4,6,820006,920006
"RDMM",3.92251787828461,0.929225168436352,0.018,0.748754256598837,0.103,-30034.5504508968,62148.3352407672,100,3.98,TRUE,"",0.2,4,6,820006,920006
"DGMM",NA,0.842563397812015,0.041,0.304118979962496,0.486,-32772.0446599405,67630.2314141337,16,2.04,TRUE,"",0.2,4,7,820007,920007
"RDMM",3.82053083421867,0.925369129773108,0.019,0.756697158928544,0.1,-30023.1149080775,62125.4641551286,169,6.79000000000001,TRUE,"",0.2,4,7,820007,920007
"DGMM",NA,0.857333319038089,0.037,0.385214784653755,0.388,-32649.9445417165,67386.0311776857,13,1.61999999999999,TRUE,"",0.2,4,8,820008,920008
"RDMM",3.8981952383942,0.940840838327468,0.015,0.756489314482769,0.1,-29935.5489453633,61950.3322297003,112,4.5,TRUE,"",0.2,4,8,820008,920008
"DGMM",NA,0.835229234029277,0.043,0.325566052536066,0.463,-32530.4937580361,67147.1296103248,16,1.99000000000001,TRUE,"",0.2,4,9,820009,920009
"RDMM",3.9303312282807,0.933089019055487,0.017,0.727235123965698,0.113,-29863.2098709445,61805.6540808625,100,4.06,TRUE,"",0.2,4,9,820009,920009
"DGMM",NA,0.71543575018858,0.077,0.369461913962272,0.331,-32348.9852461443,66784.1125865413,13,1.76000000000001,TRUE,"",0.2,4,10,820010,920010
"RDMM",4.14611627606817,0.92152149321267,0.02,0.74885523997264,0.103,-29696.5333201435,61472.3009792607,100,4.05,TRUE,"",0.2,4,10,820010,920010
"DGMM",NA,0.846246288929959,0.04,0.378722378702337,0.512,-32376.5568110576,66839.2557163677,26,3.12,TRUE,"",0.2,4,11,820011,920011
"RDMM",4.47858577748413,0.925369365916323,0.019,0.773236612683072,0.092,-29877.4543780143,61834.1430950022,100,4.08,TRUE,"",0.2,4,11,820011,920011
"DGMM",NA,0.799035029641608,0.053,0.449391855829514,0.272,-32567.5895081345,67221.3211105216,15,1.84,TRUE,"",0.2,4,12,820012,920012
"RDMM",3.78627585930382,0.906210052891358,0.024,0.681713251805868,0.135,-29875.8029676218,61830.8402742171,100,3.98,TRUE,"",0.2,4,12,820012,920012
"DGMM",NA,0.53534863067242,0.134,0.211732696416686,0.529,-32490.0609564112,67066.2640070749,16,1.98,TRUE,"",0.2,4,13,820013,920013
"RDMM",4.02648590417988,0.883483425633413,0.03,0.542495578781155,0.232,-30027.1895084029,62133.6133557794,143,5.73999999999999,TRUE,"",0.2,4,13,820013,920013
"DGMM",NA,0.191265433642144,0.281,0.0807541045468312,0.627,-32213.2597432136,66512.6615806798,34,4.09999999999999,TRUE,"",0.2,4,14,820014,920014
"RDMM",3.75235315443084,0.929225170260895,0.018,0.770635413173865,0.093,-29447.4613624512,60974.1570638761,229,9.09999999999999,TRUE,"",0.2,4,14,820014,920014
"DGMM",NA,0.846246292486934,0.04,0.311468131931651,0.475,-33352.847737435,68791.8375691225,19,2.42,TRUE,"",0.2,4,15,820015,920015
"RDMM",3.88921848813175,0.917681683019889,0.021,0.775638400269702,0.091,-29957.7723866654,61994.7791123043,100,4.07999999999998,TRUE,"",0.2,4,15,820015,920015
"DGMM",NA,0.940840859193197,0.015,0.692193977458053,0.131,-32296.1575110396,66678.4571163318,29,3.56,TRUE,"",0.2,4,16,820016,920016
"RDMM",4.12103156969231,0.940840849894671,0.015,0.73731502000977,0.109,-29805.6290411483,61690.4924212703,100,3.97,TRUE,"",0.2,4,16,820016,920016
"DGMM",NA,0.92152153331687,0.02,0.35749791670965,0.475,-32483.5231536752,67053.188401603,13,1.63,TRUE,"",0.2,4,17,820017,920017
"RDMM",4.00819293323682,0.936960968010208,0.016,0.744615457390761,0.105,-29601.5459805908,61282.3263001551,182,7.35999999999999,TRUE,"",0.2,4,17,820017,920017
"DGMM",NA,0.73590385720992,0.071,0.271393409812245,0.516,-32654.9668447073,67396.0757836671,15,1.85999999999999,TRUE,"",0.2,4,18,820018,920018
"RDMM",4.10038328241575,0.921521488898399,0.02,0.735067123170081,0.109,-29958.2913291092,61995.816997192,161,6.47,TRUE,"",0.2,4,18,820018,920018
"DGMM",NA,-0.000698425259286466,0.489,-0.000580655721461127,0.733,-31105.6762430311,64297.4945803148,23,2.88,TRUE,"",0.2,4,19,820019,920019
"RDMM",3.74659364831038,0.921521482557213,0.02,0.768534449859706,0.094,-29659.1501883686,61397.5347157108,171,6.83000000000001,TRUE,"",0.2,4,19,820019,920019
"DGMM",NA,0.429750304394417,0.172,0.193734914225829,0.539,-32617.0566864373,67320.2554671272,25,3,TRUE,"",0.2,4,20,820020,920020
"RDMM",3.69943848464175,0.917681654434502,0.021,0.758202711475023,0.098,-30197.2097445838,62473.6538281413,138,5.54000000000002,TRUE,"",0.2,4,20,820020,920020
"DGMM",NA,0.868492480633109,0.034,0.355478011516083,0.457,-32767.5162655714,67621.1746253955,17,2.05000000000001,TRUE,"",0.2,4,21,820021,920021
"RDMM",3.97443031820905,0.898602572975889,0.026,0.69560382306807,0.127,-30010.3035631018,62099.8414651773,300,11.93,TRUE,"",0.2,4,21,820021,920021
"DGMM",NA,8.09241719278191e-05,0.487,0.00304947166761814,0.708,-31846.3727152274,65778.8875247074,26,3.25,TRUE,"",0.2,4,22,820022,920022
"RDMM",3.72331383477829,0.913849822618825,0.022,0.754197614121531,0.101,-30190.8172142563,62460.8687674862,177,7.09999999999999,TRUE,"",0.2,4,22,820022,920022
"DGMM",NA,0.883475630075742,0.03,0.407319152241759,0.48,-32445.5362525418,66977.2145993362,29,3.5,TRUE,"",0.2,4,23,820023,920023
"RDMM",4.28351172617894,0.925367316329498,0.019,0.556142208158687,0.252,-30117.3511194936,62313.9365779607,120,4.93000000000001,TRUE,"",0.2,4,23,820023,920023
"DGMM",NA,0.544188390973911,0.131,0.241712032616657,0.545,-32801.3758741352,67688.8938425231,11,1.41,TRUE,"",0.2,4,24,820024,920024
"RDMM",4.02645251993136,0.913849875759085,0.022,0.725346154328765,0.114,-29904.6593517556,61888.5530424849,112,4.50999999999999,TRUE,"",0.2,4,24,820024,920024
"DGMM",NA,0.917681641891766,0.021,0.411857664742815,0.474,-32190.3692077024,66466.8805096575,26,3.12,TRUE,"",0.2,4,25,820025,920025
"RDMM",4.27571489109843,0.952528494109343,0.012,0.519834536571847,0.268,-29795.4776569403,61670.1896528543,120,4.82999999999998,TRUE,"",0.2,4,25,820025,920025
"DGMM",NA,0.917681715136855,0.021,0.356083179884045,0.449,-32028.8013199721,66143.7447341968,17,2.06999999999999,TRUE,"",0.2,4,26,820026,920026
"RDMM",4.35774160472373,0.93696094712624,0.016,0.74531961502029,0.105,-29479.653484081,61038.5413071357,143,5.78,TRUE,"",0.2,4,26,820026,920026
"DGMM",NA,0.668801041701447,0.091,0.247073139699853,0.471,-32640.8228879084,67367.7878700694,17,2.09,TRUE,"",0.2,4,27,820027,920027
"RDMM",4.0931687900581,0.921521447918464,0.02,0.754223108650733,0.1,-29990.4691450228,62060.1726290193,169,6.81999999999999,TRUE,"",0.2,4,27,820027,920027
"DGMM",NA,0.345119900823037,0.206,0.167066308339481,0.521,-32480.6666065636,67047.4753073798,35,4.21000000000001,TRUE,"",0.2,4,28,820028,920028
"RDMM",3.91547414850313,0.902402372745271,0.025,0.720313058605272,0.115,-29983.7409945205,62046.7163280145,103,4.09,TRUE,"",0.2,4,28,820028,920028
"DGMM",NA,0.929225230643248,0.018,0.428135888182688,0.352,-32243.2870368547,66572.716167962,16,1.97,TRUE,"",0.2,4,29,820029,920029
"RDMM",4.04626640110303,0.952528533836956,0.012,0.821121913935672,0.071,-29632.616226405,61344.4667917836,100,4.06,TRUE,"",0.2,4,29,820029,920029
"DGMM",NA,0.89102701287584,0.028,0.351282257492352,0.493,-31603.1184995156,65292.3790932838,16,2.01000000000002,TRUE,"",0.2,4,30,820030,920030
"RDMM",4.14970911348785,0.929225239562844,0.018,0.737740887050445,0.108,-29246.5789249752,60572.392188924,101,4.26999999999998,TRUE,"",0.2,4,30,820030,920030
"DGMM",NA,0.913849838662425,0.022,0.422235435029826,0.448,-31856.9012713874,65799.9446370274,19,2.30000000000001,TRUE,"",0.2,4,31,820031,920031
"RDMM",4.30471812308707,0.925369358450274,0.019,0.728196795831798,0.112,-29780.7914507357,61640.8172404451,141,5.76999999999998,TRUE,"",0.2,4,31,820031,920031
"DGMM",NA,0.467375263008269,0.158,0.201777599509276,0.529,-32637.8254602863,67361.7930148251,35,4.41999999999996,TRUE,"",0.2,4,32,820032,920032
"RDMM",3.83633506795158,0.921521452629064,0.02,0.76160656611756,0.097,-29907.9119195689,61895.0581781114,100,4.04999999999995,TRUE,"",0.2,4,32,820032,920032
"DGMM",NA,0.861044110226499,0.036,0.303253074740406,0.491,-32713.7420692389,67513.6262327304,19,2.29999999999995,TRUE,"",0.2,4,33,820033,920033
"RDMM",3.81187965649016,0.887251092634711,0.029,0.746770189023212,0.103,-29890.2044062489,61859.6431514713,100,4.05000000000001,TRUE,"",0.2,4,33,820033,920033
"DGMM",NA,0.712050656208649,0.078,0.304478602730449,0.482,-32816.4440938065,67719.0302818655,30,3.61000000000001,TRUE,"",0.2,4,34,820034,920034
"RDMM",3.95534654293946,0.956440437385862,0.011,0.758740772130868,0.1,-29976.2196605974,62031.6736601685,171,6.86000000000001,TRUE,"",0.2,4,34,820034,920034
"DGMM",NA,0.906210360392271,0.024,0.411669465618776,0.41,-31661.9415266055,65410.0251474637,17,2.06999999999999,TRUE,"",0.2,4,35,820035,920035
"RDMM",4.31205827306172,0.910026000185663,0.023,0.765509394438699,0.095,-29450.7497812346,60980.7339014429,145,5.72999999999996,TRUE,"",0.2,4,35,820035,920035
"DGMM",NA,0.774171749880017,0.06,0.28687094076171,0.441,-33249.1528806657,68584.4478555839,9,1.10999999999996,TRUE,"",0.2,4,36,820036,920036
"RDMM",4.05984525636977,0.898602319609479,0.026,0.718361129467602,0.116,-30018.9783391995,62117.1910173725,257,10.26,TRUE,"",0.2,4,36,820036,920036
"DGMM",NA,0.806210303993455,0.051,0.300461344380842,0.421,-33267.1726062153,68620.4873066833,11,1.38999999999999,TRUE,"",0.2,4,37,820037,920037
"RDMM",3.64976369707925,0.902402391502775,0.025,0.717143462353042,0.118,-29843.6634722869,61766.5612835473,148,6,TRUE,"",0.2,4,37,820037,920037
"DGMM",NA,0.883483535740715,0.03,0.365894369945919,0.417,-32637.6297764772,67361.401647207,12,1.54000000000002,TRUE,"",0.2,4,38,820038,920038
"RDMM",3.91633029564571,0.960360362123886,0.01,0.795284349133053,0.083,-29668.0919563942,61415.418251762,100,4.16000000000003,TRUE,"",0.2,4,38,820038,920038
"DGMM",NA,0.813419020340112,0.049,0.374623842727828,0.422,-32020.5723597734,66127.2868137994,19,2.31999999999999,TRUE,"",0.2,4,39,820039,920039
"RDMM",4.19735910041501,0.921521478782696,0.02,0.753632498088793,0.103,-29616.1458810989,61311.5261011714,100,3.72000000000003,TRUE,"",0.2,4,39,820039,920039
"DGMM",NA,-0.000446514187696288,0.495,0.00129175456827867,0.726,-30730.9584078958,63548.0589100443,25,2.42000000000002,TRUE,"",0.2,4,40,820040,920040
"RDMM",4.07880805170661,0.933089035184919,0.017,0.740834378045378,0.107,-29373.9067191054,60827.0477771844,100,3.06,TRUE,"",0.2,4,40,820040,920040
"DGMM",NA,0.817024129634112,0.048,0.320166940752093,0.421,-32801.3601741394,67688.8624425314,9,0.849999999999966,TRUE,"",0.2,4,41,820041,920041
"RDMM",3.76391609240435,0.9447278889692,0.014,0.734745131712671,0.11,-29699.1954108196,61477.6251606128,293,7.56,TRUE,"",0.2,4,41,820041,920041
"DGMM",NA,0.817033199071388,0.048,0.366656440571595,0.436,-32889.0287011284,67864.1994965093,25,1.75,TRUE,"",0.2,4,42,820042,920042
"RDMM",4.14088643663305,0.921521302493515,0.02,0.715545983779845,0.118,-30067.9384122913,62215.1111635562,157,3.62,TRUE,"",0.2,4,42,820042,920042
"DGMM",NA,0.913849862798254,0.022,0.410521606600335,0.354,-32487.2164316145,67060.5749574815,14,0.91,TRUE,"",0.2,4,43,820043,920043
"RDMM",3.95918460654795,0.929225218842736,0.018,0.728613373443798,0.112,-29834.1961009921,61747.6265409578,100,3.63,TRUE,"",0.2,4,43,820043,920043
"DGMM",NA,0.846246768831695,0.04,0.342303992596291,0.498,-33028.2384526532,68142.618999559,16,1.95,TRUE,"",0.2,4,44,820044,920044
"RDMM",3.81168817471691,0.9292246762657,0.018,0.747191078940531,0.105,-29830.4588680766,61740.1520751268,211,8.96,TRUE,"",0.2,4,44,820044,920044
"DGMM",NA,0.894810731492701,0.027,0.303803533879757,0.493,-32768.3985449991,67622.9391842508,14,1.74,TRUE,"",0.2,4,45,820045,920045
"RDMM",3.66849821396254,0.929225168405716,0.018,0.719282037618436,0.117,-29682.9717074212,61445.177753816,113,4.59,TRUE,"",0.2,4,45,820045,920045
"DGMM",NA,0.705309844611058,0.08,0.258242023895345,0.505,-32913.1900275808,67912.5221494143,12,1.65,TRUE,"",0.2,4,46,820046,920046
"RDMM",3.91673486340225,0.906210127876694,0.024,0.509406428416307,0.279,-30226.7346068222,62532.703552618,154,6.24,TRUE,"",0.2,4,46,820046,920046
"DGMM",NA,0.672072578244298,0.09,0.356498268689179,0.365,-33702.7216842002,69491.585462653,6,0.780000000000001,TRUE,"",0.2,4,47,820047,920047
"RDMM",3.99933653486206,0.913849814037651,0.022,0.724900725746606,0.114,-30348.8790984229,62776.9925358194,147,5.84,TRUE,"",0.2,4,47,820047,920047
"DGMM",NA,0.883483418858175,0.03,0.330292730897075,0.494,-33109.1255845001,68304.3932632528,21,2.51,TRUE,"",0.2,4,48,820048,920048
"RDMM",3.59743798207328,0.913849811315375,0.022,0.736989461106561,0.108,-29896.0825468395,61871.3994326527,100,4.05,TRUE,"",0.2,4,48,820048,920048
"DGMM",NA,0.849930622411934,0.039,0.345438494582769,0.496,-32390.4169970777,66866.9760884081,13,1.58000000000001,TRUE,"",0.2,4,49,820049,920049
"RDMM",3.77258450914422,0.925369125221662,0.019,0.698808277270739,0.127,-29826.3713465471,61731.9770320677,196,7.83,TRUE,"",0.2,4,49,820049,920049
"DGMM",NA,0.547142534256685,0.13,0.247758851251125,0.502,-32174.1369853771,66434.4160650068,23,2.83,TRUE,"",0.2,4,50,820050,920050
"RDMM",4.11182092252292,0.902402380287078,0.025,0.682019835930574,0.134,-29585.4851784079,61250.2046957895,194,7.81000000000001,TRUE,"",0.2,4,50,820050,920050
"DGMM",NA,0.842567238573472,0.041,0.339235318693576,0.421,-33015.5232987103,68117.1886916731,14,1.73,TRUE,"",0.2,4,51,820051,920051
"RDMM",3.81129327626592,0.933089085066393,0.017,0.76295284878767,0.098,-30331.8859658684,62743.0062707104,100,4.00999999999999,TRUE,"",0.2,4,51,820051,920051
"DGMM",NA,0.00799229417225603,0.451,0.00264255590812684,0.703,-31241.3690661889,64568.8802266304,28,3.41,TRUE,"",0.2,4,52,820052,920052
"RDMM",3.63717220446064,0.925369227162444,0.019,0.592730243816943,0.188,-29941.5633470129,61962.3610329994,136,5.5,TRUE,"",0.2,4,52,820052,920052
"DGMM",NA,0.695249562464042,0.083,0.296376808642038,0.457,-32314.4197727095,66714.9816396716,13,1.58,TRUE,"",0.2,4,53,820053,920053
"RDMM",3.96738020848898,0.925369376541081,0.019,0.765258732454767,0.096,-29501.3658927251,61081.9661244237,149,6.09999999999999,TRUE,"",0.2,4,53,820053,920053
"DGMM",NA,0.722221959269665,0.075,0.29292586682973,0.451,-31896.6162933436,65879.3746809398,11,1.38,TRUE,"",0.2,4,54,820054,920054
"RDMM",4.36619917458,0.93696095942377,0.016,0.741666066671467,0.107,-29365.0310839895,60809.2965069527,100,4,TRUE,"",0.2,4,54,820054,920054
"DGMM",NA,0.813418594050184,0.049,0.329933833645026,0.447,-32342.9751972101,66772.0924886728,14,1.8,TRUE,"",0.2,4,55,820055,920055
"RDMM",3.83596482435688,0.940840784611426,0.015,0.768039777575399,0.095,-29812.7608641813,61704.7560673362,135,5.39,TRUE,"",0.2,4,55,820055,920055
"DGMM",NA,0.398821319622217,0.184,0.168712053850714,0.574,-31832.7328244357,65751.607743124,24,2.94000000000001,TRUE,"",0.2,4,56,820056,920056
"RDMM",4.26548661084962,0.910026024372959,0.023,0.717243307345526,0.117,-29495.7693786443,61070.7730962621,100,4.02,TRUE,"",0.2,4,56,820056,920056
"DGMM",NA,0.383815911575144,0.19,0.149218617149978,0.58,-33064.6027770654,68215.3476483833,22,2.73999999999999,TRUE,"",0.2,4,57,820057,920057
"RDMM",3.80994466890413,0.913849840788036,0.022,0.724383374896917,0.114,-30348.4912403093,62776.2168195922,108,4.28,TRUE,"",0.2,4,57,820057,920057
"DGMM",NA,0.891027083420346,0.028,0.389825807426707,0.442,-32240.5069475662,66567.155989385,14,1.75,TRUE,"",0.2,4,58,820058,920058
"RDMM",3.84851101378936,0.913849810402425,0.022,0.724830350823038,0.114,-29564.9244373245,61209.0832136227,188,7.49000000000001,TRUE,"",0.2,4,58,820058,920058
"DGMM",NA,0.868492536714798,0.034,0.292625901591522,0.498,-33018.3948749138,68122.9318440802,11,1.46000000000001,TRUE,"",0.2,4,59,820059,920059
"RDMM",3.88369398822255,0.910026045282957,0.023,0.759659975149907,0.098,-29827.9402362088,61735.1148113913,105,4.22,TRUE,"",0.2,4,59,820059,920059
"DGMM",NA,0.817033455326728,0.048,0.364284490419157,0.417,-32305.4607339876,66697.0635622277,17,2.12,TRUE,"",0.2,4,60,820060,920060
"RDMM",4.26381148296249,0.906210180564387,0.024,0.773854969667525,0.092,-29821.3869061962,61722.0081513661,100,4.06,TRUE,"",0.2,4,60,820060,920060
"DGMM",NA,0.849933936373482,0.039,0.410347805561334,0.397,-32520.7656247933,67127.6733438392,23,2.75,TRUE,"",0.2,4,61,820061,920061
"RDMM",4.2949698729972,0.93696094712624,0.016,0.740119551345931,0.108,-30184.668500921,62448.5713408157,197,7.81,TRUE,"",0.2,4,61,820061,920061
"DGMM",NA,0.913849786598047,0.022,0.599125761563765,0.185,-32503.0020677593,67092.1462297712,15,1.97,TRUE,"",0.2,4,62,820062,920062
"RDMM",4.02933562436271,0.929225165491892,0.018,0.764785489178725,0.097,-29665.0595778381,61409.3534946497,100,4.06,TRUE,"",0.2,4,62,820062,920062
"DGMM",NA,0.868492755941033,0.034,0.365146733315868,0.36,-32186.8979678969,66459.9380300465,13,1.56999999999999,TRUE,"",0.2,4,63,820063,920063
"RDMM",4.33834437662276,0.933089046667319,0.017,0.748615882436101,0.104,-29646.1688661243,61371.5720712221,103,4.25,TRUE,"",0.2,4,63,820063,920063
"DGMM",NA,0.857332518143023,0.037,0.36456290574778,0.37,-32384.3702909509,66854.8826761544,12,1.53999999999999,TRUE,"",0.2,4,64,820064,920064
"RDMM",4.07388587870652,0.925369403648559,0.019,0.772341912735423,0.093,-29837.7038605425,61754.6420600587,105,4.23000000000002,TRUE,"",0.2,4,64,820064,920064
"DGMM",NA,0.371524997296263,0.195,0.159834329212056,0.564,-32928.0544751611,67942.2510445747,21,2.67000000000002,TRUE,"",0.2,4,65,820065,920065
"RDMM",3.72783605224183,0.898602540788823,0.026,0.735223994131602,0.11,-30323.2596700592,62725.7536790921,120,4.75,TRUE,"",0.2,4,65,820065,920065
"DGMM",NA,0.902402464279569,0.025,0.406905042232791,0.38,-32284.0822863108,66654.3066668743,15,1.93000000000001,TRUE,"",0.2,4,66,820066,920066
"RDMM",4.0105026797454,0.936960956690986,0.016,0.800337125189363,0.08,-29747.9136912065,61575.0617213866,100,3.94999999999999,TRUE,"",0.2,4,66,820066,920066
"DGMM",NA,0.483927990331067,0.152,0.198923102980799,0.513,-32208.6711948354,66503.4844839234,29,3.56999999999999,TRUE,"",0.2,4,67,820067,920067
"RDMM",4.18396151865186,0.940840814658126,0.015,0.741153632195648,0.107,-29805.9985575311,61691.2314540358,115,4.59,TRUE,"",0.2,4,67,820067,920067
"DGMM",NA,0.879723661536821,0.031,0.389214325922848,0.49,-32363.9053544229,66813.9528030983,16,1.97999999999999,TRUE,"",0.2,4,68,820068,920068
"RDMM",4.21611707103458,0.940840787490903,0.015,0.742604945910168,0.106,-29775.1993953595,61629.6331296925,245,9.96000000000001,TRUE,"",0.2,4,68,820068,920068
"DGMM",NA,0.921521496715419,0.02,0.405477730835637,0.413,-31905.9993905308,65898.1408753142,13,1.60999999999999,TRUE,"",0.2,4,69,820069,920069
"RDMM",4.16361193157041,0.933089093523709,0.017,0.732646956629701,0.111,-29517.1766504678,61113.5876399092,168,6.75,TRUE,"",0.2,4,69,820069,920069
"DGMM",NA,0.333518838385354,0.211,0.134247671111516,0.591,-31866.190768371,65818.5236309947,25,3.17000000000002,TRUE,"",0.2,4,70,820070,920070
"RDMM",4.15550593308266,0.913849797331082,0.022,0.716558574802503,0.119,-29655.7357257994,61390.7057905723,135,5.37,TRUE,"",0.2,4,70,820070,920070
"DGMM",NA,1.18193627179426e-05,0.485,9.43999147254889e-05,0.73,-31065.0711887113,64216.2844716752,33,4.02000000000001,TRUE,"",0.2,4,71,820071,920071
"RDMM",3.71659491228974,0.93308908961043,0.017,0.718541771314887,0.118,-29742.2885421583,61563.8114232903,232,9.19999999999999,TRUE,"",0.2,4,71,820071,920071
"DGMM",NA,0.788329408478054,0.056,0.311756659465802,0.498,-32279.406053421,66644.9542010947,20,2.47,TRUE,"",0.2,4,72,820072,920072
"RDMM",4.05048806052851,0.89481070580544,0.027,0.736495800846267,0.108,-29682.2356828914,61443.7057047565,215,8.58000000000001,TRUE,"",0.2,4,72,820072,920072
"DGMM",NA,0.89102711451273,0.028,0.341752943394256,0.495,-32844.5599436354,67775.2619815234,17,2.08000000000001,TRUE,"",0.2,4,73,820073,920073
"RDMM",3.98277499445119,0.913849851623264,0.022,0.526149296068802,0.287,-29921.2443774491,61921.7230938719,184,7.31,TRUE,"",0.2,4,73,820073,920073
"DGMM",NA,0.517949937633274,0.14,0.213087307499597,0.55,-32331.0611688658,66748.2644319843,24,2.97,TRUE,"",0.2,4,74,820074,920074
"RDMM",3.93052803585086,0.906210127876694,0.024,0.746817348016876,0.104,-29915.7673343474,61910.7690076684,115,4.75,TRUE,"",0.2,4,74,820074,920074
"DGMM",NA,-0.000620659508430445,0.499,0.000512471728544377,0.728,-31823.5475512787,65733.23719681,35,4.30999999999997,TRUE,"",0.2,4,75,820075,920075
"RDMM",3.65746462459298,0.925369324637672,0.019,0.731078816633489,0.111,-30240.1461498239,62559.5266386213,107,4.43000000000001,TRUE,"",0.2,4,75,820075,920075
"DGMM",NA,0.698592337482321,0.082,0.300506879656034,0.41,-32707.17817808,67500.4984504126,10,1.25,TRUE,"",0.2,4,76,820076,920076
"RDMM",3.94361575107647,0.94084077269517,0.015,0.741057820056791,0.107,-29868.1416646175,61815.5176682087,172,7.11000000000001,TRUE,"",0.2,4,76,820076,920076
"DGMM",NA,0.784781663618451,0.057,0.330939355112561,0.469,-32649.181964517,67384.5060232866,15,1.86000000000001,TRUE,"",0.2,4,77,820077,920077
"RDMM",4.01583346740097,0.921521485586891,0.02,0.737593478688908,0.109,-29936.2529941227,61951.7403272191,212,8.38999999999999,TRUE,"",0.2,4,77,820077,920077
"DGMM",NA,0.749709233544003,0.067,0.313080595414808,0.486,-31667.4963710418,65421.1348363362,24,2.96999999999997,TRUE,"",0.2,4,78,820078,920078
"RDMM",4.16125437915285,0.933089042947125,0.017,0.74721878456088,0.104,-29527.8461781883,61134.9266953503,134,5.39000000000004,TRUE,"",0.2,4,78,820078,920078
"DGMM",NA,0.910026015977799,0.023,0.372369067146499,0.414,-32362.2240619448,66810.5902181422,12,1.46999999999997,TRUE,"",0.2,4,79,820079,920079
"RDMM",4.00771477503401,0.952528515863644,0.012,0.737072092965292,0.109,-29688.8826038766,61456.9995467268,100,4.02000000000004,TRUE,"",0.2,4,79,820079,920079
"DGMM",NA,0.853629908386057,0.038,0.675955085046202,0.136,-32092.9892564087,66272.1206070701,23,2.82999999999998,TRUE,"",0.2,4,80,820080,920080
"RDMM",3.85660686844824,0.94472868580456,0.014,0.784133512193267,0.087,-29558.3237764319,61195.8818918374,120,4.75,TRUE,"",0.2,4,80,820080,920080
"DGMM",NA,0.857333466601468,0.037,0.368380858919297,0.486,-32903.609404383,67893.3609030185,18,2.27999999999997,TRUE,"",0.2,4,81,820081,920081
"RDMM",4.14665451720311,0.948624510718175,0.013,0.729162931508763,0.113,-29912.1296756143,61903.4936902021,158,6.38,TRUE,"",0.2,4,81,820081,920081
"DGMM",NA,0.777700661630518,0.059,0.344047421225632,0.489,-32383.5926087343,66853.3273117213,21,2.52000000000004,TRUE,"",0.2,4,82,820082,920082
"RDMM",3.91691613903915,0.92536931929657,0.019,0.747902765407382,0.104,-29845.3858340196,61770.0060070127,113,4.62,TRUE,"",0.2,4,82,820082,920082
"DGMM",NA,0.406351088769308,0.181,0.232476619081429,0.488,-33126.2764096931,68338.6949136388,9,1.19,TRUE,"",0.2,4,83,820083,920083
"RDMM",3.93314903952158,0.921519962333911,0.02,0.751463245511345,0.103,-30021.8909403822,62123.016219738,185,7.36000000000001,TRUE,"",0.2,4,83,820083,920083
"DGMM",NA,0.906210163643885,0.024,0.330270740082585,0.486,-32538.2689743267,67162.680042906,17,1.07,TRUE,"",0.2,4,84,820084,920084
"RDMM",4.16128674535058,0.944728701286723,0.014,0.756727379733831,0.1,-29784.6433640201,61648.5210670138,100,3.72,TRUE,"",0.2,4,84,820084,920084
"DGMM",NA,0.259528882854803,0.245,0.126782146015781,0.603,-33113.8223268015,68313.7867478557,27,3.31,TRUE,"",0.2,4,85,820085,920085
"RDMM",3.8015399733549,0.94084078557884,0.015,0.730201723574379,0.112,-30206.6019219105,62492.4381827946,140,6.17,TRUE,"",0.2,4,85,820085,920085
"DGMM",NA,0.409029710476176,0.18,0.19602760023762,0.492,-32790.5642997573,67667.2706937672,30,3.67,TRUE,"",0.2,4,86,820086,920086
"RDMM",4.0716004572471,0.948624621021968,0.013,0.780152338222715,0.09,-30120.1346834555,62319.5037058846,111,4.54,TRUE,"",0.2,4,86,820086,920086
"DGMM",NA,0.84256658133185,0.041,0.314498663315656,0.461,-33252.9530461238,68592.0481865002,21,2.73,TRUE,"",0.2,4,87,820087,920087
"RDMM",3.86629399679364,0.948624626359237,0.013,0.743804567810791,0.106,-29799.692754669,61678.6198483116,212,8.4,TRUE,"",0.2,4,87,820087,920087
"DGMM",NA,-0.000263814717543611,0.49,-0.00014262317395494,0.739,-31483.602125908,65053.3463460685,32,3.83000000000001,TRUE,"",0.2,4,88,820088,920088
"RDMM",3.90663022552568,0.910025944679464,0.023,0.7391184602497,0.107,-30059.1518011144,62197.5379412025,140,5.6,TRUE,"",0.2,4,88,820088,920088
"DGMM",NA,0.538281379880131,0.133,0.226159116297731,0.555,-32133.7153030407,66353.5727003339,23,2.77,TRUE,"",0.2,4,89,820089,920089
"RDMM",3.76757604023734,0.952528520080707,0.012,0.783893805113131,0.088,-29601.8505383908,61282.9354157552,150,6.07,TRUE,"",0.2,4,89,820089,920089
"DGMM",NA,0.749708817081813,0.067,0.307296658768036,0.484,-32119.7974703265,66325.7370349057,20,2.34,TRUE,"",0.2,4,90,820090,920090
"RDMM",4.07312549483269,0.925369305613583,0.019,0.714642060429933,0.119,-29761.5928340191,61602.4200070119,101,4.11,TRUE,"",0.2,4,90,820090,920090
"DGMM",NA,0.879723897742581,0.031,0.359771303516145,0.438,-32759.7736059723,67605.6893061972,15,1.86,TRUE,"",0.2,4,91,820091,920091
"RDMM",3.91533819735549,0.948624617107971,0.013,0.755971493068198,0.101,-29950.9343999388,61981.1031388512,133,5.45,TRUE,"",0.2,4,91,820091,920091
"DGMM",NA,0.00316947221142798,0.468,0.000775911468510133,0.717,-31950.9626263698,65988.0673469921,25,3.03,TRUE,"",0.2,4,92,820092,920092
"RDMM",3.45568996289721,0.93696095801392,0.016,0.748090719145793,0.104,-30406.6201316083,62892.4746021902,273,10.85,TRUE,"",0.2,4,92,820092,920092
"DGMM",NA,0.879723832466768,0.031,0.394905732865677,0.421,-32977.3542798983,68040.8506540492,15,1.83,TRUE,"",0.2,4,93,820093,920093
"RDMM",3.72606577338493,0.913849822888152,0.022,0.750872477376183,0.103,-29963.9873079381,62007.2089548497,125,5.14,TRUE,"",0.2,4,93,820093,920093
"DGMM",NA,0.925369340660973,0.019,0.360968004392639,0.482,-31926.9978947846,65940.1378838219,15,1.91999999999999,TRUE,"",0.2,4,94,820094,920094
"RDMM",3.98356293653168,0.936960950810042,0.016,0.732000137758676,0.111,-29438.6487692257,60956.531877425,159,6.36,TRUE,"",0.2,4,94,820094,920094
"DGMM",NA,0.835231580568988,0.043,0.345842442069379,0.481,-33616.4288798647,69318.999853982,25,2.97999999999999,TRUE,"",0.2,4,95,820095,920095
"RDMM",3.97254760091701,0.925369324637672,0.019,0.503825255223936,0.292,-30666.5636991774,63412.3617373285,102,4.11000000000001,TRUE,"",0.2,4,95,820095,920095
"DGMM",NA,0.718823954738402,0.076,0.250026866529251,0.511,-33420.2493708346,68926.6408359217,11,1.36,TRUE,"",0.2,4,96,820096,920096
"RDMM",3.50459564378655,0.902402329935325,0.025,0.737433109972319,0.108,-29636.9341107375,61353.1025604486,139,5.56,TRUE,"",0.2,4,96,820096,920096
"DGMM",NA,0.517949173907598,0.14,0.222472519876615,0.496,-32103.1461627793,66292.4344198111,26,3.09,TRUE,"",0.2,4,97,820097,920097
"RDMM",3.99368289445397,0.929225167782784,0.018,0.742584686462127,0.106,-29880.359866045,61839.9540710637,113,4.54000000000001,TRUE,"",0.2,4,97,820097,920097
"DGMM",NA,0.378920914875947,0.192,0.148837167677199,0.568,-32698.7500445851,67483.6421834227,21,2.53,TRUE,"",0.2,4,98,820098,920098
"RDMM",4.0139392242616,0.929225177477372,0.018,0.731121458104432,0.111,-29750.1751612265,61579.5846614266,165,6.69,TRUE,"",0.2,4,98,820098,920098
"DGMM",NA,0.864764737199564,0.035,0.323643032615309,0.444,-32734.5851050707,67555.312304394,11,1.37999999999998,TRUE,"",0.2,4,99,820099,920099
"RDMM",3.91691781690167,0.936960956585879,0.016,0.763381911279745,0.097,-29753.151056829,61585.5364526317,100,4.14000000000001,TRUE,"",0.2,4,99,820099,920099
"DGMM",NA,0.891026981470673,0.028,0.326203190168035,0.491,-31680.8134537346,65447.7690017218,18,2.16999999999999,TRUE,"",0.2,4,100,820100,920100
"RDMM",4.31080439252895,0.929225156559796,0.018,0.793517251417845,0.083,-29482.1261105422,61043.4865600581,101,4.09,TRUE,"",0.2,4,100,820100,920100
"DGMM",NA,0.799035293590571,0.053,0.342355341169765,0.497,-32454.5558129772,66995.253720207,18,2.19,TRUE,"",0.2,4,101,820101,920101
"RDMM",4.14778888945231,0.906210141349352,0.024,0.727765262233612,0.113,-29838.0616013169,61755.3575416075,144,5.92000000000002,TRUE,"",0.2,4,101,820101,920101
"DGMM",NA,0.902402340525157,0.025,0.652031324859973,0.15,-32393.932317834,66874.0067299206,15,1.83000000000001,TRUE,"",0.2,4,102,820102,920102
"RDMM",3.97136074298261,0.96822421311812,0.008,0.783036630580319,0.088,-29817.0253041735,61713.2849473205,100,3.96000000000001,TRUE,"",0.2,4,102,820102,920102
"DGMM",NA,0.827928851673893,0.045,0.352239500230103,0.466,-32880.7506184769,67847.6433312064,16,2.05000000000001,TRUE,"",0.2,4,103,820103,920103
"RDMM",4.0152440426055,0.921521447918464,0.02,0.657404001130357,0.149,-29924.3445071557,61927.923353285,300,11.91,TRUE,"",0.2,4,103,820103,920103
"DGMM",NA,0.604882892299948,0.111,0.242464863325338,0.522,-32369.4434787696,66825.0290517919,20,2.44999999999999,TRUE,"",0.2,4,104,820104,920104
"RDMM",3.77755144162129,0.929225224204027,0.018,0.764458605710348,0.096,-29505.0571290876,61089.3485971488,140,5.59,TRUE,"",0.2,4,104,820104,920104
"DGMM",NA,0.672077275589336,0.09,0.243006685254829,0.483,-32853.5580450338,67793.2581843202,11,1.34,TRUE,"",0.2,4,105,820105,920105
"RDMM",3.95673600282688,0.898602550386423,0.026,0.589389681219063,0.202,-29474.96146291,61029.1572647936,126,5.09999999999999,TRUE,"",0.2,4,105,820105,920105
"DGMM",NA,0.72904692227559,0.073,0.326594028409492,0.51,-32146.7381931429,66379.6184805384,28,3.34,TRUE,"",0.2,4,106,820106,920106
"RDMM",4.10510242829601,0.940840812211142,0.015,0.70757288126457,0.123,-29848.3744411507,61775.9832212749,114,4.72,TRUE,"",0.2,4,106,820106,920106
"DGMM",NA,0.933089109846194,0.017,0.407722515771205,0.385,-31891.7549885717,65869.652071396,24,2.94,TRUE,"",0.2,4,107,820107,920107
"RDMM",4.20605162578898,0.96036035996317,0.01,0.747125379857301,0.105,-29635.6099483223,61350.4542356182,151,6.06,TRUE,"",0.2,4,107,820107,920107
"DGMM",NA,0.695255479073407,0.083,0.276094980147199,0.501,-33542.424273593,69170.9906414385,15,1.84999999999999,TRUE,"",0.2,4,108,820108,920108
"RDMM",3.81371741950912,0.910026027973357,0.023,0.697734403966069,0.127,-30435.078857128,62949.3920532295,148,6.03,TRUE,"",0.2,4,108,820108,920108
"DGMM",NA,0.853629598457165,0.038,0.363108531467247,0.395,-32593.3123335279,67272.7667613085,15,1.87,TRUE,"",0.2,4,109,820109,920109
"RDMM",3.87833746779648,0.894810777207631,0.027,0.711717728580236,0.12,-29863.3382624242,61805.910863822,112,4.56,TRUE,"",0.2,4,109,820109,920109
"DGMM",NA,0.41668070537969,0.177,0.17745575821051,0.554,-31913.5322018469,65913.2064979465,25,3,TRUE,"",0.2,4,110,820110,920110
"RDMM",4.17784016058282,0.902402361761144,0.025,0.726625608773222,0.113,-29813.3677485293,61705.9698360322,100,4.06999999999999,TRUE,"",0.2,4,110,820110,920110
"DGMM",NA,0.470102787893327,0.157,0.196376380979878,0.529,-33100.0784552381,68286.2990047289,29,3.44,TRUE,"",0.2,4,111,820111,920111
"RDMM",3.81707988621057,0.933089050293113,0.017,0.705134995738288,0.124,-30274.4569663151,62628.1482716038,120,4.86000000000001,TRUE,"",0.2,4,111,820111,920111
"DGMM",NA,0.875972328097564,0.032,0.376520320808342,0.457,-32265.6221891895,66617.3864726317,13,1.61000000000001,TRUE,"",0.2,4,112,820112,920112
"RDMM",4.00217606944235,0.944728708791209,0.014,0.717734259553995,0.118,-29597.1612679342,61273.556874842,248,9.79999999999998,TRUE,"",0.2,4,112,820112,920112
"DGMM",NA,0.535385127302682,0.134,0.244681226279507,0.542,-32434.8002042298,66955.7425027123,30,3.69999999999999,TRUE,"",0.2,4,113,820113,920113
"RDMM",4.05651018186359,0.940840818220479,0.015,0.790533392207313,0.085,-29870.7467464315,61820.7278318367,136,5.36000000000001,TRUE,"",0.2,4,113,820113,920113
"DGMM",NA,0.929225216034441,0.018,0.413130517593546,0.372,-32381.7552040902,66849.652502433,22,2.72,TRUE,"",0.2,4,114,820114,920114
"RDMM",4.14702207641224,0.929225218730405,0.018,0.770126080386739,0.094,-29647.753530733,61374.7414004396,143,5.93999999999997,TRUE,"",0.2,4,114,820114,920114
"DGMM",NA,0.872228252330206,0.033,0.365068203598449,0.489,-31854.0123650791,65794.1668244108,16,1.90999999999997,TRUE,"",0.2,4,115,820115,920115
"RDMM",3.89785562799078,0.894810796331394,0.027,0.748029757806701,0.103,-29239.1049753983,60557.4442897702,119,4.81999999999999,TRUE,"",0.2,4,115,820115,920115
"DGMM",NA,0.838895309399091,0.042,0.334264304799842,0.464,-32951.3873634966,67988.9168212459,15,2.01000000000005,TRUE,"",0.2,4,116,820116,920116
"RDMM",3.83252217262708,0.929225234125533,0.018,0.731519017617447,0.111,-30043.3862984008,62166.0069357752,100,4.11000000000001,TRUE,"",0.2,4,116,820116,920116
"DGMM",NA,0.917681672488433,0.021,0.371329682326559,0.393,-31839.2571064326,65764.6563071177,14,1.72999999999996,TRUE,"",0.2,4,117,820117,920117
"RDMM",4.11221616481133,0.933089109846194,0.017,0.716711718264417,0.118,-29329.8508364759,60738.9360119254,100,4.05000000000001,TRUE,"",0.2,4,117,820117,920117
"DGMM",NA,0.879723726049223,0.031,0.303144347766658,0.504,-32995.5516706579,68077.2454355684,26,3.13999999999999,TRUE,"",0.2,4,118,820118,920118
"RDMM",3.81177326706963,0.917681680802741,0.021,0.75005064054431,0.102,-30030.9089755629,62141.0522900995,110,4.48000000000002,TRUE,"",0.2,4,118,820118,920118
"DGMM",NA,0.47557474872068,0.155,0.206599940053996,0.503,-32676.1202450727,67438.382584398,20,2.41000000000003,TRUE,"",0.2,4,119,820119,920119
"RDMM",4.01000716759481,0.894810812116083,0.027,0.649120644153165,0.153,-30091.9277361158,62263.0898112052,121,4.88999999999999,TRUE,"",0.2,4,119,820119,920119
"DGMM",NA,0.902402449634093,0.025,0.367134802728566,0.476,-31850.6908843739,65787.5238630003,14,1.68000000000001,TRUE,"",0.2,4,120,820120,920120
"RDMM",4.42733423080992,0.917681647402968,0.021,0.746304243421718,0.104,-29647.5091403096,61374.2526195929,101,4.10999999999996,TRUE,"",0.2,4,120,820120,920120
"DGMM",NA,0.89860250902602,0.026,0.380475306723349,0.407,-33099.1889221693,68284.5199385913,15,1.82999999999998,TRUE,"",0.2,4,121,820121,920121
"RDMM",3.7270420343752,0.929225158847284,0.018,0.788811553182227,0.085,-30013.613231037,62106.4608010476,109,4.38,TRUE,"",0.2,4,121,820121,920121
"DGMM",NA,0.846246262492978,0.04,0.301368307901302,0.467,-32985.6832165488,68057.5085273501,13,1.58000000000004,TRUE,"",0.2,4,122,820122,920122
"RDMM",3.79873645685596,0.93696095942377,0.016,0.703818748218737,0.124,-30016.5258045828,62112.2859481392,122,4.88,TRUE,"",0.2,4,122,820122,920122
"DGMM",NA,-0.000382736256915431,0.487,3.5316683086432e-05,0.726,-30889.146027635,63864.4341495226,52,6.24000000000001,TRUE,"",0.2,4,123,820123,920123
"RDMM",3.91691661871875,0.925369369089393,0.019,0.767864582758785,0.094,-29643.4199202234,61366.0741794204,100,4.18000000000001,TRUE,"",0.2,4,123,820123,920123
"DGMM",NA,0.788334449304701,0.056,0.34473874538376,0.377,-32298.6100180777,66683.3621304081,12,1.5,TRUE,"",0.2,4,124,820124,920124
"RDMM",4.12448096360089,0.933089038634788,0.017,0.767032103158529,0.095,-29724.5151151295,61528.2645692327,101,4.13,TRUE,"",0.2,4,124,820124,920124
"DGMM",NA,0.842563926171273,0.041,0.367011633061904,0.412,-32305.5318920832,66697.205878419,14,1.69,TRUE,"",0.2,4,125,820125,920125
"RDMM",4.1141374372585,0.8948104731085,0.027,0.715774475017634,0.118,-29640.2924209835,61359.8191809407,100,3.48000000000002,TRUE,"",0.2,4,125,820125,920125
"DGMM",NA,0.887251350838712,0.029,0.385031591954631,0.416,-32397.6881030266,66881.5183003059,14,0.96,TRUE,"",0.2,4,126,820126,920126
"RDMM",4.05389962535213,0.944728661132503,0.014,0.748564331004815,0.104,-29807.6608719935,61694.5560829605,177,6.35,TRUE,"",0.2,4,126,820126,920126
"DGMM",NA,0.398837381747657,0.184,0.173752114176264,0.534,-32728.4615287707,67543.0651517941,22,3.13,TRUE,"",0.2,4,127,820127,920127
"RDMM",3.83930945299912,0.89860259786233,0.026,0.763639263810008,0.096,-30173.4208865519,62426.0761120774,100,4.08,TRUE,"",0.2,4,127,820127,920127
"DGMM",NA,0.489402852385489,0.15,0.221137106470717,0.546,-31450.7675003052,64987.6770948631,29,3.5,TRUE,"",0.2,4,128,820128,920128
"RDMM",4.23845783190098,0.933088159987878,0.017,0.766389487365969,0.096,-29289.905171917,60659.0446828076,100,4.08,TRUE,"",0.2,4,128,820128,920128
"DGMM",NA,0.636454703140146,0.101,0.281895644442774,0.504,-32197.9042134381,66481.9505211289,14,1.88,TRUE,"",0.2,4,129,820129,920129
"RDMM",4.21238339743253,0.948624574999514,0.013,0.763586200411215,0.097,-29787.8078859215,61654.8501108166,187,7.37,TRUE,"",0.2,4,129,820129,920129
"DGMM",NA,0.777700989682695,0.059,0.312555225692897,0.506,-32158.9484757736,66404.0390457998,14,1.7,TRUE,"",0.2,4,130,820130,920130
"RDMM",3.94705146353021,0.921521494847035,0.02,0.764825300352942,0.096,-29601.9907771063,61283.2158931862,113,4.58000000000001,TRUE,"",0.2,4,130,820130,920130
"DGMM",NA,0.550133258447284,0.129,0.216185883688682,0.536,-33010.9393354657,68108.020765184,16,1.96,TRUE,"",0.2,4,131,820131,920131
"RDMM",3.8562658092894,0.913849794049433,0.022,0.742046986825342,0.106,-29855.0245436605,61789.2834262946,169,6.7,TRUE,"",0.2,4,131,820131,920131
"DGMM",NA,0.917681602167798,0.021,0.40732204495188,0.472,-32992.3105884322,68070.7632711171,18,2.25,TRUE,"",0.2,4,132,820132,920132
"RDMM",3.93896045426672,0.933089025491814,0.017,0.748695313658015,0.103,-30123.5778859498,62326.3901108733,164,6.43,TRUE,"",0.2,4,132,820132,920132
"DGMM",NA,0.887251346420961,0.029,0.390765704830022,0.49,-32607.472986376,67301.0880670046,22,2.75,TRUE,"",0.2,4,133,820133,920133
"RDMM",3.86056131076464,0.906210223729457,0.024,0.532437911838712,0.303,-29699.3149557158,61477.8642504052,111,4.41999999999999,TRUE,"",0.2,4,133,820133,920133
"DGMM",NA,0.774168685799887,0.06,0.344363562642195,0.515,-31672.9154861685,65431.9730665896,16,2,TRUE,"",0.2,4,134,820134,920134
"RDMM",4.55298956150572,0.936960883864831,0.016,0.7787122188453,0.089,-29194.6128221792,60468.4599833321,102,4.11,TRUE,"",0.2,4,134,820134,920134
"DGMM",NA,0.827927764377397,0.045,0.310204985545127,0.428,-32789.648833261,67665.4397607747,12,1.48,TRUE,"",0.2,4,135,820135,920135
"RDMM",4.02797191470138,0.879723609403901,0.031,0.738041913019941,0.107,-30030.2339821995,62139.7023033727,100,4.08999999999999,TRUE,"",0.2,4,135,820135,920135
"DGMM",NA,0.875971952000245,0.032,0.349238905397425,0.447,-32838.8538902134,67763.8498746795,13,1.58,TRUE,"",0.2,4,136,820136,920136
"RDMM",3.81612084965403,0.917681622523367,0.021,0.728730287588973,0.112,-29679.1847478604,61437.6038346945,230,9.25,TRUE,"",0.2,4,136,820136,920136
"DGMM",NA,0.623732272723021,0.105,0.294503999615949,0.423,-32303.2755063346,66692.6931069219,12,1.49000000000001,TRUE,"",0.2,4,137,820137,920137
"RDMM",4.5115266435085,0.887251226534214,0.029,0.748657599829077,0.102,-29639.3320261149,61357.8983912035,172,6.81,TRUE,"",0.2,4,137,820137,920137
"DGMM",NA,0.91002596605686,0.023,0.372167762104187,0.457,-32074.0401141128,66234.2223224783,17,2.08,TRUE,"",0.2,4,138,820138,920138
"RDMM",3.92722744152437,0.921521504298419,0.02,0.734609896492922,0.109,-29326.9707456798,60733.1758303331,100,4.09,TRUE,"",0.2,4,138,820138,920138
"DGMM",NA,0.894810796331394,0.027,0.379255088997811,0.489,-32288.0002668097,66662.142627872,16,1.97,TRUE,"",0.2,4,139,820139,920139
"RDMM",4.04933927600509,0.917681682323071,0.021,0.740557653581589,0.108,-29796.3658784884,61671.9660959505,173,6.86,TRUE,"",0.2,4,139,820139,920139
"DGMM",NA,0.891027029605687,0.028,0.391887203593531,0.411,-32415.5724580315,66917.2870103157,14,1.73,TRUE,"",0.2,4,140,820140,920140
"RDMM",3.94935250638487,0.925369319626799,0.019,0.708139581998498,0.122,-29759.8903795489,61599.0150980715,100,4.05,TRUE,"",0.2,4,140,820140,920140
"DGMM",NA,0.000793808037637558,0.48,-0.000724742773185844,0.735,-31587.5338544784,65261.2098032094,27,3.22,TRUE,"",0.2,4,141,820141,920141
"RDMM",3.9447101829114,0.952528516427593,0.012,0.552993653372276,0.234,-30374.095403846,62827.4251466656,126,5.14,TRUE,"",0.2,4,141,820141,920141
"DGMM",NA,0.894810859126095,0.027,0.349496634770188,0.471,-32578.2777163695,67242.6975269915,15,1.88000000000001,TRUE,"",0.2,4,142,820142,920142
"RDMM",3.65793308436952,0.936960932763956,0.016,0.801173421571474,0.08,-29643.2775682417,61365.789475457,157,6.29999999999998,TRUE,"",0.2,4,142,820142,920142
"DGMM",NA,0.601790557214133,0.112,0.266540867738257,0.455,-32288.6356429964,66663.4133802454,20,2.41,TRUE,"",0.2,4,143,820143,920143
"RDMM",3.87196708546338,0.913849805514484,0.022,0.743796642919097,0.105,-29570.9158788967,61221.066096767,100,4.09,TRUE,"",0.2,4,143,820143,920143
"DGMM",NA,-0.00137507205004211,0.492,-0.000695159665944551,0.731,-31246.8936347202,64579.929363693,25,3.01000000000002,TRUE,"",0.2,4,144,820144,920144
"RDMM",3.92112490303044,0.933088764175963,0.017,0.726071940067994,0.114,-29924.1787683727,61927.591875719,201,8.11000000000001,TRUE,"",0.2,4,144,820144,920144
"DGMM",NA,0.48952872084773,0.15,0.208866149324858,0.561,-32541.205930572,67168.5539553966,22,2.66,TRUE,"",0.2,4,145,820145,920145
"RDMM",3.95472887007601,0.944728680208755,0.014,0.747544189198513,0.104,-29764.6622316395,61608.5588022525,260,10.37,TRUE,"",0.2,4,145,820145,920145
"DGMM",NA,0.948624581259285,0.013,0.395715594110059,0.435,-31927.2667025081,65940.6754992688,13,1.60999999999999,TRUE,"",0.2,4,146,820146,920146
"RDMM",3.94341368159402,0.964288258144459,0.009,0.785413180188789,0.087,-29294.6537037086,60668.5417463908,123,4.90000000000001,TRUE,"",0.2,4,146,820146,920146
"DGMM",NA,0.784780883775317,0.057,0.317416902743282,0.438,-32959.9541457003,68006.0503856531,13,1.62,TRUE,"",0.2,4,147,820147,920147
"RDMM",3.71724744588909,0.925369364882562,0.019,0.752090766267591,0.102,-29774.9384949511,61629.1113288757,102,4.06,TRUE,"",0.2,4,147,820147,920147
"DGMM",NA,0.857333953972897,0.037,0.357291203050851,0.483,-32449.6517281053,66985.4455504631,12,1.53,TRUE,"",0.2,4,148,820148,920148
"RDMM",3.96603318163708,0.910025982535623,0.023,0.701163006615763,0.125,-29554.9308971911,61189.0961333559,242,9.60999999999999,TRUE,"",0.2,4,148,820148,920148
"DGMM",NA,0.868489729596781,0.034,0.360983831911852,0.475,-32417.7155864226,66921.5732670979,17,2.11000000000001,TRUE,"",0.2,4,149,820149,920149
"RDMM",3.77141561767835,0.917681265180315,0.021,0.711944028692929,0.121,-29793.6570908394,61666.5485206524,100,4.15000000000001,TRUE,"",0.2,4,149,820149,920149
"DGMM",NA,0.883483383545484,0.03,0.345825072881667,0.485,-32645.8001941183,67377.7424824893,15,1.90000000000001,TRUE,"",0.2,4,150,820150,920150
"RDMM",4.09886345560686,0.913849818519529,0.022,0.790970107675414,0.084,-30066.6597325665,62212.5538041067,206,8.17999999999998,TRUE,"",0.2,4,150,820150,920150
"DGMM",NA,0.913849818519529,0.022,0.407291790195569,0.407,-31888.7266309846,65863.5953562217,15,1.79999999999998,TRUE,"",0.2,4,151,820151,920151
"RDMM",4.50817047947168,0.929225207184054,0.018,0.753470284098058,0.101,-29364.7275167135,60808.6893724006,158,6.42999999999998,TRUE,"",0.2,4,151,820151,920151
"DGMM",NA,0.763642275195202,0.063,0.348801101686659,0.417,-32155.485226653,66397.1125475586,30,3.59999999999999,TRUE,"",0.2,4,152,820152,920152
"RDMM",4.31595480341465,0.940840791925828,0.015,0.73191442867035,0.111,-29745.5701854424,61570.3747098584,141,5.59,TRUE,"",0.2,4,152,820152,920152
"DGMM",NA,0.000655237288703671,0.469,0.000298686538337068,0.718,-31259.1943491308,64604.5307925141,30,3.63,TRUE,"",0.2,4,153,820153,920153
"RDMM",3.8927950192979,0.89859845289943,0.026,0.763123706017563,0.097,-29930.6769565558,61940.5882520852,112,4.52000000000001,TRUE,"",0.2,4,153,820153,920153
"DGMM",NA,0.944728674232807,0.014,0.419594099518845,0.479,-32418.1043898634,66922.3508739794,20,2.52000000000001,TRUE,"",0.2,4,154,820154,920154
"RDMM",3.86535542794471,0.952528480961924,0.012,0.752379630049567,0.103,-29726.4657784628,61532.1658958993,200,7.97,TRUE,"",0.2,4,154,820154,920154
"DGMM",NA,0.898602609098532,0.026,0.313919119030973,0.475,-32729.4445199749,67545.0311342025,16,1.92000000000002,TRUE,"",0.2,4,155,820155,920155
"RDMM",3.83151816334124,0.952528526309263,0.012,0.751813930889582,0.102,-29619.2726217217,61317.7795824171,130,5.26000000000002,TRUE,"",0.2,4,155,820155,920155
"DGMM",NA,0.861045439439463,0.036,0.410231210455961,0.481,-32058.7809420286,66203.7039783097,14,1.72,TRUE,"",0.2,4,156,820156,920156
"RDMM",4.34373606919339,0.913849766967539,0.022,0.507232229935383,0.301,-29880.0877377412,61839.409814456,113,4.58000000000001,TRUE,"",0.2,4,156,820156,920156
"DGMM",NA,0.898602381682001,0.026,0.353894653548171,0.488,-32615.8007446335,67317.7435835196,17,2.21000000000001,TRUE,"",0.2,4,157,820157,920157
"RDMM",3.89061288769942,0.929225185398476,0.018,0.523479742403226,0.278,-29698.7713788697,61476.777096713,100,4.06,TRUE,"",0.2,4,157,820157,920157
"DGMM",NA,0.453728638063886,0.163,0.194835768998794,0.526,-32861.4532548862,67809.0486040249,23,2.91000000000003,TRUE,"",0.2,4,158,820158,920158
"RDMM",3.70317672018712,0.913849849800128,0.022,0.631326719042241,0.161,-30080.3586461123,62239.9516311983,107,4.33999999999997,TRUE,"",0.2,4,158,820158,920158
"DGMM",NA,0.89860265966141,0.026,0.407634768018273,0.404,-31958.3090655216,66002.7602252957,20,2.73000000000002,TRUE,"",0.2,4,159,820159,920159
"RDMM",4.16597733378334,0.944728719828622,0.014,0.795090077562988,0.083,-29231.0204355849,60541.2752101434,157,6.22000000000003,TRUE,"",0.2,4,159,820159,920159
"DGMM",NA,0.70866987587826,0.079,0.265542277365113,0.462,-32614.4620527703,67315.0661997933,12,1.56,TRUE,"",0.2,4,160,820160,920160
"RDMM",3.98573721320109,0.929225112117139,0.018,0.711102456313077,0.121,-29702.1790839503,61483.5925068742,142,5.56,TRUE,"",0.2,4,160,820160,920160
"DGMM",NA,0.00143357704370776,0.477,-0.000345065390562415,0.727,-31372.821849087,64831.7857924266,25,3.04000000000002,TRUE,"",0.2,4,161,820161,920161
"RDMM",3.68530909142107,0.913849802933086,0.022,0.601527708898063,0.185,-30113.9715858775,62307.1775107286,130,5.20999999999998,TRUE,"",0.2,4,161,820161,920161
"DGMM",NA,0.544190600778527,0.131,0.228365000727207,0.494,-32602.6569284447,67291.455951142,20,2.46999999999997,TRUE,"",0.2,4,162,820162,920162
"RDMM",4.0150690193839,0.917681684123184,0.021,0.747412249703846,0.104,-30089.7238770601,62258.6820930939,110,4.40000000000003,TRUE,"",0.2,4,162,820162,920162
"DGMM",NA,0.872228284162993,0.033,0.364546664761118,0.496,-32389.9821602175,66866.1064146876,26,3.19,TRUE,"",0.2,4,163,820163,920163
"RDMM",4.05301265606044,0.933089025491814,0.017,0.762893778181303,0.097,-29824.4459855223,61728.1263100183,113,4.46999999999997,TRUE,"",0.2,4,163,820163,920163
"DGMM",NA,-0.000217071719684132,0.488,-2.23374884487564e-05,0.735,-30833.1878282065,63752.5177506655,31,3.77999999999997,TRUE,"",0.2,4,164,820164,920164
"RDMM",4.23446442536521,0.972168159534171,0.007,0.785884957403042,0.087,-29579.8993830525,61239.0331050786,103,4.16000000000003,TRUE,"",0.2,4,164,820164,920164
"DGMM",NA,0.910025008131849,0.023,0.348321331669925,0.474,-32856.0025586393,67798.1472115311,24,2.92000000000002,TRUE,"",0.2,4,165,820165,920165
"RDMM",3.86872620591466,0.948624308216573,0.013,0.770915659267949,0.093,-29737.5809024635,61554.3961439006,163,6.66999999999996,TRUE,"",0.2,4,165,820165,920165
"DGMM",NA,0.813418545089175,0.049,0.387940701956461,0.518,-32379.9600448926,66846.0621840378,28,3.46999999999997,TRUE,"",0.2,4,166,820166,920166
"RDMM",4.09257919016015,0.929225161655584,0.018,0.73379840253645,0.11,-29943.0004289077,61965.235196789,180,6.23000000000002,TRUE,"",0.2,4,166,820166,920166
"DGMM",NA,0.853629554303191,0.038,0.324242599205963,0.456,-32629.1594695015,67344.4610332555,11,1.03000000000003,TRUE,"",0.2,4,167,820167,920167
"RDMM",3.94494370062575,0.936960910351866,0.016,0.784672265038996,0.087,-29897.8194350135,61874.8732090006,125,3.78999999999996,TRUE,"",0.2,4,167,820167,920167
"DGMM",NA,0.715437708784886,0.077,0.267904551037448,0.461,-32562.3140034894,67210.7701012314,21,1.34,TRUE,"",0.2,4,168,820168,920168
"RDMM",3.93028721483137,0.944728675554002,0.014,0.755862157848156,0.1,-29662.3706375115,61403.9756139967,212,8.74,TRUE,"",0.2,4,168,820168,920168
"DGMM",NA,-0.000835809603608218,0.496,-0.000137952990563505,0.728,-31360.7916817446,64807.7254577417,41,4.95,TRUE,"",0.2,4,169,820169,920169
"RDMM",3.76745968436283,0.952528526309263,0.012,0.783502246953317,0.088,-29987.6049097742,62054.444158522,108,4.41,TRUE,"",0.2,4,169,820169,920169
"DGMM",NA,0.894810759965882,0.027,0.523807199085243,0.231,-32807.3052696485,67700.7526335495,13,1.6,TRUE,"",0.2,4,170,820170,920170
"RDMM",3.97975262247731,0.913849818773663,0.022,0.757613807958297,0.099,-29847.8868641466,61775.0080672669,100,4.23,TRUE,"",0.2,4,170,820170,920170
"DGMM",NA,0.940840848570646,0.015,0.449339999142678,0.305,-32763.2575134795,67612.6571212115,19,2.31,TRUE,"",0.2,4,171,820171,920171
"RDMM",3.85715127894028,0.948624627713321,0.013,0.751266825592808,0.102,-30028.4380571425,62136.1104532586,100,4.03,TRUE,"",0.2,4,171,820171,920171
"DGMM",NA,0.802618559503925,0.052,0.409470363497218,0.31,-32503.4693606855,67093.0808156235,13,1.58,TRUE,"",0.2,4,172,820172,920172
"RDMM",4.02195360416231,0.936960868497934,0.016,0.748949328157014,0.103,-29690.3742414394,61459.9828218525,100,4.1,TRUE,"",0.2,4,172,820172,920172
"DGMM",NA,0.894810983676454,0.027,0.541767102023898,0.211,-31767.9881457873,65622.1183858272,16,1.91,TRUE,"",0.2,4,173,820173,920173
"RDMM",4.26344223628578,0.929225180061007,0.018,0.755525037662891,0.1,-29250.7032535263,60580.6408460262,100,4.05,TRUE,"",0.2,4,173,820173,920173
"DGMM",NA,0.9215214435136,0.02,0.376761754210999,0.481,-32716.8496751799,67519.8414446125,16,1.96,TRUE,"",0.2,4,174,820174,920174
"RDMM",4.03983336566514,0.933089023380699,0.017,0.752583914283757,0.101,-29991.3707276864,62061.9757943465,154,6.26,TRUE,"",0.2,4,174,820174,920174
"DGMM",NA,0.917681616426199,0.021,0.36390686644943,0.451,-32040.0632079549,66166.2685101625,16,1.94,TRUE,"",0.2,4,175,820175,920175
"RDMM",4.03048475032787,0.944728674232807,0.014,0.762787956101267,0.097,-29374.6936990608,60828.6217370952,100,4.03,TRUE,"",0.2,4,175,820175,920175
"DGMM",NA,-9.02089904129531e-05,0.475,0.00182832716382534,0.707,-31845.5835316016,65777.3091574559,29,3.5,TRUE,"",0.2,4,176,820176,920176
"RDMM",3.82193331852265,0.90240167927585,0.025,0.735998508921127,0.11,-30337.0827402626,62753.3998194989,204,8.27999999999999,TRUE,"",0.2,4,176,820176,920176
"DGMM",NA,-0.00105137999627462,0.481,-0.00124217508486748,0.719,-31473.5964593941,65033.3350130409,27,3.28,TRUE,"",0.2,4,177,820177,920177
"RDMM",3.99840355590359,0.913849370445384,0.022,0.475580161375395,0.306,-30177.9045246227,62435.0433882191,129,5.12,TRUE,"",0.2,4,177,820177,920177
"DGMM",NA,0.489488619996381,0.15,0.235082354658339,0.472,-32003.2351096445,66092.6123135417,31,3.75,TRUE,"",0.2,4,178,820178,920178
"RDMM",4.21114855498687,0.917681682703154,0.021,0.767869421270373,0.094,-29562.6095226031,61204.4533841799,100,4.14,TRUE,"",0.2,4,178,820178,920178
"DGMM",NA,0.929223862910483,0.018,0.376308201435705,0.42,-32005.9637026882,66098.069499629,13,1.61999999999999,TRUE,"",0.2,4,179,820179,920179
"RDMM",4.0522005102125,0.933088392473175,0.017,0.736798156618782,0.108,-29451.9265408244,60983.0874206225,138,5.52000000000001,TRUE,"",0.2,4,179,820179,920179
"DGMM",NA,0.87972365163319,0.031,0.377215706460869,0.409,-32845.235513433,67776.6131211186,18,2.21000000000001,TRUE,"",0.2,4,180,820180,920180
"RDMM",3.84874610348351,0.948624604861899,0.013,0.802743493904757,0.079,-29907.3970748032,61894.02848858,117,4.73,TRUE,"",0.2,4,180,820180,920180
"DGMM",NA,0.87222649983091,0.033,0.312862887802547,0.439,-32060.8285477584,66207.7991897693,19,2.28999999999999,TRUE,"",0.2,4,181,820181,920181
"RDMM",3.98255385131491,0.936960736975988,0.016,0.768524413578943,0.095,-29616.9091702394,61313.0526794525,100,4.07000000000001,TRUE,"",0.2,4,181,820181,920181
"DGMM",NA,0.838895234187003,0.042,0.279668962967147,0.519,-32663.2596675507,67412.661429354,18,2.16999999999999,TRUE,"",0.2,4,182,820182,920182
"RDMM",3.7100345749241,0.948624579035419,0.013,0.765186119392923,0.096,-29548.3208153892,61175.875969752,135,5.38000000000001,TRUE,"",0.2,4,182,820182,920182
"DGMM",NA,0.887251261825671,0.029,0.590756531156888,0.183,-32810.4464326572,67707.034959567,22,2.66,TRUE,"",0.2,4,183,820183,920183
"RDMM",3.96241969594259,0.933089082813683,0.017,0.758935267297186,0.098,-29981.0100306071,62041.2544001878,133,5.34,TRUE,"",0.2,4,183,820183,920183
"DGMM",NA,0.398903456689664,0.184,0.157668614343179,0.577,-32104.6356717043,66295.4134376612,43,5.3,TRUE,"",0.2,4,184,820184,920184
"RDMM",3.87338006409943,0.910025973880811,0.023,0.668074650571348,0.142,-29823.4829452225,61726.2002294186,138,5.59,TRUE,"",0.2,4,184,820184,920184
"DGMM",NA,0.89860257675543,0.026,0.324735274935526,0.444,-32625.2863034596,67336.7147011717,15,1.90000000000001,TRUE,"",0.2,4,185,820185,920185
"RDMM",3.76874340003596,0.929225207184054,0.018,0.770686738389453,0.093,-29747.7596939969,61574.7537269675,220,8.77000000000001,TRUE,"",0.2,4,185,820185,920185
"DGMM",NA,0.47010662936082,0.157,0.197487824159198,0.529,-31779.1850055492,65644.5121053509,23,2.91999999999999,TRUE,"",0.2,4,186,820186,920186
"RDMM",4.09808910130305,0.925369351343169,0.019,0.746737837660065,0.104,-29500.6532350692,61080.5408091119,203,8.06,TRUE,"",0.2,4,186,820186,920186
"DGMM",NA,0.695251142230663,0.083,0.288046595167872,0.483,-32256.6856763528,66599.5134469582,14,1.72999999999999,TRUE,"",0.2,4,187,820187,920187
"RDMM",3.92524251431502,0.910026028111833,0.023,0.723374392636311,0.115,-29628.1689148856,61335.5721687448,100,4.14000000000001,TRUE,"",0.2,4,187,820187,920187
"DGMM",NA,0.894810838889332,0.027,0.32913349076359,0.414,-32503.1319257801,67092.4059458128,11,1.37,TRUE,"",0.2,4,188,820188,920188
"RDMM",3.97066967791254,0.917681612197773,0.021,0.782084297300795,0.088,-29883.0907966066,61845.4159321867,194,7.69,TRUE,"",0.2,4,188,820188,920188
"DGMM",NA,0.8170328770704,0.048,0.378191223749558,0.415,-32428.0263150897,66942.1947244321,12,1.5,TRUE,"",0.2,4,189,820189,920189
"RDMM",4.03592007794309,0.9369609637655,0.016,0.773514762241778,0.092,-29943.1770507189,61965.5884404113,202,8.06,TRUE,"",0.2,4,189,820189,920189
"DGMM",NA,0.35940439147555,0.2,0.14396921236007,0.551,-32031.4114693901,66148.9650330328,23,2.75,TRUE,"",0.2,4,190,820190,920190
"RDMM",4.01959285129422,0.929225218730405,0.018,0.774109413969793,0.091,-29692.4022202884,61464.0387795505,100,4.14000000000001,TRUE,"",0.2,4,190,820190,920190
"DGMM",NA,-0.000353802579933211,0.488,0.000379339761619072,0.734,-31333.4415019917,64753.0250982359,38,4.71000000000001,TRUE,"",0.2,4,191,820191,920191
"RDMM",3.82436069786026,0.936960955176029,0.016,0.771820084665257,0.093,-29943.7777229348,61966.7897848432,100,4.06,TRUE,"",0.2,4,191,820191,920191
"DGMM",NA,0.698594459777662,0.082,0.283798505358885,0.452,-33483.3619021182,69052.8658984889,10,1.25,TRUE,"",0.2,4,192,820192,920192
"RDMM",3.73245181307868,0.913849794873989,0.022,0.575309340281247,0.223,-30343.3209566121,62765.8762521979,185,7.36000000000001,TRUE,"",0.2,4,192,820192,920192
"DGMM",NA,0.864764631959972,0.035,0.289935552478619,0.513,-32783.3369292169,67652.8159526864,18,2.34,TRUE,"",0.2,4,193,820193,920193
"RDMM",4.11034568357983,0.929225183356077,0.018,0.735212904232345,0.109,-29895.2686984721,61869.7717359177,119,4.83000000000001,TRUE,"",0.2,4,193,820193,920193
"DGMM",NA,-0.000783199993105121,0.494,-0.000979203926922472,0.74,-30965.3970908681,64016.9362759887,31,3.69999999999999,TRUE,"",0.2,4,194,820194,920194
"RDMM",3.8963200763133,0.933089079299455,0.017,0.750417992189941,0.102,-29740.4780293888,61560.1903977513,100,4.06999999999999,TRUE,"",0.2,4,194,820194,920194
"DGMM",NA,-0.000975141814377999,0.494,-0.000181839268221281,0.729,-30809.0858721176,63704.3138384878,30,3.59999999999999,TRUE,"",0.2,4,195,820195,920195
"RDMM",4.00875722691767,0.887251273857009,0.029,0.729475730057211,0.112,-29633.5513046312,61346.336948236,127,5.12,TRUE,"",0.2,4,195,820195,920195
"DGMM",NA,0.933089036047386,0.017,0.423163915512129,0.408,-32306.1772949355,66698.4966841236,17,2.15000000000001,TRUE,"",0.2,4,196,820196,920196
"RDMM",4.012569753607,0.929225159909332,0.018,0.735965921365151,0.11,-29510.4461090797,61100.1265571329,136,5.34999999999999,TRUE,"",0.2,4,196,820196,920196
"DGMM",NA,-0.000747992984639797,0.488,-0.000786115643535245,0.73,-31373.7891737238,64833.7204417003,31,3.75,TRUE,"",0.2,4,197,820197,920197
"RDMM",3.90630734450975,0.925369338291937,0.019,0.735713166972062,0.109,-30122.9688389429,62325.1720168595,193,7.65000000000001,TRUE,"",0.2,4,197,820197,920197
"DGMM",NA,0.838894862258062,0.042,0.620542061215665,0.166,-33032.788011931,68151.7181181146,19,2.32999999999998,TRUE,"",0.2,4,198,820198,920198
"RDMM",3.94202822684173,0.925369313093999,0.019,0.744379061936644,0.105,-30009.7730627993,62098.7804645723,100,4.11000000000001,TRUE,"",0.2,4,198,820198,920198
"DGMM",NA,0.705306452305776,0.08,0.433412558050432,0.291,-32560.4708052567,67207.083704766,6,0.849999999999994,TRUE,"",0.2,4,199,820199,920199
"RDMM",4.07542426325129,0.956440396968175,0.011,0.753115930687782,0.102,-29546.7980117428,61172.8303624591,163,6.67000000000002,TRUE,"",0.2,4,199,820199,920199
"DGMM",NA,0.735855573964523,0.071,0.336202122027276,0.51,-32665.5178428031,67417.1777798587,23,2.79000000000002,TRUE,"",0.2,4,200,820200,920200
"RDMM",3.99996322442172,0.883481445414888,0.03,0.727795852816572,0.113,-30142.5228977387,62364.2801344511,262,10.7,TRUE,"",0.2,4,200,820200,920200
"DGMM",NA,0.857333317400426,0.037,0.427692261842275,0.495,-32623.7317286615,67333.6055515755,37,4.36000000000001,TRUE,"",0.2,4,201,820201,920201
"RDMM",4.03678796656329,0.929225213828652,0.018,0.783607288755156,0.087,-29727.5605225602,61534.355384094,108,4.36000000000001,TRUE,"",0.2,4,201,820201,920201
"DGMM",NA,0.902402364859231,0.025,0.40519927574533,0.406,-31872.5536905595,65831.2494753716,15,1.83000000000004,TRUE,"",0.2,4,202,820202,920202
"RDMM",4.55514426819059,0.933089041003355,0.017,0.763907195084768,0.096,-29644.3324174178,61367.8991738093,167,6.68000000000001,TRUE,"",0.2,4,202,820202,920202
"DGMM",NA,0.875971875650684,0.032,0.319494028688771,0.45,-32001.1167951095,66088.3756844717,14,1.73000000000002,TRUE,"",0.2,4,203,820203,920203
"RDMM",4.06515174675535,0.921521446019881,0.02,0.735960739645995,0.109,-29549.9669626021,61179.1682641777,163,6.48999999999995,TRUE,"",0.2,4,203,820203,920203
"DGMM",NA,0.357058918118815,0.201,0.141924657332717,0.575,-32795.3381084994,67676.8183112515,36,4.34999999999997,TRUE,"",0.2,4,204,820204,920204
"RDMM",3.66165312075354,0.91768163238969,0.021,0.730629661682561,0.111,-30060.1406829077,62199.515704789,116,4.69,TRUE,"",0.2,4,204,820204,920204
"DGMM",NA,0.414058693573014,0.178,0.185662497944181,0.552,-32726.5458903462,67539.2338749451,34,4.19,TRUE,"",0.2,4,205,820205,920205
"RDMM",3.85066556132319,0.913849599201121,0.022,0.729715111166302,0.112,-29858.0658822078,61795.3661033892,242,9.70000000000005,TRUE,"",0.2,4,205,820205,920205
"DGMM",NA,0.827927772355479,0.045,0.296981123307752,0.484,-33332.4205244096,68750.9831430717,14,1.75,TRUE,"",0.2,4,206,820206,920206
"RDMM",3.83009134676175,0.917681683590013,0.021,0.728981280188157,0.111,-30212.3224651837,62503.879269341,117,4.46999999999997,TRUE,"",0.2,4,206,820206,920206
"DGMM",NA,0.944728704006202,0.014,0.702447918454511,0.126,-31353.318391522,64792.7788772966,17,1.70999999999998,TRUE,"",0.2,4,207,820207,920207
"RDMM",4.51851756068726,0.944728711258145,0.014,0.758265252673555,0.099,-29019.187061342,60117.6084616576,100,3.03000000000003,TRUE,"",0.2,4,207,820207,920207
"DGMM",NA,0.902402361103974,0.025,0.415570504628336,0.39,-31927.4714814888,65941.0850572302,21,1.87,TRUE,"",0.2,4,208,820208,920208
"RDMM",4.13434782870505,0.91768168713745,0.021,0.745053240578087,0.104,-29764.2738495351,61607.7820380439,125,3.37,TRUE,"",0.2,4,208,820208,920208
"DGMM",NA,0.620577981254347,0.106,0.276311868831094,0.454,-33048.1785148652,68182.4991239829,21,1.28,TRUE,"",0.2,4,209,820209,920209
"RDMM",4.0627021130827,0.925369319626799,0.019,0.761417237141771,0.097,-30191.4042649743,62462.0428689222,247,9.92,TRUE,"",0.2,4,209,820209,920209
"DGMM",NA,0.868492624843069,0.034,0.324091552140861,0.491,-32088.1893630072,66262.520820267,28,3.36,TRUE,"",0.2,4,210,820210,920210
"RDMM",4.53092960878918,0.929225212878938,0.018,0.656710490986843,0.149,-29813.5199883261,61706.2743156259,117,4.82,TRUE,"",0.2,4,210,820210,920210
"DGMM",NA,0.868492902680375,0.034,0.360954312817958,0.427,-32606.499126314,67299.1403468806,13,1.56,TRUE,"",0.2,4,211,820211,920211
"RDMM",4.29700407203907,0.933087483376957,0.017,0.745506003562813,0.105,-30120.283066584,62319.8004721417,161,6.62,TRUE,"",0.2,4,211,820211,920211
"DGMM",NA,0.910025936468926,0.023,0.311711786382574,0.499,-32246.0147849024,66578.1716640574,13,1.64,TRUE,"",0.2,4,212,820212,920212
"RDMM",4.01132066937484,0.948624175441813,0.013,0.801759728595576,0.08,-29409.4554973388,60898.1453336512,138,5.52,TRUE,"",0.2,4,212,820212,920212
"DGMM",NA,0.614220170777874,0.108,0.254397582213701,0.485,-32966.8891436959,68019.9203816443,25,2.98,TRUE,"",0.2,4,213,820213,920213
"RDMM",3.76857374349227,0.913849723488411,0.022,0.72686660657329,0.113,-30216.3470563505,62511.9284516746,145,5.77999999999999,TRUE,"",0.2,4,213,820213,920213
"DGMM",NA,0.000199182310346856,0.486,-0.000149692773003626,0.738,-31063.4498945236,64213.0418832999,31,3.72000000000001,TRUE,"",0.2,4,214,820214,920214
"RDMM",3.99477167452238,0.902402311234126,0.025,0.635786805862921,0.161,-29920.9987157643,61921.2317705022,133,5.32,TRUE,"",0.2,4,214,820214,920214
"DGMM",NA,-0.000616780871978702,0.499,-0.000694403567086301,0.738,-31322.1741943529,64730.4904829584,25,3.06,TRUE,"",0.2,4,215,820215,920215
"RDMM",3.77351468562552,0.906210119978046,0.024,0.736589237692906,0.108,-30022.1026076056,62123.4395541848,141,5.63,TRUE,"",0.2,4,215,820215,920215
"DGMM",NA,0.626882904548045,0.104,0.255532209910868,0.432,-33623.2225272511,69332.5871487548,10,1.31,TRUE,"",0.2,4,216,820216,920216
"RDMM",3.62591057282394,0.891025998173714,0.028,0.724300446087915,0.114,-30221.901164442,62523.0366678576,132,5.33000000000001,TRUE,"",0.2,4,216,820216,920216
"DGMM",NA,-0.000686572535908749,0.5,0.000328894053958002,0.725,-31068.722659698,64223.5874136485,32,3.85000000000001,TRUE,"",0.2,4,217,820217,920217
"RDMM",3.91588036993318,0.929225168436352,0.018,0.764019283583938,0.096,-29689.4008573956,61458.0360537649,139,5.55,TRUE,"",0.2,4,217,820217,920217
"DGMM",NA,0.784781828836155,0.057,0.325528268735126,0.443,-32521.9958246309,67130.1337435145,13,1.61,TRUE,"",0.2,4,218,820218,920218
"RDMM",4.0147870060707,0.910025946185403,0.023,0.763706038788729,0.096,-29784.3201782412,61647.8746954561,100,4.07000000000001,TRUE,"",0.2,4,218,820218,920218
"DGMM",NA,0.83523135547525,0.043,0.37034146705641,0.434,-32508.9344499505,67104.0109941536,18,2.31,TRUE,"",0.2,4,219,820219,920219
"RDMM",3.94482987890792,0.940840798451122,0.015,0.721944306642144,0.116,-29741.9916611097,61563.2176611931,221,8.73999999999999,TRUE,"",0.2,4,219,820219,920219
"DGMM",NA,0.749705601479009,0.067,0.31729497650492,0.454,-32598.1921860135,67282.5264662795,10,1.27,TRUE,"",0.2,4,220,820220,920220
"RDMM",3.80023254413605,0.902402300249985,0.025,0.702371374458238,0.125,-29828.3704721862,61735.9752833459,214,8.58,TRUE,"",0.2,4,220,820220,920220
"DGMM",NA,0.313043364608261,0.22,0.131033255708529,0.552,-31590.5636268625,65267.2693479776,26,3.2,TRUE,"",0.2,4,221,820221,920221
"RDMM",4.24687779907567,0.921521444143945,0.02,0.723625042871709,0.115,-29401.8957433447,60883.0258256631,237,9.39,TRUE,"",0.2,4,221,820221,920221
"DGMM",NA,0.806210181857118,0.051,0.287938366479149,0.499,-32306.7626688149,66699.6674318823,21,2.55,TRUE,"",0.2,4,222,820222,920222
"RDMM",4.02556838486023,0.929225138668366,0.018,0.700775969082998,0.126,-29655.17489787,61389.5841347137,188,7.62,TRUE,"",0.2,4,222,820222,920222
"DGMM",NA,0.906210141409497,0.024,0.317975287147223,0.489,-32936.2343040308,67958.6107023143,18,2.25,TRUE,"",0.2,4,223,820223,920223
"RDMM",3.65440114466251,0.921521445381987,0.02,0.710683142662253,0.122,-29964.6817226461,62008.5977842657,100,3.98999999999998,TRUE,"",0.2,4,223,820223,920223
"DGMM",NA,-0.000148507578890055,0.488,-0.000935222517251018,0.727,-31268.1445630028,64622.4312202581,35,4.29999999999998,TRUE,"",0.2,4,224,820224,920224
"RDMM",3.63572126848486,0.925369306374546,0.019,0.745350914631397,0.105,-29945.6759627589,61970.5862644914,169,6.88000000000002,TRUE,"",0.2,4,224,820224,920224
"DGMM",NA,0.813417327229651,0.049,0.335811286893638,0.462,-33371.8360489806,68829.8141922137,16,2.01999999999998,TRUE,"",0.2,4,225,820225,920225
"RDMM",3.74595491461258,0.894810778178997,0.027,0.676352503264384,0.137,-30243.9458092688,62567.1259575112,137,5.47,TRUE,"",0.2,4,225,820225,920225
"DGMM",NA,0.562076649096989,0.125,0.249725286711519,0.484,-32061.4711876313,66209.0844695152,19,2.31,TRUE,"",0.2,4,226,820226,920226
"RDMM",4.15898697116138,0.91768165804001,0.021,0.735020023272285,0.11,-29649.4738664877,61378.1820719491,157,6.30000000000001,TRUE,"",0.2,4,226,820226,920226
"DGMM",NA,0.827927977125994,0.045,0.395024655274459,0.328,-32968.082721299,68022.3075368507,11,1.40000000000001,TRUE,"",0.2,4,227,820227,920227
"RDMM",4.11741436735719,0.906210119978046,0.024,0.745945752311386,0.104,-29970.5088750747,62020.252089123,129,5.16,TRUE,"",0.2,4,227,820227,920227
"DGMM",NA,0.280210459361908,0.235,0.112168407638996,0.604,-31960.2806394304,66006.7033731133,30,3.63,TRUE,"",0.2,4,228,820228,920228
"RDMM",3.96898197279137,0.948624617107971,0.013,0.759550254366831,0.098,-29739.7368404169,61558.7080198074,126,5.01000000000002,TRUE,"",0.2,4,228,820228,920228
"DGMM",NA,0.770655605909903,0.061,0.29521740055385,0.48,-32726.1848889677,67538.511872188,17,2.06,TRUE,"",0.2,4,229,820229,920229
"RDMM",3.82244640833826,0.91768168959215,0.021,0.714752740347159,0.119,-29967.8589431154,62014.9522252044,136,5.40000000000001,TRUE,"",0.2,4,229,820229,920229
"DGMM",NA,0.328884659111849,0.213,0.141110753737073,0.548,-32050.7707760637,66187.68364638,22,2.69,TRUE,"",0.2,4,230,820230,920230
"RDMM",4.03258933320898,0.921521486418542,0.02,0.734365868693311,0.109,-29802.0366996365,61683.3077382466,168,6.84,TRUE,"",0.2,4,230,820230,920230
"DGMM",NA,0.887251267747346,0.029,0.38070861732896,0.385,-33482.5364008151,69051.2148958828,17,2.12,TRUE,"",0.2,4,231,820231,920231
"RDMM",3.8965883652648,0.925369301894911,0.019,0.702322315782499,0.125,-30329.8492813228,62738.9329016192,145,5.75,TRUE,"",0.2,4,231,820231,920231
"DGMM",NA,0.894810804486817,0.027,0.402297342061999,0.472,-32090.6033535822,66267.3488014169,17,2.14000000000001,TRUE,"",0.2,4,232,820232,920232
"RDMM",4.02358231922249,0.910026022203488,0.023,0.74919051084204,0.103,-29685.4743763337,61450.183091641,121,4.94999999999999,TRUE,"",0.2,4,232,820232,920232
"DGMM",NA,0.872228231190277,0.033,0.374761308236749,0.439,-32651.9519561208,67390.0460064942,18,2.18000000000001,TRUE,"",0.2,4,233,820233,920233
"RDMM",4.14526234962205,0.913849769630427,0.022,0.718963336472991,0.117,-29901.6724052835,61882.5791495406,100,4.05000000000001,TRUE,"",0.2,4,233,820233,920233
"DGMM",NA,0.929225222927529,0.018,0.425181831218451,0.488,-32008.1912595378,66102.5246133282,25,3,TRUE,"",0.2,4,234,820234,920234
"RDMM",4.0088043262116,0.929225213369113,0.018,0.780722254261151,0.089,-29409.9372017634,60899.1087425003,122,4.90000000000001,TRUE,"",0.2,4,234,820234,920234
"DGMM",NA,0.864764878915017,0.035,0.355815763615008,0.472,-32189.080054342,66464.3022029366,16,1.97,TRUE,"",0.2,4,235,820235,920235
"RDMM",3.87059147065807,0.92536931929657,0.019,0.73748165495579,0.108,-29518.9547488092,61117.1438365921,180,7.22,TRUE,"",0.2,4,235,820235,920235
"DGMM",NA,0.429764444594159,0.172,0.184263442876016,0.558,-32423.1121996327,66932.366493518,24,2.88999999999999,TRUE,"",0.2,4,236,820236,920236
"RDMM",3.74838515569303,0.917681683019889,0.021,0.746041368272446,0.104,-30025.513170761,62130.2606804956,146,5.83000000000001,TRUE,"",0.2,4,236,820236,920236
"DGMM",NA,0.809810822423238,0.05,0.329434249496132,0.474,-32799.6878176806,67685.5177296138,13,1.64000000000001,TRUE,"",0.2,4,237,820237,920237
"RDMM",3.71647943935096,0.929225159909332,0.018,0.749795535004484,0.103,-29973.7019260653,62026.6381911043,115,4.63999999999999,TRUE,"",0.2,4,237,820237,920237
"DGMM",NA,0.838895102028449,0.042,0.295530012013006,0.471,-32408.6905764366,66903.5232471258,11,1.34999999999999,TRUE,"",0.2,4,238,820238,920238
"RDMM",4.23154967613539,0.933089023380699,0.017,0.757508291010123,0.099,-29527.1473007193,61133.5289404122,102,4.22,TRUE,"",0.2,4,238,820238,920238
"DGMM",NA,0.917681602167798,0.021,0.394930515195414,0.419,-32249.0971994728,66584.3364931983,20,2.52000000000001,TRUE,"",0.2,4,239,820239,920239
"RDMM",4.23527885762274,0.929225170260895,0.018,0.76700153055763,0.096,-29783.7826551822,61646.7996493381,154,6.31,TRUE,"",0.2,4,239,820239,920239
"DGMM",NA,0.577193610687606,0.12,0.265944172360657,0.453,-33194.0774862265,68474.2970667056,13,1.62,TRUE,"",0.2,4,240,820240,920240
"RDMM",3.89816096966951,0.936960904339529,0.016,0.722452638780731,0.116,-29607.2744933596,61293.7833256928,149,6.26999999999998,TRUE,"",0.2,4,240,820240,920240
"DGMM",NA,0.42199054133836,0.175,0.1577553083153,0.524,-33170.4405078121,68427.0231098769,13,1.62,TRUE,"",0.2,4,241,820241,920241
"RDMM",3.72914234493384,0.929225170260895,0.018,0.741804206192907,0.107,-29780.7898365728,61640.8140121192,139,5.55000000000001,TRUE,"",0.2,4,241,820241,920241
"DGMM",NA,0.321943557841703,0.216,0.131989267092297,0.558,-32570.0041796383,67226.1504535291,24,2.88,TRUE,"",0.2,4,242,820242,920242
"RDMM",3.93697159368653,0.933089089249997,0.017,0.773298837060452,0.092,-29884.1965285572,61847.627396088,103,4.19,TRUE,"",0.2,4,242,820242,920242
"DGMM",NA,0.883483552412583,0.03,0.400609442320729,0.449,-31994.8110058163,66075.7641058853,27,3.23999999999995,TRUE,"",0.2,4,243,820243,920243
"RDMM",3.91839738216567,0.956440411214517,0.011,0.759557640052378,0.099,-29294.4131445454,60668.0606280645,187,7.41999999999996,TRUE,"",0.2,4,243,820243,920243
"DGMM",NA,0.568101648394398,0.123,0.227508895390252,0.496,-32867.177834648,67820.4977635486,16,1.99000000000001,TRUE,"",0.2,4,244,820244,920244
"RDMM",3.68772373699422,0.92152148113422,0.02,0.753191059479389,0.101,-29910.2795992537,61899.7935374811,181,7.19999999999999,TRUE,"",0.2,4,244,820244,920244
"DGMM",NA,0.817033176473012,0.048,0.285234567340098,0.486,-32946.7567751876,67979.6556446279,21,2.60999999999996,TRUE,"",0.2,4,245,820245,920245
"RDMM",4.08569978257592,0.913849818773663,0.022,0.758415963782331,0.098,-30208.3358958728,62495.9061307192,131,5.20000000000005,TRUE,"",0.2,4,245,820245,920245
"DGMM",NA,0.443023942268314,0.167,0.219714004653855,0.561,-32347.3121814511,66780.7664571547,39,4.70999999999998,TRUE,"",0.2,4,246,820246,920246
"RDMM",4.01227217791967,0.921521527851378,0.02,0.746018519024319,0.104,-29622.1101434672,61323.454625908,103,4.35000000000002,TRUE,"",0.2,4,246,820246,920246
"DGMM",NA,0.481142297715767,0.153,0.19971152665776,0.55,-32861.8107649449,67809.7636241423,24,2.85000000000002,TRUE,"",0.2,4,247,820247,920247
"RDMM",3.86017523371731,0.902402381006835,0.025,0.717792167950322,0.117,-30255.1963925395,62589.6271240525,144,5.52999999999997,TRUE,"",0.2,4,247,820247,920247
"DGMM",NA,0.681963616098716,0.087,0.286369134266082,0.474,-32584.2628338386,67254.6677619298,14,1.46000000000004,TRUE,"",0.2,4,248,820248,920248
"RDMM",4.05190063230653,0.925369298434679,0.019,0.770881561807702,0.093,-29767.8075412854,61614.8494215445,100,3.06,TRUE,"",0.2,4,248,820248,920248
"DGMM",NA,0.910026027488688,0.023,0.349921322719355,0.481,-32363.9874622188,66814.1170186902,17,1.52999999999997,TRUE,"",0.2,4,249,820249,920249
"RDMM",3.86716832467933,0.936960932095919,0.016,0.762769294030989,0.097,-29779.5618361524,61638.3580112785,116,3.22000000000003,TRUE,"",0.2,4,249,820249,920249
"DGMM",NA,0.864764777448136,0.035,0.409301490589701,0.395,-32018.813727338,66123.7695489286,20,1.57999999999998,TRUE,"",0.2,4,250,820250,920250
"RDMM",4.17495407435484,0.887251267747346,0.029,0.669675329327641,0.148,-29876.6805943907,61832.5955277549,119,3.02000000000004,TRUE,"",0.2,4,250,820250,920250
"DGMM",NA,0.872228269700996,0.033,0.38376976056302,0.42,-32648.7575702737,67383.6572348,17,1.15,TRUE,"",0.2,4,251,820251,920251
"RDMM",3.83226870022578,0.891027070361085,0.028,0.743412902052295,0.104,-29727.0632006664,61533.3607403065,194,6.94,TRUE,"",0.2,4,251,820251,920251
"DGMM",NA,0.824288250258529,0.046,0.355521979612754,0.408,-32311.756184144,66709.6544625406,14,2.15,TRUE,"",0.2,4,252,820252,920252
"RDMM",4.03416269793521,0.902402403613472,0.025,0.772172819286179,0.092,-29541.7213704756,61162.6770799247,107,4.45,TRUE,"",0.2,4,252,820252,920252
"DGMM",NA,0.580202230908217,0.119,0.287639262275065,0.459,-31984.3814772484,66054.9050487493,13,1.59,TRUE,"",0.2,4,253,820253,920253
"RDMM",4.21190381694754,0.929225019310235,0.018,0.747959589159922,0.104,-29400.4154015303,60880.0651420342,151,6.11,TRUE,"",0.2,4,253,820253,920253
"DGMM",NA,0.763642203669181,0.063,0.320167296887912,0.414,-31553.7563524143,65193.6547990812,16,2.14,TRUE,"",0.2,4,254,820254,920254
"RDMM",4.26186802197777,0.944728714639549,0.014,0.758445440142344,0.099,-29374.0087391157,60827.251817205,100,4.17,TRUE,"",0.2,4,254,820254,920254
"DGMM",NA,0.376241574996771,0.193,0.156155147724083,0.584,-32328.0898503961,66742.3217950448,29,3.44,TRUE,"",0.2,4,255,820255,920255
"RDMM",3.70611007540537,0.925369235260263,0.019,0.742750915438534,0.105,-29819.9722599999,61719.1788589734,144,5.76,TRUE,"",0.2,4,255,820255,920255
"DGMM",NA,0.626889490682576,0.104,0.483744043463725,0.247,-33194.0712707513,68474.2846357553,6,0.809999999999995,TRUE,"",0.2,4,256,820256,920256
"RDMM",4.23403841550254,0.929224015233394,0.018,0.742523083537652,0.108,-29978.2028164505,62035.6399718746,100,4,TRUE,"",0.2,4,256,820256,920256
"DGMM",NA,0.604888569670845,0.111,0.446090034093856,0.272,-32481.5644826271,67049.2710595068,6,0.810000000000002,TRUE,"",0.2,4,257,820257,920257
"RDMM",4.23645137559194,0.936960959542016,0.016,0.744047747852106,0.105,-29551.2827634518,61181.7998658773,199,7.95,TRUE,"",0.2,4,257,820257,920257
"DGMM",NA,-0.000995319964449618,0.498,0.000631040723115668,0.73,-31439.9586806054,64966.0594554633,29,3.51,TRUE,"",0.2,4,258,820258,920258
"RDMM",3.72952516902944,0.925369369089393,0.019,0.73554653271142,0.109,-30049.6505769033,62178.5354927802,187,7.61,TRUE,"",0.2,4,258,820258,920258
"DGMM",NA,0.177368075323356,0.289,0.123536876027915,0.545,-33836.7173104899,69759.5767152324,10,1.31,TRUE,"",0.2,4,259,820259,920259
"RDMM",3.71140516065501,0.917681607256691,0.021,0.765222021950911,0.096,-30348.7292721846,62776.6928833428,205,8.19,TRUE,"",0.2,4,259,820259,920259
"DGMM",NA,-0.000301533042504346,0.491,-0.000564187389910929,0.738,-31139.6770754205,64365.4962450937,24,2.93000000000001,TRUE,"",0.2,4,260,820260,920260
"RDMM",4.32869137955918,0.883483385144493,0.03,0.440985919560272,0.316,-30082.2150967815,62243.6645325366,141,5.67,TRUE,"",0.2,4,260,820260,920260
"DGMM",NA,-0.000693971555826459,0.496,-0.000101442576414487,0.733,-31242.6116718592,64571.3654379709,19,2.33000000000001,TRUE,"",0.2,4,261,820261,920261
"RDMM",3.89869253364687,0.956440423684249,0.011,0.768777024508111,0.094,-29638.0286043317,61355.2915476371,147,6.08,TRUE,"",0.2,4,261,820261,920261
"DGMM",NA,0.359136900450169,0.2,0.165303360623785,0.53,-32125.2706369812,66336.683368215,27,3.27,TRUE,"",0.2,4,262,820262,920262
"RDMM",3.7584241227196,0.894810185581731,0.027,0.713375179707771,0.118,-29997.5410078282,62074.3163546301,100,4.03,TRUE,"",0.2,4,262,820262,920262
"DGMM",NA,0.646061045783053,0.098,0.258817340214339,0.502,-33641.8798273304,69369.9017489135,10,1.27000000000001,TRUE,"",0.2,4,263,820263,920263
"RDMM",3.84720476782497,0.92536931929657,0.019,0.742026932542049,0.106,-30003.8543035921,62086.9429461579,103,4.12,TRUE,"",0.2,4,263,820263,920263
"DGMM",NA,0.633260052435965,0.102,0.269480030743079,0.528,-32150.286969086,66386.7160324245,18,2.25,TRUE,"",0.2,4,264,820264,920264
"RDMM",3.96167832541128,0.917681624914723,0.021,0.750152178261217,0.103,-29538.215018569,61155.6643761117,258,10.18,TRUE,"",0.2,4,264,820264,920264
"DGMM",NA,0.00775822239255485,0.454,0.00273423101180297,0.721,-31369.5682280984,64825.2785504494,26,3.11,TRUE,"",0.2,4,265,820265,920265
"RDMM",3.83988421383504,0.917681612197773,0.021,0.717658842602887,0.118,-30157.0316457563,62393.2976304861,104,4.23,TRUE,"",0.2,4,265,820265,920265
"DGMM",NA,0.846246745404609,0.04,0.320111163862203,0.508,-32279.8046607344,66645.7514157214,13,1.61,TRUE,"",0.2,4,266,820266,920266
"RDMM",4.12442881096083,0.933089052884805,0.017,0.745414099141836,0.105,-29780.8552605611,61640.9448600959,105,4.38,TRUE,"",0.2,4,266,820266,920266
"DGMM",NA,0.868492902680375,0.034,0.318838446221665,0.444,-32334.1465767429,66754.4352477383,13,1.59999999999999,TRUE,"",0.2,4,267,820267,920267
"RDMM",3.95078735745686,0.952528520884391,0.012,0.54460830100534,0.3,-29659.6033711103,61398.4410811942,100,4.07000000000002,TRUE,"",0.2,4,267,820267,920267
"DGMM",NA,7.64629779069949e-05,0.479,0.00131794821881887,0.725,-31336.9252462005,64759.9925866535,30,3.55000000000001,TRUE,"",0.2,4,268,820268,920268
"RDMM",3.54345482183722,0.90240143512375,0.025,0.732176482244989,0.11,-29997.7500215301,62074.7343820337,137,5.59,TRUE,"",0.2,4,268,820268,920268
"DGMM",NA,0.910025977342736,0.023,0.329973741628001,0.492,-31970.1511685982,66026.4444314491,13,1.75,TRUE,"",0.2,4,269,820269,920269
"RDMM",4.04839847286289,0.92152149321267,0.02,0.743473968041427,0.106,-29449.4863151758,60978.2069693253,104,4.15000000000001,TRUE,"",0.2,4,269,820269,920269
"DGMM",NA,0.760144251430215,0.064,0.313552722366575,0.452,-33239.9876752515,68566.1174447556,9,1.13999999999999,TRUE,"",0.2,4,270,820270,920270
"RDMM",4.02875889462388,0.948624627713321,0.013,0.778525068677782,0.09,-29880.6293564615,61840.4930518966,108,4.40000000000001,TRUE,"",0.2,4,270,820270,920270
"DGMM",NA,0.78123745950677,0.058,0.267174551819406,0.518,-32619.7870587691,67325.7162117908,13,1.59,TRUE,"",0.2,4,271,820271,920271
"RDMM",4.15683010351193,0.952528518110309,0.012,0.757098506177703,0.1,-29672.2149045778,61423.6641481291,229,9.17999999999998,TRUE,"",0.2,4,271,820271,920271
"DGMM",NA,0.824288893378984,0.046,0.360804676827677,0.43,-32368.8726108714,66823.8873159953,19,2.38,TRUE,"",0.2,4,272,820272,920272
"RDMM",4.14841139466842,0.921521468576403,0.02,0.746713065957415,0.104,-29929.4816194712,61938.197577916,167,6.69999999999999,TRUE,"",0.2,4,272,820272,920272
"DGMM",NA,0.891027040730964,0.028,0.347917586914169,0.461,-32421.1422410331,66928.4265763188,15,1.78999999999999,TRUE,"",0.2,4,273,820273,920273
"RDMM",3.72030511494387,0.902402362430831,0.025,0.768289044679089,0.094,-29376.8003206718,60832.8349803172,273,10.81,TRUE,"",0.2,4,273,820273,920273
"DGMM",NA,0.846246270183737,0.04,0.337814157430499,0.424,-31928.1536408992,65942.449376051,11,1.43000000000001,TRUE,"",0.2,4,274,820274,920274
"RDMM",3.90632679537228,0.91384978072395,0.022,0.723953726024817,0.114,-29312.7160293724,60704.6663977184,184,7.41999999999999,TRUE,"",0.2,4,274,820274,920274
"DGMM",NA,0.427210188493016,0.173,0.181383597255193,0.56,-32523.4935098313,67133.1291139152,35,4.28999999999999,TRUE,"",0.2,4,275,820275,920275
"RDMM",3.81934113144003,0.95252848247188,0.012,0.766357013716959,0.096,-29633.7238624845,61346.6820639427,125,5.08000000000001,TRUE,"",0.2,4,275,820275,920275
"DGMM",NA,0.364157002143534,0.198,0.156069835089687,0.56,-32142.6604598063,66371.4630138653,26,3.22,TRUE,"",0.2,4,276,820276,920276
"RDMM",3.99241469770401,0.925369326958849,0.019,0.758706684819191,0.099,-29859.1487011815,61797.5317413366,138,5.5,TRUE,"",0.2,4,276,820276,920276
"DGMM",NA,0.795459550949204,0.054,0.346336285414579,0.499,-32553.5898274664,67193.3217491853,21,2.59999999999999,TRUE,"",0.2,4,277,820277,920277
"RDMM",4.12149999319058,0.933089028748594,0.017,0.73211718010507,0.111,-29866.0467954409,61811.3279298554,120,4.81,TRUE,"",0.2,4,277,820277,920277
"DGMM",NA,-0.000189730461602118,0.489,-0.000470170314010505,0.728,-31390.7298334189,64867.6017610905,32,3.85999999999999,TRUE,"",0.2,4,278,820278,920278
"RDMM",3.87002028964804,0.913849805514484,0.022,0.72737826781619,0.114,-29986.3507135991,62051.9357661719,100,4.03,TRUE,"",0.2,4,278,820278,920278
"DGMM",NA,0.729042578737682,0.073,0.296777111538991,0.493,-32094.2258404972,66274.593775247,15,1.93000000000001,TRUE,"",0.2,4,279,820279,920279
"RDMM",4.07441087224661,0.913849655623316,0.022,0.759864951714878,0.098,-29370.7514242719,60820.7371875175,118,4.68000000000001,TRUE,"",0.2,4,279,820279,920279
"DGMM",NA,0.902400373762367,0.025,0.422755317938447,0.486,-32053.6896342178,66193.5213626882,22,2.66999999999999,TRUE,"",0.2,4,280,820280,920280
"RDMM",4.18953121778791,0.929223997764631,0.018,0.757758560478859,0.098,-29483.6170101962,61046.468359366,189,7.53,TRUE,"",0.2,4,280,820280,920280
"DGMM",NA,0.913849858953097,0.022,0.378804862240482,0.457,-32551.0408909803,67188.2238762131,29,3.50999999999999,TRUE,"",0.2,4,281,820281,920281
"RDMM",4.21947803750576,0.944728703420482,0.014,0.770196264906777,0.094,-29566.9062041555,61213.0467472846,171,7.05000000000001,TRUE,"",0.2,4,281,820281,920281
"DGMM",NA,-0.000378852763456561,0.491,-0.000593986031626779,0.736,-31147.800344959,64381.7427841707,28,3.5,TRUE,"",0.2,4,282,820282,920282
"RDMM",3.97708275977722,0.917681615365134,0.021,0.707074944298191,0.122,-29984.1966451134,62047.6276292005,281,11.49,TRUE,"",0.2,4,282,820282,920282
"DGMM",NA,0.910025939117301,0.023,0.45456843109049,0.496,-32629.5550213456,67345.2521369439,36,4.25,TRUE,"",0.2,4,283,820283,920283
"RDMM",4.15034870515351,0.944728673346693,0.014,0.780776437069909,0.089,-29855.6304367017,61790.4952123771,203,8.07999999999998,TRUE,"",0.2,4,283,820283,920283
"DGMM",NA,0.212417406666071,0.269,0.0934136824139915,0.626,-32584.6434286675,67255.4289515876,40,4.83000000000004,TRUE,"",0.2,4,284,820284,920284
"RDMM",3.90801860913433,0.925369170305366,0.019,0.791901330921217,0.084,-29538.3681772766,61155.9706935269,119,4.75,TRUE,"",0.2,4,284,820284,920284
"DGMM",NA,0.701945873954299,0.081,0.430538636842442,0.274,-33446.6498685869,68979.4418314263,6,0.779999999999973,TRUE,"",0.2,4,285,820285,920285
"RDMM",3.91987694184207,0.913849794873989,0.022,0.744232979618443,0.105,-29784.2346348794,61647.7036087324,100,4.05000000000001,TRUE,"",0.2,4,285,820285,920285
"DGMM",NA,0.364273915474272,0.198,0.160332166798368,0.528,-32032.8917102642,66151.925514781,28,3.38,TRUE,"",0.2,4,286,820286,920286
"RDMM",4.08530079740275,0.925369296079998,0.019,0.750611889549034,0.102,-29531.9367197418,61143.1077784572,100,4.03000000000003,TRUE,"",0.2,4,286,820286,920286
"DGMM",NA,0.42714881746376,0.173,0.181039082264785,0.537,-32135.0134438469,66356.1689819464,30,3.63999999999999,TRUE,"",0.2,4,287,820287,920287
"RDMM",4.08004408395618,0.944728731187689,0.014,0.743757466338541,0.106,-30043.9558917135,62167.1461224006,100,4.06,TRUE,"",0.2,4,287,820287,920287
"DGMM",NA,0.917681619609396,0.021,0.723642455576409,0.114,-32170.6181582482,66427.3784107491,14,1.69999999999999,TRUE,"",0.2,4,288,820288,920288
"RDMM",4.09440435566179,0.936960912004273,0.016,0.782198113353405,0.088,-29785.6822731135,61650.5988852006,100,4.19,TRUE,"",0.2,4,288,820288,920288
"DGMM",NA,0.831575600954643,0.044,0.391142711415723,0.377,-32101.9242978943,66289.9906900411,14,1.72000000000003,TRUE,"",0.2,4,289,820289,920289
"RDMM",4.22235418986758,0.940840842838261,0.015,0.732292379375752,0.111,-29319.7515077971,60718.7373545678,162,6.41000000000003,TRUE,"",0.2,4,289,820289,920289
"DGMM",NA,0.902402428454474,0.025,0.372700252401953,0.477,-32837.3840586929,67760.9102116384,13,1.33999999999997,TRUE,"",0.2,4,290,820290,920290
"RDMM",4.08366750800855,0.917681619276823,0.021,0.473486020922801,0.341,-30255.4013755821,62590.0370901379,108,3.32999999999998,TRUE,"",0.2,4,290,820290,920290
"DGMM",NA,0.835231259364062,0.043,0.358787185191134,0.404,-31243.045495055,64572.2330843626,12,1.14999999999998,TRUE,"",0.2,4,291,820291,920291
"RDMM",3.96374972860856,0.940840838327468,0.015,0.787772188093757,0.086,-28874.7498836723,59828.7341063182,111,3.13999999999999,TRUE,"",0.2,4,291,820291,920291
"DGMM",NA,0.592472121711677,0.115,0.262250893114172,0.529,-32270.7077186773,66627.5575316071,21,1.74000000000001,TRUE,"",0.2,4,292,820292,920292
"RDMM",4.03262163316606,0.921521173132497,0.02,0.726335435903485,0.114,-29733.2028444846,61545.6400279429,118,2.97000000000003,TRUE,"",0.2,4,292,820292,920292
"DGMM",NA,0.310798248518813,0.221,0.130610308507226,0.559,-32105.4355582408,66297.0132107343,26,1.36,TRUE,"",0.2,4,293,820293,920293
"RDMM",3.90536586633626,0.917681602167798,0.021,0.742595144045312,0.107,-29844.1465072272,61767.5273534281,214,7.71,TRUE,"",0.2,4,293,820293,920293
"DGMM",NA,0.883483504218262,0.03,0.410708280217104,0.459,-31787.6373735849,65661.4168414224,18,2.54,TRUE,"",0.2,4,294,820294,920294
"RDMM",4.44738524817152,0.933089061895653,0.017,0.775596929090438,0.091,-29683.47233191,61446.1790027935,133,5.43,TRUE,"",0.2,4,294,820294,920294
"DGMM",NA,0.879723800372608,0.031,0.315791992553102,0.445,-32672.1336196106,67430.4093334737,22,2.66,TRUE,"",0.2,4,295,820295,920295
"RDMM",3.98355488195277,0.910026022203488,0.023,0.726257486183647,0.114,-30375.7978838198,62830.8301066132,165,6.78,TRUE,"",0.2,4,295,820295,920295
"DGMM",NA,7.81301878302276e-05,0.485,0.00201325260019381,0.713,-31274.1044008645,64634.3508959816,42,5.06,TRUE,"",0.2,4,296,820296,920296
"RDMM",3.58452877955108,0.902402364859231,0.025,0.722450590314914,0.115,-30060.9613087932,62201.1569565601,184,7.33000000000001,TRUE,"",0.2,4,296,820296,920296
"DGMM",NA,0.770655773573917,0.061,0.343500080706242,0.441,-32342.0004486401,66770.1429915327,13,1.6,TRUE,"",0.2,4,297,820297,920297
"RDMM",4.29090125119209,0.929225195804495,0.018,0.762333991117901,0.097,-29995.9034554422,62071.041249858,152,6.11,TRUE,"",0.2,4,297,820297,920297
"DGMM",NA,0.861045138155291,0.036,0.306195574827763,0.448,-32852.0532886667,67790.2486715859,14,1.75,TRUE,"",0.2,4,298,820298,920298
"RDMM",3.92780704100451,0.921521537419764,0.02,0.487723855483036,0.303,-29974.0777249011,62027.3897887757,176,7,TRUE,"",0.2,4,298,820298,920298
"DGMM",NA,0.299330627582903,0.226,0.131830148967118,0.568,-32253.6165242772,66593.375142807,28,3.42,TRUE,"",0.2,4,299,820299,920299
"RDMM",3.79309827997067,0.929224831380954,0.018,0.703168780522236,0.126,-30003.8337224367,62086.901783847,241,9.66,TRUE,"",0.2,4,299,820299,920299
"DGMM",NA,0.746245343676346,0.068,0.291530177508033,0.481,-32573.4790878086,67233.1002698699,17,2.13000000000001,TRUE,"",0.2,4,300,820300,920300
"RDMM",3.93283351703895,0.929225186681783,0.018,0.73938050290106,0.107,-29875.7099767197,61830.654292413,103,4.09,TRUE,"",0.2,4,300,820300,920300
"DGMM",NA,-0.000850384617639527,0.5,-5.46248230554793e-05,0.728,-31735.5104074343,65557.1629091212,36,4.36,TRUE,"",0.2,4,301,820301,920301
"RDMM",3.88882212916093,0.936960955176029,0.016,0.546158339040295,0.241,-30398.2212134352,62875.676765844,152,6.25999999999999,TRUE,"",0.2,4,301,820301,920301
"DGMM",NA,0.623729284586106,0.105,0.251070681396446,0.523,-33332.1505037203,68750.4431016931,12,1.47999999999999,TRUE,"",0.2,4,302,820302,920302
"RDMM",3.74814350770681,0.925369353008673,0.019,0.763810559423199,0.096,-30157.0683033517,62393.3709456771,161,6.39,TRUE,"",0.2,4,302,820302,920302
"DGMM",NA,0.883483550714575,0.03,0.38167214659361,0.432,-32527.7194843604,67141.5810629734,21,2.54000000000001,TRUE,"",0.2,4,303,820303,920303
"RDMM",3.71018142795002,0.910026039795815,0.023,0.75428923981211,0.1,-29780.504701034,61640.2437410415,100,4.06,TRUE,"",0.2,4,303,820303,920303
"DGMM",NA,0.91002600663061,0.023,0.359333188797934,0.417,-32520.1783704196,67126.4988350918,15,1.83,TRUE,"",0.2,4,304,820304,920304
"RDMM",4.05612128856662,0.913849764216256,0.022,0.67902200495936,0.137,-29858.9530367827,61797.1404125391,143,5.72,TRUE,"",0.2,4,304,820304,920304
"DGMM",NA,0.929219505467988,0.018,0.402056822290076,0.38,-32452.296393826,66990.7348819046,16,1.92999999999999,TRUE,"",0.2,4,305,820305,920305
"RDMM",4.20207910621722,0.936955866377461,0.016,0.754626399293594,0.101,-30012.8994189386,62105.0331768508,100,4.07000000000001,TRUE,"",0.2,4,305,820305,920305
"DGMM",NA,0.933089028594122,0.017,0.359983369515678,0.405,-32260.5448511952,66607.2317966431,15,1.83,TRUE,"",0.2,4,306,820306,920306
"RDMM",3.91693028576663,0.952528484325076,0.012,0.744126331757706,0.106,-29439.7719707866,60958.7782805467,205,8.17,TRUE,"",0.2,4,306,820306,920306
"DGMM",NA,0.448162017474262,0.165,0.194136001020905,0.562,-31792.4189555109,65670.9800052743,23,2.85000000000001,TRUE,"",0.2,4,307,820307,920307
"RDMM",3.87396163031973,0.940839440764336,0.015,0.771649127836657,0.093,-29427.1784099819,60933.5911589375,103,4.19,TRUE,"",0.2,4,307,820307,920307
"DGMM",NA,0.795459596516969,0.054,0.352305796746266,0.507,-32513.7806481112,67113.7033904751,18,2.20000000000002,TRUE,"",0.2,4,308,820308,920308
"RDMM",3.96607599630032,0.929224545468372,0.018,0.705618269740718,0.123,-29940.2380667702,61959.7104725141,250,9.95999999999998,TRUE,"",0.2,4,308,820308,920308
"DGMM",NA,0.910025737171067,0.023,0.332318982211122,0.454,-32729.6561585396,67545.4544113318,12,1.64000000000001,TRUE,"",0.2,4,309,820309,920309
"RDMM",3.92329928584263,0.936960736975988,0.016,0.706531041669646,0.124,-29718.6221700136,61516.4786790008,106,4.29000000000002,TRUE,"",0.2,4,309,820309,920309
"DGMM",NA,0.875972086433466,0.032,0.324509458789957,0.496,-32698.2419739992,67482.6260422509,12,1.5,TRUE,"",0.2,4,310,820310,920310
"RDMM",3.91192386076978,0.936960902784144,0.016,0.709432662674552,0.122,-29812.8284918158,61704.8913226053,217,8.78,TRUE,"",0.2,4,310,820310,920310
"DGMM",NA,0.359458761442629,0.2,0.144241858782744,0.578,-32094.2545790042,66274.6512522611,32,3.79000000000002,TRUE,"",0.2,4,311,820311,920311
"RDMM",3.88672321701244,0.906210122247046,0.024,0.536835205656815,0.29,-29800.070841195,61679.3760213636,135,5.41,TRUE,"",0.2,4,311,820311,920311
"DGMM",NA,0.503626700603986,0.145,0.217780026132202,0.518,-32225.9444323954,66538.0309590434,18,2.19,TRUE,"",0.2,4,312,820312,920312
"RDMM",4.01084554368749,0.898602556173593,0.026,0.723533988952088,0.114,-29569.8573490717,61218.9490371171,149,5.89999999999998,TRUE,"",0.2,4,312,820312,920312
"DGMM",NA,0.849934219302827,0.039,0.30351428844657,0.48,-32956.6471866799,67999.4364676124,13,1.60999999999999,TRUE,"",0.2,4,313,820313,920313
"RDMM",3.76718600588536,0.89860261535387,0.026,0.73105835300467,0.111,-30180.6728327137,62440.5800044011,110,4.41999999999999,TRUE,"",0.2,4,313,820313,920313
"DGMM",NA,0.902402398255975,0.025,0.335262218064207,0.448,-32971.4401499943,68029.0223942413,25,3,TRUE,"",0.2,4,314,820314,920314
"RDMM",3.92256074143478,0.917681681879641,0.021,0.713951686989195,0.119,-29829.6818650432,61738.5980690601,190,7.72999999999999,TRUE,"",0.2,4,314,820314,920314
"DGMM",NA,0.76014342563647,0.064,0.339851825119579,0.43,-32309.451934028,66705.0459623087,14,1.72999999999999,TRUE,"",0.2,4,315,820315,920315
"RDMM",3.94656210785853,0.933089085993222,0.017,0.750285739988217,0.102,-30065.0287373091,62209.2918135919,100,4.06999999999999,TRUE,"",0.2,4,315,820315,920315
"DGMM",NA,0.489442296201932,0.15,0.218672448359827,0.534,-32003.2076685968,66092.5574314462,25,3.06,TRUE,"",0.2,4,316,820316,920316
"RDMM",3.99802665500724,0.91002594488718,0.023,0.749836061690028,0.102,-29698.5430698116,61476.3204785967,122,4.98000000000002,TRUE,"",0.2,4,316,820316,920316
"DGMM",NA,0.00220126793485645,0.473,0.00159915733003138,0.728,-31539.9295831539,65166.0012605605,31,3.77000000000001,TRUE,"",0.2,4,317,820317,920317
"RDMM",3.68964907629305,0.940840826551603,0.015,0.60088765508799,0.195,-30243.9569295309,62567.1481980355,112,4.47,TRUE,"",0.2,4,317,820317,920317
"DGMM",NA,0.642839859135223,0.099,0.281632216746927,0.424,-32965.6356469242,68017.4133881009,10,1.25999999999999,TRUE,"",0.2,4,318,820318,920318
"RDMM",4.12931703050066,0.936960907104659,0.016,0.767404909444658,0.095,-29918.2661443123,61915.7666275982,102,4.13,TRUE,"",0.2,4,318,820318,920318
"DGMM",NA,0.868492971293555,0.034,0.389009950917048,0.488,-32254.2552296171,66594.6525534869,19,2.28,TRUE,"",0.2,4,319,820319,920319
"RDMM",4.16685809909483,0.944728714639549,0.014,0.752171971628564,0.102,-29759.5605187728,61598.3553765192,296,11.75,TRUE,"",0.2,4,319,820319,920319
"DGMM",NA,0.4065223941362,0.181,0.162760985713957,0.576,-32510.5280553055,67107.1982048636,34,4.04999999999998,TRUE,"",0.2,4,320,820320,920320
"RDMM",3.98187687368665,0.92536931929657,0.019,0.541072722513308,0.265,-30007.8564690104,62094.9472769944,146,5.88,TRUE,"",0.2,4,320,820320,920320
"DGMM",NA,0.87597230132558,0.032,0.355433752782462,0.465,-32238.5859302759,66563.3139548045,24,2.91,TRUE,"",0.2,4,321,820321,920321
"RDMM",3.96436403766548,0.936960928519243,0.016,0.727637591014248,0.113,-29732.5373448625,61544.3090286986,173,7.05000000000001,TRUE,"",0.2,4,321,820321,920321
"DGMM",NA,0.898602550386423,0.026,0.300413802539241,0.485,-32567.7078123656,67221.5577189839,11,1.40999999999997,TRUE,"",0.2,4,322,820322,920322
"RDMM",4.27238203515199,0.952528481341696,0.012,0.432727478254006,0.362,-30078.3329541079,62235.9002471895,156,6.34999999999997,TRUE,"",0.2,4,322,820322,920322
"DGMM",NA,0.838895169967395,0.042,0.393176487164085,0.383,-31962.9677817644,66012.0776577815,14,1.80000000000001,TRUE,"",0.2,4,323,820323,920323
"RDMM",4.59385870403412,0.94862457829413,0.013,0.770042217060728,0.094,-29585.2909220198,61249.8161830133,104,4.44,TRUE,"",0.2,4,323,820323,920323
"DGMM",NA,0.849933902623982,0.039,0.311376335534962,0.493,-33272.1022347508,68630.3465637541,15,1.83000000000004,TRUE,"",0.2,4,324,820324,920324
"RDMM",3.94059812299587,0.929225221916543,0.018,0.747128175221068,0.104,-30239.9856545387,62559.2056480511,159,6.31999999999999,TRUE,"",0.2,4,324,820324,920324
"DGMM",NA,0.376413834937347,0.193,0.169192373759034,0.563,-31714.4229704472,65514.9880351469,31,3.80000000000001,TRUE,"",0.2,4,325,820325,920325
"RDMM",4.30470259660854,0.94084083423399,0.015,0.731609961695427,0.111,-29661.3403689048,61401.9150767832,153,6.11000000000001,TRUE,"",0.2,4,325,820325,920325
"DGMM",NA,0.925369326116525,0.019,0.391217494698945,0.416,-32687.7656489665,67461.6733921856,17,2.10000000000002,TRUE,"",0.2,4,326,820326,920326
"RDMM",4.21284571456362,0.948624582145536,0.013,0.789668599552754,0.085,-29923.1465025552,61925.527344084,133,5.36000000000001,TRUE,"",0.2,4,326,820326,920326
"DGMM",NA,0.364178169568309,0.198,0.145249485659567,0.592,-31986.9417557911,66060.0256058348,27,3.18000000000001,TRUE,"",0.2,4,327,820327,920327
"RDMM",4.06148770825654,0.929225224721434,0.018,0.696039289392922,0.128,-29397.4503005171,60874.1349400078,108,4.38999999999999,TRUE,"",0.2,4,327,820327,920327
"DGMM",NA,0.883483405727998,0.03,0.34528830612446,0.509,-32879.1471417205,67844.4363776937,12,1.44999999999999,TRUE,"",0.2,4,328,820328,920328
"RDMM",4.04679729457112,0.93308899495787,0.017,0.493946280368076,0.31,-30042.7118675702,62164.6580741141,164,6.61000000000001,TRUE,"",0.2,4,328,820328,920328
"DGMM",NA,0.902402337351963,0.025,0.332285423385137,0.504,-32902.2293612749,67890.6008168024,16,1.94,TRUE,"",0.2,4,329,820329,920329
"RDMM",3.75452586431927,0.948624592052443,0.013,0.730688144098291,0.112,-29692.5627173998,61464.3597737731,184,7.40000000000003,TRUE,"",0.2,4,329,820329,920329
"DGMM",NA,0.864764749661794,0.035,0.304067748973566,0.471,-32916.9562297452,67920.0545537429,14,1.71999999999997,TRUE,"",0.2,4,330,820330,920330
"RDMM",3.80805242961179,0.917681669637813,0.021,0.758787205071299,0.098,-29824.9808652723,61729.1960695182,187,7.08000000000004,TRUE,"",0.2,4,330,820330,920330
"DGMM",NA,0.456463104874919,0.162,0.200538698039797,0.537,-33552.5633896222,69191.268873497,10,1.02999999999997,TRUE,"",0.2,4,331,820331,920331
"RDMM",3.95512470575909,0.92152149321267,0.02,0.731183700679031,0.111,-30122.1595671457,62323.553473265,300,8.53999999999996,TRUE,"",0.2,4,331,820331,920331
"DGMM",NA,0.401395784590503,0.183,0.161298841877319,0.534,-32474.7648991064,67035.6718924654,20,1.56999999999999,TRUE,"",0.2,4,332,820332,920332
"RDMM",4.15557447035682,0.921521507384713,0.02,0.756317194864855,0.1,-29712.503984536,61504.2423080455,100,2.5,TRUE,"",0.2,4,332,820332,920332
"DGMM",NA,0.80262028042287,0.052,0.294950733808064,0.516,-32382.7410997244,66851.6242937015,19,1.36000000000001,TRUE,"",0.2,4,333,820333,920333
"RDMM",4.14209441997047,0.933089037437632,0.017,0.736307730691231,0.109,-29989.9699924986,62059.1743239708,102,2.37,TRUE,"",0.2,4,333,820333,920333
"DGMM",NA,0.688585200029506,0.085,0.262651221185689,0.499,-33307.8056524725,68701.7533991976,10,0.73,TRUE,"",0.2,4,334,820334,920334
"RDMM",3.80731360285462,0.933088681803119,0.017,0.741676207720652,0.106,-30037.8198893286,62154.8741176309,167,4.62,TRUE,"",0.2,4,334,820334,920334
"DGMM",NA,0.000973908512416689,0.48,-0.000777254786780111,0.726,-31298.8248329136,64683.7917600798,28,3.4,TRUE,"",0.2,4,335,820335,920335
"RDMM",3.94155874364473,0.898602521198594,0.026,0.742681204638164,0.105,-30053.2375542719,62185.7094475175,260,10.94,TRUE,"",0.2,4,335,820335,920335
"DGMM",NA,0.639652937319714,0.1,0.264850952646625,0.448,-32861.6102280582,67809.3625503689,27,3.26,TRUE,"",0.2,4,336,820336,920336
"RDMM",3.99931719743009,0.936960919798378,0.016,0.744246619594847,0.106,-29932.9609814023,61945.1563017782,143,5.91,TRUE,"",0.2,4,336,820336,920336
"DGMM",NA,-0.000153002651982625,0.49,-0.000437684532194807,0.719,-31272.5482238866,64631.2385420259,30,3.58,TRUE,"",0.2,4,337,820337,920337
"RDMM",3.86103728994203,0.925369333295424,0.019,0.713237491648617,0.119,-29795.1569621575,61669.5482632886,130,5.2,TRUE,"",0.2,4,337,820337,920337
"DGMM",NA,0.512202452805528,0.142,0.217189464801813,0.501,-31698.5494294663,65483.2409531851,20,2.44,TRUE,"",0.2,4,338,820338,920338
"RDMM",3.88787982185021,0.925369326097381,0.019,0.694419178360637,0.13,-29237.4855767288,60554.2054924312,118,4.76,TRUE,"",0.2,4,338,820338,920338
"DGMM",NA,0.655755452467645,0.095,0.279627665975339,0.491,-32427.7456737242,66941.633441701,24,2.91999999999999,TRUE,"",0.2,4,339,820339,920339
"RDMM",3.64931808633977,0.921521521929169,0.02,0.765236798259528,0.095,-29672.1282483573,61423.4908356881,138,5.53,TRUE,"",0.2,4,339,820339,920339
"DGMM",NA,0.846246654535843,0.04,0.356729445787992,0.374,-32505.3554822312,67096.8530587151,18,2.19,TRUE,"",0.2,4,340,820340,920340
"RDMM",3.82095910314722,0.929224938920959,0.018,0.771762219491294,0.092,-29714.7386640094,61508.7116669925,103,4.16999999999999,TRUE,"",0.2,4,340,820340,920340
"DGMM",NA,0.853629616197594,0.038,0.306311319655726,0.464,-33141.9265020527,68369.9950983579,24,2.93,TRUE,"",0.2,4,341,820341,920341
"RDMM",3.55985942908575,0.92536937188916,0.019,0.775069874771231,0.091,-29881.0036544584,61841.2416478904,112,4.54,TRUE,"",0.2,4,341,820341,920341
"DGMM",NA,0.784781112536697,0.057,0.291399163075611,0.494,-32364.3899087889,66814.9219118305,13,1.64,TRUE,"",0.2,4,342,820342,920342
"RDMM",4.00906388883414,0.936960960329308,0.016,0.7406913813312,0.107,-29827.4912956677,61734.216930309,100,4,TRUE,"",0.2,4,342,820342,920342
"DGMM",NA,0.486650738175301,0.151,0.20056159157703,0.559,-33254.9898258015,68596.1217458555,15,1.84999999999999,TRUE,"",0.2,4,343,820343,920343
"RDMM",3.9646894193052,0.910025662860395,0.023,0.529902276395093,0.299,-30388.1731375088,62855.5806139913,147,5.86,TRUE,"",0.2,4,343,820343,920343
"DGMM",NA,0.722222030665836,0.075,0.428944371267189,0.293,-32692.7896210614,67471.7213363753,6,0.760000000000005,TRUE,"",0.2,4,344,820344,920344
"RDMM",3.9711093160332,0.910025953541997,0.023,0.723165192415688,0.115,-29565.5570671253,61210.3484732243,200,8.03999999999999,TRUE,"",0.2,4,344,820344,920344
"DGMM",NA,0.763642819027993,0.063,0.318150753916274,0.42,-32322.1967360782,66730.535566409,14,1.69,TRUE,"",0.2,4,345,820345,920345
"RDMM",3.88664650473764,0.913849835977443,0.022,0.73765499382139,0.109,-29615.9779833731,61311.1903057198,238,9.44,TRUE,"",0.2,4,345,820345,920345
"DGMM",NA,0.887251224018043,0.029,0.36846139427571,0.454,-31837.0845957878,65760.3112858281,17,2.15000000000001,TRUE,"",0.2,4,346,820346,920346
"RDMM",4.11836079475587,0.913849789736054,0.022,0.73934985038146,0.107,-29526.3790017056,61131.9923423848,141,5.64,TRUE,"",0.2,4,346,820346,920346
"DGMM",NA,0.440368751401861,0.168,0.183338751781758,0.564,-32242.781964603,66571.7060234586,36,4.25,TRUE,"",0.2,4,347,820347,920347
"RDMM",4.26541123013001,0.940840846389229,0.015,0.715536077824761,0.119,-29859.3514458925,61797.9372307586,174,6.91000000000001,TRUE,"",0.2,4,347,820347,920347
"DGMM",NA,0.456422579211568,0.162,0.180710100122315,0.52,-32571.7084977578,67229.5590897681,23,2.81,TRUE,"",0.2,4,348,820348,920348
"RDMM",3.86480159868869,0.910026021863066,0.023,0.706466571218851,0.122,-29936.5364489913,61952.3072369561,126,5.16,TRUE,"",0.2,4,348,820348,920348
"DGMM",NA,0.492288249022234,0.149,0.190414977017666,0.554,-32160.943982929,66408.0300601106,19,2.36000000000001,TRUE,"",0.2,4,349,820349,920349
"RDMM",3.83423675437102,0.925369376368788,0.019,0.761261135743094,0.098,-29460.4873484744,61000.2090359224,174,6.91,TRUE,"",0.2,4,349,820349,920349
"DGMM",NA,0.879723712443314,0.031,0.359321749904428,0.499,-32657.5172866849,67401.1766676225,19,2.42000000000002,TRUE,"",0.2,4,350,820350,920350
"RDMM",3.93264613548832,0.929225168405716,0.018,0.739943399484194,0.108,-29958.1303618826,61995.4950627388,105,4.13,TRUE,"",0.2,4,350,820350,920350
"DGMM",NA,0.799036013676312,0.053,0.307559623100517,0.489,-32562.352941417,67210.8479770866,13,1.77999999999997,TRUE,"",0.2,4,351,820351,920351
"RDMM",3.84696627518786,0.902402320021437,0.025,0.633158531754157,0.161,-29804.2773425752,61687.7890241241,105,4.26000000000002,TRUE,"",0.2,4,351,820351,920351
"DGMM",NA,0.91002560506312,0.023,0.419187436319722,0.442,-31703.0973364387,65492.3367671299,17,2.06,TRUE,"",0.2,4,352,820352,920352
"RDMM",4.40110718955647,0.952527807274618,0.012,0.756440924015856,0.1,-29503.8071069898,61086.8485529533,134,5.45999999999998,TRUE,"",0.2,4,352,820352,920352
"DGMM",NA,0.725629009052556,0.074,0.300067212469746,0.411,-33012.5441415098,68111.2303772722,12,1.54999999999998,TRUE,"",0.2,4,353,820353,920353
"RDMM",4.08663788856734,0.891026889147135,0.028,0.700330637983678,0.127,-30097.9579858186,62275.1503106109,101,4.05000000000001,TRUE,"",0.2,4,353,820353,920353
"DGMM",NA,0.799036132562455,0.053,0.302250797375872,0.483,-32432.8885950713,66951.9192843952,36,4.38,TRUE,"",0.2,4,354,820354,920354
"RDMM",3.87000326150088,0.925367066915479,0.019,0.732812708700867,0.11,-29651.7505964305,61382.7355318347,126,5.08000000000001,TRUE,"",0.2,4,354,820354,920354
"DGMM",NA,0.7566593637878,0.065,0.340537799348153,0.488,-31984.5027819589,66055.1476581704,23,2.74000000000001,TRUE,"",0.2,4,355,820355,920355
"RDMM",4.21214554748038,0.92152151620575,0.02,0.739742819968085,0.107,-29550.6046267016,61180.4435923767,114,4.66,TRUE,"",0.2,4,355,820355,920355
"DGMM",NA,0.891026926459176,0.028,0.326371380781601,0.473,-32954.8916493998,67995.9253930521,13,1.57999999999998,TRUE,"",0.2,4,356,820356,920356
"RDMM",3.89731613066457,0.891026947088494,0.028,0.533834899918085,0.241,-30060.605996121,62200.4463312157,168,6.74000000000001,TRUE,"",0.2,4,356,820356,920356
"DGMM",NA,0.617375112623886,0.107,0.277918648144845,0.486,-32037.3285405995,66160.7991754516,19,2.42000000000002,TRUE,"",0.2,4,357,820357,920357
"RDMM",4.09067344077451,0.933089059321125,0.017,0.714094356212864,0.12,-29543.277479343,61165.7892976597,251,9.93000000000001,TRUE,"",0.2,4,357,820357,920357
"DGMM",NA,-0.00175974031327961,0.488,-0.0019405831740504,0.734,-31619.7855718853,65325.7132380233,25,3,TRUE,"",0.2,4,358,820358,920358
"RDMM",3.65802677579698,0.921520666081912,0.02,0.745292906820534,0.104,-30121.9220882667,62323.0785155071,140,5.75,TRUE,"",0.2,4,358,820358,920358
"DGMM",NA,0.312867670854773,0.22,0.125251679341636,0.599,-32228.3345261193,66542.8111464913,39,4.65000000000001,TRUE,"",0.2,4,359,820359,920359
"RDMM",4.15600548896505,0.940840825049269,0.015,0.755387862811744,0.101,-30039.9505490182,62159.13543701,138,5.53,TRUE,"",0.2,4,359,820359,920359
"DGMM",NA,0.902402495823657,0.025,0.394018879737152,0.451,-33167.669715489,68421.4815252305,24,2.97,TRUE,"",0.2,4,360,820360,920360
"RDMM",3.8772680592327,0.936960949964132,0.016,0.752484698029977,0.102,-30052.6175069034,62184.4693527805,150,5.91,TRUE,"",0.2,4,360,820360,920360
"DGMM",NA,0.806210681474292,0.051,0.335430371833424,0.472,-32809.5838115693,67705.3097173913,13,1.67000000000002,TRUE,"",0.2,4,361,820361,920361
"RDMM",3.76059365643892,0.925369353008673,0.019,0.741917842619977,0.107,-29924.6803558551,61928.5950506838,156,6.09,TRUE,"",0.2,4,361,820361,920361
"DGMM",NA,0.722217707283623,0.075,0.306884176491488,0.504,-32072.6029170028,66231.3479282583,18,2.25,TRUE,"",0.2,4,362,820362,920362
"RDMM",4.08020176727074,0.936960131376324,0.016,0.75508323649143,0.101,-29621.0079715582,61321.2502820901,123,4.86000000000001,TRUE,"",0.2,4,362,820362,920362
"DGMM",NA,0.735901915189613,0.071,0.276282587246621,0.482,-32650.1721100484,67386.4863143494,12,1.51999999999998,TRUE,"",0.2,4,363,820363,920363
"RDMM",3.81313510334776,0.921521463016539,0.02,0.737576474117525,0.108,-29732.8782949223,61544.9909288183,129,5.20000000000002,TRUE,"",0.2,4,363,820363,920363
"DGMM",NA,0.806209415518927,0.051,0.285510344144367,0.514,-32604.4563238939,67295.0547420403,14,1.81999999999999,TRUE,"",0.2,4,364,820364,920364
"RDMM",3.79452243939276,0.925369129773108,0.019,0.766500838125763,0.096,-29449.7331334248,60978.7006058232,266,10.64,TRUE,"",0.2,4,364,820364,920364
"DGMM",NA,0.917681673565334,0.021,0.389850058335057,0.423,-32064.8203793996,66215.7828530517,11,1.37,TRUE,"",0.2,4,365,820365,920365
"RDMM",4.35531609353969,0.933089087640918,0.017,0.536879102753373,0.252,-29688.763332635,61456.7610042436,127,5.36000000000001,TRUE,"",0.2,4,365,820365,920365
"DGMM",NA,0.547094479461352,0.13,0.219151323025353,0.526,-32420.4829774156,66927.1080490838,20,2.42000000000002,TRUE,"",0.2,4,366,820366,920366
"RDMM",4.09219946103827,0.925369223099176,0.019,0.769058678431785,0.094,-29895.0763799415,61869.3870988566,100,4.01999999999998,TRUE,"",0.2,4,366,820366,920366
"DGMM",NA,0.824289193670587,0.046,0.282817475304587,0.461,-32926.5368690814,67939.2158324153,13,1.60999999999996,TRUE,"",0.2,4,367,820367,920367
"RDMM",3.81307570509616,0.906210137372211,0.024,0.724042573935866,0.114,-29908.0261715026,61895.2866819789,176,6.99000000000001,TRUE,"",0.2,4,367,820367,920367
"DGMM",NA,0.72563457035335,0.074,0.279015083795203,0.478,-32442.4039489215,66970.9499920957,18,2.17000000000002,TRUE,"",0.2,4,368,820368,920368
"RDMM",3.87570750353523,0.925369294888299,0.019,0.717157482476963,0.118,-29495.0527334774,61069.3398059285,173,6.84000000000003,TRUE,"",0.2,4,368,820368,920368
"DGMM",NA,0.732472589368648,0.072,0.311286149196482,0.499,-32171.626800224,66429.3956947006,15,1.84000000000003,TRUE,"",0.2,4,369,820369,920369
"RDMM",4.22563397057397,0.921521449096114,0.02,0.764825178537536,0.095,-29432.5198874603,60944.2741138941,122,4.88999999999999,TRUE,"",0.2,4,369,820369,920369
"DGMM",NA,0.921521523378582,0.02,0.415113437918732,0.411,-32167.9166091061,66421.9753124648,18,2.21999999999997,TRUE,"",0.2,4,370,820370,920370
"RDMM",4.05513454432988,0.917681673565334,0.021,0.748983612382965,0.103,-29710.0249218425,61499.2841826586,100,4.05000000000001,TRUE,"",0.2,4,370,820370,920370
"DGMM",NA,0.861045001123057,0.036,0.35835553553458,0.485,-32917.335459306,67920.8130128647,13,1.65000000000003,TRUE,"",0.2,4,371,820371,920371
"RDMM",3.91189685750304,0.917681620559604,0.021,0.733683711508903,0.11,-30265.9553246011,62611.1449881758,137,5.47999999999996,TRUE,"",0.2,4,371,820371,920371
"DGMM",NA,0.910026044065516,0.023,0.380435461170851,0.475,-32332.1152378304,66750.3725699135,18,2.18000000000001,TRUE,"",0.2,4,372,820372,920372
"RDMM",4.16183762195079,0.956440422737287,0.011,0.74244763752574,0.107,-29487.9930942503,61055.2205274743,249,10,TRUE,"",0.2,4,372,820372,920372
"DGMM",NA,0.419388359497176,0.176,0.169176962182896,0.546,-32522.3130747902,67130.768243833,33,3.50999999999999,TRUE,"",0.2,4,373,820373,920373
"RDMM",3.65857009562635,0.898602523856467,0.026,0.723411001305356,0.114,-29932.1435533862,61943.5214457461,245,7.18000000000001,TRUE,"",0.2,4,373,820373,920373
"DGMM",NA,0.835231785300945,0.043,0.295346211551825,0.502,-32697.3420120453,67480.8261183433,16,1.31999999999999,TRUE,"",0.2,4,374,820374,920374
"RDMM",4.03624324150751,0.894810800270821,0.027,0.533207352929669,0.259,-30216.1852926164,62511.6049242065,100,2.55000000000001,TRUE,"",0.2,4,374,820374,920374
"DGMM",NA,0.739341411551102,0.07,0.309621093337625,0.472,-31911.2807975275,65908.7036893076,17,1.31,TRUE,"",0.2,4,375,820375,920375
"RDMM",4.17139924742477,0.929225202854171,0.018,0.772020249765343,0.092,-29331.4776887004,60742.1897163744,111,2.63999999999999,TRUE,"",0.2,4,375,820375,920375
"DGMM",NA,0.409054338252317,0.18,0.166950588357191,0.568,-32020.8819492128,66127.9059926781,29,1.55,TRUE,"",0.2,4,376,820376,920376
"RDMM",3.77453513100021,0.929225220431267,0.018,0.730833613352122,0.112,-29615.1558474812,61309.5460339361,154,5.05,TRUE,"",0.2,4,376,820376,920376
"DGMM",NA,0.791889104513236,0.055,0.317752298060444,0.494,-32425.0771817631,66936.2964577788,17,2.16,TRUE,"",0.2,4,377,820377,920377
"RDMM",3.96680242279583,0.898602568138077,0.026,0.733321754565803,0.11,-29804.4026561387,61688.039651251,208,8.88,TRUE,"",0.2,4,377,820377,920377
"DGMM",NA,0.902402413752658,0.025,0.449625289111237,0.504,-32211.4123793361,66508.9668529247,35,4.16,TRUE,"",0.2,4,378,820378,920378
"RDMM",4.19854078509296,0.940840798325927,0.015,0.757357111309176,0.099,-29739.5304902993,61558.2953195722,102,4.3,TRUE,"",0.2,4,378,820378,920378
"DGMM",NA,0.879723622199957,0.031,0.393742430589451,0.433,-32235.7806713255,66557.7034369037,18,2.19,TRUE,"",0.2,4,379,820379,920379
"RDMM",4.48512471849274,0.921521451032443,0.02,0.726176862681553,0.113,-29830.2355280247,61739.7053950229,119,4.83,TRUE,"",0.2,4,379,820379,920379
"DGMM",NA,0.802618872392744,0.052,0.339965316325986,0.41,-33099.2104495126,68284.5629932779,11,1.38,TRUE,"",0.2,4,380,820380,920380
"RDMM",3.8672852646192,0.913849766267288,0.022,0.736251874661139,0.108,-30104.2522608374,62287.7388606484,118,4.75,TRUE,"",0.2,4,380,820380,920380
"DGMM",NA,-0.00235811117082972,0.499,-0.00181827861288584,0.721,-31141.4633612921,64369.0688168368,29,3.47,TRUE,"",0.2,4,381,820381,920381
"RDMM",4.01382504934947,0.944727165976979,0.014,0.732819967138837,0.112,-29856.5318922543,61792.2981234822,250,9.99,TRUE,"",0.2,4,381,820381,920381
"DGMM",NA,0.451073757727435,0.164,0.187973726486756,0.51,-32473.1787437395,67032.4995817315,23,2.77,TRUE,"",0.2,4,382,820382,920382
"RDMM",3.79900114047623,0.936960932763956,0.016,0.788662827344142,0.085,-29744.39932,61568.0329789736,100,4,TRUE,"",0.2,4,382,820382,920382
"DGMM",NA,0.712049700615665,0.078,0.258321032308771,0.523,-32755.6292925046,67597.4006792618,22,2.77,TRUE,"",0.2,4,383,820383,920383
"RDMM",4.02448294089561,0.933089074420727,0.017,0.587423081499945,0.205,-29835.8726840861,61750.9797071459,126,5.17,TRUE,"",0.2,4,383,820383,920383
"DGMM",NA,-0.000738946028625747,0.495,-0.000562433394909509,0.735,-32142.168188321,66370.4784708945,34,4.06,TRUE,"",0.2,4,384,820384,920384
"RDMM",3.7129333896709,0.89481081778238,0.027,0.74918240920381,0.103,-30850.3300266208,63779.8943922151,125,5.02000000000001,TRUE,"",0.2,4,384,820384,920384
"DGMM",NA,0.00624088116903852,0.458,0.00363125840052085,0.721,-31645.2030494137,65376.5481930799,30,3.57000000000001,TRUE,"",0.2,4,385,820385,920385
"RDMM",3.74991097836548,0.89102701287584,0.028,0.70614998287345,0.122,-30412.1606065672,62903.5555521081,100,4.19,TRUE,"",0.2,4,385,820385,920385
"DGMM",NA,0.872228174161596,0.033,0.378887903784685,0.39,-32737.8221592127,67561.786412678,15,1.80999999999999,TRUE,"",0.2,4,386,820386,920386
"RDMM",3.84845494431631,0.90621018630229,0.024,0.715579344964746,0.118,-30095.4896441963,62270.2136273663,116,4.69,TRUE,"",0.2,4,386,820386,920386
"DGMM",NA,0.332961779127789,0.211,0.153210219514511,0.561,-32282.9130567947,66651.9682078421,27,3.23999999999999,TRUE,"",0.2,4,387,820387,920387
"RDMM",3.52848135117552,0.910020836090754,0.023,0.759515230359068,0.098,-29866.8428655532,61812.92007008,205,8.14999999999999,TRUE,"",0.2,4,387,820387,920387
"DGMM",NA,0.770655346456712,0.061,0.284935209122075,0.448,-32757.8366692034,67601.8154326594,13,1.61000000000001,TRUE,"",0.2,4,388,820388,920388
"RDMM",3.9241843484967,0.940840815807639,0.015,0.741419183308963,0.107,-29944.5778117756,61968.3899625248,164,6.53,TRUE,"",0.2,4,388,820388,920388
"DGMM",NA,-0.000622559000909342,0.484,-0.000737854807873496,0.726,-30662.9315953025,63412.0052848576,26,3.14,TRUE,"",0.2,4,389,820389,920389
"RDMM",4.3678581656045,0.929225152720084,0.018,0.741107950589719,0.107,-29480.0573209683,61039.3489809102,169,6.73,TRUE,"",0.2,4,389,820389,920389
"DGMM",NA,0.665528841839772,0.092,0.271994470593107,0.469,-32293.7334341606,66673.6089625738,16,2.03,TRUE,"",0.2,4,390,820390,920390
"RDMM",3.78263575544356,0.933089056707979,0.017,0.783762248477769,0.087,-29445.2615007359,60969.7573404453,259,10.33,TRUE,"",0.2,4,390,820390,920390
"DGMM",NA,0.33585088304183,0.21,0.131966250516062,0.59,-32215.1524980269,66516.4470903064,24,2.93000000000001,TRUE,"",0.2,4,391,820391,920391
"RDMM",3.77814822646558,0.91002600663061,0.023,0.734582990653471,0.109,-29769.639232885,61618.5128047436,116,4.60999999999999,TRUE,"",0.2,4,391,820391,920391
"DGMM",NA,0.879723665586203,0.031,0.452857106983243,0.332,-32563.0258773275,67212.1938489076,21,2.59,TRUE,"",0.2,4,392,820392,920392
"RDMM",4.09979576998451,0.913849827889347,0.022,0.751788354651441,0.102,-29931.9334443013,61943.1012275762,100,4.19,TRUE,"",0.2,4,392,820392,920392
"DGMM",NA,-0.000465557559935646,0.496,0.00104785882451154,0.724,-31398.786008394,64883.7141110405,38,4.51000000000002,TRUE,"",0.2,4,393,820393,920393
"RDMM",3.95421302389016,0.952528493705217,0.012,0.752119499848309,0.102,-30021.8465671787,62122.927473331,300,11.98,TRUE,"",0.2,4,393,820393,920393
"DGMM",NA,0.00413476638838226,0.465,0.00137129684518318,0.719,-31217.1943296422,64520.5307535371,40,4.79000000000002,TRUE,"",0.2,4,394,820394,920394
"RDMM",4.00540895149471,0.92152147367955,0.02,0.726703045081815,0.113,-30025.6900447068,62130.6144283871,101,4.15000000000001,TRUE,"",0.2,4,394,820394,920394
"DGMM",NA,0.879723630877209,0.031,0.573507597889028,0.193,-32512.1502757716,67110.4426457958,17,2.06999999999999,TRUE,"",0.2,4,395,820395,920395
"RDMM",4.09796818787277,0.891026970946374,0.028,0.733418071114183,0.109,-29722.6772786176,61524.5888962088,158,6.23000000000002,TRUE,"",0.2,4,395,820395,920395
"DGMM",NA,0.708677461211756,0.079,0.324461582510621,0.388,-32251.1644783789,66588.4710510104,18,2.22,TRUE,"",0.2,4,396,820396,920396
"RDMM",4.01560731697605,0.9408407951733,0.015,0.776044195254857,0.091,-29252.6720748072,60584.5784885881,145,6,TRUE,"",0.2,4,396,820396,920396
"DGMM",NA,0.722223847123135,0.075,0.299053432238188,0.453,-32618.5567277802,67323.255549813,14,1.75,TRUE,"",0.2,4,397,820397,920397
"RDMM",4.10518845253431,0.921521470277452,0.02,0.768649822909456,0.094,-29933.0004133081,61945.2351655898,100,4.03,TRUE,"",0.2,4,397,820397,920397
"DGMM",NA,0.84256655180128,0.041,0.327918961481105,0.46,-33538.6318069458,69163.4057081441,15,1.84,TRUE,"",0.2,4,398,820398,920398
"RDMM",3.63122451965676,0.90240231416323,0.025,0.74849175024372,0.103,-30332.7176642654,62744.6696675045,182,7.36000000000001,TRUE,"",0.2,4,398,820398,920398
"DGMM",NA,0.868492772847699,0.034,0.367174472634014,0.494,-33112.3476749767,68310.837444206,20,2.56,TRUE,"",0.2,4,399,820399,920399
"RDMM",3.87753102644083,0.913849774956202,0.022,0.745654249645929,0.104,-29959.4791696761,61998.1926783257,143,5.70000000000002,TRUE,"",0.2,4,399,820399,920399
"DGMM",NA,0.9330890616854,0.017,0.432926342489518,0.456,-31983.1104134463,66052.3629211452,14,1.70000000000002,TRUE,"",0.2,4,400,820400,920400
"RDMM",4.0288362374625,0.940840783697126,0.015,0.534746295352849,0.295,-29557.8057962804,61194.8459315343,183,7.26999999999998,TRUE,"",0.2,4,400,820400,920400
"DGMM",NA,0.925369356382753,0.019,0.427268744201699,0.437,-33038.9485565458,68164.0392073443,18,2.26999999999998,TRUE,"",0.2,4,401,820401,920401
"RDMM",4.07444674845115,0.948624617107971,0.013,0.74381735798276,0.106,-29978.1056839509,62035.4457068755,221,8.77000000000001,TRUE,"",0.2,4,401,820401,920401
"DGMM",NA,0.00301150733827411,0.466,0.00107205026876855,0.723,-30859.9706433372,63806.083380927,30,3.60000000000002,TRUE,"",0.2,4,402,820402,920402
"RDMM",3.85097154013001,0.917681645059124,0.021,0.754288125268017,0.1,-29560.5431459767,61200.3206309271,164,6.47999999999999,TRUE,"",0.2,4,402,820402,920402
"DGMM",NA,0.620575147961612,0.106,0.27412774993173,0.495,-32264.2828359727,66614.707766198,17,2.09999999999999,TRUE,"",0.2,4,403,820403,920403
"RDMM",4.24489283040947,0.93696094103508,0.016,0.660370056370992,0.148,-30041.5483321071,62162.3310031879,100,4.04999999999998,TRUE,"",0.2,4,403,820403,920403
"DGMM",NA,0.000412598889115788,0.483,-0.000111697523350421,0.72,-31548.7753735062,65183.6928412651,29,3.56,TRUE,"",0.2,4,404,820404,920404
"RDMM",3.61671861051636,0.913849772470104,0.022,0.715870129086034,0.118,-30210.1015615645,62499.4374621026,100,4.16,TRUE,"",0.2,4,404,820404,920404
"DGMM",NA,0.910026036489681,0.023,0.379747323702522,0.413,-32367.5698065394,66821.2817073313,13,1.60000000000002,TRUE,"",0.2,4,405,820405,920405
"RDMM",4.176838867729,0.960360347830748,0.01,0.78368068122262,0.088,-29484.7215237663,61048.6773865062,142,5.83999999999997,TRUE,"",0.2,4,405,820405,920405
"DGMM",NA,0.708673033586139,0.079,0.478582997323526,0.243,-32522.3547483082,67130.8515908691,6,0.829999999999984,TRUE,"",0.2,4,406,820406,920406
"RDMM",4.01955452829428,0.921521521929169,0.02,0.742257989269958,0.106,-29507.9803699699,61095.1950789135,100,4.20000000000005,TRUE,"",0.2,4,406,820406,920406
"DGMM",NA,0.827927894410109,0.045,0.327327450974345,0.438,-32597.1376038224,67280.4173018974,12,1.54000000000002,TRUE,"",0.2,4,407,820407,920407
"RDMM",4.09386017389454,0.925369400963656,0.019,0.739698244478521,0.107,-29708.8153429702,61496.8650249141,187,7.44,TRUE,"",0.2,4,407,820407,920407
"DGMM",NA,0.649295922220672,0.097,0.222680914355167,0.536,-33057.1853175337,68200.5127293201,12,1.48000000000002,TRUE,"",0.2,4,408,820408,920408
"RDMM",3.85999973642616,0.944728677262428,0.014,0.738716674536308,0.108,-29988.539760923,62056.3138608196,100,4.13,TRUE,"",0.2,4,408,820408,920408
"DGMM",NA,0.861044925861253,0.036,0.332169916605241,0.512,-32539.6202553497,67165.3826049519,14,1.69,TRUE,"",0.2,4,409,820409,920409
"RDMM",3.94801130251451,0.90621011773611,0.024,0.723262546416036,0.115,-29560.995482451,61201.2253038757,100,4.06,TRUE,"",0.2,4,409,820409,920409
"DGMM",NA,0.883483447018275,0.03,0.342228501247349,0.431,-31923.9255480883,65933.9931904292,32,3.88999999999999,TRUE,"",0.2,4,410,820410,920410
"RDMM",4.4761321221769,0.913849854212945,0.022,0.757154742953959,0.099,-29204.0575244085,60487.3493877906,112,4.47000000000003,TRUE,"",0.2,4,410,820410,920410
"DGMM",NA,0.902402083120232,0.025,0.398704837218918,0.437,-32717.1374132776,67520.4169208077,18,2.19999999999999,TRUE,"",0.2,4,411,820411,920411
"RDMM",3.90477285112269,0.936960674857207,0.016,0.547953304929582,0.235,-29853.0669037015,61785.3681463766,100,4.04999999999995,TRUE,"",0.2,4,411,820411,920411
"DGMM",NA,0.887251619727953,0.029,0.428022598098404,0.459,-30983.1218955926,64052.3858854377,23,2.79999999999995,TRUE,"",0.2,4,412,820412,920412
"RDMM",4.44257826910091,0.94084080883089,0.015,0.773471465535846,0.092,-28880.4174950786,59840.0693291308,156,6.23000000000002,TRUE,"",0.2,4,412,820412,920412
"DGMM",NA,-0.000481699253642895,0.488,-0.000650085652619185,0.737,-31302.5363188621,64691.2147319768,30,3.66000000000003,TRUE,"",0.2,4,413,820413,920413
"RDMM",3.45785659645845,0.921521531384321,0.02,0.710761995976063,0.121,-29833.935735821,61747.1058106156,128,5.19999999999999,TRUE,"",0.2,4,413,820413,920413
"DGMM",NA,0.574141754423739,0.121,0.467239195816154,0.258,-33320.2239740934,68726.5900424393,6,0.800000000000011,TRUE,"",0.2,4,414,820414,920414
"RDMM",3.6545021717632,0.910026027142495,0.023,0.753365423061108,0.1,-29957.5668157907,61994.3679705551,130,5,TRUE,"",0.2,4,414,820414,920414
"DGMM",NA,0.722226075872313,0.075,0.325156058263758,0.403,-32751.7414687638,67589.6250317802,11,1.15000000000003,TRUE,"",0.2,4,415,820415,920415
"RDMM",4.12049437145912,0.933089032610389,0.017,0.712873016312878,0.12,-30031.3239594158,62141.8822578053,194,5.75999999999999,TRUE,"",0.2,4,415,820415,920415
"DGMM",NA,0.879723622199957,0.031,0.382636937904607,0.505,-32632.7988910297,67351.7398763121,21,1.75,TRUE,"",0.2,4,416,820416,920416
"RDMM",3.98379633030265,0.902402340525157,0.025,0.754446966233181,0.1,-29707.6176194552,61494.4695778839,148,3.83999999999997,TRUE,"",0.2,4,416,820416,920416
"DGMM",NA,0.802619238765407,0.052,0.321074912504275,0.499,-32783.7990211339,67653.7401365204,17,1.28000000000003,TRUE,"",0.2,4,417,820417,920417
"RDMM",3.84116365842024,0.921521501037238,0.02,0.787172232874034,0.086,-29750.2857202089,61579.8057793914,196,4.55000000000001,TRUE,"",0.2,4,417,820417,920417
"DGMM",NA,0.739341707058696,0.07,0.536738308046253,0.206,-33150.0784246428,68386.2989435382,13,1,TRUE,"",0.2,4,418,820418,920418
"RDMM",3.75396519458262,0.925369298434679,0.019,0.724578926230437,0.114,-29878.9842809262,61837.2029008261,100,1.89,TRUE,"",0.2,4,418,820418,920418
"DGMM",NA,0.338103679450553,0.209,0.145483222289026,0.558,-32878.7177308199,67843.5775558923,22,2.75,TRUE,"",0.2,4,419,820419,920419
"RDMM",3.7297484396542,0.883483446654016,0.03,0.720185056025021,0.116,-30278.9647521366,62637.1638432468,137,6.05,TRUE,"",0.2,4,419,820419,920419
"DGMM",NA,0.861045107198754,0.036,0.327093601195479,0.46,-32165.759895132,66417.6618845166,20,2.45,TRUE,"",0.2,4,420,820420,920420
"RDMM",4.08848257091212,0.929225175840049,0.018,0.766813322881058,0.095,-29714.2395275284,61507.7133940303,100,4.06,TRUE,"",0.2,4,420,820420,920420
"DGMM",NA,0.879723759254109,0.031,0.394192420119741,0.456,-32653.9095088575,67393.9611119677,18,2.17,TRUE,"",0.2,4,421,820421,920421
"RDMM",3.70101276839765,0.913849849236613,0.022,0.752164698555484,0.101,-29944.2878864324,61967.8101118385,100,4.35,TRUE,"",0.2,4,421,820421,920421
"DGMM",NA,0.675367029724848,0.089,0.23846653316558,0.518,-32436.7581530264,66959.6584003054,12,1.49,TRUE,"",0.2,4,422,820422,920422
"RDMM",4.3049420800934,0.933089025491814,0.017,0.760517525236408,0.098,-29666.626798164,61412.4879353015,100,4.07,TRUE,"",0.2,4,422,820422,920422
"DGMM",NA,0.470026596575361,0.157,0.203833911522401,0.535,-32317.0462442587,66720.2345827701,21,2.52,TRUE,"",0.2,4,423,820423,920423
"RDMM",3.9811368437519,0.936960794316293,0.016,0.737103042427474,0.11,-30005.8196439327,62090.873626839,155,6.23,TRUE,"",0.2,4,423,820423,920423
"DGMM",NA,0.820657020299162,0.047,0.36593929445288,0.477,-32225.9160423926,66537.9741790378,16,1.94,TRUE,"",0.2,4,424,820424,920424
"RDMM",4.324585019408,0.933089033764637,0.017,0.744885955716972,0.105,-29771.4633326319,61622.1610042375,292,11.63,TRUE,"",0.2,4,424,820424,920424
"DGMM",NA,0.763639739700927,0.063,0.293530574004207,0.433,-33188.5273006927,68463.1966956379,10,1.25,TRUE,"",0.2,4,425,820425,920425
"RDMM",4.04401186875756,0.9486244337128,0.013,0.727437463944058,0.114,-30138.9780988757,62357.1905367251,121,4.89,TRUE,"",0.2,4,425,820425,920425
"DGMM",NA,0.894810855341821,0.027,0.37888783649019,0.456,-32755.5293673113,67597.2008288751,14,1.75,TRUE,"",0.2,4,426,820426,920426
"RDMM",4.2069555504002,0.960360353719972,0.01,0.789375217155727,0.086,-29704.4321493082,61488.09863759,100,4.11000000000001,TRUE,"",0.2,4,426,820426,920426
"DGMM",NA,0.86849254514813,0.034,0.385118667683798,0.487,-32585.3807884147,67256.903671082,17,2.11,TRUE,"",0.2,4,427,820427,920427
"RDMM",4.16783958911572,0.925369359541466,0.019,0.7635737745696,0.096,-29908.887677765,61897.0096945036,195,7.78,TRUE,"",0.2,4,427,820427,920427
"DGMM",NA,0.48115513791406,0.153,0.200624051583849,0.543,-32620.5498634315,67327.2418211155,26,3.13999999999999,TRUE,"",0.2,4,428,820428,920428
"RDMM",3.95864895248319,0.929225168405716,0.018,0.716541964984689,0.119,-30291.7771793244,62662.7886976224,203,8.27,TRUE,"",0.2,4,428,820428,920428
"DGMM",NA,0.39134287387226,0.187,0.160050933647887,0.552,-31805.9584911015,65698.0590764555,26,3.11,TRUE,"",0.2,4,429,820429,920429
"RDMM",3.91988478128296,0.936960906158693,0.016,0.64881167020382,0.16,-29549.3761124785,61177.9865639306,107,4.31,TRUE,"",0.2,4,429,820429,920429
"DGMM",NA,0.944728733186756,0.014,0.424710406299855,0.468,-32025.2537638923,66136.6496220373,28,3.38,TRUE,"",0.2,4,430,820430,920430
"RDMM",3.96850624547447,0.93696096194634,0.016,0.744591268143302,0.105,-29422.8734335411,60924.9812060559,167,6.59999999999999,TRUE,"",0.2,4,430,820430,920430
"DGMM",NA,0.500788820348825,0.146,0.228007290534554,0.507,-32786.7311657798,67659.6044258122,8,1.02999999999999,TRUE,"",0.2,4,431,820431,920431
"RDMM",3.93303575666889,0.917681600842785,0.021,0.76332898618077,0.096,-29695.0104350971,61469.2552091677,235,9.32000000000001,TRUE,"",0.2,4,431,820431,920431
"DGMM",NA,0.921521485003099,0.02,0.319339255236315,0.464,-32818.225535258,67722.5931647686,12,1.48999999999999,TRUE,"",0.2,4,432,820432,920432
"RDMM",4.06036624542814,0.944728683869289,0.014,0.603234466178058,0.191,-29865.6138033685,61810.4619457105,218,8.76000000000001,TRUE,"",0.2,4,432,820432,920432
"DGMM",NA,0.633241658073585,0.102,0.311532311466377,0.525,-33107.9768783745,68302.0958510016,31,3.77999999999999,TRUE,"",0.2,4,433,820433,920433
"RDMM",3.82878022727175,0.906210214382818,0.024,0.426244109339439,0.338,-30663.3371417797,63405.9086225331,113,4.55000000000001,TRUE,"",0.2,4,433,820433,920433
"DGMM",NA,0.921521562133994,0.02,0.390266634704819,0.48,-32199.2844748961,66484.7110440449,16,1.95000000000002,TRUE,"",0.2,4,434,820434,920434
"RDMM",3.95737454769116,0.956440430569974,0.011,0.746223482007725,0.105,-29683.4438490492,61446.1220370721,150,5.98999999999998,TRUE,"",0.2,4,434,820434,920434
"DGMM",NA,0.312961209857527,0.22,0.137725393033298,0.545,-32443.7064660435,66973.5550263396,32,3.90000000000001,TRUE,"",0.2,4,435,820435,920435
"RDMM",3.81030155169672,0.933089079878723,0.017,0.724547221337124,0.115,-29740.571293733,61560.3769264397,236,9.47,TRUE,"",0.2,4,435,820435,920435
"DGMM",NA,0.879723687175187,0.031,0.328601723887069,0.436,-32920.6651320847,67927.472358422,15,1.80999999999997,TRUE,"",0.2,4,436,820436,920436
"RDMM",3.71064855945205,0.925369354832112,0.019,0.736786103014502,0.109,-29975.3158280395,62029.8659950527,100,4.08000000000001,TRUE,"",0.2,4,436,820436,920436
"DGMM",NA,0.601778223172827,0.112,0.265091278318511,0.449,-32904.419253739,67894.9806017305,14,1.77000000000001,TRUE,"",0.2,4,437,820437,920437
"RDMM",4.03592864735432,0.93696085355348,0.016,0.738716769846994,0.109,-29866.162901429,61811.5601418317,100,3.97999999999999,TRUE,"",0.2,4,437,820437,920437
"DGMM",NA,0.459169163396869,0.161,0.188466052572673,0.509,-32294.9956596066,66676.1334134658,30,3.65000000000001,TRUE,"",0.2,4,438,820438,920438
"RDMM",3.72599568436981,0.8948107748804,0.027,0.758755499594057,0.099,-29871.806333574,61822.8470061217,100,3.94,TRUE,"",0.2,4,438,820438,920438
"DGMM",NA,0.910025940525151,0.023,0.62093694178785,0.168,-32661.0720060801,67408.2861064129,13,1.62,TRUE,"",0.2,4,439,820439,920439
"RDMM",4.17435175909081,0.906210163643885,0.024,0.655194811883235,0.148,-30193.4397791575,62466.1138972885,100,4.02000000000001,TRUE,"",0.2,4,439,820439,920439
"DGMM",NA,0.875971908143551,0.032,0.390771428052941,0.427,-31942.6854091866,65971.5129126258,17,2.09999999999999,TRUE,"",0.2,4,440,820440,920440
"RDMM",4.1700581810832,0.917681611358423,0.021,0.743104112162759,0.106,-29479.9480769869,61039.1304929473,182,7.34,TRUE,"",0.2,4,440,820440,920440
"DGMM",NA,0.806211773979432,0.051,0.601853918722449,0.172,-31738.1392461919,65562.4205866363,20,2.44999999999999,TRUE,"",0.2,4,441,820441,920441
"RDMM",4.10539259482667,0.929225175840049,0.018,0.749302904659307,0.103,-29313.4929147865,60706.2201685467,100,4.05000000000001,TRUE,"",0.2,4,441,820441,920441
"DGMM",NA,0.655755450282141,0.095,0.272230562116709,0.5,-33323.2397197527,68732.621533758,12,1.49000000000001,TRUE,"",0.2,4,442,820442,920442
"RDMM",3.69707748648864,0.891027017199814,0.028,0.517025853504183,0.271,-29969.726626936,62018.6875928457,142,5.69999999999999,TRUE,"",0.2,4,442,820442,920442
"DGMM",NA,0.835231230613101,0.043,0.331544853780207,0.502,-33022.0113789908,68130.1648522341,18,2.19,TRUE,"",0.2,4,443,820443,920443
"RDMM",3.68967821014422,0.92922522880963,0.018,0.769061525234704,0.095,-29900.992626414,61881.2195918017,100,4.16,TRUE,"",0.2,4,443,820443,920443
"DGMM",NA,0.846246340879526,0.04,0.36060402653329,0.42,-31989.5379275229,66065.2179492985,14,1.69999999999999,TRUE,"",0.2,4,444,820444,920444
"RDMM",4.06607572018025,0.940840793944117,0.015,0.713666856882336,0.12,-29601.0547788695,61281.3438967125,176,7,TRUE,"",0.2,4,444,820444,920444
"DGMM",NA,0.838895461504478,0.042,0.30040713728941,0.434,-33575.3616106742,69236.8653156011,14,1.75,TRUE,"",0.2,4,445,820445,920445
"RDMM",3.72062613662504,0.917681637140728,0.021,0.714177744477632,0.119,-30157.2794578265,62393.7932546266,100,4.00999999999999,TRUE,"",0.2,4,445,820445,920445
"DGMM",NA,0.770651822506251,0.061,0.293013976788438,0.525,-33031.01000896,68148.1621121726,15,1.83000000000001,TRUE,"",0.2,4,446,820446,920446
"RDMM",3.79904215984362,0.929224973754292,0.018,0.74294452476627,0.106,-29961.1161272019,62001.4665933775,166,6.66,TRUE,"",0.2,4,446,820446,920446
"DGMM",NA,0.41666455895151,0.177,0.174908125009583,0.524,-32203.9836494475,66494.1093931475,33,3.97,TRUE,"",0.2,4,447,820447,920447
"RDMM",4.05554139045826,0.925369294869156,0.019,0.520790862828707,0.283,-29723.003621061,61525.2415810955,158,6.28,TRUE,"",0.2,4,447,820447,920447
"DGMM",NA,0.725629575433003,0.074,0.280377730198761,0.498,-33173.4820249739,68433.1061442004,10,1.25,TRUE,"",0.2,4,448,820448,920448
"RDMM",3.84478185226611,0.92922521124502,0.018,0.532712375238937,0.254,-30116.3801320189,62311.9946030113,164,6.59999999999999,TRUE,"",0.2,4,448,820448,920448
"DGMM",NA,0.791891704219268,0.055,0.317601909829716,0.403,-32510.2016165434,67106.5453273395,10,1.29999999999998,TRUE,"",0.2,4,449,820449,920449
"RDMM",4.12073887808254,0.921521398849683,0.02,0.755960065809542,0.1,-29513.22938939,61105.6931177536,100,4.09,TRUE,"",0.2,4,449,820449,920449
"DGMM",NA,0.835231576353043,0.043,0.384029063694483,0.418,-31421.2132934459,64928.5686811444,17,2.10999999999999,TRUE,"",0.2,4,450,820450,920450
"RDMM",4.1333181311704,0.933089077445796,0.017,0.781508786611473,0.089,-29038.0122316412,60155.258802256,105,4.31,TRUE,"",0.2,4,450,820450,920450
"DGMM",NA,0.894810237853923,0.027,0.300641801650392,0.5,-32867.9204630713,67821.9830203952,12,1.47000000000003,TRUE,"",0.2,4,451,820451,920451
"RDMM",3.91072844762989,0.948623431376494,0.013,0.776345597242352,0.092,-29613.9009549358,61307.0362488453,153,6.41000000000003,TRUE,"",0.2,4,451,820451,920451
"DGMM",NA,0.887251227727226,0.029,0.4018157635335,0.343,-32744.9850776448,67576.1122495423,13,1.59999999999997,TRUE,"",0.2,4,452,820452,920452
"RDMM",3.78243874450845,0.936960912004273,0.016,0.730595759822381,0.112,-29932.3223349375,61943.8790088487,100,4.08000000000004,TRUE,"",0.2,4,452,820452,920452
"DGMM",NA,-0.000465557559935646,0.496,-0.000382285683583125,0.739,-31515.6294339599,65117.4009621725,34,3.99000000000001,TRUE,"",0.2,4,453,820453,920453
"RDMM",3.83784631101169,0.917681616426199,0.021,0.733572033523639,0.11,-30064.4585196728,62208.1513783192,163,6.52999999999997,TRUE,"",0.2,4,453,820453,920453
"DGMM",NA,0.913849805485479,0.022,0.423650256804471,0.44,-32278.7924461515,66643.7269865557,22,2.67000000000002,TRUE,"",0.2,4,454,820454,920454
"RDMM",4.20178366828976,0.944728691440238,0.014,0.730392730945283,0.112,-29545.1335951887,61169.501529351,112,4.5,TRUE,"",0.2,4,454,820454,920454
"DGMM",NA,0.91384984194407,0.022,0.41935147239931,0.456,-32650.5662010147,67387.274496282,23,2.77000000000004,TRUE,"",0.2,4,455,820455,920455
"RDMM",4.09474658158914,0.929225239562844,0.018,0.731320573122448,0.112,-29847.1472685784,61773.5288761304,147,5.90999999999997,TRUE,"",0.2,4,455,820455,920455
"DGMM",NA,0.849902740701025,0.039,0.373036822654303,0.454,-32542.987489077,67172.1170724066,21,2.57999999999998,TRUE,"",0.2,4,456,820456,920456
"RDMM",3.83747595779586,0.898594408037527,0.026,0.535624226322202,0.255,-29977.6353872933,62034.5051135602,148,5.87,TRUE,"",0.2,4,456,820456,920456
"DGMM",NA,0.883483652303594,0.03,0.379716427284737,0.411,-32287.7353252332,66661.6127447189,18,2.22000000000003,TRUE,"",0.2,4,457,820457,920457
"RDMM",4.04823703924722,0.948624575793517,0.013,0.757307770401802,0.1,-29650.6782862607,61380.590911495,121,4.88999999999999,TRUE,"",0.2,4,457,820457,920457
"DGMM",NA,0.435082946464997,0.17,0.191174326455373,0.54,-32269.8966450659,66625.9353843845,34,4.19,TRUE,"",0.2,4,458,820458,920458
"RDMM",3.66749282125098,0.887251212738654,0.029,0.729079653194862,0.111,-29887.6582234797,61854.5507859331,100,4,TRUE,"",0.2,4,458,820458,920458
"DGMM",NA,0.868492364904387,0.034,0.308882372500187,0.488,-33487.019237731,69060.1805697147,16,1.08,TRUE,"",0.2,4,459,820459,920459
"RDMM",3.68667733244444,0.95252848172299,0.012,0.752988613307191,0.102,-30100.5221161098,62280.2785711933,100,1.64,TRUE,"",0.2,4,459,820459,920459
"DGMM",NA,0.688595840945797,0.085,0.30035061633482,0.533,-33015.9002044519,68117.9425031563,18,2.25,TRUE,"",0.2,4,460,820460,920460
"RDMM",3.79520523557622,0.898602505051401,0.026,0.691260550800167,0.13,-30087.6245300314,62254.4833990365,147,6.5,TRUE,"",0.2,4,460,820460,920460
"DGMM",NA,0.391256362593572,0.187,0.155351613571301,0.553,-32874.2208800526,67834.5838543579,15,1.82,TRUE,"",0.2,4,461,820461,920461
"RDMM",3.54836809697644,0.936960966045515,0.016,0.699140511343253,0.127,-30118.8013592373,62316.8370574482,100,4.03,TRUE,"",0.2,4,461,820461,920461
"DGMM",NA,0.902402265100717,0.025,0.351893225542174,0.464,-32949.8292984672,67985.8006911869,17,2.03,TRUE,"",0.2,4,462,820462,920462
"RDMM",3.87103019535635,0.944728492468193,0.014,0.775056043878307,0.092,-30010.2195301143,62099.6733992023,159,6.55,TRUE,"",0.2,4,462,820462,920462
"DGMM",NA,0.349749079629934,0.204,0.145869549806791,0.554,-32766.2967470851,67618.7355884227,28,3.39,TRUE,"",0.2,4,463,820463,920463
"RDMM",3.75057784968563,0.94862460102697,0.013,0.747145521962789,0.104,-29826.2971544789,61731.8286479315,164,6.52,TRUE,"",0.2,4,463,820463,920463
"DGMM",NA,0.351853509575472,0.203,0.154310440111325,0.553,-31855.2041066483,65796.5503075492,28,3.43,TRUE,"",0.2,4,464,820464,920464
"RDMM",4.08542222165614,0.936959867662726,0.016,0.775376983085941,0.091,-29613.2761622599,61305.7866634933,223,8.86,TRUE,"",0.2,4,464,820464,920464
"DGMM",NA,0.369069065460071,0.196,0.154108391834268,0.577,-32524.0649807483,67134.2720557493,26,3.17,TRUE,"",0.2,4,465,820465,920465
"RDMM",3.97020750025625,0.929225207184054,0.018,0.753335140765236,0.101,-30151.1783845432,62381.5911080599,101,4.02,TRUE,"",0.2,4,465,820465,920465
"DGMM",NA,0.883483383939632,0.03,0.394166391369543,0.446,-32822.7969890437,67731.73607234,21,2.55,TRUE,"",0.2,4,466,820466,920466
"RDMM",3.87683734701872,0.894810740235001,0.027,0.708228523559285,0.122,-30112.2467371262,62303.727813226,100,4.12,TRUE,"",0.2,4,466,820466,920466
"DGMM",NA,0.722223430632588,0.075,0.51900046109671,0.218,-32286.8408636262,66659.823821505,12,1.55,TRUE,"",0.2,4,467,820467,920467
"RDMM",4.1355070728527,0.917681670350468,0.021,0.736639549945541,0.108,-29795.0481066754,61669.3305523244,100,4.06,TRUE,"",0.2,4,467,820467,920467
"DGMM",NA,-0.000899983457247587,0.491,0.000440064785251741,0.723,-31134.3449613197,64354.832016892,25,3.11,TRUE,"",0.2,4,468,820468,920468
"RDMM",3.66805760239196,0.952528534693154,0.012,0.645474102039552,0.156,-29925.0015420101,61929.2374229938,165,6.56,TRUE,"",0.2,4,468,820468,920468
"DGMM",NA,0.891026991790564,0.028,0.351008708090423,0.504,-33704.7174208411,69495.5769359349,16,1.95,TRUE,"",0.2,4,469,820469,920469
"RDMM",3.80342412712013,0.933089023380699,0.017,0.736905252974251,0.109,-30456.021449398,62991.2772377697,100,3.98,TRUE,"",0.2,4,469,820469,920469
"DGMM",NA,0.391330208334852,0.187,0.164485330075732,0.559,-32035.1744373866,66156.4909690257,30,3.78,TRUE,"",0.2,4,470,820470,920470
"RDMM",3.84174583361414,0.929225220431267,0.018,0.735721569915687,0.109,-29563.84657424,61206.9274874536,107,4.28,TRUE,"",0.2,4,470,820470,920470
"DGMM",NA,0.698591391036236,0.082,0.304980570531682,0.515,-32575.256494847,67236.6550839466,16,1.92999999999999,TRUE,"",0.2,4,471,820471,920471
"RDMM",4.1590669875871,0.9253692720163,0.019,0.720074194963686,0.117,-30032.0337640364,62143.3018670463,145,5.79000000000001,TRUE,"",0.2,4,471,820471,920471
"DGMM",NA,0.725626720598372,0.074,0.308191943233254,0.421,-32581.301970454,67248.7460351607,17,2.14,TRUE,"",0.2,4,472,820472,920472
"RDMM",3.71303576725553,0.95643962302581,0.011,0.781978362917612,0.089,-29552.298397982,61183.8311349376,134,5.38,TRUE,"",0.2,4,472,820472,920472
"DGMM",NA,0.898602749516708,0.026,0.402039589081799,0.466,-32292.2007991277,66670.543692508,31,3.64,TRUE,"",0.2,4,473,820473,920473
"RDMM",4.18978420527203,0.940840816611919,0.015,0.747532094686314,0.104,-29661.2350655764,61401.7044701265,150,6,TRUE,"",0.2,4,473,820473,920473
"DGMM",NA,0.784781570596259,0.057,0.358526324306879,0.449,-31817.8542656247,65721.850625502,16,1.94,TRUE,"",0.2,4,474,820474,920474
"RDMM",4.16378635836539,0.944728723656625,0.014,0.741163979077722,0.107,-29404.3181616828,60887.8706623392,147,5.91,TRUE,"",0.2,4,474,820474,920474
"DGMM",NA,0.722225514765066,0.075,0.331190213538013,0.488,-31748.7712175004,65583.6845292535,24,2.95999999999999,TRUE,"",0.2,4,475,820475,920475
"RDMM",4.23969335296177,0.910025980683493,0.023,0.757326475050328,0.099,-29399.3921801959,60878.0186993655,221,8.82000000000001,TRUE,"",0.2,4,475,820475,920475
"DGMM",NA,0.87597185164043,0.032,0.330904475046273,0.478,-32265.1912542264,66616.5246027053,16,2.08000000000001,TRUE,"",0.2,4,476,820476,920476
"RDMM",4.19857149929777,0.913849766267288,0.022,0.424379242079419,0.36,-29457.2361688664,60993.7066767065,123,4.88999999999999,TRUE,"",0.2,4,476,820476,920476
"DGMM",NA,0.910025950131999,0.023,0.357629225635877,0.452,-32279.1725492047,66644.487192662,16,2.17999999999998,TRUE,"",0.2,4,477,820477,920477
"RDMM",4.23334078351024,0.936960964999498,0.016,0.75162356857964,0.102,-29850.5971834162,61780.428705806,193,7.70000000000002,TRUE,"",0.2,4,477,820477,920477
"DGMM",NA,0.846246213501344,0.04,0.36550212028416,0.399,-32347.8650713547,66781.8722369621,19,2.28,TRUE,"",0.2,4,478,820478,920478
"RDMM",3.9883716434118,0.921521449096114,0.02,0.730424797484215,0.112,-29786.1208238907,61651.4759867551,100,4.09,TRUE,"",0.2,4,478,820478,920478
"DGMM",NA,0.906210179883236,0.024,0.380606407542172,0.495,-32947.7451656634,67981.6324255794,15,1.80000000000001,TRUE,"",0.2,4,479,820479,920479
"RDMM",3.85195233590336,0.917681670350468,0.021,0.501283643579914,0.311,-29905.3643577722,61889.963054518,100,4.09,TRUE,"",0.2,4,479,820479,920479
"DGMM",NA,0.906200371802261,0.024,0.301500451042407,0.486,-32761.5178587616,67609.1778117758,19,2.26000000000002,TRUE,"",0.2,4,480,820480,920480
"RDMM",3.82921651752941,0.925359801870918,0.019,0.733842004774467,0.109,-29840.3006227058,61759.8355843852,262,10.33,TRUE,"",0.2,4,480,820480,920480
"DGMM",NA,0.419349616412374,0.176,0.18110614310197,0.531,-32270.2901250795,66626.7223444116,47,5.62,TRUE,"",0.2,4,481,820481,920481
"RDMM",3.88455084012375,0.906210171001214,0.024,0.729616522494112,0.112,-29875.0684534325,61829.3712458387,191,7.79999999999998,TRUE,"",0.2,4,481,820481,920481
"DGMM",NA,0.887251240134551,0.029,0.32323677711111,0.431,-33482.976309498,69052.0947132485,15,1.84999999999999,TRUE,"",0.2,4,482,820482,920482
"RDMM",3.83900382270084,0.929225156559796,0.018,0.795070453224026,0.082,-29673.3208172014,61425.8759733765,191,7.60999999999999,TRUE,"",0.2,4,482,820482,920482
"DGMM",NA,0.8948107705902,0.027,0.360142366363541,0.433,-32580.1249937183,67246.3920816891,13,1.59999999999999,TRUE,"",0.2,4,483,820483,920483
"RDMM",3.92555827827261,0.929225243266388,0.018,0.742624849311484,0.106,-29941.6112724913,61962.4568839563,100,4.22,TRUE,"",0.2,4,483,820483,920483
"DGMM",NA,0.354520665625144,0.202,0.151247336466154,0.57,-32188.9515859111,66464.0452660748,41,4.91999999999999,TRUE,"",0.2,4,484,820484,920484
"RDMM",3.87586239002529,0.921521549830353,0.02,0.539466724505385,0.268,-29919.9270671838,61919.0884733412,172,6.83000000000001,TRUE,"",0.2,4,484,820484,920484
"DGMM",NA,0.853629711995833,0.038,0.306698208576177,0.489,-33263.7496039529,68613.6413021583,18,2.22,TRUE,"",0.2,4,485,820485,920485
"RDMM",3.78429577101703,0.925369306374546,0.019,0.71266316452808,0.12,-30248.0699306731,62575.3742003197,102,4,TRUE,"",0.2,4,485,820485,920485
"DGMM",NA,0.91384835573115,0.022,0.40718339316104,0.405,-31882.8309034924,65851.8039012375,17,2.16,TRUE,"",0.2,4,486,820486,920486
"RDMM",4.07272139541287,0.925368312442153,0.019,0.713929530638327,0.121,-29511.6845061419,61102.6033512574,100,3.98000000000002,TRUE,"",0.2,4,486,820486,920486
"DGMM",NA,0.864762631613416,0.035,0.367131319729289,0.396,-31385.1381209054,64856.4183360634,19,2.31,TRUE,"",0.2,4,487,820487,920487
"RDMM",4.60833868312861,0.95252839182185,0.012,0.766225338705708,0.096,-29146.9679158979,60373.1701707694,214,8.48000000000002,TRUE,"",0.2,4,487,820487,920487
"DGMM",NA,0.842566886995318,0.041,0.304058316065558,0.512,-32241.6838974769,66569.5098892064,15,1.89000000000001,TRUE,"",0.2,4,488,820488,920488
"RDMM",3.93638746618951,0.952528526309263,0.012,0.759243740297247,0.099,-29600.5890228458,61280.4123846653,128,5.16,TRUE,"",0.2,4,488,820488,920488
"DGMM",NA,0.623724117559758,0.105,0.466800222247202,0.259,-32844.9045757726,67775.9512457979,6,0.780000000000001,TRUE,"",0.2,4,489,820489,920489
"RDMM",3.85618724142664,0.933089056707979,0.017,0.753658533600062,0.101,-29704.8312118969,61488.8967627674,125,5.13999999999999,TRUE,"",0.2,4,489,820489,920489
"DGMM",NA,0.875971931867449,0.032,0.360281619075685,0.486,-32819.4457847212,67725.033663695,17,2.10999999999999,TRUE,"",0.2,4,490,820490,920490
"RDMM",4.08480190125156,0.9215214435136,0.02,0.709713638140519,0.122,-30218.4528851004,62516.1401091745,168,6.83000000000004,TRUE,"",0.2,4,490,820490,920490
"DGMM",NA,0.820656753695991,0.047,0.335574207267761,0.453,-32885.3588432463,67856.8597807452,20,2.68000000000001,TRUE,"",0.2,4,491,820491,920491
"RDMM",3.98564626195993,0.925369328988085,0.019,0.742382762637016,0.106,-29914.001037975,61907.2364149236,100,4.06,TRUE,"",0.2,4,491,820491,920491
"DGMM",NA,0.76363979936024,0.063,0.313498303569511,0.516,-32231.614125505,66549.3703452626,13,1.59999999999997,TRUE,"",0.2,4,492,820492,920492
"RDMM",4.00984238487718,0.944728731187689,0.014,0.741525920088182,0.107,-29514.4286406667,61108.0916203069,100,4.07999999999998,TRUE,"",0.2,4,492,820492,920492
"DGMM",NA,0.770654037489424,0.061,0.304402728759836,0.482,-32673.6648206114,67433.4717354754,12,1.47000000000003,TRUE,"",0.2,4,493,820493,920493
"RDMM",3.81670986763852,0.933087833475899,0.017,0.737368670363194,0.109,-29921.000893931,61921.2361268356,194,7.69999999999999,TRUE,"",0.2,4,493,820493,920493
"DGMM",NA,0.712047624768868,0.078,0.270944583168213,0.497,-33458.3938572472,69002.929808747,11,1.38,TRUE,"",0.2,4,494,820494,920494
"RDMM",3.80291758404432,0.93696095942377,0.016,0.756867536120327,0.099,-30104.9505137979,62289.1353665694,137,5.53000000000003,TRUE,"",0.2,4,494,820494,920494
"DGMM",NA,0.879723615258155,0.031,0.393419794663043,0.46,-32664.5286073733,67415.1993089993,25,2.95999999999998,TRUE,"",0.2,4,495,820495,920495
"RDMM",3.89164916919085,0.921521442885772,0.02,0.746290854617085,0.104,-29778.1485589684,61635.5314569104,184,7.35999999999996,TRUE,"",0.2,4,495,820495,920495
"DGMM",NA,0.846246281542395,0.04,0.361793226862628,0.471,-32717.5490827068,67521.2402596662,23,2.81999999999999,TRUE,"",0.2,4,496,820496,920496
"RDMM",4.14146368995408,0.917681656144874,0.021,0.702465227694058,0.126,-30120.1436231596,62319.5215852928,114,4.65999999999997,TRUE,"",0.2,4,496,820496,920496
"DGMM",NA,0.861043765789059,0.036,0.57457106809677,0.19,-32408.8739221041,66903.8899384609,24,2.88999999999999,TRUE,"",0.2,4,497,820497,920497
"RDMM",3.87313180399896,0.929225112117139,0.018,0.746313110010635,0.104,-29788.446983776,61656.1283065255,100,4.06999999999999,TRUE,"",0.2,4,497,820497,920497
"DGMM",NA,0.898602511527835,0.026,0.393835846337383,0.392,-33000.6411562155,68087.4244066835,21,2.59000000000003,TRUE,"",0.2,4,498,820498,920498
"RDMM",3.78047723102823,0.906210142207933,0.024,0.76359362699991,0.096,-29928.9226272579,61937.0795934895,100,4.06999999999999,TRUE,"",0.2,4,498,820498,920498
"DGMM",NA,0.668781513830941,0.091,0.308355482900114,0.455,-31957.2808368636,66000.7037679797,22,2.72000000000003,TRUE,"",0.2,4,499,820499,920499
"RDMM",4.62421578733395,0.925368991764964,0.019,0.78283734068767,0.087,-29568.1246951203,61215.4837292142,100,3.41999999999996,TRUE,"",0.2,4,499,820499,920499
"DGMM",NA,-0.000335750272770088,0.49,-0.000837187881777004,0.727,-31543.3805563427,65172.9032069379,38,3.38999999999999,TRUE,"",0.2,4,500,820500,920500
"RDMM",3.93271154002492,0.887251218870015,0.029,0.705982747355078,0.122,-30370.6015190494,62820.4373770724,238,6.44,TRUE,"",0.2,4,500,820500,920500
"DGMM",NA,0.691917159482721,0.084,0.241217765873027,0.517,-32255.7241090304,66597.5903123135,12,0.74,TRUE,"",0.4,4,1,820001,920001
"RDMM",3.82556978812519,0.933089044195771,0.017,0.715592208800396,0.119,-28621.451581907,59322.1375027877,205,7.7,TRUE,"",0.4,4,1,820001,920001
"DGMM",NA,0.472810530535588,0.156,0.208638271322628,0.528,-31793.0415958958,65672.2252860441,34,4.11,TRUE,"",0.4,4,2,820002,920002
"RDMM",3.69024592488766,0.921521519607844,0.02,0.772050345778029,0.094,-28862.4981554168,59804.2306498072,100,4.07,TRUE,"",0.4,4,2,820002,920002
"DGMM",NA,0.887251154931749,0.029,0.401491749489855,0.478,-30643.8195056941,63373.7811056409,21,2.53,TRUE,"",0.4,4,3,820003,920003
"RDMM",4.07296167296712,0.898602505051401,0.026,0.496795570675727,0.319,-28167.9919788554,58415.2182966845,104,4.21,TRUE,"",0.4,4,3,820003,920003
"DGMM",NA,0.857333284601406,0.037,0.310175608598459,0.483,-32245.6602194236,66577.4625330998,12,1.45,TRUE,"",0.4,4,4,820004,920004
"RDMM",3.84453830260195,0.940840800044508,0.015,0.73872118445374,0.108,-28796.1323886147,59671.499116203,279,11.2,TRUE,"",0.4,4,4,820004,920004
"DGMM",NA,0.902402349594107,0.025,0.371643343716367,0.426,-30710.4944536722,63507.131001597,14,1.89,TRUE,"",0.4,4,5,820005,920005
"RDMM",4.11864828884576,0.929225182079578,0.018,0.7641086671237,0.096,-28237.2052044295,58553.6447478326,122,4.91999999999999,TRUE,"",0.4,4,5,820005,920005
"DGMM",NA,0.820657843703589,0.047,0.341300905623984,0.48,-31308.9766792109,64704.0954526743,15,1.86,TRUE,"",0.4,4,6,820006,920006
"RDMM",3.93907221768356,0.929225170260895,0.018,0.730729948170372,0.111,-28548.2487173332,59175.73177364,100,4.03,TRUE,"",0.4,4,6,820006,920006
"DGMM",NA,0.784781018465108,0.057,0.325618959957862,0.461,-31733.1793633323,65552.5008209172,13,1.58,TRUE,"",0.4,4,7,820007,920007
"RDMM",3.78012064449733,0.944728574470433,0.014,0.73974433378383,0.108,-28595.1581564541,59269.5506518818,126,4.98,TRUE,"",0.4,4,7,820007,920007
"DGMM",NA,0.853629615021939,0.038,0.391713007749373,0.394,-31197.3070017352,64480.756097723,13,1.62,TRUE,"",0.4,4,8,820008,920008
"RDMM",3.86249724301155,0.940840839560444,0.015,0.747220442588617,0.104,-28447.4664739429,58974.1672868594,100,4.03,TRUE,"",0.4,4,8,820008,920008
"DGMM",NA,0.906209981505641,0.024,0.350351203095803,0.502,-31108.3928240317,64302.927742316,20,2.39999999999999,TRUE,"",0.4,4,9,820009,920009
"RDMM",3.92269868396614,0.925369264377939,0.019,0.735054694292998,0.109,-28390.2320580195,58859.6984550125,116,4.75,TRUE,"",0.4,4,9,820009,920009
"DGMM",NA,0.675365916310711,0.089,0.307955513141434,0.392,-30945.3433631306,63976.8288205138,15,1.83,TRUE,"",0.4,4,10,820010,920010
"RDMM",4.1265505672829,0.960360350255835,0.01,0.750545748957121,0.103,-28248.6582710738,58576.5508811211,136,5.44,TRUE,"",0.4,4,10,820010,920010
"DGMM",NA,0.601774069093025,0.112,0.248135960920218,0.511,-31293.0994295004,64672.3409532534,9,1.11,TRUE,"",0.4,4,11,820011,920011
"RDMM",4.3710764721284,0.929225219011801,0.018,0.746085485292255,0.105,-28427.6040722869,58934.4424835474,216,8.58999999999999,TRUE,"",0.4,4,11,820011,920011
"DGMM",NA,0.827928043378095,0.045,0.54027333277765,0.211,-31104.0310205693,64294.2041353911,18,2.2,TRUE,"",0.4,4,12,820012,920012
"RDMM",3.83965277102951,0.921521423584131,0.02,0.682624812224604,0.135,-28401.2358052074,58881.7059493885,106,4.34,TRUE,"",0.4,4,12,820012,920012
"DGMM",NA,0.580216940701006,0.119,0.251204131559437,0.544,-31165.6530365137,64417.44816728,20,2.44,TRUE,"",0.4,4,13,820013,920013
"RDMM",3.96733738304659,0.898602582573483,0.026,0.680448950232177,0.135,-28470.0206175254,59019.2755740243,205,8.38,TRUE,"",0.4,4,13,820013,920013
"DGMM",NA,0.842566764865359,0.041,0.374248886223148,0.473,-31105.1511009044,64296.4442960614,24,2.88,TRUE,"",0.4,4,14,820014,920014
"RDMM",3.77186294071247,0.929225163697984,0.018,0.751254101611868,0.102,-27949.4691385571,57978.1726160879,232,9.28999999999999,TRUE,"",0.4,4,14,820014,920014
"DGMM",NA,0.838894807158193,0.042,0.354661695743779,0.505,-31630.8997395559,65347.9415733643,28,3.41000000000001,TRUE,"",0.4,4,15,820015,920015
"RDMM",3.81173783546072,0.925369347935587,0.019,0.75426775768243,0.101,-28550.1336609974,59179.5016609685,145,5.86,TRUE,"",0.4,4,15,820015,920015
"DGMM",NA,0.875972000444199,0.032,0.40256986138338,0.404,-31031.6569969903,64149.4560882333,15,1.83000000000001,TRUE,"",0.4,4,16,820016,920016
"RDMM",4.13414924441564,0.929225241472484,0.018,0.718022376078105,0.118,-28378.1452374077,58835.524813789,102,4.06,TRUE,"",0.4,4,16,820016,920016
"DGMM",NA,0.925369385342399,0.019,0.400350751855763,0.425,-31047.1138737191,64180.3698416907,12,1.59,TRUE,"",0.4,4,17,820017,920017
"RDMM",4.03644461481611,0.925369373856176,0.019,0.561799954660378,0.216,-28227.8814752291,58534.9972894318,163,6.5,TRUE,"",0.4,4,17,820017,920017
"DGMM",NA,0.87222828998876,0.033,0.370838221352331,0.46,-31176.2305626456,64438.6032195438,14,1.82000000000002,TRUE,"",0.4,4,18,820018,920018
"RDMM",4.1035301142424,0.913849794049433,0.022,0.75291841761008,0.101,-28456.479592352,58992.1935236775,118,4.76999999999998,TRUE,"",0.4,4,18,820018,920018
"DGMM",NA,-0.00118929129524563,0.498,-0.000631869245985607,0.735,-29671.9334169499,61430.0089281525,30,3.56,TRUE,"",0.4,4,19,820019,920019
"RDMM",3.77639541147228,0.92922519008578,0.018,0.757938685541961,0.099,-28158.0238494988,58395.2820379713,184,7.35999999999999,TRUE,"",0.4,4,19,820019,920019
"DGMM",NA,0.456419221240994,0.162,0.191980982435815,0.535,-31373.7521507554,64833.6463957633,33,4.16,TRUE,"",0.4,4,20,820020,920020
"RDMM",3.65500250892409,0.906210193519776,0.024,0.65212261440678,0.15,-28792.6216615664,59664.4776621063,105,4.28,TRUE,"",0.4,4,20,820020,920020
"DGMM",NA,0.846246307809286,0.04,0.338706631434855,0.48,-31311.410434133,64708.9629625186,21,2.62,TRUE,"",0.4,4,21,820021,920021
"RDMM",3.95250771566976,0.929225161655584,0.018,0.669315789169076,0.142,-28592.3349952457,59263.9043294651,136,5.60999999999999,TRUE,"",0.4,4,21,820021,920021
"DGMM",NA,0.000426935521414852,0.484,-0.000872842672482556,0.734,-30363.0018473687,62812.14578899,27,3.23999999999998,TRUE,"",0.4,4,22,820022,920022
"RDMM",3.70086440453471,0.929225202854171,0.018,0.719980786799277,0.117,-28744.3736426212,59567.9816242159,153,6.14000000000001,TRUE,"",0.4,4,22,820022,920022
"DGMM",NA,0.891019682066714,0.028,0.422340725924198,0.467,-31065.4947556107,64217.1316054741,26,3.10999999999999,TRUE,"",0.4,4,23,820023,920023
"RDMM",4.2361995193763,0.944727477422101,0.014,0.705535800936656,0.125,-28622.224343726,59323.6830264257,300,11.98,TRUE,"",0.4,4,23,820023,920023
"DGMM",NA,0.376323704672583,0.193,0.146175685913326,0.589,-31013.6999660061,64113.5420262649,30,3.59,TRUE,"",0.4,4,24,820024,920024
"RDMM",3.94851643819154,0.933089095518966,0.017,0.710816465638807,0.122,-28434.8715393681,58948.9774177098,126,5.03999999999999,TRUE,"",0.4,4,24,820024,920024
"DGMM",NA,0.887251278137388,0.029,0.408744683134065,0.448,-30781.2127413126,63648.5675768777,16,2.03,TRUE,"",0.4,4,25,820025,920025
"RDMM",4.21302135492054,0.968224206919361,0.008,0.773064065130924,0.093,-28206.7105371539,58492.6554132814,202,8.08000000000001,TRUE,"",0.4,4,25,820025,920025
"DGMM",NA,0.913849819739097,0.022,0.415109037633358,0.455,-30563.515866831,63213.1738279145,24,3.11000000000001,TRUE,"",0.4,4,26,820026,920026
"RDMM",4.30154665563121,0.940840823850437,0.015,0.756472633851029,0.1,-28001.1594443305,58081.5532276347,116,4.75999999999999,TRUE,"",0.4,4,26,820026,920026
"DGMM",NA,0.685276157392902,0.086,0.297695666852338,0.464,-31234.3368963396,64554.8158869319,15,1.94,TRUE,"",0.4,4,27,820027,920027
"RDMM",4.06511653408982,0.921521452629064,0.02,0.748890221111115,0.103,-28529.9847915342,59139.203922042,185,7.36000000000001,TRUE,"",0.4,4,27,820027,920027
"DGMM",NA,0.824288313616099,0.046,0.479724225030284,0.254,-31573.9752477255,65234.0925897036,14,1.72,TRUE,"",0.4,4,28,820028,920028
"RDMM",3.86895191039496,0.917681670350468,0.021,0.752021897253362,0.101,-28486.4908795709,59052.2160981154,110,4.44,TRUE,"",0.4,4,28,820028,920028
"DGMM",NA,0.933089103409884,0.017,0.740190157068225,0.108,-30796.5296783238,63679.2014509002,13,1.71000000000001,TRUE,"",0.4,4,29,820029,920029
"RDMM",3.98856029138797,0.968224225637895,0.008,0.823751060078931,0.07,-28129.9342861567,58339.102911287,101,3.97999999999999,TRUE,"",0.4,4,29,820029,920029
"DGMM",NA,0.887251229288988,0.029,0.344055780445964,0.485,-30146.6100512312,62379.362196715,19,2.31,TRUE,"",0.4,4,30,820030,920030
"RDMM",4.02962272895852,0.93696096128841,0.016,0.727537042429312,0.113,-27757.2973960094,57593.8291309925,110,4.47,TRUE,"",0.4,4,30,820030,920030
"DGMM",NA,0.913849861037272,0.022,0.428189448950486,0.466,-30459.0265346067,63004.1951634659,19,2.33000000000001,TRUE,"",0.4,4,31,820031,920031
"RDMM",4.27435557710673,0.917681669637813,0.021,0.728055972266638,0.112,-28362.5100844656,58804.2545079049,128,5.23000000000002,TRUE,"",0.4,4,31,820031,920031
"DGMM",NA,0.913849925476764,0.022,0.432318743481776,0.337,-31389.4492231411,64865.0405405349,22,3.13,TRUE,"",0.4,4,32,820032,920032
"RDMM",3.82407143380676,0.925369301894911,0.019,0.719209141650865,0.117,-28415.0745774086,58909.3834937909,119,4.90999999999997,TRUE,"",0.4,4,32,820032,920032
"DGMM",NA,0.857332175409264,0.037,0.30709605362371,0.501,-31305.3587697916,64696.8596338358,19,2.35000000000002,TRUE,"",0.4,4,33,820033,920033
"RDMM",3.69833579158655,0.883483220795617,0.03,0.741917075715284,0.105,-28462.4474025612,59004.1291440961,103,4.16000000000003,TRUE,"",0.4,4,33,820033,920033
"DGMM",NA,0.846246196529896,0.04,0.369042019963131,0.495,-31637.057498845,65360.2570919426,21,2.52999999999997,TRUE,"",0.4,4,34,820034,920034
"RDMM",3.97586843357138,0.925369376541081,0.019,0.540936006194225,0.245,-28616.7056269135,59312.6455928006,166,6.83999999999997,TRUE,"",0.4,4,34,820034,920034
"DGMM",NA,0.906210220120716,0.024,0.412347587902768,0.424,-30268.4922861293,62623.1266665112,17,2.09000000000003,TRUE,"",0.4,4,35,820035,920035
"RDMM",4.30356832678437,0.90621017742929,0.024,0.761065369200281,0.097,-27986.1607516959,58051.5558423655,150,5.96999999999997,TRUE,"",0.4,4,35,820035,920035
"DGMM",NA,0.791891118558395,0.055,0.325217843277535,0.407,-31943.8808673619,65973.9038289764,8,1.00999999999999,TRUE,"",0.4,4,36,820036,920036
"RDMM",4.00524753268648,0.898602258135108,0.026,0.696785661761342,0.126,-28586.1219315424,59251.4782020583,210,8.49000000000001,TRUE,"",0.4,4,36,820036,920036
"DGMM",NA,0.883483429264805,0.03,0.309076900868076,0.452,-31802.219304396,65690.5807030446,15,1.88999999999999,TRUE,"",0.4,4,37,820037,920037
"RDMM",3.60822426152364,0.925369353008673,0.019,0.737540087569243,0.109,-28352.168406921,58783.5711528156,167,7,TRUE,"",0.4,4,37,820037,920037
"DGMM",NA,0.898602642226781,0.026,0.38652944898479,0.439,-31190.0219963587,64466.1860869699,15,1.91000000000003,TRUE,"",0.4,4,38,820038,920038
"RDMM",3.87552885685251,0.9408408443975,0.015,0.781698902557282,0.088,-28176.4159734295,58432.0662858327,119,4.70999999999998,TRUE,"",0.4,4,38,820038,920038
"DGMM",NA,0.672081750363824,0.09,0.3120808265883,0.47,-30581.8224672556,63249.7870287637,25,3.13999999999999,TRUE,"",0.4,4,39,820039,920039
"RDMM",4.14117932305359,0.925369317903863,0.019,0.745028752049688,0.107,-28159.5749591422,58398.3842572581,100,3.98000000000002,TRUE,"",0.4,4,39,820039,920039
"DGMM",NA,0.495122293281098,0.148,0.310800926389169,0.418,-31324.5650574516,64735.2722091558,6,0.779999999999973,TRUE,"",0.4,4,40,820040,920040
"RDMM",4.05102247785467,0.925369309246108,0.019,0.747258514960016,0.104,-27868.7324734736,57816.6992859208,157,6.36000000000001,TRUE,"",0.4,4,40,820040,920040
"DGMM",NA,0.846240292094562,0.04,0.311882448923062,0.438,-31318.3851461476,64722.9123865478,12,1.5,TRUE,"",0.4,4,41,820041,920041
"RDMM",3.82003803490999,0.902400816072624,0.025,0.546608914635548,0.234,-28305.1894382106,58689.6132153948,126,4.98000000000002,TRUE,"",0.4,4,41,820041,920041
"DGMM",NA,0.84624652793465,0.04,0.384306496138951,0.427,-31420.8551034084,64927.8523010694,28,3.20000000000005,TRUE,"",0.4,4,42,820042,920042
"RDMM",4.07960565489205,0.917681547076794,0.021,0.714135571724368,0.119,-28593.3728516705,59265.9800423146,130,4.71999999999997,TRUE,"",0.4,4,42,820042,920042
"DGMM",NA,0.92922523313951,0.018,0.411963154264112,0.363,-30991.0544465765,64068.2509874056,16,0.91,TRUE,"",0.4,4,43,820043,920043
"RDMM",3.91429827240528,0.925369364882562,0.019,0.735248390809321,0.109,-28325.644740518,58730.5238200096,100,3.72,TRUE,"",0.4,4,43,820043,920043
"DGMM",NA,0.857333749852037,0.037,0.37658751215006,0.479,-31650.8485535741,65387.8392014008,13,1.61,TRUE,"",0.4,4,44,820044,920044
"RDMM",3.78337241046542,0.929224557014939,0.018,0.733504219129114,0.11,-28381.419883387,58842.0741057477,166,6.64,TRUE,"",0.4,4,44,820044,920044
"DGMM",NA,0.883483417916703,0.03,0.325605185304104,0.489,-31470.1649950019,65026.4720842565,12,1.51,TRUE,"",0.4,4,45,820045,920045
"RDMM",3.68436015714957,0.92536933325235,0.019,0.495527437714712,0.275,-28335.7614127157,58750.7571644051,124,5.06,TRUE,"",0.4,4,45,820045,920045
"DGMM",NA,0.735903338822395,0.071,0.288661338677351,0.499,-31551.1042731832,65188.3506406191,14,1.75,TRUE,"",0.4,4,46,820046,920046
"RDMM",3.82122826599336,0.906210144765632,0.024,0.50445424359058,0.271,-28769.668875644,59618.5720902616,149,5.99,TRUE,"",0.4,4,46,820046,920046
"DGMM",NA,0.69525110394592,0.083,0.373147497039925,0.346,-32285.1745279791,66656.4911502109,6,0.84,TRUE,"",0.4,4,47,820047,920047
"RDMM",4.06584706180917,0.917681667357316,0.021,0.740520382018478,0.107,-28854.5252116526,59788.2847622788,174,7.07,TRUE,"",0.4,4,47,820047,920047
"DGMM",NA,0.883483446654016,0.03,0.3695879453345,0.503,-32020.825649989,66127.7933942306,15,2.02,TRUE,"",0.4,4,48,820048,920048
"RDMM",3.63603452020309,0.921521477993822,0.02,0.728579988083294,0.112,-28453.7587591925,58986.7518573586,172,6.86,TRUE,"",0.4,4,48,820048,920048
"DGMM",NA,0.73588407137935,0.071,0.29962782742244,0.452,-30975.8053045105,64037.7527032736,20,2.48,TRUE,"",0.4,4,49,820049,920049
"RDMM",3.78210777031328,0.925369068134702,0.019,0.67300669873739,0.14,-28393.8226998243,58866.8797386222,101,4.03,TRUE,"",0.4,4,49,820049,920049
"DGMM",NA,0.809809821994166,0.05,0.359823685840646,0.465,-30749.5626866859,63585.2674676244,14,1.74,TRUE,"",0.4,4,50,820050,920050
"RDMM",4.057045716309,0.906210209542593,0.024,0.672715296565098,0.139,-28090.3501778555,58259.9346946845,247,9.91,TRUE,"",0.4,4,50,820050,920050
"DGMM",NA,0.853630223086615,0.038,0.355995130713317,0.421,-31579.8012878996,65245.7446700518,14,1.7,TRUE,"",0.4,4,51,820051,920051
"RDMM",3.75838497822506,0.936960961870541,0.016,0.753647708156285,0.102,-28860.825771488,59800.8858819497,100,4.11000000000001,TRUE,"",0.4,4,51,820051,920051
"DGMM",NA,0.695249221942893,0.083,0.248044026260027,0.49,-31989.3343757109,66064.8108456743,12,1.47,TRUE,"",0.4,4,52,820052,920052
"RDMM",3.56349163844726,0.925369178230903,0.019,0.771303068402934,0.092,-28319.2425709364,58717.7194808464,100,4.01000000000001,TRUE,"",0.4,4,52,820052,920052
"DGMM",NA,0.4038726670052,0.182,0.179234004191826,0.563,-30634.6898713955,63355.5218370436,30,3.66,TRUE,"",0.4,4,53,820053,920053
"RDMM",4.00343539850063,0.925369359541466,0.019,0.731700897158563,0.111,-28051.8118578883,58182.8580547502,182,7.36999999999999,TRUE,"",0.4,4,53,820053,920053
"DGMM",NA,0.753177026709295,0.066,0.314025054154107,0.496,-30469.7216781761,63025.5854506048,15,1.83000000000001,TRUE,"",0.4,4,54,820054,920054
"RDMM",4.33819609125292,0.925369358450274,0.019,0.585702858361775,0.187,-27926.9776118713,57933.1895627162,173,6.94,TRUE,"",0.4,4,54,820054,920054
"DGMM",NA,0.824289581391725,0.046,0.349351999922015,0.442,-30995.8874071101,64077.9169084728,12,1.5,TRUE,"",0.4,4,55,820055,920055
"RDMM",3.80565517428817,0.956440397663732,0.011,0.78234502644889,0.089,-28376.1398911858,58831.5141213452,200,8.14,TRUE,"",0.4,4,55,820055,920055
"DGMM",NA,0.802618603923015,0.052,0.370582659178442,0.488,-30609.3082039394,63304.7585021315,21,2.58,TRUE,"",0.4,4,56,820056,920056
"RDMM",4.32519075520371,0.910026024372959,0.023,0.715386511456608,0.119,-28009.3614736177,58097.957286209,101,4.18000000000001,TRUE,"",0.4,4,56,820056,920056
"DGMM",NA,0.398852923795291,0.184,0.159382933097997,0.575,-31759.250853359,65604.6438009706,24,2.86999999999999,TRUE,"",0.4,4,57,820057,920057
"RDMM",3.7766615659605,0.910026013641002,0.023,0.721087215501555,0.116,-28878.1382400516,59835.5108190768,101,4.10000000000001,TRUE,"",0.4,4,57,820057,920057
"DGMM",NA,0.705310874392696,0.08,0.316984535194467,0.506,-30874.1543348351,63834.4507639228,16,1.95999999999999,TRUE,"",0.4,4,58,820058,920058
"RDMM",3.84363471771835,0.925369339038542,0.019,0.7115613867216,0.12,-28114.9470145132,58309.128368,300,11.92,TRUE,"",0.4,4,58,820058,920058
"DGMM",NA,0.879723767399138,0.031,0.318319821012874,0.464,-31581.9521546087,65250.0464034701,11,1.36000000000001,TRUE,"",0.4,4,59,820059,920059
"RDMM",3.879338274752,0.913849866389278,0.022,0.746565328198606,0.104,-28354.7158118085,58788.6659625906,101,4.13,TRUE,"",0.4,4,59,820059,920059
"DGMM",NA,0.813417813004162,0.049,0.37377395277975,0.396,-30902.2272124669,63890.5965191864,17,2.08000000000001,TRUE,"",0.4,4,60,820060,920060
"RDMM",4.26415540548996,0.913849835977443,0.022,0.76043782893999,0.098,-28356.0144086732,58791.2631563201,101,4.03,TRUE,"",0.4,4,60,820060,920060
"DGMM",NA,0.820657654722045,0.047,0.379039452646062,0.495,-31110.4204539152,64306.983002083,21,2.58000000000001,TRUE,"",0.4,4,61,820061,920061
"RDMM",4.23145114763994,0.933089090176826,0.017,0.729915917877398,0.113,-28693.5710147174,59466.3763684085,140,5.58000000000001,TRUE,"",0.4,4,61,820061,920061
"DGMM",NA,0.883483385144493,0.03,0.353302011754056,0.422,-30907.2002524058,63900.5425990642,15,1.92000000000002,TRUE,"",0.4,4,62,820062,920062
"RDMM",3.95949402561075,0.921521463902292,0.02,0.753489697726083,0.101,-28208.3841776974,58496.0026943685,244,9.81999999999999,TRUE,"",0.4,4,62,820062,920062
"DGMM",NA,0.879723741321159,0.031,0.35524079535303,0.387,-30790.5530313407,63667.2481569339,11,1.46000000000001,TRUE,"",0.4,4,63,820063,920063
"RDMM",4.29715853720949,0.944728684355765,0.014,0.733752201876027,0.111,-28196.9453002615,58473.1249394966,100,4.13999999999999,TRUE,"",0.4,4,63,820063,920063
"DGMM",NA,0.842565383532741,0.041,0.354031869831415,0.391,-31003.7057868704,64093.5536679935,10,1.25999999999999,TRUE,"",0.4,4,64,820064,920064
"RDMM",4.13088844647506,0.921521552521578,0.02,0.76096574219692,0.098,-28373.467470938,58826.1692808496,100,4.17000000000002,TRUE,"",0.4,4,64,820064,920064
"DGMM",NA,0.00444840554636369,0.464,0.00257659923251826,0.702,-30177.3531300358,62440.8483543241,29,3.45999999999998,TRUE,"",0.4,4,65,820065,920065
"RDMM",3.68560893862211,0.917681633952254,0.021,0.739615125053022,0.108,-28817.129237294,59713.4928135615,184,7.28,TRUE,"",0.4,4,65,820065,920065
"DGMM",NA,0.887251414379086,0.029,0.375909073374938,0.51,-30863.0104159383,63812.1629261292,19,2.29999999999998,TRUE,"",0.4,4,66,820066,920066
"RDMM",3.93433072934021,0.936960967622121,0.016,0.816072258281703,0.073,-28267.7111554159,58614.6566498054,102,4.13000000000002,TRUE,"",0.4,4,66,820066,920066
"DGMM",NA,0.898602751701519,0.026,0.426503582978002,0.366,-30956.7551773206,63999.6524488938,17,2.07999999999998,TRUE,"",0.4,4,67,820067,920067
"RDMM",4.17616925076243,0.952528508794868,0.012,0.722595892430879,0.116,-28352.7037449187,58784.641828811,100,4.01999999999998,TRUE,"",0.4,4,67,820067,920067
"DGMM",NA,0.887251149574033,0.029,0.412949629934684,0.427,-30878.2846283444,63842.7113509414,16,1.96000000000001,TRUE,"",0.4,4,68,820068,920068
"RDMM",4.2048481720284,0.940840781800237,0.015,0.736384381329523,0.109,-28291.5444912822,58662.3233215381,160,6.48999999999998,TRUE,"",0.4,4,68,820068,920068
"DGMM",NA,0.944728723656625,0.014,0.44009366833182,0.427,-30495.0257247808,63076.1935438142,18,2.25,TRUE,"",0.4,4,69,820069,920069
"RDMM",4.09607908734805,0.948624634315718,0.013,0.731946559593907,0.112,-28047.4329032785,58174.1001455306,218,8.69,TRUE,"",0.4,4,69,820069,920069
"DGMM",NA,0.626902700642271,0.104,0.275469983129541,0.511,-30638.6148068636,63363.3717079798,13,1.63,TRUE,"",0.4,4,70,820070,920070
"RDMM",4.13918406096168,0.933089044195771,0.017,0.772467908935715,0.093,-28156.105316372,58391.4449717176,100,4.29000000000002,TRUE,"",0.4,4,70,820070,920070
"DGMM",NA,0.443022252740837,0.167,0.20870177248474,0.494,-31112.8354609729,64311.8130161984,33,3.94,TRUE,"",0.4,4,71,820071,920071
"RDMM",3.6979149197725,0.940840832697513,0.015,0.726358905010582,0.114,-28232.819525972,58544.8733909176,144,5.75999999999999,TRUE,"",0.4,4,71,820071,920071
"DGMM",NA,0.913849776248973,0.022,0.427221239563746,0.5,-30887.5870256516,63861.3161455558,22,2.66999999999999,TRUE,"",0.4,4,72,820072,920072
"RDMM",4.02357621133997,0.913849693942468,0.022,0.689226154777299,0.131,-28294.1276521278,58667.4896432291,300,11.91,TRUE,"",0.4,4,72,820072,920072
"DGMM",NA,0.887251325134774,0.029,0.376074018414191,0.487,-31421.8656485576,64929.8733913678,18,2.20999999999998,TRUE,"",0.4,4,73,820073,920073
"RDMM",3.94299631076863,0.906210234021885,0.024,0.520688586430072,0.296,-28471.7034211894,59022.6411813523,293,12.28,TRUE,"",0.4,4,73,820073,920073
"DGMM",NA,0.774176619124812,0.06,0.330810254539176,0.489,-31263.7597317144,64613.6615576813,12,1.48000000000002,TRUE,"",0.4,4,74,820074,920074
"RDMM",3.86641882814199,0.92152146676086,0.02,0.741049811970386,0.107,-28446.1126260937,58971.459591161,218,8.82999999999998,TRUE,"",0.4,4,74,820074,920074
"DGMM",NA,0.359409725355936,0.2,0.161516380957588,0.595,-32490.135483918,67066.4130620886,10,1.28000000000003,TRUE,"",0.4,4,75,820075,920075
"RDMM",3.60455957788131,0.933089038634788,0.017,0.734182561432381,0.11,-28773.8406860852,59626.915711144,108,4.37,TRUE,"",0.4,4,75,820075,920075
"DGMM",NA,0.725628398422666,0.074,0.305754458428483,0.421,-31377.4379460685,64841.0179863897,11,1.37,TRUE,"",0.4,4,76,820076,920076
"RDMM",3.93125811811649,0.956440411214517,0.011,0.75701764835935,0.1,-28398.524327375,58876.2829937236,169,7.05000000000001,TRUE,"",0.4,4,76,820076,920076
"DGMM",NA,0.894810768060601,0.027,0.40058021286919,0.452,-31305.1730574878,64696.4882092281,18,2.21999999999997,TRUE,"",0.4,4,77,820077,920077
"RDMM",3.98006567905324,0.940840816797814,0.015,0.667600026589091,0.146,-28552.6229933835,59184.4803257406,152,6.12,TRUE,"",0.4,4,77,820077,920077
"DGMM",NA,0.86849279379602,0.034,0.398467692159208,0.393,-30326.9613586483,62740.0648115492,20,2.44999999999999,TRUE,"",0.4,4,78,820078,920078
"RDMM",4.08862086993477,0.933089048984395,0.017,0.721522487741351,0.116,-28044.9639932171,58169.1623254078,212,8.72000000000003,TRUE,"",0.4,4,78,820078,920078
"DGMM",NA,0.940840859193197,0.015,0.435545958103286,0.43,-30903.5179852981,63893.1780648488,24,3.13999999999999,TRUE,"",0.4,4,79,820079,920079
"RDMM",3.9378122775172,0.960360363557584,0.01,0.739147007295313,0.108,-28238.159024118,58555.5523872097,125,4.95999999999998,TRUE,"",0.4,4,79,820079,920079
"DGMM",NA,0.788333668531763,0.056,0.354275580215793,0.381,-30712.7185185494,63511.5791313515,15,1.85999999999996,TRUE,"",0.4,4,80,820080,920080
"RDMM",3.83508198969025,0.94472868580456,0.014,0.782874123216838,0.088,-28089.77614393,58258.7866268337,100,4.10000000000002,TRUE,"",0.4,4,80,820080,920080
"DGMM",NA,0.729040459593192,0.073,0.270457172514167,0.468,-31675.9350804579,65438.0122551684,10,1.28000000000003,TRUE,"",0.4,4,81,820081,920081
"RDMM",4.0835575748077,0.940840734533526,0.015,0.753337691972247,0.102,-28439.6089202177,58958.4521794089,294,11.74,TRUE,"",0.4,4,81,820081,920081
"DGMM",NA,0.378756164588234,0.192,0.157303424294329,0.576,-30523.7181706006,63133.5784354538,44,5.13999999999999,TRUE,"",0.4,4,82,820082,920082
"RDMM",3.90325830926137,0.921521454474804,0.02,0.729397815935371,0.112,-28377.6847002013,58834.6037393762,186,6.94,TRUE,"",0.4,4,82,820082,920082
"DGMM",NA,0.282081387953766,0.234,0.179651517939018,0.578,-31862.3822806261,65810.9066555049,10,1.11000000000001,TRUE,"",0.4,4,83,820083,920083
"RDMM",3.89347640484974,0.948623211321626,0.013,0.742245969548253,0.107,-28583.7713718749,59246.7770827234,197,5.27999999999997,TRUE,"",0.4,4,83,820083,920083
"DGMM",NA,0.913849740846919,0.022,0.37154207405876,0.481,-31074.1421755894,64234.4264454314,19,1.18,TRUE,"",0.4,4,84,820084,920084
"RDMM",4.1103887546652,0.940840816205985,0.015,0.75155076287507,0.102,-28313.5896837358,58706.4137064451,136,5.39,TRUE,"",0.4,4,84,820084,920084
"DGMM",NA,0.799035992914718,0.053,0.344086842595721,0.506,-32020.1962607299,66126.5346157124,21,2.52,TRUE,"",0.4,4,85,820085,920085
"RDMM",3.75333230743426,0.936960918431984,0.016,0.719841869241736,0.117,-28757.5757420038,59594.3858229812,123,5,TRUE,"",0.4,4,85,820085,920085
"DGMM",NA,0.630069666108819,0.103,0.245492658504357,0.475,-31684.8099654961,65455.7620252448,15,1.83,TRUE,"",0.4,4,86,820086,920086
"RDMM",4.03823702317351,0.956440437385862,0.011,0.775410419757063,0.092,-28641.9387470341,59363.1118330417,188,7.53,TRUE,"",0.4,4,86,820086,920086
"DGMM",NA,0.78478076059591,0.057,0.330404988191173,0.413,-31872.7339671192,65831.6100284911,10,1.23,TRUE,"",0.4,4,87,820087,920087
"RDMM",3.79528752614108,0.940840842838261,0.015,0.755304727267442,0.101,-28295.0780034564,58669.3903458864,100,4.14,TRUE,"",0.4,4,87,820087,920087
"DGMM",NA,0.565093747901588,0.124,0.237921554985356,0.532,-31379.2216615913,64844.5854174353,15,1.91,TRUE,"",0.4,4,88,820088,920088
"RDMM",3.83352767511171,0.902402328808747,0.025,0.758962256194714,0.098,-28561.6281677712,59202.4906745161,169,6.98,TRUE,"",0.4,4,88,820088,920088
"DGMM",NA,0.532418859287036,0.135,0.231082089261861,0.545,-30724.0183365484,63534.1787673493,27,3.18,TRUE,"",0.4,4,89,820089,920089
"RDMM",3.73381733080039,0.944728718892887,0.014,0.750881291803366,0.104,-28123.7743824663,58326.7831039062,251,9.91,TRUE,"",0.4,4,89,820089,920089
"DGMM",NA,0.898602679914832,0.026,0.425930423539602,0.424,-30712.0412529416,63510.2246001359,26,3.15,TRUE,"",0.4,4,90,820090,920090
"RDMM",4.10203053193493,0.929225154874816,0.018,0.709337749486966,0.122,-28327.3906728416,58734.0156846569,105,4.25,TRUE,"",0.4,4,90,820090,920090
"DGMM",NA,0.894810812520819,0.027,0.364203005525219,0.457,-31322.9705386476,64732.0831715478,17,2.15,TRUE,"",0.4,4,91,820091,920091
"RDMM",3.89446912978596,0.944728716598743,0.014,0.737163515120993,0.11,-28496.4158013255,59072.0659416246,125,4.94,TRUE,"",0.4,4,91,820091,920091
"DGMM",NA,0.541237652671409,0.132,0.255673726755764,0.477,-32526.3682795322,67138.878653317,9,1.16,TRUE,"",0.4,4,92,820092,920092
"RDMM",3.54744249127364,0.925369364135957,0.019,0.448855207388771,0.336,-29073.8637299248,60226.9617988232,174,6.95,TRUE,"",0.4,4,92,820092,920092
"DGMM",NA,0.864764935103321,0.035,0.406781551577241,0.413,-31621.5914175515,65329.3249293556,15,1.86,TRUE,"",0.4,4,93,820093,920093
"RDMM",3.71333934009326,0.921521470277452,0.02,0.721798723829862,0.117,-28491.9940555129,59063.2224499995,156,6.28,TRUE,"",0.4,4,93,820093,920093
"DGMM",NA,0.917681650016038,0.021,0.414674062251992,0.4,-30443.5371353854,62973.2163650233,13,1.60000000000001,TRUE,"",0.4,4,94,820094,920094
"RDMM",3.99024235388019,0.929225240842745,0.018,0.727348054087901,0.113,-27976.1405957999,58031.5155305735,177,7.01000000000001,TRUE,"",0.4,4,94,820094,920094
"DGMM",NA,0.879723677456675,0.031,0.345892368135083,0.495,-32028.2546665436,66142.6514273398,22,2.78,TRUE,"",0.4,4,95,820095,920095
"RDMM",3.96896829877685,0.925369340660973,0.019,0.751430867759912,0.103,-29063.4367915914,60206.1079221563,111,4.58999999999999,TRUE,"",0.4,4,95,820095,920095
"DGMM",NA,0.00146668289428097,0.477,0.000354728729259574,0.727,-29729.0161518167,61544.1743978861,30,3.69,TRUE,"",0.4,4,96,820096,920096
"RDMM",3.50471500390876,0.91002596136595,0.023,0.659642420702152,0.149,-28241.1980470875,58561.6304331486,218,8.75,TRUE,"",0.4,4,96,820096,920096
"DGMM",NA,0.515070955695668,0.141,0.221918916295483,0.502,-30758.9782351221,63604.0985644969,28,3.39,TRUE,"",0.4,4,97,820097,920097
"RDMM",4.00843108848099,0.913849809761565,0.022,0.736033678751968,0.109,-28442.8324236777,58964.899186329,214,8.51000000000001,TRUE,"",0.4,4,97,820097,920097
"DGMM",NA,0.763642800475879,0.063,0.291482352845436,0.441,-31504.5980707846,65095.3382358219,14,1.75,TRUE,"",0.4,4,98,820098,920098
"RDMM",4.07515694075563,0.929225161655584,0.018,0.727609392535844,0.113,-28260.661410318,58600.5571596095,102,4.13999999999999,TRUE,"",0.4,4,98,820098,920098
"DGMM",NA,0.846246242497,0.04,0.319877841172462,0.473,-31381.7373516457,64849.6167975439,10,1.25999999999999,TRUE,"",0.4,4,99,820099,920099
"RDMM",3.88079473662283,0.940840842838261,0.015,0.754609707627457,0.101,-28281.1017788438,58641.4378966611,122,4.90000000000001,TRUE,"",0.4,4,99,820099,920099
"DGMM",NA,0.887251240134551,0.029,0.40822608530157,0.49,-30309.2912906522,62704.724675557,18,2.17000000000002,TRUE,"",0.4,4,100,820100,920100
"RDMM",4.40048150027144,0.921521455286325,0.02,0.660442139219888,0.154,-28080.2914050494,58239.8171490724,115,4.75,TRUE,"",0.4,4,100,820100,920100
"DGMM",NA,0.853629843556292,0.038,0.377663333022488,0.488,-30938.4119493895,63962.9659930315,19,2.26000000000002,TRUE,"",0.4,4,101,820101,920101
"RDMM",4.17478398847933,0.917681633952254,0.021,0.758567755007038,0.099,-28388.1994536294,58855.6332462324,106,4.32999999999998,TRUE,"",0.4,4,101,820101,920101
"DGMM",NA,0.936960932095919,0.016,0.591683575407211,0.19,-30920.7393001746,63927.6206946017,16,1.99000000000001,TRUE,"",0.4,4,102,820102,920102
"RDMM",3.90594651977462,0.968224209674366,0.008,0.759318065684242,0.099,-28325.9240352366,58731.0824094467,100,4.10999999999999,TRUE,"",0.4,4,102,820102,920102
"DGMM",NA,0.824289286284704,0.046,0.362924476272899,0.477,-31448.2337289255,64982.6095521035,17,2.04999999999998,TRUE,"",0.4,4,103,820103,920103
"RDMM",3.94178429874342,0.910025944679464,0.023,0.563042833957265,0.206,-28467.6088800864,59014.4520991464,274,11.05,TRUE,"",0.4,4,103,820103,920103
"DGMM",NA,0.831575662251581,0.044,0.306141490370962,0.479,-31096.4217160494,64278.9855263514,20,2.5,TRUE,"",0.4,4,104,820104,920104
"RDMM",3.72636412975604,0.925369373856176,0.019,0.733370173517434,0.11,-28006.6096834291,58092.4537058318,242,9.66999999999999,TRUE,"",0.4,4,104,820104,920104
"DGMM",NA,0.85733321145542,0.037,0.299314760969139,0.478,-31194.7807669817,64475.7036282161,13,1.63,TRUE,"",0.4,4,105,820105,920105
"RDMM",3.94518771069598,0.913849766967539,0.022,0.488366249493066,0.312,-28005.2794397,58089.7932183736,125,5.00999999999999,TRUE,"",0.4,4,105,820105,920105
"DGMM",NA,0.872228247782664,0.033,0.408932670047002,0.476,-30830.3156430388,63746.7733803303,24,2.91,TRUE,"",0.4,4,106,820106,920106
"RDMM",4.12306609672804,0.933089059475597,0.017,0.662547562652278,0.146,-28427.9645418334,58935.1634226403,126,5.06999999999999,TRUE,"",0.4,4,106,820106,920106
"DGMM",NA,0.936960978925169,0.016,0.434487320111402,0.454,-30508.9241983202,63103.9904908929,22,2.66,TRUE,"",0.4,4,107,820107,920107
"RDMM",4.12993249698508,0.960360360979977,0.01,0.745520881506738,0.106,-28159.1934302818,58397.6211995372,140,5.69,TRUE,"",0.4,4,107,820107,920107
"DGMM",NA,0.577193610687606,0.12,0.244069220278955,0.517,-32048.6608273096,66183.4637488718,19,2.32999999999998,TRUE,"",0.4,4,108,820108,920108
"RDMM",3.76627060641414,0.925369354832112,0.019,0.641521384141781,0.158,-28980.4553126248,60040.1449642232,196,7.84999999999999,TRUE,"",0.4,4,108,820108,920108
"DGMM",NA,0.8573333552771,0.037,0.368381180892478,0.394,-31163.889864188,64413.9218226287,14,1.81,TRUE,"",0.4,4,109,820109,920109
"RDMM",3.83843372798721,0.921521475094994,0.02,0.711574160061418,0.121,-28411.0051848726,58901.2447087189,105,4.25,TRUE,"",0.4,4,109,820109,920109
"DGMM",NA,0.464551388823982,0.159,0.203745738246591,0.554,-30530.3135434231,63146.7691810987,28,3.55000000000001,TRUE,"",0.4,4,110,820110,920110
"RDMM",4.1647938518018,0.906210127876694,0.024,0.70643511024669,0.123,-28312.4516805316,58704.1377000368,155,6.18000000000001,TRUE,"",0.4,4,110,820110,920110
"DGMM",NA,0.831575821735197,0.044,0.574316162628588,0.189,-31959.8686969149,66005.8794880824,23,2.83000000000001,TRUE,"",0.4,4,111,820111,920111
"RDMM",3.76136109555678,0.933089042947125,0.017,0.713608599428482,0.12,-28794.2419628448,59667.7182646633,154,6.25,TRUE,"",0.4,4,111,820111,920111
"DGMM",NA,0.879724091348237,0.031,0.366198884713526,0.431,-30738.4542347216,63563.0505636958,14,1.75,TRUE,"",0.4,4,112,820112,920112
"RDMM",4.00067304335489,0.940840829317262,0.015,0.719180323190638,0.117,-28084.4442410914,58248.1228211564,144,5.75999999999999,TRUE,"",0.4,4,112,820112,920112
"DGMM",NA,0.883483399003195,0.03,0.395831215275134,0.417,-31450.6349273379,64987.4119489284,15,1.84,TRUE,"",0.4,4,113,820113,920113
"RDMM",3.97087016866669,0.936960931626979,0.016,0.795011046850706,0.083,-28397.7444641904,58874.7232673545,145,5.80000000000001,TRUE,"",0.4,4,113,820113,920113
"DGMM",NA,0.568086207581356,0.123,0.284227330021366,0.497,-31363.7385934779,64813.6192812085,11,1.41,TRUE,"",0.4,4,114,820114,920114
"RDMM",4.13271163580086,0.940840832185354,0.015,0.760791186061616,0.098,-28172.9725110081,58425.1793609898,119,4.89000000000001,TRUE,"",0.4,4,114,820114,920114
"DGMM",NA,0.849934056089294,0.039,0.370912912914104,0.502,-30433.1873067932,62952.516707839,17,2.51999999999998,TRUE,"",0.4,4,115,820115,920115
"RDMM",3.84797771807994,0.910026006301727,0.023,0.743449379935325,0.105,-27790.3333250989,57659.9009891714,100,4.01000000000005,TRUE,"",0.4,4,115,820115,920115
"DGMM",NA,0.875972108974186,0.032,0.380590415057852,0.458,-31478.2962433065,65042.7345808656,18,2.42000000000002,TRUE,"",0.4,4,116,820116,920116
"RDMM",3.94244599761738,0.944728735679388,0.014,0.496916003024347,0.279,-28649.5884778607,59378.4112946951,145,5.81,TRUE,"",0.4,4,116,820116,920116
"DGMM",NA,0.921521527851378,0.02,0.368033518438693,0.491,-30465.3203743108,63016.7828428742,12,1.51999999999998,TRUE,"",0.4,4,117,820117,920117
"RDMM",4.15455038453421,0.936960966045515,0.016,0.70051884921612,0.126,-27877.6192617047,57834.472862383,194,8,TRUE,"",0.4,4,117,820117,920117
"DGMM",NA,0.887251252650328,0.029,0.326132029346783,0.483,-31652.2261487545,65390.5943917616,13,1.58999999999997,TRUE,"",0.4,4,118,820118,920118
"RDMM",3.72134239033621,0.906210211166527,0.024,0.620819911377091,0.173,-28628.9454678566,59337.1252746868,242,9.69,TRUE,"",0.4,4,118,820118,920118
"DGMM",NA,0.879723726326895,0.031,0.412533235718004,0.456,-31673.2605083744,65432.6631110013,20,2.44999999999999,TRUE,"",0.4,4,119,820119,920119
"RDMM",3.93173389569329,0.913849849800128,0.022,0.725545892554827,0.114,-28605.5079235771,59290.2501861278,114,4.64000000000004,TRUE,"",0.4,4,119,820119,920119
"DGMM",NA,0.917681622697572,0.021,0.421652925259194,0.479,-30493.6189400753,63073.3799744032,18,2.33999999999997,TRUE,"",0.4,4,120,820120,920120
"RDMM",4.35904547762424,0.933089061226276,0.017,0.748838927614769,0.103,-28223.4215177436,58526.0773744608,100,4.27000000000004,TRUE,"",0.4,4,120,820120,920120
"DGMM",NA,0.89860250902602,0.026,0.40587855940306,0.419,-31653.0245555265,65392.1912053056,16,1.96999999999997,TRUE,"",0.4,4,121,820121,920121
"RDMM",3.68588073127713,0.921521452629064,0.02,0.764261297499499,0.096,-28544.1164644283,59167.4672678302,284,11.28,TRUE,"",0.4,4,121,820121,920121
"DGMM",NA,0.864764769330779,0.035,0.338216468536019,0.47,-31593.4543299875,65273.0507542276,15,1.94999999999999,TRUE,"",0.4,4,122,820122,920122
"RDMM",3.81090649220575,0.9292252234994,0.018,0.561896193264087,0.23,-28643.7141976497,59366.662734273,173,6.83000000000004,TRUE,"",0.4,4,122,820122,920122
"DGMM",NA,0.846246248649609,0.04,0.362127041039856,0.46,-31307.3957423532,64700.933578959,18,2.25,TRUE,"",0.4,4,123,820123,920123
"RDMM",3.90485290354953,0.925369369089393,0.019,0.753637627323565,0.1,-28152.5082014578,58384.2507418893,118,4.62,TRUE,"",0.4,4,123,820123,920123
"DGMM",NA,0.795461035550701,0.054,0.327219404857305,0.423,-30882.003397577,63850.1488894066,13,1.48000000000002,TRUE,"",0.4,4,124,820124,920124
"RDMM",4.13028769596295,0.944728677720549,0.014,0.771506457079835,0.093,-28218.9097574109,58517.0538537954,100,3.84000000000003,TRUE,"",0.4,4,124,820124,920124
"DGMM",NA,0.725610334277334,0.074,0.305015677410392,0.512,-30855.4671173205,63797.0763288936,12,1.38999999999999,TRUE,"",0.4,4,125,820125,920125
"RDMM",4.04753605533107,0.894810379452008,0.027,0.663499959685591,0.143,-28202.1656233627,58483.565585699,187,5.44,TRUE,"",0.4,4,125,820125,920125
"DGMM",NA,0.891027057782262,0.028,0.394942208444185,0.378,-30905.920855629,63897.9838055105,22,1.33,TRUE,"",0.4,4,126,820126,920126
"RDMM",4.04914961489918,0.93696085355348,0.016,0.724140255245117,0.115,-28321.6570410662,58722.548421106,117,4.72,TRUE,"",0.4,4,126,820126,920126
"DGMM",NA,0.403913991158343,0.182,0.172461385588021,0.54,-31340.0966119876,64766.3353182278,25,2.98,TRUE,"",0.4,4,127,820127,920127
"RDMM",3.83890884649581,0.925369361034676,0.019,0.759218545670026,0.098,-28723.0857473601,59525.4058336939,133,5.29,TRUE,"",0.4,4,127,820127,920127
"DGMM",NA,0.853630054638246,0.038,0.401646895246711,0.477,-30419.8523609256,62925.8468161038,14,1.73,TRUE,"",0.4,4,128,820128,920128
"RDMM",4.17870724992764,0.940840489207494,0.015,0.742331238308459,0.107,-27867.8339592564,57814.9022574865,183,7.33,TRUE,"",0.4,4,128,820128,920128
"DGMM",NA,0.655767680701898,0.095,0.300743771293458,0.481,-30853.6942534179,63793.5306010884,14,1.72,TRUE,"",0.4,4,129,820129,920129
"RDMM",4.11395221070799,0.940840784611426,0.015,0.766953978614325,0.095,-28316.8317284436,58712.8977958607,100,4.12,TRUE,"",0.4,4,129,820129,920129
"DGMM",NA,0.691912641371648,0.084,0.300288082638291,0.417,-30676.1306998677,63438.403493988,11,1.43,TRUE,"",0.4,4,130,820130,920130
"RDMM",3.89220636361016,0.929225143954781,0.018,0.730620336995229,0.112,-28114.4434796208,58308.1212982153,100,4,TRUE,"",0.4,4,130,820130,920130
"DGMM",NA,0.592505825975957,0.115,0.226933160291818,0.529,-31704.9386119319,65496.0193181165,17,2.28,TRUE,"",0.4,4,131,820131,920131
"RDMM",3.81653070534144,0.933089042947125,0.017,0.749452210578408,0.103,-28364.7103664906,58808.6550719548,162,6.47,TRUE,"",0.4,4,131,820131,920131
"DGMM",NA,0.813417802379105,0.049,0.369478785944106,0.479,-31461.80538604,65009.7528663327,17,2.05,TRUE,"",0.4,4,132,820132,920132
"RDMM",3.89309521603028,0.933089028594122,0.017,0.74024589258405,0.107,-28631.7076939629,59342.6497268994,157,6.27,TRUE,"",0.4,4,132,820132,920132
"DGMM",NA,0.894810883754225,0.027,0.410852674194799,0.43,-31124.4369738699,64335.0160419923,24,2.88999999999999,TRUE,"",0.4,4,133,820133,920133
"RDMM",3.75529064671033,0.906210233473056,0.024,0.722058812293486,0.116,-28110.5671867232,58300.36871242,169,6.75,TRUE,"",0.4,4,133,820133,920133
"DGMM",NA,0.715431147360146,0.077,0.511002009182082,0.224,-30588.1115251899,63262.3651446323,6,0.810000000000002,TRUE,"",0.4,4,134,820134,920134
"RDMM",4.5508937435803,0.95644043156163,0.011,0.593283038493257,0.191,-27877.1161734562,57833.466685886,100,4.05,TRUE,"",0.4,4,134,820134,920134
"DGMM",NA,0.835231235050957,0.043,0.329568473614221,0.429,-31542.6303934845,65171.4028812217,11,1.37,TRUE,"",0.4,4,135,820135,920135
"RDMM",3.93348974104648,0.917681603440021,0.021,0.738939300882649,0.107,-28565.1425189933,59209.5193769602,111,4.40000000000001,TRUE,"",0.4,4,135,820135,920135
"DGMM",NA,0.887251345054423,0.029,0.36972230205263,0.46,-31402.5666608453,64891.2754159433,12,1.56,TRUE,"",0.4,4,136,820136,920136
"RDMM",3.7851359963182,0.933089044195771,0.017,0.706447781741947,0.123,-28202.7964022422,58484.827143458,152,6.09,TRUE,"",0.4,4,136,820136,920136
"DGMM",NA,0.623732272723021,0.105,0.306803875504016,0.388,-30948.2338329469,63982.6097601464,10,1.23,TRUE,"",0.4,4,137,820137,920137
"RDMM",4.44528509351672,0.902402372125654,0.025,0.738179464317594,0.107,-28152.1915911191,58383.6175212119,216,8.5,TRUE,"",0.4,4,137,820137,920137
"DGMM",NA,0.517940005393985,0.14,0.218066420513791,0.525,-30293.3774428875,62672.8969800276,29,3.58,TRUE,"",0.4,4,138,820138,920138
"RDMM",3.93413830655112,0.925369358450274,0.019,0.732701132607374,0.11,-27830.8546942021,57740.9437273779,103,4.21000000000001,TRUE,"",0.4,4,138,820138,920138
"DGMM",NA,0.875971935732947,0.032,0.40188432371671,0.477,-30821.3079656473,63728.7580255473,26,3.22,TRUE,"",0.4,4,139,820139,920139
"RDMM",4.00491899057364,0.913849854212945,0.022,0.75191240143726,0.102,-28311.3340845173,58701.9025080082,284,11.38,TRUE,"",0.4,4,139,820139,920139
"DGMM",NA,0.887251300609374,0.029,0.399478155541097,0.415,-31040.2694116303,64166.6809175132,14,1.70999999999999,TRUE,"",0.4,4,140,820140,920140
"RDMM",3.88657816229072,0.921521475094994,0.02,0.707599270401225,0.122,-28319.0037972169,58717.2419334074,114,4.56999999999999,TRUE,"",0.4,4,140,820140,920140
"DGMM",NA,0.000538748127878948,0.482,-0.000379537673253238,0.728,-30216.1422168746,62518.4265280018,23,2.78,TRUE,"",0.4,4,141,820141,920141
"RDMM",3.89559121810797,0.940840822488473,0.015,0.7508120700261,0.102,-28777.2485725691,59633.7314841119,172,6.79000000000001,TRUE,"",0.4,4,141,820141,920141
"DGMM",NA,0.910026067352689,0.023,0.370148073583427,0.485,-31152.1282036968,64390.3985016461,17,2.09,TRUE,"",0.4,4,142,820142,920142
"RDMM",3.66048852778096,0.948624608686944,0.013,0.792236407699683,0.084,-28145.4687442511,58370.1718274758,259,10.36,TRUE,"",0.4,4,142,820142,920142
"DGMM",NA,0.864764652947197,0.035,0.340597932277094,0.49,-30803.7571059336,63693.6563061198,39,4.67000000000002,TRUE,"",0.4,4,143,820143,920143
"RDMM",3.79804841030492,0.929225180061007,0.018,0.74402252718658,0.105,-28123.9716211998,58327.1775813733,105,4.34,TRUE,"",0.4,4,143,820143,920143
"DGMM",NA,0.61426582862072,0.108,0.257815254646668,0.53,-31441.8077164252,64969.7575271029,9,1.10999999999999,TRUE,"",0.4,4,144,820144,920144
"RDMM",3.95755399487574,0.933088705682125,0.017,0.752340136097138,0.101,-28426.5764850666,58932.3873091069,108,4.32999999999998,TRUE,"",0.4,4,144,820144,920144
"DGMM",NA,0.83889544246646,0.042,0.377105095206177,0.481,-31235.1327215932,64556.4075374389,19,2.38999999999999,TRUE,"",0.4,4,145,820145,920145
"RDMM",3.90410433787653,0.936960910351866,0.016,0.710680342760125,0.121,-28312.627511253,58704.4893614796,190,7.80000000000001,TRUE,"",0.4,4,145,820145,920145
"DGMM",NA,0.948624578175524,0.013,0.402267718736993,0.394,-30454.1182856736,62994.3786655997,17,2.06999999999999,TRUE,"",0.4,4,146,820146,920146
"RDMM",3.92726219454323,0.972168144675652,0.007,0.775174401932515,0.092,-27822.9017402957,57725.037819565,117,4.81999999999999,TRUE,"",0.4,4,146,820146,920146
"DGMM",NA,0.688589168972923,0.085,0.277803640679486,0.504,-31609.6028795205,65305.3478532936,13,1.63,TRUE,"",0.4,4,147,820147,920147
"RDMM",3.68690583012445,0.929225222927529,0.018,0.688204138786893,0.134,-28389.4199590362,58858.0742570461,174,6.93000000000001,TRUE,"",0.4,4,147,820147,920147
"DGMM",NA,0.831576182897076,0.044,0.355306929738846,0.499,-31048.2839430868,64182.7099804263,13,1.60999999999999,TRUE,"",0.4,4,148,820148,920148
"RDMM",3.88873424978801,0.929225186681783,0.018,0.714260532807704,0.119,-28087.4652715941,58254.1648821619,114,4.57999999999998,TRUE,"",0.4,4,148,820148,920148
"DGMM",NA,0.891025913097211,0.028,0.373458376761915,0.473,-30969.3641081654,64024.8703105835,14,1.72,TRUE,"",0.4,4,149,820149,920149
"RDMM",3.72760970566712,0.925368991764964,0.019,0.72511993313358,0.114,-28188.5931883769,58456.4207157273,100,4,TRUE,"",0.4,4,149,820149,920149
"DGMM",NA,0.864764660370775,0.035,0.374177525115432,0.489,-31206.7569132713,64499.6559207952,17,2.06,TRUE,"",0.4,4,150,820150,920150
"RDMM",4.07372104200099,0.917681633952254,0.021,0.776972669027568,0.09,-28595.3787047706,59269.9917485148,221,8.77000000000001,TRUE,"",0.4,4,150,820150,920150
"DGMM",NA,0.91384985072827,0.022,0.405454769628118,0.413,-30423.8455375517,62933.8331693559,15,1.82999999999998,TRUE,"",0.4,4,151,820151,920151
"RDMM",4.53022712569444,0.933089069872396,0.017,0.751626535631099,0.102,-27912.1874554919,57903.6092499575,127,5.16,TRUE,"",0.4,4,151,820151,920151
"DGMM",NA,0.835231326724323,0.043,0.324016575833407,0.481,-30634.5182524855,63355.1785992236,19,2.29000000000002,TRUE,"",0.4,4,152,820152,920152
"RDMM",4.38392167348829,0.925369353798351,0.019,0.649449049297717,0.154,-28386.2852438717,58851.8048267171,101,4.11000000000001,TRUE,"",0.4,4,152,820152,920152
"DGMM",NA,0.520711375820291,0.139,0.233141908967833,0.545,-31215.9686936718,64518.0794815963,16,2.13,TRUE,"",0.4,4,153,820153,920153
"RDMM",3.87050183441877,0.90239901233192,0.025,0.737420844379087,0.109,-28472.5641730027,59024.3626849791,125,5.17000000000002,TRUE,"",0.4,4,153,820153,920153
"DGMM",NA,0.944728681321713,0.014,0.410786575791472,0.493,-30968.6341249569,64023.4103441664,16,1.95000000000002,TRUE,"",0.4,4,154,820154,920154
"RDMM",3.83230811900709,0.952528484006189,0.012,0.734998479475468,0.111,-28275.7448866049,58630.7241121833,145,5.85999999999999,TRUE,"",0.4,4,154,820154,920154
"DGMM",NA,0.891027017026855,0.028,0.299934753688807,0.485,-31322.9587608481,64732.0596159489,19,2.31,TRUE,"",0.4,4,155,820155,920155
"RDMM",3.81218566873839,0.93696095801392,0.016,0.765023863973798,0.096,-28120.6473085299,58320.5289560334,100,4.08000000000001,TRUE,"",0.4,4,155,820155,920155
"DGMM",NA,0.906210200850035,0.024,0.50299792110506,0.242,-30698.0648568911,63482.2718080348,16,1.95999999999998,TRUE,"",0.4,4,156,820156,920156
"RDMM",4.22628956210661,0.948624576633644,0.013,0.736821103356456,0.109,-28293.5859261812,58666.406191336,235,9.25,TRUE,"",0.4,4,156,820156,920156
"DGMM",NA,0.861045107198754,0.036,0.294253493666529,0.476,-30994.4251338629,64074.9923619784,16,2.03,TRUE,"",0.4,4,157,820157,920157
"RDMM",3.81916391327261,0.902402263692492,0.025,0.724524896016294,0.114,-28101.257142556,58281.7486240856,203,8.59000000000003,TRUE,"",0.4,4,157,820157,920157
"DGMM",NA,0.388763040034631,0.188,0.174569775591375,0.524,-31381.2672350996,64848.6765644517,30,3.56999999999999,TRUE,"",0.4,4,158,820158,920158
"RDMM",3.70354430599264,0.913849849800128,0.022,0.636167387408015,0.16,-28574.0581162732,59227.35057152,135,5.59000000000003,TRUE,"",0.4,4,158,820158,920158
"DGMM",NA,0.906210273056407,0.024,0.440046232003556,0.487,-30466.0032288367,63018.148551926,22,2.66000000000003,TRUE,"",0.4,4,159,820159,920159
"RDMM",4.22806870751376,0.948624618887061,0.013,0.689163641737037,0.137,-27871.5866855325,57822.4077100386,100,4.06,TRUE,"",0.4,4,159,820159,920159
"DGMM",NA,0.767142467003942,0.062,0.290456264151458,0.471,-31361.1947825322,64808.5316593171,12,1.5,TRUE,"",0.4,4,160,820160,920160
"RDMM",3.96771254394987,0.933088968852098,0.017,0.706524120403853,0.124,-28296.474139987,58672.1826189477,100,4.24000000000001,TRUE,"",0.4,4,160,820160,920160
"DGMM",NA,0.00144581361081708,0.477,0.000160861348481487,0.722,-29967.4921176577,62021.1263295681,26,3.19,TRUE,"",0.4,4,161,820161,920161
"RDMM",3.67160813217566,0.906210137372211,0.024,0.581078351463875,0.205,-28604.4935071962,59288.221353366,175,6.96999999999997,TRUE,"",0.4,4,161,820161,920161
"DGMM",NA,0.739339544001993,0.07,0.312916820873858,0.513,-31431.8771073702,64949.896308993,15,1.81,TRUE,"",0.4,4,162,820162,920162
"RDMM",4.00045579957915,0.913849866389278,0.022,0.564386018787619,0.228,-28695.2416556231,59469.7176502199,172,6.88999999999999,TRUE,"",0.4,4,162,820162,920162
"DGMM",NA,0.898602605002,0.026,0.387315884988441,0.469,-30915.410734941,63916.9635641346,27,3.39000000000004,TRUE,"",0.4,4,163,820163,920163
"RDMM",4.04242582564242,0.940840788344503,0.015,0.753542655261198,0.102,-28334.4747497664,58748.1838385064,103,4.32999999999998,TRUE,"",0.4,4,163,820163,920163
"DGMM",NA,-0.000507469378956859,0.492,-0.000573053696415012,0.737,-29440.7464522288,60967.6349987102,34,4.07999999999998,TRUE,"",0.4,4,164,820164,920164
"RDMM",4.29809900718474,0.968224215746785,0.008,0.773471635532468,0.093,-28092.0260837388,58263.2865064512,106,4.30000000000001,TRUE,"",0.4,4,164,820164,920164
"DGMM",NA,0.936960292585091,0.016,0.342778201558442,0.454,-31337.9637721187,64762.06963849,17,2.10000000000002,TRUE,"",0.4,4,165,820165,920165
"RDMM",3.80788675658317,0.952528208726137,0.012,0.769398166122249,0.094,-28281.0420537624,58641.3184464983,258,10.33,TRUE,"",0.4,4,165,820165,920165
"DGMM",NA,0.849934323322398,0.039,0.367011543085567,0.485,-31368.3395779246,64822.8212501017,17,2.06,TRUE,"",0.4,4,166,820166,920166
"RDMM",4.09821488536425,0.933089022312268,0.017,0.751093241790371,0.102,-28467.9677791281,59015.1698972298,100,3.99000000000001,TRUE,"",0.4,4,166,820166,920166
"DGMM",NA,0.80261923214863,0.052,0.320629252643874,0.478,-31219.3769459557,64524.8959861641,15,1.83000000000004,TRUE,"",0.4,4,167,820167,920167
"RDMM",3.89442108460091,0.944728681321713,0.014,0.76446281115767,0.096,-28413.2586075368,58905.7515540473,173,6.46999999999997,TRUE,"",0.4,4,167,820167,920167
"DGMM",NA,0.902402343961219,0.025,0.321912706472207,0.453,-31395.1717934008,64876.4856810542,20,1.32,TRUE,"",0.4,4,168,820168,920168
"RDMM",3.89670919657742,0.948624574172566,0.013,0.637790766312999,0.17,-28226.674218317,58532.5827756075,129,4.97,TRUE,"",0.4,4,168,820168,920168
"DGMM",NA,0.842566548984517,0.041,0.364600672311729,0.423,-31839.2324455288,65764.6069853101,28,3.36,TRUE,"",0.4,4,169,820169,920169
"RDMM",3.75282540086335,0.956440439497669,0.011,0.772187726935427,0.093,-28490.1877316387,59059.6098022509,115,4.64,TRUE,"",0.4,4,169,820169,920169
"DGMM",NA,0.891026978284033,0.028,0.334293627604058,0.469,-31240.1445071879,64566.4311086284,15,1.83,TRUE,"",0.4,4,170,820170,920170
"RDMM",3.98463400129144,0.902402383391423,0.025,0.743156940872339,0.105,-28358.7643907969,58796.7631205675,165,6.65,TRUE,"",0.4,4,170,820170,920170
"DGMM",NA,0.906210201150764,0.024,0.379925023023209,0.507,-31461.376897525,65008.8958893027,16,1.99,TRUE,"",0.4,4,171,820171,920171
"RDMM",3.80234946110214,0.948624627713321,0.013,0.767183215805345,0.095,-28527.0508877918,59133.3361145572,119,4.84,TRUE,"",0.4,4,171,820171,920171
"DGMM",NA,0.913849866389278,0.022,0.420704735785013,0.456,-31016.8056470038,64119.7533882603,35,4.32,TRUE,"",0.4,4,172,820172,920172
"RDMM",3.94783198094978,0.933088968852098,0.017,0.755573846805527,0.1,-28214.1892538428,58507.6128466592,139,5.7,TRUE,"",0.4,4,172,820172,920172
"DGMM",NA,0.921521541445908,0.02,0.41524260690992,0.428,-30366.8163409521,62819.7747761569,17,2.1,TRUE,"",0.4,4,173,820173,920173
"RDMM",4.26140810389803,0.948624610347428,0.013,0.73397557508899,0.11,-27799.0731726209,57677.3806842155,196,7.77,TRUE,"",0.4,4,173,820173,920173
"DGMM",NA,0.887251318764823,0.029,0.401398903837685,0.498,-31274.6212161603,64635.3845265732,18,2.21,TRUE,"",0.4,4,174,820174,920174
"RDMM",3.99483450919334,0.944728673788864,0.014,0.716822452613699,0.118,-28531.162128902,59141.5585967777,204,8.13,TRUE,"",0.4,4,174,820174,920174
"DGMM",NA,0.917681655384709,0.021,0.416553773235894,0.479,-30657.1814823228,63400.5050588982,20,2.43,TRUE,"",0.4,4,175,820175,920175
"RDMM",4.01736991482649,0.933089029714043,0.017,0.717056309789232,0.118,-27946.067766831,57971.3698726357,109,4.36,TRUE,"",0.4,4,175,820175,920175
"DGMM",NA,0.000689553699126915,0.471,0.00161739862642726,0.709,-30395.5085092278,62877.1591127083,30,3.66,TRUE,"",0.4,4,176,820176,920176
"RDMM",3.73295728516878,0.894809882754119,0.027,0.713462077599241,0.12,-28913.7026102754,59906.6395595244,198,7.87,TRUE,"",0.4,4,176,820176,920176
"DGMM",NA,-0.000118870556321814,0.476,0.000256834453668114,0.722,-29969.771141678,62025.6843776085,26,3.16999999999999,TRUE,"",0.4,4,177,820177,920177
"RDMM",3.93539842931303,0.917681648226481,0.021,0.708869485477555,0.121,-28582.6923484424,59244.6190358584,300,12,TRUE,"",0.4,4,177,820177,920177
"DGMM",NA,0.875971974906885,0.032,0.386863316763188,0.413,-30861.3842302581,63808.9105547688,14,1.72,TRUE,"",0.4,4,178,820178,920178
"RDMM",4.18765426510697,0.921521521929169,0.02,0.730738892820696,0.111,-28161.3475464751,58401.9294319238,119,4.91000000000001,TRUE,"",0.4,4,178,820178,920178
"DGMM",NA,0.921519647777467,0.02,0.414590542137196,0.397,-30571.485839618,63229.1137734886,14,1.73,TRUE,"",0.4,4,179,820179,920179
"RDMM",4.03432871047198,0.940840008481697,0.015,0.752079133498386,0.101,-27970.7687125605,58020.7717640947,152,6.13,TRUE,"",0.4,4,179,820179,920179
"DGMM",NA,0.806210080188567,0.051,0.326593969912935,0.448,-31575.2059277854,65236.5539498233,10,1.29000000000001,TRUE,"",0.4,4,180,820180,920180
"RDMM",3.85524969892284,0.944728704006202,0.014,0.715749411634345,0.12,-28462.548129775,59004.3305985236,296,11.77,TRUE,"",0.4,4,180,820180,920180
"DGMM",NA,0.891026388254492,0.028,0.346704689514396,0.433,-30687.5024553821,63461.1470050169,14,1.71000000000001,TRUE,"",0.4,4,181,820181,920181
"RDMM",3.95752358233029,0.921521186060314,0.02,0.736996768987941,0.109,-28172.2238144948,58423.6819679633,131,5.3,TRUE,"",0.4,4,181,820181,920181
"DGMM",NA,0.835231958386541,0.043,0.307425625784855,0.484,-31347.4909189936,64781.1239322399,15,1.81999999999999,TRUE,"",0.4,4,182,820182,920182
"RDMM",3.68875148456069,0.95252848172299,0.012,0.759036055501759,0.099,-28099.7119675538,58278.6582740811,100,4.06999999999999,TRUE,"",0.4,4,182,820182,920182
"DGMM",NA,0.894810800945381,0.027,0.534894520634895,0.221,-31365.0011398803,64816.1443740133,18,2.16,TRUE,"",0.4,4,183,820183,920183
"RDMM",3.90812075700393,0.929225220313262,0.018,0.745729730077589,0.104,-28513.5824265862,59106.399192146,131,5.28,TRUE,"",0.4,4,183,820183,920183
"DGMM",NA,0.795461652485452,0.054,0.348430796337836,0.488,-30870.2948249168,63826.7317440861,28,3.33000000000001,TRUE,"",0.4,4,184,820184,920184
"RDMM",3.80449211437968,0.91002596136595,0.023,0.706018449261804,0.123,-28324.4257130276,58728.0857650289,201,8.03,TRUE,"",0.4,4,184,820184,920184
"DGMM",NA,0.910025982535623,0.023,0.32658438047639,0.429,-31108.3269536321,64302.7960015167,13,1.66,TRUE,"",0.4,4,185,820185,920185
"RDMM",3.89111482610533,0.933089068331971,0.017,0.479678330294193,0.307,-28416.7395129773,58912.7133649282,104,4.34,TRUE,"",0.4,4,185,820185,920185
"DGMM",NA,0.486727079749929,0.151,0.206072834475988,0.544,-30431.1032464101,62948.3485870729,20,2.41,TRUE,"",0.4,4,186,820186,920186
"RDMM",4.06569137882632,0.925369363805728,0.019,0.700045273089345,0.127,-28095.0267212103,58269.2877813941,153,6.21000000000001,TRUE,"",0.4,4,186,820186,920186
"DGMM",NA,0.611134848195022,0.109,0.268902973757161,0.495,-30863.8872988594,63813.9166919715,21,2.56999999999999,TRUE,"",0.4,4,187,820187,920187
"RDMM",3.80268524594755,0.925369370295446,0.019,0.716112983014348,0.118,-28198.4822869511,58476.1989128759,147,5.97,TRUE,"",0.4,4,187,820187,920187
"DGMM",NA,0.902402383391423,0.025,0.368032697026543,0.404,-31183.9808974338,64454.1038891202,11,1.44,TRUE,"",0.4,4,188,820188,920188
"RDMM",3.9333537429566,0.925369311758724,0.019,0.74886842242409,0.103,-28434.2790918828,58947.7925227392,146,5.81,TRUE,"",0.4,4,188,820188,920188
"DGMM",NA,0.698592599828057,0.082,0.32889012994625,0.4,-31067.7953555137,64221.7328052801,15,1.83000000000001,TRUE,"",0.4,4,189,820189,920189
"RDMM",4.03890555179583,0.933089088374658,0.017,0.777329302079705,0.09,-28485.5240246525,59050.2823882786,195,7.66,TRUE,"",0.4,4,189,820189,920189
"DGMM",NA,0.414185839932259,0.178,0.178610379767531,0.53,-30774.2890914972,63634.7202772471,24,2.93000000000001,TRUE,"",0.4,4,190,820190,920190
"RDMM",3.99172520125579,0.929225212476132,0.018,0.756696749975092,0.099,-28222.1652792956,58523.5648975649,176,7.06,TRUE,"",0.4,4,190,820190,920190
"DGMM",NA,0.492304196808322,0.149,0.21115351040956,0.521,-31138.6622660707,64363.4666263941,31,3.83000000000001,TRUE,"",0.4,4,191,820191,920191
"RDMM",3.81000645259718,0.929225218730405,0.018,0.758357642925745,0.099,-28433.8584133169,58946.9511656075,135,5.32999999999998,TRUE,"",0.4,4,191,820191,920191
"DGMM",NA,0.467330709378759,0.158,0.266364319231161,0.46,-32126.0659300533,66338.2739543592,8,1.03999999999999,TRUE,"",0.4,4,192,820192,920192
"RDMM",3.67971067742564,0.913849811315375,0.022,0.567159245331809,0.222,-28841.3896259775,59762.0135909286,136,5.53,TRUE,"",0.4,4,192,820192,920192
"DGMM",NA,0.84256700802464,0.041,0.355609637325913,0.466,-31618.220235512,65322.5825652766,12,1.71000000000001,TRUE,"",0.4,4,193,820193,920193
"RDMM",4.01099621002954,0.929225195637699,0.018,0.714057006050492,0.119,-28441.3120727934,58961.8584845605,205,8.22,TRUE,"",0.4,4,193,820193,920193
"DGMM",NA,0.526611598711184,0.137,0.212131262882306,0.547,-31088.5715170993,64263.2851284512,24,2.89000000000001,TRUE,"",0.4,4,194,820194,920194
"RDMM",3.86542101283222,0.917681664506696,0.021,0.732810985778355,0.11,-28253.4398077216,58586.1139544167,100,4.08000000000001,TRUE,"",0.4,4,194,820194,920194
"DGMM",NA,-0.00106597360979681,0.496,-0.000664157277370701,0.735,-29399.4283661215,60884.9988264956,33,3.96000000000001,TRUE,"",0.4,4,195,820195,920195
"RDMM",4.04264095180141,0.887251281347673,0.029,0.486246887985199,0.273,-28249.6785236909,58578.5913863554,125,4.98999999999998,TRUE,"",0.4,4,195,820195,920195
"DGMM",NA,0.913849766267288,0.022,0.420220829793982,0.412,-30862.1312236549,63810.4045415623,14,1.70999999999998,TRUE,"",0.4,4,196,820196,920196
"RDMM",4.06537438050121,0.944728677720549,0.014,0.765557472744792,0.096,-28000.5422399877,58080.3188189491,121,4.89000000000001,TRUE,"",0.4,4,196,820196,920196
"DGMM",NA,-0.00105311923153209,0.491,-0.00110355773226139,0.733,-29985.4837269894,62057.1095482315,24,2.91,TRUE,"",0.4,4,197,820197,920197
"RDMM",3.95334854615489,0.91768170669586,0.021,0.548552524667378,0.208,-28762.9727207036,59605.1797803809,115,4.77000000000001,TRUE,"",0.4,4,197,820197,920197
"DGMM",NA,0.838894804236992,0.042,0.30831642955186,0.498,-31555.0420756339,65196.2262455204,15,2.29000000000002,TRUE,"",0.4,4,198,820198,920198
"RDMM",3.90268405843948,0.929225168405716,0.018,0.722598925996071,0.115,-28524.841109882,59128.9165587376,268,10.85,TRUE,"",0.4,4,198,820198,920198
"DGMM",NA,0.547151035647499,0.13,0.263937360614881,0.524,-30901.4115858813,63888.9652660152,11,1.41000000000003,TRUE,"",0.4,4,199,820199,920199
"RDMM",3.97416447697211,0.956440397663732,0.011,0.728918112113155,0.114,-28071.8454327679,58222.9252045094,121,4.80000000000001,TRUE,"",0.4,4,199,820199,920199
"DGMM",NA,0.827910867755433,0.045,0.40396918551766,0.499,-31496.5233012056,65079.1886966638,22,2.88999999999999,TRUE,"",0.4,4,200,820200,920200
"RDMM",4.01370794389454,0.887248520544209,0.029,0.713064927766115,0.119,-28653.2581049188,59385.7505488113,262,10.45,TRUE,"",0.4,4,200,820200,920200
"DGMM",NA,0.791892019989524,0.055,0.277575054641765,0.474,-31027.1135952914,64140.3692848355,36,4.29000000000002,TRUE,"",0.4,4,201,820201,920201
"RDMM",4.08230212928495,0.925369361034676,0.019,0.763886760729287,0.096,-28278.6094459842,58636.4532309421,175,7.10999999999996,TRUE,"",0.4,4,201,820201,920201
"DGMM",NA,0.910025965658738,0.023,0.422129146164854,0.472,-30426.1096517509,62938.3613977543,15,2,TRUE,"",0.4,4,202,820202,920202
"RDMM",4.6145714456061,0.936960914717859,0.016,0.551790579616088,0.25,-28265.3802467187,58609.994832411,153,6.25,TRUE,"",0.4,4,202,820202,920202
"DGMM",NA,0.857333374123939,0.037,0.343001813829092,0.46,-30593.1708063787,63272.48370701,13,1.58999999999997,TRUE,"",0.4,4,203,820203,920203
"RDMM",3.99928046113969,0.917681603440021,0.021,0.735430132414175,0.109,-28068.3635255835,58215.9613901407,171,6.82999999999998,TRUE,"",0.4,4,203,820203,920203
"DGMM",NA,0.61428751400351,0.108,0.250900514008815,0.54,-31589.0890411587,65264.3201765699,22,2.71999999999997,TRUE,"",0.4,4,204,820204,920204
"RDMM",3.69255043425173,0.921521468576403,0.02,0.722553163266076,0.115,-28634.1758810267,59347.5861010269,138,5.56999999999999,TRUE,"",0.4,4,204,820204,920204
"DGMM",NA,0.668784380089089,0.091,0.287593318563301,0.49,-31543.5894730717,65173.3210403961,24,2.99000000000001,TRUE,"",0.4,4,205,820205,920205
"RDMM",3.81089979233042,0.921521346791413,0.02,0.721275585375962,0.116,-28456.9303480101,58993.0950349939,124,4.94999999999999,TRUE,"",0.4,4,205,820205,920205
"DGMM",NA,0.75317886990348,0.066,0.275377391868718,0.503,-31990.3922374044,66066.9265690614,13,1.53999999999996,TRUE,"",0.4,4,206,820206,920206
"RDMM",3.7977175495275,0.913849913426133,0.022,0.705114669458533,0.122,-28734.7161779399,59548.6666948534,124,4.63999999999999,TRUE,"",0.4,4,206,820206,920206
"DGMM",NA,0.92536933175914,0.019,0.657428330813554,0.148,-29904.1120637472,61894.366221747,25,2.73999999999995,TRUE,"",0.4,4,207,820207,920207
"RDMM",4.47317754066958,0.952528502198712,0.012,0.765379813776413,0.096,-27562.2313556321,57203.6970502378,100,3.06,TRUE,"",0.4,4,207,820207,920207
"DGMM",NA,0.891027007397058,0.028,0.408564886526648,0.411,-30459.3606134529,63004.8633211585,25,1.90999999999997,TRUE,"",0.4,4,208,820208,920208
"RDMM",4.10348605342321,0.921521522321718,0.02,0.738562087908487,0.107,-28317.7979926884,58714.8303243505,137,3.44,TRUE,"",0.4,4,208,820208,920208
"DGMM",NA,0.646072036811656,0.098,0.311899320224525,0.525,-31621.7050407848,65329.5521758223,33,1.73,TRUE,"",0.4,4,209,820209,920209
"RDMM",4.03831413470399,0.917681608634493,0.021,0.758447916215175,0.098,-28712.8586545244,59504.9516480224,152,6.55,TRUE,"",0.4,4,209,820209,920209
"DGMM",NA,0.902402448676504,0.025,0.428938081620934,0.468,-30705.1885243394,63496.5191429314,26,3.15,TRUE,"",0.4,4,210,820210,920210
"RDMM",4.45252944381549,0.925369344666797,0.019,0.569860621877786,0.212,-28415.728672397,58910.6916837675,256,10.21,TRUE,"",0.4,4,210,820210,920210
"DGMM",NA,0.89481074201584,0.027,0.372512787186118,0.457,-31136.7705879328,64359.6832701181,13,1.69,TRUE,"",0.4,4,211,820211,920211
"RDMM",4.25896256700095,0.933086890893478,0.017,0.651471155708078,0.15,-28681.0324966306,59441.2993322348,135,5.42,TRUE,"",0.4,4,211,820211,920211
"DGMM",NA,0.910025936468926,0.023,0.336439378875385,0.5,-30819.3526573226,63724.8474088978,13,1.65,TRUE,"",0.4,4,212,820212,920212
"RDMM",4.03727173303921,0.972167828991282,0.007,0.81284780727569,0.075,-27919.9181193762,57919.0705777261,202,8.2,TRUE,"",0.4,4,212,820212,920212
"DGMM",NA,0.82428392842408,0.046,0.340128880594769,0.502,-31602.0134729898,65290.1690402321,19,2.31,TRUE,"",0.4,4,213,820213,920213
"RDMM",3.69965315415119,0.925369125221662,0.019,0.746645433921486,0.104,-28784.5766596168,59648.3876582072,169,6.69,TRUE,"",0.4,4,213,820213,920213
"DGMM",NA,-0.000164161643546456,0.49,-0.000397041756717103,0.738,-29708.6889975111,61503.5200892748,39,4.65,TRUE,"",0.4,4,214,820214,920214
"RDMM",3.98799351257806,0.902402306558825,0.025,0.701448762665967,0.125,-28355.9578151436,58791.1499692608,268,10.7,TRUE,"",0.4,4,214,820214,920214
"DGMM",NA,-0.000519053117753667,0.497,-0.00054090134690565,0.729,-29999.5102964816,62085.1626872158,23,2.75,TRUE,"",0.4,4,215,820215,920215
"RDMM",3.9129868305258,0.875971864149624,0.032,0.413064370632614,0.401,-28755.2678131639,59589.7699653014,118,4.75,TRUE,"",0.4,4,215,820215,920215
"DGMM",NA,0.614262769505251,0.108,0.247139407446466,0.451,-32269.4767771329,66625.0956485185,10,1.27000000000001,TRUE,"",0.4,4,216,820216,920216
"RDMM",3.57223086281498,0.902401549091591,0.025,0.730814252967493,0.111,-28727.5559327845,59534.3462045427,102,4.08999999999999,TRUE,"",0.4,4,216,820216,920216
"DGMM",NA,-0.000606467477550509,0.497,0.000569288284678504,0.726,-29749.7248075632,61585.5917093789,28,3.45,TRUE,"",0.4,4,217,820217,920217
"RDMM",3.9129466715173,0.948624580735441,0.013,0.762943841553768,0.097,-28209.1699240445,58497.5741870627,160,6.42,TRUE,"",0.4,4,217,820217,920217
"DGMM",NA,0.849933852735899,0.039,0.370129676052577,0.452,-31124.0444093901,64334.2309130329,12,1.47,TRUE,"",0.4,4,218,820218,920218
"RDMM",3.96609711820248,0.910025946185403,0.023,0.759892935328063,0.098,-28345.3117064033,58769.8577517803,100,3.99000000000001,TRUE,"",0.4,4,218,820218,920218
"DGMM",NA,0.857333466601468,0.037,0.381079717918425,0.433,-31051.9636987543,64190.0694917612,14,1.80000000000001,TRUE,"",0.4,4,219,820219,920219
"RDMM",3.94188083375071,0.944728640397431,0.014,0.719061918433288,0.118,-28279.0969755561,58637.4282900858,202,8.23999999999999,TRUE,"",0.4,4,219,820219,920219
"DGMM",NA,0.820656743448642,0.047,0.351859511143236,0.495,-31100.6676707212,64287.4774356949,22,2.66,TRUE,"",0.4,4,220,820220,920220
"RDMM",3.75534270016787,0.929225138668366,0.018,0.740370140080266,0.107,-28359.0721979891,58797.3787349519,233,9.26000000000001,TRUE,"",0.4,4,220,820220,920220
"DGMM",NA,0.63008117898576,0.103,0.287619782600818,0.521,-30305.540527783,62697.2231498186,20,2.45,TRUE,"",0.4,4,221,820221,920221
"RDMM",4.27681327543799,0.933089025491814,0.017,0.713459685187328,0.12,-27937.2944306492,57953.823200272,187,7.48999999999999,TRUE,"",0.4,4,221,820221,920221
"DGMM",NA,0.864764866738999,0.035,0.333110787688866,0.513,-31209.0642554791,64504.2706052109,27,3.20999999999999,TRUE,"",0.4,4,222,820222,920222
"RDMM",4.06100082166328,0.948624587812274,0.013,0.720395564916602,0.117,-28185.5580668268,58450.3504726272,192,7.60999999999999,TRUE,"",0.4,4,222,820222,920222
"DGMM",NA,0.879723742223592,0.031,0.321151489044426,0.492,-31500.173045204,65086.4881846606,18,2.16999999999999,TRUE,"",0.4,4,223,820223,920223
"RDMM",3.61213900071953,0.921521445381987,0.02,0.725720427799149,0.115,-28493.6535116934,59066.5413623604,100,4.11000000000001,TRUE,"",0.4,4,223,820223,920223
"DGMM",NA,0.000653086819187088,0.482,-0.000511920444063099,0.721,-30009.6616111176,62105.4653164877,31,3.71000000000001,TRUE,"",0.4,4,224,820224,920224
"RDMM",3.64425607620319,0.925369302067204,0.019,0.546310473823579,0.245,-28597.7945607421,59274.8234604578,232,9.22999999999999,TRUE,"",0.4,4,224,820224,920224
"DGMM",NA,0.802618773359016,0.052,0.351521324961318,0.445,-31932.1913259815,65950.5247462156,14,1.81,TRUE,"",0.4,4,225,820225,920225
"RDMM",3.6993248315951,0.898602557248121,0.026,0.684871564038499,0.133,-28756.490650868,59592.2156407096,193,7.85999999999999,TRUE,"",0.4,4,225,820225,920225
"DGMM",NA,0.90621033193141,0.024,0.407299437939055,0.402,-30737.2791750634,63560.7004443794,26,3.22,TRUE,"",0.4,4,226,820226,920226
"RDMM",4.10918645068094,0.925369358450274,0.019,0.72336742068226,0.116,-28202.5801888716,58484.3947167168,138,5.59999999999999,TRUE,"",0.4,4,226,820226,920226
"DGMM",NA,0.849933937412817,0.039,0.356401257654239,0.512,-31266.5595096995,64619.2611136516,13,1.62,TRUE,"",0.4,4,227,820227,920227
"RDMM",4.05223022508014,0.917681603440021,0.021,0.731585494345711,0.111,-28487.8863183628,59055.0069756993,300,11.91,TRUE,"",0.4,4,227,820227,920227
"DGMM",NA,0.760144458526669,0.064,0.458987173567921,0.264,-30911.5953404831,63909.3327752189,19,2.30000000000001,TRUE,"",0.4,4,228,820228,920228
"RDMM",3.89495407904994,0.952528524172193,0.012,0.74683477804327,0.104,-28278.4148963076,58636.0641315888,112,4.5,TRUE,"",0.4,4,228,820228,920228
"DGMM",NA,0.846246247044902,0.04,0.320641711243035,0.475,-31582.9767572149,65252.0956086823,10,1.25999999999999,TRUE,"",0.4,4,229,820229,920229
"RDMM",3.88282986769567,0.921521521929169,0.02,0.542052947654056,0.235,-28581.6533930772,59242.5411251281,150,6,TRUE,"",0.4,4,229,820229,920229
"DGMM",NA,0.849934190519145,0.039,0.390565797420599,0.438,-30801.0923130688,63688.3267203902,16,1.97,TRUE,"",0.4,4,230,820230,920230
"RDMM",4.09141580405359,0.917681648226481,0.021,0.739275431487928,0.107,-28300.0953881861,58679.4251153459,192,7.69999999999999,TRUE,"",0.4,4,230,820230,920230
"DGMM",NA,0.887251145929918,0.029,0.394324954240102,0.384,-32024.4791908687,66135.10047599,21,2.53,TRUE,"",0.4,4,231,820231,920231
"RDMM",3.9101119410994,0.93696090562204,0.016,0.657767474647991,0.148,-28835.756425599,59750.7471901717,192,7.84,TRUE,"",0.4,4,231,820231,920231
"DGMM",NA,0.760144314782787,0.064,0.362608486036992,0.432,-30580.2147268828,63246.5715480182,19,2.31,TRUE,"",0.4,4,232,820232,920232
"RDMM",3.93753702935119,0.92922522451606,0.018,0.743164243046643,0.106,-28225.7675149307,58530.7693688349,172,6.85999999999999,TRUE,"",0.4,4,232,820232,920232
"DGMM",NA,0.902402321705046,0.025,0.410435580737797,0.437,-31205.0407442383,64496.2235827291,15,1.85999999999999,TRUE,"",0.4,4,233,820233,920233
"RDMM",4.15212919521799,0.90240230963814,0.025,0.725524418562019,0.114,-28473.9095291106,59027.0533971949,123,4.94,TRUE,"",0.4,4,233,820233,920233
"DGMM",NA,0.925369369950859,0.019,0.431556207224849,0.489,-30492.9189109814,63071.9799162154,22,2.68000000000001,TRUE,"",0.4,4,234,820234,920234
"RDMM",4.01525531085965,0.921521504298419,0.02,0.755309733645442,0.1,-27922.0755949411,57923.3855288559,137,5.47,TRUE,"",0.4,4,234,820234,920234
"DGMM",NA,0.806211153910459,0.051,0.353534954047039,0.471,-30723.4638165946,63533.0697274418,21,2.53,TRUE,"",0.4,4,235,820235,920235
"RDMM",3.8299119107782,0.929225167782784,0.018,0.739983808774653,0.107,-28049.1669727631,58177.5682844998,133,5.33000000000001,TRUE,"",0.4,4,235,820235,920235
"DGMM",NA,-0.000752816540135752,0.492,0.000661641032132404,0.721,-29809.9328694998,61706.0078332523,31,3.78,TRUE,"",0.4,4,236,820236,920236
"RDMM",3.76356370721484,0.910026027142495,0.023,0.724319331681818,0.114,-28594.9450317219,59269.1244024174,204,8.63999999999999,TRUE,"",0.4,4,236,820236,920236
"DGMM",NA,0.809810945436283,0.05,0.35271318037788,0.487,-31352.4175081331,64790.9771105188,16,2.02999999999997,TRUE,"",0.4,4,237,820237,920237
"RDMM",3.68884728265843,0.940840782744888,0.015,0.751760070527489,0.102,-28482.5448973002,59044.3241335741,110,4.63,TRUE,"",0.4,4,237,820237,920237
"DGMM",NA,0.913849851888447,0.022,0.418875771834472,0.467,-31038.3842929185,64162.9106800897,22,2.64000000000004,TRUE,"",0.4,4,238,820238,920238
"RDMM",4.16585024160784,0.952528488462993,0.012,0.769631814610839,0.094,-28054.7554222513,58188.7451834762,100,3.98999999999995,TRUE,"",0.4,4,238,820238,920238
"DGMM",NA,0.921521453297154,0.02,0.653970555127805,0.15,-30822.8462589697,63731.8346121921,16,2.13,TRUE,"",0.4,4,239,820239,920239
"RDMM",4.22097862310961,0.944728701180389,0.014,0.753604857139099,0.102,-28344.0551644407,58767.344667855,131,5.44,TRUE,"",0.4,4,239,820239,920239
"DGMM",NA,0.53831189097768,0.133,0.267719772200696,0.466,-31822.4157021987,65730.9734986501,11,1.44,TRUE,"",0.4,4,240,820240,920240
"RDMM",3.86370675206998,0.940840790905302,0.015,0.714055313568088,0.12,-28148.4132201385,58376.0607792506,164,6.5,TRUE,"",0.4,4,240,820240,920240
"DGMM",NA,0.623738485309257,0.105,0.221085788605216,0.507,-31758.1794414035,65602.5009770596,11,1.39999999999998,TRUE,"",0.4,4,241,820241,920241
"RDMM",3.75388948887736,0.925369315735835,0.019,0.750840432812539,0.103,-28301.4675192187,58682.169377411,140,5.58000000000004,TRUE,"",0.4,4,241,820241,920241
"DGMM",NA,0.432395324559646,0.171,0.185810460139703,0.544,-31330.5640832496,64747.2702607518,19,2.27999999999997,TRUE,"",0.4,4,242,820242,920242
"RDMM",3.91076894055731,0.952528528775114,0.012,0.760111785964066,0.098,-28422.7679423495,58924.7702236726,206,8.56999999999999,TRUE,"",0.4,4,242,820242,920242
"DGMM",NA,0.875972003587895,0.032,0.39338228783799,0.446,-30478.9221201496,63043.9863345518,23,2.77000000000004,TRUE,"",0.4,4,243,820243,920243
"RDMM",3.87598603476308,0.964288271885242,0.009,0.774525720536519,0.092,-27835.4077686061,57750.0498761859,134,5.35999999999996,TRUE,"",0.4,4,243,820243,920243
"DGMM",NA,0.665529363811145,0.092,0.287778567062789,0.502,-31639.0895000372,65364.321094327,14,1.76999999999998,TRUE,"",0.4,4,244,820244,920244
"RDMM",3.63295634769961,0.925369346217438,0.019,0.73921490567855,0.108,-28443.5255114362,58966.285361846,182,7.23000000000002,TRUE,"",0.4,4,244,820244,920244
"DGMM",NA,0.813417987707197,0.049,0.326024604264893,0.457,-31662.3769190763,65410.8959324052,21,2.56,TRUE,"",0.4,4,245,820245,920245
"RDMM",4.01340627045335,0.917681656144874,0.021,0.762106799997949,0.097,-28724.2591855403,59527.7527100541,164,6.49000000000001,TRUE,"",0.4,4,245,820245,920245
"DGMM",NA,0.73590082078053,0.071,0.265186226695359,0.486,-31139.6265745134,64365.3952432795,16,1.81,TRUE,"",0.4,4,246,820246,920246
"RDMM",3.94140807906742,0.925369370295446,0.019,0.742505034440645,0.106,-28195.5993358094,58470.4330105925,114,4.36000000000001,TRUE,"",0.4,4,246,820246,920246
"DGMM",NA,0.749707969852164,0.067,0.3437876262376,0.486,-31669.91046205,65425.9630183527,18,1.92000000000002,TRUE,"",0.4,4,247,820247,920247
"RDMM",3.76493434256619,0.910025991415458,0.023,0.705686841783093,0.123,-28836.7424885041,59752.7193159818,151,4.22999999999996,TRUE,"",0.4,4,247,820247,920247
"DGMM",NA,0.642846608798266,0.099,0.26248927860378,0.493,-31488.7672873273,65063.6766689073,8,0.629999999999995,TRUE,"",0.4,4,248,820248,920248
"RDMM",4.02259975806785,0.917681600842785,0.021,0.564411818191427,0.21,-28419.8931804303,58919.0206998343,124,3.06,TRUE,"",0.4,4,248,820248,920248
"DGMM",NA,0.917681648226481,0.021,0.354088282460878,0.467,-30939.0667371425,63964.2755685375,17,1.70999999999998,TRUE,"",0.4,4,249,820249,920249
"RDMM",3.8106215045039,0.929225209692798,0.018,0.74111904688174,0.107,-28331.0183380147,58741.2710150031,120,2.78000000000003,TRUE,"",0.4,4,249,820249,920249
"DGMM",NA,0.898602618388879,0.026,0.423901606572658,0.395,-30649.3564201967,63384.854934646,15,1.03999999999996,TRUE,"",0.4,4,250,820250,920250
"RDMM",4.11983946375983,0.91768168713745,0.021,0.79816546317458,0.082,-28371.5696842011,58822.3737073759,102,2.33000000000004,TRUE,"",0.4,4,250,820250,920250
"DGMM",NA,0.84624644848342,0.04,0.389835282976474,0.508,-31254.3403599037,64594.8228140601,19,1.25,TRUE,"",0.4,4,251,820251,920251
"RDMM",3.78542486776588,0.891027054805273,0.028,0.755504317630108,0.099,-28245.0593589855,58569.3530569447,238,8.73,TRUE,"",0.4,4,251,820251,920251
"DGMM",NA,0.887251253084151,0.029,0.405106509172726,0.48,-30850.7613346089,63787.6647634704,27,3.32,TRUE,"",0.4,4,252,820252,920252
"RDMM",4.02575009581782,0.917681682323071,0.021,0.780179971600345,0.089,-28064.100526208,58207.4353913896,219,8.77,TRUE,"",0.4,4,252,820252,920252
"DGMM",NA,0.788332115489619,0.056,0.379863663370502,0.512,-30511.1695402774,63108.4811748075,21,2.5,TRUE,"",0.4,4,253,820253,920253
"RDMM",4.23764706709892,0.925368941727552,0.019,0.746191004784106,0.105,-27916.3643285408,57911.9629960552,211,8.56,TRUE,"",0.4,4,253,820253,920253
"DGMM",NA,0.883483700357693,0.03,0.595111402695866,0.183,-30128.5277850203,62343.1976642933,17,2.14,TRUE,"",0.4,4,254,820254,920254
"RDMM",4.28764355753723,0.936960932763956,0.016,0.725392011643759,0.114,-27974.7931344092,58028.8206077921,154,6.36,TRUE,"",0.4,4,254,820254,920254
"DGMM",NA,0.799034673906747,0.053,0.334079175587177,0.448,-31367.6613879367,64821.464870126,13,1.6,TRUE,"",0.4,4,255,820255,920255
"RDMM",3.66459171914873,0.936960729076731,0.016,0.745012685373493,0.104,-28344.0041953238,58767.2427296212,213,8.43,TRUE,"",0.4,4,255,820255,920255
"DGMM",NA,-0.0022780391879986,0.495,-0.00165902367075337,0.725,-29978.0969192871,62042.3359328268,28,3.44,TRUE,"",0.4,4,256,820256,920256
"RDMM",4.22008654091065,0.944728003857717,0.014,0.746074422906755,0.106,-28545.767331712,59170.7690023977,189,7.56000000000001,TRUE,"",0.4,4,256,820256,920256
"DGMM",NA,0.891027020213493,0.028,0.420049391050624,0.485,-30755.7140569857,63597.5702082241,28,3.3,TRUE,"",0.4,4,257,820257,920257
"RDMM",4.26757594764544,0.944728727484628,0.014,0.76605253371473,0.095,-28063.412386194,58206.0591113616,100,4.03,TRUE,"",0.4,4,257,820257,920257
"DGMM",NA,0.857333336091743,0.037,0.35256174309521,0.425,-31760.3917022251,65606.9254987029,12,1.45999999999999,TRUE,"",0.4,4,258,820258,920258
"RDMM",3.71522496477361,0.944728727931228,0.014,0.726162663880174,0.114,-28603.6901989016,59286.6147367768,215,8.58999999999999,TRUE,"",0.4,4,258,820258,920258
"DGMM",NA,0.478359270321817,0.154,0.230656763859592,0.475,-32534.9854701099,67156.1130344724,11,1.33999999999999,TRUE,"",0.4,4,259,820259,920259
"RDMM",3.68181658765544,0.906210119978046,0.024,0.641777088294209,0.159,-28983.4450687102,60046.124476394,100,4.08,TRUE,"",0.4,4,259,820259,920259
"DGMM",NA,0.00028856913965589,0.485,-0.000375219196555618,0.736,-29793.609253595,61673.3606014427,24,2.88,TRUE,"",0.4,4,260,820260,920260
"RDMM",4.25907285744914,0.906210129765272,0.024,0.527526777847295,0.254,-28622.1627812617,59323.559901497,175,7.14,TRUE,"",0.4,4,260,820260,920260
"DGMM",NA,-0.000266507614353831,0.489,0.00212290912109666,0.723,-29915.5086059292,61917.1593061109,18,2.36999999999999,TRUE,"",0.4,4,261,820261,920261
"RDMM",3.78882488354296,0.960360349784925,0.01,0.77460154179378,0.092,-28181.9878453291,58443.2100296319,100,4.05,TRUE,"",0.4,4,261,820261,920261
"DGMM",NA,0.363964669253938,0.198,0.162368458186236,0.545,-30762.5873256565,63611.3167455656,21,2.52,TRUE,"",0.4,4,262,820262,920262
"RDMM",3.7523136492321,0.917681077987316,0.021,0.710528345833804,0.12,-28513.5072807131,59106.2489003999,108,4.42,TRUE,"",0.4,4,262,820262,920262
"DGMM",NA,0.636440112581151,0.101,0.271675335741842,0.49,-32308.785681783,66703.7134578187,9,1.15000000000001,TRUE,"",0.4,4,263,820263,920263
"RDMM",3.86471375008425,0.929225199695263,0.018,0.750388576377399,0.102,-28554.9376965427,59189.109732059,107,4.29000000000001,TRUE,"",0.4,4,263,820263,920263
"DGMM",NA,0.633260052435965,0.102,0.280376676292077,0.513,-30695.5783868519,63477.2988679565,39,4.70999999999999,TRUE,"",0.4,4,264,820264,920264
"RDMM",3.96652351668727,0.917681624914723,0.021,0.744867409663267,0.105,-28029.4265445285,58138.0874280306,100,3.95999999999999,TRUE,"",0.4,4,264,820264,920264
"DGMM",NA,0.00573128044149035,0.46,0.00162274557311653,0.716,-30042.5967795972,62171.3356534471,32,3.92,TRUE,"",0.4,4,265,820265,920265
"RDMM",3.79755859096669,0.940840787354327,0.015,0.721957852781758,0.117,-28717.1424469092,59513.519232792,164,6.44,TRUE,"",0.4,4,265,820265,920265
"DGMM",NA,0.675365916310711,0.089,0.328799642866759,0.517,-30933.17941416,63952.5009225727,23,2.83000000000001,TRUE,"",0.4,4,266,820266,920266
"RDMM",4.11042046747536,0.933089050310277,0.017,0.740719903909441,0.107,-28353.7674891428,58786.7693172593,105,4.32999999999998,TRUE,"",0.4,4,266,820266,920266
"DGMM",NA,0.879724125061982,0.031,0.383813429078108,0.441,-30951.4349961469,63989.0120865465,16,1.91999999999999,TRUE,"",0.4,4,267,820267,920267
"RDMM",3.88111738136082,0.960360353977351,0.01,0.538082030985749,0.26,-28195.1386014724,58469.5115419184,108,4.34,TRUE,"",0.4,4,267,820267,920267
"DGMM",NA,-0.000134668504689475,0.48,0.00160232680763485,0.72,-29936.6950387233,61959.5321716992,33,3.97,TRUE,"",0.4,4,268,820268,920268
"RDMM",3.52286861753198,0.917680865834222,0.021,0.7317883224088,0.11,-28515.7058736007,59110.646086175,139,5.59,TRUE,"",0.4,4,268,820268,920268
"DGMM",NA,0.92152147434009,0.02,0.389251133071659,0.455,-30537.3035987491,63160.7492917508,13,1.71000000000001,TRUE,"",0.4,4,269,820269,920269
"RDMM",4.02248554704632,0.936960932763956,0.016,0.733388391870174,0.111,-27980.7451639036,58040.7246667808,112,4.51999999999998,TRUE,"",0.4,4,269,820269,920269
"DGMM",NA,0.742785456282749,0.069,0.333364806636924,0.456,-31424.7000814748,64935.5422572021,28,3.48999999999998,TRUE,"",0.4,4,270,820270,920270
"RDMM",4.03500876733077,0.960360353306258,0.01,0.783831507369843,0.088,-28417.5743183351,58914.3829756438,251,10.06,TRUE,"",0.4,4,270,820270,920270
"DGMM",NA,0.813417309233965,0.049,0.287305722863882,0.5,-31185.0784852606,64456.2990647738,13,1.66,TRUE,"",0.4,4,271,820271,920271
"RDMM",4.08155262639692,0.96036034650572,0.01,0.719955716271968,0.118,-28284.8539916481,58648.9423222699,116,4.65000000000001,TRUE,"",0.4,4,271,820271,920271
"DGMM",NA,0.929225186681783,0.018,0.438333546621741,0.393,-30800.036221045,63686.2145363426,31,3.75999999999999,TRUE,"",0.4,4,272,820272,920272
"RDMM",4.04946771898632,0.917681633952254,0.021,0.730733994104407,0.111,-28477.0744768619,59033.3832926974,194,7.72999999999999,TRUE,"",0.4,4,272,820272,920272
"DGMM",NA,0.902402398255975,0.025,0.517692197987902,0.244,-31112.3683633496,64310.8788209518,16,1.94,TRUE,"",0.4,4,273,820273,920273
"RDMM",3.76380394374175,0.913849822618825,0.022,0.58010196146572,0.209,-27979.8490828489,58038.9325046715,101,4.13999999999999,TRUE,"",0.4,4,273,820273,920273
"DGMM",NA,0.864764768003903,0.035,0.360945827874765,0.437,-30553.303427787,63192.7489498266,12,1.5,TRUE,"",0.4,4,274,820274,920274
"RDMM",3.92848915176268,0.898602534195348,0.026,0.612257293858606,0.173,-27927.8113919969,57934.8571229673,223,8.95999999999998,TRUE,"",0.4,4,274,820274,920274
"DGMM",NA,0.722227470775106,0.075,0.291410217895057,0.484,-31333.8734909328,64753.8890761182,14,1.72,TRUE,"",0.4,4,275,820275,920275
"RDMM",3.78275760787505,0.940840784611426,0.015,0.757478499622455,0.1,-28159.6799172217,58398.594173417,132,5.38,TRUE,"",0.4,4,275,820275,920275
"DGMM",NA,0.598670850910886,0.113,0.25880728135931,0.475,-31244.0164600232,64574.1750142991,12,1.68000000000001,TRUE,"",0.4,4,276,820276,920276
"RDMM",3.98254197179,0.933089066941727,0.017,0.737503470553764,0.109,-28430.0789001033,58939.3921391802,170,6.73999999999998,TRUE,"",0.4,4,276,820276,920276
"DGMM",NA,0.383742326850217,0.19,0.164971841513881,0.568,-30811.5740632253,63709.2902207032,37,4.5,TRUE,"",0.4,4,277,820277,920277
"RDMM",4.21591800405664,0.933089028748594,0.017,0.713822792725644,0.12,-28389.1948901956,58857.6241193649,209,8.31999999999999,TRUE,"",0.4,4,277,820277,920277
"DGMM",NA,0.000624938553334313,0.482,0.000365654987439043,0.72,-29986.110915992,62058.3639262367,31,3.74000000000001,TRUE,"",0.4,4,278,820278,920278
"RDMM",3.80151498457893,0.921521492981166,0.02,0.714566853221241,0.12,-28498.7350359475,59076.7044108687,200,7.90000000000001,TRUE,"",0.4,4,278,820278,920278
"DGMM",NA,0.824288314697834,0.046,0.334925140164886,0.481,-30661.3518186025,63408.8457314576,14,1.76000000000002,TRUE,"",0.4,4,279,820279,920279
"RDMM",4.07183242272423,0.921521389885187,0.02,0.751288275714071,0.103,-27894.9632933067,57869.160925587,119,4.75999999999999,TRUE,"",0.4,4,279,820279,920279
"DGMM",NA,0.864764923872602,0.035,0.416420690798562,0.494,-30528.2785604494,63142.6992151513,20,2.96999999999997,TRUE,"",0.4,4,280,820280,920280
"RDMM",4.12993538636692,0.940839611172881,0.015,0.758145422342163,0.098,-27970.9352669281,58021.1048728299,183,7.43000000000001,TRUE,"",0.4,4,280,820280,920280
"DGMM",NA,0.879723862547797,0.031,0.36835377687792,0.463,-31169.9736007259,64426.0892957044,20,2.52000000000004,TRUE,"",0.4,4,281,820281,920281
"RDMM",4.22369595265973,0.952528506791744,0.012,0.764352897275828,0.097,-28085.5517348764,58250.3378087265,176,7.02999999999997,TRUE,"",0.4,4,281,820281,920281
"DGMM",NA,0.526609188325492,0.137,0.330925492185173,0.351,-31848.1072409233,65782.3565760991,6,0.78000000000003,TRUE,"",0.4,4,282,820282,920282
"RDMM",3.9820476867107,0.898602515632503,0.026,0.714407379054638,0.118,-28492.3809823943,59063.9963037623,254,10.35,TRUE,"",0.4,4,282,820282,920282
"DGMM",NA,0.861044986010108,0.036,0.391283634382495,0.446,-31209.5096337721,64505.1613617968,14,1.73000000000002,TRUE,"",0.4,4,283,820283,920283
"RDMM",4.14490339555003,0.929225155443284,0.018,0.711709664905538,0.121,-28415.0361033564,58909.3065456864,260,10.4299999999999,TRUE,"",0.4,4,283,820283,920283
"DGMM",NA,0.342614504861293,0.207,0.126369911338701,0.576,-31253.6548880743,64593.4518704012,35,4.41999999999996,TRUE,"",0.4,4,284,820284,920284
"RDMM",3.84602572669457,0.936960883864831,0.016,0.771496553060055,0.093,-28100.009451867,58279.2532427077,118,4.88,TRUE,"",0.4,4,284,820284,920284
"DGMM",NA,0.489527109392883,0.15,0.196257430629439,0.542,-31365.6575314973,64817.4571572472,35,4.23999999999995,TRUE,"",0.4,4,285,820285,920285
"RDMM",3.88644731851361,0.933089055369225,0.017,0.574403805850499,0.214,-28437.9124546379,58955.0592482495,129,5.14999999999998,TRUE,"",0.4,4,285,820285,920285
"DGMM",NA,0.809810594398636,0.05,0.359308471430074,0.374,-30849.3776597462,63784.8974137451,20,2.54000000000002,TRUE,"",0.4,4,286,820286,920286
"RDMM",4.03991435985296,0.91384976490822,0.022,0.720417444391227,0.116,-28103.0770942972,58285.3885275679,104,4.13,TRUE,"",0.4,4,286,820286,920286
"DGMM",NA,0.770654778749139,0.061,0.36442676652965,0.508,-30907.8020164417,63901.746127136,26,3.24000000000001,TRUE,"",0.4,4,287,820287,920287
"RDMM",4.04201833075096,0.921521525012945,0.02,0.690486789484973,0.131,-28629.2304392468,59337.6952174672,128,5.15999999999997,TRUE,"",0.4,4,287,820287,920287
"DGMM",NA,0.910025958180978,0.023,0.425549487406268,0.44,-30748.3409614016,63582.8240170559,21,2.51999999999998,TRUE,"",0.4,4,288,820288,920288
"RDMM",4.09452570112346,0.948624589196012,0.013,0.782560322645177,0.088,-28356.8108429189,58792.8560248115,113,4.31,TRUE,"",0.4,4,288,820288,920288
"DGMM",NA,0.875971981975729,0.032,0.354271189438717,0.471,-30674.8995238718,63435.9411419963,19,2.24000000000001,TRUE,"",0.4,4,289,820289,920289
"RDMM",4.18090637267595,0.956440440277027,0.011,0.741186682820267,0.107,-27816.3847022456,57712.0037434648,254,7.12,TRUE,"",0.4,4,289,820289,920289
"DGMM",NA,0.913849853682578,0.022,0.382219666406218,0.466,-31373.4990720741,64833.1402384009,14,1.06,TRUE,"",0.4,4,290,820290,920290
"RDMM",3.9171266539232,0.936960918892839,0.016,0.739337053427157,0.107,-28639.3294887597,59357.893316493,300,6.96999999999997,TRUE,"",0.4,4,290,820290,920290
"DGMM",NA,0.894810800439461,0.027,0.401543020251431,0.398,-29689.7448389195,61465.6317720916,15,1.01000000000005,TRUE,"",0.4,4,291,820291,920291
"RDMM",3.97460679751185,0.936960957701631,0.016,0.771401161186048,0.093,-27347.4597561704,56774.1538513144,127,2.90999999999997,TRUE,"",0.4,4,291,820291,920291
"DGMM",NA,0.875972170185644,0.032,0.377663945794578,0.481,-30924.8619635354,63935.8660213233,12,0.810000000000002,TRUE,"",0.4,4,292,820292,920292
"RDMM",4.04423160688085,0.917681412384363,0.021,0.720597608465596,0.117,-28258.011673064,58595.2576851016,152,3.40999999999997,TRUE,"",0.4,4,292,820292,920292
"DGMM",NA,0.315281929079567,0.219,0.129245314727277,0.56,-30702.0845597173,63490.3112136872,30,1.71,TRUE,"",0.4,4,293,820293,920293
"RDMM",3.89391009586011,0.921521446019881,0.02,0.716594394057635,0.12,-28356.7598498176,58792.7540386088,229,9.01,TRUE,"",0.4,4,293,820293,920293
"DGMM",NA,0.902402372125654,0.025,0.425486126694649,0.477,-30338.9960544348,62764.1342031221,17,2.13,TRUE,"",0.4,4,294,820294,920294
"RDMM",4.40705013054992,0.944728700284529,0.014,0.717400833229535,0.118,-28254.9030423242,58589.0404236221,107,4.31,TRUE,"",0.4,4,294,820294,920294
"DGMM",NA,0.898602570552106,0.026,0.373608125193341,0.415,-31339.6153432055,64765.3727806635,17,2.12,TRUE,"",0.4,4,295,820295,920295
"RDMM",3.96660409615889,0.921521514319752,0.02,0.731017448319436,0.112,-28895.1415065536,59869.5173520809,102,4.19,TRUE,"",0.4,4,295,820295,920295
"DGMM",NA,0.497950158510481,0.147,0.213759884774837,0.525,-31474.194920037,65034.5319343267,30,3.53,TRUE,"",0.4,4,296,820296,920296
"RDMM",3.60274863072231,0.913849826865904,0.022,0.733043321209093,0.111,-28556.3035883459,59191.8415156654,249,10.26,TRUE,"",0.4,4,296,820296,920296
"DGMM",NA,0.857333402293552,0.037,0.397277034109952,0.45,-30870.2502401113,63826.6425744752,17,2.15,TRUE,"",0.4,4,297,820297,920297
"RDMM",4.1953565933929,0.93696092012987,0.016,0.745956003423768,0.105,-28481.2699564344,59041.7742518425,185,7.36,TRUE,"",0.4,4,297,820297,920297
"DGMM",NA,0.842566739797245,0.041,0.388453208569451,0.445,-31394.6854663088,64875.5130268702,20,2.41,TRUE,"",0.4,4,298,820298,920298
"RDMM",3.80923296075222,0.929225229759345,0.018,0.753554596340463,0.101,-28371.2532686001,58821.7408761739,111,4.42,TRUE,"",0.4,4,298,820298,920298
"DGMM",NA,0.906210313811058,0.024,0.42875931025983,0.448,-31360.1481266836,64806.4383476199,21,2.48,TRUE,"",0.4,4,299,820299,920299
"RDMM",3.74670424031268,0.933088827612826,0.017,0.717736593570303,0.119,-28535.2201296477,59149.6745982691,162,6.5,TRUE,"",0.4,4,299,820299,920299
"DGMM",NA,0.691921457575323,0.084,0.279716582404076,0.477,-31228.7647418397,64543.671577932,12,1.48,TRUE,"",0.4,4,300,820300,920300
"RDMM",3.94593593026228,0.936960932095919,0.016,0.735920105758655,0.109,-28439.3351017721,58957.9045425178,103,4.2,TRUE,"",0.4,4,300,820300,920300
"DGMM",NA,0.403899650699144,0.182,0.206206875584595,0.531,-32223.7721412989,66533.6863768505,14,1.67,TRUE,"",0.4,4,301,820301,920301
"RDMM",3.8575696282025,0.952528519977202,0.012,0.752655996561702,0.102,-28842.559753565,59764.3538461035,134,5.36,TRUE,"",0.4,4,301,820301,920301
"DGMM",NA,0.639643424844421,0.1,0.276464707887498,0.491,-32013.7143001686,66113.5706945897,12,1.5,TRUE,"",0.4,4,302,820302,920302
"RDMM",3.67902426121204,0.929225206343267,0.018,0.739726322523669,0.107,-28721.098876542,59521.4320920576,186,7.43000000000001,TRUE,"",0.4,4,302,820302,920302
"DGMM",NA,0.887251327267731,0.029,0.407815600886171,0.433,-31020.7586520367,64127.6593983259,22,2.64999999999999,TRUE,"",0.4,4,303,820303,920303
"RDMM",3.72876309826208,0.917681682703154,0.021,0.73528835537408,0.109,-28293.4998348584,58666.2340086903,106,4.41,TRUE,"",0.4,4,303,820303,920303
"DGMM",NA,0.910025941979161,0.023,0.366918147104446,0.408,-31086.7662575127,64259.6746092781,13,1.65000000000001,TRUE,"",0.4,4,304,820304,920304
"RDMM",3.98019424496808,0.925369296079998,0.019,0.72937285391842,0.112,-28344.9470560273,58769.1284510283,293,11.8,TRUE,"",0.4,4,304,820304,920304
"DGMM",NA,0.66551986936561,0.092,0.49612307946397,0.239,-31585.6144217293,65257.3709377112,6,0.849999999999994,TRUE,"",0.4,4,305,820305,920305
"RDMM",4.12724293404934,0.936955866377461,0.016,0.774218228045384,0.092,-28552.1753981682,59183.58513531,218,8.75,TRUE,"",0.4,4,305,820305,920305
"DGMM",NA,0.944728677262428,0.014,0.365568878048319,0.444,-30920.0760482229,63926.2941906984,12,1.45,TRUE,"",0.4,4,306,820306,920306
"RDMM",3.97074387980829,0.933089025491814,0.017,0.580221242992433,0.202,-28041.3504544676,58161.9352479087,115,4.72,TRUE,"",0.4,4,306,820306,920306
"DGMM",NA,0.467158474117656,0.158,0.201808385003431,0.563,-30387.6758740949,62861.4938424425,27,3.22,TRUE,"",0.4,4,307,820307,920307
"RDMM",3.85624388802449,0.933087271675771,0.017,0.767223166307364,0.095,-27941.4522030971,57962.1387451679,101,4.05999999999999,TRUE,"",0.4,4,307,820307,920307
"DGMM",NA,0.91002477667929,0.023,0.417508724706699,0.469,-31008.0643482814,64102.2707908155,21,2.53,TRUE,"",0.4,4,308,820308,920308
"RDMM",3.95594624623482,0.940840636027771,0.015,0.723482060158359,0.115,-28446.8040207055,58972.8423803846,106,4.36000000000001,TRUE,"",0.4,4,308,820308,920308
"DGMM",NA,0.902402021007877,0.025,0.389665856007929,0.384,-31371.5782634074,64829.2986210675,18,2.16999999999999,TRUE,"",0.4,4,309,820309,920309
"RDMM",3.89043915830542,0.933088777730968,0.017,0.701050435493542,0.126,-28269.9615866176,58619.1575122088,112,4.53999999999999,TRUE,"",0.4,4,309,820309,920309
"DGMM",NA,0.887251240134551,0.029,0.308718990518391,0.479,-31266.9886778128,64620.1194498783,13,1.63999999999999,TRUE,"",0.4,4,310,820310,920310
"RDMM",3.83272948423355,0.929225173307474,0.018,0.702808007888382,0.125,-28358.232575849,58795.6994906717,300,11.92,TRUE,"",0.4,4,310,820310,920310
"DGMM",NA,0.753181227240662,0.066,0.304447945173162,0.52,-31035.2200309747,64156.5821562019,19,2.34,TRUE,"",0.4,4,311,820311,920311
"RDMM",3.77411949747427,0.936960901838179,0.016,0.740863469883698,0.107,-28186.9136675807,58453.061674135,219,8.94,TRUE,"",0.4,4,311,820311,920311
"DGMM",NA,0.559077483593584,0.126,0.241717863795527,0.527,-30800.9730646686,63688.0882235897,15,1.94,TRUE,"",0.4,4,312,820312,920312
"RDMM",4.06014879000705,0.913849810402425,0.022,0.71328108875839,0.119,-28071.562782644,58222.3599042617,263,10.5,TRUE,"",0.4,4,312,820312,920312
"DGMM",NA,0.872228332235798,0.033,0.352657028977319,0.483,-31603.48591795,65293.1139301527,17,2.16,TRUE,"",0.4,4,313,820313,920313
"RDMM",3.75585463196758,0.913849860683694,0.022,0.716191361881521,0.118,-28704.9786356677,59489.191610309,100,3.94,TRUE,"",0.4,4,313,820313,920313
"DGMM",NA,0.89860260418757,0.026,0.360697292725546,0.425,-31550.2031618402,65186.5484179329,27,3.30000000000001,TRUE,"",0.4,4,314,820314,920314
"RDMM",3.95840409068191,0.910026031435277,0.023,0.517930781001008,0.268,-28437.6272923406,58954.4889236548,128,5.05000000000001,TRUE,"",0.4,4,314,820314,920314
"DGMM",NA,0.846246075607292,0.04,0.37247788298131,0.506,-30885.5532752956,63857.2486448439,16,2.01000000000002,TRUE,"",0.4,4,315,820315,920315
"RDMM",3.92199651556643,0.940840835292452,0.015,0.755315942145556,0.1,-28588.7363114345,59256.7069618427,100,4,TRUE,"",0.4,4,315,820315,920315
"DGMM",NA,0.565045118681697,0.124,0.256171352687853,0.526,-30595.7741108309,63277.6903159145,30,3.63999999999999,TRUE,"",0.4,4,316,820316,920316
"RDMM",3.99621688525817,0.917681678712286,0.021,0.737737380521675,0.108,-28200.8894162898,58481.0131715532,106,4.30000000000001,TRUE,"",0.4,4,316,820316,920316
"DGMM",NA,0.472821712102863,0.156,0.200098945448624,0.536,-32137.4499674673,66361.0420291871,12,1.53,TRUE,"",0.4,4,317,820317,920317
"RDMM",3.71417959632824,0.944728719828622,0.014,0.749717275829938,0.104,-28655.5314181341,59390.2971752419,131,5.29000000000002,TRUE,"",0.4,4,317,820317,920317
"DGMM",NA,0.544171440709269,0.131,0.267303113640427,0.447,-31719.9282657456,65525.9986257439,9,1.13000000000002,TRUE,"",0.4,4,318,820318,920318
"RDMM",3.99680596696122,0.933088991520868,0.017,0.753020245812524,0.102,-28442.2459540171,58963.7262470078,100,4.30999999999997,TRUE,"",0.4,4,318,820318,920318
"DGMM",NA,0.88725155465498,0.029,0.414591635037023,0.487,-30794.4556386042,63675.053371461,22,2.66,TRUE,"",0.4,4,319,820319,920319
"RDMM",4.09676093983113,0.952528516427593,0.012,0.75036319525758,0.103,-28259.8805674671,58598.9954739079,246,9.69999999999999,TRUE,"",0.4,4,319,820319,920319
"DGMM",NA,0.91768165020608,0.021,0.411340900203944,0.444,-31342.1993729365,64770.5408401256,17,2.15000000000001,TRUE,"",0.4,4,320,820320,920320
"RDMM",3.90932321690924,0.936960904339529,0.016,0.638872156238195,0.167,-28536.971925892,59153.1781907577,100,4,TRUE,"",0.4,4,320,820320,920320
"DGMM",NA,0.87597230132558,0.032,0.399446560901897,0.494,-30846.1136809499,63778.3694561524,23,2.84999999999999,TRUE,"",0.4,4,321,820321,920321
"RDMM",3.92336499575494,0.940840800044508,0.015,0.69833979634808,0.127,-28248.3521074435,58575.9385538606,222,8.85999999999999,TRUE,"",0.4,4,321,820321,920321
"DGMM",NA,0.887251253951796,0.029,0.331422103713857,0.472,-31227.7798142733,64541.7017227992,12,1.47,TRUE,"",0.4,4,322,820322,920322
"RDMM",4.11338927708729,0.944728673788864,0.014,0.732941717558169,0.111,-28428.7060053986,58936.6463497708,183,7.34999999999999,TRUE,"",0.4,4,322,820322,920322
"DGMM",NA,0.921521463016539,0.02,0.424170362939578,0.412,-30513.2762901184,63112.6946744895,14,2.19,TRUE,"",0.4,4,323,820323,920323
"RDMM",4.48853828576815,0.956440398364875,0.011,0.766117099784888,0.096,-28116.155867874,58311.5460747217,218,8.84000000000003,TRUE,"",0.4,4,323,820323,920323
"DGMM",NA,0.849933958748036,0.039,0.376839525848268,0.445,-31860.4000546972,65806.9422036471,13,1.69,TRUE,"",0.4,4,324,820324,920324
"RDMM",3.90762858115446,0.93696095801392,0.016,0.734158205801825,0.11,-28767.2467810237,59613.727901021,125,4.95999999999998,TRUE,"",0.4,4,324,820324,920324
"DGMM",NA,0.853629714086667,0.038,0.408744360327817,0.48,-30347.3682049901,62780.8785042329,34,4.32999999999998,TRUE,"",0.4,4,325,820325,920325
"RDMM",4.35212076549007,0.948624613361998,0.013,0.719520475142586,0.118,-28179.7249491487,58438.684237271,220,8.76999999999998,TRUE,"",0.4,4,325,820325,920325
"DGMM",NA,0.913849766967539,0.022,0.355092787083461,0.462,-31252.5401391389,64591.2223725305,12,1.5,TRUE,"",0.4,4,326,820326,920326
"RDMM",4.14910193247215,0.952528487259748,0.012,0.776275196073846,0.091,-28463.8162037497,59006.8667464731,267,10.64,TRUE,"",0.4,4,326,820326,920326
"DGMM",NA,0.864764766442872,0.035,0.374861717822069,0.467,-30727.832477245,63541.8070487427,14,1.88,TRUE,"",0.4,4,327,820327,920327
"RDMM",3.98056041124462,0.94862462443189,0.013,0.729068717973464,0.113,-27904.8418070779,57888.9179531294,111,4.71000000000004,TRUE,"",0.4,4,327,820327,920327
"DGMM",NA,0.806210035449896,0.051,0.362282489755986,0.435,-31408.826104852,64903.7943039567,15,1.82999999999998,TRUE,"",0.4,4,328,820328,920328
"RDMM",3.95286761707072,0.956440401158276,0.011,0.748270646220915,0.105,-28449.311903693,58977.8581463596,143,5.72000000000003,TRUE,"",0.4,4,328,820328,920328
"DGMM",NA,0.894810903721148,0.027,0.362324441939886,0.509,-31541.2868138977,65168.715722048,18,2.22000000000003,TRUE,"",0.4,4,329,820329,920329
"RDMM",3.80362195306157,0.948624594836391,0.013,0.724320003410875,0.115,-28197.7823418196,58474.7990226128,105,4.21999999999997,TRUE,"",0.4,4,329,820329,920329
"DGMM",NA,0.784780962444444,0.057,0.333501989375099,0.446,-31382.6039281211,64851.3499504948,20,2.41999999999996,TRUE,"",0.4,4,330,820330,920330
"RDMM",3.75859968505687,0.929225221916543,0.018,0.760846935808586,0.097,-28359.7320122247,58798.6983634231,202,8.11000000000001,TRUE,"",0.4,4,330,820330,920330
"DGMM",NA,0.820657346280583,0.047,0.413956055651622,0.498,-31625.2523304967,65336.646755246,36,4.25,TRUE,"",0.4,4,331,820331,920331
"RDMM",3.94942952408175,0.917681665646944,0.021,0.534988172332446,0.246,-28759.9973587899,59599.2290565534,152,5.77000000000004,TRUE,"",0.4,4,331,820331,920331
"DGMM",NA,0.51505762353611,0.141,0.216288605247633,0.512,-31224.0558393747,64534.253773002,25,2.54999999999995,TRUE,"",0.4,4,332,820332,920332
"RDMM",4.16628577565866,0.933089074420727,0.017,0.770031830299884,0.094,-28233.9421563097,58547.1186515931,144,3.90999999999997,TRUE,"",0.4,4,332,820332,920332
"DGMM",NA,0.00159283234151424,0.477,0.00127227925498811,0.722,-30011.1506774018,62108.4434490562,24,1.75999999999999,TRUE,"",0.4,4,333,820333,920333
"RDMM",4.1769509759449,0.944728700284529,0.014,0.745187045954116,0.105,-28539.8613119656,59158.9569629049,138,3.81,TRUE,"",0.4,4,333,820333,920333
"DGMM",NA,0.695247935190559,0.083,0.275590632884556,0.506,-31822.4997444613,65731.1415831752,15,1,TRUE,"",0.4,4,334,820334,920334
"RDMM",3.7951947345261,0.956440261811823,0.011,0.745213432196413,0.105,-28571.3869000062,59222.008138986,143,4.06,TRUE,"",0.4,4,334,820334,920334
"DGMM",NA,0.00100286020565705,0.48,-0.000372201928755291,0.722,-29912.5164384721,61911.1749711967,25,3,TRUE,"",0.4,4,335,820335,920335
"RDMM",3.84066485072778,0.898602545543732,0.026,0.716379741903939,0.117,-28654.6069557608,59388.4482504952,220,8.74,TRUE,"",0.4,4,335,820335,920335
"DGMM",NA,0.857333909911898,0.037,0.321519340880596,0.452,-31485.9218914233,65057.9858770992,32,3.97,TRUE,"",0.4,4,336,820336,920336
"RDMM",3.99940125970003,0.925369315735835,0.019,0.741707882460123,0.107,-28461.021537143,59001.2774132596,174,6.97,TRUE,"",0.4,4,336,820336,920336
"DGMM",NA,-0.000282545057200208,0.492,-0.00018682606539422,0.719,-29844.5694408863,61775.2809760252,35,4.24,TRUE,"",0.4,4,337,820337,920337
"RDMM",3.85459022570382,0.925369343877118,0.019,0.723923331831114,0.114,-28309.6536406949,58698.5416203635,147,6.09,TRUE,"",0.4,4,337,820337,920337
"DGMM",NA,0.604907105557279,0.111,0.259759042029801,0.484,-30275.9497131061,62638.0415204649,19,2.3,TRUE,"",0.4,4,338,820338,920338
"RDMM",3.82558835518397,0.933089042947125,0.017,0.73962211835776,0.108,-27732.9873962517,57545.2091314771,117,4.68,TRUE,"",0.4,4,338,820338,920338
"DGMM",NA,0.891027028138157,0.028,0.307625437196943,0.483,-31239.5922451736,64565.3265845997,15,1.86,TRUE,"",0.4,4,339,820339,920339
"RDMM",3.62290674347424,0.929225225184377,0.018,0.749198390640727,0.103,-28183.9768907707,58447.1881205151,164,6.53,TRUE,"",0.4,4,339,820339,920339
"DGMM",NA,0.879724023712437,0.031,0.366312028925713,0.394,-31108.407682729,64302.9574597106,17,2.05,TRUE,"",0.4,4,340,820340,920340
"RDMM",3.82579267368194,0.929224654370865,0.018,0.734547287445004,0.109,-28252.5665880146,58584.3675150028,159,6.44,TRUE,"",0.4,4,340,820340,920340
"DGMM",NA,0.883483490948005,0.03,0.308287026372156,0.453,-31608.2103177676,65302.5627297878,19,2.26000000000001,TRUE,"",0.4,4,341,820341,920341
"RDMM",3.53901380989949,0.93696095801392,0.016,0.766899345465712,0.095,-28400.1187781788,58879.4718953311,116,4.66,TRUE,"",0.4,4,341,820341,920341
"DGMM",NA,0.875972020439771,0.032,0.326757949152283,0.487,-30842.8425204214,63771.8271350954,17,2.05,TRUE,"",0.4,4,342,820342,920342
"RDMM",3.95946676370058,0.921521517463921,0.02,0.73934531746067,0.108,-28347.1436580239,58773.5216550214,186,7.42,TRUE,"",0.4,4,342,820342,920342
"DGMM",NA,0.00173659305636247,0.47,0.00160534660965241,0.712,-30138.6664548115,62363.4750038756,42,5.09999999999999,TRUE,"",0.4,4,343,820343,920343
"RDMM",4.02119015158865,0.929225150790015,0.018,0.556274632652556,0.214,-28923.1299630522,59925.494265078,116,4.61,TRUE,"",0.4,4,343,820343,920343
"DGMM",NA,0.883483555197766,0.03,0.400155887488113,0.429,-30693.0324987421,63472.2070917367,27,3.38,TRUE,"",0.4,4,344,820344,920344
"RDMM",3.93323880355532,0.902402328808747,0.025,0.714614602829417,0.119,-28081.385065916,58242.0044708056,122,4.88,TRUE,"",0.4,4,344,820344,920344
"DGMM",NA,0.857333748122894,0.037,0.350520111411302,0.431,-30930.4250515034,63946.9921972594,14,1.91,TRUE,"",0.4,4,345,820345,920345
"RDMM",3.88049719206846,0.906210180564387,0.024,0.750111172388812,0.103,-28153.1621107246,58385.5585604229,147,5.89999999999999,TRUE,"",0.4,4,345,820345,920345
"DGMM",NA,0.879723677456675,0.031,0.378051584806545,0.467,-30433.2079243446,62952.5579429419,17,2.16,TRUE,"",0.4,4,346,820346,920346
"RDMM",4.1182115274919,0.910025965658738,0.023,0.721891350735983,0.115,-28059.9259036479,58199.0861462694,100,4.06,TRUE,"",0.4,4,346,820346,920346
"DGMM",NA,0.443031679054581,0.167,0.18732733159354,0.561,-30850.5505977514,63787.2432897554,35,4.29000000000001,TRUE,"",0.4,4,347,820347,920347
"RDMM",4.24107015534385,0.948624621535928,0.013,0.726575273839838,0.114,-28358.638953931,58796.5122468357,180,7.20999999999999,TRUE,"",0.4,4,347,820347,920347
"DGMM",NA,0.827927830453107,0.045,0.306134852600566,0.478,-31519.3336513,65124.8093968526,11,1.36,TRUE,"",0.4,4,348,820348,920348
"RDMM",3.8929649305264,0.898602600130053,0.026,0.489131066697044,0.288,-28573.7634351625,59226.7612092987,154,6.16999999999999,TRUE,"",0.4,4,348,820348,920348
"DGMM",NA,0.820656333036186,0.047,0.332151256005183,0.497,-30949.6689470388,63985.4799883301,16,1.91999999999999,TRUE,"",0.4,4,349,820349,920349
"RDMM",3.93700400320739,0.921521527851378,0.02,0.593478791973778,0.203,-28132.9281756653,58345.0906903042,232,9.28,TRUE,"",0.4,4,349,820349,920349
"DGMM",NA,0.83889544246646,0.042,0.371577666428709,0.486,-31146.1337766273,64378.4096475072,26,3.22,TRUE,"",0.4,4,350,820350,920350
"RDMM",3.90730410124016,0.933089038634788,0.017,0.752249109899424,0.102,-28502.5130016935,59084.2603423605,129,5.17000000000002,TRUE,"",0.4,4,350,820350,920350
"DGMM",NA,0.849934060602692,0.039,0.345801331304361,0.472,-31043.1852232391,64172.5125407308,15,1.92000000000002,TRUE,"",0.4,4,351,820351,920351
"RDMM",3.81489400387657,0.913849772470104,0.022,0.649489680257707,0.151,-28295.1478086384,58669.5299562505,113,4.50999999999999,TRUE,"",0.4,4,351,820351,920351
"DGMM",NA,0.90240222073224,0.025,0.421273104758613,0.45,-30209.2700751306,62504.6822445139,17,2.13999999999999,TRUE,"",0.4,4,352,820352,920352
"RDMM",4.39101747239108,0.936960396446046,0.016,0.73354240438608,0.11,-28041.2022208744,58161.6387807225,146,5.97,TRUE,"",0.4,4,352,820352,920352
"DGMM",NA,0.753176864880438,0.066,0.310262623061548,0.436,-31642.7350644199,65371.6122230924,13,1.75,TRUE,"",0.4,4,353,820353,920353
"RDMM",4.07331603390151,0.887251069468524,0.029,0.707750975914008,0.124,-28664.1288521919,59407.4920433575,104,4.13,TRUE,"",0.4,4,353,820353,920353
"DGMM",NA,0.872226742667667,0.033,0.398350458987238,0.409,-31211.3888345671,64508.9197633869,35,4.30999999999997,TRUE,"",0.4,4,354,820354,920354
"RDMM",3.85986826176572,0.92151894986208,0.02,0.734323919118699,0.109,-28173.7649555927,58426.764250159,177,7.09999999999999,TRUE,"",0.4,4,354,820354,920354
"DGMM",NA,0.777704174712215,0.059,0.350681364999919,0.487,-30517.6947883944,63121.5316710414,23,2.77000000000001,TRUE,"",0.4,4,355,820355,920355
"RDMM",4.29573170596581,0.933089069872396,0.017,0.727466842285012,0.113,-28112.7318675729,58304.6980741194,152,6.03,TRUE,"",0.4,4,355,820355,920355
"DGMM",NA,0.774174079767268,0.06,0.3977610287901,0.304,-31855.3925418056,65796.9271778638,10,1.25999999999999,TRUE,"",0.4,4,356,820356,920356
"RDMM",3.8871039756893,0.910025954701743,0.023,0.57871742204134,0.194,-28596.3230353715,59271.8804097167,121,4.84,TRUE,"",0.4,4,356,820356,920356
"DGMM",NA,0.898601920452278,0.026,0.392691833833011,0.475,-30601.8563305002,63289.854755253,14,1.72,TRUE,"",0.4,4,357,820357,920357
"RDMM",4.12602841552108,0.929225065662657,0.018,0.528593469522025,0.287,-28191.5353509683,58462.3050409103,106,4.34999999999999,TRUE,"",0.4,4,357,820357,920357
"DGMM",NA,-0.0013407856443659,0.484,-0.00171708980379586,0.734,-30173.3217861862,62432.7856666249,31,3.72,TRUE,"",0.4,4,358,820358,920358
"RDMM",3.67456263737977,0.921520545043061,0.02,0.709333820341092,0.122,-28624.7139212831,59328.6621815397,131,5.33000000000001,TRUE,"",0.4,4,358,820358,920358
"DGMM",NA,0.749705302160834,0.067,0.346731390942393,0.479,-31239.1188212716,64564.3797367957,16,1.94999999999999,TRUE,"",0.4,4,359,820359,920359
"RDMM",4.15651245820051,0.933089080277775,0.017,0.755542227687504,0.1,-28597.6766157352,59274.5875704441,100,4.06999999999999,TRUE,"",0.4,4,359,820359,920359
"DGMM",NA,0.921521530297261,0.02,0.423207107616554,0.434,-31778.4891164808,65643.1203272142,19,2.51999999999998,TRUE,"",0.4,4,360,820360,920360
"RDMM",3.79519382273016,0.940840801148496,0.015,0.726185736268817,0.114,-28565.6664133407,59210.567165655,162,6.42000000000002,TRUE,"",0.4,4,360,820360,920360
"DGMM",NA,0.708676125820417,0.079,0.303614658600042,0.511,-31266.8464686314,64619.8350315154,35,4.14999999999998,TRUE,"",0.4,4,361,820361,920361
"RDMM",3.72891603466909,0.921521501516602,0.02,0.732309076034599,0.111,-28462.5274075528,59004.2891540792,221,8.81,TRUE,"",0.4,4,361,820361,920361
"DGMM",NA,0.735896681403534,0.071,0.320518184221806,0.498,-30629.7421600359,63345.6264143245,18,2.27000000000001,TRUE,"",0.4,4,362,820362,920362
"RDMM",4.06684743855826,0.9447278889692,0.014,0.742260307582606,0.107,-28188.0977155866,58455.4297701469,163,6.47999999999999,TRUE,"",0.4,4,362,820362,920362
"DGMM",NA,0.691918776704662,0.084,0.26054010351247,0.518,-31267.8885367816,64621.9191678158,12,1.5,TRUE,"",0.4,4,363,820363,920363
"RDMM",3.77044719470018,0.913849789736054,0.022,0.74839745125092,0.103,-28262.7307592351,58604.6958574438,176,7,TRUE,"",0.4,4,363,820363,920363
"DGMM",NA,0.756644175025955,0.065,0.301237685770466,0.49,-31003.8640024399,64093.8700991324,18,2.30000000000001,TRUE,"",0.4,4,364,820364,920364
"RDMM",3.80807331450364,0.929224967106244,0.018,0.720947062441533,0.117,-27955.2749554858,57989.7842499452,173,7.46999999999997,TRUE,"",0.4,4,364,820364,920364
"DGMM",NA,0.964288286771079,0.009,0.547735070310784,0.214,-30495.966875316,63078.0758448845,18,2.22999999999996,TRUE,"",0.4,4,365,820365,920365
"RDMM",4.18958129034741,0.956440439497669,0.011,0.750211719419934,0.103,-28096.0553942394,58271.3451274523,100,4.13,TRUE,"",0.4,4,365,820365,920365
"DGMM",NA,0.642820878098241,0.099,0.250724194910766,0.533,-31086.5749781192,64259.2920504909,17,2.06999999999999,TRUE,"",0.4,4,366,820366,920366
"RDMM",4.11687948919273,0.917681427413558,0.021,0.559631269574246,0.234,-28541.5773367924,59162.3890125584,100,4.06999999999999,TRUE,"",0.4,4,366,820366,920366
"DGMM",NA,0.857333749852037,0.037,0.416982172723691,0.474,-31614.3074895902,65314.757073433,32,4.07999999999998,TRUE,"",0.4,4,367,820367,920367
"RDMM",3.77676940064649,0.929225170260895,0.018,0.746634791872722,0.104,-28440.3173979562,58959.869134886,117,4.70000000000005,TRUE,"",0.4,4,367,820367,920367
"DGMM",NA,0.864765115670482,0.035,0.320079187796723,0.441,-31045.450633539,64177.0433613306,14,1.69999999999999,TRUE,"",0.4,4,368,820368,920368
"RDMM",3.82013954003496,0.933089023380699,0.017,0.713297554716969,0.12,-28003.1736326269,58085.5816042274,112,4.47000000000003,TRUE,"",0.4,4,368,820368,920368
"DGMM",NA,0.729049353866228,0.073,0.31452274766482,0.521,-30737.1893652381,63560.5208247287,14,1.82999999999998,TRUE,"",0.4,4,369,820369,920369
"RDMM",4.24213996853012,0.925369306374546,0.019,0.763336830620323,0.096,-27952.0306834649,57983.2957059034,178,7.18000000000001,TRUE,"",0.4,4,369,820369,920369
"DGMM",NA,0.910025946185403,0.023,0.405846106624254,0.431,-30737.6523661411,63561.4468265349,18,2.31,TRUE,"",0.4,4,370,820370,920370
"RDMM",4.06600112329642,0.921521475094994,0.02,0.744021111895414,0.105,-28271.5128385316,58622.2600160367,100,4.17000000000002,TRUE,"",0.4,4,370,820370,920370
"DGMM",NA,0.906210150359189,0.024,0.377769326613619,0.429,-31342.0817747138,64770.3056436802,14,1.68000000000001,TRUE,"",0.4,4,371,820371,920371
"RDMM",3.81202167370495,0.913849786653293,0.022,0.712500915538772,0.12,-28786.6974115836,59652.6291621407,157,6.32999999999998,TRUE,"",0.4,4,371,820371,920371
"DGMM",NA,0.902402340525157,0.025,0.361549630709907,0.413,-30881.4217075592,63848.9855093711,12,1.47000000000003,TRUE,"",0.4,4,372,820372,920372
"RDMM",4.07156924692005,0.940840816797814,0.015,0.745725316113457,0.105,-27998.2575940503,58075.7495270743,121,4.83999999999997,TRUE,"",0.4,4,372,820372,920372
"DGMM",NA,0.742790358457113,0.069,0.327168848480989,0.49,-31309.069310384,64704.2807150206,23,2.83999999999997,TRUE,"",0.4,4,373,820373,920373
"RDMM",3.64262644748466,0.910025973880811,0.023,0.725488140989148,0.113,-28477.0988277407,59033.4319944551,100,4.05000000000001,TRUE,"",0.4,4,373,820373,920373
"DGMM",NA,0.767145836595817,0.062,0.275553011911738,0.501,-31512.7580561477,65111.6582065481,15,1.86000000000001,TRUE,"",0.4,4,374,820374,920374
"RDMM",3.97760941736617,0.902402351941144,0.025,0.737707944275305,0.108,-28628.7486407403,59336.7316204542,203,7.86000000000001,TRUE,"",0.4,4,374,820374,920374
"DGMM",NA,0.79189268063369,0.055,0.360348680075508,0.446,-30458.7411201343,63003.6243345212,21,2.33999999999997,TRUE,"",0.4,4,375,820375,920375
"RDMM",4.08181376627007,0.929225185970347,0.018,0.74103026064411,0.106,-27842.7378164607,57764.709971895,145,4.73000000000002,TRUE,"",0.4,4,375,820375,920375
"DGMM",NA,0.91002596605686,0.023,0.424641161943418,0.44,-30841.7861334312,63769.7143611151,17,1.16,TRUE,"",0.4,4,376,820376,920376
"RDMM",3.75484810423248,0.936960956690986,0.016,0.715069658885567,0.12,-28115.4819889406,58310.1983168549,152,4.51,TRUE,"",0.4,4,376,820376,920376
"DGMM",NA,0.891026789774023,0.028,0.3398283941777,0.456,-31025.4521058706,64137.0463059939,13,1.6,TRUE,"",0.4,4,377,820377,920377
"RDMM",3.83164427685287,0.887251170462616,0.029,0.723057668442119,0.114,-28370.5562142894,58820.3467675525,194,7.76,TRUE,"",0.4,4,377,820377,920377
"DGMM",NA,0.678662881886367,0.088,0.300808459046919,0.525,-30699.3442202234,63484.8305346995,28,3.41,TRUE,"",0.4,4,378,820378,920378
"RDMM",4.14701546250843,0.940840798325927,0.015,0.740230409087211,0.107,-28240.8489668966,58560.9322727667,173,6.9,TRUE,"",0.4,4,378,820378,920378
"DGMM",NA,0.891026932292619,0.028,0.40645882163932,0.483,-30837.6851140482,63761.5123223491,24,2.97,TRUE,"",0.4,4,379,820379,920379
"RDMM",4.56661490559829,0.925369306374546,0.019,0.478555416792807,0.317,-28521.0285445085,59121.2914279906,131,5.31,TRUE,"",0.4,4,379,820379,920379
"DGMM",NA,0.864764657560916,0.035,0.382243970772012,0.451,-31573.2599458637,65232.66198598,20,2.46,TRUE,"",0.4,4,380,820380,920380
"RDMM",3.79447470656651,0.906210119215697,0.024,0.714600997926199,0.118,-28614.5833065427,59308.4009520589,129,5.29,TRUE,"",0.4,4,380,820380,920380
"DGMM",NA,-0.00229386989369353,0.492,-0.00182161317301996,0.721,-29727.6778572895,61541.4978088317,32,3.88,TRUE,"",0.4,4,381,820381,920381
"RDMM",4.03175971340163,0.944726999129934,0.014,0.647475346287365,0.156,-28423.7565945731,58926.7475281198,148,5.93,TRUE,"",0.4,4,381,820381,920381
"DGMM",NA,0.767145442381273,0.062,0.328033877653519,0.491,-31432.5831855641,64951.3084653808,17,2.09,TRUE,"",0.4,4,382,820382,920382
"RDMM",3.77189285441134,0.902402349594107,0.025,0.554952462047034,0.222,-28402.9404903731,58885.1153197198,192,7.67,TRUE,"",0.4,4,382,820382,920382
"DGMM",NA,0.68527202843302,0.086,0.339686740961836,0.523,-31154.2708701735,64394.6838345995,29,3.42,TRUE,"",0.4,4,383,820383,920383
"RDMM",3.88870861409956,0.944728725871018,0.014,0.754084590524412,0.101,-28230.0682234288,58539.3707858313,171,6.77,TRUE,"",0.4,4,383,820383,920383
"DGMM",NA,0.538303081101398,0.133,0.21957535881053,0.517,-32541.2177149241,67168.5775241009,22,2.70999999999999,TRUE,"",0.4,4,384,820384,920384
"RDMM",3.7823428540353,0.90621022200478,0.024,0.727575054121724,0.114,-29339.5665046322,60758.367348238,104,4.19999999999999,TRUE,"",0.4,4,384,820384,920384
"DGMM",NA,0.00563758142447352,0.46,0.00266396162348164,0.724,-30336.0074405472,62758.156975347,34,4.13000000000001,TRUE,"",0.4,4,385,820385,920385
"RDMM",3.69451613479231,0.902402372125654,0.025,0.712835299483339,0.119,-28977.5168834814,60034.2681059364,116,4.62,TRUE,"",0.4,4,385,820385,920385
"DGMM",NA,0.831575545236253,0.044,0.349626596231593,0.421,-31323.6743676908,64733.4908296342,13,1.64,TRUE,"",0.4,4,386,820386,920386
"RDMM",3.7798932782771,0.917681663635673,0.021,0.69752869644261,0.127,-28655.9516390635,59391.1376171006,140,5.69,TRUE,"",0.4,4,386,820386,920386
"DGMM",NA,0.73246655500685,0.072,0.305913642904233,0.427,-31478.1591255011,65042.4603452547,12,1.56,TRUE,"",0.4,4,387,820387,920387
"RDMM",3.52794878046582,0.910019876463804,0.023,0.749115463911059,0.103,-28401.0967764755,58881.4278919246,136,5.62,TRUE,"",0.4,4,387,820387,920387
"DGMM",NA,0.913849813834619,0.022,0.314833017931593,0.493,-31262.1348583675,64610.4118109877,24,2.84,TRUE,"",0.4,4,388,820388,920388
"RDMM",3.86715488727623,0.940840818220479,0.015,0.637280683994381,0.16,-28546.266029924,59171.7663988216,108,4.42,TRUE,"",0.4,4,388,820388,920388
"DGMM",NA,-0.00112285678468949,0.488,-0.000874583218112291,0.723,-29317.8676162746,60721.8773268019,30,3.53,TRUE,"",0.4,4,389,820389,920389
"RDMM",4.32002965368234,0.917681470854077,0.021,0.560948374551896,0.28,-28084.3337659293,58247.9018708323,179,7.15000000000001,TRUE,"",0.4,4,389,820389,920389
"DGMM",NA,0.633260049472738,0.102,0.275801055934598,0.494,-31072.0222458353,64230.1865859232,22,2.66999999999999,TRUE,"",0.4,4,390,820390,920390
"RDMM",3.72281348631721,0.948624599761839,0.013,0.764506002977111,0.096,-27952.1320172228,57983.4983734192,209,8.27,TRUE,"",0.4,4,390,820390,920390
"DGMM",NA,0.756659681626389,0.065,0.314509387721258,0.512,-30979.1465176084,64044.4351294693,20,2.53,TRUE,"",0.4,4,391,820391,920391
"RDMM",3.75871235825702,0.921521513689408,0.02,0.743460050535683,0.105,-28298.9882925139,58677.2109240015,138,5.47,TRUE,"",0.4,4,391,820391,920391
"DGMM",NA,0.879723735004132,0.031,0.394041218589855,0.448,-31066.42472992,64218.9915540926,34,4.17000000000002,TRUE,"",0.4,4,392,820392,920392
"RDMM",4.01158488797395,0.913849818773663,0.022,0.745272451968433,0.105,-28407.4258550058,58894.0860489852,119,4.84999999999999,TRUE,"",0.4,4,392,820392,920392
"DGMM",NA,-0.000404658185516296,0.495,0.00101811194085214,0.724,-30023.8903835807,62133.9228614139,30,3.63,TRUE,"",0.4,4,393,820393,920393
"RDMM",3.99190329363168,0.936960907756526,0.016,0.508677689961399,0.318,-28665.153461092,59409.5412611577,115,4.64000000000001,TRUE,"",0.4,4,393,820393,920393
"DGMM",NA,0.512184284840282,0.142,0.219240529824224,0.534,-31083.7462605886,64253.6346154297,18,2.22,TRUE,"",0.4,4,394,820394,920394
"RDMM",3.97428921664554,0.925369328988085,0.019,0.701519176559669,0.125,-28529.0770037259,59137.3883464255,219,8.94,TRUE,"",0.4,4,394,820394,920394
"DGMM",NA,0.906210150359189,0.024,0.394111858447573,0.424,-31014.7646487833,64115.6713918193,12,1.5,TRUE,"",0.4,4,395,820395,920395
"RDMM",4.06447256802681,0.902402345813814,0.025,0.723584490539072,0.114,-28259.4217647517,58598.0778684771,209,8.40000000000001,TRUE,"",0.4,4,395,820395,920395
"DGMM",NA,0.756659160425596,0.065,0.400845024540146,0.303,-30787.5699545916,63661.2820034358,13,1.60999999999999,TRUE,"",0.4,4,396,820396,920396
"RDMM",4.00515045730012,0.944728688148329,0.014,0.741525872568047,0.107,-27800.7552519573,57680.7448428881,118,4.75,TRUE,"",0.4,4,396,820396,920396
"DGMM",NA,0.739340949715456,0.07,0.332016146682721,0.402,-31227.159788747,64540.4616717466,19,2.28,TRUE,"",0.4,4,397,820397,920397
"RDMM",4.1089985324598,0.921521470277452,0.02,0.76011836206609,0.098,-28479.4595823512,59038.153503676,118,4.75,TRUE,"",0.4,4,397,820397,920397
"DGMM",NA,0.831575844740733,0.044,0.30157994844795,0.496,-31998.0230233711,66082.1881409948,15,1.81,TRUE,"",0.4,4,398,820398,920398
"RDMM",3.64559783390627,0.902402311234126,0.025,0.739119739679257,0.108,-28835.8487124234,59750.9317638205,122,5,TRUE,"",0.4,4,398,820398,920398
"DGMM",NA,0.8134187998369,0.049,0.354191927249504,0.431,-31626.4746460342,65339.091386321,18,2.19000000000003,TRUE,"",0.4,4,399,820399,920399
"RDMM",3.81583730462739,0.933089032610389,0.017,0.762216522172705,0.097,-28503.3804168459,59085.9951726654,169,6.81999999999999,TRUE,"",0.4,4,399,820399,920399
"DGMM",NA,0.940840806554625,0.015,0.449240765313387,0.45,-30473.0448301559,63032.2317545645,18,2.22,TRUE,"",0.4,4,400,820400,920400
"RDMM",3.94254510488577,0.948624578175524,0.013,0.643420011568744,0.163,-28015.6359216201,58110.5061822138,245,9.86000000000001,TRUE,"",0.4,4,400,820400,920400
"DGMM",NA,0.842566581695304,0.041,0.493561717147761,0.239,-31709.4955759043,65505.1332460611,16,2.14000000000001,TRUE,"",0.4,4,401,820401,920401
"RDMM",4.07942182172054,0.936960955176029,0.016,0.709214305046094,0.122,-28504.1752267611,59087.5847924959,119,4.76999999999998,TRUE,"",0.4,4,401,820401,920401
"DGMM",NA,0.00322886080226722,0.465,0.0019401202290193,0.714,-29492.0926954593,61070.3274851713,31,3.67999999999998,TRUE,"",0.4,4,402,820402,920402
"RDMM",3.80808651207055,0.910026022780475,0.023,0.738884149265211,0.107,-28182.3248470923,58443.8840331582,132,5.38999999999999,TRUE,"",0.4,4,402,820402,920402
"DGMM",NA,0.777703127557852,0.059,0.350854148538603,0.452,-30880.1274990796,63846.3970924117,16,1.94999999999999,TRUE,"",0.4,4,403,820403,920403
"RDMM",4.18108214081447,0.948624604861899,0.013,0.67286899228252,0.141,-28538.3801590238,59155.9946570212,101,4.11000000000001,TRUE,"",0.4,4,403,820403,920403
"DGMM",NA,0.000919023382092042,0.48,-0.000355366901057616,0.721,-30177.1681865433,62440.4784673391,32,3.81,TRUE,"",0.4,4,404,820404,920404
"RDMM",3.58141673310397,0.933089023380699,0.017,0.704428427082502,0.124,-28749.3251818465,59577.8847026666,100,4.06,TRUE,"",0.4,4,404,820404,920404
"DGMM",NA,0.933089048984395,0.017,0.433350972124276,0.451,-30890.460564584,63867.0632234205,25,2.97999999999999,TRUE,"",0.4,4,405,820405,920405
"RDMM",4.1176380310555,0.960360342629774,0.01,0.788921116086824,0.086,-28042.3739338183,58163.9822066103,263,11,TRUE,"",0.4,4,405,820405,920405
"DGMM",NA,0.868492464485369,0.034,0.406855095986012,0.423,-30742.3934730499,63570.9290403524,22,2.70000000000005,TRUE,"",0.4,4,406,820406,920406
"RDMM",3.95804057750639,0.929225218730405,0.018,0.748257889754052,0.103,-28022.8142713429,58124.8628816594,100,4.27999999999997,TRUE,"",0.4,4,406,820406,920406
"DGMM",NA,0.894810855341821,0.027,0.396438880447032,0.485,-31129.0814903037,64344.3050748599,25,3.09999999999997,TRUE,"",0.4,4,407,820407,920407
"RDMM",4.03460234086348,0.933089109421398,0.017,0.747611169467026,0.104,-28248.3496933855,58575.9337257447,294,11.84,TRUE,"",0.4,4,407,820407,920407
"DGMM",NA,0.73934308476756,0.07,0.26513804962321,0.51,-31677.6011178184,65441.3443298895,13,1.64999999999998,TRUE,"",0.4,4,408,820408,920408
"RDMM",3.86224609854117,0.960360325900093,0.01,0.754815044300215,0.101,-28529.3382197985,59137.9107785706,118,4.75,TRUE,"",0.4,4,408,820408,920408
"DGMM",NA,0.872228100712513,0.033,0.355990471554778,0.507,-31113.8320074175,64313.8061090875,17,2.05000000000001,TRUE,"",0.4,4,409,820409,920409
"RDMM",3.8998980141413,0.913849769051718,0.022,0.69955986284919,0.126,-28088.1750051505,58255.5843492745,100,4.04000000000002,TRUE,"",0.4,4,409,820409,920409
"DGMM",NA,0.902402432059516,0.025,0.335256266528088,0.402,-30640.5236246339,63367.1893435204,22,2.77999999999997,TRUE,"",0.4,4,410,820410,920410
"RDMM",4.42012702861298,0.93308908961043,0.017,0.76663837282361,0.095,-27730.2384853928,57539.7113097591,103,4.25,TRUE,"",0.4,4,410,820410,920410
"DGMM",NA,0.902402002175125,0.025,0.411493883611127,0.457,-31174.3370914168,64434.8162770863,22,2.89999999999998,TRUE,"",0.4,4,411,820411,920411
"RDMM",3.80562951663984,0.948624319256944,0.013,0.761744635418354,0.097,-28233.6246011361,58546.4835412459,183,7.30000000000001,TRUE,"",0.4,4,411,820411,920411
"DGMM",NA,0.94472872374435,0.014,0.456767419021611,0.474,-29483.9837105892,61054.109515431,38,4.60000000000002,TRUE,"",0.4,4,412,820412,920412
"RDMM",4.42484386111046,0.944728688654299,0.014,0.728767668156785,0.113,-27400.7480227139,56880.7303844014,228,9.12,TRUE,"",0.4,4,412,820412,920412
"DGMM",NA,-0.000477240090308032,0.488,-0.00041423738720139,0.734,-29882.9050691542,61851.9522325611,34,4.07999999999998,TRUE,"",0.4,4,413,820413,920413
"RDMM",3.4480431562399,0.91768168713745,0.021,0.709135746387374,0.122,-28318.2402640811,58715.7148671359,209,8.06999999999999,TRUE,"",0.4,4,413,820413,920413
"DGMM",NA,0.849933887380405,0.039,0.367557952902664,0.473,-31473.4464288759,65033.0349520044,39,4.29999999999995,TRUE,"",0.4,4,414,820414,920414
"RDMM",3.63817914152878,0.913849845395598,0.022,0.762111686955993,0.096,-28477.2948203498,59033.8239796731,178,5.06999999999999,TRUE,"",0.4,4,414,820414,920414
"DGMM",NA,0.746246371353764,0.068,0.339148421511924,0.502,-31139.0374976094,64364.2170894714,18,1.38,TRUE,"",0.4,4,415,820415,920415
"RDMM",4.07989323054623,0.944728680679281,0.014,0.698785828587241,0.127,-28566.4291390124,59212.0926169985,208,5.44999999999999,TRUE,"",0.4,4,415,820415,920415
"DGMM",NA,0.685271259937278,0.086,0.293663706374385,0.492,-31454.7014205795,64995.5449354116,10,0.689999999999998,TRUE,"",0.4,4,416,820416,920416
"RDMM",3.95549468428405,0.913849774222803,0.022,0.715333860435952,0.119,-28253.5004639555,58586.2352668846,172,3.94,TRUE,"",0.4,4,416,820416,920416
"DGMM",NA,0.809810407362805,0.05,0.352718536800086,0.49,-31391.0168289864,64868.1757522255,18,1.19999999999999,TRUE,"",0.4,4,417,820417,920417
"RDMM",3.77044822939721,0.910025995292812,0.023,0.74397172289949,0.105,-28272.3079218581,58623.8501826897,238,5.32999999999998,TRUE,"",0.4,4,417,820417,920417
"DGMM",NA,0.820657381461755,0.047,0.360311834979214,0.494,-31502.8278226806,65091.7977396138,29,1.61,TRUE,"",0.4,4,418,820418,920418
"RDMM",3.70316965225089,0.910025940507842,0.023,0.714638907838783,0.119,-28410.660632063,58900.5556030996,199,6.74,TRUE,"",0.4,4,418,820418,920418
"DGMM",NA,0.366639170967109,0.197,0.156497968104403,0.555,-31495.0873626618,65076.3168195763,27,3.32,TRUE,"",0.4,4,419,820419,920419
"RDMM",3.75605722996109,0.891026987396705,0.028,0.70517391489853,0.123,-28807.33044064,59693.8952202536,176,7.08,TRUE,"",0.4,4,419,820419,920419
"DGMM",NA,0.831575964304611,0.044,0.329216004692349,0.448,-30753.7909967494,63593.7240877514,16,1.94,TRUE,"",0.4,4,420,820420,920420
"RDMM",4.06714754054082,0.944728690161577,0.014,0.751961808792165,0.102,-28249.5807545529,58578.3958480795,102,4.11,TRUE,"",0.4,4,420,820420,920420
"DGMM",NA,0.913849855368978,0.022,0.368245013137178,0.452,-31124.7785119102,64335.6991180729,21,2.64,TRUE,"",0.4,4,421,820421,920421
"RDMM",3.6721966808141,0.91768168959215,0.021,0.741795160868197,0.106,-28459.1370300656,58997.5083991048,100,4.07,TRUE,"",0.4,4,421,820421,920421
"DGMM",NA,0.538316273496778,0.133,0.254398112478628,0.487,-31405.1664265848,64896.4749474222,13,1.67,TRUE,"",0.4,4,422,820422,920422
"RDMM",4.37289062214602,0.921521449096114,0.02,0.540045309880779,0.259,-28270.0967661667,58619.427871307,105,4.39,TRUE,"",0.4,4,422,820422,920422
"DGMM",NA,0.767142127622514,0.062,0.453853804586899,0.259,-31235.5471106838,64557.2363156201,15,1.85,TRUE,"",0.4,4,423,820423,920423
"RDMM",3.90677280834576,0.929225038131021,0.018,0.744284424063541,0.106,-28538.8910234099,59157.0163857934,128,5.19,TRUE,"",0.4,4,423,820423,920423
"DGMM",NA,0.902402319026293,0.025,0.422025178722451,0.45,-30712.7316633604,63511.6054209733,24,2.84,TRUE,"",0.4,4,424,820424,920424
"RDMM",4.24821840631168,0.925369311758724,0.019,0.742563949459924,0.106,-28288.6327023035,58656.4997435806,257,10.24,TRUE,"",0.4,4,424,820424,920424
"DGMM",NA,0.842566633214764,0.041,0.457457497505678,0.274,-31898.0677762198,65882.2776466922,15,1.83,TRUE,"",0.4,4,425,820425,920425
"RDMM",4.06576828324099,0.956440305891926,0.011,0.725689062542614,0.115,-28662.5290088255,59404.2923566246,100,4.03999999999999,TRUE,"",0.4,4,425,820425,920425
"DGMM",NA,0.87597215220041,0.032,0.382105940363745,0.491,-31363.8148591834,64813.7718126195,23,2.77000000000001,TRUE,"",0.4,4,426,820426,920426
"RDMM",4.16253129941285,0.960360359073464,0.01,0.785543731701159,0.088,-28258.557483916,58596.3493068057,112,4.47999999999999,TRUE,"",0.4,4,426,820426,920426
"DGMM",NA,0.90240243957002,0.025,0.366096476504075,0.468,-31126.6970832037,64339.53626066,15,1.89,TRUE,"",0.4,4,427,820427,920427
"RDMM",4.164667985136,0.948624629561597,0.013,0.794936636504985,0.083,-28440.2483335681,58959.7310061099,129,5.22,TRUE,"",0.4,4,427,820427,920427
"DGMM",NA,0.541261830461883,0.132,0.233041830783167,0.511,-31233.9972065744,64554.1365074013,29,3.55000000000001,TRUE,"",0.4,4,428,820428,920428
"RDMM",3.98767468076368,0.894810729610678,0.027,0.476152083542827,0.332,-28856.3750097078,59791.9843583893,169,6.73999999999999,TRUE,"",0.4,4,428,820428,920428
"DGMM",NA,0.481160525858287,0.153,0.202045015897823,0.513,-30509.8764519154,63105.8949980834,19,2.33,TRUE,"",0.4,4,429,820429,920429
"RDMM",3.86332104561535,0.948624575793517,0.013,0.761841436797096,0.098,-28032.5368201121,58144.3079791979,177,7.36999999999999,TRUE,"",0.4,4,429,820429,920429
"DGMM",NA,0.948624628029604,0.013,0.43706308490663,0.475,-30546.8144577693,63179.7710097912,32,3.86,TRUE,"",0.4,4,430,820430,920430
"RDMM",3.93906578696292,0.948624628029604,0.013,0.75317601067487,0.101,-27950.56180161,57980.3579421935,215,8.61999999999999,TRUE,"",0.4,4,430,820430,920430
"DGMM",NA,0.547161014199179,0.13,0.234553268249285,0.49,-31486.5266028083,65059.1952998691,8,1.02,TRUE,"",0.4,4,431,820431,920431
"RDMM",3.88310019810975,0.921521446019881,0.02,0.772737491085144,0.092,-28238.9530931586,58557.1405252908,209,8.34,TRUE,"",0.4,4,431,820431,920431
"DGMM",NA,0.910025977342736,0.023,0.312330284363319,0.468,-31348.0878619094,64782.3178180714,12,1.5,TRUE,"",0.4,4,432,820432,920432
"RDMM",4.22615003872891,0.913849772470104,0.022,0.39930936842639,0.468,-28537.9594847387,59155.1533084511,100,4.03,TRUE,"",0.4,4,432,820432,920432
"DGMM",NA,-0.00110158173956479,0.495,-0.000715299907085918,0.732,-30416.6938884118,62919.5298710763,37,4.37999999999998,TRUE,"",0.4,4,433,820433,920433
"RDMM",3.85888165711268,0.910026025065343,0.023,0.48478622949936,0.28,-29159.4144291709,60398.0631973154,180,7.16999999999999,TRUE,"",0.4,4,433,820433,920433
"DGMM",NA,0.898602665011279,0.026,0.380076644561053,0.449,-30795.0760561968,63676.2942066462,20,2.51999999999998,TRUE,"",0.4,4,434,820434,920434
"RDMM",3.93532298508461,0.960360346887023,0.01,0.743932776509646,0.106,-28226.7943015311,58532.8229420358,137,5.54000000000002,TRUE,"",0.4,4,434,820434,920434
"DGMM",NA,0.401386157645742,0.183,0.175935248170755,0.524,-31068.6974599839,64223.5370142205,23,2.76999999999998,TRUE,"",0.4,4,435,820435,920435
"RDMM",3.7389439051882,0.929225212476132,0.018,0.758728294506014,0.099,-28231.7112659442,58542.656870862,118,4.87,TRUE,"",0.4,4,435,820435,920435
"DGMM",NA,0.887251219918419,0.029,0.318551903185166,0.453,-31487.6655323335,65061.4731589197,17,2.09,TRUE,"",0.4,4,436,820436,920436
"RDMM",3.65296720025813,0.921521501037238,0.02,0.723638778418268,0.115,-28530.9463139871,59141.1269669478,135,5.53,TRUE,"",0.4,4,436,820436,920436
"DGMM",NA,0.544182587387126,0.131,0.238007320417031,0.507,-31622.3083900426,65330.7588743378,11,1.43000000000001,TRUE,"",0.4,4,437,820437,920437
"RDMM",4.01086463669401,0.921521346791413,0.02,0.719730154567061,0.117,-28344.3614723341,58767.9572836419,199,7.98999999999998,TRUE,"",0.4,4,437,820437,920437
"DGMM",NA,0.799035704069073,0.053,0.319942380115267,0.415,-31204.4805100679,64495.1031143884,11,1.38999999999999,TRUE,"",0.4,4,438,820438,920438
"RDMM",3.72701495652655,0.921521488713448,0.02,0.747616446244602,0.104,-28367.8978828389,58815.0301046514,117,4.79999999999998,TRUE,"",0.4,4,438,820438,920438
"DGMM",NA,0.898602451211134,0.026,0.412356346970559,0.44,-31137.0932924966,64360.3286792459,15,1.82999999999998,TRUE,"",0.4,4,439,820439,920439
"RDMM",4.09271392971935,0.921521482557213,0.02,0.719666428739971,0.117,-28662.3158469164,59403.8660328065,127,5.11000000000001,TRUE,"",0.4,4,439,820439,920439
"DGMM",NA,0.891026939541183,0.028,0.409290072434647,0.46,-30486.3674951414,63058.8770845355,22,2.61000000000001,TRUE,"",0.4,4,440,820440,920440
"RDMM",4.00519199668801,0.929225168405716,0.018,0.761486523423181,0.098,-27993.6380502384,58066.5104394504,108,4.28999999999999,TRUE,"",0.4,4,440,820440,920440
"DGMM",NA,0.781239792830872,0.058,0.40082874785155,0.312,-30321.9956572683,62730.1334087892,18,2.22,TRUE,"",0.4,4,441,820441,920441
"RDMM",4.07044344313977,0.898602521198594,0.026,0.728902404619847,0.112,-27867.4683264761,57814.1709919258,109,4.37,TRUE,"",0.4,4,441,820441,920441
"DGMM",NA,0.838894778085655,0.042,0.37976230297331,0.51,-31803.5324678014,65693.2070298555,27,3.33000000000001,TRUE,"",0.4,4,442,820442,920442
"RDMM",3.69617095105889,0.917681665646944,0.021,0.704852461910038,0.123,-28368.5027278221,58816.2397946178,176,7.09,TRUE,"",0.4,4,442,820442,920442
"DGMM",NA,0.662258289934203,0.093,0.357872563844141,0.36,-32198.318778242,66482.7796507366,6,0.799999999999983,TRUE,"",0.4,4,443,820443,920443
"RDMM",3.5859222127981,0.933089093523709,0.017,0.716183577086621,0.12,-28469.7029000973,59018.6401391683,124,4.92000000000002,TRUE,"",0.4,4,443,820443,920443
"DGMM",NA,0.861045169973945,0.036,0.389770137195877,0.433,-30546.786216961,63179.7145281745,16,2.08000000000001,TRUE,"",0.4,4,444,820444,920444
"RDMM",4.05103814008854,0.94472868437969,0.014,0.725768019583024,0.114,-28101.0989664384,58281.4322718505,100,4.19,TRUE,"",0.4,4,444,820444,920444
"DGMM",NA,0.562083662285716,0.125,0.226246782453283,0.522,-31876.0126775583,65838.1674493692,25,3.10999999999999,TRUE,"",0.4,4,445,820445,920445
"RDMM",3.69069660816778,0.913849809761565,0.022,0.718866508257518,0.117,-28630.0141360813,59339.2626111361,146,5.80000000000001,TRUE,"",0.4,4,445,820445,920445
"DGMM",NA,0.623702562104242,0.105,0.246025093943225,0.538,-31723.4542807628,65533.0506557782,16,1.94,TRUE,"",0.4,4,446,820446,920446
"RDMM",3.73693796625568,0.898602242325961,0.026,0.714321618566371,0.119,-28514.3954160979,59108.0251711694,300,11.95,TRUE,"",0.4,4,446,820446,920446
"DGMM",NA,0.929225164760032,0.018,0.408463554049056,0.434,-31080.4526298207,64247.047353894,19,2.29999999999998,TRUE,"",0.4,4,447,820447,920447
"RDMM",3.96587038233292,0.944728732959912,0.014,0.749388347219245,0.103,-28127.153967856,58333.5422746857,100,3.95000000000002,TRUE,"",0.4,4,447,820447,920447
"DGMM",NA,0.788332426124304,0.056,0.331879611456145,0.484,-31694.287394024,65474.7168823007,10,1.33000000000001,TRUE,"",0.4,4,448,820448,920448
"RDMM",3.79348007796444,0.940840840209178,0.015,0.597025593137921,0.191,-28574.5165556745,59228.2674503227,200,7.87,TRUE,"",0.4,4,448,820448,920448
"DGMM",NA,0.630061013846273,0.103,0.263890053598163,0.449,-31141.6568223934,64369.4557390394,11,1.38999999999999,TRUE,"",0.4,4,449,820449,920449
"RDMM",4.02653006280847,0.917681564687341,0.021,0.749839617704889,0.102,-28047.947067326,58175.1284736255,100,4.48000000000002,TRUE,"",0.4,4,449,820449,920449
"DGMM",NA,0.868492610725687,0.034,0.41049942943614,0.424,-29908.6601825373,61903.4624593273,19,2.36000000000001,TRUE,"",0.4,4,450,820450,920450
"RDMM",4.09692173019889,0.93696092012987,0.016,0.767482828425624,0.095,-27537.8335801395,57154.9014992526,133,5.49000000000001,TRUE,"",0.4,4,450,820450,920450
"DGMM",NA,0.887251069468524,0.029,0.334809691698163,0.498,-31557.1134419134,65200.3689780793,12,1.52000000000004,TRUE,"",0.4,4,451,820451,920451
"RDMM",3.88424640055065,0.940839611172881,0.015,0.722087099695014,0.116,-28131.7778471347,58342.790033243,135,5.41999999999996,TRUE,"",0.4,4,451,820451,920451
"DGMM",NA,0.906210137372211,0.024,0.405663585049812,0.355,-31341.0945040194,64768.3311022914,12,1.64000000000004,TRUE,"",0.4,4,452,820452,920452
"RDMM",3.78437408509045,0.952528484325076,0.012,0.745990982236651,0.105,-28519.3058118807,59117.845962735,103,4.26999999999998,TRUE,"",0.4,4,452,820452,920452
"DGMM",NA,0.70867379290547,0.079,0.312040348789691,0.45,-32094.7748162415,66275.6917267356,14,1.74000000000001,TRUE,"",0.4,4,453,820453,920453
"RDMM",3.879210781607,0.90240230963814,0.025,0.716508718124722,0.118,-28597.0069707369,59273.2482804474,187,7.38999999999999,TRUE,"",0.4,4,453,820453,920453
"DGMM",NA,0.857333929051355,0.037,0.388655516891164,0.448,-30746.7679759812,63579.6780462149,18,2.24000000000001,TRUE,"",0.4,4,454,820454,920454
"RDMM",4.22281384327585,0.929225161655584,0.018,0.725733715472689,0.114,-28081.98559353,58243.2055260336,137,5.50999999999999,TRUE,"",0.4,4,454,820454,920454
"DGMM",NA,0.512174767422198,0.142,0.219694562358158,0.538,-30907.5221245709,63901.1863433944,30,3.79999999999995,TRUE,"",0.4,4,455,820455,920455
"RDMM",4.05798913765044,0.933089095518966,0.017,0.742505856093925,0.107,-28395.8947489238,58871.0238368212,172,7.01000000000005,TRUE,"",0.4,4,455,820455,920455
"DGMM",NA,0.875950624156787,0.032,0.408715871986411,0.474,-31094.5268327687,64275.19575979,24,2.92000000000002,TRUE,"",0.4,4,456,820456,920456
"RDMM",3.85107531331996,0.917675850492808,0.021,0.571001548470388,0.214,-28480.6704461795,59040.5752313326,178,7.10999999999996,TRUE,"",0.4,4,456,820456,920456
"DGMM",NA,0.933089033764637,0.017,0.410107559002703,0.468,-30914.359075788,63914.8602458286,13,1.69,TRUE,"",0.4,4,457,820457,920457
"RDMM",4.03169167914179,0.952528484325076,0.012,0.757311809121704,0.1,-28192.9699405641,58465.1742201019,118,4.62,TRUE,"",0.4,4,457,820457,920457
"DGMM",NA,0.868492397142987,0.034,0.299350686814397,0.507,-31378.2726173852,64842.6873290229,15,1.87,TRUE,"",0.4,4,458,820458,920458
"RDMM",3.68745408752665,0.913849794049433,0.022,0.695187693306885,0.128,-28442.2022247311,58963.6387884357,157,6.31999999999999,TRUE,"",0.4,4,458,820458,920458
"DGMM",NA,0.89860250902602,0.026,0.359201909037764,0.462,-32067.3791773101,66220.9004488727,16,1,TRUE,"",0.4,4,459,820459,920459
"RDMM",3.65588224137942,0.948624574172566,0.013,0.755265034040763,0.101,-28591.934836295,59263.1040115636,110,1.97,TRUE,"",0.4,4,459,820459,920459
"DGMM",NA,0.580246352833706,0.119,0.251975418726826,0.525,-31595.435622268,65277.0133387887,22,2.65,TRUE,"",0.4,4,460,820460,920460
"RDMM",3.79954091461579,0.902402306558825,0.025,0.697944612491131,0.127,-28627.4217240888,59334.0777871513,102,4.11,TRUE,"",0.4,4,460,820460,920460
"DGMM",NA,0.617411535588307,0.107,0.237247360730847,0.493,-31584.753089568,65255.6482733885,12,1.57,TRUE,"",0.4,4,461,820461,920461
"RDMM",3.5071362300095,0.925369369089393,0.019,0.693814802346609,0.129,-28655.2528983258,59389.7401356252,147,5.81,TRUE,"",0.4,4,461,820461,920461
"DGMM",NA,0.824288500620809,0.046,0.355692235043611,0.431,-31509.4989326981,65105.1399596487,10,1.36,TRUE,"",0.4,4,462,820462,920462
"RDMM",3.83335828918367,0.933088668312439,0.017,0.758184965030452,0.099,-28509.1233196153,59097.4809782042,100,3.98,TRUE,"",0.4,4,462,820462,920462
"DGMM",NA,0.565055815811821,0.124,0.249396562715925,0.529,-31532.1030127772,65150.348119807,20,2.45,TRUE,"",0.4,4,463,820463,920463
"RDMM",3.78162672336014,0.95644040922841,0.011,0.742972129211418,0.107,-28368.6839700095,58816.6022789927,109,4.47,TRUE,"",0.4,4,463,820463,920463
"DGMM",NA,0.77770153574515,0.059,0.333470324998923,0.413,-30834.5504684243,63755.2430311012,10,1.3,TRUE,"",0.4,4,464,820464,920464
"RDMM",4.11277299550176,0.940839573612973,0.015,0.755007025674688,0.1,-28151.9768474137,58383.1880338011,191,7.85,TRUE,"",0.4,4,464,820464,920464
"DGMM",NA,0.386302683039153,0.189,0.160450539755557,0.576,-31172.4680707112,64431.078235675,29,3.55,TRUE,"",0.4,4,465,820465,920465
"RDMM",3.88220905338676,0.925369353008673,0.019,0.764817421326053,0.096,-28689.5261424215,59458.2866238167,114,4.47,TRUE,"",0.4,4,465,820465,920465
"DGMM",NA,0.87597191039246,0.032,0.376489924087382,0.474,-31470.4889390843,65027.1199724211,15,1.86,TRUE,"",0.4,4,466,820466,920466
"RDMM",3.78087215852831,0.906210193849074,0.024,0.733410202776117,0.11,-28651.5603125226,59382.3549640188,205,8.14,TRUE,"",0.4,4,466,820466,920466
"DGMM",NA,0.71204925622122,0.078,0.330927863570153,0.481,-30707.8787523454,63501.8995989433,16,2,TRUE,"",0.4,4,467,820467,920467
"RDMM",4.1801197999507,0.925369369950859,0.019,0.71757023560876,0.117,-28319.3600918804,58717.9545227344,250,9.97000000000001,TRUE,"",0.4,4,467,820467,920467
"DGMM",NA,-0.000745699486171604,0.489,7.08501685052977e-05,0.725,-29800.5669582672,61687.2760107869,24,2.86,TRUE,"",0.4,4,468,820468,920468
"RDMM",3.61884807518031,0.952528520080707,0.012,0.742667776429723,0.106,-28384.1944492839,58847.6232375415,152,6.03,TRUE,"",0.4,4,468,820468,920468
"DGMM",NA,0.902402305000392,0.025,0.350516674619988,0.494,-32184.6168874655,66455.3758691837,23,2.89,TRUE,"",0.4,4,469,820469,920469
"RDMM",3.78613436588483,0.936960904339529,0.016,0.737021785769049,0.109,-28992.2337034779,60063.7017459295,133,5.27,TRUE,"",0.4,4,469,820469,920469
"DGMM",NA,0.887251570785854,0.029,0.405120210828709,0.41,-30932.0560075542,63950.254109361,17,2.11,TRUE,"",0.4,4,470,820470,920470
"RDMM",3.78402549091009,0.933089069872396,0.017,0.647197338935672,0.154,-28164.0439517786,58407.3222425308,142,5.79000000000001,TRUE,"",0.4,4,470,820470,920470
"DGMM",NA,0.718820619510167,0.076,0.310019099192457,0.478,-31193.6275124477,64473.397119148,11,1.37,TRUE,"",0.4,4,471,820471,920471
"RDMM",4.07034467132127,0.929225143954781,0.018,0.722999807389692,0.115,-28585.0756055759,59249.3855501255,143,5.91,TRUE,"",0.4,4,471,820471,920471
"DGMM",NA,0.864765021931027,0.035,0.380788593719059,0.405,-31212.2491851461,64510.6404645448,21,2.55999999999999,TRUE,"",0.4,4,472,820472,920472
"RDMM",3.66306314513013,0.95643962302581,0.011,0.775852904124169,0.093,-28087.0404445297,58253.315228033,134,5.47000000000001,TRUE,"",0.4,4,472,820472,920472
"DGMM",NA,0.88348337138666,0.03,0.539927362341447,0.221,-30950.0554205259,63986.2529353045,22,2.67,TRUE,"",0.4,4,473,820473,920473
"RDMM",4.15266035625991,0.94862459484957,0.013,0.73939196996931,0.108,-28177.6392803633,58434.5128997002,109,4.44,TRUE,"",0.4,4,473,820473,920473
"DGMM",NA,0.620569212625072,0.106,0.277948709404327,0.498,-30297.0192178573,62680.1805299671,21,2.58,TRUE,"",0.4,4,474,820474,920474
"RDMM",4.17713709948475,0.948624618887061,0.013,0.73979064471991,0.108,-27915.1429291424,57909.5201972585,169,6.7,TRUE,"",0.4,4,474,820474,920474
"DGMM",NA,0.739341943201022,0.07,0.343566778590027,0.487,-30268.995487427,62624.1330691066,26,3.17,TRUE,"",0.4,4,475,820475,920475
"RDMM",4.18298694719269,0.92536933175914,0.019,0.768299570127479,0.094,-27895.4948972025,57870.2241333787,231,9.16999999999999,TRUE,"",0.4,4,475,820475,920475
"DGMM",NA,0.875971880989608,0.032,0.386456170370309,0.47,-30931.8263905695,63949.7948753917,19,2.37,TRUE,"",0.4,4,476,820476,920476
"RDMM",4.04812333207769,0.925369298434679,0.019,0.545900035143596,0.224,-27925.1183529887,57929.4710449511,195,7.79000000000002,TRUE,"",0.4,4,476,820476,920476
"DGMM",NA,0.913849783415842,0.022,0.395346925912532,0.462,-30864.180354763,63814.5028037787,17,2.16999999999999,TRUE,"",0.4,4,477,820477,920477
"RDMM",4.16416659665063,0.940840846525805,0.015,0.747308667591075,0.104,-28423.7343662587,58926.703071491,246,9.90000000000001,TRUE,"",0.4,4,477,820477,920477
"DGMM",NA,0.813419147408306,0.049,0.383030174638091,0.462,-30815.2212967886,63716.5846878299,20,2.45000000000002,TRUE,"",0.4,4,478,820478,920478
"RDMM",3.99933567638371,0.929225159909332,0.018,0.71768125160599,0.118,-28335.0615231919,58749.3573853574,169,6.88,TRUE,"",0.4,4,478,820478,920478
"DGMM",NA,0.906210180857597,0.024,0.412008733025074,0.372,-31425.6441437531,64937.4303817589,22,2.75,TRUE,"",0.4,4,479,820479,920479
"RDMM",3.71393687440664,0.948624614617245,0.013,0.737414462385339,0.109,-28338.2846429119,58755.8036247974,120,4.82000000000002,TRUE,"",0.4,4,479,820479,920479
"DGMM",NA,0.913837512775404,0.022,0.391455852987245,0.469,-31416.3637655939,64918.8696254404,22,2.72999999999999,TRUE,"",0.4,4,480,820480,920480
"RDMM",3.83756669222448,0.913837512775404,0.022,0.631281024215835,0.161,-28396.152727258,58871.5397934897,164,6.5,TRUE,"",0.4,4,480,820480,920480
"DGMM",NA,0.453750663699792,0.163,0.197656197474514,0.527,-30876.6396780161,63839.4214502847,36,4.30999999999997,TRUE,"",0.4,4,481,820481,920481
"RDMM",3.91401627251805,0.917681647967814,0.021,0.711819134730278,0.121,-28384.9187693163,58849.0718776061,193,7.73999999999998,TRUE,"",0.4,4,481,820481,920481
"DGMM",NA,0.589434052047625,0.116,0.310603895208448,0.545,-31755.9736321878,65598.0893586283,45,5.48999999999998,TRUE,"",0.4,4,482,820482,920482
"RDMM",3.9155932840358,0.925369298434679,0.019,0.671418271245672,0.143,-28293.1247263338,58665.4837916412,141,5.81,TRUE,"",0.4,4,482,820482,920482
"DGMM",NA,0.913849815591461,0.022,0.408155397032595,0.445,-31187.8323432685,64461.8067807896,15,1.81,TRUE,"",0.4,4,483,820483,920483
"RDMM",3.88459304983144,0.940840844761702,0.015,0.734533397236068,0.11,-28473.1253392243,59025.4850174223,105,4.24000000000001,TRUE,"",0.4,4,483,820483,920483
"DGMM",NA,0.827927848892061,0.045,0.362911600807657,0.457,-31178.0438119052,64442.229718063,15,1.96000000000001,TRUE,"",0.4,4,484,820484,920484
"RDMM",3.82852011578511,0.91384988838429,0.022,0.461979450281243,0.306,-28496.342335874,59071.9190107216,119,4.94999999999999,TRUE,"",0.4,4,484,820484,920484
"DGMM",NA,0.868492566494998,0.034,0.336536857968435,0.464,-31918.4819826923,65923.1060596371,16,2.00999999999999,TRUE,"",0.4,4,485,820485,920485
"RDMM",3.69075985983468,0.910025968982187,0.023,0.703084896805106,0.124,-28832.2208223207,59743.675983615,112,4.45000000000002,TRUE,"",0.4,4,485,820485,920485
"DGMM",NA,0.917680515880585,0.021,0.411464863212057,0.414,-30430.4296836313,62947.0014615152,20,2.47,TRUE,"",0.4,4,486,820486,920486
"RDMM",4.07614346188027,0.929224429539543,0.018,0.721415769247514,0.117,-28077.8141425423,58234.8626240583,114,4.60999999999999,TRUE,"",0.4,4,486,820486,920486
"DGMM",NA,0.891025829493378,0.028,0.379107029015291,0.413,-29969.6180806216,62025.3782554958,14,1.80000000000001,TRUE,"",0.4,4,487,820487,920487
"RDMM",4.54074049513563,0.933088968852098,0.017,0.655801054226498,0.149,-27755.8687270525,57590.9717930786,159,6.25,TRUE,"",0.4,4,487,820487,920487
"DGMM",NA,0.853629914743017,0.038,0.341851759393563,0.488,-30829.6221329086,63745.3863600699,15,1.92000000000002,TRUE,"",0.4,4,488,820488,920488
"RDMM",3.91791006217638,0.960360360566264,0.01,0.764230453543742,0.097,-28125.8419032355,58330.9181454446,156,6.25999999999999,TRUE,"",0.4,4,488,820488,920488
"DGMM",NA,0.00148316615406776,0.477,0.000480949037893249,0.717,-29768.323267435,61622.7886291226,25,3.02000000000001,TRUE,"",0.4,4,489,820489,920489
"RDMM",3.84643661688075,0.933089038634788,0.017,0.737573984494908,0.109,-28304.3534894462,58687.941317866,122,5.43000000000001,TRUE,"",0.4,4,489,820489,920489
"DGMM",NA,0.883483445807812,0.03,0.390543115136206,0.475,-31422.1208691367,64930.383832526,17,2.07999999999998,TRUE,"",0.4,4,490,820490,920490
"RDMM",4.08722234319634,0.921521446019881,0.02,0.717556192232623,0.118,-28762.5532987198,59604.3409364133,191,7.75999999999999,TRUE,"",0.4,4,490,820490,920490
"DGMM",NA,0.526633758228309,0.137,0.229675936189217,0.481,-31130.2678231554,64346.6777405633,20,2.47000000000003,TRUE,"",0.4,4,491,820491,920491
"RDMM",3.9257058055047,0.910026027973357,0.023,0.736422426452448,0.109,-28451.2407898846,58981.7159187429,101,4.13,TRUE,"",0.4,4,491,820491,920491
"DGMM",NA,0.809809864008227,0.05,0.359143951769517,0.495,-30886.1240520078,63858.3901982683,12,1.49000000000001,TRUE,"",0.4,4,492,820492,920492
"RDMM",3.96275448796321,0.940840840983107,0.015,0.740220171950027,0.107,-28070.9926324778,58221.2196039292,177,7.29000000000002,TRUE,"",0.4,4,492,820492,920492
"DGMM",NA,0.879723952443705,0.031,0.38670770107585,0.442,-31315.9976698953,64718.1374340433,15,1.86000000000001,TRUE,"",0.4,4,493,820493,920493
"RDMM",3.89309249758912,0.940839051422881,0.015,0.543393231957473,0.256,-28519.4262166712,59118.0867723161,113,4.52999999999997,TRUE,"",0.4,4,493,820493,920493
"DGMM",NA,0.842566565975955,0.041,0.292404360333705,0.474,-31784.5909545137,65655.3240032801,16,1.96000000000004,TRUE,"",0.4,4,494,820494,920494
"RDMM",3.75534687745786,0.93696096194634,0.016,0.752825589386867,0.101,-28597.8765239428,59274.9873868593,222,9,TRUE,"",0.4,4,494,820494,920494
"DGMM",NA,0.875971847695391,0.032,0.345437945001808,0.506,-31191.8403070439,64469.8227083404,15,2.05000000000001,TRUE,"",0.4,4,495,820495,920495
"RDMM",3.88099340604906,0.929225158847284,0.018,0.755794871569515,0.1,-28377.6021241081,58834.4385871899,100,4.08999999999997,TRUE,"",0.4,4,495,820495,920495
"DGMM",NA,0.831575672758003,0.044,0.357041303276391,0.461,-31276.407982686,64638.9580596245,17,2.05000000000001,TRUE,"",0.4,4,496,820496,920496
"RDMM",4.09386868809168,0.933089059475597,0.017,0.710214095859866,0.122,-28632.1403786594,59343.5150962925,142,5.77000000000004,TRUE,"",0.4,4,496,820496,920496
"DGMM",NA,0.84256465827798,0.041,0.384499523464648,0.425,-30781.3632608747,63648.868616002,22,2.64999999999998,TRUE,"",0.4,4,497,820497,920497
"RDMM",3.93178848312976,0.944728680208755,0.014,0.766071228241022,0.095,-28275.663092738,58630.5605244497,100,4.02000000000004,TRUE,"",0.4,4,497,820497,920497
"DGMM",NA,0.894810753894843,0.027,0.39761360185158,0.413,-31692.6660974468,65471.4742891463,18,2.25,TRUE,"",0.4,4,498,820498,920498
"RDMM",3.74083808584919,0.917681637140728,0.021,0.763402998465875,0.096,-28479.3705368533,59037.9754126802,229,9.08999999999997,TRUE,"",0.4,4,498,820498,920498
"DGMM",NA,0.838895274982854,0.042,0.384619453203719,0.45,-30599.6863690601,63285.5148323727,18,2.10000000000002,TRUE,"",0.4,4,499,820499,920499
"RDMM",4.53844933189494,0.933088598387375,0.017,0.756395984761881,0.1,-28132.9421619135,58345.1186628006,114,4.37,TRUE,"",0.4,4,499,820499,920499
"DGMM",NA,0.614276531376811,0.108,0.236523945199407,0.51,-32023.7849016266,66133.7118975058,13,1.49000000000001,TRUE,"",0.4,4,500,820500,920500
"RDMM",3.82587715143505,0.91768165804001,0.021,0.685916169624157,0.133,-28934.8907867794,59949.0159125323,138,4.31999999999999,TRUE,"",0.4,4,500,820500,920500
"DGMM",NA,0.544204882877902,0.131,0.196349620356835,0.521,-30377.994840088,62842.1317744286,9,0.65,TRUE,"",0.6,4,1,820001,920001
"RDMM",3.80649974812001,0.933089052884805,0.017,0.689891818195609,0.132,-26152.2957132386,54383.8257654509,208,7.66,TRUE,"",0.6,4,1,820001,920001
"DGMM",NA,0.715430877367351,0.077,0.318811983537443,0.505,-29629.1436370437,61344.4293683401,23,2.83,TRUE,"",0.6,4,2,820002,920002
"RDMM",3.65742504790896,0.921521519607844,0.02,0.7788125385811,0.091,-26345.2763836017,54769.7871061771,128,5.2,TRUE,"",0.6,4,2,820002,920002
"DGMM",NA,0.872228445514421,0.033,0.418303008708311,0.458,-28202.4213665764,58490.9848274054,26,3.19,TRUE,"",0.6,4,3,820003,920003
"RDMM",4.02095203464215,0.933089023380699,0.017,0.553221883364195,0.245,-25702.140745066,53483.5158291057,155,6.18,TRUE,"",0.6,4,3,820003,920003
"DGMM",NA,0.883483555197766,0.03,0.393108745087366,0.453,-29536.5419321656,61159.2259585838,19,2.32,TRUE,"",0.6,4,4,820004,920004
"RDMM",3.82805829154221,0.940840800044508,0.015,0.760242765688803,0.098,-26285.1087245288,54649.4517880313,244,10.08,TRUE,"",0.6,4,4,820004,920004
"DGMM",NA,0.708673771888049,0.079,0.311272203175623,0.5,-28840.1254610449,59766.3930163424,10,1.29,TRUE,"",0.6,4,5,820005,920005
"RDMM",4.08858526754944,0.956440416871151,0.011,0.634549490349514,0.163,-25826.4068052024,53732.0479493783,194,7.7,TRUE,"",0.6,4,5,820005,920005
"DGMM",NA,0.842567421903532,0.041,0.372007401175759,0.46,-28869.6224901726,59825.3870745978,18,2.18,TRUE,"",0.6,4,6,820006,920006
"RDMM",3.91795973353373,0.940840793181568,0.015,0.719634969533994,0.117,-26029.8207768191,54138.8758926118,115,4.7,TRUE,"",0.6,4,6,820006,920006
"DGMM",NA,0.824288658342341,0.046,0.356103443633102,0.464,-29510.6561939085,61107.4544820695,16,1.91999999999999,TRUE,"",0.6,4,7,820007,920007
"RDMM",3.71195798780892,0.956440300595614,0.011,0.758152868351047,0.1,-26138.6336434068,54356.5016257872,200,7.95,TRUE,"",0.6,4,7,820007,920007
"DGMM",NA,0.88348347559119,0.03,0.409838145434817,0.418,-28762.5961774266,59611.3344491058,15,1.86,TRUE,"",0.6,4,8,820008,920008
"RDMM",3.81498843431014,0.96428828751537,0.009,0.774540986628999,0.092,-25906.9878086447,53893.209956263,175,7,TRUE,"",0.6,4,8,820008,920008
"DGMM",NA,0.868491281799673,0.034,0.407040267930002,0.469,-28717.2808449184,59520.7037840895,27,3.28,TRUE,"",0.6,4,9,820009,920009
"RDMM",3.98966450073264,0.933089019055487,0.017,0.530046598313733,0.266,-26039.5912486476,54158.4168362688,123,4.91,TRUE,"",0.6,4,9,820009,920009
"DGMM",NA,0.913849984513066,0.022,0.40339912278419,0.421,-28532.8923834873,59151.9268612272,25,3.06999999999999,TRUE,"",0.6,4,10,820010,920010
"RDMM",4.02084937782427,0.98008007619989,0.005,0.764251465655049,0.097,-25774.0668063055,53627.3679515846,100,4.02,TRUE,"",0.6,4,10,820010,920010
"DGMM",NA,0.90240243123336,0.025,0.425782517012201,0.483,-28421.9420463504,58930.0261869535,30,3.69,TRUE,"",0.6,4,11,820011,920011
"RDMM",4.34069828780459,0.952528531569744,0.012,0.74006788733553,0.108,-25924.3478755453,53927.9300900642,198,7.97999999999999,TRUE,"",0.6,4,11,820011,920011
"DGMM",NA,0.933089087293357,0.017,0.431279569104163,0.478,-28406.2426231186,58898.6273404899,28,3.52,TRUE,"",0.6,4,12,820012,920012
"RDMM",3.81690249053547,0.944728701286723,0.014,0.710299787996938,0.122,-25902.3512776357,53883.936894245,122,5.03,TRUE,"",0.6,4,12,820012,920012
"DGMM",NA,0.725628380172216,0.074,0.306399422486001,0.483,-28960.9549975912,60008.0520894349,15,1.83,TRUE,"",0.6,4,13,820013,920013
"RDMM",3.88459726473207,0.933089088374658,0.017,0.73609324039717,0.109,-25957.8432465101,53994.9208319939,281,11.14,TRUE,"",0.6,4,13,820013,920013
"DGMM",NA,0.842567117665656,0.041,0.390371855587848,0.456,-28613.7257421892,59313.593578631,31,3.77999999999999,TRUE,"",0.6,4,14,820014,920014
"RDMM",3.78226466289507,0.936960919798378,0.016,0.691116065642053,0.131,-25452.1385986699,52983.5115363133,244,9.84999999999999,TRUE,"",0.6,4,14,820014,920014
"DGMM",NA,0.906210148968318,0.024,0.421857617645896,0.396,-29656.2793694143,61398.7008330812,18,2.23999999999998,TRUE,"",0.6,4,15,820015,920015
"RDMM",3.84776317671145,0.936960938927884,0.016,0.784670396058529,0.087,-26028.0048028932,54135.24394476,152,6.16,TRUE,"",0.6,4,15,820015,920015
"DGMM",NA,0.838895091808158,0.042,0.382652027812028,0.406,-28736.5219378692,59559.1859699911,10,1.25999999999999,TRUE,"",0.6,4,16,820016,920016
"RDMM",4.11253246950137,0.940840841574935,0.015,0.744727483623869,0.105,-25888.338443309,53855.9112255915,131,5.27000000000001,TRUE,"",0.6,4,16,820016,920016
"DGMM",NA,0.93696096578679,0.016,0.437830931588566,0.382,-28594.6868067024,59275.5157076574,13,1.61000000000001,TRUE,"",0.6,4,17,820017,920017
"RDMM",3.93184759191239,0.96428828751537,0.009,0.687604253268201,0.134,-25731.8264118275,53542.8871626286,187,7.5,TRUE,"",0.6,4,17,820017,920017
"DGMM",NA,0.846246955249817,0.04,0.375662385970753,0.457,-28868.6442340014,59823.4305622554,16,1.99000000000001,TRUE,"",0.6,4,18,820018,920018
"RDMM",3.9943603374873,0.944728692928908,0.014,0.791710276151911,0.084,-25946.5296588288,53972.2936566313,144,6.02000000000001,TRUE,"",0.6,4,18,820018,920018
"DGMM",NA,-0.00122763679977459,0.5,-0.000162073965766334,0.728,-27349.4752478175,56785.0925898876,27,3.27000000000001,TRUE,"",0.6,4,19,820019,920019
"RDMM",3.74609217435525,0.936960939534271,0.016,0.763386510636552,0.097,-25606.5997263055,53292.4337915846,300,11.93,TRUE,"",0.6,4,19,820019,920019
"DGMM",NA,0.868492515895003,0.034,0.353013343644804,0.516,-29245.1592644743,60576.4606232013,14,1.72,TRUE,"",0.6,4,20,820020,920020
"RDMM",3.66980200996369,0.917681677872937,0.021,0.739134455629437,0.107,-26223.5712132613,54526.3767654962,180,7.25,TRUE,"",0.6,4,20,820020,920020
"DGMM",NA,0.883483449439203,0.03,0.407013977270444,0.498,-28957.3575856113,60000.8572654752,19,2.36000000000001,TRUE,"",0.6,4,21,820021,920021
"RDMM",3.90051538038773,0.940840787490903,0.015,0.718501142211081,0.118,-26071.8108291644,54222.8559973024,178,7.09,TRUE,"",0.6,4,21,820021,920021
"DGMM",NA,-0.000488547146848859,0.496,0.000411178357740932,0.723,-28146.4547329028,58379.0515600582,23,2.81,TRUE,"",0.6,4,22,820022,920022
"RDMM",3.66425371543461,0.944728704006202,0.014,0.702540729560138,0.127,-26322.0699355667,54723.374210107,152,6.10999999999999,TRUE,"",0.6,4,22,820022,920022
"DGMM",NA,0.910020185602611,0.023,0.434641430558065,0.467,-28595.7810757956,59277.7042458437,28,3.38999999999999,TRUE,"",0.6,4,23,820023,920023
"RDMM",4.26734774717093,0.93695972481694,0.016,0.506083853543322,0.248,-26261.8089125845,54602.8521641426,138,5.55000000000001,TRUE,"",0.6,4,23,820023,920023
"DGMM",NA,0.398814616050574,0.184,0.225424527268034,0.562,-29529.6177334381,61145.3775611287,15,1.84,TRUE,"",0.6,4,24,820024,920024
"RDMM",3.93441096459016,0.933089095518966,0.017,0.469751539412731,0.293,-26067.8154223172,54214.865183608,153,6.39000000000001,TRUE,"",0.6,4,24,820024,920024
"DGMM",NA,0.933089038634788,0.017,0.440390264557638,0.458,-28405.1762918142,58896.494677881,34,4.14000000000001,TRUE,"",0.6,4,25,820025,920025
"RDMM",4.18408015193951,0.980080068140588,0.005,0.783771790983961,0.088,-25692.8294185455,53464.8931760647,212,8.34999999999999,TRUE,"",0.6,4,25,820025,920025
"DGMM",NA,0.91768165804001,0.021,0.393388040025796,0.408,-28105.291675956,58296.7254461646,30,3.63,TRUE,"",0.6,4,26,820026,920026
"RDMM",4.28938577009982,0.968224209674366,0.008,0.791071915298498,0.085,-25484.8133294376,53048.8609978487,112,4.50999999999999,TRUE,"",0.6,4,26,820026,920026
"DGMM",NA,0.681965487651398,0.087,0.30674091957426,0.493,-28958.3636786974,60002.8694516475,13,1.59,TRUE,"",0.6,4,27,820027,920027
"RDMM",4.03539566527241,0.940840803333711,0.015,0.721501566338738,0.116,-26042.7965912376,54164.8275214489,288,11.56,TRUE,"",0.6,4,27,820027,920027
"DGMM",NA,0.875971935732947,0.032,0.520752136691373,0.23,-29113.0055931982,60312.1532806491,14,1.72000000000003,TRUE,"",0.6,4,28,820028,920028
"RDMM",3.82932763507869,0.92922521778069,0.018,0.758647901259381,0.098,-25920.7965292998,53920.8273975732,109,4.44,TRUE,"",0.6,4,28,820028,920028
"DGMM",NA,0.964288290435283,0.009,0.450568533407122,0.446,-28315.2892235613,58716.7205413752,13,1.60000000000002,TRUE,"",0.6,4,29,820029,920029
"RDMM",3.92558652087327,0.97216816899364,0.007,0.792633777445971,0.084,-25584.6041643639,53248.4426677014,213,8.44999999999999,TRUE,"",0.6,4,29,820029,920029
"DGMM",NA,0.887251226946346,0.029,0.400981377923616,0.452,-27808.6500381419,57703.4421705363,15,1.86000000000001,TRUE,"",0.6,4,30,820030,920030
"RDMM",3.95975277038694,0.929225221916543,0.018,0.719938492406375,0.116,-25241.5464549506,52562.3272488748,120,5.03000000000003,TRUE,"",0.6,4,30,820030,920030
"DGMM",NA,0.921521557802116,0.02,0.434791347876716,0.476,-28003.9964870432,58094.135068339,22,2.71999999999997,TRUE,"",0.6,4,31,820031,920031
"RDMM",4.11996708490841,0.948624621021968,0.013,0.742798979603843,0.106,-25863.1463915075,53805.5271219887,133,5.34000000000003,TRUE,"",0.6,4,31,820031,920031
"DGMM",NA,0.929225185398476,0.018,0.402539579151753,0.426,-28867.8597626561,59821.8616195647,19,2.32999999999998,TRUE,"",0.6,4,32,820032,920032
"RDMM",3.80960293295672,0.940840787354327,0.015,0.70883459615562,0.122,-25876.6136496116,53832.4616381968,144,5.85999999999996,TRUE,"",0.6,4,32,820032,920032
"DGMM",NA,0.898602169173031,0.026,0.407620868072199,0.495,-29070.7279290873,60227.5979524272,21,2.56,TRUE,"",0.6,4,33,820033,920033
"RDMM",3.70964744061042,0.906209809299837,0.024,0.603600021062699,0.189,-26060.7308456832,54200.69603034,130,5.22999999999996,TRUE,"",0.6,4,33,820033,920033
"DGMM",NA,0.237403119570324,0.256,0.163759272960509,0.577,-29713.6406536548,61513.4234015622,11,1.36000000000001,TRUE,"",0.6,4,34,820034,920034
"RDMM",3.94382213840665,0.944728726934353,0.014,0.544218742712546,0.243,-26125.289861594,54329.8140621616,143,5.70999999999998,TRUE,"",0.6,4,34,820034,920034
"DGMM",NA,0.929225192818055,0.018,0.412947454533856,0.444,-27797.2113850109,57680.5648642743,15,1.85999999999996,TRUE,"",0.6,4,35,820035,920035
"RDMM",4.23940666544882,0.921521485586891,0.02,0.774574172606159,0.091,-25497.0920414008,53073.4184217753,247,9.81,TRUE,"",0.6,4,35,820035,920035
"DGMM",NA,0.639636125172446,0.1,0.295270795234184,0.383,-29719.2369952114,61524.6160846753,6,0.810000000000002,TRUE,"",0.6,4,36,820036,920036
"RDMM",3.87249715109589,0.929224890093643,0.018,0.689002453834934,0.133,-26096.6165848996,54272.4675087729,243,9.79999999999995,TRUE,"",0.6,4,36,820036,920036
"DGMM",NA,0.910026015977799,0.023,0.343569352136746,0.442,-29353.333374365,60792.8088429826,15,1.95999999999998,TRUE,"",0.6,4,37,820037,920037
"RDMM",3.59464043352462,0.933089068331971,0.017,0.747217178398356,0.105,-25836.6118691321,53752.4580772379,100,4,TRUE,"",0.6,4,37,820037,920037
"DGMM",NA,0.90621024686148,0.024,0.414189631495162,0.454,-28775.3593883772,59636.8608710069,22,2.82999999999998,TRUE,"",0.6,4,38,820038,920038
"RDMM",3.89052509500901,0.960360359073464,0.01,0.776418665780411,0.091,-25639.2605724836,53357.7554839409,133,5.39999999999998,TRUE,"",0.6,4,38,820038,920038
"DGMM",NA,0.770656956039475,0.061,0.343307239313938,0.432,-28470.3474796803,59026.8370536131,17,2.14000000000004,TRUE,"",0.6,4,39,820039,920039
"RDMM",4.0735396527243,0.936960926630346,0.016,0.704521531447172,0.125,-25726.2148116631,53531.6639622998,167,6.60999999999996,TRUE,"",0.6,4,39,820039,920039
"DGMM",NA,0.13922805499544,0.313,0.0930340718559681,0.598,-28888.6206088021,59863.3833118567,13,1.61000000000001,TRUE,"",0.6,4,40,820040,920040
"RDMM",3.94362428484605,0.956440401158276,0.011,0.781276016697245,0.089,-25380.5250609838,52840.2844609411,149,6.08000000000004,TRUE,"",0.6,4,40,820040,920040
"DGMM",NA,0.929224787291909,0.018,0.391823007910986,0.453,-28801.0477310707,59688.237556394,21,2.54999999999995,TRUE,"",0.6,4,41,820041,920041
"RDMM",3.70623608719949,0.93695972481694,0.016,0.709775104929068,0.121,-25666.8737258625,53412.9817906986,257,10.36,TRUE,"",0.6,4,41,820041,920041
"DGMM",NA,0.861044957013911,0.036,0.324551261638413,0.491,-29036.3581264953,60158.8583472433,15,1.83000000000004,TRUE,"",0.6,4,42,820042,920042
"RDMM",4.01253376869864,0.936960672768185,0.016,0.743470311524435,0.105,-26035.6746587498,54150.5836564733,218,7.66999999999996,TRUE,"",0.6,4,42,820042,920042
"DGMM",NA,0.925369362968191,0.019,0.432365402451116,0.448,-28561.4787116589,59209.0995175704,19,1.05,TRUE,"",0.6,4,43,820043,920043
"RDMM",3.90187003593258,0.936960958914405,0.016,0.738173948034435,0.108,-25788.5176636753,53656.2696663243,100,3.85,TRUE,"",0.6,4,43,820043,920043
"DGMM",NA,0.879722481581675,0.031,0.325901889716833,0.451,-29117.2013485671,60320.5447913868,12,1.45,TRUE,"",0.6,4,44,820044,920044
"RDMM",3.73935948234482,0.940840119888677,0.015,0.741126680688345,0.107,-25876.4975476995,53832.2294343726,200,8.05,TRUE,"",0.6,4,44,820044,920044
"DGMM",NA,0.925369301894911,0.019,0.338532307549344,0.486,-28920.3283054669,59926.7987051865,14,1.72,TRUE,"",0.6,4,45,820045,920045
"RDMM",3.61682235171825,0.952528495403916,0.012,0.727486283927462,0.114,-25738.5775006651,53556.3893403038,212,8.47,TRUE,"",0.6,4,45,820045,920045
"DGMM",NA,0.767145472037004,0.062,0.322382309297854,0.503,-29215.0853270658,60516.3127483842,13,1.65,TRUE,"",0.6,4,46,820046,920046
"RDMM",3.77631761843224,0.933089026585989,0.017,0.601233162049476,0.181,-26219.0477691435,54517.3298772607,225,9.08,TRUE,"",0.6,4,46,820046,920046
"DGMM",NA,0.87597198755922,0.032,0.410073787462653,0.489,-29303.9962066926,60694.1345076379,21,2.68,TRUE,"",0.6,4,47,820047,920047
"RDMM",4.02134259756736,0.917681615365134,0.021,0.675246246200115,0.139,-26443.2831794702,54965.800697914,181,7.39,TRUE,"",0.6,4,47,820047,920047
"DGMM",NA,0.906210168258568,0.024,0.341016489526727,0.464,-29396.0649163328,60878.2719269182,17,2.06,TRUE,"",0.6,4,48,820048,920048
"RDMM",3.59067746370139,0.944728698072792,0.014,0.753793247227417,0.101,-25903.497412844,53886.2291646615,240,9.5,TRUE,"",0.6,4,48,820048,920048
"DGMM",NA,0.883481530637762,0.03,0.333924273585653,0.496,-28508.8632060069,59103.8685062664,18,2.25,TRUE,"",0.6,4,49,820049,920049
"RDMM",3.68710882259423,0.936960627725319,0.016,0.689671862370302,0.131,-25880.312432863,53839.8592046996,138,5.47,TRUE,"",0.6,4,49,820049,920049
"DGMM",NA,0.910026039795815,0.023,0.434804105683046,0.467,-28060.6348442581,58207.4117827689,22,2.72,TRUE,"",0.6,4,50,820050,920050
"RDMM",4.00141378385143,0.921521520962894,0.02,0.690405405810805,0.131,-25554.7807410217,53188.795821017,149,6.08,TRUE,"",0.6,4,50,820050,920050
"DGMM",NA,0.857333881925464,0.037,0.374940857331368,0.412,-29214.1475109857,60514.437116224,13,1.58000000000001,TRUE,"",0.6,4,51,820051,920051
"RDMM",3.66268928458578,0.956440426927384,0.011,0.771379077722103,0.094,-26351.4267061123,54782.0877511982,120,4.88,TRUE,"",0.6,4,51,820051,920051
"DGMM",NA,0.749705064670421,0.067,0.264487899564725,0.51,-29551.3009260898,61188.7439464322,35,4.27,TRUE,"",0.6,4,52,820052,920052
"RDMM",3.54352080945028,0.948624493045803,0.013,0.794360749294055,0.083,-25820.791427158,53720.8171932895,118,4.64,TRUE,"",0.6,4,52,820052,920052
"DGMM",NA,0.91002604299809,0.023,0.404540905404359,0.486,-28288.5788133621,58663.2997209768,20,2.42,TRUE,"",0.6,4,53,820053,920053
"RDMM",3.93870664257594,0.9369609637655,0.016,0.721400375841873,0.117,-25588.8091523439,53256.8526436615,115,4.64,TRUE,"",0.6,4,53,820053,920053
"DGMM",NA,0.933089066748637,0.017,0.443684015732719,0.486,-27757.0875683828,57600.3172310182,24,2.95,TRUE,"",0.6,4,54,820054,920054
"RDMM",4.36496743165946,0.948624619806257,0.013,0.561568014759793,0.204,-25380.8434715807,52840.9212821351,171,7.03999999999999,TRUE,"",0.6,4,54,820054,920054
"DGMM",NA,0.894810966380809,0.027,0.412315973222166,0.45,-28646.5389197901,59379.2199338328,17,2.06,TRUE,"",0.6,4,55,820055,920055
"RDMM",3.77666332149601,0.968224192894201,0.008,0.755625607569352,0.101,-25921.2002411814,53921.6348213365,225,8.94,TRUE,"",0.6,4,55,820055,920055
"DGMM",NA,0.93308908961043,0.017,0.450099008230168,0.497,-28112.9018330202,58311.945760293,26,3.12,TRUE,"",0.6,4,56,820056,920056
"RDMM",4.3023311435494,0.940840840618905,0.015,0.724659260361835,0.115,-25575.8829348646,53231.0002087029,300,11.92,TRUE,"",0.6,4,56,820056,920056
"DGMM",NA,0.857333713869396,0.037,0.394875229034851,0.497,-29650.9514546983,61388.0450036492,22,2.72999999999999,TRUE,"",0.6,4,57,820057,920057
"RDMM",3.72751566146712,0.944728722914949,0.014,0.713740761404007,0.12,-26378.649397947,54836.5331348676,150,6.05000000000001,TRUE,"",0.6,4,57,820057,920057
"DGMM",NA,0.92152151620575,0.02,0.42624435091524,0.452,-28262.9900445497,58612.122183352,22,2.64999999999998,TRUE,"",0.6,4,58,820058,920058
"RDMM",3.81831917755538,0.936960932095919,0.016,0.753572064781196,0.101,-25574.4707220394,53228.1757830524,132,5.31,TRUE,"",0.6,4,58,820058,920058
"DGMM",NA,0.91002604946611,0.023,0.317964444335799,0.507,-29081.6750429263,60249.4921801052,13,1.57999999999998,TRUE,"",0.6,4,59,820059,920059
"RDMM",3.90662017566241,0.921521536588113,0.02,0.767292993407761,0.095,-25801.403192516,53682.0407240055,225,8.97,TRUE,"",0.6,4,59,820059,920059
"DGMM",NA,0.872228197366376,0.033,0.400350682325479,0.411,-28482.1736754367,59050.489445126,14,1.82999999999998,TRUE,"",0.6,4,60,820060,920060
"RDMM",4.16721791543173,0.93696094103508,0.016,0.781001600806807,0.089,-25845.6787848287,53770.591908631,144,5.92000000000002,TRUE,"",0.6,4,60,820060,920060
"DGMM",NA,0.891027059800115,0.028,0.423532056934341,0.497,-28695.9783806878,59478.0988556281,18,2.25,TRUE,"",0.6,4,61,820061,920061
"RDMM",4.13874866016059,0.956440434067307,0.011,0.760080303248061,0.099,-26166.3735515494,54411.9814420724,183,7.26000000000002,TRUE,"",0.6,4,61,820061,920061
"DGMM",NA,0.917681624914723,0.021,0.423678534880841,0.451,-28515.7455602405,59117.6332147337,21,2.59999999999999,TRUE,"",0.6,4,62,820062,920062
"RDMM",3.89110263223341,0.933089037437632,0.017,0.736853206268124,0.109,-25770.0255703795,53619.2854797326,186,7.40000000000001,TRUE,"",0.6,4,62,820062,920062
"DGMM",NA,0.891027160299585,0.028,0.356527531455283,0.466,-28432.4820507915,58951.1061958356,14,1.78,TRUE,"",0.6,4,63,820063,920063
"RDMM",4.18518422839311,0.968224196329809,0.008,0.758542716266879,0.1,-25663.6433303521,53406.5209996779,232,9.25,TRUE,"",0.6,4,63,820063,920063
"DGMM",NA,0.868491777710442,0.034,0.358914930410303,0.459,-28480.8482130557,59047.8385203641,16,1.97999999999999,TRUE,"",0.6,4,64,820064,920064
"RDMM",4.03892289785798,0.929225230643248,0.018,0.755607000420743,0.1,-25867.2698593286,53813.7740576309,107,4.34,TRUE,"",0.6,4,64,820064,920064
"DGMM",NA,0.701949930356517,0.081,0.326708777813827,0.491,-29498.6325794287,61083.4072531101,18,2.19999999999999,TRUE,"",0.6,4,65,820065,920065
"RDMM",3.65575887399348,0.956440441148566,0.011,0.717067447477288,0.119,-26277.8827348294,54634.9998086325,300,11.92,TRUE,"",0.6,4,65,820065,920065
"DGMM",NA,0.795461383019026,0.054,0.374993186478068,0.42,-28440.2670447918,58966.6761838362,20,2.41999999999999,TRUE,"",0.6,4,66,820066,920066
"RDMM",3.91286822953554,0.956440441148566,0.011,0.817555334836833,0.073,-25715.6475440163,53510.5294270063,127,5.39000000000001,TRUE,"",0.6,4,66,820066,920066
"DGMM",NA,0.921521508374893,0.02,0.436759959127463,0.348,-28442.1995806852,58970.541255623,17,2.08000000000001,TRUE,"",0.6,4,67,820067,920067
"RDMM",4.07876038562808,0.944728709410601,0.014,0.712042886006237,0.121,-25860.8873518965,53801.0090427665,142,5.69,TRUE,"",0.6,4,67,820067,920067
"DGMM",NA,0.906210140290786,0.024,0.421378920878524,0.434,-28402.8679974991,58891.8780892509,22,2.64999999999998,TRUE,"",0.6,4,68,820068,920068
"RDMM",4.06775060011021,0.944728674232807,0.014,0.769146848947832,0.094,-25768.3646050105,53615.9635489945,283,11.22,TRUE,"",0.6,4,68,820068,920068
"DGMM",NA,0.964288290655135,0.009,0.45372260174466,0.498,-28081.5857104395,58249.3135151316,16,1.92000000000002,TRUE,"",0.6,4,69,820069,920069
"RDMM",3.98102837491179,0.956440443327415,0.011,0.739819756106336,0.108,-25531.1581619045,53141.5506627827,122,5.01999999999998,TRUE,"",0.6,4,69,820069,920069
"DGMM",NA,0.784782229423513,0.057,0.356237968886246,0.435,-28265.5994738018,58617.3410418562,12,1.49000000000001,TRUE,"",0.6,4,70,820070,920070
"RDMM",4.11164533992849,0.952528506438609,0.012,0.778048932047295,0.091,-25650.9536291377,53381.1415972491,121,4.91000000000003,TRUE,"",0.6,4,70,820070,920070
"DGMM",NA,0.633255428631849,0.102,0.274493101337685,0.492,-29026.3026535016,60138.7474012559,18,2.17000000000002,TRUE,"",0.6,4,71,820071,920071
"RDMM",3.68789307363118,0.960360359073464,0.01,0.733448961596201,0.111,-25676.8558608125,53432.9460605985,210,8.30000000000001,TRUE,"",0.6,4,71,820071,920071
"DGMM",NA,0.940840813667951,0.015,0.451617517066735,0.488,-28384.4885189549,58855.1191321624,30,3.65999999999997,TRUE,"",0.6,4,72,820072,920072
"RDMM",4.12995528879906,0.933089041144954,0.017,0.462744879880872,0.289,-25934.7875894231,53948.8095178198,170,6.76000000000005,TRUE,"",0.6,4,72,820072,920072
"DGMM",NA,0.917681692696157,0.021,0.431654694728577,0.479,-28987.0499510074,60060.2419962674,24,3.12,TRUE,"",0.6,4,73,820073,920073
"RDMM",3.84121132297587,0.940840848756541,0.015,0.75812221716201,0.099,-25862.4298365406,53804.0940120549,300,11.97,TRUE,"",0.6,4,73,820073,920073
"DGMM",NA,0.87597212365667,0.032,0.399733247915532,0.465,-28800.7692419693,59687.6805781912,19,2.35999999999996,TRUE,"",0.6,4,74,820074,920074
"RDMM",3.85179469911676,0.940840796231763,0.015,0.750414637133122,0.103,-25909.2057080223,53897.6457550181,228,9.07999999999998,TRUE,"",0.6,4,74,820074,920074
"DGMM",NA,0.512184452072228,0.142,0.186002532042594,0.541,-30184.1362180205,62454.4145302937,10,1.31,TRUE,"",0.6,4,75,820075,920075
"RDMM",3.56430394657083,0.940840796231763,0.015,0.754167468377428,0.101,-26291.0315395176,54661.2974180089,221,8.75,TRUE,"",0.6,4,75,820075,920075
"DGMM",NA,0.774173753839089,0.06,0.324942677134063,0.43,-29058.2663366674,60202.6747675874,10,1.25,TRUE,"",0.6,4,76,820076,920076
"RDMM",3.96063143952376,0.956440420432734,0.011,0.778649913753059,0.09,-25842.7883906877,53764.811120349,207,8.26999999999998,TRUE,"",0.6,4,76,820076,920076
"DGMM",NA,0.902402464279569,0.025,0.419930917800202,0.461,-28844.4962569195,59775.1346080917,25,3.03000000000003,TRUE,"",0.6,4,77,820077,920077
"RDMM",3.99483036835687,0.956440418488528,0.011,0.716562836525671,0.119,-26033.1787055013,54145.5917499762,154,6.31999999999999,TRUE,"",0.6,4,77,820077,920077
"DGMM",NA,0.925369387165836,0.019,0.593409044027618,0.183,-27892.9860159795,57872.1141262116,25,3.08999999999997,TRUE,"",0.6,4,78,820078,920078
"RDMM",3.96322512679356,0.936960934755938,0.016,0.737866981449962,0.108,-25501.9507266931,53083.1357923599,215,8.83999999999997,TRUE,"",0.6,4,78,820078,920078
"DGMM",NA,0.925369419686183,0.019,0.441863462560764,0.462,-28490.0994349219,59066.3409640965,21,2.59000000000003,TRUE,"",0.6,4,79,820079,920079
"RDMM",3.90299762608751,0.95252852057616,0.012,0.668377896716669,0.143,-25812.28814124,53703.8106214536,103,4.05000000000001,TRUE,"",0.6,4,79,820079,920079
"DGMM",NA,0.655764068701621,0.095,0.304610033104037,0.457,-28398.6213353621,58883.3847649767,16,2.03000000000003,TRUE,"",0.6,4,80,820080,920080
"RDMM",3.78030611050966,0.972168148975254,0.007,0.808785905491307,0.077,-25586.8579889062,53252.950316786,134,5.27999999999997,TRUE,"",0.6,4,80,820080,920080
"DGMM",NA,0.820654789599411,0.047,0.376980288257646,0.493,-29356.0629400589,60798.2679743704,26,3.16999999999996,TRUE,"",0.6,4,81,820081,920081
"RDMM",4.0145541924629,0.944728661132503,0.014,0.565927236530956,0.269,-25999.8082459859,54078.8508309455,260,10.39,TRUE,"",0.6,4,81,820081,920081
"DGMM",NA,0.910025965658738,0.023,0.424651866775361,0.445,-28533.2426670973,59152.6274284473,32,3.94999999999999,TRUE,"",0.6,4,82,820082,920082
"RDMM",3.92331884869656,0.936960882291253,0.016,0.69470408732182,0.129,-25952.187060276,53983.6084595256,100,3.96999999999997,TRUE,"",0.6,4,82,820082,920082
"DGMM",NA,-0.00366540141776138,0.495,-0.00223756607618312,0.722,-27797.9184774729,57681.9790491985,37,3.96000000000004,TRUE,"",0.6,4,83,820083,920083
"RDMM",3.88602085411463,0.948623529583307,0.013,0.650616727904335,0.166,-26175.3801652629,54429.9946694995,131,3.56999999999999,TRUE,"",0.6,4,83,820083,920083
"DGMM",NA,0.925369312792485,0.019,0.381751672791633,0.47,-28608.2966754194,59302.7354450914,18,1.18,TRUE,"",0.6,4,84,820084,920084
"RDMM",4.10827663125278,0.952528512393186,0.012,0.734827294235684,0.11,-25813.9668340241,53707.1680070219,216,8.34,TRUE,"",0.6,4,84,820084,920084
"DGMM",NA,0.857333466601468,0.037,0.404424154353402,0.423,-29574.9475084251,61236.0371111027,14,1.75,TRUE,"",0.6,4,85,820085,920085
"RDMM",3.71641616148791,0.952528496502134,0.012,0.739748476146222,0.108,-26271.0902297843,54621.4147985421,176,7.04,TRUE,"",0.6,4,85,820085,920085
"DGMM",NA,0.835231345490089,0.043,0.337501376517081,0.454,-29429.0812779713,60944.3046501953,13,1.63,TRUE,"",0.6,4,86,820086,920086
"RDMM",3.9855043107945,0.968224223192627,0.008,0.782246444892092,0.089,-26140.4634280198,54360.1611950131,221,8.78,TRUE,"",0.6,4,86,820086,920086
"DGMM",NA,0.872228245324533,0.033,0.363395654093145,0.418,-29366.8515210657,60819.845136384,13,1.6,TRUE,"",0.6,4,87,820087,920087
"RDMM",3.74485604439531,0.952528530932732,0.012,0.761832944344722,0.098,-25780.6896394706,53640.6136179149,162,6.69,TRUE,"",0.6,4,87,820087,920087
"DGMM",NA,0.729050817553494,0.073,0.323481200193542,0.479,-29035.9462209606,60158.0345361738,15,2,TRUE,"",0.6,4,88,820088,920088
"RDMM",3.86610854475926,0.936960902784144,0.016,0.782771800290548,0.088,-26038.5299192978,54156.2941775691,107,4.35,TRUE,"",0.6,4,88,820088,920088
"DGMM",NA,0.92922526164794,0.018,0.402882688727042,0.451,-28638.1427979842,59362.427690221,15,1.85,TRUE,"",0.6,4,89,820089,920089
"RDMM",3.66646331850505,0.948624627713321,0.013,0.709953377158558,0.123,-25706.3535867215,53491.9415124166,100,4.03,TRUE,"",0.6,4,89,820089,920089
"DGMM",NA,0.76014770503293,0.064,0.353253125094005,0.491,-28411.0029624197,58908.1480190919,32,3.8,TRUE,"",0.6,4,90,820090,920090
"RDMM",4.07571977147178,0.956440396968175,0.011,0.72157335307403,0.117,-25859.6474896555,53798.5293182847,137,5.52,TRUE,"",0.6,4,90,820090,920090
"DGMM",NA,0.929225200488394,0.018,0.399503462131458,0.423,-28882.2462282572,59850.634550767,15,1.86,TRUE,"",0.6,4,91,820091,920091
"RDMM",3.85082784799525,0.956440434067307,0.011,0.740889816293477,0.109,-26009.4860241122,54098.2063871981,136,5.50000000000001,TRUE,"",0.6,4,91,820091,920091
"DGMM",NA,0.6687928475594,0.091,0.302664380331935,0.431,-30240.0311212985,62566.2043368496,8,1.00999999999999,TRUE,"",0.6,4,92,820092,920092
"RDMM",3.46213310095916,0.948624617107971,0.013,0.675756184017227,0.14,-26478.6252900667,55036.4849191071,206,8.2,TRUE,"",0.6,4,92,820092,920092
"DGMM",NA,0.894810723836441,0.027,0.433057386025549,0.419,-29031.1841093233,60148.5103128991,18,2.28,TRUE,"",0.6,4,93,820093,920093
"RDMM",3.62435071241607,0.929225163697984,0.018,0.733576611658499,0.112,-25973.2851586624,54025.8046562984,139,5.49000000000001,TRUE,"",0.6,4,93,820093,920093
"DGMM",NA,0.921521486418542,0.02,0.419163684484362,0.411,-27962.6283606918,58011.3988156363,15,1.94000000000001,TRUE,"",0.6,4,94,820094,920094
"RDMM",3.9961605422197,0.936960974871474,0.016,0.682393180586417,0.135,-25580.3959693294,53240.0262776324,125,4.98999999999999,TRUE,"",0.6,4,94,820094,920094
"DGMM",NA,0.910025965658738,0.023,0.383444887994803,0.493,-29510.0699103032,61106.281914859,27,3.30999999999999,TRUE,"",0.6,4,95,820095,920095
"RDMM",3.93130399142065,0.933089044195771,0.017,0.76363972766547,0.098,-26534.2728824718,55147.7801039172,124,5.03,TRUE,"",0.6,4,95,820095,920095
"DGMM",NA,0.580231723354259,0.119,0.230306106959683,0.534,-29916.0091118112,61918.160317875,11,1.42,TRUE,"",0.6,4,96,820096,920096
"RDMM",3.50384608200026,0.925369315735835,0.019,0.753969654715196,0.101,-25642.8169688859,53364.8682767453,153,6.36999999999999,TRUE,"",0.6,4,96,820096,920096
"DGMM",NA,0.913849909205304,0.022,0.435053881480338,0.468,-28881.1282950094,59848.3986842715,27,3.25,TRUE,"",0.6,4,97,820097,920097
"RDMM",4.00383524931017,0.921521498591353,0.02,0.527274289425978,0.3,-26110.9785860447,54301.1915110629,109,4.40000000000001,TRUE,"",0.6,4,97,820097,920097
"DGMM",NA,0.849934476680992,0.039,0.318057386721519,0.448,-29005.7827872683,60097.7076687892,19,2.28999999999999,TRUE,"",0.6,4,98,820098,920098
"RDMM",4.07755423330026,0.936960918431984,0.016,0.739498098390571,0.107,-25734.9933663615,53549.2210716966,130,5.18000000000001,TRUE,"",0.6,4,98,820098,920098
"DGMM",NA,0.486686744943091,0.151,0.253023420603164,0.495,-29395.8361172,60877.8143286527,11,1.36,TRUE,"",0.6,4,99,820099,920099
"RDMM",3.85619937452426,0.960360362367919,0.01,0.764353795509736,0.097,-25758.1192336118,53595.4728061972,300,12.02,TRUE,"",0.6,4,99,820099,920099
"DGMM",NA,0.917681717718247,0.021,0.429275160466784,0.432,-27836.6331924882,57759.408479229,28,3.36000000000001,TRUE,"",0.6,4,100,820100,920100
"RDMM",4.35066980257796,0.940840788344503,0.015,0.561198053389523,0.244,-25628.3535511598,53335.9414412932,100,4.06,TRUE,"",0.6,4,100,820100,920100
"DGMM",NA,0.838895075084277,0.042,0.4054136512929,0.464,-28581.0933676651,59248.3288295828,26,3.13999999999999,TRUE,"",0.6,4,101,820101,920101
"RDMM",4.11545993998968,0.92152148113422,0.02,0.757210176262609,0.1,-25867.0533007974,53813.3409405685,228,9.04000000000002,TRUE,"",0.6,4,101,820101,920101
"DGMM",NA,0.875972009272794,0.032,0.428880496073581,0.339,-28670.12681706,59426.3957283727,14,1.78,TRUE,"",0.6,4,102,820102,920102
"RDMM",3.83818658563442,0.972168156856961,0.007,0.783457857719742,0.088,-25776.1569595656,53631.5482581047,129,5.20000000000002,TRUE,"",0.6,4,102,820102,920102
"DGMM",NA,0.831576532182112,0.044,0.389212415042609,0.447,-29003.9060219768,60093.9541382063,17,2.31999999999999,TRUE,"",0.6,4,103,820103,920103
"RDMM",3.87246773906471,0.925369299655092,0.019,0.740323297992022,0.107,-25886.1761839352,53851.5867068439,215,8.56,TRUE,"",0.6,4,103,820103,920103
"DGMM",NA,0.838894866225313,0.042,0.334722719706985,0.413,-28765.2976428024,59616.7373798574,13,1.59999999999999,TRUE,"",0.6,4,104,820104,920104
"RDMM",3.65449394888545,0.929225212630446,0.018,0.693450612336193,0.13,-25515.2504984358,53109.7353358453,143,5.75,TRUE,"",0.6,4,104,820104,920104
"DGMM",NA,0.883483471855192,0.03,0.368205698787293,0.492,-28839.8944060732,59765.930906399,14,1.70999999999998,TRUE,"",0.6,4,105,820105,920105
"RDMM",3.89385674647268,0.940840790302092,0.015,0.787123248187879,0.086,-25358.3111652301,52795.8566694338,300,11.96,TRUE,"",0.6,4,105,820105,920105
"DGMM",NA,0.898602552064052,0.026,0.42845573937007,0.483,-28391.7204045384,58869.5829033295,23,2.85999999999999,TRUE,"",0.6,4,106,820106,920106
"RDMM",4.00739673515332,0.940840812211142,0.015,0.733569102351236,0.111,-25947.2492071575,53973.7327532886,154,6.22,TRUE,"",0.6,4,106,820106,920106
"DGMM",NA,0.88725132744126,0.029,0.410278695518822,0.466,-28146.2696304583,58378.6813551692,23,2.78999999999999,TRUE,"",0.6,4,107,820107,920107
"RDMM",4.05601823653306,0.964288288374168,0.009,0.702881623584217,0.127,-25723.6369066782,53526.50815233,116,4.63999999999999,TRUE,"",0.6,4,107,820107,920107
"DGMM",NA,0.898602540788823,0.026,0.383667519062155,0.483,-29240.6450720066,60567.4322382659,49,5.88,TRUE,"",0.6,4,108,820108,920108
"RDMM",3.76768768133691,0.952528514658116,0.012,0.704469926842609,0.127,-26401.8079742404,54882.8502874544,201,8.12,TRUE,"",0.6,4,108,820108,920108
"DGMM",NA,0.864764674628207,0.035,0.392119267865282,0.485,-28970.8646501396,60027.8713945318,16,2.11000000000001,TRUE,"",0.6,4,109,820109,920109
"RDMM",3.87414676815722,0.952528484718547,0.012,0.675015375696577,0.14,-25958.9358173851,53997.1059737438,226,8.91999999999999,TRUE,"",0.6,4,109,820109,920109
"DGMM",NA,0.722219555505907,0.075,0.349040393964351,0.508,-28286.1988234851,58658.5397412228,28,3.38999999999999,TRUE,"",0.6,4,110,820110,920110
"RDMM",4.1744377442217,0.933089019055487,0.017,0.659305243798666,0.15,-25897.4302646343,53874.0948682422,100,4,TRUE,"",0.6,4,110,820110,920110
"DGMM",NA,0.849933867517557,0.039,0.349805095276187,0.421,-29621.1260772015,61328.3942486556,15,1.82000000000002,TRUE,"",0.6,4,111,820111,920111
"RDMM",3.7166071990669,0.948624589196012,0.013,0.753323777350213,0.102,-26279.3017269908,54637.8377929552,157,6.25,TRUE,"",0.6,4,111,820111,920111
"DGMM",NA,0.910026153900551,0.023,0.40334377091167,0.441,-28280.6497856089,58647.4416654705,13,1.67999999999998,TRUE,"",0.6,4,112,820112,920112
"RDMM",3.98704285685102,0.956440426927384,0.011,0.736730119190107,0.109,-25537.6023507634,53154.4390405005,221,8.79999999999998,TRUE,"",0.6,4,112,820112,920112
"DGMM",NA,0.898602514453935,0.026,0.405544515120969,0.405,-28969.8355981655,60025.8132905837,14,1.77000000000004,TRUE,"",0.6,4,113,820113,920113
"RDMM",3.9203576070383,0.940840801148496,0.015,0.750595228845309,0.103,-25940.8498086238,53960.9339562212,170,6.77999999999997,TRUE,"",0.6,4,113,820113,920113
"DGMM",NA,0.956440437385862,0.011,0.456960437240772,0.417,-28516.8393051202,59119.8207044931,27,3.21999999999997,TRUE,"",0.6,4,114,820114,920114
"RDMM",4.0792219696843,0.948624618887061,0.013,0.763624056378219,0.097,-25685.5341324505,53450.3026038747,300,12.02,TRUE,"",0.6,4,114,820114,920114
"DGMM",NA,0.898602584337268,0.026,0.411030161587832,0.478,-28035.7179647444,58157.5780237415,15,1.91999999999996,TRUE,"",0.6,4,115,820115,920115
"RDMM",3.7723405659145,0.913849834331096,0.022,0.735260180336218,0.109,-25294.8811095576,52668.9965580889,198,7.86000000000001,TRUE,"",0.6,4,115,820115,920115
"DGMM",NA,0.902402420812534,0.025,0.405913244591398,0.464,-29080.0769493077,60246.2959928681,14,1.75,TRUE,"",0.6,4,116,820116,920116
"RDMM",3.85541382269006,0.952528529012566,0.012,0.684921845457065,0.135,-26024.3025453195,54127.8394296127,283,11.23,TRUE,"",0.6,4,116,820116,920116
"DGMM",NA,0.952528506438609,0.012,0.417223273681902,0.396,-28007.4273843197,58100.9968628919,18,2.19,TRUE,"",0.6,4,117,820117,920117
"RDMM",4.14725089348852,0.960360353719972,0.01,0.700284432917617,0.127,-25405.3374848742,52889.9093087219,154,6.16000000000003,TRUE,"",0.6,4,117,820117,920117
"DGMM",NA,0.917681683463319,0.021,0.423717066463685,0.48,-29234.7350063099,60555.6121068725,26,3.18000000000001,TRUE,"",0.6,4,118,820118,920118
"RDMM",3.66278173908825,0.929225225592857,0.018,0.601149384477027,0.184,-26204.7350080614,54488.7043550965,120,4.80000000000001,TRUE,"",0.6,4,118,820118,920118
"DGMM",NA,0.827927923309918,0.045,0.395052585712099,0.475,-29205.6958786892,60497.5338516311,26,3.15999999999997,TRUE,"",0.6,4,119,820119,920119
"RDMM",3.94612545691748,0.925369370582602,0.019,0.486417846609151,0.285,-26310.4766284152,54700.1875958041,297,12.1799999999999,TRUE,"",0.6,4,119,820119,920119
"DGMM",NA,0.933089121470167,0.017,0.445256326460563,0.427,-28070.7760600481,58227.6942143488,22,2.63,TRUE,"",0.6,4,120,820120,920120
"RDMM",4.35150637426723,0.940840816205985,0.015,0.75367639980166,0.101,-25762.4336624732,53604.10166392,100,4.12,TRUE,"",0.6,4,120,820120,920120
"DGMM",NA,0.88348354905019,0.03,0.413718201294605,0.451,-29224.3928707879,60534.9278358283,20,2.54000000000002,TRUE,"",0.6,4,121,820121,920121
"RDMM",3.71663733808684,0.956440401057714,0.011,0.752115055446728,0.102,-26102.7369552294,54284.7082494324,198,7.92999999999995,TRUE,"",0.6,4,121,820121,920121
"DGMM",NA,0.894810820676239,0.027,0.402666518168292,0.449,-29185.7647285656,60457.6715513837,15,1.86000000000001,TRUE,"",0.6,4,122,820122,920122
"RDMM",3.79225254687232,0.960360355626486,0.01,0.702413802529909,0.127,-26099.648948092,54278.5322351576,141,5.61000000000001,TRUE,"",0.6,4,122,820122,920122
"DGMM",NA,0.887251267747346,0.029,0.58862624081776,0.184,-28923.5297197293,59933.2015337113,20,2.44,TRUE,"",0.6,4,123,820123,920123
"RDMM",3.90187562600935,0.944728729592688,0.014,0.777081463446282,0.09,-25629.7279194785,53338.6901779306,151,6.11000000000001,TRUE,"",0.6,4,123,820123,920123
"DGMM",NA,0.933089068756768,0.017,0.420447535236905,0.4,-28445.0069101026,58976.1559144578,20,2.42000000000002,TRUE,"",0.6,4,124,820124,920124
"RDMM",4.05111301712189,0.956440403672337,0.011,0.785391451531895,0.087,-25685.5769365004,53450.3882119744,100,4.09000000000003,TRUE,"",0.6,4,124,820124,920124
"DGMM",NA,0.857329093778109,0.037,0.38872787899609,0.411,-28336.2381503652,58758.6183949829,14,1.71999999999997,TRUE,"",0.6,4,125,820125,920125
"RDMM",3.94116410095846,0.913849535656141,0.022,0.719073179161274,0.117,-25596.5254082159,53272.2851554055,174,6.70000000000005,TRUE,"",0.6,4,125,820125,920125
"DGMM",NA,0.906210283738267,0.024,0.395634575915625,0.393,-28433.1778505509,58952.4977953543,13,0.9,TRUE,"",0.6,4,126,820126,920126
"RDMM",4.00596488428278,0.952528422834642,0.012,0.738694847159929,0.108,-25803.290845441,53685.8160298557,136,4.68,TRUE,"",0.6,4,126,820126,920126
"DGMM",NA,0.592495861978322,0.115,0.272731788758299,0.543,-29233.6099886383,60553.3620715293,24,2.91,TRUE,"",0.6,4,127,820127,920127
"RDMM",3.79024976233515,0.93696095801392,0.016,0.695885902910336,0.128,-26241.0559940618,54561.3463270973,146,5.91,TRUE,"",0.6,4,127,820127,920127
"DGMM",NA,0.933088930504381,0.017,0.457109454826608,0.472,-28026.2975355176,58138.7371652879,17,2.06,TRUE,"",0.6,4,128,820128,920128
"RDMM",4.2171944844763,0.944728282922348,0.014,0.578408634145129,0.204,-25492.7923282352,53064.8189954441,162,6.47,TRUE,"",0.6,4,128,820128,920128
"DGMM",NA,0.944728701180389,0.014,0.420875008951734,0.424,-28221.9383296039,58530.0187534603,15,1.86,TRUE,"",0.6,4,129,820129,920129
"RDMM",4.07116943971989,0.968224194635948,0.008,0.781862622510313,0.089,-25787.3308623817,53653.8960637369,266,10.72,TRUE,"",0.6,4,129,820129,920129
"DGMM",NA,0.742785169009182,0.069,0.33518699908393,0.396,-28364.0672836495,58814.2766615516,11,1.51,TRUE,"",0.6,4,130,820130,920130
"RDMM",3.82879558917139,0.936960888573437,0.016,0.745112320583877,0.105,-25574.9431710727,53229.1206811191,150,6.1,TRUE,"",0.6,4,130,820130,920130
"DGMM",NA,0.770656033717386,0.061,0.289912061381596,0.507,-29402.5202012057,60891.1824966639,12,1.55,TRUE,"",0.6,4,131,820131,920131
"RDMM",3.7686913703215,0.9525285026759,0.012,0.764026828356196,0.097,-25822.577209654,53724.3887582816,155,6.16,TRUE,"",0.6,4,131,820131,920131
"DGMM",NA,0.853630104111665,0.038,0.403997489651816,0.467,-29118.0612782582,60322.2646507689,22,2.7,TRUE,"",0.6,4,132,820132,920132
"RDMM",3.84070664704113,0.960360322224328,0.01,0.750203655370443,0.103,-26115.8836466007,54311.0016321749,129,5.19,TRUE,"",0.6,4,132,820132,920132
"DGMM",NA,0.89860265198042,0.026,0.412874814496686,0.42,-28654.0922821369,59394.3266585265,17,2.13,TRUE,"",0.6,4,133,820133,920133
"RDMM",3.68812502339723,0.917681697716413,0.021,0.739408399220402,0.108,-25604.3003586351,53287.8350562438,120,4.8,TRUE,"",0.6,4,133,820133,920133
"DGMM",NA,0.857331264152691,0.037,0.407047540290226,0.498,-27824.1363979084,57734.4148900694,19,2.38,TRUE,"",0.6,4,134,820134,920134
"RDMM",4.47198731776246,0.984048028538966,0.004,0.801324905370037,0.08,-25316.2425228463,52711.7193846663,158,6.41,TRUE,"",0.6,4,134,820134,920134
"DGMM",NA,0.813418762613696,0.049,0.384981794876655,0.496,-29032.9850934249,60152.1122811023,22,2.61,TRUE,"",0.6,4,135,820135,920135
"RDMM",3.83068974644369,0.940840791925828,0.015,0.707456546975226,0.123,-26129.879000373,54338.9923397197,143,5.83,TRUE,"",0.6,4,135,820135,920135
"DGMM",NA,0.921521477993822,0.02,0.431545867821485,0.466,-28944.5158670115,59975.1738282755,15,1.81,TRUE,"",0.6,4,136,820136,920136
"RDMM",3.74999904924915,0.948624593831534,0.013,0.726174890459475,0.114,-25629.7830534014,53338.8004457765,179,7.11999999999999,TRUE,"",0.6,4,136,820136,920136
"DGMM",NA,0.75317947985303,0.066,0.34202836525908,0.437,-28647.2820117163,59380.7061176852,10,1.25,TRUE,"",0.6,4,137,820137,920137
"RDMM",4.34686994608804,0.933089063350261,0.017,0.748667314810364,0.103,-25624.9201761133,53329.0746912002,275,11.16,TRUE,"",0.6,4,137,820137,920137
"DGMM",NA,0.894810757800545,0.027,0.409507140039479,0.434,-27994.1184625091,58074.3790192707,20,2.47,TRUE,"",0.6,4,138,820138,920138
"RDMM",3.92489877885821,0.940840823850437,0.015,0.741806875420438,0.107,-25328.2789600644,52735.7922591024,108,4.39,TRUE,"",0.6,4,138,820138,920138
"DGMM",NA,0.8986025708691,0.026,0.412531977447813,0.437,-28368.0224172603,58822.1869287732,19,2.3,TRUE,"",0.6,4,139,820139,920139
"RDMM",4.00041613095491,0.933089079878723,0.017,0.761138127632119,0.099,-25863.159409217,53805.5531574076,227,8.98,TRUE,"",0.6,4,139,820139,920139
"DGMM",NA,0.788334380893768,0.056,0.365786418432468,0.458,-28699.3497895767,59484.841673406,20,2.52,TRUE,"",0.6,4,140,820140,920140
"RDMM",3.87301673080173,0.940840793944117,0.015,0.742742243881177,0.106,-25860.6509348291,53800.5362086318,102,4.07000000000001,TRUE,"",0.6,4,140,820140,920140
"DGMM",NA,0.526626917068849,0.137,0.214882476181474,0.558,-29185.5133601116,60457.1688144759,23,2.86000000000001,TRUE,"",0.6,4,141,820141,920141
"RDMM",3.85784514475914,0.956440426927384,0.011,0.737163414336938,0.109,-26253.4971352113,54586.2286093962,155,6.25,TRUE,"",0.6,4,141,820141,920141
"DGMM",NA,0.906210306292862,0.024,0.427491717411284,0.48,-28767.361715696,59620.8655256446,21,2.67000000000002,TRUE,"",0.6,4,142,820142,920142
"RDMM",3.58724004133172,0.956440422737287,0.011,0.782644284154211,0.088,-25696.9385891017,53473.111517177,224,8.91,TRUE,"",0.6,4,142,820142,920142
"DGMM",NA,0.857333426821873,0.037,0.350966023663637,0.426,-28771.7218808311,59629.5858559149,14,1.72,TRUE,"",0.6,4,143,820143,920143
"RDMM",3.79308416230059,0.948624589196012,0.013,0.757816370005117,0.099,-25588.9624659865,53257.1592709467,167,6.73000000000002,TRUE,"",0.6,4,143,820143,920143
"DGMM",NA,0.403842287467441,0.182,0.237466030771731,0.535,-29213.7723687209,60513.6868316945,9,1.14000000000001,TRUE,"",0.6,4,144,820144,920144
"RDMM",3.93162151100228,0.940840553569496,0.015,0.722870135573623,0.115,-25914.2816758652,53907.797690704,130,5.48000000000002,TRUE,"",0.6,4,144,820144,920144
"DGMM",NA,0.827928650271006,0.045,0.369802632239859,0.491,-28835.5673209987,59757.2767362499,15,1.87,TRUE,"",0.6,4,145,820145,920145
"RDMM",3.88037695428296,0.940840787354327,0.015,0.740941746590162,0.107,-25795.9742737216,53671.1828864167,174,6.92000000000002,TRUE,"",0.6,4,145,820145,920145
"DGMM",NA,0.940840787354327,0.015,0.433650853987473,0.407,-27997.0113285316,58080.1647513159,19,2.34,TRUE,"",0.6,4,146,820146,920146
"RDMM",3.90998752562185,0.968224198713949,0.008,0.788296540089751,0.086,-25273.5390193429,52626.3123776593,184,7.31,TRUE,"",0.6,4,146,820146,920146
"DGMM",NA,0.887251298519798,0.029,0.366270621765905,0.461,-29122.2565916144,60330.6552774814,14,1.75,TRUE,"",0.6,4,147,820147,920147
"RDMM",3.58357661310613,0.960360360979977,0.01,0.761141793962727,0.098,-25839.0218450264,53757.2780290264,278,11.23,TRUE,"",0.6,4,147,820147,920147
"DGMM",NA,0.813418652379798,0.049,0.379746696010855,0.478,-28714.8660002917,59515.8740948361,21,2.53,TRUE,"",0.6,4,148,820148,920148
"RDMM",3.82164724215713,0.944728698628385,0.014,0.712440658650129,0.121,-25614.1513232274,53307.5369854285,128,5.19999999999999,TRUE,"",0.6,4,148,820148,920148
"DGMM",NA,0.948624311903287,0.013,0.447132299390598,0.457,-28425.7987936099,58937.7396814724,37,4.44999999999999,TRUE,"",0.6,4,149,820149,920149
"RDMM",3.66723860704068,0.956440175293886,0.011,0.728304768505382,0.113,-25644.0946445159,53367.4236280054,232,9.25,TRUE,"",0.6,4,149,820149,920149
"DGMM",NA,0.87222831195624,0.033,0.408392526281086,0.502,-28774.9128927936,59635.9678798399,40,4.85999999999999,TRUE,"",0.6,4,150,820150,920150
"RDMM",4.00574889199474,0.944728681321713,0.014,0.776444171452763,0.091,-26089.235690267,54257.7057195076,281,11.39,TRUE,"",0.6,4,150,820150,920150
"DGMM",NA,0.929225212476132,0.018,0.43831305228734,0.384,-27954.5803859312,57995.3028661149,16,1.96000000000001,TRUE,"",0.6,4,151,820151,920151
"RDMM",4.54885474157277,0.952528519977202,0.012,0.750076116509003,0.103,-25434.8486351102,52948.9316091941,152,6.03,TRUE,"",0.6,4,151,820151,920151
"DGMM",NA,0.84624653080142,0.04,0.553152756543275,0.204,-28199.6248374512,58485.391769155,17,2.08000000000001,TRUE,"",0.6,4,152,820152,920152
"RDMM",4.37885647412754,0.968224196600317,0.008,0.746937929218312,0.105,-25752.8299702938,53584.8942795612,103,4.13999999999999,TRUE,"",0.6,4,152,820152,920152
"DGMM",NA,0.00490797491156552,0.453,0.00229284366656058,0.718,-27525.8635427239,57137.8691797003,28,3.44,TRUE,"",0.6,4,153,820153,920153
"RDMM",3.84868686840516,0.898599663879936,0.026,0.740103754138392,0.108,-25943.0629869512,53965.360312876,243,9.67999999999998,TRUE,"",0.6,4,153,820153,920153
"DGMM",NA,0.9176817446988,0.021,0.411524639121801,0.405,-28534.929483007,59156.0010602666,17,2.16000000000003,TRUE,"",0.6,4,154,820154,920154
"RDMM",3.83519107422471,0.968224192894201,0.008,0.763126478741846,0.098,-25780.595131244,53640.4246014617,113,4.5,TRUE,"",0.6,4,154,820154,920154
"DGMM",NA,0.929225212113039,0.018,0.334187750284071,0.48,-29011.3345925974,60108.8112794475,19,2.33000000000004,TRUE,"",0.6,4,155,820155,920155
"RDMM",3.7239171166792,0.948624617107971,0.013,0.776463874895059,0.091,-25637.8514227962,53354.937184566,122,4.92000000000002,TRUE,"",0.6,4,155,820155,920155
"DGMM",NA,0.933089039407147,0.017,0.568093456197446,0.202,-28151.9342254719,58390.0105451964,22,2.66999999999996,TRUE,"",0.6,4,156,820156,920156
"RDMM",4.1218702644911,0.956440399750402,0.011,0.767791790196984,0.095,-25750.9894570988,53581.2132531712,240,9.87,TRUE,"",0.6,4,156,820156,920156
"DGMM",NA,0.879723400061887,0.031,0.33925828602094,0.504,-28545.9698983636,59178.0818909798,25,3,TRUE,"",0.6,4,157,820157,920157
"RDMM",3.80428910941972,0.921521420741916,0.02,0.702334771278039,0.125,-25639.4261191018,53358.0865771772,261,10.48,TRUE,"",0.6,4,157,820157,920157
"DGMM",NA,0.718822732215089,0.076,0.313357352291428,0.533,-29342.1095428922,60770.361180037,15,1.79000000000002,TRUE,"",0.6,4,158,820158,920158
"RDMM",3.66147721451009,0.929225224721434,0.018,0.763591121233693,0.096,-25922.4532277134,53924.1407944004,227,9.11000000000001,TRUE,"",0.6,4,158,820158,920158
"DGMM",NA,0.936960973731467,0.016,0.432791965982314,0.435,-27972.5175141162,58031.177122485,16,1.96999999999997,TRUE,"",0.6,4,159,820159,920159
"RDMM",4.20114174797544,0.960360356722732,0.01,0.797677574968674,0.082,-25248.2030260338,52575.6403910412,254,10.13,TRUE,"",0.6,4,159,820159,920159
"DGMM",NA,0.857333462319765,0.037,0.3178157542264,0.44,-29062.3240535594,60210.7902013714,10,1.27999999999997,TRUE,"",0.6,4,160,820160,920160
"RDMM",3.8476313084524,0.968224173442047,0.008,0.739860004525828,0.108,-25809.1580129103,53697.5503647943,128,5.13,TRUE,"",0.6,4,160,820160,920160
"DGMM",NA,0.00190831743914702,0.475,0.000681300093916279,0.716,-27785.2145610541,57656.5712163609,23,2.85000000000002,TRUE,"",0.6,4,161,820161,920161
"RDMM",3.64117835308599,0.960360329575858,0.01,0.81102777832467,0.076,-26006.8333740624,54092.9010870984,180,7.37,TRUE,"",0.6,4,161,820161,920161
"DGMM",NA,0.883483472975992,0.03,0.393926305921039,0.483,-29174.9110056416,60435.9641055358,18,2.25,TRUE,"",0.6,4,162,820162,920162
"RDMM",4.01017870749181,0.92152154011099,0.02,0.548555525948205,0.258,-26233.6559641233,54546.5462672202,142,5.94,TRUE,"",0.6,4,162,820162,920162
"DGMM",NA,0.691923781934763,0.084,0.327397275519999,0.453,-28452.4595228829,58991.0611400184,22,2.68000000000001,TRUE,"",0.6,4,163,820163,920163
"RDMM",3.91059229486348,0.948624579035419,0.013,0.762282932430208,0.098,-25821.2996999827,53721.833738939,172,6.88,TRUE,"",0.6,4,163,820163,920163
"DGMM",NA,0.77770383948476,0.059,0.360781199526806,0.452,-28312.6374391808,58711.4169726143,18,2.17000000000002,TRUE,"",0.6,4,164,820164,920164
"RDMM",4.25195957725,0.972168162066811,0.007,0.798142427865678,0.082,-25564.7198484396,53208.6740358527,122,4.94,TRUE,"",0.6,4,164,820164,920164
"DGMM",NA,0.813417795738444,0.049,0.333278001803009,0.443,-29340.133778546,60766.4096513446,10,1.25,TRUE,"",0.6,4,165,820165,920165
"RDMM",3.77830471579767,0.968223971621481,0.008,0.791156480980486,0.084,-25768.0109915705,53615.2563221145,202,8.06,TRUE,"",0.6,4,165,820165,920165
"DGMM",NA,0.91002600663061,0.023,0.393342332358573,0.452,-28879.9337111435,59846.0095165396,15,1.87,TRUE,"",0.6,4,166,820166,920166
"RDMM",4.04749291749937,0.944728679084277,0.014,0.715045193337446,0.119,-25954.3508935464,53987.9361260664,206,8.20999999999998,TRUE,"",0.6,4,166,820166,920166
"DGMM",NA,0.883483441109792,0.03,0.368613549671731,0.488,-28687.1851786428,59460.5124515381,18,2,TRUE,"",0.6,4,167,820167,920167
"RDMM",3.94425613236863,0.944728682080226,0.014,0.760074039018889,0.098,-25887.0004766108,53853.2352921953,100,3.13,TRUE,"",0.6,4,167,820167,920167
"DGMM",NA,0.913849772470104,0.022,0.348259667964755,0.45,-29021.4230585977,60128.9882114479,17,1.16,TRUE,"",0.6,4,168,820168,920168
"RDMM",3.84111269061227,0.9603603209584,0.01,0.615234054328225,0.181,-25760.2380470992,53599.7104331719,121,4.28,TRUE,"",0.6,4,168,820168,920168
"DGMM",NA,0.79903513785806,0.053,0.372621933746729,0.473,-29420.6887753607,60927.5196449741,19,2.28,TRUE,"",0.6,4,169,820169,920169
"RDMM",3.75750344876622,0.972168169107868,0.007,0.792967957525739,0.084,-25971.1166728647,54021.467684703,271,10.84,TRUE,"",0.6,4,169,820169,920169
"DGMM",NA,0.913849811315375,0.022,0.434306153824779,0.441,-28845.946470515,59778.0350352826,14,1.81,TRUE,"",0.6,4,170,820170,920170
"RDMM",3.91040559083171,0.933089061895653,0.017,0.754182161734392,0.101,-25847.3958453633,53774.0260297002,204,8.05,TRUE,"",0.6,4,170,820170,920170
"DGMM",NA,0.93696096578679,0.016,0.438688491288965,0.401,-28884.418583738,59854.9792617287,18,2.25,TRUE,"",0.6,4,171,820171,920171
"RDMM",3.74916433783268,0.944728731187689,0.014,0.718546779715207,0.119,-26013.9231061382,54107.08055125,110,4.56,TRUE,"",0.6,4,171,820171,920171
"DGMM",NA,0.729043434528618,0.073,0.356804362640487,0.409,-29023.3060507864,60132.7541958253,11,1.51,TRUE,"",0.6,4,172,820172,920172
"RDMM",3.94150491951037,0.940840692737383,0.015,0.578183012907948,0.235,-25839.0002455493,53757.2348300722,125,5.13,TRUE,"",0.6,4,172,820172,920172
"DGMM",NA,0.929225226682135,0.018,0.413420990726179,0.425,-27962.3140763179,58010.7702468884,14,1.73,TRUE,"",0.6,4,173,820173,920173
"RDMM",4.20598961770779,0.948624584965727,0.013,0.56466000917149,0.211,-25436.0788292932,52951.3919975601,201,8.03,TRUE,"",0.6,4,173,820173,920173
"DGMM",NA,0.906210146935391,0.024,0.428304362100829,0.485,-28857.1005807021,59800.3432556568,19,2.33,TRUE,"",0.6,4,174,820174,920174
"RDMM",3.94245557254239,0.95252848285774,0.012,0.763254338048593,0.097,-26040.2093748712,54159.6530887159,300,11.94,TRUE,"",0.6,4,174,820174,920174
"DGMM",NA,0.921521488713448,0.02,0.407708921417304,0.423,-28202.5349028111,58491.2118998748,17,2.07000000000001,TRUE,"",0.6,4,175,820175,920175
"RDMM",3.9264599417967,0.968224193395482,0.008,0.766252055529967,0.096,-25444.1993697163,52967.6330784062,120,4.86,TRUE,"",0.6,4,175,820175,920175
"DGMM",NA,0.739336846466001,0.07,0.307675864460313,0.48,-29936.7744659788,61959.6910262102,25,3,TRUE,"",0.6,4,176,820176,920176
"RDMM",3.70572552074183,0.910025478355448,0.023,0.722930300431812,0.116,-26444.9834783043,54969.2012955823,185,7.41,TRUE,"",0.6,4,176,820176,920176
"DGMM",NA,0.000777060420273812,0.471,-0.000876186647921667,0.729,-27629.1553675352,57344.452829323,34,4.21000000000001,TRUE,"",0.6,4,177,820177,920177
"RDMM",3.97841508617267,0.936960681112145,0.016,0.5969106112775,0.187,-26075.8124761874,54230.8592913485,142,5.59,TRUE,"",0.6,4,177,820177,920177
"DGMM",NA,0.894810813249342,0.027,0.403342081757643,0.421,-28429.4447248094,58945.0315438713,14,1.8,TRUE,"",0.6,4,178,820178,920178
"RDMM",4.08802280520155,0.940840840983107,0.015,0.769399368125405,0.094,-25646.5294572389,53372.2932534515,249,10.18,TRUE,"",0.6,4,178,820178,920178
"DGMM",NA,0.894806404664908,0.027,0.398479505763847,0.484,-28107.3757186542,58300.8935315611,17,2.08999999999999,TRUE,"",0.6,4,179,820179,920179
"RDMM",3.98329996990349,0.94472778379055,0.014,0.772456180132581,0.092,-25446.6033960587,52972.441131091,185,7.44,TRUE,"",0.6,4,179,820179,920179
"DGMM",NA,0.875971916494937,0.032,0.402305376142686,0.483,-29041.7295203575,60169.6011349675,17,2.09999999999999,TRUE,"",0.6,4,180,820180,920180
"RDMM",3.81734480862565,0.952528513523368,0.012,0.523118877569373,0.297,-26001.118634745,54081.4716084635,220,8.76000000000001,TRUE,"",0.6,4,180,820180,920180
"DGMM",NA,0.906210282948856,0.024,0.372922986181103,0.484,-28259.6345449954,58605.4111842434,19,2.38999999999999,TRUE,"",0.6,4,181,820181,920181
"RDMM",3.925457624815,0.925369129773108,0.019,0.736447443375424,0.109,-25701.0730459669,53481.3804309074,293,11.78,TRUE,"",0.6,4,181,820181,920181
"DGMM",NA,0.875972131435362,0.032,0.398761333710623,0.446,-29010.7312725904,60107.6046394334,16,1.96000000000001,TRUE,"",0.6,4,182,820182,920182
"RDMM",3.67737977336601,0.960360321276788,0.01,0.780989478966827,0.089,-25612.8118987575,53304.8581364885,300,12.03,TRUE,"",0.6,4,182,820182,920182
"DGMM",NA,0.879723741321159,0.031,0.55000577918788,0.206,-29001.9215462514,60089.9851867555,14,1.72999999999999,TRUE,"",0.6,4,183,820183,920183
"RDMM",3.91612156213905,0.95252852024738,0.012,0.758449444086707,0.099,-25988.6757999564,54056.5859388865,139,5.60999999999999,TRUE,"",0.6,4,183,820183,920183
"DGMM",NA,0.89102718491734,0.028,0.418750167980076,0.449,-28516.0514735534,59118.2450413595,24,3.09,TRUE,"",0.6,4,184,820184,920184
"RDMM",3.83379673171249,0.933089041003355,0.017,0.729914195011822,0.112,-25797.7020966098,53674.6385321932,162,6.48000000000002,TRUE,"",0.6,4,184,820184,920184
"DGMM",NA,0.929225185398476,0.018,0.364791850123804,0.42,-28728.3439993468,59542.8300929462,12,1.48000000000002,TRUE,"",0.6,4,185,820185,920185
"RDMM",3.81976443187297,0.956440419385209,0.011,0.541160271063273,0.238,-25872.23385187,53823.7020427137,195,7.79999999999998,TRUE,"",0.6,4,185,820185,920185
"DGMM",NA,0.820657704313637,0.047,0.369403545585428,0.428,-28249.8609707707,58585.864035794,14,1.74000000000001,TRUE,"",0.6,4,186,820186,920186
"RDMM",4.02132396359708,0.936960950810042,0.016,0.749657692540858,0.103,-25556.8681299125,53192.9705987987,213,8.49000000000001,TRUE,"",0.6,4,186,820186,920186
"DGMM",NA,0.662258093250859,0.093,0.302527243161739,0.499,-28616.3521758897,59318.8464460321,16,2.08000000000001,TRUE,"",0.6,4,187,820187,920187
"RDMM",3.93451385900324,0.913849849236613,0.022,0.482827736284466,0.307,-25812.4681759277,53704.170690829,118,4.78999999999999,TRUE,"",0.6,4,187,820187,920187
"DGMM",NA,0.91002594488718,0.023,0.319198146884093,0.468,-28699.5917322751,59485.3255588027,14,1.69000000000003,TRUE,"",0.6,4,188,820188,920188
"RDMM",3.92202394194817,0.944728688654299,0.014,0.754533379151994,0.101,-25948.6029431393,53976.4402252523,172,6.91999999999999,TRUE,"",0.6,4,188,820188,920188
"DGMM",NA,0.861045051227002,0.036,0.408529943169584,0.47,-28679.792386902,59445.7268680566,13,1.63,TRUE,"",0.6,4,189,820189,920189
"RDMM",4.05563211587983,0.944728724892751,0.014,0.652964256684184,0.153,-26092.6097501768,54264.4538393273,124,5.04000000000002,TRUE,"",0.6,4,189,820189,920189
"DGMM",NA,0.708676648612424,0.079,0.325965875502746,0.491,-28623.0415178091,59332.2251298708,20,2.42000000000002,TRUE,"",0.6,4,190,820190,920190
"RDMM",3.94331126220395,0.944728718772376,0.014,0.769026459344112,0.094,-25707.5008297111,53494.2359983958,220,8.98999999999998,TRUE,"",0.6,4,190,820190,920190
"DGMM",NA,0.85362967093946,0.038,0.407234723814752,0.426,-28697.133529113,59480.4091524786,23,2.84999999999999,TRUE,"",0.6,4,191,820191,920191
"RDMM",3.75539242740016,0.944728721551223,0.014,0.774160343308198,0.092,-25879.1063818198,53837.4471026133,157,6.38,TRUE,"",0.6,4,191,820191,920191
"DGMM",NA,0.933089096870591,0.017,0.44321755791871,0.475,-29310.3553079745,60706.8527102016,22,2.64000000000001,TRUE,"",0.6,4,192,820192,920192
"RDMM",3.6668667747555,0.929225185970347,0.018,0.579863069216791,0.2,-26304.9540029958,54689.1423449652,147,5.91999999999999,TRUE,"",0.6,4,192,820192,920192
"DGMM",NA,0.933089025491814,0.017,0.356585443617766,0.502,-28959.8740535968,60005.8902014462,22,2.67000000000002,TRUE,"",0.6,4,193,820193,920193
"RDMM",4.09721847631826,0.944728696031188,0.014,0.462666285619251,0.323,-26088.4857794621,54256.2058978978,125,5.07999999999998,TRUE,"",0.6,4,193,820193,920193
"DGMM",NA,0.906210236680324,0.024,0.414881600765069,0.441,-28701.053744739,59488.2495837306,24,2.97,TRUE,"",0.6,4,194,820194,920194
"RDMM",3.82435950880511,0.933089076055551,0.017,0.748072963327701,0.104,-25745.0639494053,53569.3622377842,109,4.47,TRUE,"",0.6,4,194,820194,920194
"DGMM",NA,-0.00114125475544761,0.5,-0.000313169604768268,0.729,-27071.8205807988,56229.7832558503,38,4.55000000000001,TRUE,"",0.6,4,195,820195,920195
"RDMM",3.96506558051684,0.910026044065516,0.023,0.645868359166785,0.154,-25722.3461405735,53523.9266201205,194,7.75,TRUE,"",0.6,4,195,820195,920195
"DGMM",NA,0.921521488713448,0.02,0.429118709282431,0.409,-28404.4385844037,58895.0192630601,13,1.66000000000003,TRUE,"",0.6,4,196,820196,920196
"RDMM",4.05109134065269,0.956440399038085,0.011,0.792810737949497,0.084,-25480.1537336849,53039.5418063434,114,4.61000000000001,TRUE,"",0.6,4,196,820196,920196
"DGMM",NA,0.571103802213378,0.122,0.294500036771028,0.481,-29498.0118670777,61082.1658284081,12,1.49000000000001,TRUE,"",0.6,4,197,820197,920197
"RDMM",3.8551863251537,0.944728713384815,0.014,0.730230269104557,0.112,-26134.6605413023,54348.5554215782,128,5.12,TRUE,"",0.6,4,197,820197,920197
"DGMM",NA,0.791891759950566,0.055,0.346980907527809,0.43,-29348.8419234396,60783.8259411317,12,1.67000000000002,TRUE,"",0.6,4,198,820198,920198
"RDMM",3.79397513445434,0.956440403672337,0.011,0.71584363582433,0.119,-26027.0884554886,54133.4112499509,136,5.55000000000001,TRUE,"",0.6,4,198,820198,920198
"DGMM",NA,0.933089031928139,0.017,0.430799893931524,0.434,-28129.0303634969,58344.2028212465,14,1.69999999999999,TRUE,"",0.6,4,199,820199,920199
"RDMM",3.92769523782949,0.95252848285774,0.012,0.772312736181342,0.093,-25524.4725528613,53128.1794446961,138,5.52000000000004,TRUE,"",0.6,4,199,820199,920199
"DGMM",NA,0.898598689663669,0.026,0.405317875503246,0.487,-29025.6369941336,60137.4160825198,22,2.65999999999997,TRUE,"",0.6,4,200,820200,920200
"RDMM",3.99150814113578,0.944727143180457,0.014,0.748588354415034,0.103,-26092.3809573787,54263.996253731,155,6.18000000000001,TRUE,"",0.6,4,200,820200,920200
"DGMM",NA,0.838894954310635,0.042,0.395324376222774,0.507,-28726.5405539471,59539.2232021468,26,3.10999999999996,TRUE,"",0.6,4,201,820201,920201
"RDMM",3.94543186288742,0.940840832185354,0.015,0.762163574993984,0.097,-25781.2075045288,53641.6493480312,199,8.06999999999999,TRUE,"",0.6,4,201,820201,920201
"DGMM",NA,0.917681622523367,0.021,0.443619281916341,0.486,-27918.764729281,57923.6715528146,20,2.44,TRUE,"",0.6,4,202,820202,920202
"RDMM",4.46568459482342,0.952528495403916,0.012,0.655488684975312,0.157,-25738.4571062552,53556.148551484,266,10.5,TRUE,"",0.6,4,202,820202,920202
"DGMM",NA,0.891026925555944,0.028,0.385868161412533,0.464,-28184.257803607,58454.6577014667,16,1.96000000000004,TRUE,"",0.6,4,203,820203,920203
"RDMM",3.94753701627421,0.921521448445639,0.02,0.736578885065961,0.109,-25556.1355766635,53191.5054923007,274,11.23,TRUE,"",0.6,4,203,820203,920203
"DGMM",NA,0.872228445514421,0.033,0.352968663445739,0.478,-29388.2238571563,60862.5898085653,15,1.95999999999998,TRUE,"",0.6,4,204,820204,920204
"RDMM",3.6284638501444,0.94472868437969,0.014,0.722127167679293,0.116,-26187.5120060449,54454.2583510635,132,5.38,TRUE,"",0.6,4,204,820204,920204
"DGMM",NA,0.770653540975104,0.061,0.338732126861129,0.46,-29241.5632378938,60569.2685700403,18,2.29000000000002,TRUE,"",0.6,4,205,820205,920205
"RDMM",3.87654168109228,0.936960777552633,0.016,0.564149079792699,0.215,-26041.5107270619,54162.2557930975,172,6.77999999999997,TRUE,"",0.6,4,205,820205,920205
"DGMM",NA,0.559086761381907,0.126,0.247337807536317,0.514,-29191.5504871455,60469.2430685436,28,3.36000000000001,TRUE,"",0.6,4,206,820206,920206
"RDMM",3.76792206551981,0.94862459484957,0.013,0.728495205233057,0.113,-26199.3145738189,54477.8634866114,247,9.97000000000003,TRUE,"",0.6,4,206,820206,920206
"DGMM",NA,0.948624590154745,0.013,0.421844819726466,0.397,-27404.491679121,56895.1254524946,19,2.30000000000001,TRUE,"",0.6,4,207,820207,920207
"RDMM",4.42657930223771,0.960360338374431,0.01,0.755103618572873,0.101,-25116.6606204567,52312.555579887,129,5.22999999999996,TRUE,"",0.6,4,207,820207,920207
"DGMM",NA,0.917681670350468,0.021,0.424956972803271,0.442,-28017.9404118915,58122.0229180356,28,3.37,TRUE,"",0.6,4,208,820208,920208
"RDMM",4.00567472522451,0.940840844761702,0.015,0.75508035992392,0.1,-25814.7811745635,53708.7966881006,153,5.57999999999998,TRUE,"",0.6,4,208,820208,920208
"DGMM",NA,0.861045337688283,0.036,0.389202875018113,0.416,-29313.9714117752,60714.0849178029,14,0.98,TRUE,"",0.6,4,209,820209,920209
"RDMM",3.98431823562387,0.92536930314404,0.019,0.739656093409239,0.107,-26264.6575194055,54608.5493777846,200,6.91,TRUE,"",0.6,4,209,820209,920209
"DGMM",NA,0.933089044195771,0.017,0.442976566860602,0.434,-28224.2115030913,58534.5651004352,28,3.41,TRUE,"",0.6,4,210,820210,920210
"RDMM",4.37289603542328,0.948624570851592,0.013,0.696677833793097,0.13,-25807.9480059793,53695.1303509323,256,10.25,TRUE,"",0.6,4,210,820210,920210
"DGMM",NA,0.81703349327217,0.048,0.376905151225909,0.505,-28670.1890210127,59426.520136278,15,1.89,TRUE,"",0.6,4,211,820211,920211
"RDMM",4.2633489849296,0.929223428274831,0.018,0.608825429437394,0.179,-26157.3089183427,54393.852175659,223,9.14,TRUE,"",0.6,4,211,820211,920211
"DGMM",NA,0.933089022488195,0.017,0.354072521481781,0.464,-28301.9963690762,58690.134832405,16,1.98,TRUE,"",0.6,4,212,820212,920212
"RDMM",4.14517199900557,0.956440127559705,0.011,0.559652885092439,0.281,-25539.1760175344,53157.5863740425,121,5.05,TRUE,"",0.6,4,212,820212,920212
"DGMM",NA,0.614265533727872,0.108,0.244496889645571,0.533,-29826.1763305825,61738.4947554176,12,1.52,TRUE,"",0.6,4,213,820213,920213
"RDMM",3.72104671762901,0.95252839182185,0.012,0.742755129662261,0.107,-26297.0158481401,54673.2660352537,141,5.65,TRUE,"",0.6,4,213,820213,920213
"DGMM",NA,0.774175464202104,0.06,0.326240061964748,0.461,-29713.3976914433,61512.9374771392,8,1.05,TRUE,"",0.6,4,214,820214,920214
"RDMM",3.99194401048614,0.910025941979161,0.023,0.575541399845227,0.207,-25950.1547564316,53979.5438518369,159,6.29,TRUE,"",0.6,4,214,820214,920214
"DGMM",NA,-0.000453771116156781,0.497,0.00110494412926085,0.72,-27724.9837050444,57536.1095043415,26,3.14,TRUE,"",0.6,4,215,820215,920215
"RDMM",3.65963345085109,0.917681613617807,0.021,0.76371672326769,0.096,-26101.4200090762,54282.074357126,240,9.56000000000001,TRUE,"",0.6,4,215,820215,920215
"DGMM",NA,0.595569237184977,0.114,0.260543792557161,0.463,-30070.6508450638,62227.4437843802,12,1.61,TRUE,"",0.6,4,216,820216,920216
"RDMM",3.56103310451266,0.906209453721608,0.024,0.739787508532932,0.106,-26228.2968695346,54535.8280780427,130,5.19,TRUE,"",0.6,4,216,820216,920216
"DGMM",NA,0.41933871244717,0.176,0.233943414379282,0.542,-29048.3968468202,60182.9357878931,12,1.54000000000001,TRUE,"",0.6,4,217,820217,920217
"RDMM",3.82163771272835,0.956440399750402,0.011,0.801982481707297,0.08,-25691.9877753863,53463.2098897462,164,6.53,TRUE,"",0.6,4,217,820217,920217
"DGMM",NA,0.902402320021437,0.025,0.421285016713564,0.45,-28662.084306809,59410.3107078706,19,2.31,TRUE,"",0.6,4,218,820218,920218
"RDMM",3.91246833787705,0.944728679084277,0.014,0.747386422768481,0.104,-25910.1457187256,53899.5257764248,142,5.73,TRUE,"",0.6,4,218,820218,920218
"DGMM",NA,0.652514756669168,0.096,0.457088869345271,0.264,-29450.2257998057,60986.593693864,6,0.789999999999992,TRUE,"",0.6,4,219,820219,920219
"RDMM",3.92219684444645,0.964288238048545,0.009,0.717760792496217,0.12,-25861.4389604256,53802.1122598248,134,5.32000000000001,TRUE,"",0.6,4,219,820219,920219
"DGMM",NA,0.86104516702666,0.036,0.398410740157697,0.505,-28687.9597652087,59462.0616246699,27,3.27999999999999,TRUE,"",0.6,4,220,820220,920220
"RDMM",3.6571696031935,0.929225138668366,0.018,0.604320480214442,0.182,-25932.7281758632,53944.6906906999,167,6.86,TRUE,"",0.6,4,220,820220,920220
"DGMM",NA,0.842567559378081,0.041,0.371954817650181,0.437,-27893.7506068477,57873.643307948,13,1.61,TRUE,"",0.6,4,221,820221,920221
"RDMM",4.28610661004406,0.956440397663732,0.011,0.739880098947761,0.108,-25448.1955713587,52975.625481691,121,4.95,TRUE,"",0.6,4,221,820221,920221
"DGMM",NA,0.894810662829166,0.027,0.532366304729087,0.228,-29020.0465517218,60126.2351976962,18,2.20999999999999,TRUE,"",0.6,4,222,820222,920222
"RDMM",4.07561240774072,0.948624587812274,0.013,0.646397445355503,0.154,-25766.9574717435,53613.1492824606,137,5.48,TRUE,"",0.6,4,222,820222,920222
"DGMM",NA,0.85363015263233,0.038,0.312937852937041,0.504,-29034.7575497063,60155.6571936653,21,2.54000000000001,TRUE,"",0.6,4,223,820223,920223
"RDMM",3.56281150552966,0.936960902784144,0.016,0.732568683376507,0.112,-26001.9711308559,54083.1766006855,107,4.33,TRUE,"",0.6,4,223,820223,920223
"DGMM",NA,0.659004379421221,0.094,0.25329229709745,0.532,-29898.8397183578,61883.8215309682,15,1.87,TRUE,"",0.6,4,224,820224,920224
"RDMM",3.67058031099453,0.933089029714043,0.017,0.519811071634403,0.274,-26159.3171699703,54397.8686789143,136,5.53,TRUE,"",0.6,4,224,820224,920224
"DGMM",NA,0.831575670352137,0.044,0.390808611197083,0.438,-29515.8124465194,61117.7669872913,16,1.99000000000001,TRUE,"",0.6,4,225,820225,920225
"RDMM",3.6479200574676,0.925369333295424,0.019,0.719799870627712,0.117,-26236.6301820249,54552.4947030234,164,6.60999999999999,TRUE,"",0.6,4,225,820225,920225
"DGMM",NA,0.898602764966439,0.026,0.415944301171501,0.476,-28449.7384221103,58985.6189384733,24,2.92000000000002,TRUE,"",0.6,4,226,820226,920226
"RDMM",3.98786594959501,0.948624625459808,0.013,0.751812091998514,0.103,-25707.640996844,53494.5163326617,216,8.62,TRUE,"",0.6,4,226,820226,920226
"DGMM",NA,0.8610450659835,0.036,0.381757490943415,0.493,-28863.4130872331,59812.9682687187,12,1.51000000000002,TRUE,"",0.6,4,227,820227,920227
"RDMM",4.07313659069246,0.921521446019881,0.02,0.751200750578805,0.102,-25949.2845132468,53977.8033654672,268,10.9,TRUE,"",0.6,4,227,820227,920227
"DGMM",NA,0.875971960590236,0.032,0.414931605154358,0.464,-28469.397091512,59024.9362772765,22,2.66999999999999,TRUE,"",0.6,4,228,820228,920228
"RDMM",3.92258866381885,0.936960955176029,0.016,0.733694029799587,0.11,-25799.2962262973,53677.8267915683,249,9.96000000000001,TRUE,"",0.6,4,228,820228,920228
"DGMM",NA,0.89481079906336,0.027,0.329439158850653,0.476,-28986.237890147,60058.6178745465,16,1.92000000000002,TRUE,"",0.6,4,229,820229,920229
"RDMM",3.82408996247657,0.93696096128841,0.016,0.747652908892684,0.104,-25985.3904178533,54050.0151746802,234,9.41000000000003,TRUE,"",0.6,4,229,820229,920229
"DGMM",NA,0.906210226900638,0.024,0.431563233409614,0.423,-28215.6340867035,58517.4102676596,24,2.94999999999999,TRUE,"",0.6,4,230,820230,920230
"RDMM",3.97101288382964,0.917681656144874,0.021,0.740678826402228,0.106,-25789.2433223322,53657.720983638,241,9.62,TRUE,"",0.6,4,230,820230,920230
"DGMM",NA,0.887251501230013,0.029,0.364349211089735,0.411,-29485.122058824,61056.3862119007,13,1.59,TRUE,"",0.6,4,231,820231,920231
"RDMM",3.79446574861409,0.956440403672337,0.011,0.678806451591778,0.138,-26299.9345236419,54679.1033862574,156,6.24000000000001,TRUE,"",0.6,4,231,820231,920231
"DGMM",NA,0.92152151620575,0.02,0.433425147955426,0.445,-28217.6030072739,58521.3481088003,21,2.54000000000002,TRUE,"",0.6,4,232,820232,920232
"RDMM",3.96531806249261,0.929225220431267,0.018,0.705678480008501,0.126,-25864.404668909,53808.0436767916,100,4.07999999999998,TRUE,"",0.6,4,232,820232,920232
"DGMM",NA,0.853630104111665,0.038,0.373921343096898,0.451,-28769.5788808552,59625.2998559631,15,1.79999999999998,TRUE,"",0.6,4,233,820233,920233
"RDMM",4.06192626545028,0.921521446019881,0.02,0.738129774590817,0.108,-25952.0702837472,53983.374906468,172,7.11000000000001,TRUE,"",0.6,4,233,820233,920233
"DGMM",NA,0.921521532833733,0.02,0.395233853387611,0.481,-27975.1460716637,58036.4342375799,17,2.09,TRUE,"",0.6,4,234,820234,920234
"RDMM",3.92481434182916,0.940840826551603,0.015,0.782612738331113,0.088,-25425.026021434,52929.2863818417,193,7.69999999999999,TRUE,"",0.6,4,234,820234,920234
"DGMM",NA,0.820657530006888,0.047,0.387290057209345,0.472,-28274.7484181864,58635.6389306254,25,3.03999999999999,TRUE,"",0.6,4,235,820235,920235
"RDMM",3.81067246846464,0.952528487259748,0.012,0.736362240432579,0.109,-25550.9855120975,53181.2053631687,193,7.66999999999999,TRUE,"",0.6,4,235,820235,920235
"DGMM",NA,0.515038321801845,0.141,0.229593872373854,0.535,-28920.3535478846,59926.8491900219,27,3.26999999999998,TRUE,"",0.6,4,236,820236,920236
"RDMM",3.66197702245302,0.929225224204027,0.018,0.729047530399339,0.112,-26057.6556058539,54194.5455506814,191,7.63999999999999,TRUE,"",0.6,4,236,820236,920236
"DGMM",NA,0.879723901606833,0.031,0.404147292744753,0.49,-28924.1912654516,59934.5246251558,16,2.08000000000004,TRUE,"",0.6,4,237,820237,920237
"RDMM",3.71621474852628,0.940840784611426,0.015,0.747470711069203,0.104,-25952.9772350925,53985.1888091587,154,6.22999999999996,TRUE,"",0.6,4,237,820237,920237
"DGMM",NA,0.925369296079998,0.019,0.426661628512476,0.439,-28653.471692053,59393.0854783585,14,1.77999999999997,TRUE,"",0.6,4,238,820238,920238
"RDMM",4.05239107147875,0.95252848247188,0.012,0.761075924624372,0.098,-25589.4480675108,53258.1304739952,204,8.11000000000001,TRUE,"",0.6,4,238,820238,920238
"DGMM",NA,0.936960900313113,0.016,0.440437274119809,0.45,-28360.198875524,58806.5398453005,22,2.63999999999999,TRUE,"",0.6,4,239,820239,920239
"RDMM",4.24880444644198,0.960360325900093,0.01,0.775399769367934,0.092,-25899.9928645705,53879.2200681145,100,4.25,TRUE,"",0.6,4,239,820239,920239
"DGMM",NA,0.535381882794063,0.134,0.207810655866424,0.532,-29630.1904866389,61346.5230675303,10,1.27000000000004,TRUE,"",0.6,4,240,820240,920240
"RDMM",3.84384876023647,0.944728679084277,0.014,0.763503492305879,0.097,-25668.8998742196,53417.0340874128,121,5,TRUE,"",0.6,4,240,820240,920240
"DGMM",NA,0.681967603953719,0.087,0.30176795509163,0.458,-29760.013902118,61606.1698984886,12,1.45999999999998,TRUE,"",0.6,4,241,820241,920241
"RDMM",3.71842172926371,0.94472868580456,0.014,0.707871605002218,0.126,-25807.0028256217,53693.2399902171,220,8.71000000000004,TRUE,"",0.6,4,241,820241,920241
"DGMM",NA,0.894810797950337,0.027,0.418558252363866,0.47,-29001.9391797111,60090.0204536749,18,2.21999999999997,TRUE,"",0.6,4,242,820242,920242
"RDMM",3.93321698203918,0.968224224548222,0.008,0.725207608406531,0.116,-25904.0334277257,53887.3011944251,259,10.34,TRUE,"",0.6,4,242,820242,920242
"DGMM",NA,0.894810867726717,0.027,0.411232800202454,0.449,-27984.7951666192,58055.732427491,18,2.18000000000001,TRUE,"",0.6,4,243,820243,920243
"RDMM",3.8767716860985,0.980080074762783,0.005,0.788712607934223,0.086,-25294.3684899726,52667.9713189187,143,5.71000000000004,TRUE,"",0.6,4,243,820243,920243
"DGMM",NA,0.802620208730775,0.052,0.358778710654981,0.457,-29351.7718702329,60789.6858347184,12,1.49000000000001,TRUE,"",0.6,4,244,820244,920244
"RDMM",3.64433276684118,0.952528511404562,0.012,0.725749423168843,0.115,-25951.5129603172,53982.2602596081,300,12,TRUE,"",0.6,4,244,820244,920244
"DGMM",NA,0.76714559245174,0.062,0.381827026979724,0.501,-29262.2955459561,60610.7331861649,23,2.84000000000003,TRUE,"",0.6,4,245,820245,920245
"RDMM",3.91965812367406,0.917681648226481,0.021,0.775199561631136,0.091,-26209.6949072078,54498.6241533892,237,9.69,TRUE,"",0.6,4,245,820245,920245
"DGMM",NA,0.861045056252766,0.036,0.411432730511324,0.479,-28961.7674571991,60009.6770086509,28,3.54000000000002,TRUE,"",0.6,4,246,820246,920246
"RDMM",3.94107113875996,0.940840827871836,0.015,0.724459852908213,0.115,-25797.595475759,53674.4252904916,157,6.34999999999997,TRUE,"",0.6,4,246,820246,920246
"DGMM",NA,0.7671451845396,0.062,0.325834493677737,0.465,-29244.1820288216,60574.5061518957,20,2.39000000000004,TRUE,"",0.6,4,247,820247,920247
"RDMM",3.75705384179789,0.917681645249165,0.021,0.726284499898823,0.114,-26307.8492279767,54694.932794927,300,12.02,TRUE,"",0.6,4,247,820247,920247
"DGMM",NA,0.64928525070583,0.097,0.284658183273435,0.489,-29304.2680708545,60694.6782359617,8,1.06999999999999,TRUE,"",0.6,4,248,820248,920248
"RDMM",3.99395047721327,0.933089025491814,0.017,0.551566836638219,0.218,-25928.23705529,53935.7084495536,225,9,TRUE,"",0.6,4,248,820248,920248
"DGMM",NA,0.906210305503452,0.024,0.366956751569602,0.441,-28543.9115451574,59173.9651845675,12,1.53000000000003,TRUE,"",0.6,4,249,820249,920249
"RDMM",3.8127684474819,0.94862460986971,0.013,0.763911375634811,0.097,-25845.3416200018,53769.9175789773,209,7.37,TRUE,"",0.6,4,249,820249,920249
"DGMM",NA,0.883483499875167,0.03,0.421489092336681,0.379,-28266.4746751321,58619.0914445167,14,1.17000000000002,TRUE,"",0.6,4,250,820250,920250
"RDMM",4.11062903025431,0.948624622247563,0.013,0.799126591984556,0.082,-25862.9189235059,53805.0721859855,111,2.76000000000005,TRUE,"",0.6,4,250,820250,920250
"DGMM",NA,0.636448174915442,0.101,0.30023902656308,0.478,-28734.4982198753,59555.1385340032,31,1.78,TRUE,"",0.6,4,251,820251,920251
"RDMM",3.80764609872399,0.936960961603731,0.016,0.777378948074619,0.09,-25770.4105597289,53620.0554584315,158,6.39,TRUE,"",0.6,4,251,820251,920251
"DGMM",NA,0.921521522653875,0.02,0.426497429017793,0.465,-28257.0155087572,58600.1731117669,28,3.41,TRUE,"",0.6,4,252,820252,920252
"RDMM",3.95920091344931,0.94862462502492,0.013,0.797079826507153,0.082,-25511.2563494013,53101.7470377762,210,8.53,TRUE,"",0.6,4,252,820252,920252
"DGMM",NA,0.732465702138721,0.072,0.365912883120776,0.514,-28158.1277395028,58402.3975732581,27,3.25,TRUE,"",0.6,4,253,820253,920253
"RDMM",4.23748483603242,0.948624417256095,0.013,0.507945141296423,0.292,-25513.322931394,53105.8802017616,185,7.41,TRUE,"",0.6,4,253,820253,920253
"DGMM",NA,0.925369403648559,0.019,0.435824293605008,0.431,-27650.4042033357,57386.9505009241,16,2.13,TRUE,"",0.6,4,254,820254,920254
"RDMM",4.17063684553615,0.960360350255835,0.01,0.739148249731371,0.108,-25508.4412704109,53096.1168797954,248,10.04,TRUE,"",0.6,4,254,820254,920254
"DGMM",NA,0.781236244378708,0.058,0.3539308886674,0.519,-29026.9066838546,60139.9554619619,19,2.34,TRUE,"",0.6,4,255,820255,920255
"RDMM",3.66517972115727,0.956440297939077,0.011,0.760762413869882,0.098,-25827.4015647619,53734.0374684974,237,9.46,TRUE,"",0.6,4,255,820255,920255
"DGMM",NA,-0.00253941999051584,0.491,-0.00197285621936777,0.731,-27787.5120124759,57661.1661192043,34,4.05,TRUE,"",0.6,4,256,820256,920256
"RDMM",4.25300897430843,0.921520897653859,0.02,0.476568674668593,0.298,-26193.2508781019,54465.7360951774,173,6.98,TRUE,"",0.6,4,256,820256,920256
"DGMM",NA,0.910026028181072,0.023,0.434376689584749,0.476,-28208.9290672289,58504.0002287104,30,3.7,TRUE,"",0.6,4,257,820257,920257
"RDMM",4.21216737930774,0.95644043997534,0.011,0.796214070574131,0.082,-25560.7016204399,53200.6375798533,157,6.28,TRUE,"",0.6,4,257,820257,920257
"DGMM",NA,0.913849849236613,0.022,0.390506795654723,0.439,-29310.4802709895,60707.1026362315,15,1.94,TRUE,"",0.6,4,258,820258,920258
"RDMM",3.72099890744035,0.960360360078196,0.01,0.744173026192855,0.106,-26141.4666254794,54362.1675899324,268,10.64,TRUE,"",0.6,4,258,820258,920258
"DGMM",NA,0.550123197945275,0.129,0.237044286283842,0.485,-30426.2104802282,62938.563054709,10,1.25,TRUE,"",0.6,4,259,820259,920259
"RDMM",3.63149854007851,0.94472868580456,0.014,0.75620316153224,0.1,-26414.616475695,54908.4672903636,278,11.2,TRUE,"",0.6,4,259,820259,920259
"DGMM",NA,-0.000368242360112441,0.493,5.22448064295267e-05,0.73,-27580.389620028,57246.9213343087,26,3.27,TRUE,"",0.6,4,260,820260,920260
"RDMM",4.17272431766852,0.936960910351866,0.016,0.751354526664066,0.102,-26042.6054292378,54164.4451974492,139,5.66,TRUE,"",0.6,4,260,820260,920260
"DGMM",NA,-0.000715788151343292,0.498,0.131042663075313,0.571,-27816.2191426239,57718.5803795004,18,2.19000000000001,TRUE,"",0.6,4,261,820261,920261
"RDMM",3.77594489148689,0.972168159534171,0.007,0.786185589583784,0.087,-25701.6037436352,53482.4418262441,109,4.42,TRUE,"",0.6,4,261,820261,920261
"DGMM",NA,0.467220017289961,0.158,0.215941765937358,0.528,-28498.9296424405,59084.0013791337,27,3.24000000000001,TRUE,"",0.6,4,262,820262,920262
"RDMM",3.71655198030021,0.94084040698782,0.015,0.758860697240315,0.098,-25978.5739728969,54036.3822847674,120,4.86,TRUE,"",0.6,4,262,820262,920262
"DGMM",NA,0.642846524764877,0.099,0.323544534091419,0.463,-30039.7071371777,62165.5563686079,9,1.13000000000001,TRUE,"",0.6,4,263,820263,920263
"RDMM",3.84093308725909,-0.000600085663036421,0.49,0.753922603313599,0.1,-26096.1117952665,54271.4579295066,168,6.79000000000001,TRUE,"",0.6,4,263,820263,920263
"DGMM",NA,0.868492598069375,0.034,0.365191538575964,0.448,-28360.2917342548,58806.7255627622,14,1.77000000000001,TRUE,"",0.6,4,264,820264,920264
"RDMM",3.93852877276114,0.917681658805454,0.021,0.642602565804924,0.16,-25575.6082501427,53230.450839259,207,8.28999999999999,TRUE,"",0.6,4,264,820264,920264
"DGMM",NA,0.00581063738051044,0.46,0.00137593123372333,0.714,-27812.7308406229,57711.6037754984,34,4.16999999999999,TRUE,"",0.6,4,265,820265,920265
"RDMM",3.80463978618661,0.944728684355765,0.014,0.726355148032674,0.114,-26205.3628588437,54489.960056661,142,5.64000000000001,TRUE,"",0.6,4,265,820265,920265
"DGMM",NA,0.879723894665063,0.031,0.369412391679438,0.509,-28618.6236154066,59323.3893250657,18,2.31,TRUE,"",0.6,4,266,820266,920266
"RDMM",4.08437405696715,0.929225182675278,0.018,0.73257200126831,0.111,-25906.2008915515,53891.6361220766,171,6.87,TRUE,"",0.6,4,266,820266,920266
"DGMM",NA,0.917681826754202,0.021,0.430615505665611,0.471,-28492.2119068914,59070.5659080353,22,2.88999999999999,TRUE,"",0.6,4,267,820267,920267
"RDMM",3.87087293362643,0.968224219107501,0.008,0.532364543839398,0.263,-25718.4170003066,53516.0683395869,150,6.08000000000001,TRUE,"",0.6,4,267,820267,920267
"DGMM",NA,0.849928095520759,0.039,0.388186710110202,0.493,-29353.9842871778,60794.1106686082,24,2.85999999999999,TRUE,"",0.6,4,268,820268,920268
"RDMM",3.59885137300082,0.936960378596721,0.016,0.540134585530729,0.235,-26115.6982270496,54310.6307930729,149,6.03,TRUE,"",0.6,4,268,820268,920268
"DGMM",NA,0.940840837284181,0.015,0.433805107905345,0.492,-28071.3562534381,58228.8546011289,18,2.17000000000002,TRUE,"",0.6,4,269,820269,920269
"RDMM",3.99488757679174,0.952528507294808,0.012,0.732166497690188,0.112,-25445.4678181207,52970.1699752149,134,5.44999999999999,TRUE,"",0.6,4,269,820269,920269
"DGMM",NA,0.705305411607856,0.08,0.32352881539735,0.425,-29553.1653164377,61192.472727128,9,1.16,TRUE,"",0.6,4,270,820270,920270
"RDMM",4.1055163426426,0.956440428812927,0.011,0.604282092044217,0.194,-26032.1965166739,54143.6273723215,151,6.16999999999999,TRUE,"",0.6,4,270,820270,920270
"DGMM",NA,0.879723642254048,0.031,0.378888078515053,0.481,-28914.5503193496,59915.2427329519,12,1.5,TRUE,"",0.6,4,271,820271,920271
"RDMM",4.07176896685446,0.96822421311812,0.008,0.761597896265488,0.098,-25689.2392075077,53457.7127539889,291,11.61,TRUE,"",0.6,4,271,820271,920271
"DGMM",NA,0.688595211831046,0.085,0.308648646594427,0.503,-28786.2154795396,59658.5730533318,14,1.77000000000001,TRUE,"",0.6,4,272,820272,920272
"RDMM",3.89732151398472,0.952528499589018,0.012,0.730541235799282,0.112,-26054.2386381884,54187.7116153505,168,6.62,TRUE,"",0.6,4,272,820272,920272
"DGMM",NA,0.913849822618825,0.022,0.430975292116683,0.436,-28462.6240383776,59011.3901710079,18,2.25,TRUE,"",0.6,4,273,820273,920273
"RDMM",3.67583980859207,0.925369347935587,0.019,0.748538230908972,0.103,-25368.6375369862,52816.5094129459,155,6.42000000000002,TRUE,"",0.6,4,273,820273,920273
"DGMM",NA,0.875971959594036,0.032,0.39037911335303,0.487,-28194.5401785915,58475.2224514356,15,1.86000000000001,TRUE,"",0.6,4,274,820274,920274
"RDMM",3.92994108653428,0.902402343961219,0.025,0.483713442761938,0.291,-25490.9184330702,53061.071205114,171,6.86000000000001,TRUE,"",0.6,4,274,820274,920274
"DGMM",NA,0.777704534343605,0.059,0.368809480246154,0.346,-29022.5973442141,60131.3367826808,19,2.32999999999998,TRUE,"",0.6,4,275,820275,920275
"RDMM",3.74664961005378,0.95252848247188,0.012,0.768999416877305,0.095,-25620.7174410108,53320.6692209953,125,5.05000000000001,TRUE,"",0.6,4,275,820275,920275
"DGMM",NA,0.649282922362619,0.097,0.294436741765775,0.449,-29058.7496260646,60203.6413463818,11,1.38999999999999,TRUE,"",0.6,4,276,820276,920276
"RDMM",3.92780980152855,0.948624617859142,0.013,0.745292486555782,0.106,-25954.5129923025,53988.2603235787,184,7.34999999999999,TRUE,"",0.6,4,276,820276,920276
"DGMM",NA,0.82065660878388,0.047,0.394348501968744,0.476,-28734.8215291733,59555.7851525993,26,3.28,TRUE,"",0.6,4,277,820277,920277
"RDMM",4.17908013775313,0.93308899399242,0.017,0.646911552464509,0.154,-25960.3950953949,54000.0245297634,195,7.75000000000003,TRUE,"",0.6,4,277,820277,920277
"DGMM",NA,0.784782516713773,0.057,0.37693017788529,0.463,-28961.4824687689,60009.1070317904,18,2.17000000000002,TRUE,"",0.6,4,278,820278,920278
"RDMM",3.7547366682957,0.929225199486484,0.018,0.731156900044747,0.113,-25989.5134737529,54058.2612864794,134,5.35999999999996,TRUE,"",0.6,4,278,820278,920278
"DGMM",NA,0.861045253059257,0.036,0.377012838409,0.496,-28262.8033668113,58611.7488278752,17,2.07999999999998,TRUE,"",0.6,4,279,820279,920279
"RDMM",3.9847029501402,0.93308899495787,0.017,0.724066347312919,0.115,-25473.119500628,53025.4733402296,141,5.67000000000002,TRUE,"",0.6,4,279,820279,920279
"DGMM",NA,0.929224787291909,0.018,0.447813067945403,0.486,-27924.7118722531,57935.5658387589,29,3.49000000000001,TRUE,"",0.6,4,280,820280,920280
"RDMM",4.1351931199861,0.952527365961228,0.012,0.782433601578125,0.087,-25415.2041224136,52909.6425838008,271,11.06,TRUE,"",0.6,4,280,820280,920280
"DGMM",NA,0.936960938927884,0.016,0.438929566966141,0.46,-28688.6681669603,59463.4784281732,27,3.35999999999996,TRUE,"",0.6,4,281,820281,920281
"RDMM",4.21798899661897,0.948624598733919,0.013,0.551338610546648,0.291,-25663.2971453353,53405.8286296443,165,6.62,TRUE,"",0.6,4,281,820281,920281
"DGMM",NA,0.000353923067379377,0.485,0.000352525650722069,0.725,-27454.8179106268,56995.7779155063,42,5.04999999999995,TRUE,"",0.6,4,282,820282,920282
"RDMM",3.95780225541149,0.913849775957547,0.022,0.674242905637576,0.139,-26045.7536893664,54170.7417177064,186,7.48999999999995,TRUE,"",0.6,4,282,820282,920282
"DGMM",NA,0.91768159952833,0.021,0.418803134373948,0.433,-28722.4842976598,59531.1106895722,15,1.84999999999997,TRUE,"",0.6,4,283,820283,920283
"RDMM",4.11575673173489,0.948624573352206,0.013,0.70329229326715,0.126,-25996.0752667275,54071.3848724286,141,5.73000000000002,TRUE,"",0.6,4,283,820283,920283
"DGMM",NA,0.82428558164385,0.046,0.384184876519172,0.438,-28946.2851089093,59978.7123120711,19,2.32999999999998,TRUE,"",0.6,4,284,820284,920284
"RDMM",3.79678540063952,0.925369203902741,0.019,0.780426792276396,0.089,-25604.1302545091,53287.4948479918,202,8.02000000000004,TRUE,"",0.6,4,284,820284,920284
"DGMM",NA,0.861044948085147,0.036,0.386039068209425,0.443,-29405.6266320635,60897.3953583797,11,1.39999999999998,TRUE,"",0.6,4,285,820285,920285
"RDMM",3.79666227003829,0.93696092599667,0.016,0.739942504209492,0.108,-25871.8541463789,53822.9426317314,300,12.3,TRUE,"",0.6,4,285,820285,920285
"DGMM",NA,0.906210154725772,0.024,0.438551651617603,0.449,-28432.5482113386,58951.2385169297,19,2.30000000000001,TRUE,"",0.6,4,286,820286,920286
"RDMM",4.00739615327128,0.929225155443284,0.018,0.734813367457128,0.11,-25625.8746188275,53330.9835766287,110,4.57999999999998,TRUE,"",0.6,4,286,820286,920286
"DGMM",NA,0.913849842080805,0.022,0.430367408002788,0.472,-28442.4009026708,58970.9438995942,23,2.78999999999996,TRUE,"",0.6,4,287,820287,920287
"RDMM",4.04959689497227,0.972168167565796,0.007,0.746694819154959,0.105,-26039.5921377872,54158.418614548,237,9.42000000000002,TRUE,"",0.6,4,287,820287,920287
"DGMM",NA,0.894810747763092,0.027,0.431143365163692,0.45,-28329.0965735629,58744.3352413785,21,2.61000000000001,TRUE,"",0.6,4,288,820288,920288
"RDMM",4.03751066986382,0.952528494109343,0.012,0.782905836737833,0.088,-25892.3698531908,53863.9740453553,152,6.07999999999998,TRUE,"",0.6,4,288,820288,920288
"DGMM",NA,0.894810820676239,0.027,0.421558983730298,0.427,-28246.4287586204,58578.9996114934,23,2.82999999999998,TRUE,"",0.6,4,289,820289,920289
"RDMM",4.1333606531329,0.94862462443189,0.013,0.734822143194537,0.11,-25347.4528503256,52774.1400396249,208,8.31999999999999,TRUE,"",0.6,4,289,820289,920289
"DGMM",NA,0.929225235426993,0.018,0.435874045990212,0.443,-28894.2062040608,59874.5545023743,26,2.96999999999997,TRUE,"",0.6,4,290,820290,920290
"RDMM",3.85498103165425,0.940840825049269,0.015,0.712823956885673,0.12,-26117.6831433188,54314.6006256112,264,7.44999999999999,TRUE,"",0.6,4,290,820290,920290
"DGMM",NA,0.936960955276083,0.016,0.440905090514847,0.44,-27218.1316954636,56522.4054851799,25,1.74000000000001,TRUE,"",0.6,4,291,820291,920291
"RDMM",3.89879693439277,0.956440438589816,0.011,0.792697460507954,0.084,-24826.7852113788,51732.8047617312,165,3.78000000000003,TRUE,"",0.6,4,291,820291,920291
"DGMM",NA,0.887251442989583,0.029,0.419970089207191,0.453,-28488.6067267851,59063.3555478229,13,0.870000000000005,TRUE,"",0.6,4,292,820292,920292
"RDMM",4.10945563110651,0.929225112117139,0.018,0.622962667475702,0.172,-25803.7899543472,53686.8142476681,116,2.69,TRUE,"",0.6,4,292,820292,920292
"DGMM",NA,0.864765043785366,0.035,0.398698133437167,0.471,-28784.3162886237,59654.7746715,14,0.94,TRUE,"",0.6,4,293,820293,920293
"RDMM",3.82917070312983,0.944728680679281,0.014,0.688521586931008,0.134,-25896.0697030087,53871.3737449911,280,9.56,TRUE,"",0.6,4,293,820293,920293
"DGMM",NA,0.913849801370989,0.022,0.42711500062368,0.466,-27838.2450730175,57762.6322402876,18,2.28,TRUE,"",0.6,4,294,820294,920294
"RDMM",4.35415950388599,0.952528507294808,0.012,0.735865941944955,0.11,-25714.0153500094,53507.2650389924,151,6.11,TRUE,"",0.6,4,294,820294,920294
"DGMM",NA,0.906210170363669,0.024,0.418824448582164,0.438,-28935.1748269963,59956.4917482452,19,2.28,TRUE,"",0.6,4,295,820295,920295
"RDMM",3.97342476760153,0.929225218730405,0.018,0.751190415608617,0.103,-26397.109393284,54873.4531255417,115,4.66,TRUE,"",0.6,4,295,820295,920295
"DGMM",NA,0.74970719961215,0.067,0.341247591112609,0.501,-29386.6404169312,60859.422928115,18,2.15,TRUE,"",0.6,4,296,820296,920296
"RDMM",3.6055104822312,0.94084083423399,0.015,0.74963463788698,0.104,-26070.5222760048,54220.2788909833,242,9.86,TRUE,"",0.6,4,296,820296,920296
"DGMM",NA,0.93696092012987,0.016,0.443939470502808,0.471,-28313.3457740697,58712.8336423921,19,2.42,TRUE,"",0.6,4,297,820297,920297
"RDMM",4.18560046539408,0.944728698628385,0.014,0.739110684080167,0.108,-25926.5008669426,53932.2360728589,138,5.52999999999999,TRUE,"",0.6,4,297,820297,920297
"DGMM",NA,0.861045170876175,0.036,0.396763908833849,0.5,-28868.3505338116,59822.8431618758,17,2.09,TRUE,"",0.6,4,298,820298,920298
"RDMM",3.75939306902456,0.936960973731467,0.016,0.780014020913162,0.089,-25808.7705002648,53696.7753395031,204,8.21,TRUE,"",0.6,4,298,820298,920298
"DGMM",NA,0.917681586462963,0.021,0.444325638618748,0.446,-28911.3262273786,59908.7945490098,23,2.75,TRUE,"",0.6,4,299,820299,920299
"RDMM",3.732405343793,0.960360184388353,0.01,0.741606401365745,0.109,-26043.6887168112,54166.6117725961,120,4.84,TRUE,"",0.6,4,299,820299,920299
"DGMM",NA,0.791893395109035,0.055,0.351444894044859,0.463,-28895.1172205063,59876.3765352653,18,2.19,TRUE,"",0.6,4,300,820300,920300
"RDMM",3.87534943028879,0.960360342209705,0.01,0.794878788502602,0.083,-25971.8450771406,54022.9244932549,258,10.24,TRUE,"",0.6,4,300,820300,920300
"DGMM",NA,0.315165070132323,0.219,0.19093591430368,0.536,-30145.387467433,62376.9170291185,9,1.16,TRUE,"",0.6,4,301,820301,920301
"RDMM",3.74013765732279,0.960360350255835,0.01,0.745087953785524,0.106,-26313.4637676646,54706.1618743029,200,8.03,TRUE,"",0.6,4,301,820301,920301
"DGMM",NA,0.662262118098881,0.093,0.322706221287526,0.442,-29752.3616513676,61590.8653969879,12,1.53,TRUE,"",0.6,4,302,820302,920302
"RDMM",3.56261407157376,0.940840818083903,0.015,0.759663969227366,0.098,-26221.1872444516,54521.6088278768,271,10.75,TRUE,"",0.6,4,302,820302,920302
"DGMM",NA,0.910025982483694,0.023,0.434751750780621,0.481,-28582.5319495058,59251.2059932642,21,2.7,TRUE,"",0.6,4,303,820303,920303
"RDMM",3.76452241049716,0.940840827871836,0.015,0.742871590252343,0.106,-25762.4492320476,53604.1328030689,171,7.05000000000001,TRUE,"",0.6,4,303,820303,920303
"DGMM",NA,0.917681600842785,0.021,0.382673359183545,0.393,-28690.3502737545,59466.8426417616,13,1.62,TRUE,"",0.6,4,304,820304,920304
"RDMM",3.94085550738462,0.944728675554002,0.014,0.735553793734787,0.11,-25872.0752439801,53823.3848269338,300,11.95,TRUE,"",0.6,4,304,820304,920304
"DGMM",NA,0.161696143447339,0.298,0.326038666743763,0.402,-29364.7416192601,60815.6253327727,12,1.48,TRUE,"",0.6,4,305,820305,920305
"RDMM",4.00693227544804,0.956436769479111,0.011,0.774030498400781,0.092,-26029.2614925476,54137.7573240689,145,5.76999999999998,TRUE,"",0.6,4,305,820305,920305
"DGMM",NA,0.964288267591249,0.009,0.335660041385885,0.495,-28439.3694488466,58964.8809919457,18,2.26999999999998,TRUE,"",0.6,4,306,820306,920306
"RDMM",3.95398369727608,0.972168143005071,0.007,0.566621039829761,0.231,-25557.3926829854,53194.0197049444,170,6.89000000000001,TRUE,"",0.6,4,306,820306,920306
"DGMM",NA,0.853629821479382,0.038,0.384653124343865,0.399,-28523.2131762811,59132.5684468149,11,1.37,TRUE,"",0.6,4,307,820307,920307
"RDMM",3.89665592196322,0.944726697512441,0.014,0.763401127805106,0.098,-25448.7064944361,52976.6473278458,163,6.57999999999998,TRUE,"",0.6,4,307,820307,920307
"DGMM",NA,0.760142554776281,0.064,0.365737244608516,0.454,-28666.0865454362,59418.3151851251,22,2.75,TRUE,"",0.6,4,308,820308,920308
"RDMM",3.96299771949053,0.948624446759549,0.013,0.70042901458123,0.127,-25968.8661760503,54016.9666910741,194,7.74000000000001,TRUE,"",0.6,4,308,820308,920308
"DGMM",NA,0.925368962862444,0.019,0.417253371584797,0.412,-28937.524517167,59961.1911285865,18,2.24000000000001,TRUE,"",0.6,4,309,820309,920309
"RDMM",3.85190823664137,0.96036019091822,0.01,0.734738354640617,0.111,-25800.4395826532,53680.1135042801,129,5.47999999999999,TRUE,"",0.6,4,309,820309,920309
"DGMM",NA,0.917681626815139,0.021,0.37505069131128,0.479,-28925.5518598769,59937.2458140064,14,1.72999999999999,TRUE,"",0.6,4,310,820310,920310
"RDMM",3.8986731831595,0.940840801410267,0.015,0.467214935963736,0.348,-25931.2513366285,53941.7370122306,141,5.69,TRUE,"",0.6,4,310,820310,920310
"DGMM",NA,0.925369346691245,0.019,0.434102653858867,0.415,-28538.8016510988,59163.7453964503,22,2.63,TRUE,"",0.6,4,311,820311,920311
"RDMM",3.70691839833285,0.964288256000896,0.009,0.744849024156275,0.106,-25693.7680192918,53466.7703775573,200,7.94,TRUE,"",0.6,4,311,820311,920311
"DGMM",NA,0.556087955488874,0.127,0.249934572723213,0.527,-28454.4330836727,58995.008261598,21,2.56,TRUE,"",0.6,4,312,820312,920312
"RDMM",3.96222818271867,0.960360342209705,0.01,0.739660895117893,0.108,-25538.9410095007,53157.1163579751,133,5.36000000000001,TRUE,"",0.6,4,312,820312,920312
"DGMM",NA,0.875972003587895,0.032,0.377916387827842,0.472,-29196.9680080532,60480.0781103589,17,2.17000000000002,TRUE,"",0.6,4,313,820313,920313
"RDMM",3.63485247150635,0.917681697209636,0.021,0.724184444004501,0.115,-26214.0679987749,54507.3703365235,126,5.03,TRUE,"",0.6,4,313,820313,920313
"DGMM",NA,0.906210211676262,0.024,0.390088545667165,0.421,-29106.7667411243,60299.6755765012,19,2.31,TRUE,"",0.6,4,314,820314,920314
"RDMM",3.88599001979276,0.952528529270567,0.012,0.714210457622503,0.12,-25783.9298794339,53647.0940978413,300,11.99,TRUE,"",0.6,4,314,820314,920314
"DGMM",NA,0.857333166881619,0.037,0.413016982198528,0.471,-28441.2587816334,58968.6596575194,31,3.69,TRUE,"",0.6,4,315,820315,920315
"RDMM",3.86054521438137,0.944728722128082,0.014,0.744190209192237,0.105,-26078.48320941,54236.2007577935,207,8.39000000000001,TRUE,"",0.6,4,315,820315,920315
"DGMM",NA,0.929225208630752,0.018,0.430825441509527,0.459,-28374.2183447106,58834.5787836739,28,3.5,TRUE,"",0.6,4,316,820316,920316
"RDMM",3.95419805960707,0.94862457829413,0.013,0.750160571719069,0.103,-25678.6599656511,53436.5542702758,122,4.91,TRUE,"",0.6,4,316,820316,920316
"DGMM",NA,0.299629279353764,0.226,0.155507055185035,0.589,-29954.1658285064,61994.4737512654,13,1.72,TRUE,"",0.6,4,317,820317,920317
"RDMM",3.59487958206906,0.964288264327813,0.009,0.742937497964764,0.107,-26142.030730615,54363.2958002035,152,6.03,TRUE,"",0.6,4,317,820317,920317
"DGMM",NA,0.529495046165435,0.136,0.260432988345522,0.459,-29542.364184864,61170.8704639806,12,1.49000000000001,TRUE,"",0.6,4,318,820318,920318
"RDMM",3.99818878701251,0.940840754576077,0.015,0.778323849372094,0.09,-25902.8905047366,53885.0153484468,100,4.06,TRUE,"",0.6,4,318,820318,920318
"DGMM",NA,0.972168162746822,0.007,0.466219862335263,0.45,-28238.3389593402,58562.8200129331,27,3.24000000000001,TRUE,"",0.6,4,319,820319,920319
"RDMM",4.07982052505136,0.972168159534171,0.007,0.770743791521194,0.094,-25736.2271657034,53551.6886703804,255,10.28,TRUE,"",0.6,4,319,820319,920319
"DGMM",NA,0.799037127141019,0.053,0.341820483984577,0.499,-29013.482659204,60113.1074126606,14,1.80000000000001,TRUE,"",0.6,4,320,820320,920320
"RDMM",3.87125618833673,0.956440411214517,0.011,0.566637137471817,0.252,-26025.2910661435,54129.8164712606,252,10.01,TRUE,"",0.6,4,320,820320,920320
"DGMM",NA,0.940840791925828,0.015,0.435769921340937,0.455,-28350.4386764901,58787.0194472327,27,3.28000000000003,TRUE,"",0.6,4,321,820321,920321
"RDMM",3.87945450422974,0.968224197405728,0.008,0.731544466385665,0.112,-25754.928166433,53589.0906718397,103,4.19,TRUE,"",0.6,4,321,820321,920321
"DGMM",NA,0.925369313955468,0.019,0.361712919960323,0.474,-28810.3434826852,59706.8290596231,13,1.61000000000001,TRUE,"",0.6,4,322,820322,920322
"RDMM",4.21846803789846,0.964288253218386,0.009,0.476569780619013,0.345,-26078.8099995105,54236.8543379947,147,6,TRUE,"",0.6,4,322,820322,920322
"DGMM",NA,0.917681718304207,0.021,0.442349405453777,0.444,-28122.3973085296,58330.9367113117,22,2.81,TRUE,"",0.6,4,323,820323,920323
"RDMM",4.46920239337177,0.964288253793209,0.009,0.782440855257561,0.089,-25624.4929539405,53328.2202468546,147,5.86000000000001,TRUE,"",0.6,4,323,820323,920323
"DGMM",NA,0.887251346420961,0.029,0.412046702008546,0.5,-29427.282470569,60940.7070353906,21,2.56999999999999,TRUE,"",0.6,4,324,820324,920324
"RDMM",3.84419789771945,0.960360356722732,0.01,0.739723901380997,0.108,-26239.115552145,54557.4654432637,265,10.55,TRUE,"",0.6,4,324,820324,920324
"DGMM",NA,0.921521485003099,0.02,0.447762664852331,0.496,-27856.6795564283,57799.5012071092,34,4.17000000000002,TRUE,"",0.6,4,325,820325,920325
"RDMM",4.32327732162309,0.964288277209793,0.009,0.702679145009651,0.128,-25734.2104789061,53547.6552967858,202,8.05000000000001,TRUE,"",0.6,4,325,820325,920325
"DGMM",NA,0.944728677262428,0.014,0.437753110319063,0.477,-28818.2320319257,59722.6061581039,25,3.03000000000003,TRUE,"",0.6,4,326,820326,920326
"RDMM",4.21765321089162,0.944728675554002,0.014,0.473966700180792,0.306,-26078.6969594714,54236.6282579165,187,7.42000000000002,TRUE,"",0.6,4,326,820326,920326
"DGMM",NA,0.902402404740048,0.025,0.41058266697645,0.497,-28250.359072307,58586.8602388666,21,2.55000000000001,TRUE,"",0.6,4,327,820327,920327
"RDMM",3.97353573646655,0.952528528775114,0.012,0.707296707049193,0.125,-25460.1145793712,52999.463497716,206,8.5,TRUE,"",0.6,4,327,820327,920327
"DGMM",NA,0.861045233009722,0.036,0.39488193835574,0.44,-29079.9730693014,60246.0882328553,15,1.86000000000001,TRUE,"",0.6,4,328,820328,920328
"RDMM",3.90744072542381,0.960360270992323,0.01,0.725986954804463,0.115,-25941.1400283219,53961.5143956174,154,6.41999999999996,TRUE,"",0.6,4,328,820328,920328
"DGMM",NA,0.791892745559506,0.055,0.366952639292948,0.462,-28944.6012888873,59975.3446720272,24,2.87,TRUE,"",0.6,4,329,820329,920329
"RDMM",3.7545293822662,0.964288267582088,0.009,0.72619075953224,0.117,-25686.3712367547,53451.976812483,275,10.88,TRUE,"",0.6,4,329,820329,920329
"DGMM",NA,0.857333338150258,0.037,0.375299141858831,0.433,-29044.916008503,60175.9741112585,16,1.98000000000002,TRUE,"",0.6,4,330,820330,920330
"RDMM",3.76042784141579,0.944728726144827,0.014,0.751112384675046,0.102,-25852.9014286297,53785.037196233,285,11.34,TRUE,"",0.6,4,330,820330,920330
"DGMM",NA,0.85362994853416,0.038,0.384156489094484,0.461,-29608.6415708887,61303.42523603,20,2.48000000000002,TRUE,"",0.6,4,331,820331,920331
"RDMM",3.92074204366944,0.936960944891703,0.016,0.576679818577252,0.205,-26285.6082568342,54650.4508526419,227,8.81999999999999,TRUE,"",0.6,4,331,820331,920331
"DGMM",NA,0.85733380828605,0.037,0.405290011431879,0.485,-28918.2325969524,59922.6072881574,20,1.97000000000003,TRUE,"",0.6,4,332,820332,920332
"RDMM",4.1365995226809,0.952528516427593,0.012,0.76821889828111,0.095,-25756.5484758672,53592.3312907081,189,4.83999999999997,TRUE,"",0.6,4,332,820332,920332
"DGMM",NA,0.00165067687560685,0.477,0.000946346190659667,0.727,-27703.5595461967,57493.261186646,27,1.85999999999996,TRUE,"",0.6,4,333,820333,920333
"RDMM",4.09747701075629,0.948624610347428,0.013,0.747465507721744,0.104,-26046.5474396585,54172.3292182907,189,4.26000000000005,TRUE,"",0.6,4,333,820333,920333
"DGMM",NA,0.708644738721297,0.079,0.324747104213426,0.382,-29287.7741615786,60661.6904174099,21,1.39,TRUE,"",0.6,4,334,820334,920334
"RDMM",3.82002190591864,0.964288173638412,0.009,0.750820713499215,0.103,-25969.8528033569,54018.9399456874,118,3.72,TRUE,"",0.6,4,334,820334,920334
"DGMM",NA,0.82428917817996,0.046,0.322132391838335,0.494,-29260.5030019776,60607.1480982077,12,1.46,TRUE,"",0.6,4,335,820335,920335
"RDMM",3.83671310194202,0.940840790905302,0.015,0.770385775541523,0.093,-26142.6488391775,54364.5320173285,114,4.63,TRUE,"",0.6,4,335,820335,920335
"DGMM",NA,0.933089033764637,0.017,0.421804165769503,0.48,-29212.2942274958,60510.7305492441,30,3.61,TRUE,"",0.6,4,336,820336,920336
"RDMM",3.95602341450225,0.94472868580456,0.014,0.733769218808835,0.111,-25993.6649199827,54066.5641789389,300,11.97,TRUE,"",0.6,4,336,820336,920336
"DGMM",NA,0.214674434389,0.268,0.114341120118533,0.603,-30276.9557408327,62640.053575918,10,1.25,TRUE,"",0.6,4,337,820337,920337
"RDMM",3.75483176134587,0.944728714301941,0.014,0.751085397672578,0.102,-25850.1287334102,53779.491805794,176,7.22,TRUE,"",0.6,4,337,820337,920337
"DGMM",NA,0.722228236577177,0.075,0.328340732914647,0.433,-28079.3914865953,58244.9250674433,16,2.02,TRUE,"",0.6,4,338,820338,920338
"RDMM",3.80409079415795,0.940840814658126,0.015,0.76730629059219,0.095,-25260.8460473439,52600.9264336613,100,4.16999999999999,TRUE,"",0.6,4,338,820338,920338
"DGMM",NA,0.853629630389933,0.038,0.297381682200211,0.461,-29011.2470019729,60108.6360981985,12,1.46,TRUE,"",0.6,4,339,820339,920339
"RDMM",3.5784605984814,0.956440440545193,0.011,0.743040613744838,0.107,-25651.5068077916,53382.2479545569,234,9.34,TRUE,"",0.6,4,339,820339,920339
"DGMM",NA,0.879723916253965,0.031,0.443247239552002,0.356,-28817.445604089,59721.0333024306,12,1.45,TRUE,"",0.6,4,340,820340,920340
"RDMM",3.77431462710038,0.936960355502039,0.016,0.752398509587806,0.101,-25730.4397299056,53540.1137987849,222,8.8,TRUE,"",0.6,4,340,820340,920340
"DGMM",NA,0.887251248811,0.029,0.333427623293296,0.426,-29328.5490790129,60743.2402522784,13,1.64,TRUE,"",0.6,4,341,820341,920341
"RDMM",3.57168290804878,0.952528524172193,0.012,0.792689653562262,0.084,-25867.6739767952,53814.582292564,133,5.37,TRUE,"",0.6,4,341,820341,920341
"DGMM",NA,0.898602642226781,0.026,0.400050112430301,0.505,-28463.6486813859,59013.4394570244,19,2.38,TRUE,"",0.6,4,342,820342,920342
"RDMM",4.05488889340451,0.921521517463921,0.02,0.486068218553758,0.288,-25973.3772217608,54025.9887824952,198,7.87,TRUE,"",0.6,4,342,820342,920342
"DGMM",NA,0.917681764357482,0.021,0.434591926849278,0.47,-29169.9774995579,60426.0970933685,27,3.34,TRUE,"",0.6,4,343,820343,920343
"RDMM",3.9740430423476,0.960360219516151,0.01,0.762425377846998,0.097,-26340.7273433838,54760.6890257413,163,6.58,TRUE,"",0.6,4,343,820343,920343
"DGMM",NA,0.456474073883414,0.162,0.196911420829505,0.515,-28044.8995176456,58175.9411295437,37,4.36,TRUE,"",0.6,4,344,820344,920344
"RDMM",3.87255163521154,0.940840830546444,0.015,0.73005558945394,0.112,-25594.3619987466,53267.9583364668,193,7.94000000000001,TRUE,"",0.6,4,344,820344,920344
"DGMM",NA,0.902402395126596,0.025,0.385168752093059,0.433,-28577.9742783476,59242.0906509478,14,1.81,TRUE,"",0.6,4,345,820345,920345
"RDMM",3.82421040191356,0.936960950810042,0.016,0.768046147234051,0.095,-25688.4743315777,53456.183002129,234,9.28,TRUE,"",0.6,4,345,820345,920345
"DGMM",NA,0.902402364859231,0.025,0.395113187149542,0.469,-28103.0761975192,58292.294489291,17,2.06,TRUE,"",0.6,4,346,820346,920346
"RDMM",4.00558339245204,0.944728688183773,0.014,0.74710600373643,0.104,-25566.6244154012,53212.4831697761,117,4.67,TRUE,"",0.6,4,346,820346,920346
"DGMM",NA,0.774175396069604,0.06,0.350895110172223,0.482,-28695.2727002121,59476.6874946769,14,1.73,TRUE,"",0.6,4,347,820347,920347
"RDMM",4.09691567925337,0.948624614617245,0.013,0.715986295213656,0.119,-25843.472009146,53766.1783572657,179,7.16,TRUE,"",0.6,4,347,820347,920347
"DGMM",NA,0.902402382508938,0.025,0.427374139782569,0.441,-29147.9465967973,60382.0352878473,29,3.63999999999999,TRUE,"",0.6,4,348,820348,920348
"RDMM",3.8103588426137,0.917681684461036,0.021,0.709240623343486,0.121,-25967.5930274259,54014.4203938253,145,5.78,TRUE,"",0.6,4,348,820348,920348
"DGMM",NA,0.902402362737511,0.025,0.398230621065549,0.408,-28419.6056287797,58925.353351812,16,2.01999999999998,TRUE,"",0.6,4,349,820349,920349
"RDMM",3.90706290833467,0.960360362367919,0.01,0.759728541384069,0.099,-25583.27176509,53245.7778691537,211,8.44,TRUE,"",0.6,4,349,820349,920349
"DGMM",NA,0.853629922852893,0.038,0.412873453770063,0.459,-28755.5396248902,59597.2213440331,23,2.73999999999998,TRUE,"",0.6,4,350,820350,920350
"RDMM",3.80508141983691,0.929225175840049,0.018,0.700609798400193,0.126,-26059.363810359,54197.9619596917,183,7.33000000000001,TRUE,"",0.6,4,350,820350,920350
"DGMM",NA,0.894810740235001,0.027,0.397119913574331,0.484,-28588.385092714,59262.9122796806,13,1.61000000000001,TRUE,"",0.6,4,351,820351,920351
"RDMM",3.90443924707316,0.933089029714043,0.017,0.661769976641925,0.149,-25763.1628247901,53605.5599885539,180,7.45000000000002,TRUE,"",0.6,4,351,820351,920351
"DGMM",NA,0.956439827564967,0.011,0.451948940145164,0.451,-27670.2830825115,57426.7082592756,18,2.19,TRUE,"",0.6,4,352,820352,920352
"RDMM",4.25903761098417,0.960359758098745,0.01,0.766633186291915,0.095,-25543.617640558,53166.4696200897,113,4.56,TRUE,"",0.6,4,352,820352,920352
"DGMM",NA,0.883483525160381,0.03,0.419330593850503,0.477,-29234.1528582428,60554.4478107382,19,2.33000000000001,TRUE,"",0.6,4,353,820353,920353
"RDMM",4.00424212614203,0.910025902097739,0.023,0.712794930575313,0.121,-26183.0199874454,54445.2743138644,255,10.19,TRUE,"",0.6,4,353,820353,920353
"DGMM",NA,0.910023250209653,0.023,0.398246570679337,0.475,-28755.8833003823,59597.9086950171,17,2.06,TRUE,"",0.6,4,354,820354,920354
"RDMM",3.81191894679718,0.929222906008272,0.018,0.745860259926167,0.104,-25680.5635395115,53440.3614179966,192,7.80000000000001,TRUE,"",0.6,4,354,820354,920354
"DGMM",NA,0.933089050293113,0.017,0.44846196144978,0.486,-28037.6936617712,58161.5294177949,19,2.34,TRUE,"",0.6,4,355,820355,920355
"RDMM",4.30721630441227,0.944728709410601,0.014,0.718335530476145,0.118,-25643.5677175019,53366.3697739775,213,8.47,TRUE,"",0.6,4,355,820355,920355
"DGMM",NA,0.861045127248326,0.036,0.353708000427906,0.452,-29183.7118866973,60453.5658676472,12,1.57999999999998,TRUE,"",0.6,4,356,820356,920356
"RDMM",3.7999872962401,0.925369298434679,0.019,0.714874206590395,0.119,-26010.6285271,54100.4913931737,250,9.84999999999999,TRUE,"",0.6,4,356,820356,920356
"DGMM",NA,0.86849012136385,0.034,0.404144287688806,0.464,-28065.8433655066,58217.8288252657,24,2.96000000000001,TRUE,"",0.6,4,357,820357,920357
"RDMM",3.98528525657084,0.960360270992323,0.01,0.693267453473253,0.131,-25593.7892471091,53266.8128331918,211,8.62,TRUE,"",0.6,4,357,820357,920357
"DGMM",NA,0.000235401669415616,0.474,-0.00130286769515882,0.734,-27802.5562934728,57691.2546811983,27,3.36000000000001,TRUE,"",0.6,4,358,820358,920358
"RDMM",3.65222429624305,0.944728282922348,0.014,0.759372040955218,0.098,-26007.7343582799,54094.7030555334,300,11.79,TRUE,"",0.6,4,358,820358,920358
"DGMM",NA,0.770654227746542,0.061,0.370838019778486,0.506,-28901.0341730098,59888.2104402722,19,2.32999999999998,TRUE,"",0.6,4,359,820359,920359
"RDMM",4.15880046772902,0.929225228373919,0.018,0.535494577813844,0.248,-26168.8554633628,54416.9452656992,136,5.5,TRUE,"",0.6,4,359,820359,920359
"DGMM",NA,0.824288307936991,0.046,0.396490776040437,0.445,-29780.6626947934,61647.4674838394,12,1.47999999999999,TRUE,"",0.6,4,360,820360,920360
"RDMM",3.80058734014268,0.944728701286723,0.014,0.707414396674351,0.123,-26010.2927422041,54099.8198233818,136,5.44999999999999,TRUE,"",0.6,4,360,820360,920360
"DGMM",NA,0.831576163469357,0.044,0.389829461804422,0.478,-28984.6216277144,60055.3853496814,33,3.96000000000004,TRUE,"",0.6,4,361,820361,920361
"RDMM",3.65923565462927,0.929225212476132,0.018,0.730891145665288,0.113,-25970.8948097616,54021.0239584968,300,11.84,TRUE,"",0.6,4,361,820361,920361
"DGMM",NA,0.864765238158588,0.035,0.396268322668873,0.465,-28214.8727116507,58515.887517554,13,1.58999999999997,TRUE,"",0.6,4,362,820362,920362
"RDMM",4.08735204815531,0.964287919478909,0.009,0.730226803714928,0.113,-25727.3731974247,53533.980733823,231,9.47000000000003,TRUE,"",0.6,4,362,820362,920362
"DGMM",NA,0.917681650016038,0.021,0.434042286401584,0.453,-28604.737835505,59295.6177652626,24,2.87,TRUE,"",0.6,4,363,820363,920363
"RDMM",3.75362335450624,0.925369315735835,0.019,0.751482671577093,0.102,-25780.3457504259,53639.9258398255,111,4.56999999999999,TRUE,"",0.6,4,363,820363,920363
"DGMM",NA,0.739337888826664,0.07,0.507390945658213,0.237,-29100.4760000754,60287.0940944034,6,0.78000000000003,TRUE,"",0.6,4,364,820364,920364
"RDMM",3.75844069780124,0.92922490166733,0.018,0.759429261722014,0.1,-25410.4691400206,52900.1726190148,213,8.46999999999997,TRUE,"",0.6,4,364,820364,920364
"DGMM",NA,0.94862462079464,0.013,0.490528552344443,0.257,-28078.6718075756,58243.4857094037,16,1.92000000000002,TRUE,"",0.6,4,365,820365,920365
"RDMM",4.13379949931959,0.97612011888545,0.006,0.784127882905629,0.088,-25595.5444285454,53270.3231960644,100,4.05000000000001,TRUE,"",0.6,4,365,820365,920365
"DGMM",NA,0.756649433769398,0.065,0.282947238829406,0.492,-28871.7356068936,59829.6133080398,15,1.89000000000004,TRUE,"",0.6,4,366,820366,920366
"RDMM",3.98085450831393,0.944728540961026,0.014,0.562729396950108,0.204,-26063.1951743052,54205.6246875841,112,4.47999999999996,TRUE,"",0.6,4,366,820366,920366
"DGMM",NA,0.902402355226995,0.025,0.436224509262157,0.408,-29121.5963424397,60329.3347791319,18,2.19999999999999,TRUE,"",0.6,4,367,820367,920367
"RDMM",3.76549766679539,0.936960910379154,0.016,0.729402716616131,0.112,-25949.0641034508,53977.3625458753,173,6.98000000000002,TRUE,"",0.6,4,367,820367,920367
"DGMM",NA,0.933089039407147,0.017,0.347763434613336,0.476,-28595.7033316036,59277.5487574598,18,2.19999999999999,TRUE,"",0.6,4,368,820368,920368
"RDMM",3.81408501179293,0.95252848285774,0.012,0.752597931205436,0.102,-25522.6264432166,53124.4872254068,162,6.63999999999999,TRUE,"",0.6,4,368,820368,920368
"DGMM",NA,0.760147158500121,0.064,0.349756269340237,0.507,-28350.7464192647,58787.6349327819,16,2.02000000000004,TRUE,"",0.6,4,369,820369,920369
"RDMM",4.15834848419828,0.944728680208755,0.014,0.784764228865411,0.087,-25429.5177881592,52938.269915292,245,10.03,TRUE,"",0.6,4,369,820369,920369
"DGMM",NA,0.875972045344749,0.032,0.36379963600893,0.468,-28314.5745545147,58715.291203282,19,2.40000000000003,TRUE,"",0.6,4,370,820370,920370
"RDMM",3.98510986407681,0.948624579035419,0.013,0.758997209857074,0.099,-25782.8443346448,53644.9230082632,153,6.09000000000003,TRUE,"",0.6,4,370,820370,920370
"DGMM",NA,0.913849786653293,0.022,0.430827155943893,0.458,-28972.4800602727,60031.102214798,21,2.57999999999998,TRUE,"",0.6,4,371,820371,920371
"RDMM",3.79979516983557,0.952528502198712,0.012,0.748472069112969,0.104,-26277.7730151376,54634.7803692489,204,8.06999999999999,TRUE,"",0.6,4,371,820371,920371
"DGMM",NA,0.910025968982187,0.023,0.361123422408652,0.491,-28443.9204546956,58973.9830036438,16,1.97999999999996,TRUE,"",0.6,4,372,820372,920372
"RDMM",4.01629758454182,0.948624598733919,0.013,0.764061640956369,0.097,-25471.7695716212,53022.773482216,184,7.41000000000003,TRUE,"",0.6,4,372,820372,920372
"DGMM",NA,0.770657211988717,0.061,0.35257824973774,0.489,-28922.2004769005,59930.5430480536,25,3.11000000000001,TRUE,"",0.6,4,373,820373,920373
"RDMM",3.5645878442479,0.952528487259748,0.012,0.727778574561566,0.114,-26015.1504325613,54109.5352040961,217,8.38999999999999,TRUE,"",0.6,4,373,820373,920373
"DGMM",NA,0.813418613182301,0.049,0.356412153566656,0.443,-29166.0586325092,60418.259359271,16,1.65999999999997,TRUE,"",0.6,4,374,820374,920374
"RDMM",3.95089076776467,0.944728681321713,0.014,0.546483415632037,0.249,-26291.2539835916,54661.7423061568,161,4.38,TRUE,"",0.6,4,374,820374,920374
"DGMM",NA,0.917681622523367,0.021,0.441003869877304,0.494,-27960.553008915,58007.2481120826,26,1.84999999999997,TRUE,"",0.6,4,375,820375,920375
"RDMM",4.11272800205247,0.948624604861899,0.013,0.753532020164098,0.101,-25303.9800904568,52687.1945198873,151,3.48000000000002,TRUE,"",0.6,4,375,820375,920375
"DGMM",NA,0.853629705376035,0.038,0.358482136723063,0.455,-28309.0376422185,58704.2173786897,15,1,TRUE,"",0.6,4,376,820376,920376
"RDMM",3.70609241997912,0.952528525313029,0.012,0.721495500126479,0.117,-25589.1757879295,53257.5859148326,132,3.26,TRUE,"",0.6,4,376,820376,920376
"DGMM",NA,0.887250669156187,0.029,0.431432639388278,0.45,-28635.106818296,59356.3557308447,30,3.56,TRUE,"",0.6,4,377,820377,920377
"RDMM",3.83688049436866,0.933089058355677,0.017,0.747968756103758,0.103,-25865.5147377923,53810.2638145583,173,6.93,TRUE,"",0.6,4,377,820377,920377
"DGMM",NA,0.94862462079464,0.013,0.46072511615075,0.501,-28338.3488203679,58762.8397349885,21,2.58,TRUE,"",0.6,4,378,820378,920378
"RDMM",4.24098439570724,0.960360347830748,0.01,0.658569803421626,0.151,-25796.8377416471,53672.9098222678,192,7.68,TRUE,"",0.6,4,378,820378,920378
"DGMM",NA,0.902402428454474,0.025,0.432138152807392,0.453,-28370.6900875144,58827.5222692814,28,3.37,TRUE,"",0.6,4,379,820379,920379
"RDMM",4.37827666623892,0.936960906158693,0.016,0.70884284276808,0.122,-25872.9175383749,53825.0694157235,269,11.04,TRUE,"",0.6,4,379,820379,920379
"DGMM",NA,0.835231776435859,0.043,0.337038317460886,0.435,-29112.3829932795,60310.9080808116,24,3.02,TRUE,"",0.6,4,380,820380,920380
"RDMM",3.78778102093089,0.917681616426199,0.021,0.729910021693625,0.111,-26104.1084983824,54287.4513357384,163,6.57,TRUE,"",0.6,4,380,820380,920380
"DGMM",NA,0.470023486278973,0.157,0.267513285843894,0.423,-29579.9313280407,61246.0047503341,9,1.16,TRUE,"",0.6,4,381,820381,920381
"RDMM",3.95404756054141,0.964287431287121,0.009,0.748921275310505,0.105,-25821.1059293284,53721.4461976305,196,7.72,TRUE,"",0.6,4,381,820381,920381
"DGMM",NA,0.891027197365105,0.028,0.410661698798177,0.457,-29153.7666338669,60393.6753619863,29,3.56,TRUE,"",0.6,4,382,820382,920382
"RDMM",3.71305160242745,0.944728708791209,0.014,0.698731926992498,0.129,-25884.4633601751,53848.1610593238,234,9.32,TRUE,"",0.6,4,382,820382,920382
"DGMM",NA,0.898602575550854,0.026,0.44817103375249,0.495,-28724.4115626666,59534.9652195858,39,4.76000000000001,TRUE,"",0.6,4,383,820383,920383
"RDMM",3.89676458231609,0.956440453953489,0.011,0.750406475000817,0.103,-25715.2857529061,53509.8058447857,220,8.77,TRUE,"",0.6,4,383,820383,920383
"DGMM",NA,0.788332708585624,0.056,0.284238276427798,0.498,-30235.4791306299,62557.1003555125,13,1.62,TRUE,"",0.6,4,384,820384,920384
"RDMM",3.7624339027081,0.925369383447172,0.019,0.720012908032897,0.118,-26805.0045746812,55689.243488336,109,4.41999999999999,TRUE,"",0.6,4,384,820384,920384
"DGMM",NA,0.295277507302824,0.228,0.177191721920074,0.565,-29838.3305084129,61762.8031110784,10,1.25,TRUE,"",0.6,4,385,820385,920385
"RDMM",3.62958469417921,0.913849838662425,0.022,0.717205582728751,0.118,-26511.6176431537,55102.469625281,149,5.98,TRUE,"",0.6,4,385,820385,920385
"DGMM",NA,0.872228175898677,0.033,0.384666861062594,0.443,-28933.0214177832,59952.1849298191,14,1.78,TRUE,"",0.6,4,386,820386,920386
"RDMM",3.77999236398499,0.921521514319752,0.02,0.697963223112028,0.127,-26151.1535104312,54381.541359836,126,5.28,TRUE,"",0.6,4,386,820386,920386
"DGMM",NA,0.894808367679205,0.027,0.368580849621616,0.476,-28958.0996411335,60002.3413765196,22,2.64999999999999,TRUE,"",0.6,4,387,820387,920387
"RDMM",3.50295641151681,0.936957484707672,0.016,0.747775950620861,0.105,-25901.2232689597,53881.680876893,144,5.79000000000001,TRUE,"",0.6,4,387,820387,920387
"DGMM",NA,0.891027007397058,0.028,0.395535511934682,0.423,-28892.2019371988,59870.5459686502,13,1.61,TRUE,"",0.6,4,388,820388,920388
"RDMM",3.81358088811705,0.956440425561413,0.011,0.754559538182128,0.101,-25928.3421564367,53935.918651847,114,4.59,TRUE,"",0.6,4,388,820388,920388
"DGMM",NA,0.715426862179153,0.077,0.325613205640224,0.463,-28313.2558719517,58712.6538381561,16,1.94,TRUE,"",0.6,4,389,820389,920389
"RDMM",4.30469075866096,0.948624585677364,0.013,0.795904655453584,0.082,-25510.954416054,53101.1431710816,115,4.69,TRUE,"",0.6,4,389,820389,920389
"DGMM",NA,0.82428917817996,0.046,0.376511007678375,0.45,-28536.8227102732,59159.787514799,18,2.17999999999999,TRUE,"",0.6,4,390,820390,920390
"RDMM",3.65621707057671,0.964288261359804,0.009,0.765190109560273,0.096,-25461.181687906,53001.5977147855,236,9.5,TRUE,"",0.6,4,390,820390,920390
"DGMM",NA,0.857333518997419,0.037,0.401508375893025,0.435,-28368.8425381219,58823.8271704964,31,3.79000000000002,TRUE,"",0.6,4,391,820391,920391
"RDMM",3.73732410696045,0.940840796914643,0.015,0.748855757739904,0.103,-25776.9708157411,53633.1759704559,121,4.88999999999999,TRUE,"",0.6,4,391,820391,920391
"DGMM",NA,0.913849827889347,0.022,0.443779571431288,0.487,-28586.0125253777,59258.1671450081,25,3.03,TRUE,"",0.6,4,392,820392,920392
"RDMM",4.01597473148513,0.921521501516602,0.02,0.703595785013658,0.125,-25850.7224835627,53780.6793060991,157,6.32000000000002,TRUE,"",0.6,4,392,820392,920392
"DGMM",NA,0.906210296765802,0.024,0.356490440394361,0.475,-29149.9237500669,60385.9895943864,26,3.13999999999999,TRUE,"",0.6,4,393,820393,920393
"RDMM",3.90636369337492,0.944728682080226,0.014,0.545223138133291,0.282,-26164.067175883,54407.3686907395,143,6,TRUE,"",0.6,4,393,820393,920393
"DGMM",NA,0.71205273356282,0.078,0.30407871356257,0.461,-28840.422625997,59766.9873462467,17,2.10999999999999,TRUE,"",0.6,4,394,820394,920394
"RDMM",3.99169812340841,0.960360341914831,0.01,0.704975062000566,0.125,-26022.1564079769,54123.5471549274,227,9.04000000000002,TRUE,"",0.6,4,394,820394,920394
"DGMM",NA,0.913849818519529,0.022,0.422028287986629,0.41,-28489.7200156377,59065.582125528,16,2.03,TRUE,"",0.6,4,395,820395,920395
"RDMM",4.07770201808406,0.929225180061007,0.018,0.747129016119807,0.104,-25765.3343088214,53609.9029566165,166,6.62,TRUE,"",0.6,4,395,820395,920395
"DGMM",NA,0.87597211069218,0.032,0.416314598209098,0.446,-28465.2002867236,59016.5426676998,17,2.07999999999998,TRUE,"",0.6,4,396,820396,920396
"RDMM",4.00705993690939,0.968224198713949,0.008,0.758585688399285,0.1,-25325.1927232619,52729.6197854974,142,5.83000000000001,TRUE,"",0.6,4,396,820396,920396
"DGMM",NA,0.86104493713137,0.036,0.404714869930719,0.496,-28846.8285726807,59779.799239614,23,2.77000000000001,TRUE,"",0.6,4,397,820397,920397
"RDMM",4.01087943626691,0.948624587703552,0.013,0.783831842290839,0.088,-25987.2531666043,54053.7406721823,184,7.34,TRUE,"",0.6,4,397,820397,920397
"DGMM",NA,0.891026950987937,0.028,0.402847143723462,0.377,-29628.738565656,61343.6192255646,13,1.62,TRUE,"",0.6,4,398,820398,920398
"RDMM",3.628775762656,0.944728676891147,0.014,0.76025782733249,0.098,-26271.0727513498,54621.3798416732,106,4.33000000000001,TRUE,"",0.6,4,398,820398,920398
"DGMM",NA,0.842567333221871,0.041,0.38268718932938,0.457,-29222.0013614278,60530.1448171082,20,2.42000000000002,TRUE,"",0.6,4,399,820399,920399
"RDMM",3.77053127830462,0.936960909797021,0.016,0.775488616332651,0.091,-25980.6561974513,54040.5467338763,182,7.25999999999999,TRUE,"",0.6,4,399,820399,920399
"DGMM",NA,0.940840798325927,0.015,0.455969956850542,0.461,-27986.4607301453,58059.0635545433,19,2.29999999999998,TRUE,"",0.6,4,400,820400,920400
"RDMM",3.86588730666484,0.960360325900093,0.01,0.609824032742894,0.19,-25523.3059756111,53125.8462901958,191,7.88999999999999,TRUE,"",0.6,4,400,820400,920400
"DGMM",NA,0.960360362899837,0.01,0.451632285625834,0.432,-28924.1320656164,59934.4062254854,22,2.69,TRUE,"",0.6,4,401,820401,920401
"RDMM",4.05735827328853,0.968224221308242,0.008,0.728503736092762,0.114,-26033.1888308813,54145.6120007363,189,7.53999999999999,TRUE,"",0.6,4,401,820401,920401
"DGMM",NA,0.636429017474203,0.101,0.283476459218944,0.491,-28526.9221876092,59139.9864694709,18,2.28,TRUE,"",0.6,4,402,820402,920402
"RDMM",3.77961226606446,0.94084081452155,0.015,0.729154598534429,0.112,-25710.6030440215,53500.4404270167,134,5.34999999999999,TRUE,"",0.6,4,402,820402,920402
"DGMM",NA,0.875972027448957,0.032,0.417218094722521,0.5,-28499.5400925976,59085.2222794479,21,2.59,TRUE,"",0.6,4,403,820403,920403
"RDMM",4.23305140778566,0.968224210011099,0.008,0.684557182280976,0.135,-25965.7387975293,54010.7119340321,239,9.60000000000002,TRUE,"",0.6,4,403,820403,920403
"DGMM",NA,0.592513226143516,0.115,0.251564328560531,0.55,-29027.4219084135,60140.9859110796,21,2.61000000000001,TRUE,"",0.6,4,404,820404,920404
"RDMM",3.49806844383315,0.948624574172566,0.013,0.715688422080778,0.119,-26258.0104842061,54595.2553073858,118,4.63999999999999,TRUE,"",0.6,4,404,820404,920404
"DGMM",NA,0.925369313955468,0.019,0.424257023330752,0.49,-28384.7708051474,58855.6837045474,17,2.11000000000001,TRUE,"",0.6,4,405,820405,920405
"RDMM",4.14383546618757,0.976120106875263,0.006,0.796205665728029,0.083,-25518.7373852319,53116.7091094375,262,10.48,TRUE,"",0.6,4,405,820405,920405
"DGMM",NA,0.774174503793988,0.06,0.365951202883749,0.462,-28334.509538988,58755.1611722287,20,2.44999999999999,TRUE,"",0.6,4,406,820406,920406
"RDMM",3.93340203280875,0.929225216034441,0.018,0.66368150156212,0.146,-25575.9081462241,53231.0506314218,172,7.14000000000004,TRUE,"",0.6,4,406,820406,920406
"DGMM",NA,0.894810869001633,0.027,0.393578600502561,0.482,-28734.3828611253,59554.9078165032,25,2.96999999999997,TRUE,"",0.6,4,407,820407,920407
"RDMM",3.95687758952439,0.944728731527955,0.014,0.737010963298068,0.109,-25711.5818397632,53502.3980185001,163,6.53000000000003,TRUE,"",0.6,4,407,820407,920407
"DGMM",NA,0.910025973880811,0.023,0.309926254355285,0.465,-29070.6153773304,60227.3728489134,18,2.23000000000002,TRUE,"",0.6,4,408,820408,920408
"RDMM",3.83431375470832,0.976120101574789,0.006,0.764479114528003,0.097,-26035.6824783145,54150.5992956026,174,6.94,TRUE,"",0.6,4,408,820408,920408
"DGMM",NA,0.827928699661764,0.045,0.367006659426068,0.447,-28593.7148327346,59273.5717597219,14,1.72000000000003,TRUE,"",0.6,4,409,820409,920409
"RDMM",3.87055821652655,0.933089024457711,0.017,0.734317068469976,0.11,-25567.5531791277,53214.340697229,152,6.11000000000001,TRUE,"",0.6,4,409,820409,920409
"DGMM",NA,0.929225235426993,0.018,0.406834597986614,0.381,-28362.7680541153,58811.6782024831,16,1.95999999999998,TRUE,"",0.6,4,410,820410,920410
"RDMM",4.31217810456227,0.948624617552743,0.013,0.785057434820594,0.087,-25240.2666419817,52559.7676229369,158,6.33000000000004,TRUE,"",0.6,4,410,820410,920410
"DGMM",NA,0.91002557691166,0.023,0.395477595510075,0.456,-28611.905840995,59309.9537762426,25,3.06,TRUE,"",0.6,4,411,820411,920411
"RDMM",3.72694981029589,0.948624267178373,0.013,0.760817419303792,0.097,-25694.8488570419,53468.9320530575,146,5.90999999999997,TRUE,"",0.6,4,411,820411,920411
"DGMM",NA,0.725633563677495,0.074,0.346758709270648,0.46,-27588.6895984316,57263.5212911158,14,1.75,TRUE,"",0.6,4,412,820412,920412
"RDMM",4.37025851386595,0.952528499589018,0.012,0.763377506997156,0.097,-24834.7598188235,51748.7539766206,170,7.06,TRUE,"",0.6,4,412,820412,920412
"DGMM",NA,0.598672520190069,0.113,0.254541891462837,0.543,-29086.0840859846,60258.3102662218,26,3.25,TRUE,"",0.6,4,413,820413,920413
"RDMM",3.38806379337051,0.944728724892751,0.014,0.735019342362506,0.11,-25813.9375296967,53707.109398367,164,6.68000000000001,TRUE,"",0.6,4,413,820413,920413
"DGMM",NA,0.791892775920485,0.055,0.381470113586165,0.519,-29321.477423663,60729.0969415786,23,2.82999999999998,TRUE,"",0.6,4,414,820414,920414
"RDMM",3.61720655339058,0.921521527851378,0.02,0.746151686333508,0.104,-25951.7327842251,53982.6999074238,131,5.21999999999997,TRUE,"",0.6,4,414,820414,920414
"DGMM",NA,0.421938290666949,0.175,0.22113107102556,0.562,-29344.5960141119,60775.3341224763,12,1.5,TRUE,"",0.6,4,415,820415,920415
"RDMM",4.04702525349284,0.956440401158276,0.011,0.722479562506747,0.116,-26088.2892433184,54255.8128256104,180,7.18000000000001,TRUE,"",0.6,4,415,820415,920415
"DGMM",NA,0.777703835764123,0.059,0.353309198340386,0.511,-29237.5251099513,60561.1923141553,13,1.63999999999999,TRUE,"",0.6,4,416,820416,920416
"RDMM",3.88139028501461,0.929225163095476,0.018,0.68916948895373,0.133,-25762.561578669,53604.3574963116,198,7.91000000000003,TRUE,"",0.6,4,416,820416,920416
"DGMM",NA,0.861045094747967,0.036,0.390289585499693,0.492,-28973.4697461044,60033.0815864613,19,2.42000000000002,TRUE,"",0.6,4,417,820417,920417
"RDMM",3.77837124476379,0.921521478782696,0.02,0.551808265016717,0.231,-25884.1825518418,53847.5994426572,139,5.5,TRUE,"",0.6,4,417,820417,920417
"DGMM",NA,0.838895417141835,0.042,0.388504216084232,0.511,-29061.4345910522,60209.011276357,27,1.41,TRUE,"",0.6,4,418,820418,920418
"RDMM",3.62211848509846,0.936960900313113,0.016,0.740464483117626,0.107,-25845.7091337697,53770.6526065129,233,7.96,TRUE,"",0.6,4,418,820418,920418
"DGMM",NA,0.503618314264985,0.145,0.216722414198386,0.536,-29430.7340960823,60947.6102864172,18,2.22,TRUE,"",0.6,4,419,820419,920419
"RDMM",3.70009084328357,0.936960938035484,0.016,0.627667711308421,0.17,-26385.4363906388,54850.1071202512,131,5.33,TRUE,"",0.6,4,419,820419,920419
"DGMM",NA,0.910025991415458,0.023,0.414595749729644,0.422,-28352.3406368548,58790.8233679623,16,1.98,TRUE,"",0.6,4,420,820420,920420
"RDMM",4.07238104174352,0.964288261772027,0.009,0.781155718042984,0.089,-25720.3017474249,53519.8378338235,140,5.65,TRUE,"",0.6,4,420,820420,920420
"DGMM",NA,0.92152153883898,0.02,0.426733569126268,0.446,-28663.3307693272,59412.803632907,19,2.31,TRUE,"",0.6,4,421,820421,920421
"RDMM",3.65148792113249,0.940840838103636,0.015,0.760007440363133,0.098,-25950.0550149371,53979.3443688478,172,7.03,TRUE,"",0.6,4,421,820421,920421
"DGMM",NA,0.65252367825955,0.096,0.294150854363413,0.479,-29109.0220744463,60304.1862431452,9,1.16999999999999,TRUE,"",0.6,4,422,820422,920422
"RDMM",4.38375979928742,0.925369298434679,0.019,0.469076030815593,0.35,-25717.1297765305,53513.4938920346,139,5.77,TRUE,"",0.6,4,422,820422,920422
"DGMM",NA,0.842566604592846,0.041,0.332647304775483,0.47,-28692.3884905331,59470.9190753188,14,1.74,TRUE,"",0.6,4,423,820423,920423
"RDMM",3.90215175564015,0.933088961591909,0.017,0.758433351351237,0.099,-26006.9443507143,54093.1230404022,166,6.61,TRUE,"",0.6,4,423,820423,920423
"DGMM",NA,0.906210141349352,0.024,0.432364869570597,0.475,-28266.1076948827,58618.3574840179,21,2.56,TRUE,"",0.6,4,424,820424,920424
"RDMM",4.18421004942518,0.948624582145536,0.013,0.730277183787188,0.112,-25810.4209212051,53700.0761813838,227,8.95,TRUE,"",0.6,4,424,820424,920424
"DGMM",NA,0.898602192421043,0.026,0.363212975160638,0.474,-29311.8691859835,60709.8804662196,16,2.05,TRUE,"",0.6,4,425,820425,920425
"RDMM",4.02863341818386,0.956440278572329,0.011,0.641343155566503,0.168,-26168.1838097359,54415.6019584454,185,7.42000000000001,TRUE,"",0.6,4,425,820425,920425
"DGMM",NA,0.580224718101546,0.119,0.378540087652934,0.334,-29528.7850270348,61143.7121483221,6,0.810000000000002,TRUE,"",0.6,4,426,820426,920426
"RDMM",4.06028244447973,0.960360356190814,0.01,0.769582270452088,0.096,-25756.3361866754,53591.9067123244,147,5.91,TRUE,"",0.6,4,426,820426,920426
"DGMM",NA,0.91002604299809,0.023,0.425089275131681,0.456,-28738.6993935546,59563.5408813618,17,2.11,TRUE,"",0.6,4,427,820427,920427
"RDMM",4.10274839456509,0.968224213423779,0.008,0.782191382555742,0.089,-25907.9465707222,53895.127480418,170,6.78999999999999,TRUE,"",0.6,4,427,820427,920427
"DGMM",NA,0.749708480213013,0.067,0.32081320310034,0.524,-28796.2448987693,59678.6318917912,17,2.11,TRUE,"",0.6,4,428,820428,920428
"RDMM",3.91235300348419,0.936960907756526,0.016,0.696842755922085,0.129,-26274.8527710232,54628.9398810201,300,11.96,TRUE,"",0.6,4,428,820428,920428
"DGMM",NA,0.746245888482778,0.068,0.517274384502137,0.247,-28399.3349736391,58884.8120415308,14,1.94,TRUE,"",0.6,4,429,820429,920429
"RDMM",3.86650878203443,0.968224194635948,0.008,0.782684807563345,0.089,-25487.7064587163,53054.6472564063,177,7.17,TRUE,"",0.6,4,429,820429,920429
"DGMM",NA,0.917681694549059,0.021,0.432198109851844,0.48,-28101.5547869503,58289.2516681531,25,3,TRUE,"",0.6,4,430,820430,920430
"RDMM",3.93735460671356,0.968224224720919,0.008,0.719961557634337,0.118,-25449.419568923,52978.0734768197,270,10.83,TRUE,"",0.6,4,430,820430,920430
"DGMM",NA,0.90621013495435,0.024,0.351929341920205,0.473,-28778.2790474694,59642.7001891914,22,2.65000000000001,TRUE,"",0.6,4,431,820431,920431
"RDMM",3.96373360190827,0.925369299655092,0.019,0.513712880115957,0.264,-25880.7066010376,53840.6475410488,117,4.77,TRUE,"",0.6,4,431,820431,920431
"DGMM",NA,0.906210128675129,0.024,0.351346042487435,0.459,-29061.432784196,60209.0076626446,12,1.53,TRUE,"",0.6,4,432,820432,920432
"RDMM",3.97132150080043,0.925369302067204,0.019,0.726591856797617,0.115,-25896.0658878164,53871.3661146064,258,10.33,TRUE,"",0.6,4,432,820432,920432
"DGMM",NA,0.506440234734949,0.144,0.217827380593941,0.554,-30193.04755894,62472.2372121326,11,1.38999999999999,TRUE,"",0.6,4,433,820433,920433
"RDMM",3.85892058460302,0.910026034672173,0.023,0.495482879523514,0.305,-26655.1187311416,55389.4718012567,137,5.47,TRUE,"",0.6,4,433,820433,920433
"DGMM",NA,0.929225273987402,0.018,0.435290767697852,0.386,-28340.9505486209,58768.0431914945,26,3.15000000000001,TRUE,"",0.6,4,434,820434,920434
"RDMM",3.89970743175304,0.96822420563967,0.008,0.749383588578701,0.104,-25745.4166760029,53570.0676909795,164,6.55000000000001,TRUE,"",0.6,4,434,820434,920434
"DGMM",NA,0.933089101710698,0.017,0.379647371356441,0.464,-28773.1659752847,59632.474044822,26,3.27000000000001,TRUE,"",0.6,4,435,820435,920435
"RDMM",3.77981108489385,0.944728729292296,0.014,0.696532355812068,0.129,-25767.9074636289,53615.0492662314,218,8.86000000000001,TRUE,"",0.6,4,435,820435,920435
"DGMM",NA,0.887251216990116,0.029,0.363549456495227,0.399,-29133.4308923777,60353.0038790079,19,2.28,TRUE,"",0.6,4,436,820436,920436
"RDMM",3.59323539940183,0.952528518110309,0.012,0.74231150350555,0.107,-26051.0303886481,54181.2951162698,132,5.31,TRUE,"",0.6,4,436,820436,920436
"DGMM",NA,0.520788998455823,0.139,0.245194008366129,0.547,-29365.6887783244,60817.5196509015,11,1.38999999999999,TRUE,"",0.6,4,437,820437,920437
"RDMM",3.92867064186329,0.936960820606327,0.016,0.741493703393011,0.106,-25795.9645779623,53671.1634948983,205,8.10999999999999,TRUE,"",0.6,4,437,820437,920437
"DGMM",NA,0.838895405769643,0.042,0.377791448991309,0.437,-28699.1466874755,59484.4354692035,21,2.63,TRUE,"",0.6,4,438,820438,920438
"RDMM",3.68115623056999,0.921521488713448,0.02,0.735686651191334,0.11,-25832.2930669221,53743.8204728179,242,9.70000000000002,TRUE,"",0.6,4,438,820438,920438
"DGMM",NA,0.910025988559371,0.023,0.418948406028303,0.461,-28747.0002151206,59580.1425244938,19,2.34,TRUE,"",0.6,4,439,820439,920439
"RDMM",4.00649858017509,0.940840825049269,0.015,0.743137014221349,0.106,-26130.1668240874,54339.5679871484,151,6.06,TRUE,"",0.6,4,439,820439,920439
"DGMM",NA,0.898602537896863,0.026,0.420051627293661,0.465,-28032.1051655861,58150.3524254247,26,3.12,TRUE,"",0.6,4,440,820440,920440
"RDMM",4.03612870717204,0.936960910351866,0.016,0.750185407260568,0.103,-25477.8743308198,53034.9830006132,103,4.16,TRUE,"",0.6,4,440,820440,920440
"DGMM",NA,0.809811415167559,0.05,0.375573776215374,0.49,-27947.919883206,57981.9818606646,19,2.31,TRUE,"",0.6,4,441,820441,920441
"RDMM",4.02910443344449,0.944728680208755,0.014,0.760906650066351,0.098,-25445.8269706103,52970.8882801942,257,10.55,TRUE,"",0.6,4,441,820441,920441
"DGMM",NA,0.831575691616095,0.044,0.393635065269779,0.479,-29466.0368732611,61018.2158407748,22,2.71000000000001,TRUE,"",0.6,4,442,820442,920442
"RDMM",3.64296914017686,0.921521485003099,0.02,0.589237519615484,0.187,-25887.5627949958,53854.3599289653,269,10.65,TRUE,"",0.6,4,442,820442,920442
"DGMM",NA,0.906210193849074,0.024,0.404266463065286,0.469,-29119.6614037524,60325.4649017573,26,3.15000000000001,TRUE,"",0.6,4,443,820443,920443
"RDMM",3.58145718860159,0.933089093523709,0.017,0.743810254116374,0.106,-25943.7269558152,53966.688250604,255,10.24,TRUE,"",0.6,4,443,820443,920443
"DGMM",NA,0.89481086165569,0.027,0.375212106479686,0.436,-28073.0731580896,58232.2884104318,19,2.32999999999998,TRUE,"",0.6,4,444,820444,920444
"RDMM",4.03959272118011,0.960360328553965,0.01,0.707360309901599,0.124,-25657.0791173231,53393.3925736198,170,6.78000000000003,TRUE,"",0.6,4,444,820444,920444
"DGMM",NA,0.739343076811116,0.07,0.271385045951554,0.456,-29731.2911715511,61548.7244373547,13,1.61000000000001,TRUE,"",0.6,4,445,820445,920445
"RDMM",3.65785292827813,0.933089063504733,0.017,0.733013709055519,0.111,-26068.8680334802,54216.9704059341,124,5,TRUE,"",0.6,4,445,820445,920445
"DGMM",NA,0.514990489538492,0.141,0.29483589856918,0.445,-29514.4487918772,61115.0396780069,11,1.39000000000004,TRUE,"",0.6,4,446,820446,920446
"RDMM",3.70813666329478,0.913849601757669,0.022,0.722706184516056,0.116,-26052.925498168,54185.0853353096,300,12.04,TRUE,"",0.6,4,446,820446,920446
"DGMM",NA,0.952528442618605,0.012,0.426134675325131,0.407,-28657.5494588258,59401.2410119042,28,3.50999999999999,TRUE,"",0.6,4,447,820447,920447
"RDMM",3.97444306122874,0.964288280196121,0.009,0.68595679944694,0.134,-25723.3395273926,53525.9133937588,165,6.66000000000003,TRUE,"",0.6,4,447,820447,920447
"DGMM",NA,0.925369349447941,0.019,0.435967084217906,0.434,-28940.8977134173,59967.9375210873,20,2.39999999999998,TRUE,"",0.6,4,448,820448,920448
"RDMM",3.77827172094598,0.964288287906982,0.009,0.749096405828659,0.104,-25952.4925561414,53984.2194512564,166,6.64000000000004,TRUE,"",0.6,4,448,820448,920448
"DGMM",NA,0.906210193519776,0.024,0.416715617381919,0.445,-28518.8737575844,59123.8896094214,29,3.50999999999999,TRUE,"",0.6,4,449,820449,920449
"RDMM",3.93078752197905,0.93308899399242,0.017,0.768006507977127,0.094,-25573.2754486715,53225.7852363167,202,8.13999999999999,TRUE,"",0.6,4,449,820449,920449
"DGMM",NA,0.906210185729402,0.024,0.425186893820279,0.401,-27450.5020189552,56987.1461321631,15,1.83999999999997,TRUE,"",0.6,4,450,820450,920450
"RDMM",4.05395978789026,0.948624589196012,0.013,0.774292674936461,0.092,-24999.4188743774,52078.0720877283,157,6.32999999999998,TRUE,"",0.6,4,450,820450,920450
"DGMM",NA,0.913849036475075,0.022,0.353600884188531,0.48,-29048.7795667046,60183.7012276618,13,1.60999999999996,TRUE,"",0.6,4,451,820451,920451
"RDMM",3.99668685892458,0.956439732432988,0.011,0.560323710698365,0.241,-25756.628019337,53592.4903776476,119,4.75,TRUE,"",0.6,4,451,820451,920451
"DGMM",NA,0.929225163697984,0.018,0.424365667942814,0.392,-28845.7181156565,59777.5783255656,18,2.19,TRUE,"",0.6,4,452,820452,920452
"RDMM",3.76094115757294,0.940840784611426,0.015,0.765544930593522,0.096,-26034.4364132624,54148.1071654985,106,4.41000000000003,TRUE,"",0.6,4,452,820452,920452
"DGMM",NA,0.891027167134066,0.028,0.417680235678648,0.454,-29348.7199753239,60783.5820449003,27,3.31,TRUE,"",0.6,4,453,820453,920453
"RDMM",3.81167749276838,0.913849786653293,0.022,0.632925797130164,0.162,-26096.9102831646,54273.0549053029,197,8.00999999999999,TRUE,"",0.6,4,453,820453,920453
"DGMM",NA,0.910025937669061,0.023,0.435118201094423,0.488,-28390.6484896373,58867.4390735271,25,3.06,TRUE,"",0.6,4,454,820454,920454
"RDMM",4.20516747717088,0.94472868437969,0.014,0.723629764382189,0.116,-25583.9079293125,53247.0501975987,283,11.23,TRUE,"",0.6,4,454,820454,920454
"DGMM",NA,0.861045032293503,0.036,0.393160329936992,0.478,-28784.9524976351,59656.0470895228,18,2.19,TRUE,"",0.6,4,455,820455,920455
"RDMM",4.05958984298971,0.940840846525805,0.015,0.767856144956898,0.095,-25914.3384583795,53907.9112557326,122,4.90000000000003,TRUE,"",0.6,4,455,820455,920455
"DGMM",NA,0.913841014807639,0.022,0.440083405494316,0.452,-28588.1072007176,59262.3564956878,28,3.42000000000002,TRUE,"",0.6,4,456,820456,920456
"RDMM",3.80057514758873,0.944725659914621,0.014,0.699070695850351,0.129,-25869.4126695362,53818.0596780459,282,11.22,TRUE,"",0.6,4,456,820456,920456
"DGMM",NA,0.929225163697984,0.018,0.387981846332463,0.479,-28387.4509812272,58861.044056707,17,1.96999999999997,TRUE,"",0.6,4,457,820457,920457
"RDMM",3.96003847188189,0.960360323449583,0.01,0.768491095216846,0.095,-25684.2586775939,53447.7516941615,213,6.24000000000001,TRUE,"",0.6,4,457,820457,920457
"DGMM",NA,0.898602523856467,0.026,0.319379708228401,0.498,-28987.888289068,60061.9186723886,15,1.19,TRUE,"",0.6,4,458,820458,920458
"RDMM",3.64050718567177,0.929225206751746,0.018,0.739870344736026,0.107,-25949.7588065889,53978.7519521513,100,2.31999999999999,TRUE,"",0.6,4,458,820458,920458
"DGMM",NA,0.910025980250753,0.023,0.395482289963617,0.479,-29552.7312669721,61191.6046281969,17,1.16,TRUE,"",0.6,4,459,820459,920459
"RDMM",3.6357721076805,0.964288253218386,0.009,0.760180207378095,0.099,-26039.467033432,54158.1684058377,119,2.73,TRUE,"",0.6,4,459,820459,920459
"DGMM",NA,0.875972209132755,0.032,0.39762266116366,0.466,-29195.4068331483,60476.9557605492,19,2.32,TRUE,"",0.6,4,460,820460,920460
"RDMM",3.74891872514433,0.933089022312268,0.017,0.716094384509023,0.119,-26096.6735766382,54272.58149225,116,4.73,TRUE,"",0.6,4,460,820460,920460
"DGMM",NA,0.732468040413473,0.072,0.292248774688006,0.476,-29301.5616526669,60689.2653995865,11,1.36,TRUE,"",0.6,4,461,820461,920461
"RDMM",3.49919894540938,0.944728727380953,0.014,0.670507204192012,0.142,-26192.602444669,54464.4392283117,160,6.47,TRUE,"",0.6,4,461,820461,920461
"DGMM",NA,0.802618572338851,0.052,0.354057629284574,0.418,-29080.9909752211,60248.1240446948,10,1.25,TRUE,"",0.6,4,462,820462,920462
"RDMM",3.79701460268121,0.952528289077273,0.012,0.798373704195428,0.081,-25954.6474720989,53988.5292831713,109,4.39,TRUE,"",0.6,4,462,820462,920462
"DGMM",NA,0.658997699560131,0.094,0.309160142537774,0.518,-29049.2031540613,60184.5484023751,30,3.54,TRUE,"",0.6,4,463,820463,920463
"RDMM",3.80779609456927,0.964288271885242,0.009,0.7466973781371,0.105,-25897.6515668858,53874.5374727453,217,8.84,TRUE,"",0.6,4,463,820463,920463
"DGMM",NA,0.883483470101141,0.03,0.431196274246735,0.426,-28288.4295189742,58663.001132201,17,2.33,TRUE,"",0.6,4,464,820464,920464
"RDMM",4.10022737856582,0.952527577997262,0.012,0.73969243140196,0.108,-25667.8802030974,53414.9947451683,254,10.08,TRUE,"",0.6,4,464,820464,920464
"DGMM",NA,0.464608021937445,0.159,0.194885406207973,0.561,-28908.6980168401,59903.5381279329,27,3.3,TRUE,"",0.6,4,465,820465,920465
"RDMM",3.86544037964118,0.944728718772376,0.014,0.761172043947237,0.098,-26193.5524948764,54466.3393287264,124,4.95,TRUE,"",0.6,4,465,820465,920465
"DGMM",NA,0.902402336920108,0.025,0.418041593569752,0.406,-29088.6080110415,60263.3581163355,28,3.43,TRUE,"",0.6,4,466,820466,920466
"RDMM",3.72937890589705,0.917681626450892,0.021,0.749888499178764,0.103,-26119.6052312041,54318.4448013817,191,7.69,TRUE,"",0.6,4,466,820466,920466
"DGMM",NA,0.868492488223115,0.034,0.405294208508015,0.483,-28280.7752918689,58647.6926779904,14,1.72,TRUE,"",0.6,4,467,820467,920467
"RDMM",4.12801255432057,0.948624621021968,0.013,0.741025882402863,0.107,-25793.5260988392,53666.286536652,250,9.95,TRUE,"",0.6,4,467,820467,920467
"DGMM",NA,-0.000237320286891549,0.484,0.000573689104408437,0.722,-27573.8935708028,57233.9292358582,25,3.04000000000001,TRUE,"",0.6,4,468,820468,920468
"RDMM",3.50966257980766,0.956440443059249,0.011,0.773534253792133,0.092,-25881.5285157548,53842.2913704832,221,8.86,TRUE,"",0.6,4,468,820468,920468
"DGMM",NA,0.917681646848681,0.021,0.361993719342267,0.488,-29655.8829786226,61397.9080514977,15,1.84999999999999,TRUE,"",0.6,4,469,820469,920469
"RDMM",3.79953818638325,0.960360324756183,0.01,0.721527803076966,0.117,-26496.5161060958,55072.2665511651,145,5.90000000000001,TRUE,"",0.6,4,469,820469,920469
"DGMM",NA,0.902402543609156,0.025,0.419162294066491,0.466,-28528.2945604503,59142.7312151533,28,3.53,TRUE,"",0.6,4,470,820470,920470
"RDMM",3.78521962574126,0.94862460986971,0.013,0.562752647396912,0.236,-25749.3856197097,53578.0055783931,224,8.89,TRUE,"",0.6,4,470,820470,920470
"DGMM",NA,0.784780091435986,0.057,0.363200377921628,0.523,-28637.3127144356,59360.7675231238,30,3.61,TRUE,"",0.6,4,471,820471,920471
"RDMM",4.03722285718314,0.956440396957001,0.011,0.760694936569306,0.098,-26068.0022425095,54215.2388239925,112,4.53,TRUE,"",0.6,4,471,820471,920471
"DGMM",NA,0.883483084236687,0.03,0.404462977234274,0.462,-28943.2415384992,59972.625171251,21,2.55000000000001,TRUE,"",0.6,4,472,820472,920472
"RDMM",3.60677493396637,0.96428770783802,0.009,0.796985248090548,0.083,-25594.9964859688,53269.2273109111,188,7.63,TRUE,"",0.6,4,472,820472,920472
"DGMM",NA,0.732474024317984,0.072,0.3319292922264,0.502,-28418.6809994254,58923.5040931035,26,3.24000000000001,TRUE,"",0.6,4,473,820473,920473
"RDMM",4.10546210073599,0.952528497531095,0.012,0.71414948672872,0.12,-25728.2214412469,53535.6772214674,150,6.09,TRUE,"",0.6,4,473,820473,920473
"DGMM",NA,0.78833318442827,0.056,0.372227812846606,0.468,-28012.1299275656,58110.4019493839,21,2.56,TRUE,"",0.6,4,474,820474,920474
"RDMM",4.18153798583959,0.956440434067307,0.011,0.76378253453561,0.097,-25409.153999124,52897.5423372217,158,6.31999999999999,TRUE,"",0.6,4,474,820474,920474
"DGMM",NA,0.443024535014871,0.167,0.243106169096155,0.542,-28495.6659283453,59077.4739509431,11,1.36000000000001,TRUE,"",0.6,4,475,820475,920475
"RDMM",4.18926160216374,0.944728693457917,0.014,0.777954161338407,0.09,-25382.893849584,52845.0220381417,298,12.07,TRUE,"",0.6,4,475,820475,920475
"DGMM",NA,0.79903630236642,0.053,0.375321346654733,0.449,-28682.663777284,59451.4696488207,17,2.12,TRUE,"",0.6,4,476,820476,920476
"RDMM",3.94763826611544,0.940840782744888,0.015,0.772741951084803,0.093,-25292.8062139727,52664.846766919,196,7.81999999999999,TRUE,"",0.6,4,476,820476,920476
"DGMM",NA,0.929225149152691,0.018,0.443523585913392,0.43,-28416.1030072371,58918.3481087268,22,2.66,TRUE,"",0.6,4,477,820477,920477
"RDMM",4.1346988686055,0.956440441732386,0.011,0.759704312570709,0.099,-25921.671290583,53922.5769201397,159,6.38999999999999,TRUE,"",0.6,4,477,820477,920477
"DGMM",NA,0.760148028207912,0.064,0.35784502919081,0.477,-28445.4050545667,58976.9522033859,20,2.43000000000001,TRUE,"",0.6,4,478,820478,920478
"RDMM",3.95239505253992,0.948624575793517,0.013,0.743711392137937,0.106,-25843.9391001031,53767.1125391798,278,11.2,TRUE,"",0.6,4,478,820478,920478
"DGMM",NA,0.933089070494574,0.017,0.410807067331252,0.463,-28927.6387568137,59941.4196078799,15,1.86000000000001,TRUE,"",0.6,4,479,820479,920479
"RDMM",3.80818009221378,0.952528523535181,0.012,0.745486355634847,0.105,-25849.4057650016,53778.0458689769,291,11.64,TRUE,"",0.6,4,479,820479,920479
"DGMM",NA,0.898584804605651,0.026,0.403924294685478,0.461,-29001.408527281,60088.9591488147,16,1.97,TRUE,"",0.6,4,480,820480,920480
"RDMM",3.83156645347533,0.925360516567108,0.019,0.464788945728454,0.309,-25979.6342548855,54038.5028487447,125,5.01000000000002,TRUE,"",0.6,4,480,820480,920480
"DGMM",NA,0.809810195720163,0.05,0.375160522967753,0.482,-28576.9580140822,59240.058122417,27,3.26000000000002,TRUE,"",0.6,4,481,820481,920481
"RDMM",3.86601596372196,0.929225199486484,0.018,0.746724860484544,0.104,-25801.6983051895,53682.6309493527,185,7.67999999999998,TRUE,"",0.6,4,481,820481,920481
"DGMM",NA,0.795461274482644,0.054,0.345587911517441,0.517,-29769.9465826766,61626.0352596057,16,2.03,TRUE,"",0.6,4,482,820482,920482
"RDMM",3.84844416226418,0.944728674232807,0.014,0.766993138689007,0.095,-25760.9348291738,53601.1039973212,221,8.76999999999998,TRUE,"",0.6,4,482,820482,920482
"DGMM",NA,0.917681646848681,0.021,0.39008826695235,0.456,-28782.5205378293,59651.1831699112,13,1.60999999999999,TRUE,"",0.6,4,483,820483,920483
"RDMM",3.79332239642145,0.956440430891215,0.011,0.734711327834837,0.11,-25996.8564340801,54072.9472071338,141,5.66,TRUE,"",0.6,4,483,820483,920483
"DGMM",NA,0.872228253116808,0.033,0.401995672280296,0.447,-28820.6749848209,59727.4920638945,18,2.16999999999999,TRUE,"",0.6,4,484,820484,920484
"RDMM",3.74229498901497,0.925369392521286,0.019,0.554956559478809,0.228,-26000.326435778,54079.8872105295,113,4.64000000000001,TRUE,"",0.6,4,484,820484,920484
"DGMM",NA,0.921521477359704,0.02,0.423034003877017,0.402,-29574.1310969997,61234.4042882521,19,2.33000000000001,TRUE,"",0.6,4,485,820485,920485
"RDMM",3.60315943944456,0.968224194899325,0.008,0.74166108732202,0.107,-26357.5874282477,54794.409195469,166,6.64000000000001,TRUE,"",0.6,4,485,820485,920485
"DGMM",NA,0.875967550905126,0.032,0.370624945221783,0.411,-28039.5291127823,58165.2003198171,19,2.28000000000003,TRUE,"",0.6,4,486,820486,920486
"RDMM",4.00336352732781,0.940840332996748,0.015,0.726588308557576,0.115,-25596.6783203479,53272.5909796695,100,4.09999999999997,TRUE,"",0.6,4,486,820486,920486
"DGMM",NA,0.91002609926579,0.023,0.429814986337631,0.431,-27692.0137478596,57470.1695899718,13,1.61000000000001,TRUE,"",0.6,4,487,820487,920487
"RDMM",4.48891136433666,0.952528458899359,0.012,0.577837727547933,0.204,-25307.8283985813,52694.8911361363,100,4.10000000000002,TRUE,"",0.6,4,487,820487,920487
"DGMM",NA,0.891027154387548,0.028,0.401148123999003,0.509,-28478.8690257529,59043.8801457584,14,1.69,TRUE,"",0.6,4,488,820488,920488
"RDMM",3.82178953667394,0.960360360566264,0.01,0.785427674659585,0.087,-25565.6829721371,53210.6002832478,237,9.58999999999997,TRUE,"",0.6,4,488,820488,920488
"DGMM",NA,0.00217387076296595,0.474,0.00149466601908808,0.715,-27578.056500472,57242.2550951966,27,3.37,TRUE,"",0.6,4,489,820489,920489
"RDMM",3.7704677533403,0.936960910351866,0.016,0.729540978114577,0.113,-25821.5104442065,53722.2552273867,129,5.20999999999998,TRUE,"",0.6,4,489,820489,920489
"DGMM",NA,0.933089039407147,0.017,0.427207907407686,0.461,-28973.1025325,60032.3471592526,21,2.61000000000001,TRUE,"",0.6,4,490,820490,920490
"RDMM",4.03508436036964,0.956440399750402,0.011,0.719266871812906,0.118,-26281.1287402502,54641.491819474,114,4.51999999999998,TRUE,"",0.6,4,490,820490,920490
"DGMM",NA,0.562087548014683,0.125,0.247582969433055,0.489,-28832.6729229628,59751.4879401782,31,3.77000000000004,TRUE,"",0.6,4,491,820491,920491
"RDMM",3.88228618552004,0.921521498591353,0.02,0.750801152133062,0.102,-25951.6179276614,53982.4701942964,113,4.5,TRUE,"",0.6,4,491,820491,920491
"DGMM",NA,0.948624626148382,0.013,0.434520071928199,0.401,-28382.9625547092,58852.0672036709,12,1.5,TRUE,"",0.6,4,492,820492,920492
"RDMM",3.92721005743217,0.952528528052863,0.012,0.713803232274171,0.12,-25585.5520995995,53250.3385381727,239,9.56,TRUE,"",0.6,4,492,820492,920492
"DGMM",NA,0.894811010840859,0.027,0.393576936507197,0.433,-28979.9060337571,60045.9541617669,13,1.60000000000002,TRUE,"",0.6,4,493,820493,920493
"RDMM",3.89649133291533,0.94862338034386,0.013,0.514733274076016,0.279,-26043.8441087731,54166.9225565197,193,7.67000000000002,TRUE,"",0.6,4,493,820493,920493
"DGMM",NA,0.898602565133951,0.026,0.361625336699977,0.501,-29476.8444390368,61039.8309723263,16,1.96999999999997,TRUE,"",0.6,4,494,820494,920494
"RDMM",3.68608011688812,0.964288283063362,0.009,0.777867534353423,0.09,-26077.6201220142,54234.474583002,109,4.54999999999995,TRUE,"",0.6,4,494,820494,920494
"DGMM",NA,0.906210153823586,0.024,0.40156150930965,0.466,-28772.793654599,59631.7294034505,15,1.88999999999999,TRUE,"",0.6,4,495,820495,920495
"RDMM",3.83726435970961,0.944728676891147,0.014,0.741449061336487,0.107,-25891.8156237995,53862.8655865726,108,4.44,TRUE,"",0.6,4,495,820495,920495
"DGMM",NA,0.921521508374893,0.02,0.436427598651501,0.435,-28842.9892103742,59772.1205150009,18,2.28000000000003,TRUE,"",0.6,4,496,820496,920496
"RDMM",4.05071754820587,0.936960934755938,0.016,0.728722903119461,0.114,-26129.5326790852,54338.2996971441,151,6.31,TRUE,"",0.6,4,496,820496,920496
"DGMM",NA,0.933089095364494,0.017,0.430074113953972,0.428,-28411.8355721853,58909.8132386231,19,2.26999999999998,TRUE,"",0.6,4,497,820497,920497
"RDMM",3.96473058193982,0.948624570851592,0.013,0.768985783083922,0.094,-25728.3023778529,53535.8390946794,125,5.06,TRUE,"",0.6,4,497,820497,920497
"DGMM",NA,0.913849787386692,0.022,0.420012035473414,0.429,-29305.7856893517,60697.7134729561,22,2.63,TRUE,"",0.6,4,498,820498,920498
"RDMM",3.68860665026422,0.933089044195771,0.017,0.770685435106636,0.093,-25976.1020161414,54031.4383712563,251,9.92999999999995,TRUE,"",0.6,4,498,820498,920498
"DGMM",NA,0.817033256667303,0.048,0.373029014963069,0.47,-28292.5098627356,58671.1618197239,17,2.13999999999999,TRUE,"",0.6,4,499,820499,920499
"RDMM",4.42566462862761,0.936960536284101,0.016,0.772472425736519,0.092,-25606.5300559513,53292.2944508762,300,12.07,TRUE,"",0.6,4,499,820499,920499
"DGMM",NA,0.891026955870976,0.028,0.411648058924122,0.419,-29571.602308481,61229.3467112145,19,2.25,TRUE,"",0.6,4,500,820500,920500
"RDMM",3.81645216126704,0.952528506791744,0.012,0.691790962676991,0.131,-26372.1582124436,54823.5507638608,175,5.37,TRUE,"",0.6,4,500,820500,920500
