"Nu_hat","Nu_error","Pi1_RMSE","Pi2_RMSE","Eta1_RMSE","Psi1_RMSE","Loading1_Subspace_Error","PathMean_RMSE","PathScale_RelFrob","Recovery_Error","Residual_rho","Nu_true","Replication","Data_seed","Fit_seed"
3.90406647239819,-0.0959335276018147,0.00315866280640686,0.00839837018753442,0.187410571640758,0.0665509626527963,0.109544353413685,0.0684471838202268,0.225331736034179,"",0,4,1,820001,920001
3.76155584534498,-0.238444154655017,0.0163563491929715,0.0198996988926929,0.0899390024179416,0.0466261972287553,0.0896504860849946,0.0901992446191871,0.195335660340864,"",0,4,2,820002,920002
4.17536795177708,0.175367951777084,0.00153205309645157,0.0528148446722673,0.131528394320494,0.057198982046064,0.090331434635719,0.101438063650257,0.197985354621877,"",0,4,3,820003,920003
3.84187785930678,-0.158122140693219,0.00649496628694909,0.00963655003148353,0.20090117746621,0.0423826144017616,0.0942542267751371,0.0895812052404031,0.224766397736582,"",0,4,4,820004,920004
4.18108339234937,0.181083392349372,0.00819120199374743,0.0195205085653638,0.15701441777774,0.0525144509296428,0.109297237769801,0.736208985906643,0.408947516234482,"",0,4,5,820005,920005
3.85031899354105,-0.149681006458948,0.00320899613347933,0.0265819077835344,0.139293471452214,0.0569594029579133,0.0993185222133427,0.0704947000545057,0.174707041628068,"",0,4,6,820006,920006
3.85092735705182,-0.149072642948181,0.0261122454060868,0.00197845156409257,0.165352281328292,0.0573751236852831,0.112918660520555,0.0985047451359172,0.190988573436991,"",0,4,7,820007,920007
3.97341897330987,-0.0265810266901254,0.0140070095099608,0.0183589375052146,0.127824157913133,0.0493470200222996,0.100483030304674,0.0941480497384608,0.208993967859153,"",0,4,8,820008,920008
3.96228533394,-0.0377146660599972,0.022768387605645,0.00812478910039294,0.19690148346072,0.0606278960499879,0.0976615359155755,0.0757902087233035,0.211412196101753,"",0,4,9,820009,920009
4.15695153597196,0.156951535971963,0.01037803726717,0.0405269526760553,0.0786508880536699,0.0493446662582537,0.101798504607376,0.115911705062781,0.192342493568544,"",0,4,10,820010,920010
4.44100507055715,0.441005070557146,0.0148654173753669,0.0369820554977695,0.143307597245666,0.0470708652909367,0.101364718132678,0.10108283631721,0.170670909432933,"",0,4,11,820011,920011
3.76475810889926,-0.235241891100736,0.0263546386559607,0.0748444838552242,0.109654088034238,0.0597983968910645,0.106414882483435,0.103151570844171,0.156693438666992,"",0,4,12,820012,920012
3.9758090034076,-0.0241909965923992,0.020317141341833,0.00196120538856473,0.280248303640655,0.0570086297525456,0.098267665156933,0.79061192733776,0.412635825193701,"",0,4,13,820013,920013
3.80852306616441,-0.191476933835592,0.00598273531400192,0.0106965709904308,0.234376525202791,0.0664237654460011,0.104775104451139,0.0743742191171251,0.140058066445035,"",0,4,14,820014,920014
3.85989054718563,-0.140109452814366,0.0134251458218132,0.0175733812403583,0.0898005983041522,0.0413398241024713,0.0987282231861986,0.085823483573776,0.157828906120117,"",0,4,15,820015,920015
4.1298721750226,0.129872175022602,0.0150457073040967,0.00329036256512752,0.10765035387547,0.0467700578157826,0.0996246621620327,0.109740061472828,0.17942079660529,"",0,4,16,820016,920016
4.09503597788176,0.0950359778817624,0.0218293749840185,0.00706086898634475,0.159958761127284,0.0628149769982803,0.0877720434154434,0.0954738972893091,0.172571297060243,"",0,4,17,820017,920017
4.15246002078872,0.152460020788717,0.0102219071061275,0.066776267207114,0.174355265289998,0.0427263266049268,0.105815476518583,0.0989390633153421,0.269566548071101,"",0,4,18,820018,920018
3.80472126847569,-0.195278731524311,0.0214732141459541,0.00586704350922085,0.104210894936357,0.0596964811318196,0.104437249548672,0.0926409197324063,0.180593213960136,"",0,4,19,820019,920019
3.66576959880991,-0.334230401190094,0.0179732045333095,0.0262646788182729,0.104604679830773,0.0521943770793218,0.0973882323911407,0.709890525050926,0.430842622454106,"",0,4,20,820020,920020
3.94781979174251,-0.052180208257488,0.00509220557162934,0.0189144591713075,0.136166954467539,0.060223909729244,0.10366499011774,0.074871782226357,0.226084451477526,"",0,4,21,820021,920021
3.75701642334858,-0.242983576651416,0.009301784961668,0.00463279277521525,0.172548345524095,0.0492376037096318,0.102450369079352,0.107144722271107,0.175358417445513,"",0,4,22,820022,920022
4.43551375128528,0.435513751285283,0.035237831944698,0.082563552173876,0.208151878136123,0.06307494019325,0.113739007304536,0.409404625931077,0.607196078236937,"",0,4,23,820023,920023
4.06406423868725,0.0640642386872496,0.0127608041007745,0.0383045243826324,0.147809374400737,0.049347519657697,0.0983214321016359,0.0990187462611491,0.185463232634146,"",0,4,24,820024,920024
4.33804864613424,0.338048646134236,0.00630315725969674,0.0280183726579464,0.230503621557667,0.0545419449532998,0.109863761870318,0.0993615842864305,0.194843816589233,"",0,4,25,820025,920025
4.36205063973405,0.362050639734047,0.0114196826015854,0.00297214298265547,0.0784108061552523,0.0553520067275008,0.100442893503605,0.753987937613934,0.436027134074962,"",0,4,26,820026,920026
4.1835564408247,0.1835564408247,0.00189733068710882,0.0170962979877415,0.132780621198226,0.0526071073055134,0.112429071704367,0.091757742111222,0.231798027034107,"",0,4,27,820027,920027
3.86714505630002,-0.132854943699979,0.00667010716052621,0.0113109535929302,0.104367145879599,0.0461015500697334,0.0981126747889338,0.0868183340896863,0.161360498292406,"",0,4,28,820028,920028
4.05524197811307,0.0552419781130657,0.0178936137072926,0.113050558596163,0.100637607050657,0.0588876522822102,0.101506763775713,0.616121282391351,0.466130210384415,"",0,4,29,820029,920029
4.15807901440164,0.158079014401642,0.019353622619696,0.0116635884272109,0.139119954511825,0.0581138303089951,0.10379214708362,0.0965863686101836,0.231136534150424,"",0,4,30,820030,920030
4.28716015324025,0.287160153240252,0.00960775058992883,0.0271384704902184,0.108859605978508,0.0545155308939845,0.100118072760418,0.0625317175962618,0.216379939066213,"",0,4,31,820031,920031
3.81409336873945,-0.185906631260553,0.00444511615543589,0.0161976822479576,0.091053094267488,0.0589994008346456,0.0967014419066206,0.117289494364194,0.176139692057074,"",0,4,32,820032,920032
3.7776325719241,-0.222367428075896,0.024340903624428,0.00213647843870943,0.0939222135861841,0.0552632897905466,0.107902790947359,0.0834506042874984,0.180510803724766,"",0,4,33,820033,920033
4.05767025171389,0.0576702517138932,0.0252883161355238,0.0702028637530563,0.178952853862126,0.0647263444176009,0.0984190642794319,0.359892377086223,0.483886792824308,"",0,4,34,820034,920034
4.27906845587864,0.279068455878642,0.0123630759396381,0.0112831662513271,0.0703909426719689,0.0562399412319068,0.0945331927934328,0.0838386844626584,0.192896065272017,"",0,4,35,820035,920035
4.09415947456345,0.0941594745634458,0.0272508149335245,0.0251434088238075,0.300666685145443,0.0567031938883458,0.102107452138361,0.846319782822303,0.452069235958177,"",0,4,36,820036,920036
3.67254512914816,-0.32745487085184,0.0141461219298096,0.0515669476411465,0.107120349600976,0.0580759977550092,0.0892730108293339,0.109155939499519,0.177933681809521,"",0,4,37,820037,920037
3.89441184062539,-0.105588159374607,0.019303668017925,0.013906073292882,0.189567827353672,0.0600618050402575,0.0979143074930831,0.0915037088746759,0.171244009209009,"",0,4,38,820038,920038
4.23691286368093,0.236912863680931,0.00800473849571282,0.064665229349288,0.161227575398152,0.0478444163039283,0.1082835034773,0.0870756693542683,0.196612291176812,"",0,4,39,820039,920039
4.15997756651345,0.159977566513452,0.00702373294773417,0.00141259101820479,0.217756460753957,0.0514967093108372,0.0901834137847804,0.0732932992483021,0.182970327244267,"",0,4,40,820040,920040
3.77606810552621,-0.223931894473792,0.0338559499841422,0.0288170054098931,0.110360956166444,0.0570069045841401,0.0949878126322876,0.0667967332777832,0.181452973175842,"",0,4,41,820041,920041
4.15904995481638,0.159049954816384,0.0317282202092119,0.0141827124260605,0.157123116413507,0.0505756843910169,0.0989102568319729,0.0862774292197498,0.218441263272452,"",0,4,42,820042,920042
3.94053569842285,-0.0594643015771537,0.00921743206326919,0.00315929195223175,0.11654797621723,0.0538875994881307,0.0976022336390012,0.0994017264425552,0.18563434130701,"",0,4,43,820043,920043
3.801473802035,-0.198526197965005,0.0316042194910075,0.00546779589982749,0.102784005452973,0.0529340140697462,0.086846160771323,0.0981735542074962,0.151471916015101,"",0,4,44,820044,920044
3.67938099338863,-0.320619006611369,0.00381207454277552,0.0095955483803476,0.29093963086601,0.0652854871472095,0.0993852494963001,0.0871170364065174,0.187409848225554,"",0,4,45,820045,920045
3.95930362618498,-0.0406963738150203,0.00588303261488976,0.0986133694114186,0.0907813125883528,0.0416244677978578,0.0915199818772527,0.637441857617664,0.476661685828068,"",0,4,46,820046,920046
4.0425020070167,0.0425020070166982,0.0122010959852961,0.00444229891837289,0.162956493036855,0.0522034252887775,0.0935207206220727,0.104949232414089,0.234711963276815,"",0,4,47,820047,920047
3.63960336327342,-0.360396636726577,0.00863559697418834,0.00643762876220197,0.0539274230935073,0.058586389485423,0.0854055062302873,0.0814845098114206,0.132743875860461,"",0,4,48,820048,920048
3.86365457670344,-0.136345423296561,0.0290622388794431,0.0113548050947452,0.110718046781704,0.0601027261055743,0.107816905423046,0.0851081033862922,0.162678789788779,"",0,4,49,820049,920049
4.15525556219222,0.155255562192225,0.0175875763297288,0.0102492393764333,0.100448851101599,0.0566031303822763,0.102827517735119,0.0835094961038421,0.221146120662303,"",0,4,50,820050,920050
3.90012614014968,-0.0998738598503155,0.012626867859107,0.0162905031827541,0.0817554056245396,0.0492142253248694,0.100663891338371,0.0824917818846573,0.18533819194372,"",0,4,51,820051,920051
3.6136424733191,-0.386357526680897,0.0260579565570171,0.0154400684625696,0.098172002153995,0.056451851402317,0.0875175814227177,0.0927181045533594,0.15057236953171,"",0,4,52,820052,920052
4.01229454974334,0.0122945497433413,0.0145592002878031,0.0244093594611861,0.0901776655032873,0.0533742332486676,0.0967235121192671,0.0712816637603204,0.172958503308741,"",0,4,53,820053,920053
4.46346026945403,0.463460269454031,0.0178019333366383,0.0211063348216863,0.158052353986925,0.0527587151891763,0.08876950326572,0.111440208495965,0.199529305047764,"",0,4,54,820054,920054
3.80327727817448,-0.196722721825523,0.000952104804564563,0.0146223690251462,0.216327452018186,0.0542656399204334,0.104010508663832,0.126661533904542,0.242016123011684,"",0,4,55,820055,920055
4.24805508413105,0.248055084131055,0.0268161333025543,0.0188230007860024,0.201171220238065,0.0559346417198403,0.100734590334926,0.083658674769253,0.230408720217429,"",0,4,56,820056,920056
3.82582987898324,-0.174170121016761,0.014723071715752,0.000777988759310899,0.108143756302046,0.0613359143507562,0.108152865259753,0.103069657606237,0.219567037012444,"",0,4,57,820057,920057
3.94091096628426,-0.0590890337157415,0.00905941334629715,0.000610638162644811,0.111180044249191,0.0546793587764764,0.0787327826360224,0.114474832772936,0.191364124046021,"",0,4,58,820058,920058
3.85554780694749,-0.144452193052508,0.0223162859321228,0.031162705964105,0.107259009476714,0.0667192503173114,0.103647684562713,0.0984385261881446,0.191132841648819,"",0,4,59,820059,920059
4.34047761963903,0.340477619639029,0.0107511612608451,0.00379600359867183,0.0842675794389785,0.0434072544962529,0.0949977790845101,0.0963324513182873,0.191606428249308,"",0,4,60,820060,920060
4.39456614094884,0.394566140948835,0.0108376157448948,0.0495283655491239,0.192984456630749,0.054999496531035,0.0903734592823847,0.109946981322338,0.26981199129808,"",0,4,61,820061,920061
4.05579478032871,0.0557947803287107,0.00339235644498212,0.0456228690718267,0.107468405503188,0.0482298494573087,0.0843471853100117,0.0794038485842257,0.199942208478499,"",0,4,62,820062,920062
4.3430979580549,0.343097958054897,0.0101251775613233,0.0519200807824965,0.094966171625421,0.052314654277556,0.114058995891473,0.076154266577413,0.165089800402943,"",0,4,63,820063,920063
4.13634380865549,0.136343808655487,0.0153516380474149,0.0273558857280446,0.0766940638032042,0.0505856918056945,0.0920121534669531,0.0880250657325238,0.203654019729527,"",0,4,64,820064,920064
3.74785661179172,-0.252143388208279,0.00306079809933488,0.0181962238540011,0.0791539372432286,0.0473401108064912,0.114685146478086,0.0894566598539039,0.190108201468337,"",0,4,65,820065,920065
3.99073469887838,-0.00926530112161705,0.0169400516264677,0.0222168366629661,0.0838138964777868,0.0528532684487685,0.108771543006616,0.079073159697315,0.174231326754841,"",0,4,66,820066,920066
4.20608098929371,0.206080989293706,0.00864325319992529,0.0130721056067977,0.141205413933246,0.0518771527087659,0.0848253683293955,0.0741623512053458,0.146322129258,"",0,4,67,820067,920067
4.23499579198979,0.234995791989791,0.00120180309167181,0.00117126554290317,0.109737967620056,0.0507547721238569,0.090050296024861,0.125290112628656,0.171087640114504,"",0,4,68,820068,920068
4.16912838183455,0.169128381834549,0.0164838640430767,0.0244947226642566,0.13217576197505,0.0635102588925072,0.0890304569627368,0.111171366546113,0.226208353024124,"",0,4,69,820069,920069
4.17152684259161,0.171526842591612,0.0120309548425387,0.02645131814913,0.100426411918713,0.0574081678137317,0.094185689806024,0.125514488238193,0.24380030796773,"",0,4,70,820070,920070
3.68447994064651,-0.315520059353494,0.0144326497863447,0.00831645040131335,0.23020417349489,0.0617087531638517,0.0850948646722888,0.0861451326879197,0.214467634411027,"",0,4,71,820071,920071
4.18564154085903,0.185641540859034,0.0239436691729241,0.014572541897482,0.126111673481623,0.0599260595560257,0.100808109806765,0.45902935911299,0.52275110886756,"",0,4,72,820072,920072
3.97202846911366,-0.0279715308863397,0.0153527167172338,0.0552186065717238,0.159780405653747,0.057394999914718,0.112841743651296,0.529143885936205,0.557698953941208,"",0,4,73,820073,920073
3.99414237094276,-0.00585762905724208,0.00321320746722498,0.00674665968209776,0.151290829295695,0.0559827898841356,0.10834064223918,0.0796860813434294,0.206574850975,"",0,4,74,820074,920074
3.64696938860889,-0.353030611391111,0.00730336062847325,0.0240361573318538,0.0764213435593533,0.0497395824355395,0.10676176475919,0.0818221266716625,0.144345190668682,"",0,4,75,820075,920075
3.96812970170326,-0.031870298296738,0.0216036256569524,0.0217566514675789,0.199409130136999,0.0515715804777896,0.0926956423806689,0.0971458548650239,0.217472994117311,"",0,4,76,820076,920076
4.06999775076367,0.0699977507636653,0.00838798188708068,0.0163054696915762,0.133763770605832,0.0449605537069977,0.112494360992152,0.11010311733856,0.209669172620688,"",0,4,77,820077,920077
4.23274687858512,0.232746878585121,0.00615150864017955,0.0031355744603023,0.164447911846622,0.0579797818915774,0.0995094351829035,0.0819059340112926,0.183407718370021,"",0,4,78,820078,920078
4.0148112096626,0.0148112096625992,0.0131130669898289,0.0120735111659883,0.149461985413465,0.0527111904980124,0.095284006539587,0.0847862212531244,0.147393936392263,"",0,4,79,820079,920079
3.84902566331736,-0.150974336682636,9.79023030101001e-05,0.0254470402314987,0.127458740056958,0.0646873821203815,0.107458853592987,0.0804918599343483,0.166134565167788,"",0,4,80,820080,920080
4.14182610434205,0.141826104342052,0.0253587652064445,0.0603040118228343,0.225466812974735,0.065626126681123,0.102913880858719,0.116428617804357,0.251746734301923,"",0,4,81,820081,920081
3.92570040625526,-0.0742995937447417,0.0183593558508944,0.00967052256443376,0.150753398298985,0.0595002887556644,0.0870278063450064,0.0910326762826521,0.206811124108204,"",0,4,82,820082,920082
4.00290591949248,0.00290591949248142,0.0397143579902595,0.0214732019404143,0.0748131849386049,0.0598026243815407,0.0948746220963934,0.115886575762532,0.286183464613599,"",0,4,83,820083,920083
4.22608807265648,0.226088072656481,0.0239166805467037,0.0099741678774824,0.164537093577414,0.0494158806289248,0.0958566236128143,0.0989424028720641,0.279717386817326,"",0,4,84,820084,920084
3.83770362943487,-0.162296370565133,0.00353911522675376,0.00858958470198057,0.12958946212913,0.0664986552677896,0.0978826147979096,0.753065070777236,0.429076376134743,"",0,4,85,820085,920085
4.07477146340902,0.074771463409018,0.012862788256331,0.0133833215155283,0.118079903631297,0.0407226127526602,0.113541019112136,0.107040209927274,0.183176949302961,"",0,4,86,820086,920086
3.90188431887947,-0.0981156811205333,0.0137968379274921,0.0201618290310069,0.259350025743133,0.0602599578473835,0.103781864325445,0.0984469373255913,0.182098569399106,"",0,4,87,820087,920087
3.85425136427408,-0.145748635725919,0.00220325725468304,0.0036631150843186,0.151883970958058,0.0497678195543733,0.0862278225820146,0.122677167699578,0.234145630885037,"",0,4,88,820088,920088
3.82513070413882,-0.174869295861183,0.0179605585562109,0.0223252459485815,0.257073562118245,0.0663350280836536,0.112017180166321,0.71216556693571,0.422633380742724,"",0,4,89,820089,920089
4.12134208005377,0.121342080053767,0.00579095062745982,0.02653701153169,0.112452765310392,0.0475846352840154,0.103920605288169,0.0914157018406672,0.215401340121882,"",0,4,90,820090,920090
3.96033102217464,-0.0396689778253609,0.0103564489872877,0.0169125969406083,0.157815849687198,0.0450822218142247,0.0951165729336214,0.0844844064941888,0.197679664538377,"",0,4,91,820091,920091
3.46326464009704,-0.536735359902965,0.0109542713208834,0.0134423007288515,0.0993112606493077,0.0578287045660613,0.0880532433945376,0.0764973432664847,0.176382337793895,"",0,4,92,820092,920092
3.72109191182973,-0.27890808817027,0.00957157016734181,0.00155131896392804,0.083294577250136,0.0577955453132257,0.0893827216528347,0.0605159814335319,0.234137151518157,"",0,4,93,820093,920093
3.95868134194817,-0.0413186580518308,0.0146913022431129,0.00561811617506494,0.133228348895484,0.0604527727430605,0.0982989619118996,0.0715279584177112,0.162333902114623,"",0,4,94,820094,920094
3.88449657764425,-0.115503422355749,0.00894620532997115,0.0276361850843689,0.404136871260652,0.0591220805266626,0.0957182204551216,0.843328006264726,0.428824264640673,"",0,4,95,820095,920095
3.50286138752683,-0.497138612473175,0.000556381867071937,0.00197850379866657,0.12082685962093,0.0731483720769665,0.104270126992105,0.101987019837384,0.178858372526136,"",0,4,96,820096,920096
3.93457926763068,-0.0654207323693221,0.0053939238604129,0.000264450405504352,0.263586631802736,0.0826570574960827,0.105395112637663,0.108712270466005,0.229778296991583,"",0,4,97,820097,920097
3.99793323835429,-0.00206676164570885,0.00534141929730825,0.00463066566844492,0.104976896313014,0.0492448589022647,0.0937463553388726,0.0980949802466195,0.183841009253297,"",0,4,98,820098,920098
3.9381076484522,-0.0618923515477965,0.0164898695802194,0.00178988721272133,0.303044477182844,0.0606549266432697,0.102287638185961,0.102620949896615,0.20451286914983,"",0,4,99,820099,920099
4.36022435185416,0.360224351854164,0.000110293363433156,0.0269034963980411,0.109073197568792,0.0593278732933971,0.103737659224871,0.0728740091408755,0.170452606683161,"",0,4,100,820100,920100
4.18728084761007,0.187280847610074,0.00466625762132311,0.0317062358311572,0.108631805523587,0.0563266053458003,0.0912559033210077,0.0875119793858938,0.226472522278062,"",0,4,101,820101,920101
3.99673749890913,-0.00326250109087045,0.00787729571486429,0.0373968247871644,0.122626746785162,0.0557962711844299,0.0824753202950424,0.0765810908620855,0.200109721610198,"",0,4,102,820102,920102
4.08616954256499,0.086169542564992,0.00461081893710324,0.127187356395058,0.262647906510504,0.0563095941364868,0.112352219612783,0.774557681449536,0.469298353258147,"",0,4,103,820103,920103
3.89493646029433,-0.105063539705666,0.0165486173768092,0.152793927217187,0.177254742769324,0.0531488580059651,0.0916273345545779,0.674742008492114,0.540042374492256,"",0,4,104,820104,920104
3.85955986086958,-0.140440139130421,0.0118030268018963,0.0173601537327422,0.140069423105971,0.059868267114826,0.0993457127963085,0.0918921465840495,0.188249454108166,"",0,4,105,820105,920105
4.17614614353941,0.176146143539412,0.00738726247119129,0.0155921240336746,0.103811561547954,0.0613160720428788,0.101925447178298,0.105533691886333,0.180752845521605,"",0,4,106,820106,920106
4.15197536819074,0.151975368190736,0.0144369514221059,0.0535390773238894,0.167247823691755,0.0592408387325533,0.109294054323441,0.10032690912984,0.225295414647319,"",0,4,107,820107,920107
3.81691458994807,-0.183085410051926,0.0125236009087905,0.018746265872068,0.216125887776589,0.0564819487496774,0.100235343498992,0.124686116485606,0.22149602481276,"",0,4,108,820108,920108
3.89701950272896,-0.102980497271041,0.00831185115207536,0.020900955077133,0.117345592392209,0.06955568641376,0.108904722282939,0.087312306586149,0.167942225330207,"",0,4,109,820109,920109
4.12463040745854,0.12463040745854,0.0163249456248183,0.000515919168677798,0.156669511335322,0.0586468418682975,0.109720888605222,0.125198904271107,0.160325472092113,"",0,4,110,820110,920110
3.80434292370933,-0.195657076290672,0.00312602472169421,0.0015000782975482,0.189055201007122,0.050611231258711,0.108309828261985,0.121504280682234,0.245828604286011,"",0,4,111,820111,920111
3.93376477218655,-0.0662352278134528,0.013166059862038,0.00820048523364927,0.126830190750827,0.0613474127174482,0.0924313913031203,0.122504624140153,0.211828437512596,"",0,4,112,820112,920112
4.02857166953604,0.0285716695360358,0.0116587520161543,0.0113821200023219,0.201224555295771,0.0543547822050552,0.0953059825452275,0.103195871873479,0.180305315111077,"",0,4,113,820113,920113
4.13019386705641,0.130193867056411,0.00939632866914064,0.0215904535490598,0.102757911165271,0.0585653110637491,0.0942635308972075,0.128182006960166,0.20677540413612,"",0,4,114,820114,920114
3.90170268504237,-0.0982973149576298,0.0123619108415038,0.0187235430299977,0.145260597937772,0.0669117367817153,0.0969849766322408,0.0963981813904476,0.19517646779686,"",0,4,115,820115,920115
3.8574611750737,-0.142538824926298,0.0182514091027756,0.00483012142680184,0.110875767582472,0.0541199568380103,0.12143084663555,0.105055409036288,0.196878689055073,"",0,4,116,820116,920116
4.12247766356315,0.122477663563149,0.0158289676179236,0.0330339765820883,0.11009116061438,0.0621469780173657,0.102036637807505,0.0932479689301617,0.152641719663928,"",0,4,117,820117,920117
3.87348462574155,-0.126515374258449,0.0172600412920786,0.0415132169187672,0.20585692086577,0.0604918174713027,0.111163570571457,0.0716342736396145,0.200840616336665,"",0,4,118,820118,920118
3.98518689297494,-0.0148131070250632,0.0214121840455621,0.00788073716085583,0.223087617792244,0.0399130751820979,0.107022178578485,0.108292542305442,0.187180004970727,"",0,4,119,820119,920119
4.49946963021637,0.499469630216368,0.0198445732388414,0.00526465416607047,0.184287209154149,0.0625776294433719,0.109744789532755,0.116025692249148,0.194718638579303,"",0,4,120,820120,920120
3.71958784680895,-0.280412153191048,0.00279681652015537,0.0155359673952271,0.21519980502478,0.0488132857016569,0.0988108464082964,0.105643674717406,0.185991773509385,"",0,4,121,820121,920121
3.77700882532188,-0.222991174678121,0.0187395795606439,0.0112549000213513,0.109413796284302,0.0698616875921349,0.121508039626349,0.176806846324422,0.38301747380188,"",0,4,122,820122,920122
3.94071427167823,-0.0592857283217696,0.0157064354087628,0.0169034747512452,0.121028837815136,0.0692852462739235,0.0945482609972514,0.0793745870185849,0.23460940076902,"",0,4,123,820123,920123
4.18418021001573,0.184180210015729,0.00631191496112771,0.00555061791768774,0.175451767826878,0.0540875597571266,0.0913695827077637,0.0912355624715172,0.184517110527896,"",0,4,124,820124,920124
4.1230706054209,0.1230706054209,0.0242570847779217,0.00838008356945449,0.206868280147518,0.0545569553121162,0.101641514684543,0.10378392989624,0.201224821910299,"",0,4,125,820125,920125
4.07120504135296,0.0712050413529637,0.0224801894914099,0.0808395122631875,0.234225426024488,0.0490345835877026,0.109085167746274,0.120859584663057,0.210239180734338,"",0,4,126,820126,920126
3.82821477717856,-0.17178522282144,0.0182431105534595,0.0199524213829719,0.123978494317403,0.0602326249505117,0.108200583343234,0.116141409748853,0.16343947013761,"",0,4,127,820127,920127
4.22566145159177,0.225661451591772,0.0357131151198493,0.000375373625357334,0.153610866342927,0.0591308797673761,0.0967391994284093,0.111530631259483,0.219970390724563,"",0,4,128,820128,920128
4.19992233954612,0.199922339546123,0.00091444619530559,0.0298837165528344,0.122133309889739,0.0518563717662336,0.104900297218561,0.0932806526011184,0.227394056205953,"",0,4,129,820129,920129
3.97337490580619,-0.0266250941938102,0.0210098441648205,0.00223015197948009,0.0615645801346454,0.0572645307491557,0.0822433968937818,0.0981784342715298,0.200343667146598,"",0,4,130,820130,920130
3.86286130325781,-0.137138696742194,0.0103624333540272,0.0190787494060891,0.143495226505012,0.0466816861730071,0.108289259461816,0.118776551833914,0.18490304463574,"",0,4,131,820131,920131
3.93239875899392,-0.0676012410060833,8.73734518039015e-05,0.020895255790463,0.190942637741609,0.0469961020515316,0.0987168387981211,0.0893404811680333,0.185964924280596,"",0,4,132,820132,920132
3.82527274520269,-0.174727254797309,0.0167289318251553,0.0297664282155081,0.244907008132474,0.0671352167439716,0.0947902920487276,0.104617056777798,0.16521062254542,"",0,4,133,820133,920133
4.5225933969532,0.522593396953202,0.0244895492658502,0.00431132654727562,0.12047668745038,0.0568399470305054,0.0998342905385435,0.0898422408601199,0.196225166184615,"",0,4,134,820134,920134
4.035990121043,0.0359901210430049,0.00814997436187856,0.0399676194434267,0.109574856809972,0.0485639952280788,0.104440338473871,0.0786335196116571,0.240846354514828,"",0,4,135,820135,920135
3.8639287325277,-0.136071267472304,0.00681073893217118,0.0162865391029139,0.197344608324201,0.0532209560119693,0.109944965931019,0.0961775462075572,0.215926681698016,"",0,4,136,820136,920136
4.50750921466608,0.507509214666083,0.00866900309089658,0.0562655331676988,0.0923460526201563,0.0477514213687746,0.0940074296753449,0.102542599150439,0.200733011442916,"",0,4,137,820137,920137
3.93939327116055,-0.0606067288394474,0.0140061812480493,0.0278151673876682,0.0971753124710448,0.0623921879853185,0.0840525454562673,0.0857007493356148,0.170412334187655,"",0,4,138,820138,920138
4.15346094015025,0.153460940150254,0.0171190567990754,0.00920193175952255,0.0912226310257467,0.0498245286609002,0.103797916841813,0.0751136318486163,0.185154409242748,"",0,4,139,820139,920139
3.98255015928842,-0.0174498407115795,0.00654122838161564,0.0364159906940995,0.112700481848638,0.0456617086749571,0.0969417625288876,0.114623244884871,0.199081778086037,"",0,4,140,820140,920140
3.89055913137023,-0.109440868629771,0.00899012731230564,0.0147239490299645,0.297540737743486,0.0471201341867181,0.0912190002751513,0.797288936970475,0.426780177849724,"",0,4,141,820141,920141
3.65434828953248,-0.345651710467525,0.00798157206763342,0.0204480734209626,0.166005285066162,0.0668478292481974,0.100800225189428,0.105134853170506,0.223896317271293,"",0,4,142,820142,920142
3.91272174640421,-0.0872782535957879,0.00642156013415074,0.0230143950509889,0.229653256049917,0.0604798427849036,0.0972120745052394,0.0927145781794365,0.17518006520495,"",0,4,143,820143,920143
3.91887433177387,-0.0811256682261297,0.03053343381329,0.0269087418358466,0.153811567697374,0.0556779728816857,0.101958789485822,0.106349926340404,0.217054322583182,"",0,4,144,820144,920144
3.91456127535544,-0.0854387246445567,0.00589028982395137,0.000908838985777066,0.184664977798085,0.0643900843916288,0.0971447196198272,0.0834592158864087,0.155576830634993,"",0,4,145,820145,920145
4.03926507863227,0.0392650786322681,0.00543249085525477,0.0110294969774939,0.257130145986673,0.0603228442285974,0.0986803726929618,0.0817026082105938,0.190398819202843,"",0,4,146,820146,920146
3.71697992713886,-0.283020072861139,0.0066866750679454,0.0139677597812945,0.0922909000013316,0.0636124748446447,0.106323595961148,0.0852774850316336,0.20375042080829,"",0,4,147,820147,920147
3.99981323033527,-0.000186769664732633,0.00510779881427104,0.00333072829780182,0.304627221309104,0.0558633228691155,0.0975530552830794,0.0821898104943258,0.191660137488203,"",0,4,148,820148,920148
3.81995522230363,-0.180044777696366,0.0249503026063632,0.00425997807067635,0.176364654720075,0.0565167149948735,0.101203552514247,0.10640434358516,0.237727165366664,"",0,4,149,820149,920149
4.07662063151996,0.0766206315199591,0.00549828407541633,0.0192609043242227,0.116512310050444,0.0472102006217986,0.0912596211918625,0.0966133180273141,0.178833248015841,"",0,4,150,820150,920150
4.38117250468477,0.381172504684768,0.0102327025526514,0.019962127302413,0.137686667691781,0.059221894836934,0.104131869878241,0.128077842760455,0.172874868600337,"",0,4,151,820151,920151
4.28925531745982,0.289255317459822,0.00558680640339682,0.0157505730471508,0.176322604232514,0.0499014029078706,0.104118865514111,0.0924375656594731,0.175263192641926,"",0,4,152,820152,920152
3.88756326784558,-0.11243673215442,0.0441413183270405,0.0036393097032805,0.0813229218010087,0.034749127646935,0.0931197517458294,0.0958192759726553,0.207328773264068,"",0,4,153,820153,920153
3.87399251927287,-0.126007480727129,0.00152834544829117,0.0148600220934516,0.12606368313353,0.061200309832393,0.093543382163636,0.0792498587066923,0.19189341780832,"",0,4,154,820154,920154
3.81766705121404,-0.182332948785958,0.0151000140526555,0.0224469373491691,0.152534023762707,0.0554301352155962,0.103576009772368,0.126021718816332,0.213410352468185,"",0,4,155,820155,920155
4.28922322707262,0.289223227072619,0.00091645912396518,0.0326325967650015,0.123857065191526,0.0702900910135252,0.0937817598581348,0.119651890584079,0.16834792613599,"",0,4,156,820156,920156
3.83998606669697,-0.160013933303031,0.0284452392447421,0.00557088970403674,0.268544215513955,0.056125151664126,0.100806152854346,0.12292595846379,0.181604956556936,"",0,4,157,820157,920157
3.70189086447042,-0.298109135529585,0.0182216042955542,0.027659954279228,0.0956020870126463,0.0518042738527336,0.111099407633657,0.079336399605089,0.224912370218702,"",0,4,158,820158,920158
4.28288142365893,0.282881423658926,0.00898280339072263,0.0947315100415243,0.16899581790966,0.0558869797672878,0.0826108406312835,0.343217425760545,0.510121633230902,"",0,4,159,820159,920159
4.03870897167945,0.038708971679454,0.0240865906476968,0.0246546352285975,0.212832400746939,0.0566591400165328,0.100089463182772,0.0862249205111942,0.240825294759421,"",0,4,160,820160,920160
3.65133645992793,-0.348663540072068,0.00981868258456423,0.0646294819220918,0.126578770086027,0.056525937081023,0.102934854466764,0.266818805013431,0.453515057741434,"",0,4,161,820161,920161
4.06242282518973,0.062422825189727,0.0160693780633363,0.00424187830318221,0.372615121551976,0.0515058002149035,0.0974222246666167,0.758780777705074,0.400269598066483,"",0,4,162,820162,920162
4.08883322515082,0.0888332251508208,0.00212486683136404,0.0328025271628486,0.250868881110029,0.0599662155297645,0.0956374196148605,0.112639578799395,0.191899744194387,"",0,4,163,820163,920163
4.20192522668563,0.201925226685634,0.0094585031314931,0.0210981505827067,0.272726259936408,0.0530071462279255,0.0981834501623138,0.125467477342217,0.173046985774128,"",0,4,164,820164,920164
3.88942620031617,-0.110573799683826,0.0256116285070076,0.000819034934533502,0.217567341991478,0.0631905404738939,0.107610452629937,0.88498016503644,0.406733085291052,"",0,4,165,820165,920165
4.07550134929436,0.0755013492943606,0.00328776624473173,0.0115386017205613,0.133662593107849,0.0496286498843243,0.0977392807859234,0.0838135926745025,0.149425050361954,"",0,4,166,820166,920166
3.93356986909924,-0.0664301309007613,0.000301602646617299,0.0313492426896885,0.0825954704414125,0.0618388020853529,0.102239869690303,0.0989257056734203,0.17216745997319,"",0,4,167,820167,920167
3.95325934868421,-0.046740651315794,0.00431163361311937,0.0125317685068652,0.151173531932309,0.0583305009676644,0.0915491284339615,0.0871527911029399,0.181254954570235,"",0,4,168,820168,920168
3.70641067639962,-0.293589323600378,0.0126049609331036,0.000135077458328414,0.183387585379682,0.0604716851809364,0.0902299525111522,0.0978490075398567,0.238467352739714,"",0,4,169,820169,920169
3.92681850073949,-0.0731814992605084,0.0145780252562249,0.0407012212713546,0.0721691032461831,0.0468210616251389,0.0915136188002768,0.0692338972127466,0.152342514960683,"",0,4,170,820170,920170
3.94624421091618,-0.0537557890838207,0.0174284589294161,0.0165926307137864,0.155315285058232,0.0493818440836729,0.0980512744859039,0.079353613219475,0.152251174624933,"",0,4,171,820171,920171
4.07402653600375,0.074026536003748,0.0175198989458641,0.0141592506939512,0.179017623941844,0.0635607122034075,0.106988898211496,0.088834653198269,0.158016473195393,"",0,4,172,820172,920172
4.31161770280921,0.311617702809213,0.00474893235572704,0.00683826516121389,0.0975769879956162,0.0573079812900655,0.10047247423617,0.0897028880374442,0.193579596904346,"",0,4,173,820173,920173
3.99232997958181,-0.00767002041818543,0.00114211322201241,0.0103024021807097,0.161786312818595,0.0366581604684812,0.108574300668806,0.100670430351684,0.184966211196318,"",0,4,174,820174,920174
4.10291855307451,0.102918553074514,0.00399367963809141,0.0064125615091645,0.198719503356037,0.0494221697309945,0.0890660307771583,0.105220985345092,0.269840583673076,"",0,4,175,820175,920175
3.84609484552691,-0.153905154473088,0.0311392893947005,0.00553998659970364,0.0979026460173085,0.055589424848387,0.096552807341346,0.109520930310292,0.178145972423959,"",0,4,176,820176,920176
3.91367918397418,-0.086320816025816,0.0283494869676013,0.0349180958844978,0.26289805341103,0.0529406013219287,0.103180736875625,0.791354105488663,0.408934513822706,"",0,4,177,820177,920177
4.22069439737311,0.220694397373108,0.0112879326892057,0.00914281288279342,0.0658566162422846,0.0510024925824848,0.0976299269366129,0.0824723138153247,0.145526134340032,"",0,4,178,820178,920178
4.03866917415199,0.0386691741519885,0.0310022895391599,0.0355720026648463,0.189569479693305,0.0596108196556973,0.102590790185841,0.0958503388212665,0.211566360229983,"",0,4,179,820179,920179
3.89684358029542,-0.103156419704578,0.0105029809001969,0.011072183275331,0.0770601309695243,0.0512537101300219,0.0958486465759925,0.0637426718831734,0.167997398917691,"",0,4,180,820180,920180
3.97698726302283,-0.0230127369771651,0.0269631887970382,0.0475285317050747,0.0939822514307875,0.0522070920548875,0.0867411976376746,0.0882630654828557,0.134877505763443,"",0,4,181,820181,920181
3.72086342701603,-0.279136572983967,0.00242026353288063,0.0160536057158047,0.222513116377701,0.0576574010503002,0.0893602956171653,0.0918002043821766,0.170025885091236,"",0,4,182,820182,920182
3.90699798199951,-0.093002018000488,0.0194435330404427,0.000767710327570281,0.16758682145195,0.0452265195464211,0.103289351638826,0.099468302212369,0.16320141026787,"",0,4,183,820183,920183
3.83241540534794,-0.167584594652063,0.00867506343283575,0.0404237308456098,0.13637812111287,0.048819518612781,0.0914560283206405,0.0923341440499694,0.202402602117969,"",0,4,184,820184,920184
3.92952357745189,-0.0704764225481052,0.0130609778894578,0.0752488011099585,0.185075223029196,0.0557835031967987,0.0988180668395681,0.411420290536911,0.480391030459115,"",0,4,185,820185,920185
4.11349837288497,0.113498372884966,0.015522115252867,0.0369776213275998,0.162679528490508,0.0532651873166753,0.0970366909769554,0.132561883911899,0.252006100172995,"",0,4,186,820186,920186
3.95978444541912,-0.0402155545808807,0.00852932397144215,0.0217073622518605,0.0892514077411012,0.0660547188741738,0.0953773085890692,0.0853238823423049,0.202762922659291,"",0,4,187,820187,920187
3.93227191226041,-0.067728087739594,0.00135640195280173,0.0151347751140738,0.369229735470087,0.050122722035658,0.0972897772493411,0.845278418159879,0.402425368882475,"",0,4,188,820188,920188
4.03356454434278,0.0335645443427754,0.0188233940748316,0.0197470840612485,0.180722346380099,0.0545345563863604,0.10358781235948,0.0866364668037796,0.177500381833988,"",0,4,189,820189,920189
4.0918345990719,0.0918345990719001,0.0146589155602364,0.0362696883677639,0.0838263659043166,0.0496048400943204,0.0971699661298823,0.086532375420546,0.18619671976971,"",0,4,190,820190,920190
3.83659630309068,-0.163403696909324,0.0110253712011644,0.01332626389439,0.128219596515332,0.0515371989333993,0.0909541308385894,0.095119596042019,0.170787841543932,"",0,4,191,820191,920191
3.82435451922625,-0.175645480773747,0.00847739735790756,0.0199567280805462,0.349328543844541,0.0644196086169866,0.118049893446917,0.75568211731168,0.551055523527224,"",0,4,192,820192,920192
4.09488754483447,0.0948875448344717,0.0100260002705453,0.0265371714994121,0.12672342471344,0.0466361712851448,0.0925562783978927,0.0990566808295248,0.285608995258447,"",0,4,193,820193,920193
3.81844567577049,-0.181554324229508,0.0112006206310702,0.00313683333725845,0.131355515561902,0.061289255881727,0.0953504469731705,0.113072918595492,0.185796198454011,"",0,4,194,820194,920194
4.01840049054402,0.0184004905440167,0.010031855801627,0.0217124466152447,0.128436496296793,0.0401508626499521,0.0965436974689419,0.103784454532455,0.184830606184827,"",0,4,195,820195,920195
4.03357125989731,0.0335712598973119,0.00540735423449734,0.0196033613714101,0.122624015801098,0.0584486034682275,0.10488943092988,0.0911097853422385,0.20458919754812,"",0,4,196,820196,920196
3.92345219275499,-0.0765478072450083,0.0233726523210468,0.00393783908000334,0.169443972414625,0.0433128884675356,0.112269783278149,0.853183042397454,0.39902061214668,"",0,4,197,820197,920197
3.90446686393091,-0.0955331360690894,0.00311813719252363,0.00737959602550262,0.149008511072413,0.0522685416953364,0.117028437515459,0.101256021852224,0.211683306362728,"",0,4,198,820198,920198
4.10869795213987,0.108697952139871,0.00216448819093731,0.0266232038443721,0.14037258064001,0.0484361595140138,0.0936251609642655,0.0965499691671952,0.196294192281662,"",0,4,199,820199,920199
4.05102335144185,0.0510233514418488,0.0370435516251388,0.010080990785251,0.21520605968719,0.0488259788139424,0.0962743653773286,0.103590396714939,0.180851986374796,"",0,4,200,820200,920200
4.08068186523069,0.0806818652306891,0.0135676615306227,0.0506799292311724,0.110747468179568,0.0465692270585674,0.0974427389336612,0.0874288757370986,0.198653603572576,"",0,4,201,820201,920201
4.55361166555291,0.553611665552913,0.00519803029110319,0.0236468030495793,0.110373891988519,0.0533975607277131,0.103051970645184,0.0933806474839568,0.217707119595928,"",0,4,202,820202,920202
3.99679846520676,-0.00320153479323881,0.00534478295512208,0.0329528952981043,0.11033482285951,0.0531119863795074,0.0940052256373401,0.118994732630573,0.207371059217177,"",0,4,203,820203,920203
3.7018548214547,-0.298145178545296,0.0122443448203814,0.01815681960124,0.173493687291077,0.0458249602305382,0.0973774969523408,0.0869950139354864,0.214236960039087,"",0,4,204,820204,920204
3.85767086417421,-0.142329135825787,0.0278759313535311,0.00420114403064042,0.17386551890012,0.0519318478618682,0.100838595947326,0.762590199217852,0.413534291716621,"",0,4,205,820205,920205
3.84610222914542,-0.15389777085458,0.00847787452108995,0.00340128416633168,0.196920229514283,0.0490006900299047,0.104508031872569,0.0741290043677856,0.207471122871061,"",0,4,206,820206,920206
4.52699053035352,0.526990530353517,0.0131348143251603,0.0130232748450978,0.0596689850320007,0.0563606127233905,0.0982647132651698,0.0746350764088894,0.173461452701739,"",0,4,207,820207,920207
4.14413640230324,0.144136402303237,0.0191916257203174,0.00305160344036592,0.117585841738285,0.0656748127507551,0.106249724980093,0.0836883912631674,0.151661225828626,"",0,4,208,820208,920208
4.04906035406872,0.0490603540687218,0.00952163089639571,0.0279357028474613,0.157316732374995,0.048384589551493,0.100609386174324,0.112914590990121,0.244839003074988,"",0,4,209,820209,920209
4.53094770707427,0.530947707074272,0.022864176552095,0.0218043062537217,0.240368216410255,0.0580635612590358,0.107827875275982,0.0972398058651713,0.220343674800089,"",0,4,210,820210,920210
4.26792812233586,0.267928122335857,0.0397542068295096,0.0217226943496411,0.101214228242731,0.0491017716425214,0.0880027912258383,0.107063122320184,0.184149724480961,"",0,4,211,820211,920211
4.05861588104193,0.0586158810419342,0.0282050464094457,0.0116711209738627,0.0901333831682428,0.0570682619938443,0.0970849832813016,0.0866989039480356,0.175664150286926,"",0,4,212,820212,920212
3.73349022771827,-0.266509772281726,0.0196321414942449,0.0322909658546984,0.0859013907661831,0.0592915512200835,0.0926509304319873,0.128819683812713,0.197209956570006,"",0,4,213,820213,920213
4.0094322745545,0.00943227455450035,0.00202063655543192,0.0182805386027787,0.0724889451619337,0.0544544641392432,0.112998458212538,0.109199688902442,0.184697203300527,"",0,4,214,820214,920214
3.79024481297561,-0.209755187024395,0.00405678629077841,0.044829237835033,0.144733567311124,0.0469556313573258,0.0936540109593095,0.841772892645843,0.39344895597669,"",0,4,215,820215,920215
3.58252239078969,-0.417477609210309,0.0321537197812301,0.00757085618353096,0.0937726352227956,0.0580276595323535,0.102384247059189,0.779598046347474,0.408739030752492,"",0,4,216,820216,920216
3.95254488278715,-0.047455117212849,0.00529123370945742,0.0424493423510321,0.120099182477451,0.0595933659685545,0.087227980365872,0.127634900695256,0.180236351515257,"",0,4,217,820217,920217
4.03432142569242,0.0343214256924185,0.000968699315168076,0.0323836377313038,0.101603621742182,0.0564122580866789,0.102170817918243,0.131761224794474,0.300487710922345,"",0,4,218,820218,920218
3.96707422980964,-0.0329257701903591,0.0207738728903746,0.012030558598457,0.129277303979294,0.0554405566291699,0.0921642280335309,0.0722768344720777,0.221500318773521,"",0,4,219,820219,920219
3.83964505008172,-0.160354949918278,0.0185409792631045,0.0304713239001233,0.175166516809617,0.0462950867252917,0.0963352779901613,0.0828577528502546,0.216227902482058,"",0,4,220,820220,920220
4.22474334043513,0.224743340435132,0.00404212300158299,0.00456116549252494,0.10706446119255,0.0510854574466758,0.102930594948191,0.0970114391631714,0.142596965094054,"",0,4,221,820221,920221
4.04211733693187,0.0421173369318666,0.0230711801872194,0.0245106963568836,0.123786022077281,0.0503071929069445,0.0948588914701245,0.109225393006261,0.230186516256725,"",0,4,222,820222,920222
3.69973466741136,-0.300265332588638,0.00460069887999248,0.044191390119752,0.116727580185094,0.0424076826861322,0.0984134918255005,0.106019650977396,0.217562764933552,"",0,4,223,820223,920223
3.60505196068671,-0.394948039313293,0.00211990870300049,0.0284985117506047,0.0948952200428353,0.0529596907687202,0.102425153878975,0.0736402218595344,0.190755267418295,"",0,4,224,820224,920224
3.76570889530665,-0.234291104693354,0.0103736993010221,0.00522902363008781,0.179045138723713,0.0543140202268758,0.110117723267173,0.0974316422879597,0.214725812286084,"",0,4,225,820225,920225
4.25906769407564,0.259067694075639,0.0111352660410647,0.0139254576520842,0.0763640830589454,0.0534094645230161,0.103075960095702,0.0860420227051991,0.234177334879544,"",0,4,226,820226,920226
4.09896644544863,0.0989664454486334,0.0035872078216953,0.0022176348428562,0.218414391598285,0.0527139714094888,0.100684042799217,0.0749960811167206,0.20891837011099,"",0,4,227,820227,920227
3.93512241866,-0.0648775813399989,0.00591209554561764,0.0799096692202045,0.150302184080525,0.0517111303590025,0.0929048765067807,0.289702659248337,0.505334103602496,"",0,4,228,820228,920228
3.82807864008069,-0.171921359919315,0.0154112645506259,0.0329580122684784,0.12117320610772,0.0534249499609411,0.104786552636501,0.0704541607050939,0.170693363477253,"",0,4,229,820229,920229
4.05922057550607,0.0592205755060711,0.00672133088352486,0.0118199594358394,0.10556710034779,0.0604945868804322,0.095409528679191,0.105830705264172,0.19193917836068,"",0,4,230,820230,920230
3.90164886525056,-0.0983511347494423,0.00460132665108925,0.00473829197860667,0.166478699979615,0.0527243267571738,0.0893886530574124,0.119802274210799,0.179859418247063,"",0,4,231,820231,920231
4.01840788052133,0.0184078805213321,0.0155560167459406,0.0155938818499584,0.116453541498938,0.0564199562358396,0.104663062813381,0.088419631940093,0.178937874510827,"",0,4,232,820232,920232
4.1531246001999,0.1531246001999,2.94348929764932e-05,0.00681551812228531,0.220516140126574,0.0478079173854805,0.09766917152792,0.0824253483123544,0.268640748390433,"",0,4,233,820233,920233
4.07604025803797,0.0760402580379722,0.00793180648483879,0.00996071521619615,0.197306201190428,0.051486763695226,0.0974815728767293,0.0933607765122813,0.225544541840522,"",0,4,234,820234,920234
3.87460935123538,-0.125390648764624,0.00541953311391374,0.00562509171786507,0.0724699002575715,0.0617146056582616,0.105723416504573,0.0928238061508779,0.221252070918191,"",0,4,235,820235,920235
3.77702515884088,-0.222974841159123,0.00835246597318914,0.00542765722451702,0.124633210853827,0.067410589593581,0.100452544041982,0.0849406365560719,0.175854074620689,"",0,4,236,820236,920236
3.72661371827661,-0.273386281723395,0.00190325894562018,0.0162611238999267,0.0949567501348932,0.0545779116417655,0.117145917074759,0.0800435512047052,0.184866755909412,"",0,4,237,820237,920237
4.17469591059237,0.174695910592366,0.00570583813258244,0.00997308711562239,0.113192248215968,0.10331771720763,0.164836097139713,0.0704736193614125,0.190060314623032,"",0,4,238,820238,920238
4.23962124441274,0.239621244412739,0.00728580311450855,0.027941900923381,0.230484675415603,0.0527682310052922,0.0879442161854666,0.102540117807866,0.183015979408603,"",0,4,239,820239,920239
3.95038696867578,-0.049613031324216,0.00147041580332133,0.0106653808902294,0.133869325886581,0.0506558972916916,0.089407410683057,0.735999209311437,0.43311992468244,"",0,4,240,820240,920240
3.69735672374102,-0.302643276258976,0.00621762476633062,0.0322223777910063,0.11830953931082,0.0610537047421842,0.100532328264226,0.747615372333383,0.428693715557886,"",0,4,241,820241,920241
3.95448562510892,-0.0455143748910762,0.0171218377548007,0.0747382698630328,0.153057809606361,0.0473539460114356,0.104471224245805,0.137946822741865,0.24272520042935,"",0,4,242,820242,920242
3.93884833014766,-0.0611516698523431,0.0251396922300767,0.0263919808399476,0.108966392112451,0.0665088815048551,0.0931438995037825,0.0789624832389957,0.17222652458594,"",0,4,243,820243,920243
3.78325954726156,-0.216740452738442,0.00952415547695493,0.032139815899555,0.0891614232612506,0.0622167807015496,0.101776239686984,0.0882951515435347,0.147972811031812,"",0,4,244,820244,920244
4.10117333667326,0.101173336673257,0.0105600547116171,0.0421698170206748,0.112327485435556,0.0443574857009519,0.0994869001720097,0.720079630364416,0.418315226524208,"",0,4,245,820245,920245
4.13817705560409,0.138177055604092,0.0189392482752271,0.102413037218191,0.125857954772783,0.0474035098683216,0.0937907082479837,0.638062506544031,0.478979730132444,"",0,4,246,820246,920246
3.89098823933823,-0.109011760661774,0.0124095072192165,0.0114852890104172,0.159286973239335,0.0509225491564184,0.094770087377412,0.771457155117996,0.457773466315564,"",0,4,247,820247,920247
4.03600911050434,0.0360091105043434,0.00155320707478879,0.0414590302427244,0.0980492374478182,0.0600856529673208,0.0920372224102498,0.116203451031251,0.213020833289432,"",0,4,248,820248,920248
3.87621335623453,-0.123786643765474,0.00863706120011445,0.0057199175303676,0.178574964330808,0.0528830311408449,0.0953932118105985,0.0983022966100804,0.271009643907098,"",0,4,249,820249,920249
4.12617639373745,0.126176393737453,0.0087449092302565,0.0134450242882524,0.0900767592135572,0.0420727996564727,0.106032799377451,0.124795459158282,0.175614863154454,"",0,4,250,820250,920250
3.83420268992249,-0.165797310077511,0.016439811131673,0.0227409950229253,0.326515575978403,0.0603505220799817,0.11048355247738,0.0816653767988245,0.195420878735414,"",0,4,251,820251,920251
4.08066427593758,0.0806642759375764,0.0138258138348343,0.0301716165122034,0.207196810468587,0.0515376125730695,0.115142958394449,0.0879875115567063,0.197646739113745,"",0,4,252,820252,920252
4.26895827775996,0.268958277759955,0.0257495058572176,0.00846331987531301,0.09806734531763,0.0469039124728871,0.10218980092153,0.0753466787491559,0.212222763265717,"",0,4,253,820253,920253
4.31569767654098,0.315697676540977,0.0144008831500442,0.0121536827346702,0.13463939640238,0.0598783772219029,0.0949772210490924,0.0876762083459521,0.172570014147917,"",0,4,254,820254,920254
3.69691456442674,-0.303085435573262,0.0259029108475945,0.032980355451843,0.0957481722806314,0.0571925616945371,0.111816779010732,0.0974433328036263,0.184884958387022,"",0,4,255,820255,920255
4.21171664612953,0.211716646129527,0.0341044961907435,0.0353146228139833,0.150565164309293,0.0535851504760652,0.105021565057923,0.0940143768954504,0.337970871184504,"",0,4,256,820256,920256
4.27463122572183,0.274631225721826,0.0251387149853965,0.0193998553008188,0.214313440289126,0.0554893300282113,0.105313358160011,0.093306159650084,0.226997893833838,"",0,4,257,820257,920257
3.69976755385964,-0.300232446140365,0.0164392055323198,0.0258660057797621,0.125127659116757,0.0685616950782812,0.11286989209826,0.129355811707086,0.254049770821224,"",0,4,258,820258,920258
3.6851792871981,-0.314820712801898,0.00225472647634395,0.0284223294093069,0.183220502885655,0.0437889485961451,0.0837109891196635,0.0940080094637389,0.20990748440998,"",0,4,259,820259,920259
4.2233325018043,0.223332501804304,0.00237189812479899,0.0161758341313867,0.0979366203012419,0.0458996757958172,0.101233849516492,0.118806337011229,0.211639408858241,"",0,4,260,820260,920260
3.92504500827312,-0.0749549917268846,0.0116740027697743,0.00879583679109652,0.145554936596046,0.0637513540123137,0.0975881191810788,0.105567027364733,0.180722683970675,"",0,4,261,820261,920261
3.71396179343959,-0.286038206560407,0.0286284715787645,0.00955366535784996,0.123187397386954,0.0627187144090468,0.101124974455628,0.104286869953242,0.157469722012123,"",0,4,262,820262,920262
3.85012717229267,-0.14987282770733,0.0215002204461224,0.00178926025255055,0.117422269089674,0.0549049614433131,0.0947835445269187,0.108437675880843,0.184675091865117,"",0,4,263,820263,920263
3.99369047432288,-0.00630952567711995,0.00826929751716632,0.0174567264748754,0.11457498781023,0.0563688952987978,0.0955636654101679,0.0891586045595183,0.179421342131983,"",0,4,264,820264,920264
3.82158993987889,-0.178410060121107,0.00626209333430028,0.0438193852200456,0.0988367371195893,0.0420424729464862,0.0927891311570922,0.0673112815170076,0.253559754850763,"",0,4,265,820265,920265
4.07179513124134,0.0717951312413438,0.0069701036040761,0.0105174190770319,0.162652009657228,0.0526995226702968,0.10323302005877,0.091635294956279,0.21334511752855,"",0,4,266,820266,920266
3.95104195584649,-0.0489580441535078,0.0104825960801856,0.00180468138808154,0.128981390191688,0.0591844758275315,0.0994370640539808,0.0814172053894906,0.160594758399291,"",0,4,267,820267,920267
3.56714031506714,-0.432859684932861,0.0401252436831478,0.0379887757770827,0.171282484171288,0.0500568090661973,0.0946309890986532,0.313159772072627,0.486928568494444,"",0,4,268,820268,920268
4.02745986116199,0.0274598611619927,0.00743043280713129,0.0279192993527657,0.138336793244385,0.0587841266124564,0.0992609524871698,0.0910106018725195,0.180171459205271,"",0,4,269,820269,920269
4.02236178051763,0.0223617805176257,0.0233230528112482,0.0307770289925699,0.0854734756299069,0.0608052902682946,0.103536241049539,0.104029660958718,0.21519309191197,"",0,4,270,820270,920270
4.17339903294256,0.173399032942561,0.0126362469201271,0.00867969386463999,0.063956792409308,0.0529723484314874,0.105872657834908,0.0790228873478213,0.173568407895896,"",0,4,271,820271,920271
4.20629778222567,0.20629778222567,0.00172818987651557,0.00370739918845883,0.0904750369941152,0.0571705375606288,0.105727169976035,0.0935906612576917,0.236160524506406,"",0,4,272,820272,920272
3.73048505109677,-0.269514948903234,0.00869843954996008,0.0185921425521393,0.242374450240549,0.071302844813672,0.0955050972661886,0.0785087712514962,0.209419700407943,"",0,4,273,820273,920273
3.89815429243197,-0.101845707568028,0.00494519509495761,0.03670673180652,0.175089895308345,0.0607402128050304,0.0990132383573859,0.850299025981641,0.452711891969421,"",0,4,274,820274,920274
3.85470678306247,-0.145293216937527,0.00106481331804728,0.013497552319965,0.20314805492623,0.0595789876482337,0.0930889866574538,0.0748405290946657,0.185297083551222,"",0,4,275,820275,920275
4.02551428367829,0.0255142836782882,0.0241851711606274,0.0051452297432556,0.106321973614592,0.0476713330247277,0.0937053568370701,0.11891706367734,0.241177775752475,"",0,4,276,820276,920276
4.17857327798228,0.178573277982283,0.0271606457832597,0.0154478474537788,0.169331445905896,0.0561044046201286,0.114326055331049,0.137902582433287,0.315741689745793,"",0,4,277,820277,920277
3.85697593028681,-0.14302406971319,0.0108573982114873,0.0106555596314435,0.219718276464523,0.0463363987950217,0.0932920569530506,0.105545079942626,0.186643382684738,"",0,4,278,820278,920278
4.08079908004657,0.0807990800465737,0.0229112496275908,0.0243586530959091,0.109405239956868,0.0565958146884128,0.0998781324622424,0.087964670978205,0.16832025557906,"",0,4,279,820279,920279
4.12084068745894,0.120840687458935,0.040863225062305,8.94285003529838e-05,0.219760909245072,0.0643683027930578,0.0952329296941102,0.0902399006035838,0.165196537424048,"",0,4,280,820280,920280
4.22204024614537,0.222040246145367,0.0134693105903373,0.00895920562313146,0.147309236785155,0.054399321751162,0.0932394742943928,0.736883055494199,0.435757556240297,"",0,4,281,820281,920281
3.94653721353577,-0.0534627864642276,0.00316882306751443,0.00836780288410699,0.160620659690177,0.0550900609160644,0.0846310052560873,0.0915660148588616,0.201752063364362,"",0,4,282,820282,920282
4.1700261141309,0.170026114130899,0.0026278195697341,0.0140270635661686,0.140200735318473,0.0440143299908081,0.0889211830225265,0.0845504944932542,0.225065391537383,"",0,4,283,820283,920283
3.92888277423778,-0.0711172257622228,0.0287439119441275,0.0313680792139185,0.282957202276748,0.0593782406243992,0.0919446461637412,0.0905113556473849,0.2037955024533,"",0,4,284,820284,920284
3.98387020990515,-0.0161297900948489,0.00558642566043668,0.00064769403618814,0.0718335428685052,0.0376507684514055,0.0948794317489814,0.0769536526651055,0.207690250462843,"",0,4,285,820285,920285
4.07604176256743,0.0760417625674297,0.00022931698625997,0.0124927672892917,0.108426716036259,0.0578463937146204,0.0935921753098838,0.0756989767485171,0.173667839180313,"",0,4,286,820286,920286
4.04768676836005,0.0476867683600517,0.0158821976286221,0.0128210449323789,0.0816570767882422,0.0496997412510727,0.0898993388040007,0.0775900732673603,0.164694495950683,"",0,4,287,820287,920287
4.12204971830368,0.122049718303679,0.00783217925603408,0.0324097342685634,0.118466618392192,0.0541583494041266,0.111626329777426,0.0771922858841438,0.214146240370274,"",0,4,288,820288,920288
4.18022703468847,0.180227034688469,0.0159211424100949,0.00787804481986823,0.0708967269615679,0.0598495921628115,0.0870999137204234,0.0780851913789561,0.163123859858516,"",0,4,289,820289,920289
3.9973579275733,-0.00264207242669867,0.0239630286882171,0.0126870417889714,0.115385169801353,0.056582112161541,0.098328073439187,0.0917918984601,0.15261052951503,"",0,4,290,820290,920290
3.97660493890624,-0.0233950610937614,0.012399494058845,0.0117168752476674,0.196878670080373,0.0714444323322331,0.0949005420758025,0.0734762615390159,0.204899925575794,"",0,4,291,820291,920291
4.06369710875971,0.0636971087597109,0.0297648088763862,0.0113513374477085,0.131306016091721,0.0512138030637841,0.10296658190825,0.118854040888452,0.168802219901447,"",0,4,292,820292,920292
3.93319722453276,-0.0668027754672362,0.0014227034701588,0.0157088409136736,0.361736999996586,0.0550202836952067,0.0976233892776207,0.103701953692677,0.19966351215512,"",0,4,293,820293,920293
4.46777195343882,0.467771953438824,0.00990320113799845,0.0377676049116905,0.134277616105975,0.0547919294856658,0.101368104821713,0.0961083367009537,0.17540688130154,"",0,4,294,820294,920294
3.95447109652431,-0.0455289034756934,0.0108890687719056,0.0324376024232673,0.122151101713763,0.0420981243946698,0.0991782126577952,0.0877843938873311,0.185123346160456,"",0,4,295,820295,920295
3.62384509853795,-0.376154901462045,0.0122713055465727,0.00448067601881966,0.135830580817692,0.057041023323252,0.0992179397389329,0.0956596320218211,0.197196569255951,"",0,4,296,820296,920296
4.26393809889573,0.263938098895726,0.0108961849651206,0.00659592629796443,0.291730876174343,0.0542491017024102,0.0965408964298217,0.118123887367925,0.221359829797735,"",0,4,297,820297,920297
3.8122405641585,-0.187759435841502,0.0189170943559171,0.0474591458575162,0.217514018304554,0.0578472273290797,0.110954568808007,0.10914698722807,0.208392786498709,"",0,4,298,820298,920298
3.79807635850767,-0.20192364149233,0.0282852518329516,0.0162694995037059,0.116639703215388,0.0596237805581609,0.104233568434185,0.109149522148045,0.284263974511643,"",0,4,299,820299,920299
3.97037980638596,-0.0296201936140394,0.00815619727658332,0.00990902806420593,0.146721667000046,0.0457960770708382,0.0997696788803839,0.0977162557195116,0.172846087635042,"",0,4,300,820300,920300
3.87004146275128,-0.129958537248721,0.0148012204953379,0.0050321312058966,0.259235843447689,0.051438400147459,0.10134657182442,0.726933873477073,0.447181520944691,"",0,4,301,820301,920301
3.77881122210818,-0.22118877789182,0.012856933147645,0.038541596722741,0.13847180403474,0.0788160376995573,0.0969223286666975,0.115429178499664,0.21669044172016,"",0,4,302,820302,920302
3.6780554093404,-0.321944590659596,0.00867729974203599,0.00849964379090773,0.0820353350148303,0.061354290479351,0.100802422572184,0.0967690267090035,0.214235016167992,"",0,4,303,820303,920303
4.02118317200291,0.0211831720029121,0.00227154951545547,0.028637922385096,0.0982091342032796,0.0534932695215477,0.0973918082594074,0.0899988987116031,0.179830612705061,"",0,4,304,820304,920304
4.22455886735937,0.224558867359375,0.0551054091002802,0.0412205535407112,0.127250252137039,0.0432459040198136,0.0869547619496722,0.0949072502950506,0.164615960316269,"",0,4,305,820305,920305
3.92864139125051,-0.0713586087494904,0.00349001143014557,0.00549921168148715,0.118805660648921,0.0609014140419261,0.0914780241404514,0.0977783138469605,0.182821677085773,"",0,4,306,820306,920306
3.87176293769501,-0.128237062304987,0.0350376108779424,0.0204351980452437,0.108389606112277,0.0575987967299077,0.114474558089848,0.10883035749932,0.17903632937303,"",0,4,307,820307,920307
4.02195580355115,0.0219558035511493,0.0332967570189499,0.0176051025453592,0.197564190403505,0.0456172768498177,0.103434601976476,0.213880098250959,0.380533122913871,"",0,4,308,820308,920308
3.82788343424044,-0.17211656575956,0.0290555990747324,0.0200744218888505,0.139066777605781,0.0635681258164708,0.10144439036336,0.0862451936337001,0.210797167515888,"",0,4,309,820309,920309
3.92517484371089,-0.0748251562891067,0.00727569721066956,0.0339748314384812,0.0877371696066643,0.0499982991270209,0.0994194236273298,0.0932890429463046,0.193786395178503,"",0,4,310,820310,920310
3.82073636588179,-0.179263634118212,0.000358661282580858,0.0286958678956002,0.0823084201743517,0.0522861271668179,0.0950957664966079,0.0985024524629795,0.181394987264347,"",0,4,311,820311,920311
4.04737317737646,0.0473731773764623,0.00754954886544756,0.00902832593878544,0.0809472176019994,0.0589296493538602,0.0985202470734731,0.0935762839515633,0.254573897916615,"",0,4,312,820312,920312
3.83953030073131,-0.160469699268691,0.013380584130729,0.0199278323686402,0.106683501212117,0.0484370260488723,0.0984286522126474,0.129980081908357,0.237568017422284,"",0,4,313,820313,920313
4.03443255401537,0.0344325540153658,0.0176057310313538,0.0901226399604749,0.182170211317524,0.0520622265946679,0.100070620754859,0.475790376363317,0.52885038129601,"",0,4,314,820314,920314
3.99388394761523,-0.00611605238477164,0.0188797643817638,0.00509992365336664,0.136322351188605,0.0484651442526356,0.103042852263135,0.122624341989265,0.206668688258037,"",0,4,315,820315,920315
4.04335921053071,0.0433592105307063,0.0187719262527737,0.0380674966160944,0.118175419423906,0.0567382220602793,0.0990427217187126,0.0930545441178399,0.170883154032209,"",0,4,316,820316,920316
3.81024311024402,-0.189756889755978,0.00997710844760311,0.0282161840169315,0.374049174191412,0.0623979953182416,0.109019643597504,0.0948050074820523,0.181855995380378,"",0,4,317,820317,920317
4.1015693506163,0.1015693506163,0.0229280879250054,0.0137692298657146,0.112973916892356,0.0496748714194829,0.0988951058644583,0.0899634265843799,0.206187370273341,"",0,4,318,820318,920318
4.20344243307966,0.203442433079662,0.0204040759082596,0.00727060606766849,0.0602449583080523,0.0697582089563109,0.101861191278546,0.542723174170279,0.597163665150697,"",0,4,319,820319,920319
3.94740501177904,-0.0525949882209598,0.00683628174008574,0.0252190163228035,0.145626649795236,0.0585937529969659,0.102438020117871,0.827498195072621,0.450020598853057,"",0,4,320,820320,920320
3.99632160501784,-0.00367839498216238,0.0096073461744961,0.0176542863451913,0.177054259819686,0.0629120728732159,0.0955637404894973,0.0937205717494962,0.183152366064933,"",0,4,321,820321,920321
4.16740057003169,0.167400570031687,0.000376599274698214,0.0121862525835002,0.381442705399536,0.0555691019549924,0.092596265670751,0.115051826886431,0.191582513267238,"",0,4,322,820322,920322
4.5700836939573,0.570083693957303,0.00522795903068296,0.0024705168232515,0.131602205415713,0.0482622055160158,0.0890591972354324,0.104462042944299,0.174661020904331,"",0,4,323,820323,920323
3.94951075467046,-0.0504892453295449,0.0108456449295282,0.0119308162521073,0.188600759427157,0.0521918340257351,0.107231002550994,0.0997798689511728,0.191902103646615,"",0,4,324,820324,920324
4.34235806295692,0.342358062956921,0.0159944771944751,0.00726816648224271,0.13908265225184,0.0456212882112488,0.101337205140785,0.119448107945423,0.192884717221267,"",0,4,325,820325,920325
4.21820176099725,0.21820176099725,0.00463713452727685,0.0104300935772428,0.129706368060652,0.0403766420542367,0.0933021684398116,0.088793678142819,0.173212996231437,"",0,4,326,820326,920326
4.05567374551137,0.0556737455113652,0.0162083616953352,0.0147942799167599,0.0907136636252176,0.0551841345690538,0.0986779760587278,0.0992983364002067,0.169090298535234,"",0,4,327,820327,920327
3.98985898760931,-0.0101410123906871,0.0213678735893101,0.0211247529708803,0.152069823956842,0.0588782574846922,0.0980673609069528,0.0825039755635334,0.23497083602834,"",0,4,328,820328,920328
3.86050847016548,-0.139491529834519,0.00871904442462992,0.00953161093358845,0.0675479614977197,0.0489326907763347,0.0918269313991765,0.0881926665641882,0.155549216111465,"",0,4,329,820329,920329
3.89022711609857,-0.109772883901434,0.011307056704296,0.0331076869246585,0.154096441556307,0.0456469722570092,0.0901015258023136,0.100400643762321,0.281093953762006,"",0,4,330,820330,920330
3.9523098637246,-0.047690136275397,0.0118451302559767,0.00838716041240559,0.245424143998431,0.0494326628921946,0.106621033656107,0.82602593615293,0.475210942576251,"",0,4,331,820331,920331
4.21657829382318,0.216578293823178,0.0114315804429232,0.0247722301505416,0.249427024528229,0.0531507682951093,0.110063370192921,0.0772355467962129,0.261655253753105,"",0,4,332,820332,920332
4.18878252360099,0.188782523600993,0.00149997048332651,0.0168690178354153,0.100325917279271,0.0520681221452303,0.0993359160763988,0.101769252973422,0.186866898271488,"",0,4,333,820333,920333
3.78785716509356,-0.212142834906436,0.0306996077407385,0.000250536044162336,0.157079879690291,0.0596158092710328,0.0931418305130441,0.0939353704603865,0.222217856448539,"",0,4,334,820334,920334
3.9108061215515,-0.0891938784485018,0.00787700796304824,0.00720275014784458,0.0856284286931343,0.0452792519636781,0.0980933430576572,0.0805038069104407,0.250295433406243,"",0,4,335,820335,920335
4.05577930238105,0.0557793023810502,0.00655017966133908,0.00199766313605013,0.130636695681492,0.0617947230519324,0.115051572797498,0.0866997753662953,0.176667569097342,"",0,4,336,820336,920336
3.87688316349207,-0.123116836507927,0.00915811742134739,0.00961059780093484,0.14754458827952,0.0483428224916793,0.0985927733207193,0.0927264225146332,0.191637251253879,"",0,4,337,820337,920337
3.83979112838506,-0.160208871614937,0.0045294566415387,0.000740816491859225,0.20665011929178,0.0741631415713405,0.107903964775869,0.0998054356379592,0.214487329674878,"",0,4,338,820338,920338
3.6704600331351,-0.329539966864902,0.0114084399417873,0.0173274604564327,0.0879705302044035,0.0592065947205738,0.105271031203928,0.0887363157737646,0.224928544059654,"",0,4,339,820339,920339
3.85682765018542,-0.143172349814582,0.0270623544184635,0.0111239210093157,0.101362572832067,0.0547278643028558,0.104125852099775,0.093328824921767,0.12217362981605,"",0,4,340,820340,920340
3.6231705092246,-0.376829490775405,0.0140827941731486,0.0143535175619736,0.0653052583235368,0.0548585774945167,0.0997824619076849,0.0732930448397199,0.172931189665026,"",0,4,341,820341,920341
4.01828021284215,0.0182802128421535,0.0139674414499238,0.0555951682095477,0.105591420898506,0.0514320942490474,0.0852476094717508,0.0727244484664808,0.140130059391923,"",0,4,342,820342,920342
3.95778382407267,-0.0422161759273338,0.0237873317230554,7.99771002882033e-05,0.12761954442653,0.0617015160682954,0.103026712295749,0.0586016715436848,0.197599391450885,"",0,4,343,820343,920343
3.97236058756201,-0.0276394124379915,0.00220524997610216,0.0272362664631209,0.136674942277246,0.0615202073161648,0.0941185672346694,0.0832302598669302,0.182880421930166,"",0,4,344,820344,920344
3.89170663838438,-0.108293361615621,0.0112406993081526,0.0380457665065015,0.149351555859242,0.0685594079588193,0.114333062469576,0.0951540348698087,0.166921446877534,"",0,4,345,820345,920345
4.20827905796085,0.20827905796085,0.00187296061693379,0.0196062613604727,0.132593330141074,0.0502569765933638,0.107900376943334,0.0808191629209666,0.192000056897799,"",0,4,346,820346,920346
4.28604940096059,0.286049400960593,0.0143479048106027,0.0164730511293159,0.232355594101989,0.0543649813817341,0.0933786225765122,0.862773391568522,0.444250306238856,"",0,4,347,820347,920347
3.83330476628574,-0.166695233714265,0.0155122658950167,0.00351044604029074,0.142167208050079,0.0437311047421004,0.0957314608786548,0.845199937930455,0.420112812279893,"",0,4,348,820348,920348
3.87231212939286,-0.127687870607136,0.0138086029990543,0.0475835574226712,0.0785403014700335,0.067068393513639,0.0936930171718057,0.108762198374941,0.270412082545595,"",0,4,349,820349,920349
3.9776910604595,-0.0223089395405003,0.00614606335866741,0.0574257782584674,0.136077655741213,0.0477999784325037,0.0969697588123701,0.0997830744519272,0.209475634261143,"",0,4,350,820350,920350
3.86020300841914,-0.139796991580863,0.00397399926358832,0.0181609895317181,0.196192458575585,0.0560063166237351,0.111231875685512,0.12008162225694,0.236433824421489,"",0,4,351,820351,920351
4.39065024247795,0.390650242477955,0.0331587953856312,0.00924337109191628,0.176904893632299,0.0556625015502626,0.109724438263417,0.0992492796349314,0.164223388629853,"",0,4,352,820352,920352
4.02231583227121,0.0223158322712127,0.0310736122332665,0.00431665137558493,0.108169625142394,0.055346988356184,0.124654077295911,0.125778924664028,0.184631714689805,"",0,4,353,820353,920353
3.81616115744807,-0.183838842551927,0.0399043666986962,0.0562616496423272,0.196704766475445,0.0639774296555293,0.114135772343794,0.0962879068524776,0.229371794897802,"",0,4,354,820354,920354
4.14392995641268,0.143929956412675,0.0128477540810557,0.004466612419981,0.147341286534772,0.0627503043576594,0.0978933497674322,0.100639768360091,0.247547377981945,"",0,4,355,820355,920355
3.90471520728655,-0.0952847927134508,0.00345595749702052,0.0016896034377315,0.112189928336365,0.0595420961394123,0.099901904753459,0.0957318746653869,0.181845215901598,"",0,4,356,820356,920356
4.14503845346357,0.14503845346357,0.0219195412766793,0.013928867455647,0.137615712231725,0.0580061115220266,0.095488414189161,0.13025654389723,0.377012167840039,"",0,4,357,820357,920357
3.61564593317459,-0.384354066825407,0.0354385312419682,0.0364674314910772,0.305286114394647,0.0500583062065496,0.105163076809956,0.093036232873893,0.202439354303422,"",0,4,358,820358,920358
4.14425904253304,0.144259042533043,0.0179287986901173,0.0249708810645665,0.109754270058474,0.040033543072445,0.0865704728728623,0.118449467892492,0.188504451301539,"",0,4,359,820359,920359
3.86631655597082,-0.13368344402918,0.0231302381904023,0.0203553497119107,0.142205612722633,0.0628204054565975,0.112811575647618,0.102604455299006,0.195825338464427,"",0,4,360,820360,920360
3.80039437017634,-0.199605629823663,0.00988740824696097,0.0306118122743066,0.132646515510761,0.057472138630007,0.0909144712444048,0.11675143362773,0.154662034133968,"",0,4,361,820361,920361
4.08232399552386,0.0823239955238622,0.0326987603498477,0.00869376293026125,0.0578426054708365,0.0607861981315168,0.099064050103128,0.0836093063604793,0.155235249246325,"",0,4,362,820362,920362
3.76958338225818,-0.230416617741825,0.00270681103858739,0.023138001760198,0.15684704826947,0.0556283835141458,0.104852970892796,0.0832218339074479,0.19845219404503,"",0,4,363,820363,920363
3.76992818319032,-0.23007181680968,0.0281907171011353,0.0155965282507514,0.124019775175469,0.0723212396056627,0.103526539546092,0.0921214659565286,0.231853095687349,"",0,4,364,820364,920364
4.26041292160775,0.260412921607745,0.0116271900309278,0.0192973077459024,0.111405801408556,0.0508319251214654,0.10059205763184,0.0874268735314951,0.159575515747508,"",0,4,365,820365,920365
4.16166862859778,0.161668628597784,0.0249279113951309,0.0108454556122075,0.08094656709457,0.0568722140561208,0.0993427388462328,0.0763996787841943,0.244583287548284,"",0,4,366,820366,920366
3.83013244869275,-0.169867551307251,0.0068323732123835,0.0320481005421183,0.096870651176316,0.0466837604333771,0.113493739806241,0.0763380555578683,0.206930193313373,"",0,4,367,820367,920367
3.87140992186592,-0.128590078134079,0.00101116846851657,0.0223890618725282,0.179413808881567,0.0602743751079246,0.096560802435121,0.6499029753079,0.447863804225542,"",0,4,368,820368,920368
4.22965050490519,0.229650504905188,0.00331948011609617,0.00909358952754122,0.111389421386316,0.0570857101824896,0.101894175651239,0.0893309030850141,0.190503119756854,"",0,4,369,820369,920369
4.05702315326448,0.0570231532644794,0.0133005293373857,0.0150874626881627,0.104247674110061,0.0545462655272996,0.0902029395086162,0.0835469211044291,0.178248356371395,"",0,4,370,820370,920370
3.94156311035048,-0.058436889649518,0.00337505308234076,0.00379349353367567,0.111167228993991,0.0441831790981576,0.0989656320907034,0.0892838982177638,0.161450387541199,"",0,4,371,820371,920371
4.15740711945991,0.157407119459913,0.0100049670184986,0.0105154186858986,0.191780363158653,0.0529292288524269,0.0902692786076698,0.0734135382162805,0.181376790303813,"",0,4,372,820372,920372
3.73197209448492,-0.268027905515078,0.00635552824964469,0.00903722236833293,0.10076129594106,0.0551792886651056,0.109740865295433,0.808878743800619,0.420599091301369,"",0,4,373,820373,920373
3.97529036176147,-0.024709638238531,0.0152765242187718,0.00228581531202587,0.107789217639814,0.0479688552366963,0.0941772282600391,0.249957871177922,0.385663474795007,"",0,4,374,820374,920374
4.16416961019495,0.164169610194953,0.0109460020828433,0.0185370051660669,0.128611496056097,0.0562559672983475,0.091829388306402,0.0755397942332195,0.189140635292683,"",0,4,375,820375,920375
3.78461908753756,-0.21538091246244,0.0134503251498934,0.0125232117492198,0.181296356057774,0.0595193258147162,0.105366918432514,0.0906274747289336,0.172833102647016,"",0,4,376,820376,920376
3.95484252443871,-0.0451574755612949,0.0207424939122419,0.0434689769579537,0.172519541122108,0.0644898650877347,0.113413969370755,0.115410214424419,0.192424886881822,"",0,4,377,820377,920377
4.16183680607709,0.161836806077091,0.0019691869133327,0.00493855090164708,0.130087611798794,0.0609110568044661,0.0947236947884202,0.109271901862587,0.237117448233798,"",0,4,378,820378,920378
4.49833583003325,0.498335830033249,0.000500357142894176,0.0316279610248705,0.147057427588078,0.0526850346947954,0.104522997689601,0.0834929014558384,0.278851961227268,"",0,4,379,820379,920379
3.85270927377563,-0.147290726224374,0.00276776402254431,0.00420628403849554,0.10374845048315,0.0512596018043342,0.100843269545887,0.0824971988115069,0.221190452583753,"",0,4,380,820380,920380
3.99965045014311,-0.00034954985688751,0.0397762250935298,0.0316066168635699,0.0976118911727017,0.0564002841428635,0.0926646507195552,0.136560813526158,0.195912265443668,"",0,4,381,820381,920381
3.81950299673363,-0.180497003266368,0.00583773283542391,0.0207374652614328,0.10353812851159,0.0601850005499095,0.110853326053086,0.0760910450843174,0.192073842055571,"",0,4,382,820382,920382
3.96931359885229,-0.0306864011477126,0.0111505360488983,0.0254549563445051,0.152655343111076,0.0622367593453768,0.125662052569435,0.615224514449164,0.416654997312496,"",0,4,383,820383,920383
3.71632109226815,-0.283678907731852,0.0139994415457058,0.0214052371017632,0.164428167852433,0.0494259847464964,0.101155743737087,0.101639575933921,0.178678636226686,"",0,4,384,820384,920384
3.75576894147712,-0.24423105852288,0.0168065153992472,0.0118893802701583,0.0946846620527486,0.045598192902299,0.0947283554947229,0.117631787068928,0.215348723203327,"",0,4,385,820385,920385
3.85640453930791,-0.143595460692092,0.0117186496392152,0.0345531391941353,0.177060775489642,0.0502867487657577,0.0968337113076682,0.135886107965635,0.239766178627865,"",0,4,386,820386,920386
3.56646609463471,-0.433533905365286,0.0511281459431498,0.0195684296211528,0.375403947323254,0.061286044766569,0.104385614130923,0.0727512120086163,0.183548521394451,"",0,4,387,820387,920387
3.92863533339057,-0.0713646666094347,0.00358861954511491,0.00282776094055107,0.158218255362321,0.0554276473123026,0.0940758279445609,0.094144346857527,0.159183695158035,"",0,4,388,820388,920388
4.34789171110919,0.347891711109193,0.0245456095746187,0.0375537493659799,0.144221511132764,0.0478538594466353,0.0992351311190472,0.0912778624111008,0.13886512218593,"",0,4,389,820389,920389
3.7716611310109,-0.228338868989101,0.00968425686177596,0.0202015517388353,0.13404460180191,0.0561271344808865,0.108191096475274,0.114611782229868,0.224800810331312,"",0,4,390,820390,920390
3.77290320153177,-0.227096798468234,0.00743807193946122,0.0178378553267983,0.111801462900576,0.0607944583253951,0.0971702046426022,0.106627992446218,0.234159759369338,"",0,4,391,820391,920391
4.15883404858891,0.158834048588912,0.00916708800215169,0.0266644002887051,0.0986544168442668,0.0485254303277074,0.0876231167936496,0.135864552974516,0.181091967790803,"",0,4,392,820392,920392
4.00111693681073,0.00111693681072644,0.00637135638887285,0.0124108735072307,0.109218451786107,0.0473867362987843,0.0972045160879086,0.0595614816787049,0.174488666682185,"",0,4,393,820393,920393
4.05729263039443,0.0572926303944286,0.00780252790774927,0.0394351889998182,0.164531938556155,0.0489691085620285,0.0899070459283003,0.0858973842336932,0.154871707283908,"",0,4,394,820394,920394
4.10361874217683,0.103618742176827,0.0136001288336661,0.000178569217002322,0.0808302588478288,0.0557409456961919,0.100523095657728,0.0866159669903055,0.205589368975103,"",0,4,395,820395,920395
4.01910904664523,0.0191090466452319,0.0053002844598562,0.0181684043034036,0.0644549925317651,0.0610271060224899,0.0999536913448175,0.0714119582333187,0.168674507018506,"",0,4,396,820396,920396
4.11806375066509,0.118063750665095,0.00673344746026261,0.0205026676807196,0.183285330673344,0.0506313160596026,0.0993410727801378,0.0892354373677281,0.196921162430113,"",0,4,397,820397,920397
3.66425962359225,-0.335740376407753,0.00980448646893842,0.0264653850385957,0.108613266536696,0.0414941795547282,0.0911123909404766,0.0948734922585289,0.226882243967318,"",0,4,398,820398,920398
3.88752683838351,-0.112473161616489,0.00818343462687296,0.000657342830892693,0.0615969479419515,0.0407527530777875,0.103192820828089,0.0787238174968189,0.163135850167585,"",0,4,399,820399,920399
4.0102266081878,0.0102266081878035,0.00526677637147221,0.0210865617123799,0.0866897130404425,0.0553974750675413,0.0983372302167727,0.0853176838422907,0.218966553232183,"",0,4,400,820400,920400
4.08230055129429,0.0823005512942876,0.00998410156307991,0.00486027363965902,0.182405152808447,0.0420921363022897,0.0973293541435119,0.0818566711099767,0.245366733412457,"",0,4,401,820401,920401
3.78903657554883,-0.210963424451169,0.0203950654257798,0.028742681104451,0.170339822850495,0.0521483761245723,0.0961649385028307,0.0877361253473024,0.184482012237655,"",0,4,402,820402,920402
4.2658532279186,0.265853227918595,0.0113253144603311,0.00999828350870668,0.13917270595256,0.0570965155872347,0.0962892642041433,0.0796450420656556,0.156049403650176,"",0,4,403,820403,920403
3.67009155599964,-0.329908444000355,0.00838293023066794,0.0321328399626014,0.10141106662005,0.047066979435799,0.107869908662863,0.113796041731093,0.19903007051337,"",0,4,404,820404,920404
4.21211645902265,0.212116459022647,0.0122291357948921,0.022723197542029,0.147164325147804,0.0507931467272436,0.0887155431274831,0.100600108841379,0.185443168128556,"",0,4,405,820405,920405
4.01505367689853,0.0150536768985319,0.0181907340853252,0.0100665701928766,0.109931110437932,0.0537505886737758,0.0972163193634199,0.101522403115523,0.189332761719151,"",0,4,406,820406,920406
4.09628249737472,0.0962824973747178,0.0242010570554761,0.0468711720301794,0.128352929948393,0.0575081058474787,0.0998015377014488,0.0801042374516757,0.201603459903047,"",0,4,407,820407,920407
3.93472458103091,-0.0652754189690947,0.000656185946366628,0.0320180033109805,0.161517025599285,0.0497501561325253,0.0998558464700344,0.0859784809925393,0.17014595025456,"",0,4,408,820408,920408
3.93920857918662,-0.0607914208133766,0.00121759969322829,0.00769190323614036,0.139150061736972,0.0661865113397132,0.100010189175336,0.0957404093582011,0.157943838461039,"",0,4,409,820409,920409
4.41813728224351,0.41813728224351,0.0202945181683805,0.0187441172391511,0.186292181318713,0.0536410896800543,0.0982856755524908,0.092640177523174,0.201036834410598,"",0,4,410,820410,920410
3.93332655674448,-0.0666734432555178,0.0297730927412418,0.0218080887646293,0.12239818638205,0.0468029502003227,0.102506509969024,0.0815962426935292,0.172737131248038,"",0,4,411,820411,920411
4.58993507578123,0.589935075781234,0.00631712851111152,0.0422499289034913,0.0619530660894194,0.0580183300581314,0.0989369106401545,0.0798388765492913,0.191134061658048,"",0,4,412,820412,920412
3.48751627053991,-0.512483729460087,0.0116658018364426,0.00155510210374266,0.139749298318193,0.0665447335244199,0.088306517031815,0.083267993455608,0.161158421490091,"",0,4,413,820413,920413
3.65503250419297,-0.344967495807027,0.0153408629316057,0.0121723092809778,0.0908703981202985,0.066092869391804,0.095540037749739,0.0905396101426593,0.186131176262643,"",0,4,414,820414,920414
4.0828516532521,0.0828516532520993,0.00480539707265967,0.0133522177992566,0.109292211209089,0.0571357834536002,0.103327060134942,0.105789387925129,0.204878282333315,"",0,4,415,820415,920415
4.05433936256527,0.0543393625652691,0.0071622103215544,0.0180944756479339,0.138939012349288,0.0515730211230013,0.112683985838935,0.066243101366177,0.148219066152178,"",0,4,416,820416,920416
3.78879063703811,-0.211209362961887,0.00797011003081702,0.0319833384613864,0.249025423320889,0.0675234177835073,0.0965020408890216,0.840548372591597,0.422698205621291,"",0,4,417,820417,920417
3.75538109324318,-0.244618906756821,0.00114453959954922,0.0289978295722589,0.227574678030803,0.0435791023959246,0.0931091088578213,0.0908754408965195,0.185268900884708,"",0,4,418,820418,920418
3.79884363044996,-0.201156369550038,0.00836271107857811,0.0437197476508331,0.197440940294105,0.0412835393701423,0.0965758936723467,0.0705947408506934,0.269939825092284,"",0,4,419,820419,920419
4.12678768878994,0.126787688789941,0.000441572300744708,0.0314533132185573,0.0853589127052513,0.0660934843967305,0.104466371650218,0.0883579858163971,0.188027384029972,"",0,4,420,820420,920420
3.70531268549479,-0.29468731450521,0.0161049344358299,0.003487509186517,0.124211520163741,0.0581685332539263,0.0996886276322478,0.102968242269237,0.19252600401144,"",0,4,421,820421,920421
4.32184105239092,0.321841052390918,0.000457554005318189,0.0306072279053825,0.102313370723123,0.0505427881510376,0.0894485230178973,0.0907789974547934,0.163582339280177,"",0,4,422,820422,920422
4.02292915797262,0.0229291579726212,0.0248444071958892,0.0230949230241032,0.114879164815386,0.0522846110685178,0.0976966812775222,0.124150777494262,0.310028403686445,"",0,4,423,820423,920423
4.34676290364106,0.346762903641064,0.00271038134766166,0.00665998877794183,0.212494459730821,0.0518487475414742,0.0952374762978631,0.0833091017566679,0.203447988677212,"",0,4,424,820424,920424
4.02465590593284,0.0246559059328373,0.0287034653062666,0.00271085004079952,0.178162863470427,0.0571352585789851,0.107595937613305,0.113638169679485,0.198603385690439,"",0,4,425,820425,920425
4.20012573807652,0.200125738076523,0.010667734809629,0.0230369373987321,0.103302930372238,0.0568600070788373,0.110938351685195,0.0845477275580545,0.14376807125319,"",0,4,426,820426,920426
4.11895353493056,0.118953534930564,0.0174341216551586,0.0316771712331149,0.12718123916677,0.0459599360489861,0.101959544603787,0.086801743602393,0.199067272648992,"",0,4,427,820427,920427
3.91990143504237,-0.080098564957626,0.00326950619593713,0.0346040975387681,0.235337607871065,0.0554513536855327,0.107582163279993,0.0984156683255091,0.245370124897921,"",0,4,428,820428,920428
3.99247034647247,-0.0075296535275271,0.00682830104535678,0.00543340747356336,0.184265094829711,0.0612359361026732,0.0922932563528665,0.0838777398061345,0.18326361219129,"",0,4,429,820429,920429
4.00041420511774,0.000414205117736266,0.0143945814511034,0.0186688712578729,0.114464040855354,0.0559553877974132,0.102526251820999,0.0751513967028794,0.220106772491097,"",0,4,430,820430,920430
4.05133587997144,0.0513358799714352,0.00880468279612925,0.0915321015757742,0.313724132595004,0.0559222931376327,0.104606960173419,0.637215352396784,0.445871533517751,"",0,4,431,820431,920431
4.02391318212894,0.0239131821289353,0.000996524586784453,0.00388222966351759,0.121881023770868,0.05466795059909,0.0908025600909983,0.578060000412962,0.405557026756158,"",0,4,432,820432,920432
3.77904871301614,-0.22095128698386,0.0215755586913039,0.0304008695186618,0.193209099879005,0.0565516695439878,0.0893931204274298,0.0815717625705321,0.217764802451071,"",0,4,433,820433,920433
3.92759965777334,-0.0724003422266604,0.0245581549250818,0.0100728394913928,0.202734498039801,0.0540433152973131,0.0940301725748286,0.065358823713938,0.212192947177473,"",0,4,434,820434,920434
3.78602525793392,-0.213974742066079,0.0146456784436711,0.000451665624417785,0.149358639526417,0.0564241114576778,0.100132724079334,0.0714635598483779,0.189423670927138,"",0,4,435,820435,920435
3.73483882773538,-0.265161172264623,0.0137657961385917,0.0103393172121418,0.121263459024777,0.0560153915773564,0.112653303877374,0.100920903596935,0.150553365039062,"",0,4,436,820436,920436
4.0833250312452,0.0833250312452041,0.0252495326060007,0.0116980442247485,0.193124200043543,0.0473593550505184,0.0956163147800739,0.0984764874485743,0.258033551293074,"",0,4,437,820437,920437
3.74731385591291,-0.252686144087088,0.005986481298483,0.0256315757393719,0.164723057685875,0.0612670435755487,0.095669187837784,0.147582306974091,0.257895631028505,"",0,4,438,820438,920438
4.1455653215906,0.1455653215906,0.0225651266653177,0.0262016155222723,0.111644670397975,0.0517131807516413,0.10516171315575,0.109112368714567,0.174245872693073,"",0,4,439,820439,920439
4.23260713246527,0.232607132465267,0.00353819909005026,0.0296210162454322,0.259244480475457,0.0641490745065405,0.101262603802941,0.0802156623090291,0.188238198657911,"",0,4,440,820440,920440
4.13453123089146,0.134531230891464,0.0117621219632207,0.00134494721110864,0.093418868592389,0.0574800692002658,0.101053970071728,0.086852919905911,0.168234645810791,"",0,4,441,820441,920441
3.65576620956454,-0.344233790435459,0.00548583970876759,0.0261921165604113,0.145524388720608,0.0561939617844421,0.109216833291704,0.145544207112865,0.226666222301154,"",0,4,442,820442,920442
3.74354761364171,-0.256452386358293,0.015186939931207,0.0594590970792027,0.0847544327420418,0.054660244264132,0.11143043890993,0.085625218390111,0.187278171227507,"",0,4,443,820443,920443
4.17289454979759,0.172894549797587,0.00245704337204555,0.0150506298447568,0.193204472442507,0.0578528820895357,0.0992966693825369,0.0974973865661197,0.256757536861004,"",0,4,444,820444,920444
3.7426459640577,-0.257354035942296,0.0118662513875416,0.0141008129765691,0.0820912556888989,0.0625017550358307,0.100115146143593,0.0913312510056767,0.209106897167406,"",0,4,445,820445,920445
3.83252924917894,-0.16747075082106,0.0315403643752313,0.0133532789580044,0.127644925884315,0.052347162494966,0.106775200721178,0.0837547454763521,0.235670114707285,"",0,4,446,820446,920446
4.04538295366225,0.0453829536622514,0.0157020003839014,0.0143708444831527,0.10578325050112,0.0485309907489185,0.0947004035171506,0.102823352646047,0.230019593598204,"",0,4,447,820447,920447
3.86843866418776,-0.13156133581224,0.0163554024555388,0.0582740124676175,0.256523690757568,0.0485454991517069,0.109721527604075,0.672917396568161,0.457639519054114,"",0,4,448,820448,920448
4.15243563998562,0.152435639985618,0.0294751489806157,0.013636947766725,0.116401475398326,0.0522124239275092,0.10669305637326,0.0805666038792262,0.209304231215449,"",0,4,449,820449,920449
4.1155789841354,0.115578984135398,0.0141583716728682,0.00880570367557931,0.234437227169927,0.0608913418775459,0.103703428194983,0.0795534128929374,0.167041487408114,"",0,4,450,820450,920450
3.90522826573923,-0.0947717342607732,0.0431101235004155,0.0138834679479049,0.142602007847102,0.059466428069482,0.0971192294319644,0.093479171845943,0.186546689723563,"",0,4,451,820451,920451
3.83617853384729,-0.163821466152708,0.00156257806248594,0.0141676835403975,0.133112227982708,0.0477051741153857,0.0871704865917481,0.0690175091634747,0.20500578834246,"",0,4,452,820452,920452
3.82938080353451,-0.170619196465487,0.00328188923750586,0.0173367686848108,0.119528531196173,0.0498692066635677,0.0991704396207838,0.100775670402235,0.19406559348186,"",0,4,453,820453,920453
4.22552185110385,0.225521851103847,0.00665352451183909,0.0246838373669996,0.200506915430631,0.0575550346168239,0.106355848763489,0.0892838015225156,0.246225833605244,"",0,4,454,820454,920454
4.16332930883913,0.163329308839126,0.0196282083071624,0.0066505841090766,0.121148317488518,0.0523841567957949,0.0887589133399248,0.125857218577467,0.244025080476718,"",0,4,455,820455,920455
3.8616637433553,-0.138336256644701,0.0441246499395771,0.0355244673560579,0.134296362720891,0.051864741266124,0.115231793077246,0.0859068413888784,0.206462762889686,"",0,4,456,820456,920456
4.07710923199184,0.0771092319918409,0.0014581342178196,0.0259419791571297,0.0818763805990505,0.0637089698186688,0.0965941889678507,0.0906784135767272,0.201300810252617,"",0,4,457,820457,920457
3.68218474965844,-0.317815250341562,0.0132313304969949,0.00114219896209575,0.103541047519623,0.0528932378316532,0.0975163125848818,0.0827385532529072,0.159743621847357,"",0,4,458,820458,920458
3.71879669956407,-0.281203300435926,0.000798593517135626,0.0279451544985689,0.160228774073368,0.0449960372309233,0.108023936507686,0.102246505435911,0.229136993643371,"",0,4,459,820459,920459
3.74995993531019,-0.250040064689811,0.00118951889297733,0.0353315182549923,0.14462774914497,0.049356517828708,0.0967437129912812,0.0994626435565756,0.19398625280156,"",0,4,460,820460,920460
3.63758296958045,-0.362417030419552,0.0104575596005275,0.0239077190709506,0.0567570097596807,0.0445773200462916,0.0934339639556414,0.102762882865192,0.214578691106934,"",0,4,461,820461,920461
3.82750986537495,-0.172490134625053,0.0296907655660488,0.00942526658900866,0.263281375954118,0.0528292365552233,0.0907937794027685,0.0869867945246117,0.201994757596867,"",0,4,462,820462,920462
3.77064991077722,-0.229350089222784,0.0226442479005406,0.0236097603663551,0.181943323369029,0.0481165677569915,0.0974734702570669,0.0783626832705478,0.214684447645759,"",0,4,463,820463,920463
4.13485788329861,0.134857883298607,0.0337016678583401,0.0463181342152359,0.11420902605743,0.0495450619481279,0.101492426781964,0.111717356613858,0.204581193628854,"",0,4,464,820464,920464
3.98265339367794,-0.0173466063220582,0.0048178909962544,0.00590994873600137,0.137377431797482,0.0632591927341714,0.0939731130580079,0.0957317046965048,0.158721932793051,"",0,4,465,820465,920465
3.94696367474291,-0.053036325257092,0.0213130879367961,0.0237284450250683,0.111421603485116,0.0526315407831723,0.102541930226417,0.0904147078556118,0.16298196473859,"",0,4,466,820466,920466
4.11327750831521,0.113277508315209,0.0164144461249112,0.0225696435017865,0.0731815870800012,0.0556623763931246,0.104705947261705,0.1109568867153,0.16837522830872,"",0,4,467,820467,920467
3.67627950291202,-0.323720497087979,0.0134330457110969,0.0087363341773555,0.0842256989611724,0.0500042872308681,0.11176859615521,0.0819591419901488,0.178327106536987,"",0,4,468,820468,920468
3.76501872349929,-0.234981276500713,0.000701162169047587,0.00889361168053293,0.0809604695416815,0.0464076015038585,0.111545856584403,0.116568691797388,0.202250025278078,"",0,4,469,820469,920469
3.82615143568069,-0.173848564319314,0.0113504726038944,0.0149277321085813,0.11384011900243,0.0597939159041551,0.102039300588135,0.0970174072350827,0.209538664960017,"",0,4,470,820470,920470
4.11881796030407,0.118817960304066,0.0192859316103375,0.0193126840442815,0.0978844743320616,0.0522609019429146,0.0997383777743143,0.0687249622946888,0.252696592515701,"",0,4,471,820471,920471
3.71157190564037,-0.288428094359633,0.0355180029978788,0.00239096967922769,0.246805249809189,0.0624107892343242,0.0888501191671529,0.760385778984823,0.400065255899226,"",0,4,472,820472,920472
4.1889283637155,0.188928363715504,0.00962356660455585,0.00666068310549453,0.107638863688419,0.0545225115393728,0.0924311761087168,0.0909591041619428,0.180568221021165,"",0,4,473,820473,920473
4.23752037883704,0.237520378837041,0.0125372133314127,0.00354233738357324,0.202266290574375,0.0438412678284164,0.0901159878298088,0.0924957467317747,0.184315921026035,"",0,4,474,820474,920474
4.2583137107247,0.258313710724704,0.00563870720811013,0.00875580861518435,0.140331347848985,0.0587822782193434,0.106941570270802,0.0826764493193559,0.161792448784789,"",0,4,475,820475,920475
4.13913059808649,0.139130598086488,0.00116215097140762,0.00921505750020138,0.192311799281689,0.0592029021642536,0.110600993578133,0.817976471670399,0.394982183706355,"",0,4,476,820476,920476
4.25517078268107,0.255170782681071,0.0153289844321587,0.00168650175774665,0.111406686220533,0.0588958636510887,0.105480709588738,0.0848067386353398,0.180603829488495,"",0,4,477,820477,920477
4.0460679061316,0.0460679061316007,0.00157466034701473,0.0134070840221082,0.199194886121352,0.0491989441080034,0.095371436452357,0.0971518266797631,0.20162681055723,"",0,4,478,820478,920478
3.72664346420578,-0.273356535794218,0.0124476582165637,0.0505290466716715,0.0855739191894997,0.0668976532869352,0.0971294833795687,0.0803358451209758,0.168754258555945,"",0,4,479,820479,920479
3.88891771048991,-0.111082289510089,0.0571664943082624,0.0218672563411464,0.16468967577482,0.0520260153697221,0.0825445232633857,0.363007625166868,0.401724663711296,"",0,4,480,820480,920480
3.82939973247105,-0.17060026752895,0.00116463208161977,0.0492561242592754,0.234432581798381,0.0631383996671767,0.104593530479606,0.779479248119911,0.42432571666843,"",0,4,481,820481,920481
3.88334057961054,-0.116659420389458,0.00173196954632074,0.0175201688307425,0.110077164351967,0.0595429153570305,0.100954983725167,0.108385212519495,0.214790365762813,"",0,4,482,820482,920482
3.95658969380621,-0.0434103061937945,0.0162767620378887,0.0299964701293501,0.111864625173506,0.0548605750132444,0.108924870238997,0.0616170586794108,0.176179893851931,"",0,4,483,820483,920483
3.92487039378337,-0.075129606216632,0.0108769046400435,0.0398813089984843,0.329887537010813,0.0453691132894063,0.112748707237377,0.55014786641582,0.502656853239353,"",0,4,484,820484,920484
3.8053847526908,-0.194615247309199,0.00158417118833296,0.0147665677011282,0.122858671770796,0.0641425687327634,0.102932404329881,0.100867350794833,0.173521509438258,"",0,4,485,820485,920485
4.07217025560607,0.0721702556060677,0.0346001174398289,0.0184700781859726,0.258969801888552,0.0549240526122764,0.104769716598462,0.0863544711496658,0.18390249377751,"",0,4,486,820486,920486
4.61031419086049,0.610314190860488,0.0283688144108264,0.059204951814615,0.100929751812762,0.0578452508554629,0.101574149945442,0.175383583477554,0.292712383734529,"",0,4,487,820487,920487
4.01606271070056,0.0160627107005622,0.0127776183709478,0.0171231049780509,0.157724668202067,0.0575499109202521,0.0957796800020425,0.0863748079786147,0.166230280957794,"",0,4,488,820488,920488
3.8802171331739,-0.119782866826101,0.00989881469914369,0.00233767385486028,0.111494000181552,0.0751713751143467,0.104499480742732,0.814490258426053,0.43162625554822,"",0,4,489,820489,920489
4.10783924157893,0.107839241578925,0.000415587470234957,0.0582708867137233,0.108485386241251,0.0425523605182935,0.0985993034375019,0.0989906778020721,0.184793437240762,"",0,4,490,820490,920490
3.97322220912709,-0.026777790872909,0.010528338435883,0.0208534668679783,0.141151104972429,0.0695738103628199,0.0973069865836512,0.0928287415841385,0.164923119456736,"",0,4,491,820491,920491
4.03291615911884,0.0329161591188445,0.0203656058834198,0.0173579996064452,0.14965795321889,0.0584218899165613,0.105910528526691,0.104394100932852,0.198901611534331,"",0,4,492,820492,920492
3.86504853797301,-0.134951462026991,0.0380844411655014,0.00278213626397805,0.102985021683381,0.0576340556042127,0.0871756854173318,0.188130097424453,0.332970510680461,"",0,4,493,820493,920493
3.85362937970382,-0.146370620296185,0.0211427431439487,0.00783062183316174,0.121722301411269,0.0586431092291464,0.102538791046462,0.109224561481268,0.19576492265232,"",0,4,494,820494,920494
3.89696494380214,-0.103035056197865,6.77253160847879e-05,0.0151862682465857,0.171733730385381,0.0579555005288261,0.108361637689011,0.10544990901108,0.223768168467878,"",0,4,495,820495,920495
4.16020035758558,0.160200357585575,0.00453611670971457,0.00129043888631719,0.147737610406294,0.0580944037130891,0.0974770978555554,0.0992643533797165,0.216337167713376,"",0,4,496,820496,920496
3.92754273320783,-0.0724572667921652,0.0260520762876512,0.00812078221515999,0.148033425857063,0.0505250612216697,0.104344056296099,0.0614977190588452,0.227653323673672,"",0,4,497,820497,920497
3.77672612659542,-0.223273873404581,0.00860318892143563,0.0101035027379151,0.1749877063943,0.0564385210764157,0.102802414701854,0.112467391611875,0.294866587785292,"",0,4,498,820498,920498
4.6011567028498,0.601156702849798,0.0274412854577972,0.0182711676916052,0.150588179626,0.0534683244497424,0.0965355032281802,0.0977299299341205,0.171826991962367,"",0,4,499,820499,920499
3.93336122392128,-0.0666387760787241,0.0133430499142412,0.0136247920840957,0.115743163533507,0.0519004161252858,0.10119155675109,0.0953378707308541,0.193778441273163,"",0,4,500,820500,920500
3.87851411580017,-0.121485884199829,0.0047470211826236,0.0145109103448319,0.14349878621399,0.0944189928117886,0.10062476070316,0.841755057095551,0.40004879374355,"",0.2,4,1,820001,920001
3.70517985096376,-0.294820149036242,0.0202604279170933,0.00901958161570549,0.291709218438132,0.103051125081623,0.0991408558769279,0.0941084819474138,0.174006886511914,"",0.2,4,2,820002,920002
4.11261900210893,0.11261900210893,0.00168765938538451,0.0459609400002573,0.213278637081316,0.103589442455999,0.0898787377304799,0.0937683861570092,0.185867328678778,"",0.2,4,3,820003,920003
3.85509541353849,-0.144904586461513,0.00632121648696982,0.0115768431690663,0.24202080450245,0.077947887877868,0.0968983919512729,0.0998374111791621,0.227952456168413,"",0.2,4,4,820004,920004
4.15252891382636,0.152528913826355,0.00973366439056964,0.00505290060840727,0.119783524590827,0.0998451244332548,0.112232182959502,0.141288530180057,0.180953324034479,"",0.2,4,5,820005,920005
3.92251787828461,-0.0774821217153878,0.00107752760249002,0.0190305437590567,0.0941772402661422,0.0900453479123472,0.118680033630679,0.0652824956704239,0.235457758124232,"",0.2,4,6,820006,920006
3.82053083421867,-0.179469165781326,0.0255645792352871,0.00543289968323923,0.242374280835972,0.107026796420069,0.101683746364263,0.0906299319922921,0.146682170122933,"",0.2,4,7,820007,920007
3.8981952383942,-0.1018047616058,0.0124430462764543,0.0123481794433377,0.181202251450579,0.0992363298465931,0.108388643619178,0.102232817822162,0.192650835368429,"",0.2,4,8,820008,920008
3.9303312282807,-0.0696687717192974,0.0208662989994323,0.000831381539268095,0.124352543408699,0.106149974264301,0.102864626471243,0.0855288305026424,0.219706240657882,"",0.2,4,9,820009,920009
4.14611627606817,0.146116276068172,0.0105953848615044,0.0353441723701349,0.0791072279711073,0.0885708119350448,0.125369683273767,0.0828833843027077,0.194744972039818,"",0.2,4,10,820010,920010
4.47858577748413,0.478585777484131,0.0166508274112081,0.0169018968820149,0.10106772001715,0.0924831380613071,0.115085851352148,0.124345364702104,0.178085447279517,"",0.2,4,11,820011,920011
3.78627585930382,-0.213724140696179,0.022355943879265,0.0912955940329924,0.126582000268129,0.0957989875040517,0.111878224341291,0.0861519586649027,0.207730487609264,"",0.2,4,12,820012,920012
4.02648590417988,0.0264859041798795,0.0217417852606002,0.0113806378605419,0.200231912998013,0.0934116930664632,0.102878774722573,0.667152355073768,0.477311077468118,"",0.2,4,13,820013,920013
3.75235315443084,-0.247646845569161,0.00951373514190423,0.0385238535768025,0.227855026279762,0.128159952704632,0.10744728616498,0.0900960668521196,0.19418726874691,"",0.2,4,14,820014,920014
3.88921848813175,-0.110781511868253,0.013306242441949,0.0185842931570297,0.0830996395175487,0.0801535642216545,0.106947968466593,0.0921752794777811,0.162575701780702,"",0.2,4,15,820015,920015
4.12103156969231,0.121031569692309,0.0160392052371818,0.00399499962439465,0.100125332222484,0.10162725920624,0.101921053090801,0.111229347399505,0.158657776606849,"",0.2,4,16,820016,920016
4.00819293323682,0.00819293323682491,0.0217312957978447,0.010461016783486,0.220817981334149,0.109761660745147,0.111843543239375,0.0953373613515942,0.212113679028472,"",0.2,4,17,820017,920017
4.10038328241575,0.100383282415748,0.0109302612817073,0.0319404023674618,0.172174478175333,0.0903952771311309,0.102447485769038,0.0980884946618517,0.191255216150334,"",0.2,4,18,820018,920018
3.74659364831038,-0.253406351689617,0.0210281707879112,0.0189432895024343,0.134025656935774,0.12040925209087,0.104646427005562,0.100994106497777,0.20440090875118,"",0.2,4,19,820019,920019
3.69943848464175,-0.300561515358248,0.0215254942012875,0.0117035112346371,0.0899521097489919,0.0872956356729718,0.106343018226739,0.742113413315656,0.434641309877945,"",0.2,4,20,820020,920020
3.97443031820905,-0.025569681790949,0.00916096095917607,0.0353754842108014,0.150733535433907,0.0938759024016709,0.10029046862898,0.0935218683817556,0.315785083795455,"",0.2,4,21,820021,920021
3.72331383477829,-0.276686165221711,0.00845219899590824,0.00283131468906128,0.211801324896263,0.0900449513114607,0.119320637711888,0.77219096501415,0.431991378989311,"",0.2,4,22,820022,920022
4.28351172617894,0.283511726178943,0.0381718860045249,0.0700048306884354,0.177202045930702,0.0903894284812346,0.131564905491113,0.706840150604302,0.458404499296872,"",0.2,4,23,820023,920023
4.02645251993136,0.0264525199313583,0.0113491207695983,0.0206701779948045,0.171083300160151,0.0914343152423307,0.0910536109849121,0.0777309906625471,0.206587518970904,"",0.2,4,24,820024,920024
4.27571489109843,0.275714891098425,0.00573777522044758,0.0854535228112437,0.0838956229213147,0.0982312628938391,0.114867014495585,0.689870004751033,0.452185721149131,"",0.2,4,25,820025,920025
4.35774160472373,0.357741604723727,0.0126439519308077,0.0169692597530862,0.115271634918374,0.105488036631226,0.113865830235742,0.0890842649077767,0.230243391017548,"",0.2,4,26,820026,920026
4.0931687900581,0.0931687900581002,0.0016833268402151,0.0127320513549932,0.245389643067175,0.0927018784095598,0.126971505002378,0.0811294489144999,0.248706033397997,"",0.2,4,27,820027,920027
3.91547414850313,-0.0845258514968736,0.00602316299667949,0.0194777650426149,0.138850503043062,0.0888250137944293,0.114369595053631,0.100968827152574,0.175245215601341,"",0.2,4,28,820028,920028
4.04626640110303,0.0462664011030345,0.0190427957183482,0.00562217348842431,0.100276288488564,0.0918179925286403,0.113083519836115,0.0944963992734294,0.144389909780244,"",0.2,4,29,820029,920029
4.14970911348785,0.149709113487853,0.0204783702597458,0.00878751181475479,0.111896862227576,0.104015861994469,0.101784605173304,0.0900344447286831,0.195961355072324,"",0.2,4,30,820030,920030
4.30471812308707,0.304718123087072,0.0103735289409048,0.0307711643608746,0.17054490649848,0.0934490833592996,0.118368392164196,0.068703997102207,0.250187662257229,"",0.2,4,31,820031,920031
3.83633506795158,-0.163664932048425,0.00352868345870191,0.0146811051736537,0.123334643455094,0.111362060451398,0.103896074345235,0.110408146141597,0.137796132267173,"",0.2,4,32,820032,920032
3.81187965649016,-0.188120343509843,0.0246974327916307,0.00505550903171206,0.0677494964694909,0.0890641685932028,0.123871920271385,0.0997878448728209,0.170965981412442,"",0.2,4,33,820033,920033
3.95534654293946,-0.0446534570605377,0.0154138617599039,0.0732490989010189,0.131000611254127,0.0990440787208318,0.10726148678082,0.0980563585306229,0.177208695692274,"",0.2,4,34,820034,920034
4.31205827306172,0.312058273061717,0.0119415865057861,0.0157640559463276,0.0609862076986274,0.102143339034822,0.10675757563416,0.0907503946244865,0.2171255283567,"",0.2,4,35,820035,920035
4.05984525636977,0.0598452563697718,0.0289379102945051,0.0384333646813015,0.313202984940145,0.094965509440799,0.0938598193473662,0.823203143302045,0.426614578898418,"",0.2,4,36,820036,920036
3.64976369707925,-0.350236302920749,0.0147367046139218,0.0129880289892761,0.11311463991961,0.108333289200365,0.0947515118721752,0.119752242267229,0.169352635795936,"",0.2,4,37,820037,920037
3.91633029564571,-0.083669704354286,0.0167707385646164,0.0259489644296662,0.102820131603468,0.108424000033401,0.108506030622504,0.0996759924485734,0.133698291820583,"",0.2,4,38,820038,920038
4.19735910041501,0.197359100415006,0.00642996589875031,0.0676502451015456,0.132300884144703,0.0892983215453196,0.103528407129232,0.106063350474029,0.218094818925682,"",0.2,4,39,820039,920039
4.07880805170661,0.078808051706611,0.00684930800034547,0.000453407393607552,0.146757779607582,0.114298647429126,0.0859000882891693,0.0755890082398084,0.202766566198273,"",0.2,4,40,820040,920040
3.76391609240435,-0.236083907595646,0.0356105521154167,0.0426732673381504,0.142886188225856,0.107259658224336,0.0923406193632842,0.074998385295869,0.183704642549771,"",0.2,4,41,820041,920041
4.14088643663305,0.140886436633046,0.0264231267525299,0.00843151703433556,0.212953699447829,0.0829906014014612,0.107303760879775,0.0958587888015311,0.225332730988936,"",0.2,4,42,820042,920042
3.95918460654795,-0.0408153934520499,0.00907150493295583,0.017039329487271,0.0991323378709809,0.0903193813569511,0.0933827179370317,0.0862179266393589,0.203222199821464,"",0.2,4,43,820043,920043
3.81168817471691,-0.188311825283087,0.030469155990111,0.00929579073383072,0.166451647768436,0.095044313850774,0.0933300479179409,0.106426110336131,0.195749656339762,"",0.2,4,44,820044,920044
3.66849821396254,-0.331501786037459,0.00605479618690866,0.00172551630325313,0.106856183061935,0.117707924500873,0.0943417853936394,0.797416926642923,0.373638607886165,"",0.2,4,45,820045,920045
3.91673486340225,-0.0832651365977477,0.00466154118243345,0.0807822914350929,0.141372068177949,0.0789845272264035,0.0943287945355349,0.729190148197145,0.351061810214398,"",0.2,4,46,820046,920046
3.99933653486206,-0.000663465137935582,0.0110719737638516,0.0160680647000911,0.175560790561288,0.0780312058591521,0.103674887353088,0.101336705336267,0.208342369994074,"",0.2,4,47,820047,920047
3.59743798207328,-0.402562017926724,0.0083916643312418,0.0119593878786943,0.107728697519924,0.110946775118113,0.0916026225171313,0.0940471029592108,0.153762309931454,"",0.2,4,48,820048,920048
3.77258450914422,-0.227415490855777,0.0273289462972053,0.00339309491694381,0.157805986540206,0.11529253760027,0.102652269101358,0.0940005001463801,0.240420793827734,"",0.2,4,49,820049,920049
4.11182092252292,0.111820922522919,0.0208664833183443,0.00662346569497799,0.148414702970722,0.110226747501953,0.107014239542635,0.0732821273434246,0.262635419193189,"",0.2,4,50,820050,920050
3.81129327626592,-0.18870672373408,0.0136733879386847,0.0259427450140086,0.0847019422794154,0.0844453871746991,0.105498452980329,0.0972306416351501,0.150744940635068,"",0.2,4,51,820051,920051
3.63717220446064,-0.362827795539364,0.0250528909029591,0.0165714934957712,0.362277539968693,0.101137583983798,0.0840588658448708,0.186046075459678,0.333333044561272,"",0.2,4,52,820052,920052
3.96738020848898,-0.0326197915110207,0.0149802994033778,0.0534654437773321,0.17442854678479,0.108235997752645,0.103065052702269,0.0811345630462781,0.184570555188018,"",0.2,4,53,820053,920053
4.36619917458,0.366199174579999,0.0189022754173588,0.032677151624803,0.149164841209658,0.100526022416184,0.0907466889404465,0.0923803464858096,0.218267570974197,"",0.2,4,54,820054,920054
3.83596482435688,-0.164035175643116,0.00406956494442626,0.019652703293555,0.142686297195533,0.105580415470737,0.119436674321329,0.121753939082553,0.250860804139882,"",0.2,4,55,820055,920055
4.26548661084962,0.265486610849621,0.0232049046459734,0.0145240383041579,0.0889343018915101,0.0996134671645557,0.10736626295738,0.104677372001251,0.147743628004361,"",0.2,4,56,820056,920056
3.80994466890413,-0.190055331095871,0.014674817425264,0.0115266974619801,0.118138397622541,0.0761754199812504,0.108134754136017,0.107910715890204,0.179764981576896,"",0.2,4,57,820057,920057
3.84851101378936,-0.151488986210644,0.00798427795413351,0.026950673386085,0.155962276670332,0.115671868221206,0.0960797669247073,0.0859974270831562,0.277375876933448,"",0.2,4,58,820058,920058
3.88369398822255,-0.116306011777453,0.0254939488692241,0.0129104242481626,0.181923102317324,0.121114428479527,0.104711851635244,0.0847982343285718,0.247397895713897,"",0.2,4,59,820059,920059
4.26381148296249,0.263811482962492,0.0128920734099827,0.00981833006675492,0.105996385112408,0.0939964971457885,0.113648401746306,0.095982977194483,0.187603724845467,"",0.2,4,60,820060,920060
4.2949698729972,0.294969872997201,0.0136207514690146,0.0312810028566547,0.168989388778819,0.0793831685228343,0.122949770926135,0.106659946611676,0.235023018083671,"",0.2,4,61,820061,920061
4.02933562436271,0.0293356243627088,0.00399974279140611,0.0532028944078979,0.138912205584805,0.105416606028082,0.0920781591162064,0.0964194689595835,0.173960276802369,"",0.2,4,62,820062,920062
4.33834437662276,0.338344376622759,0.00977100409711698,0.0508448027331595,0.102961138927248,0.0880242871962064,0.128875806335822,0.0810798981072035,0.168374528857581,"",0.2,4,63,820063,920063
4.07388587870652,0.0738858787065197,0.0125994318252438,0.00995313039905654,0.0921859304578481,0.100845319967815,0.108246110906675,0.0935996869564085,0.194357898397972,"",0.2,4,64,820064,920064
3.72783605224183,-0.272163947758173,0.00792070525635347,0.0258775467888788,0.110594724857059,0.0906443767554771,0.130173798198527,0.0772596349971663,0.175347104785563,"",0.2,4,65,820065,920065
4.0105026797454,0.0105026797453984,0.0160765806164529,0.0311090530944544,0.173807406686032,0.0936196206273678,0.099808465369394,0.06901825819934,0.182550151256049,"",0.2,4,66,820066,920066
4.18396151865186,0.183961518651857,0.00742396872393403,0.0198273530976975,0.18935564679112,0.0959614681909616,0.089193072969119,0.0710598874121297,0.161593936069152,"",0.2,4,67,820067,920067
4.21611707103458,0.216117071034581,0.00252924277044242,0.00495489182957831,0.0915342856240005,0.0993013361547148,0.103049144068969,0.126604308214753,0.216879750805229,"",0.2,4,68,820068,920068
4.16361193157041,0.163611931570407,0.0162743630381047,0.00247161669554219,0.12517970651174,0.104422670172945,0.10162622362733,0.123045472605154,0.219065298068858,"",0.2,4,69,820069,920069
4.15550593308266,0.155505933082659,0.0100918178750262,0.03648922488471,0.132018690956818,0.101508800285447,0.0965079559728456,0.097035297500912,0.207456603117457,"",0.2,4,70,820070,920070
3.71659491228974,-0.283405087710258,0.0156797263216598,0.0198851400981036,0.177520407276675,0.101352905193162,0.0971442192232519,0.0894666359992174,0.227324385379502,"",0.2,4,71,820071,920071
4.05048806052851,0.0504880605285072,0.0261909704008208,0.0538909535007936,0.102734402394684,0.101092623650246,0.093373514071581,0.827397706355179,0.425871890379772,"",0.2,4,72,820072,920072
3.98277499445119,-0.0172250055488119,0.014916585439754,0.0283199610592176,0.309209037762912,0.0931205614439337,0.125728645673191,0.465876506108446,0.530566553017607,"",0.2,4,73,820073,920073
3.93052803585086,-0.0694719641491388,0.00474070898980763,0.0192936144516253,0.103203908228681,0.090138853115563,0.0997829819006354,0.108984887441078,0.21580083266537,"",0.2,4,74,820074,920074
3.65746462459298,-0.342535375407022,0.0094583284879923,0.0233551962359293,0.090277643824997,0.0826231716287085,0.117322704116704,0.113799499094429,0.174619512812189,"",0.2,4,75,820075,920075
3.94361575107647,-0.0563842489235267,0.0248915368924239,0.00906406995297274,0.180533997417443,0.104789851666685,0.0991745230916544,0.101022152628458,0.171639465074076,"",0.2,4,76,820076,920076
4.01583346740097,0.0158334674009701,0.0097936398438786,0.0359052833674166,0.259773138581798,0.091572801456157,0.115026052005013,0.113497157780687,0.210662849159876,"",0.2,4,77,820077,920077
4.16125437915285,0.161254379152854,0.00505462021253208,0.0210384037322209,0.210438357110367,0.0983687498485216,0.1109730391534,0.0729249991893918,0.17093149990069,"",0.2,4,78,820078,920078
4.00771477503401,0.00771477503401297,0.0123305878395496,0.0330233622092374,0.0877990547341821,0.0998946054909433,0.0983173898128188,0.0850124467972537,0.181587296673816,"",0.2,4,79,820079,920079
3.85660686844824,-0.143393131551757,0.00110482175156523,0.0290679682773551,0.0872989092741787,0.104405249761637,0.106850327185187,0.0761770321666111,0.163020960261149,"",0.2,4,80,820080,920080
4.14665451720311,0.146654517203107,0.0263652918299604,0.0167416734963965,0.0827680083710582,0.0848589559466998,0.100920421272577,0.805370205432424,0.382139782520596,"",0.2,4,81,820081,920081
3.91691613903915,-0.083083860960854,0.0218562981545642,0.00122483043202717,0.0406924362238514,0.104699648733269,0.0952320851470335,0.0951823798337265,0.182601850811951,"",0.2,4,82,820082,920082
3.93314903952158,-0.0668509604784231,0.0357158917593697,0.0475151306501016,0.142990385311663,0.0919685022575091,0.0909632945636171,0.111616092849449,0.249550428379214,"",0.2,4,83,820083,920083
4.16128674535058,0.161286745350584,0.0216508813036855,0.00416005646107279,0.115894387495282,0.0970334001923405,0.0893731901505666,0.0882715060470831,0.202521725820563,"",0.2,4,84,820084,920084
3.8015399733549,-0.198460026645096,0.00584734730112246,0.0127055055343504,0.105838493641765,0.0881203706314351,0.112023750209338,0.794804127201878,0.396112120856383,"",0.2,4,85,820085,920085
4.0716004572471,0.0716004572470963,0.0144930371892653,0.012860012507679,0.0844667729151731,0.0809084380988713,0.11184750754079,0.0819837826087231,0.206236107169221,"",0.2,4,86,820086,920086
3.86629399679364,-0.133706003206363,0.0152518705533866,0.0181026120431155,0.263772495424093,0.110145965088293,0.106373666317565,0.11513480579877,0.20421067774211,"",0.2,4,87,820087,920087
3.90663022552568,-0.093369774474322,0.00175480952514215,0.00999267609326171,0.166548260831214,0.0870247296099393,0.0952718059358624,0.126893086868405,0.237551124587715,"",0.2,4,88,820088,920088
3.76757604023734,-0.232423959762658,0.0164621120794413,0.0307564767142346,0.292823868843546,0.114227298276502,0.119754559701483,0.729377050814592,0.393469243240868,"",0.2,4,89,820089,920089
4.07312549483269,0.0731254948326931,0.00451160347532253,0.0139451165272618,0.0869141429603106,0.104456680361104,0.0993843271105704,0.0930637523963218,0.215048839485501,"",0.2,4,90,820090,920090
3.91533819735549,-0.0846618026445052,0.0146010300270202,0.0186958864231232,0.16621450204276,0.0932345248333703,0.0962949208144661,0.0777482572143313,0.180950346419231,"",0.2,4,91,820091,920091
3.45568996289721,-0.544310037102792,0.0121389901774483,0.00841463579968293,0.191304039384864,0.101199558331269,0.0987799589534665,0.845888837281585,0.401126235759061,"",0.2,4,92,820092,920092
3.72606577338493,-0.273934226615072,0.0121194084564512,0.00685572620536481,0.0813903800651164,0.098982198145354,0.10127467609391,0.0790910857778624,0.21720552823257,"",0.2,4,93,820093,920093
3.98356293653168,-0.0164370634683175,0.0147683562599785,0.00619762646197131,0.189986240991171,0.105141800356624,0.0943747708933025,0.074102753075911,0.203504351303262,"",0.2,4,94,820094,920094
3.97254760091701,-0.0274523990829918,0.00800117393468322,0.00780757205581828,0.264988368799132,0.0842812063180806,0.105241969405372,0.354417937329537,0.382724720804038,"",0.2,4,95,820095,920095
3.50459564378655,-0.49540435621345,3.9705583378763e-05,0.0155103493947782,0.0851462180821966,0.121331861905109,0.110017358921947,0.104411710160851,0.207351477511431,"",0.2,4,96,820096,920096
3.99368289445397,-0.00631710554602627,0.00601279493693044,0.0114423617966096,0.143513413161254,0.0922710413011811,0.108673232528816,0.0942762915972454,0.224931719209383,"",0.2,4,97,820097,920097
4.0139392242616,0.0139392242615957,0.00678889318655462,0.0110834224876816,0.124233095865449,0.0993710443527944,0.106303670359084,0.0973607746672692,0.195870553421882,"",0.2,4,98,820098,920098
3.91691781690167,-0.0830821830983348,0.0168336697662609,0.0105119017392303,0.219447723141088,0.105976516733382,0.111593044676915,0.0931158156872137,0.223736233824703,"",0.2,4,99,820099,920099
4.31080439252895,0.310804392528947,0.000567923238461998,0.0380371798410815,0.0698631839215604,0.105061037355968,0.119597237044986,0.0946865382682955,0.198508805771843,"",0.2,4,100,820100,920100
4.14778888945231,0.147788889452314,0.0100945267179995,0.0359799198382869,0.168058462279559,0.098981035326582,0.100404146571721,0.101464825398819,0.182416431785285,"",0.2,4,101,820101,920101
3.97136074298261,-0.0286392570173915,0.00863018987889633,0.0245249719039347,0.0956237469367797,0.0906397666398943,0.0910505621014698,0.0701683392661699,0.180173628013697,"",0.2,4,102,820102,920102
4.0152440426055,0.0152440426055005,7.84507053216144e-05,0.0369316059214563,0.428576370265663,0.108024627797504,0.106508181637744,0.793615151751637,0.429238120318291,"",0.2,4,103,820103,920103
3.77755144162129,-0.222448558378706,0.0159637047594946,0.00657558092792213,0.158292104358682,0.109172854421964,0.100301252400264,0.129799025854256,0.216820752354382,"",0.2,4,104,820104,920104
3.95673600282688,-0.0432639971731152,0.0127951583230698,0.0177771201903094,0.227443221588141,0.110862923458857,0.12406022814051,0.224642721500948,0.368555613383017,"",0.2,4,105,820105,920105
4.10510242829601,0.105102428296014,0.00471584274154069,0.00839480405653958,0.144395815448604,0.106237044984136,0.0982154983016714,0.841689244315304,0.368231957258681,"",0.2,4,106,820106,920106
4.20605162578898,0.206051625788976,0.0151292930560475,0.0317815836287589,0.185601167702034,0.0904593064782305,0.106196120062736,0.0853722570487201,0.244782170193357,"",0.2,4,107,820107,920107
3.81371741950912,-0.186282580490879,0.0162758304763796,0.00676027191864492,0.140037645816447,0.082510344840552,0.106350038000076,0.107403716853588,0.212849520484852,"",0.2,4,108,820108,920108
3.87833746779648,-0.12166253220352,0.00903412595448674,0.0196130752423741,0.0958279302303338,0.103836802558266,0.118101680973917,0.105264788931018,0.145512526678751,"",0.2,4,109,820109,920109
4.17784016058282,0.177840160582824,0.0178127111811467,0.000579660942022553,0.135315868521517,0.0822858998726148,0.119237606905698,0.0860154920644688,0.196946787631379,"",0.2,4,110,820110,920110
3.81707988621057,-0.182920113789435,0.00717156207055247,0.0058275233819598,0.111251509674971,0.0849523843631361,0.115185583846509,0.888948295564769,0.411821864703047,"",0.2,4,111,820111,920111
4.00217606944235,0.0021760694423536,0.0110746057202938,0.0325685419950631,0.351988372824787,0.106668281593838,0.107558237147534,0.127433133778298,0.238594908464055,"",0.2,4,112,820112,920112
4.05651018186359,0.056510181863592,0.0122989628361331,0.0171027204068105,0.178763416468968,0.0921455399667258,0.108297650642855,0.114307937659328,0.158952570756165,"",0.2,4,113,820113,920113
4.14702207641224,0.147022076412239,0.0105726545015534,0.00554139930611275,0.116810921153195,0.093996534191711,0.097925316672027,0.105661217921459,0.159006542684995,"",0.2,4,114,820114,920114
3.89785562799078,-0.102144372009221,0.0117699084559106,0.024301474606503,0.112904083608951,0.121036756994891,0.103017048461055,0.107671163543224,0.170373933912291,"",0.2,4,115,820115,920115
3.83252217262708,-0.167477827372915,0.0172857167791438,0.0172634983920812,0.0908084173557805,0.0857297168153195,0.117694964882224,0.104797589294094,0.177477810912062,"",0.2,4,116,820116,920116
4.11221616481133,0.112216164811331,0.0173222587948237,0.0260355707273474,0.0916996219521378,0.113782326217196,0.109706106230447,0.0995605822854852,0.201758905761859,"",0.2,4,117,820117,920117
3.81177326706963,-0.188226732930373,0.0154954433106197,0.0213891296718695,0.0967728347477925,0.0963743776745282,0.11166283901139,0.0907036635095745,0.163950063706897,"",0.2,4,118,820118,920118
4.01000716759481,0.0100071675948081,0.0137091862266712,0.0723578325639338,0.26090858492436,0.0916805402944861,0.116043530750436,0.166995127330147,0.230846971666579,"",0.2,4,119,820119,920119
4.42733423080992,0.427334230809919,0.0193868873211063,0.0325816196401627,0.137497081994305,0.0944336989803553,0.10432032430274,0.118075366454881,0.182710179321874,"",0.2,4,120,820120,920120
3.7270420343752,-0.272957965624802,0.00264966749487658,0.00106704815984604,0.0807319834286157,0.097809231462994,0.0950871656852071,0.0857498748703747,0.131051865686707,"",0.2,4,121,820121,920121
3.79873645685596,-0.201263543144044,0.0171095042149474,0.0269389930502835,0.181159662027046,0.0903758057518055,0.121656623619336,0.145134651412888,0.219597681071563,"",0.2,4,122,820122,920122
3.91691661871875,-0.0830833812812539,0.0195992349758973,0.0113402276584198,0.0815317928319231,0.12076576719922,0.104988213449645,0.0696891220449581,0.205839874668179,"",0.2,4,123,820123,920123
4.12448096360089,0.12448096360089,0.00590684802141897,0.00592266321296567,0.165664426541116,0.0973600259222754,0.0990989005433942,0.104475167355501,0.188426108108955,"",0.2,4,124,820124,920124
4.1141374372585,0.114137437258498,0.0254170447024336,0.0126847154022739,0.162125711801763,0.100825579105214,0.107503369573879,0.113154985808351,0.183717076324341,"",0.2,4,125,820125,920125
4.05389962535213,0.0538996253521322,0.0235681339943694,0.0628857679693233,0.262254114553856,0.0846417106414051,0.114336930450916,0.0972996444685039,0.185580673252498,"",0.2,4,126,820126,920126
3.83930945299912,-0.160690547000878,0.0131709384546297,0.00406233095555442,0.110923399686567,0.091542274272124,0.0951129878450087,0.119802962236915,0.153799842655906,"",0.2,4,127,820127,920127
4.23845783190098,0.238457831900981,0.034968080969629,0.00789073665612794,0.218377071717701,0.102149553656868,0.103356661230844,0.15275118672348,0.25058174603243,"",0.2,4,128,820128,920128
4.21238339743253,0.212383397432535,0.00147484184643951,0.0328216280508753,0.29247473695433,0.0916632263447395,0.106976895310433,0.0842915808214555,0.210799961399322,"",0.2,4,129,820129,920129
3.94705146353021,-0.052948536469791,0.0196206478527686,0.0130821057088364,0.0727122276222831,0.101534295545936,0.0932334354062442,0.0950962435278662,0.182909537211171,"",0.2,4,130,820130,920130
3.8562658092894,-0.143734190710601,0.0107805249657265,0.0287397377908325,0.193976492704681,0.0839464815345657,0.104437985327409,0.101616648002991,0.168076170326169,"",0.2,4,131,820131,920131
3.93896045426672,-0.0610395457332764,0.000813715090093314,0.0236983970443084,0.196013275707405,0.0918918271966748,0.112814552660047,0.0853093175214302,0.214333034361743,"",0.2,4,132,820132,920132
3.86056131076464,-0.139438689235365,0.0176410572255904,0.000765502311362187,0.201524620862825,0.114031493967044,0.0981102365709176,0.477820199503851,0.434382841523565,"",0.2,4,133,820133,920133
4.55298956150572,0.552989561505717,0.0231046743901855,0.000226106903241319,0.146726791540645,0.102210484862793,0.0950334692134564,0.0894633385110727,0.182420404134488,"",0.2,4,134,820134,920134
4.02797191470138,0.0279719147013839,0.00561992887174478,0.0297787245193315,0.104067227654583,0.0888281474576443,0.104939427758583,0.0817943597935741,0.178175225223632,"",0.2,4,135,820135,920135
3.81612084965403,-0.183879150345969,0.00416254562108084,0.0104691405004039,0.145568212592563,0.11296790110653,0.103193942900032,0.101270974049445,0.191229181205098,"",0.2,4,136,820136,920136
4.5115266435085,0.511526643508495,0.00892842296003735,0.0581798774647538,0.116359316839275,0.0878835609428901,0.102324987198268,0.0810700130818477,0.193896976280451,"",0.2,4,137,820137,920137
3.92722744152437,-0.0727725584756347,0.0122610315435084,0.0196483644505422,0.0801886296210661,0.117146752442392,0.110977444938358,0.0840554822668026,0.190305579529913,"",0.2,4,138,820138,920138
4.04933927600509,0.0493392760050853,0.0168173387061234,0.0321706545451469,0.171707419652513,0.0919070425459401,0.110382267518944,0.0911135227232425,0.201549912472042,"",0.2,4,139,820139,920139
3.94935250638487,-0.050647493615132,0.0108434022574855,0.0514434305747173,0.120731010446526,0.0931782432479296,0.109430901927038,0.139531857369317,0.17504837736723,"",0.2,4,140,820140,920140
3.9447101829114,-0.0552898170886049,0.011667989119894,0.0209663922896373,0.153334422041423,0.0859088529009935,0.100654712499135,0.579143013001905,0.445065362582276,"",0.2,4,141,820141,920141
3.65793308436952,-0.34206691563048,0.00721794556370584,0.0309422251033407,0.239458860454987,0.111431876370898,0.0945770415586134,0.110015212552736,0.24991441472449,"",0.2,4,142,820142,920142
3.87196708546338,-0.128032914536624,0.00671863996997626,0.0160342716004732,0.200540965542661,0.103692762643403,0.0988816025244852,0.0740908344563245,0.180228033272374,"",0.2,4,143,820143,920143
3.92112490303044,-0.0788750969695626,0.0313012431008749,0.0277861152149245,0.201884971798608,0.103500763792743,0.112492445922229,0.154668743962618,0.229616441202772,"",0.2,4,144,820144,920144
3.95472887007601,-0.0452711299239916,0.00502420398152226,0.012092390724244,0.243083845240915,0.101049632529468,0.103013059437224,0.745896579239935,0.407796633599244,"",0.2,4,145,820145,920145
3.94341368159402,-0.0565863184059787,0.00457207388284733,0.00502664031206404,0.166118186785514,0.124825289094073,0.106637486545617,0.0725664061781566,0.208932260400429,"",0.2,4,146,820146,920146
3.71724744588909,-0.282752554110909,0.0100140361133889,0.00987158929359236,0.112469413406488,0.109565971844333,0.116054698753453,0.0905047836095412,0.202903826587709,"",0.2,4,147,820147,920147
3.96603318163708,-0.0339668183629152,0.00918920477805044,0.0210651172170238,0.120983280757461,0.103323184110282,0.108275502611043,0.0777416676274751,0.209633851823496,"",0.2,4,148,820148,920148
3.77141561767835,-0.228584382321655,0.0273891611906579,0.0124740603729497,0.0700384579542054,0.113874975521744,0.108445442036159,0.0976368516711088,0.289121839348647,"",0.2,4,149,820149,920149
4.09886345560686,0.0988634556068613,0.00951302951250912,0.00346620689910707,0.189035689358363,0.0797232871247358,0.0964234481593489,0.0980561816400572,0.200067855873951,"",0.2,4,150,820150,920150
4.50817047947168,0.508170479471683,0.00880024644155519,0.0266890966450902,0.140653366688397,0.098302865228098,0.103404737443656,0.11632280023215,0.157937269461581,"",0.2,4,151,820151,920151
4.31595480341465,0.315954803414654,0.00639681301338621,0.00127148390468704,0.13911645188094,0.0891118681518882,0.109291463784477,0.0879746220650849,0.177548815939611,"",0.2,4,152,820152,920152
3.8927950192979,-0.107204980702103,0.0430736583067383,0.00701754724746059,0.143429745962303,0.0951122666322947,0.106922974902126,0.0906558326268518,0.186916274240486,"",0.2,4,153,820153,920153
3.86535542794471,-0.134644572055294,0.000999001636239338,0.0185602948762605,0.160413317509632,0.105260577174397,0.102424522990583,0.0893980093833796,0.238895593664119,"",0.2,4,154,820154,920154
3.83151816334124,-0.16848183665876,0.0171122918360636,0.0285980048816258,0.168045894185097,0.0970856055044865,0.095705291735091,0.110701496949917,0.312484146398688,"",0.2,4,155,820155,920155
4.34373606919339,0.343736069193395,0.000335700142150452,0.106819981775649,0.117201960093179,0.0959661356669932,0.0971337314674431,0.550508955009782,0.582850072056557,"",0.2,4,156,820156,920156
3.89061288769942,-0.109387112300583,0.0259500811222942,0.020478001292827,0.166772520122002,0.0990284469262219,0.112526281996031,0.588531655636849,0.561649625961926,"",0.2,4,157,820157,920157
3.70317672018712,-0.296823279812879,0.0174109166401154,0.0118591866454485,0.0940223233005001,0.100668239090814,0.106931531707967,0.123966829844697,0.323152086613746,"",0.2,4,158,820158,920158
4.16597733378334,0.165977333783339,0.00930391377109005,0.00155757731951869,0.128553756653219,0.111528250366227,0.0980849163217444,0.10862551231041,0.17792118256663,"",0.2,4,159,820159,920159
3.98573721320109,-0.0142627867989074,0.0258981183161171,0.0276390378273428,0.17574307205846,0.106763174861405,0.101140717795982,0.0754505721882562,0.189533831698941,"",0.2,4,160,820160,920160
3.68530909142107,-0.314690908578933,0.00856634370371367,0.0514990170691828,0.184506227543187,0.0926859814413284,0.0966005020309373,0.645552923846691,0.444977937701806,"",0.2,4,161,820161,920161
4.0150690193839,0.0150690193838976,0.020786290945465,0.00396496478119035,0.133067792689612,0.0971046278847369,0.111376259669033,0.0847514783153761,0.197243994166252,"",0.2,4,162,820162,920162
4.05301265606044,0.0530126560604423,0.000914002129047881,0.039757969002783,0.138856941352778,0.0878139474197864,0.0904857166515147,0.118271396209395,0.193114198271346,"",0.2,4,163,820163,920163
4.23446442536521,0.234464425365213,0.00770645064873635,0.00451885211341888,0.190490406687312,0.0946642764147147,0.108477467382918,0.135306977206451,0.152785648479084,"",0.2,4,164,820164,920164
3.86872620591466,-0.131273794085344,0.0288454673304807,0.00996420857518643,0.227217557732776,0.0935822441716922,0.107869375590607,0.864410217757831,0.335860856146761,"",0.2,4,165,820165,920165
4.09257919016015,0.0925791901601514,0.000265760190582415,0.013836317741487,0.0868704789209798,0.0883530810215573,0.0886527402316348,0.0965675977765924,0.174091314320567,"",0.2,4,166,820166,920166
3.94494370062575,-0.0550562993742467,0.00257792437991622,0.0345413755400397,0.069452756370428,0.0936319856613566,0.101236091881924,0.0981420996346727,0.208965822195182,"",0.2,4,167,820167,920167
3.93028721483137,-0.0697127851686337,0.00433724082295658,0.00186546622005226,0.222607735386478,0.107271528098552,0.105215087478921,0.0805863685683438,0.204535579973146,"",0.2,4,168,820168,920168
3.76745968436283,-0.232540315637175,0.0120612278433551,0.0174665317944044,0.153546807362768,0.0993998066861939,0.0990653316936603,0.103049995784114,0.241875545077194,"",0.2,4,169,820169,920169
3.97975262247731,-0.0202473775226899,0.0102820231053583,0.0326786767077842,0.0708181242468019,0.092363796291363,0.10312378923967,0.0906019792474475,0.165309294618468,"",0.2,4,170,820170,920170
3.85715127894028,-0.142848721059718,0.0197927121312612,0.00515057249522136,0.0849073148553912,0.104608691204661,0.0985015626537047,0.092276971703771,0.189527379916248,"",0.2,4,171,820171,920171
4.02195360416231,0.0219536041623085,0.0192865194571328,0.00496536605700437,0.062667507812782,0.110969780001175,0.12020807533129,0.0920240397459698,0.178353446534202,"",0.2,4,172,820172,920172
4.26344223628578,0.263442236285782,0.00852120099717465,0.01370841379702,0.117711612797377,0.104054966838131,0.102240162237346,0.116288792369405,0.164503420630729,"",0.2,4,173,820173,920173
4.03983336566514,0.0398333656651424,0.00236986290535424,0.012185635816746,0.165883429937099,0.074079270134487,0.113230924768109,0.10258380397549,0.212560046922572,"",0.2,4,174,820174,920174
4.03048475032787,0.0304847503278651,6.7043906954195e-05,0.0103927749265821,0.0832439203832267,0.109371353667046,0.101543735661238,0.0724281645644881,0.200999149000295,"",0.2,4,175,820175,920175
3.82193331852265,-0.178066681477355,0.0280215652597586,0.000331144897440322,0.149210988289222,0.0797892036149293,0.0838137529416318,0.105199925450553,0.137066000590809,"",0.2,4,176,820176,920176
3.99840355590359,-0.00159644409640736,0.0275388824624692,0.144205019537736,0.186327238215641,0.0966144805622693,0.100440187119944,0.710517908374703,0.500844605601513,"",0.2,4,177,820177,920177
4.21114855498687,0.21114855498687,0.01106608173311,0.000711953137321975,0.0815432941696671,0.0935489777116084,0.0908102575849094,0.0851127889191539,0.142361151524991,"",0.2,4,178,820178,920178
4.0522005102125,0.0522005102124963,0.032586505276734,0.0354260053131439,0.16733025147164,0.108685255056408,0.0992120872651806,0.107222359823076,0.211089310898534,"",0.2,4,179,820179,920179
3.84874610348351,-0.151253896516492,0.00995457504412936,0.00662982340556109,0.119113717124886,0.0957809451268464,0.113127509999519,0.0573311908974537,0.183287625308308,"",0.2,4,180,820180,920180
3.98255385131491,-0.0174461486850856,0.0284695009479445,0.0359654654823826,0.103280312094806,0.10205228156618,0.093878915910745,0.08281392209249,0.145521888782475,"",0.2,4,181,820181,920181
3.7100345749241,-0.289965425075899,0.00271739241144112,0.0226659858132782,0.137797608999127,0.115582409513177,0.106006760881709,0.0964726549923726,0.19364426754418,"",0.2,4,182,820182,920182
3.96241969594259,-0.0375803040574105,0.0192663803486637,0.0136524253722418,0.150095742235013,0.0911634264918686,0.109512233182339,0.131073591219097,0.160209699542185,"",0.2,4,183,820183,920183
3.87338006409943,-0.126619935900568,0.00913680715855711,0.0510670613844343,0.197196189770704,0.0939316846472977,0.0981568689456916,0.827953401358122,0.413037015694049,"",0.2,4,184,820184,920184
3.76874340003596,-0.23125659996404,0.0124123355662084,0.00804420442641607,0.147209362832947,0.10585349065057,0.0971000844026585,0.781434074604757,0.4488166795788,"",0.2,4,185,820185,920185
4.09808910130305,0.0980891013030485,0.0137623636882916,0.0314437036840578,0.0711983185901808,0.0917097820859986,0.0954009637395848,0.0745100651890424,0.163217796433123,"",0.2,4,186,820186,920186
3.92524251431502,-0.0747574856849815,0.00775480765339187,0.0151205507482363,0.106221296614764,0.0991175035986178,0.104122295874482,0.0841783848875011,0.218738159017804,"",0.2,4,187,820187,920187
3.97066967791254,-0.029330322087465,0.00332149492349451,0.024118187595767,0.202257329412574,0.0979421430683743,0.102617877982747,0.101703589042089,0.204148527288654,"",0.2,4,188,820188,920188
4.03592007794309,0.0359200779430902,0.0179521427803823,0.0222371199967995,0.255928507907789,0.0992355955754201,0.0998583737899183,0.0919444787988196,0.181870035382173,"",0.2,4,189,820189,920189
4.01959285129422,0.0195928512942176,0.0135094255417849,0.0214070003022979,0.0986832324121175,0.09866992514152,0.10298146325525,0.0902670143655628,0.137637228297203,"",0.2,4,190,820190,920190
3.82436069786026,-0.175639302139742,0.0105436669895238,0.0112087255934547,0.171116508054575,0.097422042567782,0.103302473453612,0.116634603827934,0.16795212328669,"",0.2,4,191,820191,920191
3.73245181307868,-0.267548186921317,0.00839627922530506,0.0796479704715813,0.236368447624711,0.0987253097468374,0.11737310277522,0.850791298898114,0.447067074967679,"",0.2,4,192,820192,920192
4.11034568357983,0.11034568357983,0.0119687689741249,0.000766850920915024,0.134606712395185,0.0948977527257876,0.0978821573429259,0.081543855529754,0.25555655952862,"",0.2,4,193,820193,920193
3.8963200763133,-0.103679923686697,0.0107457799253365,0.0097911630355613,0.153062191318132,0.0958302652112697,0.103487264601659,0.113852838815026,0.188542671280416,"",0.2,4,194,820194,920194
4.00875722691767,0.00875722691766789,0.0101916227050516,0.0251215093022656,0.166947011972201,0.105649568295329,0.0978579646454706,0.121333223987965,0.215474867309356,"",0.2,4,195,820195,920195
4.012569753607,0.0125697536069982,0.00487035664502855,0.0292664069506735,0.102199661812986,0.109634619237613,0.111708715474462,0.116099570874857,0.252138660488548,"",0.2,4,196,820196,920196
3.90630734450975,-0.0936926554902455,0.0200530492001186,0.0223997387130598,0.167351592542124,0.0905463384491532,0.111390527037912,0.835609424125066,0.397101433485347,"",0.2,4,197,820197,920197
3.94202822684173,-0.0579717731582683,0.00336371965656346,0.00331868388383494,0.131006209373534,0.0870457083752382,0.104244026701267,0.129028361974989,0.240904806804982,"",0.2,4,198,820198,920198
4.07542426325129,0.0754242632512883,0.00298654372910412,0.0157662610557457,0.174013992120776,0.101481008978025,0.100669648669583,0.101024035790372,0.171480006234935,"",0.2,4,199,820199,920199
3.99996322442172,-3.67755782813006e-05,0.0375886734850382,0.0454636150016205,0.146799506114702,0.104315389371403,0.119695938758978,0.813866098772542,0.420686663755695,"",0.2,4,200,820200,920200
4.03678796656329,0.0367879665632893,0.0129041141628912,0.0286125754342182,0.129316293911402,0.10330287657711,0.107346771165969,0.803914554453008,0.403201392318575,"",0.2,4,201,820201,920201
4.55514426819059,0.555144268190592,0.0041464779515514,0.0258021549288735,0.149039211148157,0.0813433804790971,0.0952570033599356,0.102483308591447,0.241914575029492,"",0.2,4,202,820202,920202
4.06515174675535,0.0651517467553537,0.001828471925997,0.0196877044246219,0.0975466725187124,0.0919247228424769,0.100513001655768,0.115894172401019,0.170535540913852,"",0.2,4,203,820203,920203
3.66165312075354,-0.338346879246459,0.00863936417893074,0.0286002926149695,0.11089347607318,0.097925563124061,0.110145249665755,0.11465757709889,0.203658935087597,"",0.2,4,204,820204,920204
3.85066556132319,-0.149334438676809,0.0262823514169871,0.0286513124886535,0.147398022446973,0.0978946881619066,0.117814378011477,0.782947618234571,0.402606680636764,"",0.2,4,205,820205,920205
3.83009134676175,-0.169908653238254,0.012264591489831,0.0119052928583286,0.181102299315663,0.0901331908460926,0.109992794134882,0.086365675051571,0.248423821732232,"",0.2,4,206,820206,920206
4.51851756068726,0.518517560687257,0.0125903102118953,0.0149417086551256,0.12717466146915,0.101286257799326,0.118406128789489,0.104032005244351,0.177950273888593,"",0.2,4,207,820207,920207
4.13434782870505,0.134347828705055,0.0189732637549785,0.00367912613784882,0.125822650433862,0.0882997703143927,0.106091448349269,0.108263526339984,0.155476044780185,"",0.2,4,208,820208,920208
4.0627021130827,0.0627021130827048,0.00825269593566577,0.0205289865229629,0.136412788049306,0.0726731791741465,0.113178561394094,0.116906243087096,0.227474092396195,"",0.2,4,209,820209,920209
4.53092960878918,0.530929608789182,0.0185742536316763,0.0229771202080755,0.209975687889866,0.089243919145674,0.111660718889854,0.10290710166497,0.298795322773789,"",0.2,4,210,820210,920210
4.29700407203907,0.297004072039067,0.0399805424106303,0.0106224892873109,0.171024703986495,0.075698218388441,0.114119792696794,0.109961942550359,0.251310675782091,"",0.2,4,211,820211,920211
4.01132066937484,0.011320669374836,0.0315187605889956,0.00820537521618123,0.19165428518408,0.109006267959452,0.104654653230791,0.0687968863995253,0.203887524307192,"",0.2,4,212,820212,920212
3.76857374349227,-0.231426256507727,0.0251292931457217,0.0345831792217015,0.11580316198632,0.0909502829731649,0.100028536066896,0.119124528105261,0.231159365101653,"",0.2,4,213,820213,920213
3.99477167452238,-0.00522832547761665,0.00232046638836611,0.0455210422506139,0.0801770741177251,0.0990007298827186,0.109954066141177,0.745492069975308,0.368835212843712,"",0.2,4,214,820214,920214
3.77351468562552,-0.226485314374476,0.00254484533758648,0.0169764377589857,0.173152258729043,0.0928083097992471,0.0925334443993536,0.0740103985572634,0.167506082394147,"",0.2,4,215,820215,920215
3.62591057282394,-0.37408942717606,0.0335499326575781,0.0389259412896793,0.218336921428094,0.0902902793415546,0.104564622191501,0.113104494001568,0.180807827736514,"",0.2,4,216,820216,920216
3.91588036993318,-0.0841196300668194,0.00667057824250972,0.0336272122570557,0.112532947634477,0.11022122455443,0.0977910157911331,0.111736997410426,0.176218432686011,"",0.2,4,217,820217,920217
4.0147870060707,0.0147870060707023,0.000226119516602008,0.0146298535480406,0.0804186296565239,0.0998676439081621,0.100901149101099,0.0976184748991696,0.193091290447604,"",0.2,4,218,820218,920218
3.94482987890792,-0.0551701210920847,0.0212307470151595,0.0133611956666009,0.153588755414719,0.0973915753416457,0.112991129270765,0.0846908639039331,0.224296394610921,"",0.2,4,219,820219,920219
3.80023254413605,-0.199767455863951,0.0202720784984769,0.00204703429891784,0.206635376974155,0.104411528539754,0.123604093560301,0.106839143136196,0.212602443038912,"",0.2,4,220,820220,920220
4.24687779907567,0.246877799075673,4.50065258144061e-05,0.0223831934162604,0.107428910225972,0.103010180598475,0.112227958524424,0.117068583064605,0.159166121335969,"",0.2,4,221,820221,920221
4.02556838486023,0.0255683848602279,0.021337684423178,0.0144961335347671,0.10539719789904,0.100131160557799,0.107957783413728,0.0788578333400897,0.265196770988031,"",0.2,4,222,820222,920222
3.65440114466251,-0.34559885533749,0.00472697465570837,0.0442868878591209,0.0999752403427171,0.0954165310409127,0.120505704959816,0.116998818630152,0.143429469570325,"",0.2,4,223,820223,920223
3.63572126848486,-0.364278731515136,0.00385553691340049,0.0354004566017405,0.0990311203163413,0.097277571593817,0.104215460375418,0.0904054707315192,0.170041067689172,"",0.2,4,224,820224,920224
3.74595491461258,-0.254045085387421,0.0107615112296074,0.0218303107111245,0.180406169528319,0.0945477921090079,0.105025528133241,0.175201489903116,0.295103530365642,"",0.2,4,225,820225,920225
4.15898697116138,0.158986971161384,0.0132359414396421,0.0280553212659349,0.0853205695908733,0.102487549214135,0.108489602198428,0.0750963752546459,0.204056594201075,"",0.2,4,226,820226,920226
4.11741436735719,0.117414367357189,0.00379363143110367,0.0195020530117041,0.133835354311485,0.0909466718422417,0.100299451858068,0.0817710060163894,0.255881634729119,"",0.2,4,227,820227,920227
3.96898197279137,-0.0310180272086296,0.00837841941297013,0.0152348230834279,0.103467731548559,0.101710227785268,0.0933495946043902,0.0752455893621988,0.184007024544323,"",0.2,4,228,820228,920228
3.82244640833826,-0.177553591661736,0.0162389774199752,0.021583514484356,0.133661851811716,0.0911584211126136,0.101961183816254,0.103454202380023,0.160848051044003,"",0.2,4,229,820229,920229
4.03258933320898,0.0325893332089837,0.00994594619317801,0.00111632738284495,0.148169337610095,0.103585521254173,0.109541295562625,0.103158405705117,0.249353626918951,"",0.2,4,230,820230,920230
3.8965883652648,-0.103411634735203,0.00447164822446355,0.00234227619470226,0.095980377845205,0.086496130746714,0.0912148635187151,0.111098177013313,0.245568004489661,"",0.2,4,231,820231,920231
4.02358231922249,0.0235823192224931,0.0117262641169028,0.0270778449634011,0.107339577585447,0.102335217673289,0.112682344574723,0.0867568230184566,0.194331167404416,"",0.2,4,232,820232,920232
4.14526234962205,0.145262349622048,0.000432051160926455,0.0218070500566346,0.122097444861196,0.0830270621856757,0.107923316955731,0.103086379921137,0.229202607191011,"",0.2,4,233,820233,920233
4.0088043262116,0.00880432621159866,0.00855007541124464,0.00727594802861517,0.229228895563371,0.117062707881329,0.103960122927539,0.0928384843823794,0.179542511824562,"",0.2,4,234,820234,920234
3.87059147065807,-0.129408529341928,0.00493299729825314,0.000328283715047867,0.12165100593484,0.109683742985351,0.102793569119856,0.0857886783510724,0.186763765762914,"",0.2,4,235,820235,920235
3.74838515569303,-0.251614844306971,0.00979829332677895,0.0178020738760125,0.168732101762194,0.102149248591283,0.105450290292241,0.0786014538189135,0.196597524337988,"",0.2,4,236,820236,920236
3.71647943935096,-0.283520560649044,0.0018468798295653,0.0156989118011281,0.0812741673168623,0.0948734410072615,0.115673289923226,0.0787776250748207,0.187028607054597,"",0.2,4,237,820237,920237
4.23154967613539,0.231549676135388,0.00435485053119866,0.0109827892804103,0.107513407365455,0.0881732760818632,0.110796651823489,0.0781978766720774,0.181770604554659,"",0.2,4,238,820238,920238
4.23527885762274,0.235278857622736,0.0101264988545325,0.0385092834305103,0.125009147164794,0.0899350969739391,0.0939285645692577,0.110047827329938,0.204301894253676,"",0.2,4,239,820239,920239
3.89816096966951,-0.101839030330491,9.29891061399735e-05,0.00602564604760536,0.174628602706481,0.116418207569723,0.0894545124200813,0.822043591274739,0.382760075626375,"",0.2,4,240,820240,920240
3.72914234493384,-0.270857655066163,0.00758252881047716,0.027554126858197,0.153217991301901,0.106466042569348,0.083445812863142,0.760248147879658,0.447324744241747,"",0.2,4,241,820241,920241
3.93697159368653,-0.063028406313471,0.0164177573299025,0.0133652144255028,0.0762352928831684,0.0972511873804873,0.107289004850128,0.0918683807577339,0.162196323005722,"",0.2,4,242,820242,920242
3.91839738216567,-0.0816026178343261,0.0216230421677786,0.00398866609311063,0.31489882674355,0.11435408690356,0.101726813667766,0.776456444060581,0.414533432602804,"",0.2,4,243,820243,920243
3.68772373699422,-0.312276263005784,0.00826762054304683,0.0171084555533567,0.136138515773712,0.110160022899102,0.106914829725834,0.0778468381294665,0.199196553202313,"",0.2,4,244,820244,920244
4.08569978257592,0.0856997825759196,0.0106159552574074,0.0325687327709465,0.147924664855226,0.0833053911785988,0.109949325849705,0.748275435416121,0.418820404757769,"",0.2,4,245,820245,920245
4.01227217791967,0.0122721779196695,0.017786170651386,0.0355644668978909,0.122638798861423,0.108331285958206,0.0966300885728751,0.124071408869965,0.172418434396651,"",0.2,4,246,820246,920246
3.86017523371731,-0.139824766282686,0.0110817079223626,0.000573308201021999,0.142118702837899,0.0886965438343197,0.100501370257394,0.77926348337132,0.428458305730064,"",0.2,4,247,820247,920247
4.05190063230653,0.0519006323065296,0.00189514988698966,0.0324673126843738,0.11844473125177,0.104697947735614,0.105639222616397,0.10633697841658,0.23816761168128,"",0.2,4,248,820248,920248
3.86716832467933,-0.132831675320672,0.0101565740723207,0.000419083959978944,0.123720957330497,0.100771193262952,0.104467003345944,0.098855685413554,0.175278480698785,"",0.2,4,249,820249,920249
4.17495407435484,0.174954074354845,0.00640375320290446,0.00735498127824316,0.13527162458954,0.0881838350318129,0.111545511226409,0.152997064501358,0.305211761203326,"",0.2,4,250,820250,920250
3.83226870022578,-0.167731299774216,0.0171261786052846,0.0229747019087235,0.159368042265264,0.101337240121377,0.100552473266709,0.0655080152346234,0.202468302898254,"",0.2,4,251,820251,920251
4.03416269793521,0.0341626979352059,0.0135040716067153,0.0285528552892853,0.144423145571105,0.103574897916115,0.121343190272475,0.0794180494960065,0.202634473313795,"",0.2,4,252,820252,920252
4.21190381694754,0.211903816947545,0.0284329110035541,0.0204246461715811,0.0891191765475708,0.106335809427857,0.0957127656654345,0.0738632299275622,0.247244915158755,"",0.2,4,253,820253,920253
4.26186802197777,0.26186802197777,0.0129741650994052,0.00706481440692033,0.0912055509457328,0.110513634770895,0.103017218493617,0.0698482348883735,0.169238207200707,"",0.2,4,254,820254,920254
3.70611007540537,-0.293889924594633,0.0257009678681052,0.0229831581189307,0.106447394896695,0.110174858403873,0.11676656370908,0.156841476144866,0.249176531671727,"",0.2,4,255,820255,920255
4.23403841550254,0.234038415502542,0.0373890528743264,0.0239087014387919,0.173601939559977,0.0919723149803137,0.111200382152675,0.0835834393543459,0.231662016441454,"",0.2,4,256,820256,920256
4.23645137559194,0.236451375591938,0.0251216852322984,0.00634032924782446,0.249952030919956,0.105666711918724,0.113235598076827,0.106050157559173,0.206604394176495,"",0.2,4,257,820257,920257
3.72952516902944,-0.270474830970556,0.0159763400658594,0.0137306287012955,0.0817596585741289,0.100195986453841,0.114355506422931,0.113248929305375,0.189209404719957,"",0.2,4,258,820258,920258
3.71140516065501,-0.288594839344987,0.00024287616239993,0.0335577620071177,0.170782442977239,0.0873072595369143,0.092799779359088,0.0741364821603325,0.214694087929088,"",0.2,4,259,820259,920259
4.32869137955918,0.328691379559177,3.22934850759404e-05,0.182308993985983,0.0896546173627995,0.09075606405278,0.103066688502821,0.729817926163208,0.492244110896337,"",0.2,4,260,820260,920260
3.89869253364687,-0.101307466353134,0.00917461665458716,0.00142971084094604,0.168732932707916,0.108256105310029,0.110048652108542,0.0999445440483946,0.182036628193228,"",0.2,4,261,820261,920261
3.7584241227196,-0.241575877280399,0.0296195719218047,0.01432807691825,0.112317332636936,0.105098290314733,0.109324689179722,0.116291528720293,0.232557446254781,"",0.2,4,262,820262,920262
3.84720476782497,-0.15279523217503,0.0201443056250201,0.00251106625770303,0.103026448505103,0.0961357696900932,0.105005878273512,0.108392569540121,0.230482771829905,"",0.2,4,263,820263,920263
3.96167832541128,-0.0383216745887158,0.00466059775480931,0.0166198556838355,0.297459977623605,0.102839493878281,0.0923465284044516,0.0744377225018398,0.177702698165538,"",0.2,4,264,820264,920264
3.83988421383504,-0.16011578616496,0.00443712157416701,0.0393802550825878,0.10912190431806,0.0824555862340744,0.11043500664479,0.0936032659140779,0.281385370257844,"",0.2,4,265,820265,920265
4.12442881096083,0.124428810960834,0.0063798770722433,0.02252174077389,0.117864045076079,0.0833439020699194,0.110822427696183,0.102286897153271,0.243770593965382,"",0.2,4,266,820266,920266
3.95078735745686,-0.0492126425431425,0.0123581300664836,0.109893002646689,0.160220320513187,0.110921015060312,0.0975454996001921,0.42048089604745,0.451027160779589,"",0.2,4,267,820267,920267
3.54345482183722,-0.456545178162778,0.0351411263536865,0.00375988332843055,0.1298475351941,0.105968653935951,0.0884982417179376,0.0823519350878411,0.251835861145436,"",0.2,4,268,820268,920268
4.04839847286289,0.0483984728628908,0.00745859667028559,0.0199632337766164,0.129039192723743,0.103761589762952,0.104226992506363,0.0788489993264106,0.181495683202203,"",0.2,4,269,820269,920269
4.02875889462388,0.028758894623877,0.0178404519123142,0.0217437590281292,0.0957696178888401,0.0870079997027274,0.114271674436889,0.129410970782197,0.22470804689613,"",0.2,4,270,820270,920270
4.15683010351193,0.156830103511926,0.0119718725534887,0.00946654253154711,0.183987009850528,0.0895962747117771,0.102576971026196,0.0690947230358231,0.160688442493791,"",0.2,4,271,820271,920271
4.14841139466842,0.148411394668416,0.00215740017476485,0.00899781431082322,0.176612217269989,0.0966394864354959,0.106899641494216,0.0935551683160433,0.228035874367021,"",0.2,4,272,820272,920272
3.72030511494387,-0.279694885056128,0.00677682437915614,0.00109024920046863,0.271101547989683,0.120754107804205,0.0987309509822313,0.834776248549829,0.389035183719332,"",0.2,4,273,820273,920273
3.90632679537228,-0.0936732046277178,0.00851563437191483,0.0548852929355201,0.28640303818606,0.112196742034344,0.0899629648046174,0.838428548405288,0.41857925820445,"",0.2,4,274,820274,920274
3.81934113144003,-0.180658868559965,0.000375520439785837,0.0233460232331082,0.157182571175645,0.108765207673382,0.099098206809967,0.0849398477100521,0.15878281331023,"",0.2,4,275,820275,920275
3.99241469770401,-0.00758530229599286,0.0263782114740652,0.0169355614323022,0.131279206695887,0.0974840823356031,0.113730805961788,0.100025856878673,0.213278286649423,"",0.2,4,276,820276,920276
4.12149999319058,0.121499993190577,0.0250135584146034,0.0158210111553726,0.162296871046477,0.0891688309718265,0.120540374152379,0.0995689661514746,0.252031837443078,"",0.2,4,277,820277,920277
3.87002028964804,-0.129979710351958,0.0110137033590245,0.00705628259665972,0.123893969339633,0.0929513145207283,0.0948521593975575,0.107014920133769,0.184460243034589,"",0.2,4,278,820278,920278
4.07441087224661,0.0744108722466104,0.0257166418119981,0.0338878789456437,0.125246784939509,0.115618861514045,0.120943879759025,0.092451723253128,0.179659019568899,"",0.2,4,279,820279,920279
4.18953121778791,0.189531217787906,0.0402906252201841,0.00424177134137202,0.147355680104741,0.106224307419731,0.098422392803123,0.0995290351148549,0.153500567833882,"",0.2,4,280,820280,920280
4.21947803750576,0.219478037505762,0.0115759419128087,0.0241089524530962,0.142412847546374,0.0914732971976883,0.0978052564676651,0.761070588962359,0.445309978122832,"",0.2,4,281,820281,920281
3.97708275977722,-0.0229172402227751,0.00668000716195072,0.00824659314523365,0.11844235486921,0.0936159011398137,0.0930467755835985,0.0839581424915981,0.20563486417029,"",0.2,4,282,820282,920282
4.15034870515351,0.150348705153511,0.00126099997832099,0.00594895857893787,0.134262030399086,0.0919380596367604,0.101159924238643,0.0813264878043994,0.176111885413483,"",0.2,4,283,820283,920283
3.90801860913433,-0.0919813908656701,0.0301928452293244,0.0363569556933938,0.199011853362975,0.110565572215996,0.0878099111944549,0.0981275423153913,0.184203810494549,"",0.2,4,284,820284,920284
3.91987694184207,-0.0801230581579278,0.00509100214827771,0.0172270719877935,0.13237422614044,0.0974453785686705,0.106642249533216,0.0932847238121497,0.221362998817303,"",0.2,4,285,820285,920285
4.08530079740275,0.0853007974027502,0.00101641239822903,0.0307256011759427,0.104594318703093,0.0996898292325074,0.107303217659286,0.0844299461606615,0.194224725346528,"",0.2,4,286,820286,920286
4.08004408395618,0.0800440839561771,0.0150817262630404,0.00708335166952809,0.124347258621196,0.0936736734836955,0.107862331898701,0.0808695590766526,0.188820636195502,"",0.2,4,287,820287,920287
4.09440435566179,0.0944043556617942,0.0052474502265368,0.00621832425514846,0.0992891251983954,0.0884345855764119,0.120157086819183,0.0833072440178375,0.155397245877089,"",0.2,4,288,820288,920288
4.22235418986758,0.222354189867575,0.0149896842858791,0.0142177012957594,0.101973897408763,0.104170047498122,0.102234448047083,0.0867895628803362,0.187270470918404,"",0.2,4,289,820289,920289
4.08366750800855,0.0836675080085545,0.0226182388640014,0.223877451110841,0.170511821392901,0.0851598838863363,0.10597787997267,0.39786374668617,0.510517786677637,"",0.2,4,290,820290,920290
3.96374972860856,-0.0362502713914372,0.0116879734516355,0.0198586739542909,0.169535616632493,0.120630017873965,0.0980432371765572,0.0787554027225222,0.226793213162159,"",0.2,4,291,820291,920291
4.03262163316606,0.0326216331660643,0.0286250396877713,0.00189674187656574,0.190226785132669,0.09409075870203,0.104364424926696,0.119304649258664,0.171565154123063,"",0.2,4,292,820292,920292
3.90536586633626,-0.0946341336637446,0.000574086481157393,0.039262742822607,0.150557280951785,0.0949379100966608,0.110759416766728,0.101080542292215,0.25808813577776,"",0.2,4,293,820293,920293
4.44738524817152,0.447385248171525,0.00940812244959102,0.0475892502600079,0.125930162284415,0.0848221945877352,0.105778206991544,0.112861892179382,0.150233882734278,"",0.2,4,294,820294,920294
3.98355488195277,-0.0164451180472311,0.0109849154704083,0.0306389785603914,0.187613675649631,0.0717799941989702,0.0987597306605983,0.067466254526514,0.231004843572997,"",0.2,4,295,820295,920295
3.58452877955108,-0.415471220448923,0.0101967093079025,0.0114633456315682,0.151154156608992,0.107648347532521,0.108692082728663,0.100523128870098,0.224010999101991,"",0.2,4,296,820296,920296
4.29090125119209,0.290901251192088,0.00933175167205402,0.00768987632358573,0.17771726408725,0.0830244321436288,0.100418885185229,0.110077938112292,0.202978635621044,"",0.2,4,297,820297,920297
3.92780704100451,-0.0721929589954926,0.0210072285925094,0.208453724270661,0.155145446364991,0.089886216030958,0.10955681862857,0.40457152167016,0.533010682829434,"",0.2,4,298,820298,920298
3.79309827997067,-0.206901720029332,0.0260327511690156,0.0325575080837226,0.242551344274864,0.104747969748373,0.110354146767076,0.0777520431397828,0.194797170033083,"",0.2,4,299,820299,920299
3.93283351703895,-0.0671664829610474,0.00743633684783532,0.00810383817047033,0.114245432744322,0.0965787152144224,0.089474370071064,0.0984632372701175,0.189885205561664,"",0.2,4,300,820300,920300
3.88882212916093,-0.11117787083907,0.0155075643806923,0.0301732426860504,0.282869088336235,0.0893849700375887,0.112572072879566,0.668208112457254,0.498199987770922,"",0.2,4,301,820301,920301
3.74814350770681,-0.25185649229319,0.0138664781195384,0.0341456947838016,0.182484829326048,0.102244909870045,0.103207024787409,0.102197357571145,0.239910535879041,"",0.2,4,302,820302,920302
3.71018142795002,-0.289818572049975,0.0128716754757106,0.0177563934947169,0.099547737597347,0.10565224093492,0.0991891263134407,0.122360699905117,0.202945657881029,"",0.2,4,303,820303,920303
4.05612128856662,0.0561212885666169,0.00211429017819786,0.0147466583280325,0.120942281033938,0.098921574870122,0.111480581007939,0.134787365929848,0.238276764399571,"",0.2,4,304,820304,920304
4.20207910621722,0.202079106217222,0.0532029442438398,0.0447200104169363,0.115896766089505,0.0725806004369535,0.0944515628668375,0.103491650451811,0.151804063602269,"",0.2,4,305,820305,920305
3.91693028576663,-0.0830697142333707,0.00275890543738899,0.013786442514547,0.207074987910894,0.121819403725844,0.0876781128888657,0.139032858478842,0.225709749756551,"",0.2,4,306,820306,920306
3.87396163031973,-0.126038369680266,0.034667732251898,0.00805613761746515,0.0618927552370719,0.11428726970555,0.115243695482067,0.0911141412861718,0.147372869475809,"",0.2,4,307,820307,920307
3.96607599630032,-0.0339240036996817,0.0324349432978357,0.0288349032827719,0.219284274367107,0.0936893431770893,0.109248075823743,0.108165468270596,0.200663688259414,"",0.2,4,308,820308,920308
3.92329928584263,-0.076700714157365,0.0283955253035273,0.0485309050908272,0.103711530535455,0.0928932681351338,0.110066097075708,0.129641114335001,0.20876279265411,"",0.2,4,309,820309,920309
3.91192386076978,-0.0880761392302203,0.00687226561219145,0.0353501442098355,0.264751837704692,0.107461424132232,0.107175110058295,0.0947491441074759,0.210987643323097,"",0.2,4,310,820310,920310
3.88672321701244,-0.113276782987557,0.00312289888127562,0.0387675254275434,0.246223067172047,0.104633346569811,0.097600849020708,0.53175444604902,0.500582324111914,"",0.2,4,311,820311,920311
4.01084554368749,0.0108455436874859,0.00702608792217715,0.0251004079486906,0.0796201686939225,0.114918224228636,0.110895726887278,0.0915028363613726,0.174979806815629,"",0.2,4,312,820312,920312
3.76718600588536,-0.232813994114641,0.0136911605922957,0.014992599019535,0.109642365845654,0.0919851062018715,0.103742860059293,0.083436028224683,0.182977713351754,"",0.2,4,313,820313,920313
3.92256074143478,-0.0774392585652186,0.0160030895337688,0.0124362884878092,0.14295077414048,0.0968394767981734,0.109202845426089,0.7829755076949,0.44846023612287,"",0.2,4,314,820314,920314
3.94656210785853,-0.0534378921414738,0.019081606842835,0.00293797792711226,0.144191368360028,0.0898551033708688,0.0962579741340294,0.100420555334505,0.183554904196687,"",0.2,4,315,820315,920315
3.99802665500724,-0.00197334499275792,0.0173568311381596,0.0574752445829647,0.171418496263669,0.107080143626478,0.101620549262194,0.115684625301824,0.170283214787341,"",0.2,4,316,820316,920316
3.68964907629305,-0.310350923706954,0.0113319262373662,0.0255421715603089,0.170301405928305,0.113153312377696,0.104765686189808,0.22467122511454,0.367878349232792,"",0.2,4,317,820317,920317
4.12931703050066,0.129317030500656,0.0230980787466508,0.00227408789754677,0.115040314181365,0.0862932265582846,0.101827732750725,0.100477722480629,0.198359196320328,"",0.2,4,318,820318,920318
4.16685809909483,0.166858099094833,0.0152649790097775,0.010740624828975,0.271956252865782,0.0921936376281307,0.0985797744367775,0.0955365049593345,0.25023679119181,"",0.2,4,319,820319,920319
3.98187687368665,-0.018123126313351,0.00881435062479821,0.0715605513135761,0.326533230982674,0.0961592383925324,0.116603508891172,0.524617813753981,0.523584836566528,"",0.2,4,320,820320,920320
3.96436403766548,-0.0356359623345233,0.00900083675426075,0.0306590560737419,0.104375026841821,0.103016639032248,0.103521004664259,0.754111701445725,0.393339489655948,"",0.2,4,321,820321,920321
4.27238203515199,0.272382035151988,0.0019571035969608,0.263223404128871,0.2702305719635,0.0922044298351209,0.0979074494713131,0.617061711072377,0.59268573897936,"",0.2,4,322,820322,920322
4.59385870403412,0.593858704034118,0.00418454917447733,0.00911978010087722,0.0567256284866108,0.0818300761823906,0.0951815400462989,0.0918313372862271,0.176575929184272,"",0.2,4,323,820323,920323
3.94059812299587,-0.0594018770041309,0.0136569813184044,0.000199225331106306,0.229548794136273,0.093814408381039,0.112533674589259,0.10089794010696,0.191080515355136,"",0.2,4,324,820324,920324
4.30470259660854,0.304702596608545,0.0148744356090401,0.0596421657369574,0.174871970233235,0.104454849734243,0.103917672353712,0.844150061573488,0.408784202051969,"",0.2,4,325,820325,920325
4.21284571456362,0.212845714563622,0.00472761406402955,0.0315631429733781,0.12414442883753,0.0805312686699078,0.0958017853688066,0.0950976970764688,0.188204469814503,"",0.2,4,326,820326,920326
4.06148770825654,0.0614877082565375,0.0168814861882094,0.0260181099724068,0.137299600131198,0.108903891401788,0.100463439276645,0.170476714102284,0.179141053531719,"",0.2,4,327,820327,920327
4.04679729457112,0.046797294571121,0.0229304744553287,0.0264189926208238,0.223754289104785,0.0965746172177061,0.101359457073299,0.541626994817512,0.51887297625106,"",0.2,4,328,820328,920328
3.75452586431927,-0.245474135680729,0.00675671614176857,0.00260311175483441,0.138050031342967,0.117183835420958,0.10025895175051,0.0797103122119285,0.220388925604482,"",0.2,4,329,820329,920329
3.80805242961179,-0.191947570388213,0.00887181153924388,0.0260770957563009,0.196071729187454,0.110288383304169,0.100575833354272,0.0683852114243579,0.190542602476531,"",0.2,4,330,820330,920330
3.95512470575909,-0.0448752942409074,0.00964279298035411,0.0149677151495163,0.246508585498249,0.0874877685374606,0.11391365429079,0.832054903460146,0.441402728576233,"",0.2,4,331,820331,920331
4.15557447035682,0.155574470356819,0.00931022936836157,0.0158619545659697,0.166107227264087,0.0954890732908433,0.109603490810742,0.0737367545649398,0.201248736167154,"",0.2,4,332,820332,920332
4.14209441997047,0.142094419970468,0.00396543292305526,0.018604286765376,0.0769964607239572,0.0889444951096315,0.115207920233523,0.0824349240269767,0.176704603827263,"",0.2,4,333,820333,920333
3.80731360285462,-0.192686397145378,0.0294051567694834,0.0127424145141014,0.171264653157292,0.0916830882283255,0.096885032514006,0.0823647257648593,0.219033208633143,"",0.2,4,334,820334,920334
3.94155874364473,-0.058441256355275,0.00893943598323421,0.00222598579278063,0.115152546791501,0.0888338837380108,0.0888524646791385,0.081258054754176,0.246801863311849,"",0.2,4,335,820335,920335
3.99931719743009,-0.000682802569905938,0.00604540169090728,0.00775547564095438,0.13328197778127,0.0936619523316442,0.121513470551849,0.0912930617231417,0.174318454254596,"",0.2,4,336,820336,920336
3.86103728994203,-0.138962710057968,0.0100533160731524,0.00701790211132036,0.104969156163898,0.0970676207134084,0.108307494357095,0.0928784508194944,0.239956522241156,"",0.2,4,337,820337,920337
3.88787982185021,-0.112120178149791,0.00771163146711698,0.0173237942198684,0.124620903340354,0.117981183268071,0.105458206118151,0.11461267824499,0.282822765546098,"",0.2,4,338,820338,920338
3.64931808633977,-0.350681913660232,0.0103559860358843,0.0139542163534326,0.0929407442362331,0.114588405681173,0.111444220691129,0.0784192047137974,0.21227549644836,"",0.2,4,339,820339,920339
3.82095910314722,-0.179040896852783,0.0260520589120478,0.00747850281570439,0.15482839971628,0.101001848923335,0.106840112632069,0.0748579620369182,0.14376949675011,"",0.2,4,340,820340,920340
3.55985942908575,-0.440140570914254,0.0154191432495848,0.0144883011933522,0.164456480500643,0.106975065397303,0.0938420161808146,0.0849267808994456,0.159664030283994,"",0.2,4,341,820341,920341
4.00906388883414,0.00906388883414166,0.0134591710488638,0.0654218760693028,0.122243945073743,0.0885381875569679,0.0924443298114207,0.0747663479441963,0.157318837005811,"",0.2,4,342,820342,920342
3.9646894193052,-0.0353105806947984,0.0257823937437954,0.0105536113227601,0.218418760908046,0.087794744515575,0.113733674684726,0.47282616074613,0.420104705713958,"",0.2,4,343,820343,920343
3.9711093160332,-0.0288906839667988,0.00352206492257434,0.0239905077762949,0.1141900532593,0.0991811137866427,0.10251662071198,0.0966242832086838,0.157412522886098,"",0.2,4,344,820344,920344
3.88664650473764,-0.113353495262357,0.0136328696686788,0.0569379655293349,0.293156278537984,0.11012232016238,0.119184110579857,0.0984913891817813,0.208019651058447,"",0.2,4,345,820345,920345
4.11836079475587,0.11836079475587,0.00369739350622833,5.86741315601325e-05,0.107503891507597,0.102475433507419,0.118656946511034,0.085163612284172,0.175464745898923,"",0.2,4,346,820346,920346
4.26541123013001,0.265411230130012,0.0153227737617619,0.00167965450395433,0.287230354964669,0.0885090172560108,0.0958923658692451,0.868045401620266,0.419245750792559,"",0.2,4,347,820347,920347
3.86480159868869,-0.135198401311307,0.016473174435765,0.027568128005086,0.105585078358455,0.0956509450200895,0.105339801010663,0.107599150993385,0.180064258712821,"",0.2,4,348,820348,920348
3.83423675437102,-0.165763245628977,0.0126853543609752,0.0617294852624042,0.173242698128866,0.122357238456994,0.109372658145433,0.0764745961965613,0.198788854080424,"",0.2,4,349,820349,920349
3.93264613548832,-0.0673538645116771,0.00533590174714674,0.0621737327923616,0.0752785915286214,0.0923184464019623,0.106468267837815,0.108972215306937,0.19546997762308,"",0.2,4,350,820350,920350
3.84696627518786,-0.153033724812138,0.00248658929901757,0.0192924450353394,0.154130855818869,0.101686951447048,0.105897779133013,0.171269821078301,0.331751629396912,"",0.2,4,351,820351,920351
4.40110718955647,0.401107189556473,0.0343869487257983,0.000530216205339884,0.0867409733408364,0.0973689775320582,0.108349207608282,0.0760615167612612,0.197162095181923,"",0.2,4,352,820352,920352
4.08663788856734,0.0866378885673358,0.030192412132765,0.00438206902938895,0.13822762210223,0.0885343580727779,0.100193009028849,0.103233330902654,0.231550419376875,"",0.2,4,353,820353,920353
3.87000326150088,-0.129996738499123,0.0386792804359682,0.0580235155311459,0.131578974429383,0.0894453197711528,0.110559044164803,0.0997835368221719,0.207743682316156,"",0.2,4,354,820354,920354
4.21214554748038,0.212145547480381,0.0151595884409544,0.0244404953437316,0.169129973383205,0.102108517254767,0.105276258454369,0.0842513130956484,0.193457800128237,"",0.2,4,355,820355,920355
3.89731613066457,-0.102683869335428,0.00673404186048362,0.0888112044225572,0.198566757131277,0.0974538798114415,0.103968551011629,0.45601852669462,0.473654753951111,"",0.2,4,356,820356,920356
4.09067344077451,0.0906734407745136,0.0213658516401011,0.0103458277663288,0.106417628862421,0.109450926576105,0.0999303879455439,0.0939399529444316,0.221976853152034,"",0.2,4,357,820357,920357
3.65802677579698,-0.341973224203019,0.0338198604514515,0.01423305728942,0.0905693914826946,0.0997160075129277,0.117221528705215,0.0827352610389688,0.205766207240041,"",0.2,4,358,820358,920358
4.15600548896505,0.156005488965046,0.0205538973104431,0.0514575240416776,0.14662910882214,0.0827236530495753,0.0980089697769758,0.0870854155962423,0.192882393844434,"",0.2,4,359,820359,920359
3.8772680592327,-0.122731940767299,0.0198013639986959,0.0184689633388427,0.109426523781451,0.0954867908267988,0.102832921409375,0.11676586471608,0.209758959790002,"",0.2,4,360,820360,920360
3.76059365643892,-0.239406343561083,0.0108238509372153,0.00277211695441804,0.265141463480187,0.105152176670356,0.095043588183903,0.129222956024518,0.233375934609237,"",0.2,4,361,820361,920361
4.08020176727074,0.0802017672707418,0.0349237638613043,0.0056211056375344,0.247103854490694,0.103522158133808,0.108134973213826,0.106390858996754,0.190751095452447,"",0.2,4,362,820362,920362
3.81313510334776,-0.186864896652239,0.000188758352690721,0.0223542436359024,0.143887959133698,0.0991207071005393,0.10587759406065,0.0961403973237497,0.19201383325585,"",0.2,4,363,820363,920363
3.79452243939276,-0.205477560607241,0.0259015833113998,0.0212689425670912,0.212239648121148,0.108031345563988,0.101632996081347,0.0936821187756239,0.2346721006856,"",0.2,4,364,820364,920364
4.35531609353969,0.355316093539692,0.0117212509375919,0.0394747624233289,0.188838931613778,0.0866442000164628,0.110810108126687,0.705238505163104,0.454423284359523,"",0.2,4,365,820365,920365
4.09219946103827,0.0921994610382662,0.0244412377118338,0.0147975077834684,0.0588577430792336,0.0938231835515024,0.10650607058261,0.0773510135464377,0.220924944875329,"",0.2,4,366,820366,920366
3.81307570509616,-0.186924294903843,0.00413706071892414,0.0351690634959472,0.198428068447184,0.0924498218361453,0.124244003283877,0.074758334932287,0.210616411463933,"",0.2,4,367,820367,920367
3.87570750353523,-0.124292496464766,0.00162049134559017,0.00486473184272362,0.141240518901984,0.10935941026048,0.101864186929226,0.0887083199756093,0.202124571700102,"",0.2,4,368,820368,920368
4.22563397057397,0.225633970573969,0.00351894057957602,0.00485045830615638,0.150021257157996,0.103581611429599,0.0972955158542673,0.0805823209422648,0.165735342416083,"",0.2,4,369,820369,920369
4.05513454432988,0.0551345443298796,0.0113024694164146,0.0228830123093217,0.122495768335711,0.0926918870511626,0.101432337159592,0.103530333419374,0.19217340747604,"",0.2,4,370,820370,920370
3.91189685750304,-0.0881031424969625,0.00287132403099852,0.0195338505006801,0.100527152497161,0.0903586569812111,0.0976363584844363,0.0843962444338052,0.200144112194178,"",0.2,4,371,820371,920371
4.16183762195079,0.161837621950785,0.00914846945438771,0.00739760332563907,0.184003386361263,0.104819607472448,0.0993376091888493,0.0902900907018657,0.188829638845596,"",0.2,4,372,820372,920372
3.65857009562635,-0.341429904373646,0.00821177049116495,0.00264443144278323,0.17974056724501,0.103313590178092,0.116884288915167,0.790657293475295,0.397849659298209,"",0.2,4,373,820373,920373
4.03624324150751,0.0362432415075071,0.0155671403550418,0.0207398065516121,0.179619973267223,0.0855745623597631,0.10263321163604,0.316931121030707,0.476356278025177,"",0.2,4,374,820374,920374
4.17139924742477,0.171399247424769,0.0106144426750114,0.0215598695909542,0.175945917375273,0.113978233743736,0.0989043725638053,0.0738432134672875,0.175632524514132,"",0.2,4,375,820375,920375
3.77453513100021,-0.225464868999786,0.0131771966173374,0.0156187701227141,0.133674337142601,0.102049437178045,0.103784480497898,0.0964354134233133,0.185290052078466,"",0.2,4,376,820376,920376
3.96680242279583,-0.0331975772041657,0.0176267065935531,0.0414187417681966,0.228954463916782,0.0954172918386443,0.124386146829821,0.121441098139678,0.182822686874567,"",0.2,4,377,820377,920377
4.19854078509296,0.198540785092956,0.00168559716522487,0.00291271982578276,0.0944144044218737,0.0932732361699678,0.103449525555978,0.101121988571992,0.226681642734182,"",0.2,4,378,820378,920378
4.48512471849274,0.485124718492736,0.00202989762912997,0.0566441463788144,0.0607593159096409,0.0798014185050197,0.109243463968544,0.0871615568630251,0.202101229822973,"",0.2,4,379,820379,920379
3.8672852646192,-0.132714735380797,0.00309770286620259,0.00707585998578822,0.0898963085111604,0.089128568372418,0.110477162891864,0.0985352533909352,0.224432531665715,"",0.2,4,380,820380,920380
4.01382504934947,0.01382504934947,0.0407036744292469,0.0508178723598327,0.196292371736123,0.102031057383155,0.102570351318109,0.161630222812471,0.216290447982297,"",0.2,4,381,820381,920381
3.79900114047623,-0.200998859523768,0.00461322988780877,0.0279169450844595,0.105022791398496,0.102581032927501,0.135424207921377,0.0953693192542689,0.191902137622519,"",0.2,4,382,820382,920382
4.02448294089561,0.0244829408956102,0.0134855496608525,0.0263090941443513,0.162342831412491,0.100974960564841,0.109525504635587,0.694262603453119,0.399812963908723,"",0.2,4,383,820383,920383
3.7129333896709,-0.287066610329099,0.0161233163595879,0.0191227415544205,0.169010883322497,0.0785996912824371,0.105843728343554,0.097154903780811,0.165957334625759,"",0.2,4,384,820384,920384
3.74991097836548,-0.250089021634518,0.01544302347211,0.00848420939019315,0.091702515976134,0.0823074765817903,0.106794555591833,0.124757606291932,0.247411860906447,"",0.2,4,385,820385,920385
3.84845494431631,-0.151545055683692,0.0115060224423293,0.015507526611043,0.154970260057267,0.0873183690404762,0.103949542942186,0.13626455630488,0.199940947836777,"",0.2,4,386,820386,920386
3.52848135117552,-0.471518648824479,0.0509029382309699,0.0176818706688501,0.156277159619495,0.115482240826252,0.105309547534881,0.0982155561681468,0.199509586360908,"",0.2,4,387,820387,920387
3.9241843484967,-0.0758156515032957,0.00308228061378113,0.0110487147533349,0.189448242430295,0.0879944716258985,0.095699400851132,0.850433631225893,0.370687344099336,"",0.2,4,388,820388,920388
4.3678581656045,0.367858165604498,0.0225680382076956,0.0268153603737916,0.12930632224014,0.097973694378064,0.101142436626979,0.741655522513688,0.453367643083643,"",0.2,4,389,820389,920389
3.78263575544356,-0.217364244556441,0.00967015817161612,0.0147064994981194,0.133934341372386,0.108305338046382,0.0920311593363786,0.100329564665188,0.172048354760227,"",0.2,4,390,820390,920390
3.77814822646558,-0.221851773534419,0.0108540515931562,0.0166985788645149,0.161303862684235,0.108716491102278,0.0991927003581901,0.118005613037996,0.243599973520028,"",0.2,4,391,820391,920391
4.09979576998451,0.0997957699845067,0.0101767786719223,0.0202294276479146,0.14503996687413,0.0885780224027374,0.0923865521425459,0.789459611918661,0.425944654023685,"",0.2,4,392,820392,920392
3.95421302389016,-0.0457869761098428,0.00582237677036337,0.0211865093356277,0.155533480179615,0.0911366838340621,0.108852128674749,0.0907758449127813,0.186002629936699,"",0.2,4,393,820393,920393
4.00540895149471,0.00540895149470533,0.00934033646022428,0.0193776523106756,0.0839368632564846,0.0977538451280076,0.0945725298408217,0.120908179505555,0.17111284745105,"",0.2,4,394,820394,920394
4.09796818787277,0.0979681878727652,0.00944315690767913,0.0126607454270804,0.112402246662487,0.0961581543978463,0.108824836255452,0.089146145016666,0.19647880154663,"",0.2,4,395,820395,920395
4.01560731697605,0.0156073169760518,0.00747171261460589,0.0248240450024042,0.0719792628607136,0.115744061000262,0.0986493100619374,0.0782376082772062,0.178765621690707,"",0.2,4,396,820396,920396
4.10518845253431,0.105188452534306,0.00787235364251104,0.0579666808802524,0.101154165935325,0.0903623870478758,0.0994737965190594,0.085859203422491,0.170750633919096,"",0.2,4,397,820397,920397
3.63122451965676,-0.368775480343237,0.00534250074214837,0.0169025280162272,0.122799016511889,0.0909744635511453,0.0932033883070228,0.106240025100255,0.193585591469743,"",0.2,4,398,820398,920398
3.87753102644083,-0.122468973559167,0.00587670496091366,0.0118296915343524,0.111224567059544,0.0841914391009408,0.105004988133291,0.0826684567889386,0.220525357917952,"",0.2,4,399,820399,920399
4.0288362374625,0.028836237462504,0.00203378785674391,0.0268874413958686,0.18880241761415,0.111934683388488,0.107492290819963,0.561192196763835,0.460003471057167,"",0.2,4,400,820400,920400
4.07444674845115,0.0744467484511526,0.00999756961284815,0.00407018457051175,0.262465025050861,0.0858781433930127,0.099190384292595,0.081007658711355,0.199204488055348,"",0.2,4,401,820401,920401
3.85097154013001,-0.149028459869986,0.0210214196065821,0.044319892110487,0.187424648910356,0.0999015764776635,0.094814191995408,0.0811369466645101,0.162329052163107,"",0.2,4,402,820402,920402
4.24489283040947,0.244892830409467,0.0119179705726361,0.00486574882607246,0.175499593491768,0.0889325676520418,0.0975536343860194,0.116833690948971,0.28838104793576,"",0.2,4,403,820403,920403
3.61671861051636,-0.383281389483644,0.00530659895094768,0.0244534459650646,0.0901195219794041,0.0916981523624564,0.124373898926659,0.118888633194064,0.169161870877137,"",0.2,4,404,820404,920404
4.176838867729,0.176838867728996,0.0130304672042126,0.0227359220199235,0.198699241979088,0.0962603917754097,0.096691349102189,0.11175281884209,0.163676571031823,"",0.2,4,405,820405,920405
4.01955452829428,0.019554528294278,0.0149410096196092,0.00930343570286277,0.0947128712739262,0.107732905449489,0.11016500032149,0.084617076739985,0.158299070668468,"",0.2,4,406,820406,920406
4.09386017389454,0.0938601738945382,0.0217802326229063,0.000883261029618554,0.182104942669796,0.108674727834518,0.116146902714777,0.7304655892891,0.408929582651232,"",0.2,4,407,820407,920407
3.85999973642616,-0.140000263573835,0.000760679915685625,0.0324336347481045,0.175548279809467,0.0963571279437728,0.100876811865335,0.0760139178492575,0.171754150842628,"",0.2,4,408,820408,920408
3.94801130251451,-0.0519886974854891,0.000847933115628446,0.000344898825186069,0.0800438181182895,0.105864729832522,0.113201273097368,0.0768345810714513,0.162058325566977,"",0.2,4,409,820409,920409
4.4761321221769,0.476132122176897,0.0182296729778968,0.000336472006460364,0.211359198121642,0.0959316740343133,0.107252594134494,0.11555802915293,0.243003338020535,"",0.2,4,410,820410,920410
3.90477285112269,-0.0952271488773069,0.0279838763349688,0.168473303297656,0.166674186373408,0.0961634973888752,0.10212528064149,0.805477283726196,0.39160757847183,"",0.2,4,411,820411,920411
4.44257826910091,0.442578269100911,0.00821084971089156,0.0383463684003406,0.131842785855875,0.125698109110682,0.108541054833265,0.0978884657100348,0.196060100714798,"",0.2,4,412,820412,920412
3.45785659645845,-0.542143403541545,0.00538874869406236,0.0152108226965845,0.0911315338041645,0.121501017230725,0.10208265846698,0.0690024782071847,0.18735635178085,"",0.2,4,413,820413,920413
3.6545021717632,-0.345497828236798,0.0156835387114068,0.0371367705252593,0.112646885670362,0.111209840275288,0.106328178459585,0.783433992254651,0.403674145322114,"",0.2,4,414,820414,920414
4.12049437145912,0.120494371459122,0.00287785349483224,0.0369184985663678,0.0997716435814776,0.0856940584659003,0.101022553725158,0.0909568329444039,0.206240177375721,"",0.2,4,415,820415,920415
3.98379633030265,-0.0162036696973487,0.0063906983212545,0.0293674595104561,0.128016500525942,0.103680026269673,0.103169446634788,0.0893827962222762,0.172840048522998,"",0.2,4,416,820416,920416
3.84116365842024,-0.158836341579764,0.0107218838955181,0.0273375183052993,0.23946013450803,0.0947755331683665,0.0975749798599872,0.812254939833576,0.392068720346026,"",0.2,4,417,820417,920417
3.75396519458262,-0.246034805417382,0.00317116924276248,0.0139160025956175,0.12266208178927,0.0951908363868726,0.108435251560428,0.0790518522035656,0.175273924478038,"",0.2,4,418,820418,920418
3.7297484396542,-0.270251560345801,0.00575183293441053,0.0324428860937432,0.205287843045118,0.0904722718771298,0.108570354789512,0.0759150736741162,0.188526022495814,"",0.2,4,419,820419,920419
4.08848257091212,0.0884825709121166,0.00107852808100528,0.0348403854064214,0.0845997388497881,0.106709295327204,0.106520787156918,0.089684845531183,0.187027722143781,"",0.2,4,420,820420,920420
3.70101276839765,-0.298987231602354,0.0149335306378262,0.0121000218748131,0.177639563565204,0.103502835603393,0.10075227103692,0.0871655164038733,0.198271652322093,"",0.2,4,421,820421,920421
4.3049420800934,0.304942080093404,0.00125095700904254,0.0400205688443403,0.114306592276126,0.0930455920930164,0.0964151552643757,0.0975695345300465,0.187709067822714,"",0.2,4,422,820422,920422
3.9811368437519,-0.0188631562480972,0.0265697583151246,0.0148369074485144,0.236248358941626,0.0886919710275877,0.0933364286213239,0.126593933580163,0.183852873556454,"",0.2,4,423,820423,920423
4.324585019408,0.324585019408001,0.00341866750972186,0.00302225666442368,0.18825653488393,0.0905057905559331,0.0987261339763576,0.0783924985366589,0.207235715644674,"",0.2,4,424,820424,920424
4.04401186875756,0.0440118687575604,0.0286203401352828,0.0168411671522668,0.0827539318355338,0.0843696512592873,0.108656412240102,0.116985323193277,0.179729067282428,"",0.2,4,425,820425,920425
4.2069555504002,0.206955550400203,0.0123105255310727,0.020740252124876,0.0855118569178103,0.0970702872194093,0.108948239024239,0.080184177832932,0.138839750070595,"",0.2,4,426,820426,920426
4.16783958911572,0.167839589115717,0.0174508268807313,0.02236932081546,0.155449796823424,0.0828183393182892,0.111564205963154,0.0776637340216293,0.212022600112008,"",0.2,4,427,820427,920427
3.95864895248319,-0.0413510475168146,0.00229142506603253,0.00144580819463638,0.214923003057081,0.091893037334437,0.110512759861218,0.103310194365268,0.260212601734569,"",0.2,4,428,820428,920428
3.91988478128296,-0.0801152187170384,0.004045684396663,0.0495466743559474,0.166591620884895,0.11298078352022,0.0988057900152523,0.145469170556717,0.310196481377629,"",0.2,4,429,820429,920429
3.96850624547447,-0.031493754525532,0.0134702585532455,0.0313973792586169,0.11801314636969,0.109146999314564,0.104839038987319,0.869910152231994,0.392705398251127,"",0.2,4,430,820430,920430
3.93303575666889,-0.0669642433311122,0.000932701478208342,0.0265516476723707,0.220288622082456,0.0983852601806984,0.110127185553331,0.779341298908408,0.399367269159435,"",0.2,4,431,820431,920431
4.06036624542814,0.0603662454281446,0.00282743729856638,0.171469384199614,0.211651976997836,0.0891854136023951,0.0936070040311529,0.302264008482458,0.352630255575204,"",0.2,4,432,820432,920432
3.82878022727175,-0.171219772728252,0.0146544817178988,0.10131965546237,0.163106690270615,0.0748410364140183,0.0828669363874332,0.435770488710746,0.476731168587335,"",0.2,4,433,820433,920433
3.95737454769116,-0.0426254523088403,0.0208605800585477,0.0174196436159996,0.132640568920738,0.0987704867179943,0.091305966146065,0.0842935502062976,0.202206368501522,"",0.2,4,434,820434,920434
3.81030155169672,-0.189698448303283,0.015506544428088,0.0137622987073811,0.280142304287316,0.0950935997603169,0.098426404925624,0.0913976033560292,0.210618569743075,"",0.2,4,435,820435,920435
3.71064855945205,-0.289351440547946,0.0111971988295509,0.00821246141609056,0.237334130362933,0.104891516313151,0.114147517971005,0.113005822296292,0.164511314774167,"",0.2,4,436,820436,920436
4.03592864735432,0.035928647354317,0.0243047306375705,0.0226026298127794,0.16866337236073,0.0858917743654613,0.0971140540009979,0.110954650743918,0.180574242043614,"",0.2,4,437,820437,920437
3.72599568436981,-0.274004315630188,0.00639359405885143,0.022708498363347,0.12282415916591,0.103074582510525,0.107493816380432,0.102823220476212,0.176024604436722,"",0.2,4,438,820438,920438
4.17435175909081,0.174351759090809,0.0230109451303734,0.0122292313990749,0.102734490156098,0.0850387246047596,0.111661128870033,0.153084337089409,0.300094559169662,"",0.2,4,439,820439,920439
4.1700581810832,0.170058181083196,0.000475019785428327,0.0135890546373028,0.182996813347582,0.105987076895316,0.111823121605726,0.102874058371678,0.185310668990793,"",0.2,4,440,820440,920440
4.10539259482667,0.105392594826673,0.00958980185165118,0.0122084596256445,0.102242220171503,0.109542534419695,0.0881181050739204,0.076011496889272,0.151649339277624,"",0.2,4,441,820441,920441
3.69707748648864,-0.302922513511358,0.0112879778705054,0.0340920988884378,0.149328212480719,0.104540152483965,0.109105517907012,0.505106432605736,0.432159959654514,"",0.2,4,442,820442,920442
3.68967821014422,-0.310321789855782,0.0125177575349386,0.0646103078184986,0.121294763119353,0.0990149550258457,0.111846043501852,0.0978922492948621,0.175614588305608,"",0.2,4,443,820443,920443
4.06607572018025,0.0660757201802458,6.27121897332217e-05,0.0322972700626399,0.196352839938039,0.114078641921444,0.118578887774941,0.106658439773018,0.239298928148399,"",0.2,4,444,820444,920444
3.72062613662504,-0.27937386337496,0.0075431059983799,0.0136207370745518,0.11345972237796,0.100701865655878,0.124747748699284,0.115647630766904,0.175781797694765,"",0.2,4,445,820445,920445
3.79904215984362,-0.200957840156383,0.0306054666263945,0.0100901222549481,0.163896428368345,0.089193348937248,0.103239379189746,0.083691090113452,0.195713614818799,"",0.2,4,446,820446,920446
4.05554139045826,0.0555413904582629,0.0233955295088439,0.126097224227996,0.140849480464444,0.104202040061412,0.101993240011323,0.722895051379197,0.513522827463686,"",0.2,4,447,820447,920447
3.84478185226611,-0.155218147733892,0.0194723547093658,0.137097047284872,0.24366253656585,0.0974451044996919,0.114348139769227,0.787227323450358,0.592706713471585,"",0.2,4,448,820448,920448
4.12073887808254,0.120738878082541,0.0296016440115416,0.00231336005527871,0.114441161726752,0.101990623286339,0.109585262381666,0.0790326594783297,0.173763007916111,"",0.2,4,449,820449,920449
4.1333181311704,0.133318131170401,0.0130020789692588,0.0116120827917872,0.140812692944298,0.113297083871547,0.107823544770651,0.0714471812459856,0.149404942216151,"",0.2,4,450,820450,920450
3.91072844762989,-0.0892715523701093,0.0422301008328324,0.0070280986506874,0.164381154117708,0.104800507079816,0.118441120038485,0.705340020988151,0.438637746131954,"",0.2,4,451,820451,920451
3.78243874450845,-0.217561255491554,0.00214603106971237,0.0126580685585649,0.133325051760381,0.105892430507138,0.0966566019404448,0.0868949715229727,0.201980607291197,"",0.2,4,452,820452,920452
3.83784631101169,-0.162153688988312,0.00485518604009097,0.00289022596544231,0.144566798529234,0.102979371112316,0.0975958158501253,0.763724136124483,0.360445697277823,"",0.2,4,453,820453,920453
4.20178366828976,0.201783668289763,0.005220560926712,0.0343322243657326,0.151953637623868,0.103852039229102,0.121547871303227,0.090287168909597,0.214094645544979,"",0.2,4,454,820454,920454
4.09474658158914,0.0947465815891366,0.018571000967111,0.00414857426392545,0.105240240745902,0.097216984378025,0.105736298968058,0.0803947786860092,0.252400391570079,"",0.2,4,455,820455,920455
3.83747595779586,-0.162524042204139,0.051050397839049,0.0361334454427011,0.156907551377349,0.119516793989201,0.120564266725447,0.636292843596887,0.497159670744566,"",0.2,4,456,820456,920456
4.04823703924722,0.0482370392472227,0.000171984563743677,0.024046506436363,0.126393772500265,0.0974452871001133,0.0945479587933837,0.0991401678872113,0.210152923659107,"",0.2,4,457,820457,920457
3.66749282125098,-0.332507178749017,0.012945298129068,0.00364070720530182,0.127668127889907,0.106400908911966,0.105499006776273,0.112881052048548,0.164616820110991,"",0.2,4,458,820458,920458
3.68667733244444,-0.313322667555564,0.00190525843127265,0.0278988232547357,0.0962131835231289,0.0915448142768239,0.103022193494629,0.0836715438435636,0.168345247217358,"",0.2,4,459,820459,920459
3.79520523557622,-0.20479476442378,0.00231683814239061,0.03766106726541,0.139415547283975,0.0940258787981591,0.10050976001849,0.109043130868636,0.190992735138273,"",0.2,4,460,820460,920460
3.54836809697644,-0.451631903023562,0.0132823020250243,0.0370799829043016,0.0893787340987562,0.100010330538041,0.109066768870018,0.097470843621173,0.221464839977299,"",0.2,4,461,820461,920461
3.87103019535635,-0.128969804643654,0.0301505152735564,0.0188809980682098,0.18955791462966,0.0985126284153507,0.0922864232219161,0.0990606616468785,0.157942876440779,"",0.2,4,462,820462,920462
3.75057784968563,-0.249422150314374,0.0220081962077673,0.0187889822553689,0.11578830142752,0.105979461832177,0.09812229076574,0.08736289678241,0.264871829290128,"",0.2,4,463,820463,920463
4.08542222165614,0.0854222216561409,0.0352375954728458,0.0283810878710561,0.215750882019312,0.0996472225052922,0.110285634377542,0.0914801499415686,0.157964687395916,"",0.2,4,464,820464,920464
3.97020750025625,-0.0297924997437478,0.00575664144393317,0.00344800099949852,0.120057499856217,0.0922473499212823,0.113277774862214,0.103125697427242,0.16520408866518,"",0.2,4,465,820465,920465
3.87683734701872,-0.12316265298128,0.020343632366615,0.00341534806447319,0.143249821551732,0.100093137641951,0.10260850880772,0.0976820408019694,0.304125201486157,"",0.2,4,466,820466,920466
4.1355070728527,0.135507072852695,0.0130501396018784,0.0122882073277633,0.133839331437836,0.0888164802231229,0.0944049548673985,0.116377412876771,0.201660194145373,"",0.2,4,467,820467,920467
3.66805760239196,-0.331942397608037,0.0116206039090512,0.0286330450757886,0.183294623786114,0.0967778767979354,0.106049171873441,0.82463066801895,0.414686483933792,"",0.2,4,468,820468,920468
3.80342412712013,-0.196575872879867,0.000289255596637811,0.00123438620728314,0.151718412034235,0.0766682868031697,0.123476229209223,0.0860117422657908,0.180689436807676,"",0.2,4,469,820469,920469
3.84174583361414,-0.158254166385864,0.0128177535463138,0.0182770835177783,0.085428214691263,0.108331212482605,0.103993098990699,0.0709575849251766,0.183812660546129,"",0.2,4,470,820470,920470
4.1590669875871,0.159066987587105,0.0214874992629073,0.0179619714725118,0.12270760366368,0.0770929422991129,0.111846245090148,0.100830665558838,0.284691878973479,"",0.2,4,471,820471,920471
3.71303576725553,-0.286964232744467,0.0342977203160681,0.0330242941703377,0.128330959191558,0.117180974136688,0.0922089870790271,0.0871212937818097,0.225135372345001,"",0.2,4,472,820472,920472
4.18978420527203,0.189784205272027,0.00969099505809881,0.00285848066525321,0.222964320234701,0.100882076001472,0.106957357217101,0.0876249459631197,0.234278401804818,"",0.2,4,473,820473,920473
4.16378635836539,0.163786358365392,0.0110950948944727,0.00888477481987557,0.172758408724676,0.105633243203802,0.102126288150128,0.105719754566152,0.183855212493873,"",0.2,4,474,820474,920474
4.23969335296177,0.239693352961768,0.00697100975284171,0.00804569911405295,0.0743045854698782,0.104954656170703,0.123060363042318,0.0959457081761441,0.185413394769055,"",0.2,4,475,820475,920475
4.19857149929777,0.198571499297775,0.00125951168342009,0.271496582504469,0.171190963379821,0.111592690079153,0.111196013212738,0.789461688750404,0.639870038605121,"",0.2,4,476,820476,920476
4.23334078351024,0.233340783510243,0.0126972177648577,0.000787493362478603,0.172951684194924,0.0883167287264331,0.0937766013118878,0.0884396961803092,0.198780411285963,"",0.2,4,477,820477,920477
3.9883716434118,-0.0116283565882029,0.00141543459157567,0.0119651415800699,0.102614311563483,0.0961036320448309,0.0955342191257784,0.102053116487954,0.185784175311462,"",0.2,4,478,820478,920478
3.85195233590336,-0.148047664096641,0.00933562980098235,0.0322275662742224,0.12829614395601,0.101308915761709,0.0883072610869484,0.554933047988971,0.573665856687725,"",0.2,4,479,820479,920479
3.82921651752941,-0.170783482470589,0.0558322935646504,0.0117602969317865,0.193449349018458,0.101423551737265,0.0960242306182623,0.764312862892513,0.398976357161072,"",0.2,4,480,820480,920480
3.88455084012375,-0.115449159876254,0.000915098035310508,0.0294750516807625,0.209057623345876,0.103492738214096,0.119544505352569,0.0975335297145862,0.168931751344095,"",0.2,4,481,820481,920481
3.83900382270084,-0.160996177299161,0.00417837955774905,0.0218945663934873,0.139066696191752,0.110711978508131,0.104902663188384,0.101615287104814,0.201671345759183,"",0.2,4,482,820482,920482
3.92555827827261,-0.0744417217273949,0.0169079240842952,0.0207366161065244,0.120996835338465,0.0929352066201602,0.110285954332164,0.0722454393667749,0.187103731176164,"",0.2,4,483,820483,920483
3.87586239002529,-0.124137609974707,0.00848983397057979,0.0509871900138157,0.210570364095841,0.0968056809599666,0.117718486138737,0.561849415555768,0.459694880954242,"",0.2,4,484,820484,920484
3.78429577101703,-0.215704228982966,0.00418262028309555,0.00971164941491057,0.127380745577434,0.0809660721411013,0.105358218053314,0.0936370177731395,0.168154609077749,"",0.2,4,485,820485,920485
4.07272139541287,0.0727213954128683,0.0321363282415946,0.00253744150745897,0.114327094351576,0.0981301734592813,0.110426037852122,0.0651538353110944,0.139854666335463,"",0.2,4,486,820486,920486
4.60833868312861,0.608338683128614,0.0251535605166138,0.0196108919388864,0.116482700458874,0.10433953106348,0.103946355366007,0.0931621627909767,0.164263095113771,"",0.2,4,487,820487,920487
3.93638746618951,-0.0636125338104869,0.0140086697751135,0.0106762174754694,0.10859478662744,0.105076808111643,0.10813580107144,0.0879782742867467,0.182541432180275,"",0.2,4,488,820488,920488
3.85618724142664,-0.143812758573357,0.0101737525209585,0.014456361765416,0.110107019775123,0.108389031530153,0.111667018182376,0.800885231951534,0.415096898659733,"",0.2,4,489,820489,920489
4.08480190125156,0.0848019012515575,0.000540644531190404,0.0698982925855284,0.146049189368289,0.0929721357148484,0.116622863896876,0.0972620403440491,0.233227419067374,"",0.2,4,490,820490,920490
3.98564626195993,-0.0143537380400702,0.011584320539528,0.0169772970668856,0.132056296848797,0.103491068195306,0.11360377630126,0.0804490814021021,0.213650978471546,"",0.2,4,491,820491,920491
4.00984238487718,0.00984238487717803,0.0190867449560296,0.0158157282329937,0.125930397491669,0.116969682269532,0.106059795160628,0.0906067246604109,0.186473256155403,"",0.2,4,492,820492,920492
3.81670986763852,-0.183290132361481,0.0355167998228754,0.00982699926636768,0.137659193760606,0.109812869262849,0.0977707614463077,0.111229047449589,0.248214805820943,"",0.2,4,493,820493,920493
3.80291758404432,-0.197082415955683,0.0159204829725525,0.010783745152215,0.148851934681724,0.0850219387164483,0.111144550392219,0.832607295870544,0.407093564680469,"",0.2,4,494,820494,920494
3.89164916919085,-0.108350830809146,0.000546704449476215,0.0151105607424119,0.229086102945498,0.104114879123519,0.10569472057818,0.0945489942410085,0.196338633042882,"",0.2,4,495,820495,920495
4.14146368995408,0.141463689954082,0.00832045449586596,0.0235648816768393,0.137137278145198,0.0832425277244707,0.101286085760889,0.104720650595974,0.212727645920216,"",0.2,4,496,820496,920496
3.87313180399896,-0.12686819600104,0.0245487837481045,0.00407892109567978,0.12940981349259,0.108580176026013,0.113544781811459,0.0784127164463038,0.216470620885307,"",0.2,4,497,820497,920497
3.78047723102823,-0.219522768971772,0.00718866532725046,0.00137125591436804,0.170700469872955,0.094399830101407,0.104411063615222,0.0885500100447976,0.158652317430977,"",0.2,4,498,820498,920498
4.62421578733395,0.62421578733395,0.0290415122377905,0.00793325414556867,0.0939812502649669,0.0828215062901822,0.110429868648041,0.0723063793703586,0.154220545994819,"",0.2,4,499,820499,920499
3.93271154002492,-0.0672884599750816,0.0113979751872734,0.00949163891528748,0.216084975662851,0.0762060947850598,0.108457602774766,0.109291830568458,0.19556190337478,"",0.2,4,500,820500,920500
3.82556978812519,-0.17443021187481,0.00756760930946168,0.0145052752797828,0.252473426913236,0.166141701132894,0.115290700991946,0.831968300781497,0.3969039749625,"",0.4,4,1,820001,920001
3.69024592488766,-0.309754075112343,0.0171189145164498,0.0180665975237164,0.148669864908967,0.171473186943073,0.109557101450084,0.112957037730356,0.191473311578812,"",0.4,4,2,820002,920002
4.07296167296712,0.0729616729671232,0.00292589663896417,0.0169024832926553,0.101403704135138,0.186336329425921,0.120485551009453,0.602574059619494,0.406008397246954,"",0.4,4,3,820003,920003
3.84453830260195,-0.155461697398048,0.00608176244268452,0.00265820398071737,0.281091345050295,0.155420036746791,0.117144891143303,0.116948134155267,0.220717453422615,"",0.4,4,4,820004,920004
4.11864828884576,0.118648288845757,0.0106226228939864,0.0105686553208882,0.0855014629993983,0.167577008521488,0.128855600228311,0.110166138721148,0.142660189479591,"",0.4,4,5,820005,920005
3.93907221768356,-0.0609277823164383,0.000618036276815032,0.0127978067264555,0.136706897355403,0.16726966411627,0.159510937371018,0.0600233777077372,0.227533935435034,"",0.4,4,6,820006,920006
3.78012064449733,-0.219879355502673,0.0241529077765626,0.00281189408715388,0.194203513022315,0.175363869065262,0.119520415611851,0.125074439962666,0.162801619671128,"",0.4,4,7,820007,920007
3.86249724301155,-0.137502756988447,0.0126413358824611,0.0166962089041608,0.112970662364734,0.176465559682438,0.122901252887142,0.0863396096019561,0.235547926188354,"",0.4,4,8,820008,920008
3.92269868396614,-0.0773013160338611,0.022757904170843,0.00232816850817427,0.124347462228446,0.175339931884713,0.119060551848334,0.0952294541599632,0.224721722531041,"",0.4,4,9,820009,920009
4.1265505672829,0.126550567282895,0.0117569202924379,0.0425328610339063,0.192970702256849,0.15842148090946,0.152667802557195,0.0870953483459882,0.205357793979864,"",0.4,4,10,820010,920010
4.3710764721284,0.371076472128403,0.0147942374076879,0.0288011761621049,0.143991751678223,0.170036429806217,0.141295778943051,0.121637346624456,0.178029625743861,"",0.4,4,11,820011,920011
3.83965277102951,-0.160347228970485,0.0208903604876098,0.0803081401534258,0.0995439756594248,0.167370078479009,0.132687704773226,0.113669105503088,0.179594797133919,"",0.4,4,12,820012,920012
3.96733738304659,-0.0326626169534103,0.0166314382755133,0.0103139961366204,0.197277687910855,0.1683318420335,0.132516852772052,0.793021813735694,0.401835419791891,"",0.4,4,13,820013,920013
3.77186294071247,-0.228137059287528,0.00732372187038158,0.0162230615557212,0.118777071049889,0.193138495339927,0.120743009584171,0.729811507041645,0.398732223382027,"",0.4,4,14,820014,920014
3.81173783546072,-0.188262164539276,0.0152955104422497,0.0193056436514633,0.130756129078125,0.180506349424771,0.128821463899656,0.783700662967325,0.354707046608894,"",0.4,4,15,820015,920015
4.13414924441564,0.13414924441564,0.01617232546724,0.00810537207136408,0.154907550774672,0.165175021174515,0.125790582492766,0.126035158607518,0.180417778546536,"",0.4,4,16,820016,920016
4.03644461481611,0.0364446148161077,0.0212835092150967,0.111937797894301,0.289611923895479,0.17800837732915,0.139661396666115,0.732031313638305,0.398979665216398,"",0.4,4,17,820017,920017
4.1035301142424,0.1035301142424,0.00901569171997332,0.0420340005926355,0.151158046690297,0.159718213875628,0.131585067151601,0.116074543104857,0.205854867997177,"",0.4,4,18,820018,920018
3.77639541147228,-0.22360458852772,0.021320950222271,0.0244046142967201,0.15504873414961,0.176287605912853,0.126357301653701,0.802917397050651,0.388325647049266,"",0.4,4,19,820019,920019
3.65500250892409,-0.344997491075912,0.022058871791507,0.0439859099572049,0.101819245260315,0.17203222185309,0.134301644471057,0.809898875063093,0.3057452687486,"",0.4,4,20,820020,920020
3.95250771566976,-0.0474922843302448,0.00439229629689719,0.0195168742371335,0.16572458874935,0.163080861196547,0.114958628386112,0.112498711509678,0.264546680962853,"",0.4,4,21,820021,920021
3.70086440453471,-0.299135595465288,0.0074634323242001,0.0066939544106609,0.250078951960749,0.164228722830416,0.142145749302863,0.746318414218236,0.432427723193851,"",0.4,4,22,820022,920022
4.2361995193763,0.236199519376305,0.0347774661003199,0.0109810062437251,0.269348837042799,0.154724268106345,0.157769805161551,0.865946082114091,0.402708929059926,"",0.4,4,23,820023,920023
3.94851643819154,-0.0514835618084559,0.0143045889509986,0.00940249101693968,0.105054000650098,0.173594497363551,0.113613262552643,0.0667792375429465,0.181703384800894,"",0.4,4,24,820024,920024
4.21302135492054,0.213021354920538,0.00917181728444072,0.0300289578992011,0.279527497105244,0.175673764509041,0.124334332854258,0.109460928671899,0.173338183713844,"",0.4,4,25,820025,920025
4.30154665563121,0.301546655631206,0.0116202577270789,0.0232027884522014,0.114495303523163,0.180790369392955,0.126396517309258,0.0951175936738342,0.18177385684919,"",0.4,4,26,820026,920026
4.06511653408982,0.0651165340898237,0.00428522403452827,0.0230204745917963,0.241192747027167,0.169172284686834,0.145279636628209,0.108689558444361,0.240930659583582,"",0.4,4,27,820027,920027
3.86895191039496,-0.131048089605039,0.0120751494708304,0.0116915053424707,0.135066354679157,0.170234539870788,0.142390180191395,0.0653269556560787,0.195165477565757,"",0.4,4,28,820028,920028
3.98856029138797,-0.0114397086120341,0.0190342972706504,0.0104920256568873,0.110698381158723,0.176923451458963,0.13135250250346,0.0859116508262052,0.171477070346739,"",0.4,4,29,820029,920029
4.02962272895852,0.0296227289585183,0.0170259426699748,0.00345121014680339,0.1006853904776,0.192080682880536,0.121670480020272,0.081020918170399,0.241730605750803,"",0.4,4,30,820030,920030
4.27435557710673,0.274355577106727,0.0116426694385321,0.0283281887020947,0.124762448445663,0.166002937747764,0.144243720610464,0.0760475746136193,0.268116385499643,"",0.4,4,31,820031,920031
3.82407143380676,-0.175928566193237,0.00172163527414546,0.0384768055851633,0.116946215200283,0.177496589605578,0.127640608179045,0.131872905810289,0.175321961307124,"",0.4,4,32,820032,920032
3.69833579158655,-0.301664208413449,0.0267376878010152,0.0186956164591016,0.152928905440676,0.179075235406516,0.148939475344244,0.0853715346673592,0.216528748375254,"",0.4,4,33,820033,920033
3.97586843357138,-0.0241315664286215,0.0196612395558804,0.10574929076165,0.228555082347082,0.17205147795858,0.119349459096775,0.377433607601651,0.496076219303995,"",0.4,4,34,820034,920034
4.30356832678437,0.303568326784371,0.010100365154001,0.017932383065588,0.0788251519749921,0.172166722664852,0.120827967956591,0.080196441944554,0.228594069883195,"",0.4,4,35,820035,920035
4.00524753268648,0.00524753268648315,0.0308282425694245,0.0345383823217285,0.37959296480387,0.165539020926112,0.11114303929371,0.805056908116704,0.405825069898112,"",0.4,4,36,820036,920036
3.60822426152364,-0.391775738476364,0.0136987611670621,0.0162489670373669,0.105110555801442,0.181411051900544,0.120849232877049,0.105099718252398,0.169202603746885,"",0.4,4,37,820037,920037
3.87552885685251,-0.124471143147495,0.0151971965561509,0.0167252694264265,0.129368003925138,0.185637451771358,0.134646974942231,0.0897728875661229,0.171760406955318,"",0.4,4,38,820038,920038
4.14117932305359,0.141179323053588,0.0055383407718109,0.072682155725116,0.125039120659039,0.16506662701793,0.122212065967826,0.10458919746866,0.217475901270399,"",0.4,4,39,820039,920039
4.05102247785467,0.0510224778546746,0.00493976930855081,0.0112167563351042,0.166756233692906,0.187758185802577,0.111730871948942,0.0848988486635886,0.211531037321352,"",0.4,4,40,820040,920040
3.82003803490999,-0.179961965090007,0.0351865251299588,0.102076908805491,0.271413663739593,0.181204563077214,0.111150564679294,0.312744817331487,0.405724587677719,"",0.4,4,41,820041,920041
4.07960565489205,0.0796056548920481,0.0238594900013272,0.0132173734739415,0.0991169421380859,0.162028056048972,0.124866539832013,0.0827413596533903,0.227266636031862,"",0.4,4,42,820042,920042
3.91429827240528,-0.0857017275947172,0.00963627658038732,0.00726855926177594,0.120757051034049,0.170426333397687,0.116108768915699,0.112637564564171,0.17716286535765,"",0.4,4,43,820043,920043
3.78337241046542,-0.216627589534575,0.0330751847468796,0.00727466849120584,0.203008513544232,0.18053051106743,0.120849221201385,0.126049176477004,0.21405714906217,"",0.4,4,44,820044,920044
3.68436015714957,-0.315639842850431,0.0110809335303112,0.0589941645502428,0.104905497475012,0.1915465414591,0.121363428867479,0.341944681713711,0.380772666359997,"",0.4,4,45,820045,920045
3.82122826599336,-0.178771734006636,0.00485661657443412,0.0500907665196405,0.106177521205339,0.15879617999736,0.122766793982472,0.74380076696677,0.360984255015363,"",0.4,4,46,820046,920046
4.06584706180917,0.0658470618091718,0.0122369641001788,0.00167747720619618,0.115597793849119,0.150185901357569,0.121124357947888,0.0877868882983009,0.262312924859958,"",0.4,4,47,820047,920047
3.63603452020309,-0.363965479796905,0.00839391046295557,0.00415705864039562,0.134585639714795,0.177312732776172,0.128858052047063,0.112913358412525,0.291538175210582,"",0.4,4,48,820048,920048
3.78210777031328,-0.217892229686719,0.0292293689392892,0.00599851909520552,0.152555396078501,0.175916163811605,0.131443428293432,0.125944422143242,0.296337667461274,"",0.4,4,49,820049,920049
4.057045716309,0.0570457163089992,0.0188698950808932,0.0195297650553259,0.250383863054023,0.181378999347285,0.134267454513521,0.0711072204851105,0.242697738830902,"",0.4,4,50,820050,920050
3.75838497822506,-0.241615021774937,0.011980756647355,0.0389846383503839,0.114219678743953,0.166909236067764,0.122652596609099,0.0829942810493228,0.183178198261126,"",0.4,4,51,820051,920051
3.56349163844726,-0.436508361552742,0.0250063686099864,0.0216582323364717,0.118863526952512,0.18572565682028,0.109252595105492,0.10660117497502,0.137298135782494,"",0.4,4,52,820052,920052
4.00343539850063,0.00343539850063124,0.0172246137084033,0.0315316099496631,0.203051070381531,0.179460740359402,0.123572903784565,0.0894257432409505,0.206027404007841,"",0.4,4,53,820053,920053
4.33819609125292,0.338196091252915,0.0216885104889179,0.0338582671909542,0.13829464199417,0.187377075269289,0.117160453442704,0.220927247512076,0.359349637978113,"",0.4,4,54,820054,920054
3.80565517428817,-0.194344825711827,0.00194296397363602,0.015241915306337,0.174318951166179,0.173668290686097,0.132409516021771,0.124628944738604,0.232777534850027,"",0.4,4,55,820055,920055
4.32519075520371,0.325190755203711,0.0208433601546524,0.00455334997108317,0.0774581474564923,0.161931844990184,0.132939391864519,0.0999674234062552,0.154504652028917,"",0.4,4,56,820056,920056
3.7766615659605,-0.223338434039497,0.0136007378973761,0.0234713685117374,0.112189423075594,0.160099686768556,0.134428126068933,0.119140161808234,0.198979218525768,"",0.4,4,57,820057,920057
3.84363471771835,-0.156365282281647,0.00813455536305543,0.00302376876861543,0.22970033205108,0.190679237977107,0.122659300251725,0.762396062201555,0.390782695449943,"",0.4,4,58,820058,920058
3.879338274752,-0.120661725247996,0.0260941382162558,0.00635139416919461,0.143450739111202,0.185798076284057,0.127597622684885,0.0933874369509804,0.239873115290565,"",0.4,4,59,820059,920059
4.26415540548996,0.26415540548996,0.0127428756827839,0.000823913077512811,0.0809504157497719,0.166055986449033,0.146112713775625,0.0872528426874489,0.201701026473997,"",0.4,4,60,820060,920060
4.23145114763994,0.231451147639938,0.0137390366324693,0.0294982168577739,0.149117452040472,0.162803198691606,0.149707128703926,0.118999464369082,0.239091564794856,"",0.4,4,61,820061,920061
3.95949402561075,-0.0405059743892484,0.00605735566152255,0.0163548886980238,0.163027780719351,0.176649405088506,0.121223846486684,0.0861105597466885,0.239127681469107,"",0.4,4,62,820062,920062
4.29715853720949,0.297158537209492,0.00726851345592616,0.0572689968726293,0.112706521477813,0.168317178347776,0.159821926923999,0.0982406045677472,0.190377761553759,"",0.4,4,63,820063,920063
4.13088844647506,0.130888446475064,0.0136015988585941,0.0147116647697026,0.166894416298635,0.167361349325196,0.140715379760579,0.0734260058918655,0.195995818198329,"",0.4,4,64,820064,920064
3.68560893862211,-0.314391061377886,0.00915093380390344,0.0357933966972705,0.124407816485712,0.159148218272113,0.143628032823108,0.0943459114976437,0.228797024555415,"",0.4,4,65,820065,920065
3.93433072934021,-0.0656692706597903,0.0175752265955757,0.023608421333043,0.103411321370918,0.175438525115516,0.115044376802029,0.0869116075518804,0.221540698242912,"",0.4,4,66,820066,920066
4.17616925076243,0.17616925076243,0.00767557415212539,0.000382672800537359,0.202002615154742,0.166423144337373,0.120869993669053,0.080531265902731,0.151658364979413,"",0.4,4,67,820067,920067
4.2048481720284,0.204848172028398,0.00186327056587085,0.00702729349615513,0.109788540616416,0.161971158460459,0.115313120192923,0.761950866008569,0.392724080314344,"",0.4,4,68,820068,920068
4.09607908734805,0.0960790873480537,0.0184903606708079,0.0309909554609483,0.276860749075898,0.183376286481969,0.121643743071335,0.17209170783778,0.220500660467974,"",0.4,4,69,820069,920069
4.13918406096168,0.139184060961679,0.00846352017925944,0.0249806785565554,0.112001101974805,0.171314617039471,0.118544992373243,0.114512417081544,0.161124287492965,"",0.4,4,70,820070,920070
3.6979149197725,-0.302085080227497,0.0136003819206979,0.019323725334791,0.145031500293163,0.185955377836372,0.126766344653156,0.100077843753212,0.253629863634757,"",0.4,4,71,820071,920071
4.02357621133997,0.0235762113399742,0.0273654466495374,0.060149674741982,0.199269461729276,0.187217399301416,0.127938150554286,0.844663565900406,0.411793858442905,"",0.4,4,72,820072,920072
3.94299631076863,-0.0570036892313697,0.0160732930952322,0.0188530647827997,0.160578906955113,0.180721250695053,0.152347073052386,0.539020031376995,0.47618069611,"",0.4,4,73,820073,920073
3.86641882814199,-0.133581171858006,0.00500026589175673,0.0162623334842987,0.123089627345288,0.171558664828587,0.120068353072829,0.142420794116211,0.250661929484301,"",0.4,4,74,820074,920074
3.60455957788131,-0.395440422118693,0.00500123570206937,0.0293130410742186,0.145106385376389,0.174325327616883,0.126149095395237,0.0869869698253972,0.148884632831765,"",0.4,4,75,820075,920075
3.93125811811649,-0.068741881883509,0.0220289573715737,0.0270230988873432,0.13428380055017,0.169762641786135,0.125945794487661,0.0948116815469091,0.218869544453672,"",0.4,4,76,820076,920076
3.98006567905324,-0.0199343209467613,0.0101047709902965,0.064291380933126,0.188896080837101,0.164548151494683,0.126760977278678,0.120305628178233,0.332239489169412,"",0.4,4,77,820077,920077
4.08862086993477,0.0886208699347701,0.00692234246517062,0.0215211635570739,0.130459745548619,0.172286513958503,0.129424054044708,0.068442616749913,0.185680712602793,"",0.4,4,78,820078,920078
3.9378122775172,-0.0621877224828027,0.0153792530503175,0.0192045743521519,0.116429133115929,0.177400345533062,0.130251976403624,0.108433330996137,0.204610731926093,"",0.4,4,79,820079,920079
3.83508198969025,-0.164918010309749,0.00195208519474432,0.0321757234793409,0.12348476040856,0.175976491044032,0.123304253019684,0.0938727479804813,0.174407130394415,"",0.4,4,80,820080,920080
4.0835575748077,0.0835575748077009,0.0271341367649896,0.0071587933022921,0.154274177988537,0.170689015069412,0.117824045756894,0.813166632204126,0.389598000414288,"",0.4,4,81,820081,920081
3.90325830926137,-0.0967416907386296,0.0232516918405384,0.00340705720762491,0.142127623075295,0.177334446866054,0.11836976513492,0.0959936526049882,0.181792124995186,"",0.4,4,82,820082,920082
3.89347640484974,-0.106523595150263,0.037556246769619,0.0155568109326875,0.260628167451713,0.177598991497712,0.130450437980008,0.12109333335896,0.249852232102892,"",0.4,4,83,820083,920083
4.1103887546652,0.110388754665202,0.0215341279013478,0.0235744183534686,0.159494784518153,0.177379585548679,0.115363382556588,0.117866993463546,0.201009297917634,"",0.4,4,84,820084,920084
3.75333230743426,-0.246667692565739,0.00670671297551348,0.0018361549377042,0.107927034745456,0.167717575571904,0.125441267803965,0.727825879977929,0.355920358255041,"",0.4,4,85,820085,920085
4.03823702317351,0.0382370231735072,0.0153854151162851,0.00224069366132659,0.0740976892008202,0.164980457154674,0.134052606673537,0.0897037027176865,0.197245423703758,"",0.4,4,86,820086,920086
3.79528752614108,-0.204712473858922,0.0143271194785546,0.00147657458371156,0.123189978106032,0.181991748703356,0.129879743509202,0.102081176107079,0.165314056935221,"",0.4,4,87,820087,920087
3.83352767511171,-0.166472324888291,0.00188635279770352,0.0241601501234169,0.24843054876551,0.167564170015635,0.114226952333574,0.145183029244582,0.202360436946183,"",0.4,4,88,820088,920088
3.73381733080039,-0.266182669199614,0.0199007317598109,0.0227323753778667,0.0780497242857395,0.181202918369604,0.136499748419972,0.0856456699768757,0.175065211421809,"",0.4,4,89,820089,920089
4.10203053193493,0.102030531934934,0.00173048857222427,0.0274093064217692,0.0877508690452225,0.168921221309163,0.122184868256552,0.0893650808136233,0.209727753288897,"",0.4,4,90,820090,920090
3.89446912978596,-0.105530870214043,0.0149935199491456,0.0113537735234454,0.191558570265218,0.164112014618773,0.109900944434829,0.0926247976042328,0.175559119400324,"",0.4,4,91,820091,920091
3.54744249127364,-0.452557508726361,0.0102327613062296,0.190562500418673,0.148789310109994,0.171298436942997,0.119940435211704,0.556088930948992,0.436762453796607,"",0.4,4,92,820092,920092
3.71333934009326,-0.286660659906738,0.0102560252821295,0.027919231775165,0.283458406640771,0.167516703430721,0.119665135729704,0.101595364752346,0.224779718002756,"",0.4,4,93,820093,920093
3.99024235388019,-0.00975764611980923,0.0176278704415337,0.0369913356213026,0.131106986784657,0.173508210243791,0.12210071600255,0.106021303075009,0.182634596593718,"",0.4,4,94,820094,920094
3.96896829877685,-0.0310317012231467,0.0074079194124306,0.026386182436087,0.157545731999995,0.147430072233777,0.112288208485709,0.0949956133531487,0.25530446642914,"",0.4,4,95,820095,920095
3.50471500390876,-0.495284996091241,0.00253399053774817,0.0506881148612838,0.0880192316457418,0.191554345940622,0.12681672335744,0.768016371184599,0.314146889055739,"",0.4,4,96,820096,920096
4.00843108848099,0.00843108848098595,0.00924875415693835,0.0137972098376888,0.254259021281,0.170328835373676,0.125647513324231,0.0839250400501264,0.211905223576229,"",0.4,4,97,820097,920097
4.07515694075563,0.0751569407556349,0.00497345038302147,0.00946239874109034,0.0691435513500597,0.170444677996054,0.126514352174896,0.126404308657514,0.163442607872579,"",0.4,4,98,820098,920098
3.88079473662283,-0.119205263377167,0.0145939803778674,0.00713955473288638,0.347919375095906,0.174495740207932,0.137314024056901,0.108933463812601,0.25718753395206,"",0.4,4,99,820099,920099
4.40048150027144,0.40048150027144,0.00305046906666942,0.013926357358598,0.127487988013037,0.166825265509718,0.14277986432706,0.701010284769419,0.331358971426937,"",0.4,4,100,820100,920100
4.17478398847933,0.174783988479326,0.00940893392745953,0.0289623461769392,0.142051514508973,0.169245027415409,0.121500582131534,0.111583056674911,0.17018090569417,"",0.4,4,101,820101,920101
3.90594651977462,-0.0940534802253836,0.00834202186882846,0.0287756272338395,0.105770680559111,0.172681748641112,0.118264693392217,0.091436882076446,0.206634204918446,"",0.4,4,102,820102,920102
3.94178429874342,-0.05821570125658,0.00238794672178341,0.161575007825441,0.166810371349814,0.180894011185269,0.125483325198039,0.915798925909738,0.435468538668457,"",0.4,4,103,820103,920103
3.72636412975604,-0.273635870243961,0.015112886270967,0.0173804508336917,0.382495225343028,0.180380977279101,0.127714890432451,0.118416631054152,0.219959162635639,"",0.4,4,104,820104,920104
3.94518771069598,-0.0548122893040235,0.00192933615064619,0.102392702768887,0.249595450978352,0.187352221108516,0.133267942142445,0.52388760425018,0.528106503389612,"",0.4,4,105,820105,920105
4.12306609672804,0.123066096728041,0.00457064983227004,0.0382554690057747,0.154139365869268,0.164615949081179,0.105305764971191,0.784754849397674,0.434905705168676,"",0.4,4,106,820106,920106
4.12993249698508,0.129932496985083,0.0174218493484989,0.0395493778626972,0.116168970201681,0.174639998763808,0.117730067966925,0.112257730145218,0.171710223688021,"",0.4,4,107,820107,920107
3.76627060641414,-0.233729393585859,0.0150221894914083,0.0347388397330636,0.151035905809304,0.160748447226304,0.129723850497984,0.813409828042769,0.371375174935521,"",0.4,4,108,820108,920108
3.83843372798721,-0.161566272012795,0.00796302098530519,0.0252296505309644,0.187797619139414,0.173735478688273,0.134734672552463,0.0870923123140305,0.202669145619776,"",0.4,4,109,820109,920109
4.1647938518018,0.164793851801797,0.0176074635281352,0.00760117041482725,0.170052110571673,0.160708932057657,0.139846161748233,0.0965145757829235,0.208308995312688,"",0.4,4,110,820110,920110
3.76136109555678,-0.238638904443221,0.00448370043409274,0.00792717047996483,0.172910410527039,0.163097666754499,0.127407491960037,0.781863698406561,0.374636204588009,"",0.4,4,111,820111,920111
4.00067304335489,0.000673043354885827,0.012127960831933,0.00707291295220749,0.14164722342824,0.182439024947714,0.124530694565559,0.125695893024382,0.196547724385353,"",0.4,4,112,820112,920112
3.97087016866669,-0.0291298313333139,0.00873462592483887,0.0156200149342596,0.154150701845643,0.173774015930526,0.118647987037677,0.0935802518968261,0.169062903919699,"",0.4,4,113,820113,920113
4.13271163580086,0.132711635800862,0.00998472495111069,0.0201695880151481,0.102579204386114,0.166899571405235,0.121295248840573,0.131793114442918,0.181780089196255,"",0.4,4,114,820114,920114
3.84797771807994,-0.152022281920055,0.0112893127607127,0.0300413339937802,0.149493983051684,0.189714136669972,0.121960326372639,0.0953022386498411,0.205256000771257,"",0.4,4,115,820115,920115
3.94244599761738,-0.0575540023826169,0.0174857659522804,0.131745760762291,0.0750325347043164,0.159465173214742,0.140976337465128,0.688117896702518,0.465414049482661,"",0.4,4,116,820116,920116
4.15455038453421,0.154550384534211,0.0133850310569178,0.0190801523756387,0.133117984940959,0.179626833313956,0.139873256044982,0.0992951621472797,0.197135205348304,"",0.4,4,117,820117,920117
3.72134239033621,-0.278657609663785,0.0151386610613128,0.0913196632510405,0.208159520615176,0.168094825436279,0.13718713829624,0.157661249734962,0.305593080270303,"",0.4,4,118,820118,920118
3.93173389569329,-0.0682661043067081,0.0155926421034548,0.00270567059102267,0.136654798449945,0.168751821931249,0.13337124937544,0.136341068651494,0.176407890081809,"",0.4,4,119,820119,920119
4.35904547762424,0.359045477624241,0.0203215659480951,0.0423221847467763,0.0901221955199558,0.166318970481861,0.132517530553415,0.110397347121419,0.183720235777677,"",0.4,4,120,820120,920120
3.68588073127713,-0.314119268722866,0.00371690646718406,0.00463694395013881,0.201378614318567,0.175072434713088,0.114237119726861,0.0917067851043927,0.15416992252805,"",0.4,4,121,820121,920121
3.81090649220575,-0.189093507794253,0.0154395394565111,0.0199170885612511,0.118872996462293,0.172682224575814,0.125949259876883,0.603769504612718,0.460743182048474,"",0.4,4,122,820122,920122
3.90485290354953,-0.0951470964504746,0.0186016931844527,0.0254758370923385,0.0891154811074115,0.180980003447741,0.12203152265805,0.0743913436710252,0.198352511741026,"",0.4,4,123,820123,920123
4.13028769596295,0.130287695962953,0.00562491009216928,0.00185688474683887,0.0633257924619761,0.169266047606531,0.122682238469626,0.091542766325382,0.208241543466332,"",0.4,4,124,820124,920124
4.04753605533107,0.0475360553310678,0.0272228470113255,0.021577591893736,0.29892570706136,0.16610901419841,0.129481191135869,0.117977639225358,0.278320923473917,"",0.4,4,125,820125,920125
4.04914961489918,0.0491496148991777,0.0244621440474729,0.051701921845451,0.135149204992418,0.165497558681636,0.127402333469962,0.1354350254211,0.190905399505305,"",0.4,4,126,820126,920126
3.83890884649581,-0.161091153504188,0.0126058785668715,0.0132015615311787,0.0999282415189249,0.159922018623421,0.117349688938125,0.116205873394009,0.213717530264895,"",0.4,4,127,820127,920127
4.17870724992764,0.178707249927641,0.0307349317981335,0.0126786574602202,0.143234704872985,0.184089256280155,0.129147661897338,0.154187991019553,0.286499239707079,"",0.4,4,128,820128,920128
4.11395221070799,0.113952210707993,8.29790354199e-05,0.0250557468136188,0.181118303288715,0.175520474895529,0.121815606166131,0.101632501034529,0.167302083931026,"",0.4,4,129,820129,920129
3.89220636361016,-0.107793636389842,0.0232300035761134,0.00643119851019469,0.112180205002462,0.181556047520296,0.11629596202488,0.0967276353190953,0.241888464732233,"",0.4,4,130,820130,920130
3.81653070534144,-0.183469294658565,0.00924958726303138,0.0123272032357326,0.104986156934193,0.167918088575201,0.123118288477343,0.141672144930364,0.189052413598385,"",0.4,4,131,820131,920131
3.89309521603028,-0.106904783969724,8.9909976687591e-05,0.00654392448669816,0.122785018866375,0.17697224632273,0.137862785623922,0.104530225449802,0.20459151302534,"",0.4,4,132,820132,920132
3.75529064671033,-0.244709353289672,0.0191627020251699,0.0123331822881771,0.308444202401032,0.183129461874029,0.118098025131422,0.104683728139506,0.234913651778769,"",0.4,4,133,820133,920133
4.5508937435803,0.550893743580297,0.0168269018130164,0.104080710347603,0.122504286408434,0.178477335372018,0.130699822688176,0.749987953838305,0.38264018405463,"",0.4,4,134,820134,920134
3.93348974104648,-0.0665102589535165,0.00458960718395765,0.0343909058300544,0.118709049858175,0.16738328120082,0.127037337957387,0.0916926965317784,0.18889979279811,"",0.4,4,135,820135,920135
3.7851359963182,-0.214864003681804,0.00320250611254627,0.0205427379700493,0.159402313201565,0.180567506460016,0.116814892752624,0.785977223987317,0.375102557465316,"",0.4,4,136,820136,920136
4.44528509351672,0.445285093516716,0.00802817612921305,0.056766830841887,0.143896116688903,0.16637497160785,0.112923312970887,0.0819076546347334,0.187836323852097,"",0.4,4,137,820137,920137
3.93413830655112,-0.0658616934488756,0.0120974843078758,0.0403758155226182,0.0949451490629367,0.188724850868361,0.127881669613785,0.0981325324682512,0.167068181874832,"",0.4,4,138,820138,920138
4.00491899057364,0.00491899057363732,0.0153546739127114,0.00322991455620916,0.14089920550291,0.167492816638237,0.13274025291406,0.0877454791346164,0.160989852279144,"",0.4,4,139,820139,920139
3.88657816229072,-0.113421837709277,0.00915447938052893,0.0240806432407798,0.119699783122379,0.173290861917361,0.142811035550879,0.129540338190297,0.165062218593184,"",0.4,4,140,820140,920140
3.89559121810797,-0.10440878189203,0.0105715759562324,0.0110761941770866,0.129103901771408,0.156645585702554,0.117176602094995,0.781961305912829,0.387090490358563,"",0.4,4,141,820141,920141
3.66048852778096,-0.33951147221904,0.0111579302613494,0.0153525167320122,0.246759119450145,0.180854582196611,0.102098199948568,0.0827727581709121,0.172507900512622,"",0.4,4,142,820142,920142
3.79804841030492,-0.201951589695083,0.00688095416352097,0.0367149750035143,0.0703686013236628,0.191347704269028,0.119760889259947,0.0840760763622288,0.216836160091228,"",0.4,4,143,820143,920143
3.95755399487574,-0.0424460051242646,0.0326892829309353,0.00558119281272398,0.160869079026488,0.162769545001541,0.14039823961351,0.111145472778906,0.251678263229602,"",0.4,4,144,820144,920144
3.90410433787653,-0.0958956621234743,0.00454152474395431,0.00842011348963997,0.206709918918231,0.175161327484773,0.122618328973907,0.106155077165057,0.218401512850343,"",0.4,4,145,820145,920145
3.92726219454323,-0.0727378054567684,0.00599642215560517,0.0249105427306299,0.128618322080247,0.190361776802763,0.120265209288894,0.11122521117121,0.211145457395174,"",0.4,4,146,820146,920146
3.68690583012445,-0.313094169875546,0.0134413610129391,0.0180494007137783,0.0832086688368866,0.173436666701252,0.139457050287694,0.14979160829252,0.281442874950886,"",0.4,4,147,820147,920147
3.88873424978801,-0.111265750211988,0.0098979721447624,0.0326457416478212,0.128247610484802,0.181866089698885,0.132239975269193,0.0692798430285071,0.203659152933591,"",0.4,4,148,820148,920148
3.72760970566712,-0.27239029433288,0.0268140284306626,0.004630511491865,0.150079038278572,0.184912574384466,0.133039914095336,0.0859794914497419,0.135745301786761,"",0.4,4,149,820149,920149
4.07372104200099,0.0737210420009866,0.00815207016902619,0.00197985956332891,0.255054855206248,0.161225589035593,0.113248288085701,0.103809640466082,0.197374484906711,"",0.4,4,150,820150,920150
4.53022712569444,0.530227125694444,0.00950066328335505,0.035998997480294,0.110735433352058,0.171890558112691,0.123383880740786,0.096607502502663,0.185356170650344,"",0.4,4,151,820151,920151
4.38392167348829,0.383921673488287,0.0107751720654222,0.0118478025879738,0.0730661716177063,0.160821985763219,0.131147406729234,0.156144619685469,0.316034767475585,"",0.4,4,152,820152,920152
3.87050183441877,-0.129498165581228,0.0412596167241419,0.0132238824403713,0.159243615965631,0.164595841117652,0.127833606938814,0.096409254999622,0.196714795679043,"",0.4,4,153,820153,920153
3.83230811900709,-0.16769188099291,0.00134918239067727,0.00748553286198739,0.148919260841878,0.181867378890449,0.120492800056392,0.0902862254000138,0.243712360383921,"",0.4,4,154,820154,920154
3.81218566873839,-0.18781433126161,0.0142876221781797,0.0315080705593167,0.11284321607877,0.167982736832401,0.125554735805952,0.104965706889102,0.168602499061556,"",0.4,4,155,820155,920155
4.22628956210661,0.226289562106611,0.00152212931320558,0.0313337383997037,0.0974562326464567,0.16798534674909,0.121898886729163,0.109945826279754,0.226049672893448,"",0.4,4,156,820156,920156
3.81916391327261,-0.180836086727394,0.0284792810425952,0.00422946634598145,0.258392103601102,0.180678311825737,0.143155693636161,0.742731518844714,0.383059639548643,"",0.4,4,157,820157,920157
3.70354430599264,-0.296455694007363,0.016874393813512,0.022037529229382,0.0858380377927488,0.169181872827508,0.11750307061211,0.133262072099418,0.304386970854397,"",0.4,4,158,820158,920158
4.22806870751376,0.228068707513763,0.0108082106677143,0.0430919280639588,0.103372760483374,0.184011772169244,0.136372145020642,0.191864581692301,0.370100702347582,"",0.4,4,159,820159,920159
3.96771254394987,-0.0322874560501294,0.0257993222643786,0.0186602604849823,0.14463795514098,0.174877066026929,0.131709725598105,0.0948136723831762,0.244972233535953,"",0.4,4,160,820160,920160
3.67160813217566,-0.328391867824338,0.00347609182399686,0.0164318344420502,0.180928888063724,0.171020455919863,0.124608008616602,0.614023099688051,0.378043222844196,"",0.4,4,161,820161,920161
4.00045579957915,0.00045579957915276,0.0292741508864002,0.00199664678539588,0.102675966302752,0.164942278868002,0.136438832515406,0.291156131247638,0.381637583575888,"",0.4,4,162,820162,920162
4.04242582564242,0.0424258256424244,0.00210408897598624,0.0418765297851584,0.0755280095278334,0.164028985717373,0.111037025905431,0.116786559291545,0.183353479064143,"",0.4,4,163,820163,920163
4.29809900718474,0.298099007184736,0.009737777516449,0.0155079306072299,0.196342952123271,0.165455228488033,0.128170027824896,0.152934978845485,0.207517200595454,"",0.4,4,164,820164,920164
3.80788675658317,-0.192113243416834,0.0293677632934647,0.00847588077796779,0.0728210787751305,0.180521908631927,0.13574454073941,0.872044488414297,0.339498953189845,"",0.4,4,165,820165,920165
4.09821488536425,0.0982148853642464,0.000724228659099935,0.0034525957497834,0.159522406989701,0.161206536152115,0.117915684413452,0.105551194137029,0.157286316637883,"",0.4,4,166,820166,920166
3.89442108460091,-0.105578915399089,0.00117128449829618,0.0358080888091235,0.0836392624432556,0.178664661004889,0.116649640549323,0.112007846040153,0.200587478149038,"",0.4,4,167,820167,920167
3.89670919657742,-0.103290803422577,0.00106931229027965,0.0370437872006464,0.13857518895016,0.174728355215985,0.133732817471483,0.201571793633384,0.296044077392261,"",0.4,4,168,820168,920168
3.75282540086335,-0.247174599136654,0.0122258888199973,0.0125640571598912,0.121453118996192,0.181492024023834,0.138877720926089,0.125404313246008,0.258669097052854,"",0.4,4,169,820169,920169
3.98463400129144,-0.0153659987085586,0.00964542656925904,0.0314288457475248,0.138419509257612,0.167220060588407,0.117771714517616,0.103076243913041,0.18948423367895,"",0.4,4,170,820170,920170
3.80234946110214,-0.197650538897856,0.0179416376208959,0.0212760399563684,0.163355114861152,0.17563813310411,0.114255810541519,0.0871792615539185,0.179774919056185,"",0.4,4,171,820171,920171
3.94783198094978,-0.0521680190502196,0.0210304505231534,0.0180848964990255,0.16487339764667,0.185988161932613,0.150582774348596,0.0725314223848657,0.180862939122241,"",0.4,4,172,820172,920172
4.26140810389803,0.261408103898033,0.00990367048284091,0.0381167671833408,0.222561309001685,0.177947730766172,0.126134698972934,0.112450630977333,0.21543504807823,"",0.4,4,173,820173,920173
3.99483450919334,-0.00516549080666184,0.000561085005538753,0.0205729780659482,0.23875764298125,0.160313618836079,0.134291031338678,0.1088556401817,0.220279614458204,"",0.4,4,174,820174,920174
4.01736991482649,0.0173699148264905,0.00506792076802473,0.00452547758892399,0.21755999100373,0.178502639249704,0.127857876041067,0.154809026810783,0.285653634408074,"",0.4,4,175,820175,920175
3.73295728516878,-0.267042714831221,0.0300604664539258,0.0031949678974095,0.216676243953618,0.172069475733979,0.109095657809045,0.100797302997903,0.207222491436362,"",0.4,4,176,820176,920176
3.93539842931303,-0.0646015706869676,0.0242172619100485,0.00138675437478256,0.190001635171888,0.174496218042019,0.115562945014532,0.211954264692065,0.289183927569703,"",0.4,4,177,820177,920177
4.18765426510697,0.187654265106969,0.0129330303774253,0.0121733180381389,0.11867572256533,0.170856997282302,0.117008569515242,0.105646909422766,0.191970072340139,"",0.4,4,178,820178,920178
4.03432871047198,0.0343287104719785,0.0341275050365735,0.0280463514161637,0.107891708084013,0.181956225545046,0.114758390775078,0.121840578805558,0.192284157585988,"",0.4,4,179,820179,920179
3.85524969892284,-0.144750301077157,0.0110860889280725,0.0494311408342096,0.39145656759154,0.165021233153439,0.139002130335536,0.733511537382883,0.43504880301575,"",0.4,4,180,820180,920180
3.95752358233029,-0.0424764176697137,0.0302349102300639,0.00571942151182381,0.0944426957575813,0.18152742344849,0.116808462116776,0.0739030110332465,0.242886001443875,"",0.4,4,181,820181,920181
3.68875148456069,-0.311248515439311,0.000473637754907691,0.0217220781983165,0.158043902712676,0.18564866793995,0.122144917426277,0.0784304550486388,0.206216992261874,"",0.4,4,182,820182,920182
3.90812075700393,-0.0918792429960735,0.0220912999005829,0.0121031989853153,0.155381293203119,0.164035947860865,0.132917673323124,0.113873695985313,0.164378651198609,"",0.4,4,183,820183,920183
3.80449211437968,-0.195507885620323,0.00581553305493118,0.0320798652978456,0.10721732385875,0.180779558562817,0.114005748776618,0.0992476439365612,0.204153869651791,"",0.4,4,184,820184,920184
3.89111482610533,-0.108885173894674,0.0106362647127406,0.236099658256186,0.159870974486607,0.169365367963798,0.130471313582455,0.506859455378493,0.661547324765227,"",0.4,4,185,820185,920185
4.06569137882632,0.0656913788263198,0.0138842839336671,0.068049852260413,0.165379170031055,0.17606464720794,0.140979817051385,0.105135250969715,0.234904607148162,"",0.4,4,186,820186,920186
3.80268524594755,-0.19731475405245,0.0110208938010313,0.00535758367087211,0.102282572560978,0.183546770452255,0.133458478486542,0.0963911358062549,0.217603742080473,"",0.4,4,187,820187,920187
3.9333537429566,-0.0666462570434012,0.00367702724600397,0.0523724883347035,0.0811486825225666,0.173531181871174,0.134467177671595,0.127791770951547,0.215102913557039,"",0.4,4,188,820188,920188
4.03890555179583,0.0389055517958266,0.0198369127918477,0.00536226912800986,0.153465516978755,0.172770097857295,0.128786364156437,0.102487209785897,0.151409770894923,"",0.4,4,189,820189,920189
3.99172520125579,-0.00827479874421266,0.0114937015821165,0.0342299982229006,0.0954037223273685,0.173617694749887,0.124032101247461,0.785176984678403,0.375381006455547,"",0.4,4,190,820190,920190
3.81000645259718,-0.189993547402816,0.0111208756050648,0.0046118722203834,0.179612608640492,0.175272411398383,0.122448917463655,0.109845741949934,0.182376784078196,"",0.4,4,191,820191,920191
3.67971067742564,-0.320289322574362,0.00867189075205685,0.0429844591767395,0.254331551674996,0.177676623808832,0.127205340355666,0.843428596318953,0.422290168018088,"",0.4,4,192,820192,920192
4.01099621002954,0.0109962100295435,0.0118241879282629,0.015462995359487,0.144506895871211,0.174628739981845,0.122624997171961,0.0950811837896314,0.207950408820626,"",0.4,4,193,820193,920193
3.86542101283222,-0.134578987167776,0.00679853893058502,0.00896608113828745,0.208719747288003,0.183387927205555,0.124438875156471,0.142644089255728,0.180017740166702,"",0.4,4,194,820194,920194
4.04264095180141,0.0426409518014141,0.00623604037534783,0.0465008751786262,0.191578783915912,0.180276565580166,0.112899627188425,0.344378685811364,0.475132558996619,"",0.4,4,195,820195,920195
4.06537438050121,0.0653743805012148,0.00390737204896141,0.000594995998800335,0.145594351906244,0.179526712909184,0.130465633534554,0.0897134997444269,0.207392350457022,"",0.4,4,196,820196,920196
3.95334854615489,-0.0466514538451119,0.0153792588198365,0.0758304258388059,0.08256706441223,0.154001258494638,0.127360976235648,0.222956701497028,0.411209274723463,"",0.4,4,197,820197,920197
3.90268405843948,-0.0973159415605203,0.00297848785807489,0.0203792081386774,0.155207764170261,0.154736719714053,0.133557668993335,0.124829021667461,0.186955941257163,"",0.4,4,198,820198,920198
3.97416447697211,-0.0258355230278897,0.00221042006089656,0.0223705085845361,0.192721119616922,0.188789395429197,0.1254033738926,0.1174036395341,0.237011436857576,"",0.4,4,199,820199,920199
4.01370794389454,0.0137079438945431,0.0359769823885178,0.011354542429466,0.15483465860478,0.171229224779708,0.137419167275181,0.813004198759804,0.395862336685018,"",0.4,4,200,820200,920200
4.08230212928495,0.0823021292849511,0.0122523629242826,0.0170121502889006,0.0778167753542373,0.172044390433123,0.126663162783874,0.776289801518553,0.42287994513736,"",0.4,4,201,820201,920201
4.6145714456061,0.614571445606099,0.00508157127632489,0.10190528991029,0.241805121473011,0.155956194330093,0.113352620224429,0.504793523518173,0.47728823486956,"",0.4,4,202,820202,920202
3.99928046113969,-0.000719538860309399,0.00418649795810003,0.0149394265237014,0.106737972906036,0.179847177757497,0.119871859463771,0.103905005211519,0.183353264950765,"",0.4,4,203,820203,920203
3.69255043425173,-0.307449565748268,0.00832286456562215,0.0280798201180825,0.158353600091865,0.164162218561456,0.126156316603538,0.104672128530366,0.221183423386077,"",0.4,4,204,820204,920204
3.81089979233042,-0.189100207669584,0.0251061668866326,0.001174277150188,0.130480939480479,0.178261181234128,0.142529281310044,0.103401531733906,0.220927233888032,"",0.4,4,205,820205,920205
3.7977175495275,-0.202282450472496,0.0160435563585124,0.0424166668463274,0.190481623616478,0.164506867600542,0.127903182194679,0.0715397127771548,0.210606626351574,"",0.4,4,206,820206,920206
4.47317754066958,0.473177540669581,0.0106576297316399,0.00992165197495498,0.157484457606394,0.17632414134458,0.127729488705435,0.103854308539223,0.182443141616127,"",0.4,4,207,820207,920207
4.10348605342321,0.103486053423206,0.0179830243216956,0.00355563523823946,0.138594264670277,0.163866243031211,0.118445559296987,0.0987084641920265,0.181318215897312,"",0.4,4,208,820208,920208
4.03831413470399,0.038314134703989,0.00556468973328048,0.0345045520965472,0.0794883558346755,0.153874068981428,0.142347940145545,0.123469164277363,0.256209589532954,"",0.4,4,209,820209,920209
4.45252944381549,0.452529443815489,0.0190469272074381,0.0339242887984799,0.109000198438677,0.171055967964447,0.127564006486475,0.754285790800103,0.400027020053807,"",0.4,4,210,820210,920210
4.25896256700095,0.258962567000955,0.043294272380592,0.0401256087023639,0.150627657513551,0.163041883562984,0.14125284808863,0.748951184128494,0.406025238630723,"",0.4,4,211,820211,920211
4.03727173303921,0.0372717330392129,0.0339385193565599,0.00744808970536218,0.156918301617109,0.179278666464811,0.13374493517689,0.0785217525371203,0.224097405796705,"",0.4,4,212,820212,920212
3.69965315415119,-0.300346845848806,0.0255585284255982,0.0223919316492986,0.0871858761676255,0.175125638681545,0.119003759338345,0.115236363272357,0.18980029107045,"",0.4,4,213,820213,920213
3.98799351257806,-0.0120064874219383,0.00109506482886534,0.0262873926998586,0.108461179034451,0.167260488269263,0.126919831461981,0.114583817740802,0.212108449807357,"",0.4,4,214,820214,920214
3.9129868305258,-0.0870131694741971,0.0044461496870235,0.277280369544732,0.305791226798745,0.168774310912248,0.113835854380842,0.545925920873031,0.510374886948546,"",0.4,4,215,820215,920215
3.57223086281498,-0.427769137185016,0.0340179715730475,0.0449149780861469,0.13344359292284,0.175176166407841,0.126293221206839,0.114949339581811,0.148459382900019,"",0.4,4,216,820216,920216
3.9129466715173,-0.0870533284827029,0.00542329252040238,0.0196904095555295,0.157437258317863,0.18057343849875,0.117969412175726,0.109744448514761,0.194556749479305,"",0.4,4,217,820217,920217
3.96609711820248,-0.0339028817975238,6.36659804067463e-05,0.00608597755616144,0.103316651179685,0.170716581687597,0.117177434008932,0.105383133124002,0.161014875455328,"",0.4,4,218,820218,920218
3.94188083375071,-0.0581191662492868,0.0226650622244472,0.0210691197281574,0.220302827387485,0.175299382455853,0.12696669361471,0.0966009280631129,0.291220516618893,"",0.4,4,219,820219,920219
3.75534270016787,-0.244657299832129,0.0212968499061752,0.000314058634725473,0.222583410910206,0.177116973427232,0.147677063914755,0.824340054146915,0.357662342361964,"",0.4,4,220,820220,920220
4.27681327543799,0.276813275437994,0.00232971339072743,0.0346976138454657,0.104304784430503,0.169135734469113,0.135155835191562,0.0888339500308977,0.17169704617423,"",0.4,4,221,820221,920221
4.06100082166328,0.0610008216632849,0.0183953187888483,0.017331504979792,0.102175877832859,0.170560292921989,0.123619923201736,0.0980054446909843,0.192715450895379,"",0.4,4,222,820222,920222
3.61213900071953,-0.387860999280474,0.00217931950970182,0.0357992461871212,0.108841883196289,0.175487546513081,0.134955101258045,0.112049516641282,0.129370884155295,"",0.4,4,223,820223,920223
3.64425607620319,-0.355743923796806,0.00319829417588879,0.0101943579247684,0.125667992771274,0.172996631127802,0.119521611537682,0.370163429649596,0.438406077173784,"",0.4,4,224,820224,920224
3.6993248315951,-0.300675168404899,0.00968775919880974,0.00889720390268042,0.175871402727581,0.16011079919348,0.127228120577418,0.819009837785481,0.380053851873431,"",0.4,4,225,820225,920225
4.10918645068094,0.109186450680935,0.0154233514654412,0.024855027470149,0.133606562217291,0.169275728408987,0.133335992242243,0.0954446994713618,0.185303494714585,"",0.4,4,226,820226,920226
4.05223022508014,0.0522302250801419,0.00357415164800853,0.014724297854745,0.243966642445894,0.172556128683898,0.12838000628359,0.0818648431899769,0.205394352906442,"",0.4,4,227,820227,920227
3.89495407904994,-0.105045920950062,0.0090174417883615,0.0162231465462743,0.0912702537903034,0.180927757390808,0.114250318083913,0.0799178539615055,0.153849852258836,"",0.4,4,228,820228,920228
3.88282986769567,-0.117170132304333,0.0130836126042854,0.0429133072112031,0.223385433446324,0.17197811624273,0.12768993162688,0.663383639077169,0.431830065868317,"",0.4,4,229,820229,920229
4.09141580405359,0.0914158040535868,0.010275000008949,0.00183478979439722,0.0716292079909087,0.162493988165725,0.131275693168824,0.102847200028507,0.208165580370773,"",0.4,4,230,820230,920230
3.9101119410994,-0.0898880589005988,0.00541727663153421,0.0230452994427797,0.239656371536016,0.154057886816245,0.115501125617707,0.0899034872762565,0.229100959842621,"",0.4,4,231,820231,920231
3.93753702935119,-0.0624629706488133,0.0135119135251074,0.0238103615220979,0.189316359670313,0.181534955523556,0.134780613370615,0.0706835115635764,0.209299048355275,"",0.4,4,232,820232,920232
4.15212919521799,0.152129195217994,7.40673340497155e-05,0.00958201055978111,0.105962567081382,0.158097989105557,0.13255051554738,0.0910343770406796,0.223811808639703,"",0.4,4,233,820233,920233
4.01525531085965,0.0152553108596525,0.0095212154036928,0.0197343589377992,0.0569801061761261,0.183787070334826,0.130335724284987,0.105499471012751,0.182536402947549,"",0.4,4,234,820234,920234
3.8299119107782,-0.170088089221797,0.00634403075292866,0.00675586503321113,0.187735274714634,0.180675108991937,0.105109410282029,0.0843458090333125,0.203808580253024,"",0.4,4,235,820235,920235
3.76356370721484,-0.236436292785156,0.00898329473973616,0.00397283706813878,0.122679032428421,0.173858646364439,0.126158152965417,0.113153463727224,0.25249175825817,"",0.4,4,236,820236,920236
3.68884728265843,-0.311152717341566,0.00103733653683843,0.0203428331441778,0.0937849132641878,0.174981249531499,0.142961617518749,0.0776481931482165,0.178569520010559,"",0.4,4,237,820237,920237
4.16585024160784,0.165850241607841,0.00420424059399496,0.0125307183726503,0.124444723244928,0.168911321322219,0.138773451967364,0.096226624674598,0.22208534485589,"",0.4,4,238,820238,920238
4.22097862310961,0.22097862310961,0.0104103828104999,0.034075798446407,0.0993695690490654,0.164129996082679,0.110961186706855,0.0830972398937219,0.169910077388754,"",0.4,4,239,820239,920239
3.86370675206998,-0.136293247930023,0.00186242982038468,0.0437960669572138,0.114350507632502,0.193473098046355,0.120106116965455,0.0887106713511562,0.255032508366194,"",0.4,4,240,820240,920240
3.75388948887736,-0.246110511122644,0.00632522052009118,0.0382271053808571,0.151204010739057,0.171227051057788,0.100371747222714,0.75177819318215,0.424395515925288,"",0.4,4,241,820241,920241
3.91076894055731,-0.0892310594426888,0.0136878801611325,0.0270638587923708,0.256017464801476,0.175032991693249,0.128944468022893,0.0796187644897471,0.198206152962941,"",0.4,4,242,820242,920242
3.87598603476308,-0.124013965236922,0.0212637855279777,0.0110842098186076,0.181766682267505,0.19050576064896,0.127789671234492,0.0930434674487097,0.202822636891574,"",0.4,4,243,820243,920243
3.63295634769961,-0.36704365230039,0.00855702101030045,0.0668858085339452,0.145676926521773,0.184743852210495,0.13093256731405,0.109735735001759,0.195782282459279,"",0.4,4,244,820244,920244
4.01340627045335,0.0134062704533457,0.0113111215587194,0.0160673151400043,0.139147982279321,0.167827410945898,0.142000364938837,0.120800486567978,0.179118833427537,"",0.4,4,245,820245,920245
3.94140807906742,-0.0585919209325847,0.0157140426449518,0.0294414478199561,0.0506864267008193,0.178674056710492,0.117603774365885,0.0956249547147891,0.1943366796198,"",0.4,4,246,820246,920246
3.76493434256619,-0.235065657433812,0.0107330063044655,0.00811876640125084,0.0728129151820566,0.169920018217605,0.125581489286563,0.844444866871483,0.356879494486309,"",0.4,4,247,820247,920247
4.02259975806785,0.0225997580678472,0.00249717183128481,0.0489420566133194,0.163226923425315,0.180989240237176,0.128581863122717,0.380983697468288,0.506078513494451,"",0.4,4,248,820248,920248
3.8106215045039,-0.1893784954961,0.011456083229259,0.0029694457567275,0.118790847956255,0.181835956854277,0.112908337722009,0.087603271785974,0.201743195823357,"",0.4,4,249,820249,920249
4.11983946375983,0.119839463759825,0.0112155101486544,0.00244975062659222,0.125991931984631,0.173171720832092,0.153357845059318,0.0967890972922723,0.159098773634258,"",0.4,4,250,820250,920250
3.78542486776588,-0.214575132234124,0.0184901039961988,0.027257517457278,0.166623156971191,0.18527247729066,0.126732835952398,0.0781382588747139,0.184994956060555,"",0.4,4,251,820251,920251
4.02575009581782,0.0257500958178154,0.0145438602076631,0.0282322754622278,0.262165542978568,0.16941834992093,0.139493137542725,0.0914918266443592,0.210350443733695,"",0.4,4,252,820252,920252
4.23764706709892,0.237647067098917,0.0319598007145578,0.00652684869080664,0.186272580420032,0.176366842796813,0.11266085896988,0.0602908704630151,0.212165782678506,"",0.4,4,253,820253,920253
4.28764355753723,0.287643557537231,0.00737212881855945,0.0045313860103218,0.136164353180285,0.164724291784254,0.134885517758628,0.105891467220219,0.244790903891642,"",0.4,4,254,820254,920254
3.66459171914873,-0.33540828085127,0.0256017631820407,0.0301056226717636,0.117498149053583,0.186777862246228,0.138611691843982,0.754900614230111,0.378894006037836,"",0.4,4,255,820255,920255
4.22008654091065,0.220086540910651,0.0351823386076637,0.036395616131232,0.187402258062868,0.15415134038404,0.132875869402676,0.0932754717699303,0.243077097998993,"",0.4,4,256,820256,920256
4.26757594764544,0.267575947645445,0.0230585924724732,0.0201926609118752,0.215395938074216,0.17587445233158,0.129605426237328,0.106704095641848,0.203693943644696,"",0.4,4,257,820257,920257
3.71522496477361,-0.284775035226386,0.0176278675042126,0.0261619920128051,0.116047636397713,0.166374978766716,0.127845893781202,0.117626649726006,0.194628700365837,"",0.4,4,258,820258,920258
3.68181658765544,-0.318183412344556,0.00108440650214683,0.0170256140084224,0.0954355840890371,0.166893012226479,0.123013853239578,0.153955612662622,0.411213846558865,"",0.4,4,259,820259,920259
4.25907285744914,0.259072857449143,0.000965285601442961,0.0186182015572101,0.172461404330526,0.164974708377023,0.145963241497761,0.260202255085069,0.427539591946386,"",0.4,4,260,820260,920260
3.78882488354296,-0.211175116457044,0.0100955805915118,0.0247691081033143,0.0842221744718914,0.183788279161873,0.125266974544927,0.105683839545177,0.19236307390396,"",0.4,4,261,820261,920261
3.7523136492321,-0.247686350767897,0.0286022926688886,0.0107798106765403,0.0764293364106086,0.177152402453264,0.11775474754315,0.0998920592222547,0.22017315544971,"",0.4,4,262,820262,920262
3.86471375008425,-0.135286249915752,0.0172109233082832,0.00531182926527432,0.0950629303833063,0.175408705482774,0.14646636075595,0.111789025232528,0.220027867295319,"",0.4,4,263,820263,920263
3.96652351668727,-0.0334764833127261,0.00892297991613122,0.0164580286895646,0.0974287836716019,0.168297554816809,0.111985702938311,0.0846807841761264,0.174654248586258,"",0.4,4,264,820264,920264
3.79755859096669,-0.202441409033309,0.00154699658355151,0.0456698762520087,0.0978479675033608,0.168134413778053,0.138335684447373,0.102145747807861,0.332301472623106,"",0.4,4,265,820265,920265
4.11042046747536,0.11042046747536,0.004256794098526,0.0122982317262882,0.0678632871908275,0.160807318411119,0.129642350131077,0.104139557170441,0.267846053522768,"",0.4,4,266,820266,920266
3.88111738136082,-0.118882618639182,0.0118109339664798,0.124715965646614,0.1921309393008,0.182686599904225,0.119596406124253,0.324761041727914,0.423556634667588,"",0.4,4,267,820267,920267
3.52286861753198,-0.47713138246802,0.0348733907278229,0.00772654013524313,0.109693854523412,0.17876565242928,0.116897040657318,0.0836046967950718,0.243578990427906,"",0.4,4,268,820268,920268
4.02248554704632,0.0224855470463208,0.00848639284946487,0.0283726904592502,0.0582920421875361,0.18206069613008,0.135794662002212,0.0985997502240274,0.246863080309329,"",0.4,4,269,820269,920269
4.03500876733077,0.0350087673307664,0.0191328182153083,0.0138438690537056,0.166030079942299,0.165650170946301,0.129389199121845,0.120597747842188,0.220303831133826,"",0.4,4,270,820270,920270
4.08155262639692,0.0815526263969231,0.0113799140315057,0.000220410121760689,0.101566521658297,0.167275498765149,0.125549902032425,0.121796157793944,0.32286879922877,"",0.4,4,271,820271,920271
4.04946771898632,0.0494677189863157,0.00568214899325081,0.0107533938082067,0.127516578079017,0.170531358874684,0.12405644469904,0.114691248462026,0.215681665731443,"",0.4,4,272,820272,920272
3.76380394374175,-0.236196056258253,0.0116818986998998,0.0974692682928205,0.183347935576502,0.192559769077681,0.125528116089469,0.244115960757138,0.329132785725747,"",0.4,4,273,820273,920273
3.92848915176268,-0.0715108482373243,0.0111621536566019,0.0594663276153664,0.252999434298244,0.182441835109956,0.110833841950074,0.839144838424824,0.374943311915263,"",0.4,4,274,820274,920274
3.78275760787505,-0.217242392124954,0.00138248726554588,0.0328061422354855,0.0751123594659585,0.185881177273439,0.121609008742512,0.100584354760826,0.176290579697016,"",0.4,4,275,820275,920275
3.98254197179,-0.0174580282100005,0.0235244333959688,0.0150345958087473,0.151370212778546,0.165427710969533,0.136825513165521,0.0901286406949673,0.232543252865837,"",0.4,4,276,820276,920276
4.21591800405664,0.215918004056644,0.0259564614009818,0.0201220777237349,0.250506418470779,0.158431857881457,0.15302017378224,0.0932562520459693,0.242657654493988,"",0.4,4,277,820277,920277
3.80151498457893,-0.198485015421071,0.0114591421090681,0.00826820354563887,0.132038776740057,0.172712396989347,0.110880784019663,0.102247146092524,0.234177183911775,"",0.4,4,278,820278,920278
4.07183242272423,0.0718324227242348,0.0239192565980901,0.0353245087926257,0.0818302340279701,0.184840642146007,0.13269477270439,0.105551268070014,0.144483421555342,"",0.4,4,279,820279,920279
4.12993538636692,0.129935386366919,0.0409305617291236,0.0200549338228408,0.237062308760276,0.18733767956058,0.121947321606119,0.109802568347349,0.198818078401448,"",0.4,4,280,820280,920280
4.22369595265973,0.223695952659731,0.00992060928626193,0.0198217454747258,0.182290040201603,0.167980610216741,0.114793549067165,0.747374816979813,0.438380304437484,"",0.4,4,281,820281,920281
3.9820476867107,-0.0179523132892991,0.00474261269927986,0.0157575523319331,0.188682525835692,0.165754622025226,0.117688983090339,0.116217985898475,0.200445132596682,"",0.4,4,282,820282,920282
4.14490339555003,0.144903395550032,0.00381257672262633,0.00858881290151681,0.186128016082795,0.164575368509086,0.121544383566111,0.779659014748091,0.42346902591727,"",0.4,4,283,820283,920283
3.84602572669457,-0.153974273305433,0.0248939465450394,0.0343461751544024,0.101739938554934,0.18389626625548,0.110263337168659,0.103502350765002,0.210767026417568,"",0.4,4,284,820284,920284
3.88644731851361,-0.113552681486389,0.00799937634592288,0.0533127556367826,0.0833708118967451,0.166576001870218,0.142524916370366,0.241112787983604,0.393713625271961,"",0.4,4,285,820285,920285
4.03991435985296,0.0399143598529603,0.00105511502851474,0.0256570657154361,0.18987803229415,0.175443780464561,0.140145799482545,0.0952995736710414,0.285491962140973,"",0.4,4,286,820286,920286
4.04201833075096,0.0420183307509614,0.0172556398813194,0.032787753637657,0.093219209816971,0.166034106568711,0.115318501764945,0.115961048208374,0.27144494390055,"",0.4,4,287,820287,920287
4.09452570112346,0.0945257011234641,0.00543145076496099,0.0120909457573702,0.152554929005637,0.168754154780098,0.131377631725026,0.106820664154245,0.158914461043467,"",0.4,4,288,820288,920288
4.18090637267595,0.180906372675951,0.0145768905927981,0.0078830064969847,0.132070344215063,0.181609541429046,0.139336497806394,0.0866264276634812,0.177641397091985,"",0.4,4,289,820289,920289
3.9171266539232,-0.0828733460767963,0.0251241427537704,0.0351427227242657,0.172044665917471,0.163722257056227,0.127339894927555,0.0983279903863389,0.205626982471676,"",0.4,4,290,820290,920290
3.97460679751185,-0.0253932024881478,0.0114769255043697,0.00731691661997033,0.18138536141743,0.192286002654791,0.114626490366392,0.0963634140088854,0.199943487745931,"",0.4,4,291,820291,920291
4.04423160688085,0.0442316068808504,0.0261690032853852,0.000637402142388582,0.166679709829343,0.168958129436496,0.129373252246244,0.120788719671261,0.207224185613822,"",0.4,4,292,820292,920292
3.89391009586011,-0.106089904139892,0.00120503667331182,0.0542111581948004,0.136524874565895,0.16971396421001,0.137231826172767,0.128421133613751,0.270056593997433,"",0.4,4,293,820293,920293
4.40705013054992,0.407050130549919,0.00665705951671355,0.0272268913012524,0.144068045339358,0.160005695181744,0.134120808676989,0.102110646164559,0.256744406099992,"",0.4,4,294,820294,920294
3.96660409615889,-0.0333959038411069,0.0109649352368835,0.015391455979685,0.089212493283835,0.152997041310159,0.124166542547372,0.0867352095964608,0.172448803863219,"",0.4,4,295,820295,920295
3.60274863072231,-0.397251369277693,0.0114133420089049,0.00862122714736804,0.175877651058693,0.17653353281229,0.124373984914462,0.098456296374237,0.173809530847394,"",0.4,4,296,820296,920296
4.1953565933929,0.195356593392902,0.00881536516732184,0.0252650529704174,0.174768820339992,0.16259804505376,0.133774182085414,0.138580360256387,0.223379303959526,"",0.4,4,297,820297,920297
3.80923296075222,-0.190767039247784,0.0188307332899693,0.011051786318429,0.123751153546647,0.175731160839497,0.122568738093619,0.744381650795257,0.372046398280247,"",0.4,4,298,820298,920298
3.74670424031268,-0.253295759687318,0.0258208922132757,0.034512704238242,0.226134653890293,0.181244220612603,0.126770221888087,0.0955638789568901,0.180074174402069,"",0.4,4,299,820299,920299
3.94593593026228,-0.054064069737715,0.00710963414696811,0.00825185506871598,0.250833858518783,0.165312174040496,0.115627754496299,0.0951751119446368,0.160713109793505,"",0.4,4,300,820300,920300
3.8575696282025,-0.142430371797504,0.0122988714840922,0.0320262352120743,0.196593133284429,0.159749965655185,0.123258593047466,0.760461977220591,0.4344671248669,"",0.4,4,301,820301,920301
3.67902426121204,-0.320975738787956,0.0131418856807515,0.0321279298276522,0.113465465710436,0.16831913663909,0.12130927878409,0.10554373419311,0.246003206024219,"",0.4,4,302,820302,920302
3.72876309826208,-0.271236901737924,0.0140031817284238,0.00673993374453152,0.0839050795196768,0.180438126722452,0.111990413974908,0.131812601366366,0.184103249791992,"",0.4,4,303,820303,920303
3.98019424496808,-0.0198057550319248,0.00134653143354857,0.000220709461645513,0.203767022042843,0.173796881256299,0.117148314310946,0.0960716953857527,0.170564264788188,"",0.4,4,304,820304,920304
4.12724293404934,0.127242934049341,0.051205362022165,0.0321790801529971,0.169261001831108,0.153880329321584,0.117477377208642,0.0917890799200212,0.18443571143329,"",0.4,4,305,820305,920305
3.97074387980829,-0.0292561201917105,0.00328408676148859,0.0443609137405334,0.132811541452661,0.189836239011344,0.116298019323813,0.233986808270955,0.368533274340828,"",0.4,4,306,820306,920306
3.85624388802449,-0.143756111975508,0.0360253881497071,0.00170105351715621,0.0925865292742415,0.189048998138389,0.128379140348398,0.0870539232552097,0.17947992471552,"",0.4,4,307,820307,920307
3.95594624623482,-0.0440537537651817,0.0277388381787122,0.0217464559130807,0.134194132162985,0.166810245041968,0.120234389052904,0.0957269334629381,0.174064675048254,"",0.4,4,308,820308,920308
3.89043915830542,-0.109560841694577,0.0296798101188932,0.039915254848594,0.109564210418216,0.173904186274126,0.137496569664013,0.112398841474929,0.190334258041498,"",0.4,4,309,820309,920309
3.83272948423355,-0.167270515766453,0.00629933971152788,0.00167800478264443,0.266356288103631,0.175267506575348,0.127887014959261,0.772155842923176,0.425500154614428,"",0.4,4,310,820310,920310
3.77411949747427,-0.225880502525726,0.00224091831458365,0.0156784316866679,0.182097993042338,0.176660014611449,0.114764409330206,0.0785747410774643,0.18083030170445,"",0.4,4,311,820311,920311
4.06014879000705,0.0601487900070499,0.0110044269303926,0.0230200303585502,0.342822060816922,0.174857879371308,0.12765597811621,0.0827854818649107,0.176439826638541,"",0.4,4,312,820312,920312
3.75585463196758,-0.244145368032416,0.0151420555302668,0.0165030045831461,0.108524147065963,0.163804959735926,0.123198237358126,0.110218290423237,0.169909518151828,"",0.4,4,313,820313,920313
3.95840409068191,-0.0415959093180929,0.0198087675544547,0.0575381770264338,0.221960109492022,0.173980783283476,0.134404595487499,0.426344193281374,0.502239006666317,"",0.4,4,314,820314,920314
3.92199651556643,-0.0780034844335722,0.0201729506533799,0.0116226904399015,0.151571436531855,0.161994461116374,0.116583960765556,0.0735994651825193,0.189719746150181,"",0.4,4,315,820315,920315
3.99621688525817,-0.0037831147418288,0.0175461452606356,0.0424435269803953,0.176886119945162,0.174797914736251,0.116357399768135,0.135344948521129,0.149553339935419,"",0.4,4,316,820316,920316
3.71417959632824,-0.285820403671755,0.01115624178978,0.0315103752278364,0.11132371057663,0.167148895867361,0.127686587656437,0.776743998911009,0.388040105503066,"",0.4,4,317,820317,920317
3.99680596696122,-0.00319403303877852,0.0229002497332277,0.0110333053659598,0.136659187784686,0.177479578913276,0.116216223800851,0.0961775175406146,0.21567620400101,"",0.4,4,318,820318,920318
4.09676093983113,0.0967609398311335,0.0137324018058844,0.010565666420708,0.240689964482461,0.172831531870725,0.122196272183022,0.102467022927729,0.213528064558401,"",0.4,4,319,820319,920319
3.90932321690924,-0.0906767830907551,0.00512502923298633,0.0357095400032562,0.300467628177622,0.172188526765555,0.128149047795372,0.754202422872236,0.342984641846724,"",0.4,4,320,820320,920320
3.92336499575494,-0.0766350042450554,0.00730581306943046,0.0255162769058821,0.127062214003611,0.185575361583037,0.12470121832062,0.765502472781411,0.366070953949819,"",0.4,4,321,820321,920321
4.11338927708729,0.113389277087287,0.000601761124009226,0.0168455652385433,0.202663520471474,0.167689924686613,0.12774242381975,0.10561070731597,0.199496490064199,"",0.4,4,322,820322,920322
4.48853828576815,0.48853828576815,0.00199097316099628,0.00100764947774232,0.0951351671557127,0.163280102772037,0.11349930793715,0.104663918702475,0.168033036072591,"",0.4,4,323,820323,920323
3.90762858115446,-0.0923714188455378,0.0143349235927376,0.0186318907900784,0.143280880874661,0.16727910951641,0.138816959716175,0.126376239021124,0.192383250053864,"",0.4,4,324,820324,920324
4.35212076549007,0.352120765490071,0.0118424809488095,0.0406278586666672,0.0994947332881153,0.1713154109127,0.121241705902229,0.830312491611589,0.384116307545003,"",0.4,4,325,820325,920325
4.14910193247215,0.149101932472147,0.0051788791481748,0.00390227340000657,0.369581963243052,0.161410736933234,0.116477882485841,0.0741321028725403,0.185195920450894,"",0.4,4,326,820326,920326
3.98056041124462,-0.0194395887553829,0.0152414080516552,0.00485217548932748,0.191531666446385,0.186534028676601,0.120272824386523,0.116981692663694,0.158337526066077,"",0.4,4,327,820327,920327
3.95286761707072,-0.0471323829292754,0.0231386053774757,0.00761538432034248,0.0977714703478084,0.173007551040803,0.112687683106887,0.11064065959258,0.162868344016175,"",0.4,4,328,820328,920328
3.80362195306157,-0.196378046938428,0.00830392746072839,0.00805346327831344,0.198378506463949,0.175780788576092,0.116220235293392,0.112911346993274,0.195309476348093,"",0.4,4,329,820329,920329
3.75859968505687,-0.241400314943128,0.0123446135971799,0.0389201259702068,0.138050626263446,0.187816994446111,0.127645394462167,0.0900648401535829,0.209624713309461,"",0.4,4,330,820330,920330
3.94942952408175,-0.050570475918251,0.0120395607703016,0.0827668760211554,0.139510631314887,0.170208875873043,0.125924097937664,0.73107848725261,0.403347183913194,"",0.4,4,331,820331,920331
4.16628577565866,0.166285775658664,0.00889006432694342,0.0169307597420939,0.182440234264365,0.17003257599997,0.127647485323171,0.087817775897283,0.187597298823187,"",0.4,4,332,820332,920332
4.1769509759449,0.176950975944902,0.00596008599538703,0.0142608375103229,0.199567176910495,0.159271744203323,0.128431907048453,0.0868561013666451,0.161390914152059,"",0.4,4,333,820333,920333
3.7951947345261,-0.204805265473897,0.026726666006181,0.00907717369781938,0.0994646001990488,0.170731670332039,0.126883972788587,0.0801466023497641,0.335199174819771,"",0.4,4,334,820334,920334
3.84066485072778,-0.159335149272222,0.0105002480678571,0.0206380048293019,0.266890508270983,0.179755005045314,0.113215587235277,0.0899379986026258,0.233148294751488,"",0.4,4,335,820335,920335
3.99940125970003,-0.000598740299972089,0.00538002705028237,0.023718318368644,0.122535610086755,0.160580934983745,0.148560957977489,0.0929657020601375,0.182759058056554,"",0.4,4,336,820336,920336
3.85459022570382,-0.14540977429618,0.00890024548349663,0.0173451963577657,0.153243317629335,0.172460605472688,0.133102117507107,0.0853497528954668,0.228772151432333,"",0.4,4,337,820337,920337
3.82558835518397,-0.174411644816032,0.00660937330854372,0.00722539558822952,0.09765973283231,0.187948911299546,0.119591513458626,0.0879791262180189,0.179183735978966,"",0.4,4,338,820338,920338
3.62290674347424,-0.377093256525764,0.0116693960332661,0.00857308177865526,0.154429871379257,0.188129233994707,0.132530794555722,0.788098437101356,0.402727237524235,"",0.4,4,339,820339,920339
3.82579267368194,-0.174207326318059,0.0305989683390473,0.0262780777245867,0.0751079435617372,0.175954566372079,0.127734349410679,0.0816057151441118,0.168991839945769,"",0.4,4,340,820340,920340
3.53901380989949,-0.46098619010051,0.0152237560397597,0.00837922433525129,0.174420386983508,0.187456837251168,0.101969299008878,0.09390265105602,0.173176844930674,"",0.4,4,341,820341,920341
3.95946676370058,-0.0405332362994208,0.0126184036756016,0.0526347047979966,0.223604886688552,0.17016684141683,0.107035070948889,0.0773445522869436,0.205290649973837,"",0.4,4,342,820342,920342
4.02119015158865,0.0211901515886499,0.0205895969684061,0.0703946672084874,0.118497256784849,0.155326240873647,0.139731757122598,0.583153571139214,0.361440641391612,"",0.4,4,343,820343,920343
3.93323880355532,-0.0667611964446775,0.00661333037721365,0.0216345291732709,0.153585356355651,0.180731176381421,0.11941683197088,0.089482394084601,0.203848706720174,"",0.4,4,344,820344,920344
3.88049719206846,-0.119502807931535,0.0130742182300881,0.0357078965265379,0.0795722479969014,0.177226684145539,0.132265794451924,0.0963681376188741,0.132771210194299,"",0.4,4,345,820345,920345
4.1182115274919,0.118211527491897,0.00325011336862638,0.0174574316249243,0.0841598256934362,0.168349621649451,0.130419325579433,0.109982219018078,0.177659593868636,"",0.4,4,346,820346,920346
4.24107015534385,0.241070155343849,0.0149284631209693,0.00190399325076307,0.313320078257353,0.167241119863284,0.111865695653181,0.834588938486268,0.429657251484782,"",0.4,4,347,820347,920347
3.8929649305264,-0.107035069473596,0.0175204205551279,0.153956894329735,0.224305051315052,0.173752520004212,0.127485737511006,0.77873890958003,0.398229996496692,"",0.4,4,348,820348,920348
3.93700400320739,-0.0629959967926061,0.0109769833135911,0.0358320919918453,0.199376415093454,0.187334082865849,0.130907061811759,0.861339230124519,0.390381048630749,"",0.4,4,349,820349,920349
3.90730410124016,-0.0926958987598381,0.00643577466932319,0.0658482067773009,0.0901930579329231,0.162944939515772,0.126930804799764,0.112050550639091,0.17832752703203,"",0.4,4,350,820350,920350
3.81489400387657,-0.18510599612343,0.00153985225072795,0.0407511732495924,0.131265641528663,0.179374431000651,0.125591379147603,0.178700931035166,0.33425577137392,"",0.4,4,351,820351,920351
4.39101747239108,0.391017472391075,0.0308302345612055,0.011116611296364,0.109687469875409,0.16637887832432,0.12217608433958,0.0792715868797895,0.216228716144865,"",0.4,4,352,820352,920352
4.07331603390151,0.0733160339015129,0.0294935115355093,0.00127688746472929,0.0810613524491227,0.15654778706148,0.119941863389708,0.114312893690945,0.219110855596697,"",0.4,4,353,820353,920353
3.85986826176572,-0.140131738234284,0.0389167518070724,0.0420746724337448,0.221875856958215,0.173837708492836,0.134883773808465,0.084233962722947,0.204123148253635,"",0.4,4,354,820354,920354
4.29573170596581,0.295731705965806,0.0136575676285213,0.0117895674964585,0.11514990352796,0.172073681490922,0.130846241291825,0.111611059639674,0.234345105741359,"",0.4,4,355,820355,920355
3.8871039756893,-0.112896024310704,0.00759236990814791,0.0854447484066025,0.243999119294164,0.168316103750912,0.136660179515064,0.786116819582095,0.389399345727303,"",0.4,4,356,820356,920356
4.12602841552108,0.126028415521083,0.0258983246450373,0.0423733672358808,0.14338247631807,0.181096249875972,0.133960661700216,0.386979268979586,0.486808906015654,"",0.4,4,357,820357,920357
3.67456263737977,-0.325437362620226,0.0364642474172088,0.0624026248398104,0.107026234183854,0.181499873714827,0.149059207754035,0.117305430506637,0.206987765230395,"",0.4,4,358,820358,920358
4.15651245820051,0.156512458200505,0.0160892461391128,0.00600512784654819,0.183207712503029,0.152850104444007,0.127568085538514,0.149566664308638,0.307098556958642,"",0.4,4,359,820359,920359
3.79519382273016,-0.204806177269837,0.0194504023130249,0.0162622607569524,0.14238651221204,0.173367161834949,0.139550397194039,0.109657485391834,0.230164389334001,"",0.4,4,360,820360,920360
3.72891603466909,-0.271083965330905,0.0104665172305598,0.0160530836457951,0.186965205579524,0.177521517823253,0.13153964647167,0.135154560203252,0.196993580334428,"",0.4,4,361,820361,920361
4.06684743855826,0.0668474385582618,0.0333156800619446,0.0121303159573808,0.326897687920347,0.174352893041852,0.127358585589034,0.117739504351704,0.205153345961254,"",0.4,4,362,820362,920362
3.77044719470018,-0.229552805299815,0.00076042128476661,0.0207417212501689,0.237546474026343,0.181635490634235,0.119107975499789,0.0782960027636913,0.19496532582404,"",0.4,4,363,820363,920363
3.80807331450364,-0.191926685496358,0.0245062989085011,0.0416979175446493,0.304266008237811,0.186176931233462,0.128184048563335,0.864581203751939,0.416872789035297,"",0.4,4,364,820364,920364
4.18958129034741,0.189581290347414,0.01295973643505,0.000879004766779601,0.111273148040028,0.171512794665119,0.127935455209369,0.114587570495981,0.152699515686855,"",0.4,4,365,820365,920365
4.11687948919273,0.116879489192727,0.0291251631200533,0.0501792407137222,0.0994105254429692,0.164513426420974,0.132737482139863,0.659742185446814,0.418895071121946,"",0.4,4,366,820366,920366
3.77676940064649,-0.223230599353509,0.003028444462853,0.0232990783311942,0.180750756805295,0.16586240421374,0.142301004679748,0.0892338436407824,0.146377580192005,"",0.4,4,367,820367,920367
3.82013954003496,-0.179860459965044,0.00159800656480316,0.00659368627539536,0.112637709325729,0.186298015262398,0.108757073265937,0.112910061522134,0.164157084206099,"",0.4,4,368,820368,920368
4.24213996853012,0.242139968530121,0.00459383728969867,0.00452779731435152,0.163571305765585,0.174460570982925,0.118459872664086,0.101474480295306,0.195749423418789,"",0.4,4,369,820369,920369
4.06600112329642,0.0660011232964166,0.00888819807030547,0.0062798557233025,0.137829141334507,0.161461593638158,0.124182413459155,0.0769540825566591,0.161452241494417,"",0.4,4,370,820370,920370
3.81202167370495,-0.187978326295048,0.00407017752687247,0.00563472107354568,0.101977400192487,0.168653324717796,0.115934511530384,0.0936560411418137,0.1770210709083,"",0.4,4,371,820371,920371
4.07156924692005,0.0715692469200473,0.00745013817336401,0.015247049040566,0.121229176520017,0.181732070150167,0.120833594549409,0.122065834970876,0.161420818893434,"",0.4,4,372,820372,920372
3.64262644748466,-0.357373552515339,0.00928942054162199,0.0129494367838512,0.091282415575074,0.173960656878164,0.135409270304306,0.784160345718697,0.384727723164847,"",0.4,4,373,820373,920373
3.97760941736617,-0.0223905826338262,0.0138836689147067,0.0133382110894088,0.0870685154857544,0.157264618556833,0.132867695921982,0.0846203834409288,0.205745673804946,"",0.4,4,374,820374,920374
4.08181376627007,0.0818137662700682,0.0114385484162332,0.0231925482192508,0.196415623460647,0.189148884563441,0.119462261985055,0.0865117357474758,0.202210918422566,"",0.4,4,375,820375,920375
3.75484810423248,-0.245151895767524,0.0124594648149623,0.0209697960460809,0.122131038050724,0.184860033332046,0.119294811670215,0.0892076561812522,0.203391354221467,"",0.4,4,376,820376,920376
3.83164427685287,-0.168355723147132,0.0208035523192424,0.0236942902877874,0.111256734627478,0.185807353821189,0.140888739740474,0.105269567453769,0.217267153782066,"",0.4,4,377,820377,920377
4.14701546250843,0.147015462508428,0.00230717720509629,0.0249737327566519,0.126874021385256,0.17956457611425,0.134267073979287,0.133389196950089,0.204384938239717,"",0.4,4,378,820378,920378
4.56661490559829,0.566614905598295,0.00775056831449109,0.231876317822303,0.182865858793323,0.15454339878033,0.131101964195425,0.694901281106586,0.546536164517884,"",0.4,4,379,820379,920379
3.79447470656651,-0.205525293433494,0.00364172871817992,0.0126993606145648,0.12717643546534,0.167719609826359,0.128298222713454,0.0949406355975485,0.221813667984634,"",0.4,4,380,820380,920380
4.03175971340163,0.0317597134016312,0.0410560223220172,0.0783669213678234,0.127894468856065,0.172523766554191,0.134136343965184,0.201278925640013,0.327071113367058,"",0.4,4,381,820381,920381
3.77189285441134,-0.228107145588659,0.00333891014236806,0.0130279718827861,0.260126161269692,0.186496074727308,0.150125898537433,0.398773836209995,0.414280859632377,"",0.4,4,382,820382,920382
3.88870861409956,-0.111291385900441,0.0158724907199043,0.00888960325615198,0.118526345234485,0.187824985894799,0.120205153415072,0.751815688597993,0.398268832316713,"",0.4,4,383,820383,920383
3.7823428540353,-0.217657145964696,0.0178847397627446,0.0239112285425875,0.161926211349559,0.141779021558826,0.119966650902752,0.0905328112494815,0.255391434831767,"",0.4,4,384,820384,920384
3.69451613479231,-0.305483865207687,0.0152086448556698,0.0169944212137663,0.119009113969467,0.165291646921287,0.140106867447173,0.144960339345719,0.250718907928802,"",0.4,4,385,820385,920385
3.7798932782771,-0.2201067217229,0.0119039207521872,0.00876576960929976,0.151170182565709,0.165854625686016,0.130832434537125,0.123390787208425,0.241431001566341,"",0.4,4,386,820386,920386
3.52794878046582,-0.472051219534178,0.0509738719848173,0.0271686181887065,0.136462525903666,0.186657150941393,0.12597403074818,0.0906644068522396,0.170148141462826,"",0.4,4,387,820387,920387
3.86715488727623,-0.132845112723771,0.00456044132869393,0.0398630219548425,0.14981173561048,0.172953407412929,0.13505421991406,0.198116059172276,0.28858117172319,"",0.4,4,388,820388,920388
4.32002965368234,0.320029653682336,0.025108924865155,0.0237897590581922,0.128277510124301,0.176769737595028,0.132675114143389,0.433571389654595,0.51238915821918,"",0.4,4,389,820389,920389
3.72281348631721,-0.277186513682794,0.0105948334941372,0.00759919186861271,0.115474913419359,0.189209635995674,0.104833962855948,0.118531474239484,0.167178460035969,"",0.4,4,390,820390,920390
3.75871235825702,-0.241287641742982,0.0115107739026051,0.0187776217864085,0.225625206151638,0.180542988202309,0.123374723178484,0.114712167253659,0.247329736856625,"",0.4,4,391,820391,920391
4.01158488797395,0.0115848879739513,0.00934624445561569,0.0320097364435963,0.207416179923513,0.162302698217984,0.115393433801879,0.819722775045125,0.406143565729618,"",0.4,4,392,820392,920392
3.99190329363168,-0.00809670636831905,0.00575412537563591,0.114280983947965,0.162197823375551,0.164664563316581,0.131103486614221,0.391257934685317,0.423564828933713,"",0.4,4,393,820393,920393
3.97428921664554,-0.0257107833544596,0.0103177146210207,0.0111036907871076,0.159614888226567,0.171373812656593,0.110812438396397,0.146153742642399,0.177895320297805,"",0.4,4,394,820394,920394
4.06447256802681,0.0644725680268063,0.0109191289303926,0.0268691494322389,0.0828710611552151,0.172590993033232,0.136382573242256,0.0990827920912013,0.191761577808047,"",0.4,4,395,820395,920395
4.00515045730012,0.00515045730011554,0.0058576985584097,0.0238252681320952,0.091951989970605,0.186548645682014,0.118686193277186,0.0926607568160422,0.173964718018456,"",0.4,4,396,820396,920396
4.1089985324598,0.1089985324598,0.0101745089360955,0.0623748331366595,0.098303355477589,0.157322352280802,0.115650588255346,0.1069051376052,0.194945891393503,"",0.4,4,397,820397,920397
3.64559783390627,-0.354402166093729,0.00320365901751596,0.0337925022880085,0.106273076222651,0.16548944962324,0.110629860633949,0.105590123247977,0.212843233078322,"",0.4,4,398,820398,920398
3.81583730462739,-0.184162695372608,0.00615644711334243,0.00525647992142309,0.139350166662346,0.167670384059157,0.124940834904459,0.0814191474466163,0.215300590060523,"",0.4,4,399,820399,920399
3.94254510488577,-0.0574548951142315,0.00425232919786336,0.0925397888652381,0.22827767373278,0.193674889862222,0.130137291540958,0.792471049500029,0.371882680092896,"",0.4,4,400,820400,920400
4.07942182172054,0.0794218217205449,0.0117721822782948,0.016563691549269,0.24145513855979,0.162694171961551,0.130743576961778,0.0932463272820189,0.23162975610729,"",0.4,4,401,820401,920401
3.80808651207055,-0.191913487929452,0.0168732338468459,0.0280531794024775,0.0999635072773145,0.190702705491577,0.136703362422405,0.102993331196607,0.245008548335222,"",0.4,4,402,820402,920402
4.18108214081447,0.18108214081447,0.00991193644454627,0.0236741159013828,0.156843391769089,0.168762853889535,0.126710506592294,0.140232028097266,0.271944143644938,"",0.4,4,403,820403,920403
3.58141673310397,-0.41858326689603,0.0011369365514047,0.0230025282969227,0.0686669695477337,0.169167659693286,0.14002627279191,0.107129325590706,0.168534451190397,"",0.4,4,404,820404,920404
4.1176380310555,0.117638031055498,0.0103379025989164,0.0202581959937672,0.232291867325366,0.178210963564386,0.10635849415641,0.131658008816984,0.181318781046645,"",0.4,4,405,820405,920405
3.95804057750639,-0.0419594224936071,0.0133229807180014,0.0122934264141638,0.151936826590991,0.185786431031088,0.139820899494181,0.103346254475528,0.132837116619018,"",0.4,4,406,820406,920406
4.03460234086348,0.0346023408634837,0.0203412160746507,0.00862629876783771,0.161297067008573,0.177381417747994,0.142212195318561,0.719700249927517,0.354663413207205,"",0.4,4,407,820407,920407
3.86224609854117,-0.137753901458834,0.00385742326744287,0.0378358449767912,0.199997970400104,0.163264198505691,0.119702413884727,0.103399937825287,0.18834994785022,"",0.4,4,408,820408,920408
3.8998980141413,-0.1001019858587,0.00135004034599939,0.00213821850550847,0.124326314843651,0.182337894624796,0.127777116380474,0.108039494475933,0.160410941166845,"",0.4,4,409,820409,920409
4.42012702861298,0.420127028612979,0.0165938494749133,0.0429211726427932,0.144962422486464,0.175576813760672,0.128495493855516,0.098035948765842,0.20291432465371,"",0.4,4,410,820410,920410
3.80562951663984,-0.194370483360156,0.0317630144976595,0.0154120303632284,0.113401603588522,0.175258442397719,0.126314467017868,0.772846790972876,0.368175951943112,"",0.4,4,411,820411,920411
4.42484386111046,0.424843861110464,0.00613458330940997,0.0470595612608866,0.113798940465036,0.19803748731584,0.106740768458787,0.883096444380723,0.419256276382444,"",0.4,4,412,820412,920412
3.4480431562399,-0.551956843760095,0.00940802787866915,0.0176330766205547,0.122965376443158,0.180965525456902,0.129395885962308,0.076396021357617,0.153746574606011,"",0.4,4,413,820413,920413
3.63817914152878,-0.361820858471225,0.014374868721596,0.0180399293200126,0.198465439011186,0.17715685254816,0.122087582075147,0.796880632751028,0.368427549280995,"",0.4,4,414,820414,920414
4.07989323054623,0.0798932305462285,0.00237364866142134,0.00390262152855728,0.176813086555872,0.160826556935848,0.121553066866699,0.0941527275297826,0.184921198015596,"",0.4,4,415,820415,920415
3.95549468428405,-0.0445053157159525,0.00294302013887271,0.0724625322574791,0.128628360211899,0.169851996376953,0.118781427390519,0.136152102003211,0.209991479487315,"",0.4,4,416,820416,920416
3.77044822939721,-0.229551770602789,0.0104467172865493,0.00584027661778211,0.1557701709262,0.17903699704653,0.115062649423539,0.84362779513446,0.34919439847032,"",0.4,4,417,820417,920417
3.70316965225089,-0.296830347749112,0.00290906469383634,0.00511435632685497,0.124798315284327,0.171081027101915,0.123686225591445,0.776609659334266,0.337167574366514,"",0.4,4,418,820418,920418
3.75605722996109,-0.243942770038913,0.00574135983602897,0.0290970103294268,0.221553948266439,0.157309056014739,0.133063504989627,0.0975568508502724,0.219953099762397,"",0.4,4,419,820419,920419
4.06714754054082,0.0671475405408186,0.00127389628846267,0.055978986538947,0.0673621675288054,0.173408666486177,0.125525229182074,0.0930014801702643,0.230504709899346,"",0.4,4,420,820420,920420
3.6721966808141,-0.327803319185901,0.0159536754356101,0.0136650822191571,0.104646465853643,0.178367544382108,0.131613323086063,0.0978423573284459,0.195216239621038,"",0.4,4,421,820421,920421
4.37289062214602,0.372890622146024,0.00400299107093471,0.094674334992092,0.131979161802636,0.160533552305866,0.111128727337513,0.548076220820427,0.561677710090888,"",0.4,4,422,820422,920422
3.90677280834576,-0.0932271916542358,0.0279691554858359,0.010769586229991,0.126155127318771,0.175645787900124,0.12207423690336,0.105141499165638,0.183962575692666,"",0.4,4,423,820423,920423
4.24821840631168,0.248218406311683,0.00364526324451489,0.0264714015688289,0.126071822177373,0.159088748131566,0.105851989745053,0.0765094295366954,0.222035464025848,"",0.4,4,424,820424,920424
4.06576828324099,0.0657682832409936,0.0312487292763633,0.00933374129469047,0.103739893171022,0.149610606349717,0.133920078031074,0.802389540097081,0.354918737370417,"",0.4,4,425,820425,920425
4.16253129941285,0.162531299412853,0.0121523258457914,0.0352900757155958,0.143824045941277,0.1672959125922,0.129872659339579,0.098510927943063,0.19411467850701,"",0.4,4,426,820426,920426
4.164667985136,0.164667985136004,0.0188398465080532,0.0279330986606765,0.0800459293611882,0.159721887201725,0.135837219517276,0.0819058173559632,0.198920317590795,"",0.4,4,427,820427,920427
3.98767468076368,-0.012325319236322,0.0036702130989312,0.115072011442504,0.208771933234887,0.164747382343953,0.127048393190789,0.581556328867827,0.500173029575271,"",0.4,4,428,820428,920428
3.86332104561535,-0.13667895438465,0.00308110358903577,0.00457204328306041,0.138477903624214,0.18582616952476,0.132383316113182,0.0828896281802677,0.237627291897945,"",0.4,4,429,820429,920429
3.93906578696292,-0.0609342130370818,0.0117666511674183,0.035872677180157,0.147878116671432,0.188090445279243,0.129234513908047,0.86795604446235,0.340301274454344,"",0.4,4,430,820430,920430
3.88310019810975,-0.116899801890249,0.00271630028036096,0.0228694862648231,0.230092523234006,0.180675266946435,0.12390361042293,0.765488816375681,0.406401656061168,"",0.4,4,431,820431,920431
4.22615003872891,0.226150038728905,0.000282938708413866,0.350990749398789,0.316885461216191,0.166442095721313,0.114223513194917,0.955868996338622,0.56208890010275,"",0.4,4,432,820432,920432
3.85888165711268,-0.141118342887317,0.0140066850724362,0.123088349018106,0.21343369092734,0.142953431457648,0.110589585544475,0.376626288979231,0.417214892172349,"",0.4,4,433,820433,920433
3.93532298508461,-0.0646770149153912,0.0206405050044303,0.0110079030907664,0.180678157297554,0.176554533110702,0.118796072503795,0.778665599678512,0.391755721234214,"",0.4,4,434,820434,920434
3.7389439051882,-0.261056094811804,0.0138491398818972,0.0207983209905894,0.103750799467387,0.179702217524879,0.110213244677895,0.0892295722073064,0.223136395546232,"",0.4,4,435,820435,920435
3.65296720025813,-0.347032799741869,0.00773978054245605,0.0236110025169743,0.203594618798768,0.175490285598083,0.127070292868127,0.115125177438856,0.168525368674209,"",0.4,4,436,820436,920436
4.01086463669401,0.0108646366940084,0.0264095510658192,0.0223958599997004,0.144391072010784,0.162479254384419,0.118216176979998,0.127862390377869,0.273776217164658,"",0.4,4,437,820437,920437
3.72701495652655,-0.272985043473454,0.00259584587427739,0.0116048118878834,0.137204608033434,0.172522893127544,0.123973512015922,0.116065203841053,0.18866421692465,"",0.4,4,438,820438,920438
4.09271392971935,0.0927139297193484,0.0218354396536835,0.0123837999543938,0.144299152043106,0.156803307058361,0.138167015984488,0.731594441759814,0.404744576196136,"",0.4,4,439,820439,920439
4.00519199668801,0.00519199668800674,0.00168953993990748,0.000300651618042935,0.204895907184051,0.189001150222668,0.134014995353489,0.110984996259674,0.188276301511945,"",0.4,4,440,820440,920440
4.07044344313977,0.0704434431397676,0.00627511406294093,0.0204599493918542,0.0598611147075084,0.181213992335415,0.110247795402304,0.0683536461525298,0.175504576742305,"",0.4,4,441,820441,920441
3.69617095105889,-0.303829048941109,0.013140656418318,0.0353240682356229,0.120223640236932,0.170570100501513,0.133704674223917,0.790809823716674,0.354121117411685,"",0.4,4,442,820442,920442
3.5859222127981,-0.414077787201898,0.0153223503756454,0.0519105205945983,0.081584767626496,0.186545417424482,0.131559844495235,0.126002400227734,0.26093461939276,"",0.4,4,443,820443,920443
4.05103814008854,0.0510381400885418,0.00100930170551794,0.032249852388488,0.133104935645577,0.17989646085739,0.155475528336046,0.100613913532632,0.188140033116831,"",0.4,4,444,820444,920444
3.69069660816778,-0.309303391832223,0.00784009815855791,0.0068222729956762,0.0976576594882424,0.17514170251011,0.131756522523848,0.0901135549059885,0.177179710114921,"",0.4,4,445,820445,920445
3.73693796625568,-0.263062033744319,0.0310235742879682,0.0109352938558324,0.223655963932402,0.174548071132339,0.116860575850261,0.0918637414161551,0.212134989437344,"",0.4,4,446,820446,920446
3.96587038233292,-0.0341296176670789,0.0158312387143173,0.024296195097943,0.115436273820555,0.176879203032281,0.110700971745671,0.114934489531762,0.1932594027525,"",0.4,4,447,820447,920447
3.79348007796444,-0.206519922035556,0.0161456898677574,0.00938273039317872,0.200547683280214,0.175114786777087,0.116079743377952,0.76753737742183,0.402346315861917,"",0.4,4,448,820448,920448
4.02653006280847,0.0265300628084653,0.0282212241983436,0.0101097627052456,0.126400829874981,0.182923710172123,0.122249797856409,0.0757185569190882,0.190049801068593,"",0.4,4,449,820449,920449
4.09692173019889,0.0969217301988889,0.00780114781408758,0.0156412218266355,0.139411292739796,0.193819139932608,0.131728447461251,0.073092538833617,0.171165769037235,"",0.4,4,450,820450,920450
3.88424640055065,-0.115753599449353,0.0411439591861966,0.0178456265244167,0.188893565681715,0.183607646508164,0.147840071303282,0.702537647694668,0.415020097969901,"",0.4,4,451,820451,920451
3.78437408509045,-0.215625914909553,0.00359127629045972,0.0146664845892001,0.101051465269021,0.171013855358489,0.117644918886924,0.0793630923753331,0.200513250671734,"",0.4,4,452,820452,920452
3.879210781607,-0.120789218392999,0.00400320944675003,0.0171009755246697,0.224790463408826,0.161284687646651,0.120883470699122,0.794547339106704,0.37371515831695,"",0.4,4,453,820453,920453
4.22281384327585,0.222813843275854,0.00599567792588404,0.0251267823571948,0.18373865535409,0.167717095625452,0.137645442026132,0.112997708997355,0.226522793036956,"",0.4,4,454,820454,920454
4.05798913765044,0.0579891376504431,0.0185048307247774,0.00700808437507713,0.0562602490631774,0.171755388990749,0.125416856998506,0.113437750494212,0.261603010482175,"",0.4,4,455,820455,920455
3.85107531331996,-0.148924686680042,0.0508063194403943,0.0449828057142423,0.159987262278913,0.17248216892247,0.140419488433566,0.673760358535622,0.452873861200942,"",0.4,4,456,820456,920456
4.03169167914179,0.0316916791417858,0.00154869998489204,0.0114171178155337,0.140162525788962,0.171572999352937,0.114021377021322,0.113652306602114,0.238561791840629,"",0.4,4,457,820457,920457
3.68745408752665,-0.312545912473352,0.0110733274256218,0.0280040425347587,0.240889856022515,0.167338781461448,0.129131109992663,0.0992414159695285,0.203207933376159,"",0.4,4,458,820458,920458
3.65588224137942,-0.344117758620575,0.00115180240622104,0.0392458009508837,0.127271861911218,0.165972070213835,0.12495609488599,0.094394417485203,0.188696014051048,"",0.4,4,459,820459,920459
3.79954091461579,-0.200459085384209,0.000572401424706853,0.0191243554074977,0.148251351675289,0.172619452218511,0.129405114655003,0.130239076425741,0.206857434305821,"",0.4,4,460,820460,920460
3.5071362300095,-0.492863769990504,0.0175440430264423,0.0326980814947999,0.101852803829897,0.180127152559668,0.1273164043132,0.0882010505118395,0.194717943426877,"",0.4,4,461,820461,920461
3.83335828918367,-0.166641710816329,0.0333589658897634,0.0213109326196817,0.119498663026786,0.171754650217035,0.118583733678828,0.0892760349334119,0.196966875802338,"",0.4,4,462,820462,920462
3.78162672336014,-0.218373276639855,0.022648599187941,0.0155637640807695,0.100757124778597,0.175688155732254,0.121010433670638,0.0996387908154859,0.211466156495467,"",0.4,4,463,820463,920463
4.11277299550176,0.112772995501758,0.0366626421383213,0.00803555246463561,0.110346018285344,0.163366878573332,0.1254945116077,0.120689991379646,0.188578133128452,"",0.4,4,464,820464,920464
3.88220905338676,-0.117790946613244,0.0089984472485628,0.0114037000917762,0.120061741736415,0.17061603085896,0.127707780116298,0.0948632907455182,0.157498175397052,"",0.4,4,465,820465,920465
3.78087215852831,-0.219127841471693,0.0209899540229584,0.00182432816811348,0.201480647068236,0.179229927871666,0.118118093045861,0.0835817218620653,0.272178753345071,"",0.4,4,466,820466,920466
4.1801197999507,0.180119799950701,0.0148289738001587,0.0445137063898422,0.189232321762909,0.159763386225943,0.126893702306955,0.776055539767067,0.407343468650968,"",0.4,4,467,820467,920467
3.61884807518031,-0.381151924819688,0.0154076606411108,0.00928086473589049,0.130059678476696,0.169826677093686,0.130273274616001,0.0832524654821206,0.175735902690717,"",0.4,4,468,820468,920468
3.78613436588483,-0.213865634115174,0.000963199401431275,0.00492411713030613,0.0928354874306496,0.155501616898433,0.122761116110343,0.0991227170603855,0.155336413442457,"",0.4,4,469,820469,920469
3.78402549091009,-0.215974509089905,0.0105964237656685,0.010255900790383,0.102059999037073,0.183804372763889,0.119738539801544,0.111122794857157,0.282996277820618,"",0.4,4,470,820470,920470
4.07034467132127,0.0703446713212728,0.0242260239448565,0.00211924531785646,0.105348416400331,0.167500811503517,0.129782783386393,0.0921875794466743,0.246730524096362,"",0.4,4,471,820471,920471
3.66306314513013,-0.336936854869873,0.0348724971544261,0.0468269005310605,0.111739492231782,0.184459446410134,0.117144289248846,0.135538162157875,0.297577058816912,"",0.4,4,472,820472,920472
4.15266035625991,0.152660356259905,0.0102629708398086,0.00046658350546705,0.11389601551966,0.173778806177603,0.130139509514191,0.0978723122723233,0.18835132824079,"",0.4,4,473,820473,920473
4.17713709948475,0.17713709948475,0.0121148037124203,0.00642134129966065,0.117950594409096,0.176584160280813,0.122535400409381,0.0795181310529261,0.20356790245914,"",0.4,4,474,820474,920474
4.18298694719269,0.182986947192686,0.00668316004759514,0.0138896376052252,0.190881668755632,0.180054900916585,0.138946865638975,0.0816233221765545,0.176447968415863,"",0.4,4,475,820475,920475
4.04812333207769,0.0481233320776866,0.00197553874682291,0.126331237807609,0.165757832903029,0.191083411955105,0.121099466671043,0.773598598979831,0.475986366590724,"",0.4,4,476,820476,920476
4.16416659665063,0.164166596650626,0.0109135872776437,0.00604739157569678,0.200263192861485,0.159406981248344,0.119171334097243,0.0752708685473208,0.210472333483703,"",0.4,4,477,820477,920477
3.99933567638371,-0.00066432361628932,0.00215117218575112,0.0213131256476331,0.140844661468761,0.160864340525067,0.113293677377442,0.125328186137264,0.189528914056253,"",0.4,4,478,820478,920478
3.71393687440664,-0.286063125593357,0.0105575768938996,0.0311325586017273,0.150872954865587,0.182349214672685,0.105262419264535,0.0691609054974803,0.231688529278009,"",0.4,4,479,820479,920479
3.83756669222448,-0.162433307775518,0.0593115842729749,0.0743530109295043,0.174980969478067,0.172880717077873,0.128385068495941,0.71639248155368,0.405556883167538,"",0.4,4,480,820480,920480
3.91401627251805,-0.0859837274819508,0.00045605025338466,0.0586850225393516,0.125963902290144,0.174199562611991,0.138592293822142,0.0992754200869181,0.179775092400907,"",0.4,4,481,820481,920481
3.9155932840358,-0.0844067159642026,0.000571170209554744,0.046322317992499,0.22607396988781,0.168981921019415,0.125481823261463,0.209897805761554,0.294336239192224,"",0.4,4,482,820482,920482
3.88459304983144,-0.115406950168562,0.0152772694339232,0.00551887305142509,0.100737585816011,0.165519598993704,0.125375319469713,0.0848203275595503,0.195626476213955,"",0.4,4,483,820483,920483
3.82852011578511,-0.171479884214893,0.00832588950874813,0.138877754815352,0.128496038715195,0.173675594155294,0.140765074078848,0.630286530501644,0.49818573078201,"",0.4,4,484,820484,920484
3.69075985983468,-0.309240140165325,0.0076066579043278,0.00351534694679467,0.159607372522477,0.159580352134525,0.115500904186265,0.115388911257879,0.181078919257287,"",0.4,4,485,820485,920485
4.07614346188027,0.0761434618802665,0.0307754873874133,0.00670956716476598,0.0844372581222857,0.171373284521593,0.141110995433367,0.101473631482126,0.184555336800184,"",0.4,4,486,820486,920486
4.54074049513563,0.540740495135626,0.0216529761086677,0.040064012845326,0.183832085055587,0.177163729701875,0.120641187540073,0.168417115541486,0.309562810465846,"",0.4,4,487,820487,920487
3.91791006217638,-0.0820899378236155,0.0148251151325876,0.0227979955158258,0.105433618183729,0.176825892059076,0.143716670396649,0.0843385261511453,0.185754266905746,"",0.4,4,488,820488,920488
3.84643661688075,-0.153563383119252,0.0081080961174802,0.00570649319639027,0.0987313346542584,0.175277469810041,0.139404144556529,0.154037690732934,0.29528699506313,"",0.4,4,489,820489,920489
4.08722234319634,0.0872223431963395,0.000280225793061306,0.0647208285686317,0.159141833333147,0.153402903639866,0.122790377024062,0.132444615314749,0.253383626988561,"",0.4,4,490,820490,920490
3.9257058055047,-0.0742941944953026,0.015896805673009,0.0209003505041364,0.139144644465372,0.169790752621552,0.12351639842901,0.0837457123285183,0.198057802205928,"",0.4,4,491,820491,920491
3.96275448796321,-0.0372455120367943,0.0168443973933912,0.00778364851986846,0.0898017829529164,0.17780913894578,0.126562929536297,0.0971049396048098,0.237844146283894,"",0.4,4,492,820492,920492
3.89309249758912,-0.106907502410885,0.0425002885570706,0.0608315171884423,0.29869368111853,0.173938653381252,0.122656948014408,0.654692228366502,0.431989394197139,"",0.4,4,493,820493,920493
3.75534687745786,-0.244653122542143,0.0142224542262054,0.0247449833510763,0.232958578572255,0.167247483099595,0.135047282734529,0.122377646950766,0.267895879644222,"",0.4,4,494,820494,920494
3.88099340604906,-0.119006593950935,0.00107506496245505,0.00264586097383482,0.0871485816062257,0.179784802216957,0.124382090659943,0.0859759324803924,0.225327873863822,"",0.4,4,495,820495,920495
4.09386868809168,0.0938686880916828,0.00599259618626882,0.00457562746071594,0.163087881555611,0.15959659214411,0.12975496368284,0.087815081213317,0.187698128519565,"",0.4,4,496,820496,920496
3.93178848312976,-0.0682115168702393,0.0247704319798508,0.0180457073038482,0.138405921165921,0.178843132404963,0.123211517303791,0.0688837970932756,0.205642967576667,"",0.4,4,497,820497,920497
3.74083808584919,-0.25916191415081,0.0105454276385729,0.00263706416511886,0.180155064481418,0.176004087564335,0.134050902289208,0.108428526202558,0.20446629534068,"",0.4,4,498,820498,920498
4.53844933189494,0.538449331894938,0.0281201788255298,0.00314597075201195,0.141588655608374,0.162503788472319,0.12395779803903,0.790476875267317,0.36548964153513,"",0.4,4,499,820499,920499
3.82587715143505,-0.174122848564951,0.0128590117906069,0.0420750204275422,0.0766978467019862,0.166955531626238,0.127509661563907,0.133623108217177,0.237412080033119,"",0.4,4,500,820500,920500
3.80649974812001,-0.19350025187999,0.00705745147037182,0.00372571906971242,0.2125972854113,0.254070726639734,0.153271066072083,0.771003599477005,0.496671731960984,"",0.6,4,1,820001,920001
3.65742504790896,-0.342574952091037,0.017226554503512,0.0270156359257735,0.158529344890808,0.263125171765888,0.137666998891237,0.132463484165707,0.193064921606201,"",0.6,4,2,820002,920002
4.02095203464215,0.020952034642149,0.00122469267142511,0.0356339894278045,0.156892023013,0.264463598749768,0.158953911261595,0.74926590149012,0.416220635181291,"",0.6,4,3,820003,920003
3.82805829154221,-0.171941708457786,0.00705540165514995,0.0123432745081691,0.222020573712732,0.257804108770546,0.14740111442647,0.108208964183046,0.246654868488662,"",0.6,4,4,820004,920004
4.08858526754944,0.0885852675494405,0.0101804302002009,0.0371791984179076,0.114354967113795,0.261061637799419,0.158930214444955,0.182789345873234,0.288231094344674,"",0.6,4,5,820005,920005
3.91795973353373,-0.0820402664662727,0.00236737898677752,0.00875220220138906,0.175344263661345,0.262749097657232,0.18117890352509,0.0952912338315398,0.217686832862185,"",0.6,4,6,820006,920006
3.71195798780892,-0.288042012191078,0.0266008425453571,0.00615562038237413,0.14756643240667,0.262268444037282,0.149275132510665,0.107407591308137,0.161469782308849,"",0.6,4,7,820007,920007
3.81498843431014,-0.185011565689855,0.0149002583743183,0.00765194473405637,0.0992492023881168,0.267771668267477,0.146347656339213,0.0979793050393939,0.212600527315875,"",0.6,4,8,820008,920008
3.98966450073264,-0.0103354992673572,0.021708519388044,0.105532019921314,0.140897834672979,0.268388586932007,0.153523358807573,0.524492244500195,0.494565144279276,"",0.6,4,9,820009,920009
4.02084937782427,0.0208493778242742,0.0124277990800109,0.034362359992296,0.184048959347208,0.250604800958875,0.174434978681358,0.156463290534165,0.212050232355211,"",0.6,4,10,820010,920010
4.34069828780459,0.34069828780459,0.0127988395497056,0.0572050978607547,0.19100854873727,0.258012428939936,0.167229468755762,0.781420250496418,0.392875476963356,"",0.6,4,11,820011,920011
3.81690249053547,-0.183097509464529,0.0206773691164017,0.0740307893260068,0.132252494942807,0.267076959297163,0.156857239282315,0.122077865326152,0.198582595971514,"",0.6,4,12,820012,920012
3.88459726473207,-0.115402735267929,0.0161572927974842,0.00742610313531999,0.199253768791543,0.260617765571584,0.146447993709632,0.769093408216986,0.366565588927462,"",0.6,4,13,820013,920013
3.78226466289507,-0.21773533710493,0.00954490855550824,0.00985429747141908,0.152763527024471,0.273670394123415,0.145449296323974,0.696316052402979,0.390795246374877,"",0.6,4,14,820014,920014
3.84776317671145,-0.152236823288554,0.0115847841678086,0.00288920007612437,0.0813781396222313,0.257850950358933,0.151345189368304,0.08561139094962,0.171428184317161,"",0.6,4,15,820015,920015
4.11253246950137,0.112532469501375,0.0159118106641765,0.0170178567755765,0.138809582390437,0.2550378535007,0.154316109640519,0.127747535929756,0.196974670493127,"",0.6,4,16,820016,920016
3.93184759191239,-0.068152408087613,0.0153136768840789,0.00587137411920846,0.17791254450997,0.266386312147071,0.15743197868354,0.788423392141901,0.382519200365682,"",0.6,4,17,820017,920017
3.9943603374873,-0.00563966251270331,0.00762920313131252,0.0362086733855066,0.138525612203927,0.257616146129983,0.162882909355011,0.116626841132194,0.201618558485824,"",0.6,4,18,820018,920018
3.74609217435525,-0.253907825644752,0.0203818445219158,0.0448236695851585,0.0660492776984837,0.268073693336282,0.151969792792395,0.800292513200421,0.349085638627859,"",0.6,4,19,820019,920019
3.66980200996369,-0.330197990036306,0.0180399420048043,0.0139059984891105,0.159172962333896,0.259222000594675,0.155203785187835,0.750619791059733,0.35829440883725,"",0.6,4,20,820020,920020
3.90051538038773,-0.0994846196122654,0.0018510497120727,0.00118048543803595,0.166631045745308,0.257335358958203,0.141971213791642,0.0880917315569191,0.208042711578433,"",0.6,4,21,820021,920021
3.66425371543461,-0.335746284565392,0.00740819967028813,0.0123055010809192,0.161805539706137,0.260426725638423,0.171477564204261,0.119260967673943,0.261566048645988,"",0.6,4,22,820022,920022
4.26734774717093,0.267347747170925,0.0329172038592129,0.0291689841738287,0.109805674945634,0.252204632688365,0.188782134743413,0.708844376219717,0.421305064627149,"",0.6,4,23,820023,920023
3.93441096459016,-0.0655890354098432,0.0136543975318882,0.0487862844044884,0.0972391924423294,0.269791186479099,0.145733820601925,0.56784316398329,0.416018073027247,"",0.6,4,24,820024,920024
4.18408015193951,0.184080151939508,0.00858589506314367,0.0172502587715809,0.206022415602245,0.258321622196677,0.152852364762917,0.0899984659075388,0.198964801087444,"",0.6,4,25,820025,920025
4.28938577009982,0.289385770099818,0.00930611715895915,0.0165617795114149,0.163198905860537,0.262453722610059,0.156118705579164,0.142281007879308,0.205036220226433,"",0.6,4,26,820026,920026
4.03539566527241,0.0353956652724099,0.00615668100482039,0.00256542042275343,0.193439963616547,0.259643552470446,0.159002842324658,0.125838269026085,0.291313800014451,"",0.6,4,27,820027,920027
3.82932763507869,-0.17067236492131,0.0131422929472881,0.00198612188119418,0.171186472783574,0.260419927922089,0.153656158615621,0.102068632077993,0.186254371347482,"",0.6,4,28,820028,920028
3.92558652087327,-0.0744134791267252,0.018095402158592,0.0203705557106449,0.193462637701191,0.266606763872439,0.152679219828809,0.100568485508918,0.152950695299423,"",0.6,4,29,820029,920029
3.95975277038694,-0.0402472296130556,0.0150874808011431,0.0101934338464863,0.121443448970155,0.272044465769629,0.143722259760887,0.103036915192907,0.241936989172595,"",0.6,4,30,820030,920030
4.11996708490841,0.119967084908414,0.0130708248387814,0.024112644686231,0.129728034221999,0.263682054929492,0.167371011935248,0.111488972278925,0.206159799175967,"",0.6,4,31,820031,920031
3.80960293295672,-0.190397067043281,0.00155516666370314,0.0225503852636551,0.0798382367495283,0.267710244020211,0.160925494743577,0.126547938192386,0.178195670686037,"",0.6,4,32,820032,920032
3.70964744061042,-0.290352559389583,0.0285666851838015,0.00864835672257644,0.117090244595797,0.260742626893101,0.182823340470644,0.724651487511352,0.27901131093034,"",0.6,4,33,820033,920033
3.94382213840665,-0.0561778615933499,0.0166836856553706,0.14030333895034,0.232954995902154,0.261453559129442,0.130447372175417,0.835675475761119,0.360662271303267,"",0.6,4,34,820034,920034
4.23940666544882,0.239406665448816,0.00911847411925726,0.0170470079159321,0.0927887170335938,0.263694983398768,0.151142389428444,0.0810708561295014,0.197385343854786,"",0.6,4,35,820035,920035
3.87249715109589,-0.127502848904108,0.0326556510722339,0.0365435976546627,0.289985564196019,0.263361497295261,0.147223334651405,0.883988123766803,0.360782304996098,"",0.6,4,36,820036,920036
3.59464043352462,-0.405359566475382,0.0130265281032037,0.0371555106778925,0.121763526167553,0.265032021454377,0.14472632342028,0.153667524494902,0.147613239106759,"",0.6,4,37,820037,920037
3.89052509500901,-0.109474904990985,0.0127711857333336,0.0141958904878255,0.0946750403323786,0.267787371126819,0.15222216582757,0.088259756002675,0.167121281794118,"",0.6,4,38,820038,920038
4.0735396527243,0.073539652724298,0.00713434803533811,0.0237161171779316,0.162288040266844,0.26015652934924,0.155436939207139,0.784351790879407,0.37188646353824,"",0.6,4,39,820039,920039
3.94362428484605,-0.0563757151539539,0.00409029800559435,0.00901780023779084,0.260372677582656,0.279508481906001,0.143325573709272,0.124547341054369,0.216734386694243,"",0.6,4,40,820040,920040
3.70623608719949,-0.293763912800515,0.0374599881511417,0.00562670682328437,0.205282148367454,0.271877264285292,0.136040937825873,0.864514268762768,0.316951179068715,"",0.6,4,41,820041,920041
4.01253376869864,0.0125337686986384,0.0293812372494033,0.0199473527382534,0.107241906616879,0.262519208955168,0.152377359001581,0.0673706521374327,0.18350474561947,"",0.6,4,42,820042,920042
3.90187003593258,-0.0981299640674234,0.0114731857503259,0.0107732773173506,0.0728480608082039,0.263053388885831,0.138405814730825,0.123249040421731,0.181851199866035,"",0.6,4,43,820043,920043
3.73935948234482,-0.260640517655177,0.0340850685201314,0.0174145607208246,0.139975258776117,0.271098044602601,0.145381752732523,0.118011135579536,0.255393618701684,"",0.6,4,44,820044,920044
3.61682235171825,-0.383177648281746,0.00773049271054263,0.0102429124076621,0.136871595788233,0.270938777143724,0.140392847629506,0.793549486297799,0.347721179163132,"",0.6,4,45,820045,920045
3.77631761843224,-0.223682381567757,0.000335397238636653,0.106720875965105,0.205198423520872,0.253037680154341,0.148127504676269,0.806533803504127,0.3748436282118,"",0.6,4,46,820046,920046
4.02134259756736,0.0213425975673562,0.00283717428338304,0.00380011769977043,0.098920147588532,0.247848050164113,0.158678582725103,0.187190335434761,0.335736639056104,"",0.6,4,47,820047,920047
3.59067746370139,-0.409322536298608,0.00904609450414548,0.00707303305070439,0.0892899431283059,0.267167649247774,0.139347499023483,0.0980233617928293,0.15670456126203,"",0.6,4,48,820048,920048
3.68710882259423,-0.312891177405775,0.0316201007539456,0.00290119836478062,0.157628944659709,0.271539834755875,0.146172593464695,0.126960696794197,0.308951047703997,"",0.6,4,49,820049,920049
4.00141378385143,0.00141378385142676,0.0141984089163935,0.0037244425132551,0.103221637198334,0.269189693299516,0.163379144989952,0.115041577554786,0.202302334969202,"",0.6,4,50,820050,920050
3.66268928458578,-0.337310715414223,0.0107027502559381,0.0106012867332744,0.0841760199568352,0.254606678684479,0.141945106938881,0.0844596695953393,0.152652792196472,"",0.6,4,51,820051,920051
3.54352080945028,-0.456479190549721,0.0240104569306274,0.0163809029377795,0.103871242281275,0.268710685978908,0.136487131593168,0.121367884581866,0.185351014131589,"",0.6,4,52,820052,920052
3.93870664257594,-0.0612933574240637,0.0189159058666173,0.00714920284744058,0.0798991268064223,0.272572936879777,0.153330103384947,0.119302057978312,0.282170028879905,"",0.6,4,53,820053,920053
4.36496743165946,0.364967431659464,0.0203566405183343,0.0506558554395106,0.143709386701973,0.274481848866622,0.152194057943546,0.250659457678395,0.363363101302067,"",0.6,4,54,820054,920054
3.77666332149601,-0.223336678503991,0.00158552760448138,0.0134329530104866,0.204958549344096,0.265039642601775,0.152537430554015,0.187623697975017,0.238743128651397,"",0.6,4,55,820055,920055
4.3023311435494,0.3023311435494,0.0176466115893557,0.0433333024403913,0.135506676635009,0.260589177061862,0.165435944437474,0.815553097183194,0.348216346191507,"",0.6,4,56,820056,920056
3.72751566146712,-0.272484338532878,0.013690375386186,0.0362025676770048,0.110372208638044,0.252840841738355,0.150068671629347,0.147197375016253,0.231115272956363,"",0.6,4,57,820057,920057
3.81831917755538,-0.181680822444624,0.00746380192508544,0.0383077238285223,0.133284736977396,0.272378207127478,0.147438502895013,0.135803105935187,0.192781265826785,"",0.6,4,58,820058,920058
3.90662017566241,-0.0933798243375947,0.0268607549648194,0.00669292044254666,0.0827615450353359,0.262709189319309,0.152612707316908,0.115035546257144,0.145263276360658,"",0.6,4,59,820059,920059
4.16721791543173,0.167217915431729,0.0119795293576505,0.00820340973389935,0.0851432904930282,0.259172373599555,0.153336884540411,0.113989987395731,0.21491297308956,"",0.6,4,60,820060,920060
4.13874866016059,0.138748660160585,0.0138945559723504,0.0194281328048738,0.136842899719253,0.256285652735944,0.157095028102573,0.096413215257369,0.209138016483811,"",0.6,4,61,820061,920061
3.89110263223341,-0.108897367766594,0.00765120285399926,0.0112810461690701,0.0675722844339988,0.270145566930369,0.152657492804859,0.0858482645298836,0.27401161687828,"",0.6,4,62,820062,920062
4.18518422839311,0.185184228393113,0.00412945160134368,0.0171381407234347,0.127316886771507,0.270008218391664,0.182413262591117,0.754536139396411,0.328380990004787,"",0.6,4,63,820063,920063
4.03892289785798,0.0389228978579803,0.0160308072974647,0.00536678623232545,0.139045873902637,0.260094485172679,0.163064167139252,0.1392478905961,0.210255130817995,"",0.6,4,64,820064,920064
3.65575887399348,-0.344241126006517,0.014822858951904,0.000303874474854943,0.16960885604186,0.258812361498878,0.161162619586396,0.837631206660555,0.378032000129478,"",0.6,4,65,820065,920065
3.91286822953554,-0.0871317704644641,0.0159959671374496,0.00677168064922862,0.0896446728410772,0.265772533889672,0.140405336852981,0.107972967832264,0.166451607627034,"",0.6,4,66,820066,920066
4.07876038562808,0.0787603856280779,0.00784811760945339,0.0144961073506802,0.20425667948276,0.263427537576937,0.147795332394008,0.0824385146298729,0.189169664699051,"",0.6,4,67,820067,920067
4.06775060011021,0.0677506001102115,0.00199861879435367,0.0164910924680248,0.142820406243888,0.262854048816251,0.142331806566612,0.099584736125251,0.194119757044867,"",0.6,4,68,820068,920068
3.98102837491179,-0.0189716250882079,0.0177881522483471,0.0195583242391431,0.0869706590110061,0.276383619160459,0.154569035561248,0.0862716992754884,0.202127749935957,"",0.6,4,69,820069,920069
4.11164533992849,0.111645339928492,0.0092349665835714,0.0141751069046218,0.0941959975074152,0.264438945162776,0.142842855249827,0.138532426470811,0.161009905912113,"",0.6,4,70,820070,920070
3.68789307363118,-0.312106926368821,0.0145821268549032,0.0168400865676721,0.200309712479476,0.27271761375145,0.161987829531992,0.109972235063615,0.23612022335597,"",0.6,4,71,820071,920071
4.12995528879906,0.129955288799064,0.0249448469525964,0.173132005425202,0.132526084923434,0.266944299970169,0.153151648668591,0.862129609407203,0.419637701160099,"",0.6,4,72,820072,920072
3.84121132297587,-0.158788677024129,0.014751223051136,0.0191634800570923,0.213086081355128,0.265269051720808,0.174479978982811,0.79719137319435,0.377050862373143,"",0.6,4,73,820073,920073
3.85179469911676,-0.148205300883239,0.00744097189086937,0.00975145609377107,0.186478164502209,0.258688005973376,0.14480453891932,0.100584292936907,0.20894830343385,"",0.6,4,74,820074,920074
3.56430394657083,-0.435696053429166,0.0051668364996118,0.00119356115100178,0.295214947554558,0.263569821473415,0.150720706917731,0.110544883904254,0.173479420659817,"",0.6,4,75,820075,920075
3.96063143952376,-0.039368560476237,0.0204245872215832,0.0227313059394944,0.154869756193755,0.259187449294266,0.156672059120263,0.0800950680620879,0.218512245742088,"",0.6,4,76,820076,920076
3.99483036835687,-0.00516963164313111,0.00961856413216547,0.0133318951463732,0.151104175899426,0.252866370030571,0.157859980313622,0.0987346220468742,0.242051555280152,"",0.6,4,77,820077,920077
3.96322512679356,-0.0367748732064364,0.00950536183624315,0.00985516004542122,0.072242173568765,0.265844998585774,0.14415392558113,0.0729053628182586,0.144853304029565,"",0.6,4,78,820078,920078
3.90299762608751,-0.0970023739124923,0.01040889663331,0.0097440280944181,0.116432977304174,0.264297872518903,0.166853963969825,0.758051873717599,0.386569612298976,"",0.6,4,79,820079,920079
3.78030611050966,-0.219693889490337,0.0034626937062,0.039339727710383,0.11208374706029,0.269581258002113,0.138516220875639,0.0668759587379158,0.160419064343776,"",0.6,4,80,820080,920080
4.0145541924629,0.0145541924628985,0.0229579577187602,0.0571213283678404,0.145144663981324,0.263099269126066,0.140474628507373,0.446631036575669,0.430876635356158,"",0.6,4,81,820081,920081
3.92331884869656,-0.0766811513034362,0.0224893906726024,0.0144508451034828,0.113601170466774,0.256480994370949,0.157173729751589,0.116476195492936,0.291649529517137,"",0.6,4,82,820082,920082
3.88602085411463,-0.113979145885372,0.033864449647167,0.0430666292567778,0.152239579836885,0.254670289418521,0.157502414013617,0.219131426374453,0.335575895429247,"",0.6,4,83,820083,920083
4.10827663125278,0.108276631252783,0.0214292408111617,0.0215004633785093,0.147561413165955,0.263810054179322,0.142792992842782,0.171059171306182,0.211979613507986,"",0.6,4,84,820084,920084
3.71641616148791,-0.283583838512092,0.00704853179485976,0.0247671798997473,0.132592506327046,0.257827742215939,0.146322894029861,0.777313885085413,0.345494628477073,"",0.6,4,85,820085,920085
3.9855043107945,-0.0144956892055026,0.0158769429869564,0.00819561732376939,0.112111804292615,0.259791464825303,0.16196909079361,0.124670945226154,0.183211192794436,"",0.6,4,86,820086,920086
3.74485604439531,-0.255143955604691,0.0137614384832066,0.00166559965939039,0.101597030757081,0.262313676008516,0.147083206949784,0.132567785486872,0.175546341714574,"",0.6,4,87,820087,920087
3.86610854475926,-0.133891455240744,0.000695928909376309,0.0318692374112461,0.195763272965089,0.255784276396023,0.134081023729522,0.130191315241134,0.18243137083364,"",0.6,4,88,820088,920088
3.66646331850505,-0.333536681494952,0.0181792543884312,0.00636682300389438,0.15657147876854,0.276514102922483,0.158915035232729,0.159589851831797,0.291127817449859,"",0.6,4,89,820089,920089
4.07571977147178,0.0757197714717819,0.000692637569406074,0.02458709702682,0.0979687483262593,0.265240947729641,0.151645401918491,0.103819634681087,0.226234398910486,"",0.6,4,90,820090,920090
3.85082784799525,-0.149172152004753,0.0128028549485323,0.0148649531774494,0.229715566726589,0.261446693845142,0.148032544627435,0.0999594411376481,0.16871771232075,"",0.6,4,91,820091,920091
3.46213310095916,-0.537866899040842,0.0115049743337009,0.0398456642677402,0.102163846859871,0.263054430157542,0.150553783487657,0.784030711976495,0.422563347367106,"",0.6,4,92,820092,920092
3.62435071241607,-0.375649287583928,0.0057838312807067,0.0292092488692259,0.151326358066062,0.270179655996674,0.148440513103304,0.113833793292864,0.224923666017692,"",0.6,4,93,820093,920093
3.9961605422197,-0.00383945778030315,0.0170679717745624,0.0330013875010873,0.138060550097421,0.268994675555556,0.151471998100821,0.159034298346107,0.260236901048804,"",0.6,4,94,820094,920094
3.93130399142065,-0.0686960085793533,0.00502554721405368,0.0450311942038411,0.126673376697396,0.244869276485006,0.143188228863576,0.121171493043354,0.233182757383214,"",0.6,4,95,820095,920095
3.50384608200026,-0.496153917999744,0.00251089815542929,0.0339153194271745,0.0832178987416846,0.273834757825735,0.145063170906918,0.766194492359981,0.389108445645668,"",0.6,4,96,820096,920096
4.00383524931017,0.00383524931016765,0.012973949217592,0.014708161710055,0.170834849379253,0.261551822424481,0.150090829131956,0.65025871322269,0.395357240989054,"",0.6,4,97,820097,920097
4.07755423330026,0.0775542333002557,0.00540128663662234,0.00297356920660941,0.0688895086981358,0.263996746519762,0.155284174342585,0.152374511233668,0.164481044694113,"",0.6,4,98,820098,920098
3.85619937452426,-0.143800625475735,0.0135881474794272,0.0262284349589404,0.32265362238505,0.262521411157514,0.15833412350205,0.170372657231216,0.272765515279811,"",0.6,4,99,820099,920099
4.35066980257796,0.350669802577961,0.00342418639100839,0.085956760551429,0.131896277641457,0.26136812612643,0.171970781745438,0.619462928971092,0.297692901332652,"",0.6,4,100,820100,920100
4.11545993998968,0.11545993998968,0.0107890050623994,0.0353234676889451,0.170994017309922,0.260989295818407,0.150685596207897,0.093338168805271,0.162276202109232,"",0.6,4,101,820101,920101
3.83818658563442,-0.161813414365579,0.00967437063424781,0.0304239158787704,0.142141309676836,0.264244488358231,0.153420347438283,0.0822062238516582,0.170850092776686,"",0.6,4,102,820102,920102
3.87246773906471,-0.127532260935285,0.002029794828041,0.0441862835776248,0.0848642452026085,0.266571775541007,0.158068295211673,0.107806876048445,0.282736002502332,"",0.6,4,103,820103,920103
3.65449394888545,-0.345506051114552,0.0178173384511342,0.0395832951379844,0.131721835278686,0.271728025333729,0.157572718886093,0.0843581725685974,0.274762676554633,"",0.6,4,104,820104,920104
3.89385674647268,-0.106143253527321,0.00588264850717954,0.0063313084400913,0.210222399069951,0.270329861704528,0.151170734477413,0.10059250282449,0.164845572232119,"",0.6,4,105,820105,920105
4.00739673515332,0.00739673515331507,0.00575285163409076,0.0161306246759257,0.150777637418388,0.266693102934283,0.133162459474219,0.139831331968509,0.189266816782393,"",0.6,4,106,820106,920106
4.05601823653306,0.0560182365330579,0.0156522946758612,0.0590232350570174,0.107128045105745,0.267170370269088,0.13780741865666,0.134116499410615,0.29567688655343,"",0.6,4,107,820107,920107
3.76768768133691,-0.232312318663093,0.012253340440234,0.0332215104003608,0.189600798108833,0.254002531568439,0.144148336039425,0.829256147597457,0.355980284868997,"",0.6,4,108,820108,920108
3.87414676815722,-0.125853231842775,0.00562418813856935,0.0228927497716224,0.105673583508083,0.256323504293707,0.160378727509318,0.746128201511054,0.379375758428888,"",0.6,4,109,820109,920109
4.1744377442217,0.174437744221695,0.0226085316511073,0.0283348487343967,0.145710053075319,0.256550932658094,0.156584959664398,0.222900810717781,0.271106551322329,"",0.6,4,110,820110,920110
3.7166071990669,-0.283392800933097,0.00453330817481376,0.0149106761060805,0.171063104678218,0.257027466395589,0.145117388034073,0.780092627278761,0.345449286210524,"",0.6,4,111,820111,920111
3.98704285685102,-0.0129571431489786,0.0113129285949662,0.00680650270539376,0.0849127747964435,0.269204370221102,0.150397849765324,0.101663282742921,0.169975444715364,"",0.6,4,112,820112,920112
3.9203576070383,-0.0796423929617034,0.00671590783704534,0.0262070479595569,0.164504242299574,0.262322763244978,0.143162757347081,0.144487161435239,0.248911063887045,"",0.6,4,113,820113,920113
4.0792219696843,0.079221969684296,0.0113380063318148,0.0205639415425291,0.17412520217086,0.262066820626088,0.166972267030432,0.748697827502854,0.347909368431636,"",0.6,4,114,820114,920114
3.7723405659145,-0.227659434085497,0.0097896193067244,0.0444965094323867,0.106099957839946,0.278442533573987,0.153881357683933,0.133958168136888,0.191627952873994,"",0.6,4,115,820115,920115
3.85541382269006,-0.144586177309937,0.0152433554268973,0.0629207593912605,0.108024611387612,0.250972086784005,0.154794886187964,0.843257189541417,0.432676793664358,"",0.6,4,116,820116,920116
4.14725089348852,0.147250893488523,0.0123413488717881,0.0154212303227567,0.0544878269896852,0.264143974638644,0.164345495215183,0.0854688814062654,0.19415498464351,"",0.6,4,117,820117,920117
3.66278173908825,-0.337218260911754,0.0149216847689545,0.0639540510444655,0.124423202937385,0.258648708241707,0.174626151125095,0.721621093094668,0.382711256723286,"",0.6,4,118,820118,920118
3.94612545691748,-0.0538745430825158,0.00912117393985443,0.0735889342397232,0.128714579695933,0.258726125341032,0.159629109609274,0.789868622555445,0.53747950515436,"",0.6,4,119,820119,920119
4.35150637426723,0.35150637426723,0.0201226807808368,0.0299739744497193,0.0903071232803104,0.255443174483999,0.151735381508008,0.11925395611409,0.146504746590537,"",0.6,4,120,820120,920120
3.71663733808684,-0.283362661913164,0.00367227998679054,0.0484141155672856,0.0911582806581658,0.258865808447978,0.141850807485583,0.132698539215383,0.259697419811711,"",0.6,4,121,820121,920121
3.79225254687232,-0.207747453127682,0.0190566789635102,0.0313662119725391,0.132503020205649,0.256173298066758,0.138575342763467,0.219135596010847,0.281208833830204,"",0.6,4,122,820122,920122
3.90187562600935,-0.0981243739906494,0.0157660145404867,0.00653524741736122,0.0425692637148995,0.266715809225221,0.145952056322364,0.0829263575064414,0.164214564795358,"",0.6,4,123,820123,920123
4.05111301712189,0.051113017121895,0.00550170553019921,0.00211283761587755,0.154961174625841,0.259619934935899,0.15741972544413,0.134348246748635,0.195620515152119,"",0.6,4,124,820124,920124
3.94116410095846,-0.0588358990415427,0.0269540184699071,0.0124746043248019,0.101777591073795,0.260740552880415,0.14832667074778,0.110736216378645,0.16561915730891,"",0.6,4,125,820125,920125
4.00596488428278,0.00596488428278441,0.0263643541196991,0.0667910588737551,0.118924581548607,0.263655933136951,0.154538308483331,0.126572246836451,0.213024283462519,"",0.6,4,126,820126,920126
3.79024976233515,-0.209750237664849,0.0119656336736945,0.016686212341064,0.125065167124603,0.261926019933641,0.147780518122975,0.780241701937296,0.311581386861653,"",0.6,4,127,820127,920127
4.2171944844763,0.217194484476302,0.0303741716825255,0.159292498990477,0.194438685494415,0.27255092209891,0.156115284608264,0.341893627027883,0.367433454027758,"",0.6,4,128,820128,920128
4.07116943971989,0.0711694397198919,0.0011865972997788,0.0256536259702207,0.192208546834495,0.268366186317037,0.136907599919802,0.110965509185741,0.172986557868281,"",0.6,4,129,820129,920129
3.82879558917139,-0.171204410828607,0.0251765125813678,0.0405467887709924,0.104363061913521,0.27488147836233,0.142986936755154,0.112107615647595,0.241739055626224,"",0.6,4,130,820130,920130
3.7686913703215,-0.2313086296785,0.00802803246941652,0.0164059724929832,0.100878893181284,0.265983550206191,0.159137712632618,0.114477636039837,0.190755226631918,"",0.6,4,131,820131,920131
3.84070664704113,-0.159293352958867,0.00174641463039701,0.00330925889621572,0.141448252329567,0.265817592220565,0.146743661989522,0.0990076446260557,0.154344955261433,"",0.6,4,132,820132,920132
3.68812502339723,-0.311874976602773,0.0191189675097496,0.00895116764671813,0.201742596069204,0.277366917634373,0.141213543122553,0.13551124397487,0.189814888057646,"",0.6,4,133,820133,920133
4.47198731776246,0.471987317762465,0.0207788152825918,0.0144288598478716,0.141393777587483,0.263010808074373,0.144381678434355,0.0819737902902372,0.184668674402367,"",0.6,4,134,820134,920134
3.83068974644369,-0.16931025355631,0.00631249010447862,0.0558279175921031,0.112031763559846,0.261004491775158,0.14622033937646,0.132839476048093,0.29939605566594,"",0.6,4,135,820135,920135
3.74999904924915,-0.250000950750846,0.00519687723301954,0.0392709053859606,0.0890354491616985,0.270614040279507,0.140733790482572,0.809077875519443,0.358025957675116,"",0.6,4,136,820136,920136
4.34686994608804,0.34686994608804,0.00980569461723521,0.0535663233119167,0.0708575069164914,0.260918363551904,0.142301576420025,0.120675782709232,0.186710583142801,"",0.6,4,137,820137,920137
3.92489877885821,-0.0751012211417916,0.010979306911837,0.0412310915112834,0.0627726856075231,0.270878620523556,0.150513826033157,0.0898941023068442,0.185130650079305,"",0.6,4,138,820138,920138
4.00041613095491,0.000416130954913108,0.0130721784967538,0.00252917744577133,0.0831894879595217,0.258756379819487,0.165426265107494,0.0978884784715026,0.279344939492054,"",0.6,4,139,820139,920139
3.87301673080173,-0.126983269198266,0.00565206785068759,0.0137441163846641,0.0886492611740825,0.259612005916554,0.164615022508508,0.147625652493776,0.172424571462492,"",0.6,4,140,820140,920140
3.85784514475914,-0.142154855240862,0.0113759331325747,0.00709373073633546,0.101953862407722,0.256808192837114,0.155413212962421,0.173034981921558,0.186597316516513,"",0.6,4,141,820141,920141
3.58724004133172,-0.412759958668283,0.00872941409249617,0.00421812764370411,0.192871324421454,0.275929708694745,0.129540623481473,0.118604471124938,0.230850698630061,"",0.6,4,142,820142,920142
3.79308416230059,-0.206915837699414,0.00549735792556486,0.0378788457564272,0.0758809227730326,0.270125209717832,0.148660584433951,0.0654228001757622,0.181181768175302,"",0.6,4,143,820143,920143
3.93162151100228,-0.0683784889977246,0.0325060072393083,0.0463890896946559,0.208295152780589,0.25664305034471,0.165662831173469,0.182556474793129,0.285099285786167,"",0.6,4,144,820144,920144
3.88037695428296,-0.119623045717037,0.00387179669424517,0.0045101693644426,0.152047466664701,0.264910654429008,0.150180642672186,0.103096677103742,0.171111618375518,"",0.6,4,145,820145,920145
3.90998752562185,-0.0900124743781481,0.00746151575266421,0.00209041618609263,0.148110973158243,0.274475453233458,0.147619627490899,0.107772960515123,0.209417800042417,"",0.6,4,146,820146,920146
3.58357661310613,-0.416423386893872,0.0161266737465801,0.0191108005272788,0.0861462763398195,0.264620022056124,0.163494399934191,0.0983652279269676,0.226054655811794,"",0.6,4,147,820147,920147
3.82164724215713,-0.178352757842875,0.00798958674201378,0.0434038188528346,0.102057377038631,0.269870365976153,0.151981114146941,0.110322941167928,0.211874006800458,"",0.6,4,148,820148,920148
3.66723860704068,-0.332761392959316,0.0278898900967103,0.0303962686934935,0.108955350922999,0.273368362439179,0.158603387789995,0.859615911005348,0.331579849478558,"",0.6,4,149,820149,920149
4.00574889199474,0.00574889199473549,0.00436768569499998,0.0136720703140057,0.22298523915511,0.25293887047767,0.127230972187653,0.803338016101634,0.346741719983032,"",0.6,4,150,820150,920150
4.54885474157277,0.54885474157277,0.0117617403006989,0.0248065003806348,0.137841070367618,0.259192983432291,0.137874360150228,0.117966236722291,0.160746843617255,"",0.6,4,151,820151,920151
4.37885647412754,0.378856474127536,0.00485734739009078,0.0347495447622794,0.145782933100261,0.25119585075718,0.148783111716546,0.150716603258281,0.151204106622444,"",0.6,4,152,820152,920152
3.84868686840516,-0.151313131594842,0.0400058000772706,0.0207586930378731,0.114665146514078,0.258542006608371,0.144721970263276,0.11875734352621,0.195777024054613,"",0.6,4,153,820153,920153
3.83519107422471,-0.164808925775286,0.000708618609601336,0.00820038738025353,0.124651900458425,0.261818599776828,0.150192525983853,0.0570405782117932,0.162531617794181,"",0.6,4,154,820154,920154
3.7239171166792,-0.276082883320802,0.012383210349565,0.00922656959019277,0.112738085983214,0.270622653008186,0.156143994750659,0.0971264459380012,0.165460371510583,"",0.6,4,155,820155,920155
4.1218702644911,0.121870264491105,0.00330314765408937,0.0179690612914321,0.154665712683199,0.267315312078985,0.149893309221396,0.128242502863586,0.194922949562784,"",0.6,4,156,820156,920156
3.80428910941972,-0.195710890580281,0.0262625647661316,0.023515609567046,0.167395113212456,0.269221303118598,0.164116785993751,0.709323248734075,0.325699504679269,"",0.6,4,157,820157,920157
3.66147721451009,-0.338522785489913,0.0183769047865703,0.00897179286028824,0.15125082962749,0.263466615210955,0.138487413420345,0.0763984775263142,0.176276784260822,"",0.6,4,158,820158,920158
4.20114174797544,0.201141747975444,0.0127438811282503,0.00841861877625219,0.247874779254335,0.27442968439054,0.166874322724288,0.125338953919729,0.17806307755989,"",0.6,4,159,820159,920159
3.8476313084524,-0.152368691547602,0.0258246789547074,0.0224135796409356,0.154221024318524,0.271415571308412,0.162540189902708,0.107830880554883,0.233851182562352,"",0.6,4,160,820160,920160
3.64117835308599,-0.358821646914011,0.0055898698156972,0.0184785735281328,0.173175683098694,0.268139223547927,0.152089228735105,0.130857426423508,0.225612194257271,"",0.6,4,161,820161,920161
4.01017870749181,0.0101787074918072,0.0293538159657653,0.0910247615403955,0.197434048332773,0.257555302079388,0.172255013990009,0.35526640230029,0.341152210308632,"",0.6,4,162,820162,920162
3.91059229486348,-0.0894077051365154,0.00279521589798995,0.0384867792707455,0.148815607027695,0.269118516195707,0.134714313043041,0.137482599483643,0.164316447612991,"",0.6,4,163,820163,920163
4.25195957725,0.251959577249998,0.0117737025765361,0.0100773194339556,0.263125414869751,0.263371142582296,0.151363264308878,0.100580536930519,0.171329348618439,"",0.6,4,164,820164,920164
3.77830471579767,-0.221695284202331,0.0295713939797794,0.0199671852841276,0.169776916466303,0.268792619944987,0.157757623540155,0.082519767565307,0.192501308973351,"",0.6,4,165,820165,920165
4.04749291749937,0.0474929174993708,0.00307120715297224,0.0285616077719961,0.178429691104032,0.258525331718454,0.143420167125394,0.132275185235487,0.256041597415275,"",0.6,4,166,820166,920166
3.94425613236863,-0.0557438676313735,0.00198324964313379,0.0365033752008186,0.103881842101871,0.264133880171984,0.152624097530382,0.100075077868118,0.199305421810475,"",0.6,4,167,820167,920167
3.84111269061227,-0.158887309387729,0.000936025519604922,0.0187803492130775,0.142995499868526,0.270929980011522,0.158517009061371,0.22148113135642,0.367871140391121,"",0.6,4,168,820168,920168
3.75750344876622,-0.242496551233778,0.0138111979522818,0.0171583418296569,0.335569476475009,0.261875034822097,0.151342706460615,0.0980114935553484,0.212791061669605,"",0.6,4,169,820169,920169
3.91040559083171,-0.0895944091682921,0.00789483282817507,0.0356162390800847,0.170683897890495,0.264059230581498,0.144484022059963,0.117074793290182,0.195469579557853,"",0.6,4,170,820170,920170
3.74916433783268,-0.250835662167323,0.0198981910468246,0.034608812589141,0.166775805451256,0.270752470481806,0.139264290296092,0.178902633359299,0.226321934938645,"",0.6,4,171,820171,920171
3.94150491951037,-0.0584950804896285,0.023148451071038,0.025949765686714,0.146632181196667,0.269796064662285,0.171903081393436,0.721083054782961,0.3668312154328,"",0.6,4,172,820172,920172
4.20598961770779,0.205989617707786,0.00450108971271845,0.0509974388634247,0.199973407155893,0.275209034617786,0.148793721599292,0.697183720378918,0.394862377671579,"",0.6,4,173,820173,920173
3.94245557254239,-0.057544427457612,0.000134811236444432,0.0144423400097344,0.303379545697943,0.25582912652671,0.161754193489998,0.0920665089478679,0.23732932189565,"",0.6,4,174,820174,920174
3.9264599417967,-0.0735400582033048,0.00397307836087077,0.00781757619376319,0.118170462593246,0.273702091121794,0.143915131066343,0.120816092209494,0.188649573936326,"",0.6,4,175,820175,920175
3.70572552074183,-0.294274479258175,0.0294426472827411,0.0189125085280771,0.202154845074074,0.255497399268833,0.143591915858165,0.119151461204028,0.232851370718381,"",0.6,4,176,820176,920176
3.97841508617267,-0.0215849138273323,0.0262409054099858,0.100840852797903,0.134276943447598,0.250363234344322,0.14801113041585,0.796922230393859,0.373344871179554,"",0.6,4,177,820177,920177
4.08802280520155,0.0880228052015548,0.0123261446355499,0.0195150431526523,0.11835603287716,0.267285014343875,0.141023076933682,0.0933659609126406,0.172153504676691,"",0.6,4,178,820178,920178
3.98329996990349,-0.0167000300965081,0.0367397545153739,0.0164289504403866,0.0980209119417032,0.271788567619797,0.134790741873738,0.0846853479523831,0.198761342004456,"",0.6,4,179,820179,920179
3.81734480862565,-0.182655191374348,0.0104675816524,0.0888019417477542,0.260543836555177,0.270952412193471,0.169985912654441,0.552079638849763,0.357738114683529,"",0.6,4,180,820180,920180
3.925457624815,-0.0745423751850045,0.0290433506271381,0.00261507618736445,0.264502302661047,0.265691019079552,0.155877488026699,0.743695425193009,0.399067650845523,"",0.6,4,181,820181,920181
3.67737977336601,-0.322620226633994,0.000687731090512095,0.0133257052481085,0.261690066654325,0.272994129539397,0.153653581988651,0.100776492758089,0.188466250303585,"",0.6,4,182,820182,920182
3.91612156213905,-0.0838784378609492,0.0236383375857461,0.0116634184716171,0.143472742496336,0.251810244738925,0.156702758753325,0.162308606799079,0.174510725947561,"",0.6,4,183,820183,920183
3.83379673171249,-0.166203268287513,0.00567626278900349,0.0332973732629128,0.0999615531813145,0.263344638053171,0.154976420590937,0.0694813261063573,0.141493907700446,"",0.6,4,184,820184,920184
3.81976443187297,-0.180235568127035,0.00811719796087329,0.105806342884066,0.263220435090285,0.25838154712273,0.154371149372829,0.487673796510884,0.53163882119362,"",0.6,4,185,820185,920185
4.02132396359708,0.0213239635970828,0.0117157468588352,0.0255442180923422,0.17929713321505,0.262961200179142,0.17345860350534,0.0816334878935588,0.159579382316323,"",0.6,4,186,820186,920186
3.93451385900324,-0.0654861409967573,0.0168743494711737,0.119802071266264,0.134144341929998,0.262559691112075,0.165642220857709,0.635098789146458,0.364611885054002,"",0.6,4,187,820187,920187
3.92202394194817,-0.0779760580518287,0.00684175912704421,0.0216955498039037,0.181401849130064,0.262535569665809,0.161454400401505,0.115707791483446,0.237186919374002,"",0.6,4,188,820188,920188
4.05563211587983,0.0556321158798303,0.0184829488765837,0.0262438174810591,0.175224794292909,0.255938329971851,0.158080743635813,0.68353572517881,0.388264138512091,"",0.6,4,189,820189,920189
3.94331126220395,-0.0566887377960517,0.0128943570644679,0.033811082034514,0.0689270969468987,0.263870346018313,0.154548634302682,0.797941795818343,0.366533367598772,"",0.6,4,190,820190,920190
3.75539242740016,-0.244607572599845,0.010643898892244,0.00184042591788466,0.102243968471061,0.270401638450565,0.147945876621458,0.10669604447688,0.169512823567893,"",0.6,4,191,820191,920191
3.6668667747555,-0.333133225244504,0.0084500018062611,0.0439405176449994,0.209198660515854,0.260776201799174,0.145318265087398,0.811573863234491,0.369302506176946,"",0.6,4,192,820192,920192
4.09721847631826,0.0972184763182558,0.00829182390357619,0.136488903579318,0.168407461689494,0.258176181922068,0.138215830948979,0.432446895244195,0.493419163627871,"",0.6,4,193,820193,920193
3.82435950880511,-0.17564049119489,0.00505566776896127,0.00652606587887228,0.171799787914709,0.274590134155809,0.15025691285618,0.170138876207857,0.159508846344048,"",0.6,4,194,820194,920194
3.96506558051684,-0.0349344194831622,0.00993151919916299,0.0556128162251336,0.187188006214873,0.265466603391252,0.134593405504314,0.212486549438377,0.33064166850489,"",0.6,4,195,820195,920195
4.05109134065269,0.0510913406526869,0.00314248703966991,0.0117901925919183,0.133382034058175,0.260955584251421,0.157370653459487,0.0959433805919317,0.176191326337003,"",0.6,4,196,820196,920196
3.8551863251537,-0.144813674846298,0.0172546197147172,0.0184793662266526,0.0691454476498349,0.24881940955348,0.146639599163852,0.839261782469359,0.388094500990062,"",0.6,4,197,820197,920197
3.79397513445434,-0.206024865545661,0.00351437195880766,0.0123585065798446,0.0954956373831719,0.261970968322042,0.157501393529556,0.818858216248365,0.349406213653531,"",0.6,4,198,820198,920198
3.92769523782949,-0.072304762170512,0.00267351859125564,0.00598274311097513,0.110597487815506,0.272570787223871,0.152511817778926,0.105254093672061,0.193014777965656,"",0.6,4,199,820199,920199
3.99150814113578,-0.00849185886421955,0.0400278036816582,0.0310217891703711,0.0751671515056395,0.256496326472339,0.164609253761406,0.149107933691255,0.267590665920746,"",0.6,4,200,820200,920200
3.94543186288742,-0.0545681371125775,0.00841602709442604,0.05671105920967,0.136793750688961,0.265690990704441,0.156565454836162,0.829970397138158,0.361201263936992,"",0.6,4,201,820201,920201
4.46568459482342,0.465684594823422,0.00457236137883729,0.0645524437426456,0.220262963244225,0.254523572626567,0.144607484389974,0.738889471295287,0.348586812949853,"",0.6,4,202,820202,920202
3.94753701627421,-0.0524629837257873,0.00379430983123152,0.0309287134507236,0.165538462253308,0.272477902814655,0.142006239268302,0.131814163668364,0.183631759144,"",0.6,4,203,820203,920203
3.6284638501444,-0.3715361498556,0.00556274117697297,0.0299117184775733,0.149579601938222,0.255591510295288,0.159660661632714,0.161983149924376,0.244605506722038,"",0.6,4,204,820204,920204
3.87654168109228,-0.123458318907717,0.0256744657895459,0.0130797862217659,0.209293491338076,0.259987353212493,0.160616082743541,0.201828981442234,0.321847014159005,"",0.6,4,205,820205,920205
3.76792206551981,-0.232077934480186,0.010484804477332,0.0200715123082865,0.192780169882603,0.253249416373643,0.156996977129845,0.101087410595733,0.220785949021775,"",0.6,4,206,820206,920206
4.42657930223771,0.426579302237706,0.00905863900061976,0.0134040359345125,0.0802440294517879,0.265505884698875,0.149798863648835,0.10956039733981,0.202961292760389,"",0.6,4,207,820207,920207
4.00567472522451,0.00567472522450707,0.0164457452655299,0.0191711507939333,0.0872588524319452,0.261325339472075,0.143710275625606,0.0921463877100178,0.17470672205875,"",0.6,4,208,820208,920208
3.98431823562387,-0.0156817643761333,0.00255251309547411,0.018602954416692,0.149290057667661,0.252802476466539,0.171985089434029,0.164820266228981,0.269693069343597,"",0.6,4,209,820209,920209
4.37289603542328,0.372896035423283,0.0193390315562969,0.000863604131092072,0.0697133084497725,0.260831261494364,0.151934458963622,0.0887541862975618,0.238236007402428,"",0.6,4,210,820210,920210
4.2633489849296,0.263348984929598,0.0413836241237474,0.014990509933138,0.0924738745422051,0.249432550622242,0.163494621281973,0.233869858580771,0.347741611075554,"",0.6,4,211,820211,920211
4.14517199900557,0.145171999005566,0.0304168374217834,0.147691857542971,0.156802845929844,0.265999559870016,0.16538565853299,0.401837974707383,0.415681092889325,"",0.6,4,212,820212,920212
3.72104671762901,-0.278953282370994,0.0262037556013204,0.0640535027744445,0.122665033935412,0.257504679770444,0.150721834028177,0.156430204538055,0.21300762506673,"",0.6,4,213,820213,920213
3.99194401048614,-0.00805598951386122,0.00517627989231881,0.0784329671381897,0.166114556742131,0.258773501993307,0.161717640760715,0.740199773450239,0.363113829085933,"",0.6,4,214,820214,920214
3.65963345085109,-0.340366549148913,0.00433494828895387,0.0235429420922359,0.265469713336945,0.268899679957313,0.135506565723425,0.071221191870066,0.174113098994322,"",0.6,4,215,820215,920215
3.56103310451266,-0.438966895487345,0.0320159898994349,0.0254990182458518,0.190930087487739,0.263771882729946,0.149177613441179,0.0913264342398085,0.206888814283934,"",0.6,4,216,820216,920216
3.82163771272835,-0.178362287271645,0.00537117316867697,0.00944991998599634,0.148238129833211,0.273854321149765,0.140398091095605,0.123706436938709,0.167555792389578,"",0.6,4,217,820217,920217
3.91246833787705,-0.0875316621229532,0.000847640393928956,0.00332526848656833,0.121229968966285,0.261920634700428,0.144332881895417,0.0942963845230998,0.214693795000919,"",0.6,4,218,820218,920218
3.92219684444645,-0.0778031555535454,0.0229697671225473,0.00655524715661793,0.218423160296213,0.266504765427098,0.166628124068846,0.109301865712742,0.297882901235203,"",0.6,4,219,820219,920219
3.6571696031935,-0.342830396806498,0.0235387624197129,0.0661981038336099,0.119678740435186,0.272757512466019,0.178760671720289,0.671466201754944,0.342404948047328,"",0.6,4,220,820220,920220
4.28610661004406,0.286106610044056,4.5615576194119e-05,0.0107518657680859,0.114787905881917,0.260441568411436,0.161190392525012,0.0974832874766546,0.201837830409625,"",0.6,4,221,820221,920221
4.07561240774072,0.0756124077407163,0.0206772174167366,0.0128255450465462,0.122454663746992,0.254140813998214,0.147361500197814,0.871541435240948,0.32175365070233,"",0.6,4,222,820222,920222
3.56281150552966,-0.437188494470337,0.000300196388976798,0.0320928112250707,0.140570238476034,0.273539139705088,0.152278116232948,0.0680841018306075,0.203845162451121,"",0.6,4,223,820223,920223
3.67058031099453,-0.329419689005473,0.000186909178449768,0.105092171991991,0.110450885878467,0.258846237118132,0.143032422997908,0.471985418417885,0.471242718377202,"",0.6,4,224,820224,920224
3.6479200574676,-0.352079942532395,0.00801608647308283,0.0196869949237366,0.0893786630616204,0.258002704654377,0.155576190573237,0.840234475673109,0.364005899574678,"",0.6,4,225,820225,920225
3.98786594959501,-0.0121340504049905,0.0155537608523025,0.0198652534577932,0.134876110885872,0.267699616825599,0.150048218039915,0.0791289367225539,0.190479620716698,"",0.6,4,226,820226,920226
4.07313659069246,0.0731365906924584,0.00273351738238622,9.9477672116377e-05,0.156921851707639,0.259994711990611,0.150595896588239,0.0955469208492551,0.225195541358159,"",0.6,4,227,820227,920227
3.92258866381885,-0.0774113361811501,0.0111525779145994,0.0232042361096841,0.164782070572025,0.264650633105093,0.148792793351799,0.11219425282085,0.282465588023839,"",0.6,4,228,820228,920228
3.82408996247657,-0.175910037523435,0.0127345864332116,0.00633463382647506,0.169195790829281,0.255619959161328,0.150765314129825,0.110081258037937,0.240383005894059,"",0.6,4,229,820229,920229
3.97101288382964,-0.0289871161703612,0.0121971977919,0.00880380110082835,0.224210473705604,0.264461850214112,0.164281681961949,0.109858045985863,0.193235361805874,"",0.6,4,230,820230,920230
3.79446574861409,-0.205534251385915,0.00483140850064265,0.0258537872251183,0.120727021976816,0.259245471167126,0.135127195525408,0.109108176192852,0.179838747317476,"",0.6,4,231,820231,920231
3.96531806249261,-0.0346819375073917,0.0125845491415372,0.00740207461115824,0.0997198198073048,0.2663707824822,0.166813137553546,0.746774045243984,0.309631651894262,"",0.6,4,232,820232,920232
4.06192626545028,0.0619262654502819,0.00202104039065379,0.0341715054238775,0.193939643317948,0.257464613655845,0.158730304208454,0.0952843535340777,0.268127636479837,"",0.6,4,233,820233,920233
3.92481434182916,-0.0751856581708426,0.0100203778262619,0.0163392496241948,0.167028362477125,0.273812641104409,0.163037439635188,0.0900378889110296,0.194131996667519,"",0.6,4,234,820234,920234
3.81067246846464,-0.189327531535359,0.00544083408114271,0.000717568594133883,0.219727229774637,0.269906061776167,0.127704261488134,0.836374200475978,0.372068729674605,"",0.6,4,235,820235,920235
3.66197702245302,-0.338022977546979,0.0167085188135976,0.0105973571298843,0.182364035144177,0.267805953168166,0.159666922434541,0.116077452304136,0.24370898189457,"",0.6,4,236,820236,920236
3.71621474852628,-0.283785251473716,0.00208526972749376,0.020896557378009,0.118192718258838,0.261684036617673,0.174314621464451,0.0965787452360311,0.207494299659519,"",0.6,4,237,820237,920237
4.05239107147875,0.0523910714787466,0.00307254120967085,0.00123120016656639,0.0765033503133669,0.268601446601897,0.157487351509493,0.830293067655711,0.407040756604001,"",0.6,4,238,820238,920238
4.24880444644198,0.248804446441979,0.00622124754730871,0.0317261861325413,0.113414897768375,0.246510658534515,0.130827836788973,0.105012999772597,0.260658039609475,"",0.6,4,239,820239,920239
3.84384876023647,-0.156151239763531,0.00141313963123604,0.00695669111045608,0.162467773729989,0.271862136714873,0.139869876637879,0.770949758292766,0.358638083029247,"",0.6,4,240,820240,920240
3.71842172926371,-0.281578270736288,0.00596203510056323,0.00111561224975612,0.189941055012599,0.26323143007366,0.132325180502914,0.815760855813538,0.405853967058106,"",0.6,4,241,820241,920241
3.93321698203918,-0.0667830179608226,0.0130080483587761,0.0420208994324621,0.14586137908123,0.258228928883001,0.15826394060625,0.140320886216085,0.193648106554847,"",0.6,4,242,820242,920242
3.8767716860985,-0.1232283139015,0.0167546507318792,0.00271008875295908,0.118947343606091,0.274352028764288,0.148034218931729,0.0802342368313559,0.177311057547669,"",0.6,4,243,820243,920243
3.64433276684118,-0.35566723315882,0.00984795140218656,0.0759687850479553,0.144219482946163,0.26427106072087,0.159073955541202,0.100751779091908,0.18397948345055,"",0.6,4,244,820244,920244
3.91965812367406,-0.0803418763259396,0.010011675617742,0.0145882655616591,0.112526875177943,0.256351388402924,0.162864476254915,0.114789740415333,0.160552712124848,"",0.6,4,245,820245,920245
3.94107113875996,-0.0589288612400383,0.0134724180777797,0.0222266954787018,0.154338077887417,0.262728974494213,0.140785090516592,0.838959363840005,0.383161935703423,"",0.6,4,246,820246,920246
3.75705384179789,-0.242946158202114,0.0084357016034092,0.0182310271449785,0.0946285432907182,0.258143625000609,0.153899649259734,0.844492081880352,0.359422832514662,"",0.6,4,247,820247,920247
3.99395047721327,-0.00604952278672721,0.00255447367845021,0.0555714680810172,0.104364969658985,0.260082381584668,0.146896060901646,0.390228443484118,0.469660236030679,"",0.6,4,248,820248,920248
3.8127684474819,-0.187231552518103,0.010069597433733,0.00780940456232562,0.176376175257455,0.268833513858678,0.141786696570635,0.123957005878168,0.182153460773366,"",0.6,4,249,820249,920249
4.11062903025431,0.110629030254313,0.0146166437679424,0.0199889335556812,0.118626258716729,0.258958535606316,0.187733451664047,0.123003916108848,0.159631550081925,"",0.6,4,250,820250,920250
3.80764609872399,-0.192353901276005,0.0161411570390347,0.0351344929732698,0.0791080749979334,0.266138745790826,0.136159801686709,0.0934070650722905,0.205992421831162,"",0.6,4,251,820251,920251
3.95920091344931,-0.0407990865506878,0.0121638608470942,0.0138963090309587,0.171491282759148,0.269026849686421,0.159366201469828,0.100118984172593,0.161123982661982,"",0.6,4,252,820252,920252
4.23748483603242,0.237484836032425,0.0295931705176658,0.0213262463409196,0.103320584468305,0.273149514699508,0.13827879979498,0.456380075562556,0.371725270654625,"",0.6,4,253,820253,920253
4.17063684553615,0.170636845536147,0.0109188658041101,0.0121802475890415,0.153192143038684,0.266141608540096,0.160195832133627,0.0920112956122986,0.244503168953513,"",0.6,4,254,820254,920254
3.66517972115727,-0.334820278842731,0.0247062484089906,0.0373094702047009,0.205398860703558,0.267689639001598,0.152416054800869,0.746967758921242,0.357460110606682,"",0.6,4,255,820255,920255
4.25300897430843,0.253008974308433,0.0316096111327228,0.137487893278272,0.274709861231435,0.249675756583024,0.16084521281188,0.388009376754689,0.495339390890052,"",0.6,4,256,820256,920256
4.21216737930774,0.212167379307742,0.0206268069914197,0.00867799331333508,0.161519518997799,0.26578568789473,0.159255516652166,0.126210912794721,0.190093367402821,"",0.6,4,257,820257,920257
3.72099890744035,-0.279001092559649,0.0172413538775258,0.0292337820134578,0.145497539521521,0.25092325922721,0.154420925043438,0.121193586419061,0.210337413010767,"",0.6,4,258,820258,920258
3.63149854007851,-0.36850145992149,0.00531065799310915,0.00555439947100878,0.0915283484115318,0.255287862949282,0.149040033705052,0.118090634633856,0.285393666020879,"",0.6,4,259,820259,920259
4.17272431766852,0.172724317668525,0.00328841323121912,0.0075622250681118,0.122436737636021,0.252832386490796,0.15309347862189,0.121366335018991,0.242572410288913,"",0.6,4,260,820260,920260
3.77594489148689,-0.224055108513105,0.0108148233326107,0.0211314334066781,0.0976792683804017,0.264009085881966,0.14856820806373,0.0945687826392701,0.188146648057405,"",0.6,4,261,820261,920261
3.71655198030021,-0.283448019699787,0.0278273157395654,0.00599096754589457,0.138406017636624,0.26501481099159,0.14347690218989,0.0844490234101026,0.173276433382376,"",0.6,4,262,820262,920262
3.84093308725909,-0.159066912740909,0.0135166655235447,0.00550762177074024,0.332151030586704,0.265400851326278,0.30346993349662,1.2306572971441,0.373057525354941,"",0.6,4,263,820263,920263
3.93852877276114,-0.0614712272388593,0.012705861661279,0.0352911683696079,0.127040194542817,0.264391642694197,0.13290196704171,0.162236566832144,0.289936411195428,"",0.6,4,264,820264,920264
3.80463978618661,-0.195360213813394,0.00442993844623307,0.0276209435949275,0.152123643302461,0.255613599862508,0.163201653027918,0.118469403639249,0.243663178673917,"",0.6,4,265,820265,920265
4.08437405696715,0.0843740569671478,0.00144083735284339,0.00159978552310816,0.0990552769098772,0.260334457879167,0.156992300796898,0.0975236051339659,0.207490165362419,"",0.6,4,266,820266,920266
3.87087293362643,-0.129127066373575,0.0126356155423089,0.00342638445725629,0.184528175230645,0.268487776293468,0.138404250786099,0.368206302281632,0.425910118440481,"",0.6,4,267,820267,920267
3.59885137300082,-0.401148626999181,0.0367023234624831,0.100036531795221,0.0979843644673199,0.262181567234637,0.146609264283076,0.381221832171452,0.457522347651698,"",0.6,4,268,820268,920268
3.99488757679174,-0.00511242320826311,0.00782180489176251,0.0465277796933972,0.155165002472441,0.271204170512979,0.153929822910466,0.12283433039125,0.208189993046009,"",0.6,4,269,820269,920269
4.1055163426426,0.105516342642596,0.0195727503870345,0.0214135875650019,0.0870704912361148,0.258380164733254,0.167899290190475,0.856910641584043,0.394452523919054,"",0.6,4,270,820270,920270
4.07176896685446,0.0717689668544583,0.0103279865618372,0.016359567205207,0.171940909049504,0.260910994491507,0.150982180987001,0.0987957295031277,0.174697985949708,"",0.6,4,271,820271,920271
3.89732151398472,-0.102678486015278,0.00451405827090687,0.00170051353357803,0.115922812800282,0.263541429249895,0.148579080450158,0.106234740278308,0.260927047692419,"",0.6,4,272,820272,920272
3.67583980859207,-0.324160191407928,0.0108832937879646,0.00252454406704869,0.155056420374969,0.285842314321427,0.138998687061074,0.0987897525500039,0.210629765247739,"",0.6,4,273,820273,920273
3.92994108653428,-0.0700589134657199,0.0127863909904742,0.208487823297999,0.272260781320713,0.275327340116209,0.146894439516728,0.676137028774129,0.460387236094868,"",0.6,4,274,820274,920274
3.74664961005378,-0.253350389946221,0.00279787828471878,0.0415145811273805,0.10087899829341,0.271645534432807,0.145300074185773,0.102643773734437,0.15661718283021,"",0.6,4,275,820275,920275
3.92780980152855,-0.0721901984714508,0.0210621042471691,0.0242240692948509,0.15452268319184,0.260005023491767,0.153903956688106,0.105088278554958,0.246267223343652,"",0.6,4,276,820276,920276
4.17908013775313,0.179080137753132,0.0259674110493887,0.0597914246622148,0.157862731473398,0.252180556672941,0.177285575743482,0.212584351271781,0.377142995792108,"",0.6,4,277,820277,920277
3.7547366682957,-0.2452633317043,0.0113540068779946,0.0673682589163261,0.131019496890758,0.265971694749098,0.145133130252115,0.796663795203422,0.349654313367104,"",0.6,4,278,820278,920278
3.9847029501402,-0.0152970498598042,0.0246777608831206,0.0437881686172832,0.0848264717293192,0.269708187687527,0.146412229055309,0.11801203693091,0.272645368477822,"",0.6,4,279,820279,920279
4.1351931199861,0.135193119986105,0.0435422117854479,0.00269926087507921,0.159286669128846,0.269909361671737,0.143946656778713,0.865595683729703,0.428120689310632,"",0.6,4,280,820280,920280
4.21798899661897,0.217988996618966,0.0104073665185634,0.106307893593553,0.129159518733488,0.264524605055538,0.15448288981373,0.581833001197216,0.42780491996507,"",0.6,4,281,820281,920281
3.95780225541149,-0.0421977445885089,0.00338447270415873,0.0284488238568148,0.0945919520910591,0.252934468047968,0.161693320888003,0.118420489638794,0.324276847446052,"",0.6,4,282,820282,920282
4.11575673173489,0.115756731734891,0.000575691624105729,0.0348236576397878,0.128308752729749,0.255234620763005,0.1469835436162,0.159154085112286,0.26619057849361,"",0.6,4,283,820283,920283
3.79678540063952,-0.203214599360478,0.0275630113938079,0.0372424122423769,0.18661302078213,0.273986710253811,0.136238071427634,0.104692657818045,0.199403337865698,"",0.6,4,284,820284,920284
3.79666227003829,-0.203337729961711,0.00642456625043033,0.0101087280626743,0.178457400893077,0.266031410903115,0.166790427154073,0.753787738648136,0.363290675963091,"",0.6,4,285,820285,920285
4.00739615327128,0.00739615327127652,0.00117981848941015,0.0113163580237997,0.189527555161307,0.268187254759841,0.166517258935924,0.116896059654463,0.26591160718511,"",0.6,4,286,820286,920286
4.04959689497227,0.0495968949722654,0.0144820536887017,0.0397576423625555,0.140166058424746,0.254889422340979,0.146604069767889,0.140922769605666,0.167555281834158,"",0.6,4,287,820287,920287
4.03751066986382,0.0375106698638232,0.00388999062082063,0.00941104139840532,0.141571364664243,0.260794748656202,0.159992780711558,0.0945147438674093,0.148873378623084,"",0.6,4,288,820288,920288
4.1333606531329,0.133360653132901,0.0141940844568123,0.00345312566703782,0.212205358051925,0.269325673748417,0.168125895298435,0.10597784032347,0.187821478050624,"",0.6,4,289,820289,920289
3.85498103165425,-0.145018968345751,0.0200813607375097,0.00382177926128013,0.152173911862933,0.257384852490814,0.152899724052636,0.0999066113438045,0.201308644441188,"",0.6,4,290,820290,920290
3.89879693439277,-0.101203065607235,0.0111676369787554,0.00468434748473642,0.185263499681791,0.288608720953438,0.142467944714555,0.0930255428927827,0.213800245193363,"",0.6,4,291,820291,920291
4.10945563110651,0.109455631106512,0.0249737167877024,0.0587495028927558,0.132991521472345,0.262354034254046,0.164503611454736,0.288646250552854,0.331942392975482,"",0.6,4,292,820292,920292
3.82917070312983,-0.170829296870168,0.00387504120512516,0.0148298251412116,0.241390047221891,0.261820952245422,0.167561770704102,0.134126516403855,0.275302824730996,"",0.6,4,293,820293,920293
4.35415950388599,0.354159503885993,0.0100624708345722,0.0583540811969818,0.18351736161407,0.256561365791929,0.158583263087546,0.130972604690506,0.281823302754969,"",0.6,4,294,820294,920294
3.97342476760153,-0.0265752323984674,0.0135672226902072,0.00252749679828423,0.0989379013064475,0.249572414346822,0.159297970646206,0.0821642641693773,0.180846834156479,"",0.6,4,295,820295,920295
3.6055104822312,-0.3944895177688,0.0142123786868975,0.00557336668224906,0.10350048770328,0.265719747332044,0.144006659041113,0.103143797448946,0.223340530454741,"",0.6,4,296,820296,920296
4.18560046539408,0.185600465394082,0.00816765639830774,0.00851745751625577,0.119765592924783,0.25421164470559,0.161232504027245,0.12319310891357,0.247263589601072,"",0.6,4,297,820297,920297
3.75939306902456,-0.240606930975436,0.0208547081145395,0.0173853053492043,0.145467689591696,0.262010190042961,0.152646601389897,0.102502700022445,0.190662049307468,"",0.6,4,298,820298,920298
3.732405343793,-0.267594656207,0.0265167564389227,0.0283847114915697,0.123430382051088,0.260965597795241,0.146510704546751,0.131232510143219,0.19622118558454,"",0.6,4,299,820299,920299
3.87534943028879,-0.124650569711205,0.00944191486779042,0.0199769115804219,0.0776899219130575,0.265645357578612,0.139864561572044,0.088473446933119,0.217424759705942,"",0.6,4,300,820300,920300
3.74013765732279,-0.259862342677208,0.0112327616561076,0.0102823621394919,0.247289160049865,0.257380943310514,0.145750558770689,0.874853279355704,0.36390034299339,"",0.6,4,301,820301,920301
3.56261407157376,-0.437385928426239,0.00956694734853392,0.00894299937037513,0.191472783742782,0.262699782171184,0.150371317481142,0.842513711421571,0.444309149344097,"",0.6,4,302,820302,920302
3.76452241049716,-0.235477589502844,0.012793951652629,0.00300520368904492,0.0945702606434284,0.260209217674266,0.138623837865303,0.13268250464285,0.16488011729392,"",0.6,4,303,820303,920303
3.94085550738462,-0.0591444926153777,0.00476796247233546,0.00573309346011872,0.192912977400063,0.256169231565821,0.15270450181591,0.114131512529849,0.242916419298956,"",0.6,4,304,820304,920304
4.00693227544804,0.00693227544803587,0.0510575954843836,0.021164057462239,0.125910979605327,0.253027248326824,0.154708068098358,0.725476461464095,0.373461017868811,"",0.6,4,305,820305,920305
3.95398369727608,-0.0460163027239155,0.00515464769710247,0.00759350667497746,0.123422934311843,0.273035967769623,0.134292862421831,0.564664943710556,0.395274786195365,"",0.6,4,306,820306,920306
3.89665592196322,-0.103344078036779,0.039650481372858,0.00234964840285998,0.133357399493289,0.272345529957736,0.148789781594139,0.754207914510913,0.338292091324908,"",0.6,4,307,820307,920307
3.96299771949053,-0.0370022805094661,0.0260513490140564,0.0152088982705922,0.106204533086088,0.257447229230886,0.143153860583395,0.112446699519599,0.288763661330773,"",0.6,4,308,820308,920308
3.85190823664137,-0.148091763358634,0.0286995409126618,0.032047682399536,0.110922941683523,0.262650964252553,0.158915194609776,0.117872117487905,0.166551732952927,"",0.6,4,309,820309,920309
3.8986731831595,-0.101326816840502,0.00772890472617113,0.199897577032704,0.151500256339406,0.26186387845343,0.154164784670362,0.668340642086357,0.478492438870845,"",0.6,4,310,820310,920310
3.70691839833285,-0.293081601667148,0.00216696308304931,0.02629447852022,0.120733551989172,0.273930192172417,0.149205165044946,0.0905879478443267,0.252972443083626,"",0.6,4,311,820311,920311
3.96222818271867,-0.0377718172813295,0.012314355483097,0.0286421263628231,0.0942862389390794,0.273092973367631,0.155450337480761,0.108700352774266,0.165274671683917,"",0.6,4,312,820312,920312
3.63485247150635,-0.365147528493649,0.0153866661224755,0.0318224259882041,0.126480095890442,0.267363448234373,0.155448748698192,0.1237552892141,0.199760866176308,"",0.6,4,313,820313,920313
3.88599001979276,-0.114009980207243,0.0182589432835417,0.02906619805509,0.253950896468287,0.260358760665701,0.142537397463019,0.0978486379813931,0.249862633601832,"",0.6,4,314,820314,920314
3.86054521438137,-0.139454785618626,0.0194894066747906,0.0340069361136938,0.151121075948697,0.258352895812035,0.140444515215371,0.817376524912215,0.434193378617933,"",0.6,4,315,820315,920315
3.95419805960707,-0.0458019403929266,0.0214884324778232,0.0308304522860155,0.130982507141263,0.259381183283088,0.146753261024268,0.105988367901261,0.181108288063842,"",0.6,4,316,820316,920316
3.59487958206906,-0.405120417930938,0.00622150270350386,0.0089204362262508,0.0750263065517203,0.270008867535957,0.15835426048576,0.0718752812405459,0.258669663413996,"",0.6,4,317,820317,920317
3.99818878701251,-0.00181121298748943,0.0231051625159429,0.0154316459776913,0.121319181170796,0.253672945493314,0.143630492345226,0.109326021729315,0.222304913112719,"",0.6,4,318,820318,920318
4.07982052505136,0.079820525051356,0.0122803736580105,0.0012502327141882,0.208408065607562,0.260459522142589,0.149912800351776,0.107512090459057,0.185210168492745,"",0.6,4,319,820319,920319
3.87125618833673,-0.128743811663266,0.00742338059628142,0.0555513450472087,0.175911659948386,0.258994379589912,0.153333641692763,0.498995463798766,0.451807031726162,"",0.6,4,320,820320,920320
3.87945450422974,-0.120545495770261,0.00457283005773645,0.0225220979554451,0.109929159067158,0.265656661299322,0.15044471037642,0.107681017633859,0.212081664625247,"",0.6,4,321,820321,920321
4.21846803789846,0.218468037898464,0.00209466638008579,0.203288448182115,0.198610243190257,0.256246732970058,0.163203620066203,0.465291158875995,0.387925559879187,"",0.6,4,322,820322,920322
4.46920239337177,0.469202393371769,0.00136040318836972,0.0045330120037459,0.131160671812134,0.259278794873926,0.143945294894259,0.106099011378588,0.215075026520079,"",0.6,4,323,820323,920323
3.84419789771945,-0.155802102280551,0.0142117234170658,0.00516219726928879,0.210839263547204,0.25722497401037,0.162688479441936,0.102306343818755,0.191650419801014,"",0.6,4,324,820324,920324
4.32327732162309,0.323277321623087,0.0115883009870285,0.0728445456089383,0.0973471634469409,0.258359421308965,0.144874379815684,0.846288170409183,0.350252547579638,"",0.6,4,325,820325,920325
4.21765321089162,0.217653210891618,0.00169531236442907,0.204428529901948,0.15762776719505,0.2515858908276,0.148959497715151,0.802558558281772,0.562524307866596,"",0.6,4,326,820326,920326
3.97353573646655,-0.0264642635334535,0.0127363579702066,0.0154905285607539,0.137820322451981,0.27071669702568,0.142182557550122,0.151984959579038,0.218161903373921,"",0.6,4,327,820327,920327
3.90744072542381,-0.092559274576193,0.0238005538588715,0.0116587588443122,0.16705549920428,0.258914654655225,0.138318944424176,0.735991806208127,0.417541267728936,"",0.6,4,328,820328,920328
3.7545293822662,-0.2454706177338,0.00699351524100525,0.00407123158118139,0.0916247651651632,0.270502720982593,0.144519275139323,0.858896654705309,0.355097448967624,"",0.6,4,329,820329,920329
3.76042784141579,-0.239572158584215,0.0130032331952311,0.0347104479809627,0.123449573624486,0.26783953042627,0.151484076255724,0.0942283449929744,0.222978836903028,"",0.6,4,330,820330,920330
3.92074204366944,-0.0792579563305602,0.0115323138335315,0.110915923102234,0.2169863085283,0.257238885174016,0.14892015826035,0.776544108304425,0.470682956498535,"",0.6,4,331,820331,920331
4.1365995226809,0.136599522680902,0.00909171544347809,0.00257679584636361,0.147434034500859,0.265714275940746,0.159643931898903,0.791389877581815,0.342689948954142,"",0.6,4,332,820332,920332
4.09747701075629,0.0974770107562888,0.0109159830281323,0.0287375125584518,0.15677202436445,0.255051216881438,0.138291919022204,0.133187608635935,0.175560127385826,"",0.6,4,333,820333,920333
3.82002190591864,-0.179978094081363,0.0246022454686276,0.0026035566959258,0.108363272696945,0.255799402096025,0.144605753315779,0.112237662370223,0.234844950950737,"",0.6,4,334,820334,920334
3.83671310194202,-0.163286898057975,0.00705465998005173,0.0177104835675997,0.0725217366333124,0.260200462531833,0.145469987875136,0.0829490979833232,0.245004350849299,"",0.6,4,335,820335,920335
3.95602341450225,-0.0439765854977456,0.00401072209884054,0.0248050801216063,0.177868070128461,0.25476537796715,0.170734188231194,0.0972139263125309,0.231895005386901,"",0.6,4,336,820336,920336
3.75483176134587,-0.245168238654129,0.00898717217485001,0.00709957590588564,0.138868894988398,0.272376332968928,0.157650065451169,0.149291212427782,0.260599966695443,"",0.6,4,337,820337,920337
3.80409079415795,-0.195909205842048,0.00942973701781533,0.012408101150953,0.121897347059335,0.271636091012112,0.152260393680921,0.12505686948316,0.170122375256692,"",0.6,4,338,820338,920338
3.5784605984814,-0.421539401518596,0.0133222170389168,0.0234662776679672,0.131655582850569,0.282420429973754,0.144453553296321,0.810192429874068,0.374916478915496,"",0.6,4,339,820339,920339
3.77431462710038,-0.225685372899618,0.0321066358766224,0.0156085919028753,0.188859496136723,0.272372744534098,0.156147905640447,0.73352527080315,0.389565947712562,"",0.6,4,340,820340,920340
3.57168290804878,-0.428317091951222,0.0115672251319371,0.0104167279261533,0.0894991833501518,0.265459368248905,0.125706364681687,0.0880024080624955,0.157038567623482,"",0.6,4,341,820341,920341
4.05488889340451,0.0548888934045104,0.0102871529573076,0.100893905641569,0.249923185952386,0.261826936010035,0.134327700409512,0.46291215637125,0.459640326108406,"",0.6,4,342,820342,920342
3.9740430423476,-0.0259569576523959,0.0229497415975854,0.00915941541558762,0.145631422297859,0.244055383920047,0.155045692782585,0.822635020645721,0.358667620441515,"",0.6,4,343,820343,920343
3.87255163521154,-0.127448364788456,0.0113804628787382,0.0231813251274367,0.0699494709555242,0.269904589323764,0.151704881616481,0.0759127101920857,0.180457045166446,"",0.6,4,344,820344,920344
3.82421040191356,-0.175789598086443,0.0116143338074719,0.0124307543302158,0.131585996261915,0.274209355426844,0.16473094012014,0.0937153065210053,0.168534393625471,"",0.6,4,345,820345,920345
4.00558339245204,0.00558339245204209,0.000739530889927065,0.000364063404491216,0.0866372570804767,0.265881975963762,0.151685690978164,0.108452981985664,0.159044454532387,"",0.6,4,346,820346,920346
4.09691567925337,0.0969156792533719,0.0135135587135742,0.0262914393156423,0.215403606386875,0.262943287841465,0.140433054439044,0.117463128947727,0.22629993295983,"",0.6,4,347,820347,920347
3.8103588426137,-0.189641157386297,0.0147259417216163,0.0190812271842578,0.136772100131797,0.262538313459677,0.159695219925186,0.133654499932423,0.275220714848154,"",0.6,4,348,820348,920348
3.90706290833467,-0.092937091665334,0.0141966219110681,0.0083004866160673,0.17857756230477,0.274978891004445,0.153771943333244,0.859205558619203,0.366134901603662,"",0.6,4,349,820349,920349
3.80508141983691,-0.194918580163087,0.0089579865765875,0.00390416773924196,0.142880620042095,0.264013531253349,0.163898510445866,0.73355520720938,0.363744972721856,"",0.6,4,350,820350,920350
3.90443924707316,-0.0955607529268367,0.00149079675097011,0.0737086968020281,0.219939434127142,0.261945335882907,0.145516137346397,0.22302623541881,0.348986573105337,"",0.6,4,351,820351,920351
4.25903761098417,0.259037610984175,0.0321165065079922,0.0030437237153963,0.106754145346735,0.268061919076016,0.139461825428576,0.0936770010108064,0.178800292715787,"",0.6,4,352,820352,920352
4.00424212614203,0.00424212614203423,0.0293526382906806,0.0209332063602116,0.0944289948455493,0.255117175359787,0.138430578999361,0.108207745969179,0.183465806809318,"",0.6,4,353,820353,920353
3.81191894679718,-0.188081053202817,0.0396086827961537,0.038992808531753,0.187809240860442,0.264377687650544,0.141713077914917,0.101933914290117,0.249804180995983,"",0.6,4,354,820354,920354
4.30721630441227,0.307216304412272,0.0101028150663385,0.0200465552715305,0.0902294353743045,0.263465860129297,0.156052639509822,0.768201980689893,0.409972058603888,"",0.6,4,355,820355,920355
3.7999872962401,-0.200012703759904,0.00358575546046414,0.00202698372272547,0.297569807600645,0.259207369907236,0.157446933896063,0.138054845275375,0.221446697335203,"",0.6,4,356,820356,920356
3.98528525657084,-0.0147147434291623,0.0247876254751037,0.00588243663128074,0.117495710021405,0.269385241098428,0.156443719068618,0.0814071030027011,0.26139317269688,"",0.6,4,357,820357,920357
3.65222429624305,-0.347775703756946,0.033474416795538,0.00511126321092703,0.26555460558275,0.262807166096502,0.16618723095794,0.693724495365953,0.374543499973899,"",0.6,4,358,820358,920358
4.15880046772902,0.15880046772902,0.0132269497920304,0.0260860543042221,0.227912149679271,0.257269580185206,0.156167387621376,0.295802030713064,0.385112169880879,"",0.6,4,359,820359,920359
3.80058734014268,-0.199412659857316,0.0196970706698815,0.00620698090520591,0.211485963773095,0.261567190396947,0.160059747204223,0.756744470366477,0.391386991472666,"",0.6,4,360,820360,920360
3.65923565462927,-0.340764345370725,0.0126538561185849,0.0319943310909431,0.23527691991372,0.267139435717266,0.151435173950903,0.81073415510942,0.343908408923297,"",0.6,4,361,820361,920361
4.08735204815531,0.0873520481553092,0.0307974838523596,0.0469694050774795,0.313043223788898,0.260920085170578,0.152934084948826,0.80823000048875,0.34729278352401,"",0.6,4,362,820362,920362
3.75362335450624,-0.246376645493764,0.000248913568188264,0.0119569608429021,0.20822332540524,0.26515661037434,0.151174657202214,0.761536335499043,0.360480118971689,"",0.6,4,363,820363,920363
3.75844069780124,-0.241559302198762,0.0275066895917406,0.0493171611751881,0.216586578569416,0.271811383384057,0.150000609776262,0.875708887917116,0.365996820989011,"",0.6,4,364,820364,920364
4.13379949931959,0.133799499319594,0.01198687097647,0.00507283771380063,0.128407404445038,0.260145997307074,0.156587134901118,0.123947763784965,0.145185315784066,"",0.6,4,365,820365,920365
3.98085450831393,-0.0191454916860692,0.026804249068905,0.0546499530553004,0.133418903054088,0.263986637446932,0.149658136213063,0.642607009524217,0.426046164243965,"",0.6,4,366,820366,920366
3.76549766679539,-0.234502333204607,0.00138236177659357,0.012682574389481,0.167719566258606,0.258910376727491,0.166339139733651,0.0835371405822546,0.190259980413318,"",0.6,4,367,820367,920367
3.81408501179293,-0.185914988207071,0.00263951845376251,0.013147214447068,0.0889685775952928,0.268564674450748,0.148091438688621,0.082298898828948,0.234790291691854,"",0.6,4,368,820368,920368
4.15834848419828,0.158348484198276,0.00449127240079972,0.0231932380775538,0.100511522550747,0.270271953094213,0.128039364178696,0.115921833568937,0.185130898333979,"",0.6,4,369,820369,920369
3.98510986407681,-0.0148901359231868,0.00736629960938018,0.0281372072774124,0.151461932654158,0.261145588172314,0.145044446340834,0.098247406797192,0.170666948584629,"",0.6,4,370,820370,920370
3.79979516983557,-0.200204830164433,0.00864879156360676,0.00962221218102932,0.131439441768528,0.250196164160141,0.139372741763909,0.101655552474169,0.217554476349023,"",0.6,4,371,820371,920371
4.01629758454182,0.0162975845418156,0.0071860126901554,0.00909126404783067,0.208162229499118,0.276414508440285,0.145511604180051,0.106868339508716,0.213058448533353,"",0.6,4,372,820372,920372
3.5645878442479,-0.435412155752101,0.00404767275853421,0.0392404155359819,0.136719908312516,0.267388808951373,0.147019122943462,0.804027529615566,0.391101144070082,"",0.6,4,373,820373,920373
3.95089076776467,-0.0491092322353333,0.00986621253582523,0.00996661801062881,0.132231497619767,0.255063849107957,0.167460121798497,0.333941854224096,0.408469299404912,"",0.6,4,374,820374,920374
4.11272800205247,0.112728002052474,0.0131643354237728,0.0149972092353716,0.0838565932126362,0.264060314339839,0.147474943227493,0.833042258860148,0.422005263820476,"",0.6,4,375,820375,920375
3.70609241997912,-0.293907580020875,0.0153065834150485,0.0240865513390343,0.162040397503977,0.270146484626066,0.146175129198576,0.0920891677809115,0.214119356358912,"",0.6,4,376,820376,920376
3.83688049436866,-0.163119505631343,0.0209128345693345,0.0222879345542152,0.20920031357313,0.270681711314346,0.15768817892832,0.096925425595393,0.166373589273397,"",0.6,4,377,820377,920377
4.24098439570724,0.240984395707236,0.0092917219900277,0.0100440772689722,0.164642527338107,0.259747943550297,0.152203970443701,0.244201717665744,0.372445097614084,"",0.6,4,378,820378,920378
4.37827666623892,0.378276666238923,0.00315560690211314,0.0489651001001235,0.138197265814579,0.251194479559106,0.152632080343928,0.113546263005745,0.218410085523578,"",0.6,4,379,820379,920379
3.78778102093089,-0.212218979069108,0.00522257652422708,0.00560592988932382,0.183296782066113,0.256834132922743,0.144026180721446,0.114844388565698,0.20117370807993,"",0.6,4,380,820380,920380
3.95404756054141,-0.0459524394585933,0.0397403982576308,0.050336590915414,0.198118122514894,0.262254856653745,0.162823849306514,0.141115016527077,0.177920904254054,"",0.6,4,381,820381,920381
3.71305160242745,-0.286948397572547,0.0079744928897878,0.0565256620972686,0.167378298122333,0.27028094860635,0.167200887915185,0.800795430303523,0.387196327925957,"",0.6,4,382,820382,920382
3.89676458231609,-0.10323541768391,0.0182148037896934,0.0144210886744199,0.204379543954464,0.266611756538979,0.137107467804382,0.0906290468443274,0.217117841689115,"",0.6,4,383,820383,920383
3.7624339027081,-0.237566097291899,0.0172449740794671,0.0326820737936723,0.12581919009649,0.239883311088898,0.147058749038073,0.108296401081551,0.289195426013268,"",0.6,4,384,820384,920384
3.62958469417921,-0.37041530582079,0.0146676661052712,0.0301375492948682,0.147783571689889,0.257640511492126,0.167787288464758,0.146742585317974,0.221079299181679,"",0.6,4,385,820385,920385
3.77999236398499,-0.220007636015012,0.0138733896966917,0.0118894973036932,0.141139860098902,0.257891603754507,0.154855905831272,0.145415626278742,0.293351276387122,"",0.6,4,386,820386,920386
3.50295641151681,-0.497043588483194,0.0485500398530585,0.0432595305304197,0.102880497941647,0.269006577409207,0.150123768494756,0.0927058960928131,0.150993501606768,"",0.6,4,387,820387,920387
3.81358088811705,-0.186419111882951,0.00700237963905825,0.00197849946945475,0.132304803645562,0.264426891647432,0.160608250499887,0.139400154933671,0.183980344321028,"",0.6,4,388,820388,920388
4.30469075866096,0.304690758660961,0.0227011542389995,0.0342292723443698,0.160769579303049,0.263151487244194,0.157974768180902,0.136911413180554,0.198560643887701,"",0.6,4,389,820389,920389
3.65621707057671,-0.343782929423294,0.00943201706729616,0.00349848449215004,0.23939085287656,0.278226767161558,0.143298204748969,0.124726170968787,0.234947062128751,"",0.6,4,390,820390,920390
3.73732410696045,-0.262675893039549,0.00828099937285623,0.00986714871083738,0.108089352139163,0.270342938140383,0.150664551612622,0.133665431783735,0.211812475403245,"",0.6,4,391,820391,920391
4.01597473148513,0.0159747314851266,0.0121640477230372,0.06072191019171,0.160711967232115,0.256123216668605,0.150270197735133,0.819068530304283,0.428077768034479,"",0.6,4,392,820392,920392
3.90636369337492,-0.0936363066250752,0.00574119087349656,0.0462537765821704,0.176342899336099,0.262928694600198,0.147983725993878,0.37445138234734,0.409387823431377,"",0.6,4,393,820393,920393
3.99169812340841,-0.00830187659158677,0.00902891736626454,0.0116838579043822,0.109584222198504,0.259612270305578,0.149147828364833,0.134954154478678,0.260207813002778,"",0.6,4,394,820394,920394
4.07770201808406,0.0777020180840564,0.0092908395450596,0.0396314942715802,0.107852022355703,0.259956476018174,0.167193675522278,0.0984224591587717,0.171933920353678,"",0.6,4,395,820395,920395
4.00705993690939,0.00705993690938733,0.00556743277029803,0.0303410134424854,0.0694084863031922,0.269660528030485,0.133435694484234,0.0806136149043876,0.160987036234117,"",0.6,4,396,820396,920396
4.01087943626691,0.0108794362669054,0.0109752568757358,0.056963593087583,0.139657499900673,0.261431613104269,0.151572337842176,0.147423097607169,0.133158832242668,"",0.6,4,397,820397,920397
3.628775762656,-0.371224237344001,0.00116441232137221,0.0226385409732451,0.110734332084131,0.252306239484124,0.153592879383696,0.116934782683042,0.161761680134025,"",0.6,4,398,820398,920398
3.77053127830462,-0.229468721695378,0.00397706117765198,0.00308190898085361,0.172006972419182,0.262529710812239,0.152278683645496,0.10457271797882,0.20456197989769,"",0.6,4,399,820399,920399
3.86588730666484,-0.134112693335156,0.00536990542245133,0.0681558010434905,0.191922319979634,0.279278211026649,0.154029369257044,0.777380998203931,0.348407799311892,"",0.6,4,400,820400,920400
4.05735827328853,0.0573582732885338,0.0105189537012209,0.0187266710452929,0.21387186404845,0.25568422306838,0.153244901818055,0.102389979599241,0.306103355105556,"",0.6,4,401,820401,920401
3.77961226606446,-0.220387733935536,0.0171646574501068,0.026127435576056,0.0895788464998573,0.269601262305888,0.158969105168942,0.108362004381633,0.250797238912301,"",0.6,4,402,820402,920402
4.23305140778566,0.233051407785658,0.00990876841380997,0.00664619801202074,0.180172628949817,0.256831094516112,0.1563548699095,0.732829279321995,0.393664357618495,"",0.6,4,403,820403,920403
3.49806844383315,-0.50193155616685,0.00041859077196435,0.0401811200909076,0.135221742659298,0.264238322694854,0.157561503239965,0.158124031845597,0.18864147501252,"",0.6,4,404,820404,920404
4.14383546618757,0.143835466187575,0.0106569945382655,0.00356136094326898,0.180135640783752,0.264345241242238,0.132785354952056,0.0973052443743137,0.186622715460367,"",0.6,4,405,820405,920405
3.93340203280875,-0.0665979671912544,0.0114328051139989,0.0206215849479748,0.152508074565118,0.273019973602537,0.167155869779139,0.160333196905172,0.245313120241611,"",0.6,4,406,820406,920406
3.95687758952439,-0.0431224104756085,0.0171249536111429,0.0218677348647216,0.0867675815599665,0.261278457181975,0.158134834925121,0.12436743291211,0.168366279622629,"",0.6,4,407,820407,920407
3.83431375470832,-0.165686245291679,0.00636834850723722,0.0307718329069911,0.174680685481437,0.257233606869942,0.132365530444656,0.104489702638904,0.256149459532384,"",0.6,4,408,820408,920408
3.87055821652655,-0.129441783473446,0.00153855071624265,0.00233197929728668,0.11029107297725,0.266569857857791,0.142671421891948,0.0912984823625384,0.1659392348283,"",0.6,4,409,820409,920409
4.31217810456227,0.312178104562274,0.0150337592536534,0.0580225056701301,0.135423446301908,0.266516182676204,0.145170252938214,0.0945416695053478,0.207120754003139,"",0.6,4,410,820410,920410
3.72694981029589,-0.273050189704107,0.0325712358317874,0.00152354322433304,0.0583023003976989,0.269403403417798,0.153828984452027,0.0723238126067852,0.224845708338045,"",0.6,4,411,820411,920411
4.37025851386595,0.370258513865947,0.0086145679656443,0.0558331712131785,0.170936827583565,0.273533745497069,0.128091031461514,0.103120077784793,0.163110128950635,"",0.6,4,412,820412,920412
3.38806379337051,-0.611936206629486,0.0150980903925358,0.0120182938947907,0.148923941926144,0.284203423167352,0.152703850310462,0.0814711478319261,0.177335815709528,"",0.6,4,413,820413,920413
3.61720655339058,-0.382793446609417,0.0145256250722128,0.0077875704480064,0.114683282275435,0.274042475949686,0.153891332300907,0.171827354186905,0.169264099606155,"",0.6,4,414,820414,920414
4.04702525349284,0.0470252534928433,0.00178825705844329,0.00552547952419172,0.155289992246614,0.25604924527085,0.152138177331426,0.0954598659092797,0.208760064784218,"",0.6,4,415,820415,920415
3.88139028501461,-0.118609714985389,0.00481323877705866,0.0978224876227177,0.165347703069932,0.261140765345238,0.137575536587495,0.153133435805469,0.218739006098981,"",0.6,4,416,820416,920416
3.77837124476379,-0.221628755236211,0.0083517023296914,0.053333216936909,0.200977984346553,0.266397878023131,0.136957956595894,0.65966699388222,0.385404721710423,"",0.6,4,417,820417,920417
3.62211848509846,-0.377881514901544,0.00140226077680558,0.00501324945130069,0.0951421908490737,0.273415907801042,0.140981706199207,0.768932219040608,0.326579113604785,"",0.6,4,418,820418,920418
3.70009084328357,-0.299909156716427,0.00591212133525135,0.0143902290264681,0.219632343307743,0.258887241653975,0.162557550690499,0.199917218162821,0.328137716376045,"",0.6,4,419,820419,920419
4.07238104174352,0.0723810417435198,0.00118274251453224,0.00985846675184274,0.131553957986549,0.261564509880622,0.159448532420815,0.834255162039895,0.377080194463667,"",0.6,4,420,820420,920420
3.65148792113249,-0.348512078867508,0.0156898499256327,0.0344345769580177,0.123503865826178,0.268889443906836,0.153626122960707,0.0966554294688601,0.194946241885348,"",0.6,4,421,820421,920421
4.38375979928742,0.383759799287416,0.00343810007240886,0.238461908740646,0.131563902902834,0.258887179923023,0.137200812425906,0.524256227725401,0.619764514002516,"",0.6,4,422,820422,920422
3.90215175564015,-0.0978482443598496,0.0274005065134685,0.0141348047886959,0.102962368333404,0.25708469964609,0.15039019719787,0.15388465365151,0.175703193575299,"",0.6,4,423,820423,920423
4.18421004942518,0.184210049425183,0.00296996295546972,0.0313843111367075,0.176225326370124,0.251714650259075,0.121392869033135,0.100256831475044,0.232029438957231,"",0.6,4,424,820424,920424
4.02863341818386,0.0286334181838566,0.0294991297761404,0.0389783327597812,0.143342612139007,0.249368667968988,0.150152889924656,0.200013065288038,0.340361899357945,"",0.6,4,425,820425,920425
4.06028244447973,0.0602824444797347,0.0120440768684118,0.0115566710346902,0.122163035642284,0.261510473239642,0.166133923532971,0.0784709108992816,0.172238695515511,"",0.6,4,426,820426,920426
4.10274839456509,0.102748394565091,0.0209062990172076,0.0228692901535072,0.0754275124828203,0.25898276483409,0.169005682459719,0.0852434794278375,0.178221690360198,"",0.6,4,427,820427,920427
3.91235300348419,-0.0876469965158058,0.00219932727841535,0.0126676311223877,0.172050786841092,0.25516728839163,0.153711473872359,0.68443035805781,0.388235447533758,"",0.6,4,428,820428,920428
3.86650878203443,-0.133491217965572,0.00292133726394161,0.0370497228492568,0.172833466216122,0.268093776179222,0.152653662318614,0.743687464500208,0.372381882459754,"",0.6,4,429,820429,920429
3.93735460671356,-0.0626453932864361,0.0125732937693549,0.0209477050083386,0.165954785480932,0.269202170609311,0.153725274746313,0.825756539087535,0.377817965969217,"",0.6,4,430,820430,920430
3.96373360190827,-0.0362663980917319,0.00509558137832314,0.144929376368178,0.178560756821412,0.263925949410973,0.15549130833251,0.700101851823775,0.414664846275662,"",0.6,4,431,820431,920431
3.97132150080043,-0.0286784991995681,0.000980910388673095,0.0342263393575006,0.247628985801803,0.260236951567481,0.128661366992012,0.737016115997652,0.354070182064455,"",0.6,4,432,820432,920432
3.85892058460302,-0.141079415396982,0.0151840585515294,0.0497168271874908,0.146586308281154,0.2416669911243,0.150417509484626,0.456780961912432,0.419041964686319,"",0.6,4,433,820433,920433
3.89970743175304,-0.10029256824696,0.0204555629433757,0.00679213135554527,0.125623903140281,0.267483968143148,0.15276354721441,0.766482371179205,0.358496338080979,"",0.6,4,434,820434,920434
3.77981108489385,-0.220188915106151,0.0139775097370523,0.0233568090821848,0.179412663845074,0.267703083809907,0.156184432950617,0.165396184092528,0.228574619039083,"",0.6,4,435,820435,920435
3.59323539940183,-0.406764600598172,0.00713304772001155,0.00483435532249665,0.148103427231334,0.269042690563873,0.156723964079121,0.106181909705546,0.16693208378201,"",0.6,4,436,820436,920436
3.92867064186329,-0.0713293581367114,0.0261721459479096,0.0340806293555998,0.139225709267349,0.2659799322942,0.148517683386742,0.116955571290593,0.248276902734045,"",0.6,4,437,820437,920437
3.68115623056999,-0.318843769430014,0.00175439088573748,0.000200143118883972,0.140886724407469,0.266125412511083,0.138456983479444,0.115727921364318,0.202977044800571,"",0.6,4,438,820438,920438
4.00649858017509,0.00649858017508631,0.0183956188222452,0.0130966412857033,0.0912214811592596,0.258262243419268,0.158702284048905,0.112112405489943,0.14759580968479,"",0.6,4,439,820439,920439
4.03612870717204,0.0361287071720371,0.00431009226183854,0.0119954418001003,0.173212649812148,0.264253672967162,0.167659243024971,0.130166354755099,0.19347088026144,"",0.6,4,440,820440,920440
4.02910443344449,0.0291044334444912,0.00322678164447032,0.000893978561862574,0.0885765439807216,0.27402555023418,0.14706922273298,0.735571169244525,0.29171725184168,"",0.6,4,441,820441,920441
3.64296914017686,-0.357030859823145,0.0116684742829845,0.0165936844540841,0.172516718514503,0.273183066986045,0.154178214652315,0.189918583932,0.299322343004509,"",0.6,4,442,820442,920442
3.58145718860159,-0.418542811398409,0.0141382052989388,0.0474033583574874,0.113013725746902,0.269701587628944,0.150951004390926,0.113253423225627,0.2218775894825,"",0.6,4,443,820443,920443
4.03959272118011,0.0395927211801101,0.00177231394930036,0.0324649829712652,0.105641283814002,0.267386968931768,0.181528498209938,0.798998495348277,0.362105244961577,"",0.6,4,444,820444,920444
3.65785292827813,-0.34214707172187,0.00987884460936481,0.000781548665531484,0.111794003841161,0.267117654546113,0.148554410410074,0.131809409953278,0.195856588369679,"",0.6,4,445,820445,920445
3.70813666329478,-0.291863336705223,0.026508380014381,0.0510367048405867,0.237357250341039,0.265297093708167,0.148861954745481,0.870406214898083,0.363985638666648,"",0.6,4,446,820446,920446
3.97444306122874,-0.0255569387712584,0.0170009955932842,0.0299639964856559,0.183366471698623,0.2594449659483,0.157198334636095,0.822802228877635,0.394565139970882,"",0.6,4,447,820447,920447
3.77827172094598,-0.221728279054015,0.0165381225188541,0.00292569207508031,0.121758258138873,0.261208460193908,0.136997204399012,0.104352897573534,0.183356315958005,"",0.6,4,448,820448,920448
3.93078752197905,-0.0692124780209484,0.026721024505774,0.0138763478182213,0.0706812094319575,0.27426140164818,0.14458134556561,0.0639952143498417,0.276027279441891,"",0.6,4,449,820449,920449
4.05395978789026,0.0539597878902622,0.00608032904989675,0.00624685802597413,0.119370765722145,0.280882119634685,0.146496205976377,0.0788584162498597,0.161720529631807,"",0.6,4,450,820450,920450
3.99668685892458,-0.00331314107542413,0.037269382622848,0.0389192820675459,0.155437812656697,0.259748007715337,0.172415201509062,0.645214455617257,0.444835440345858,"",0.6,4,451,820451,920451
3.76094115757294,-0.239058842427058,0.000505463251585819,0.00632745727269915,0.0812893617317161,0.264665831462553,0.1527022929137,0.101114072912625,0.167352783687156,"",0.6,4,452,820452,920452
3.81167749276838,-0.188322507231618,0.0072674626367131,0.0128138695985932,0.264161588518794,0.255834599661236,0.150614849306501,0.77114181854242,0.369312242694277,"",0.6,4,453,820453,920453
4.20516747717088,0.20516747717088,0.00531937053273243,0.0030792176180815,0.171166302776242,0.257916208861222,0.16747731741786,0.0910513580815165,0.208380481304797,"",0.6,4,454,820454,920454
4.05958984298971,0.0595898429897126,0.0174346545163191,0.0183797872311408,0.128985840436535,0.256945218955361,0.147485841557322,0.101878052670457,0.22254806753136,"",0.6,4,455,820455,920455
3.80057514758873,-0.199424852411267,0.0470181589087779,0.0405406867953936,0.194540352101389,0.264233258930984,0.15858405178911,0.826624097297308,0.363037107323121,"",0.6,4,456,820456,920456
3.96003847188189,-0.0399615281181096,0.00242909811559389,0.0088374266190954,0.131984234754916,0.269899341946731,0.143940870159878,0.12243377514995,0.213195599638361,"",0.6,4,457,820457,920457
3.64050718567177,-0.359492814328227,0.0105487718468267,0.00687673046187198,0.11527919254976,0.262257282650473,0.155523867874118,0.118894361556363,0.163933062157394,"",0.6,4,458,820458,920458
3.6357721076805,-0.364227892319503,0.000414681562479702,0.0221984420255379,0.12985631388591,0.262334593778674,0.146532105370844,0.0929289714264662,0.164301729862364,"",0.6,4,459,820459,920459
3.74891872514433,-0.251081274855674,0.000639237972538287,0.029601886324215,0.143671815096239,0.267267101398391,0.159731092534119,0.1426687127275,0.223071871644086,"",0.6,4,460,820460,920460
3.49919894540938,-0.500801054590625,0.0177502255256777,0.0103657913698206,0.104352214093293,0.272602125666339,0.162986484144772,0.100607274507042,0.265632414495323,"",0.6,4,461,820461,920461
3.79701460268121,-0.202985397318791,0.0309189752593535,0.0123295158174007,0.134981347536848,0.261381768718408,0.137022971839117,0.111520617836165,0.144726804207253,"",0.6,4,462,820462,920462
3.80779609456927,-0.192203905430732,0.0224288989048378,0.00389631752172678,0.212351147776671,0.264319710225893,0.130817745385726,0.81301300111472,0.385123909913245,"",0.6,4,463,820463,920463
4.10022737856582,0.100227378565816,0.0366859578355169,0.0287965234857217,0.160884065073464,0.262531416217981,0.153381084095022,0.808394245865583,0.374889162916255,"",0.6,4,464,820464,920464
3.86544037964118,-0.134559620358822,0.00965034345301438,0.0131004472785675,0.165697256550848,0.249914803358748,0.145729289440472,0.141842265021657,0.203802240085163,"",0.6,4,465,820465,920465
3.72937890589705,-0.270621094102952,0.0212078405488391,0.027771587101545,0.178093439852599,0.261953662442947,0.144163578588281,0.089199789789689,0.198151386588755,"",0.6,4,466,820466,920466
4.12801255432057,0.12801255432057,0.0142991535800946,0.0030160489672372,0.157917446131017,0.259665522638717,0.14921195201815,0.111502225367699,0.186883093933162,"",0.6,4,467,820467,920467
3.50966257980766,-0.49033742019234,0.015994485223486,0.00345056096096641,0.107758653393143,0.275034551769398,0.154863268130557,0.101660546785766,0.19980573863742,"",0.6,4,468,820468,920468
3.79953818638325,-0.200461813616748,0.0020796771467565,0.0317241243340038,0.102898315837051,0.244551273496126,0.144683361122481,0.112051459534146,0.180314254011985,"",0.6,4,469,820469,920469
3.78521962574126,-0.214780374258738,0.0112304228419598,0.0939250723767533,0.0995395260977218,0.271674579931544,0.142606355659533,0.495197533839487,0.37971630803193,"",0.6,4,470,820470,920470
4.03722285718314,0.0372228571831421,0.0238157055526448,0.0083293097105126,0.0781113091833815,0.258473853176094,0.159131426545086,0.092475887289206,0.185284242655685,"",0.6,4,471,820471,920471
3.60677493396637,-0.393225066033632,0.0345117435208324,0.00412397395380737,0.183676927461569,0.280557754813306,0.139981510201412,0.726088532926167,0.344191097323392,"",0.6,4,472,820472,920472
4.10546210073599,0.105462100735987,0.00672881696089012,0.0640812996895249,0.102725981147499,0.269415364775894,0.151035922661391,0.215310542927601,0.193437575635908,"",0.6,4,473,820473,920473
4.18153798583959,0.181537985839592,0.01049023728465,0.0012113541929252,0.0658484938288884,0.266814798600606,0.156878589391797,0.0990530514272256,0.165610753592585,"",0.6,4,474,820474,920474
4.18926160216374,0.18926160216374,0.00324326996993771,0.00121564348056077,0.1802238005422,0.263604165981286,0.172497975679151,0.120500565040567,0.194830104119702,"",0.6,4,475,820475,920475
3.94763826611544,-0.0523617338845579,0.00102056179635998,0.0196785454253465,0.107425089459477,0.270744000048888,0.146280308383728,0.122853000610143,0.25253162958183,"",0.6,4,476,820476,920476
4.1346988686055,0.1346988686055,0.0114419147285773,0.0163496866918643,0.196736229577645,0.251254901560028,0.151446240614745,0.110668608423044,0.168427838004065,"",0.6,4,477,820477,920477
3.95239505253992,-0.0476049474600764,0.00173900875077981,0.00112216340113547,0.0892569673789453,0.260207490925527,0.139132481689927,0.0834008589339501,0.220078780436824,"",0.6,4,478,820478,920478
3.80818009221378,-0.191819907786215,0.012185097840995,0.0111727472737895,0.192730071481457,0.260083463356299,0.135459394701433,0.153229773193961,0.262012830003053,"",0.6,4,479,820479,920479
3.83156645347533,-0.168433546524668,0.0556824402739662,0.112150012002345,0.183782123988674,0.26092146714936,0.153296760215824,0.659830991693934,0.370856976159954,"",0.6,4,480,820480,920480
3.86601596372196,-0.133984036278044,0.00408185089301716,0.0361339272988843,0.133381986298009,0.268034067694913,0.151291345789537,0.0895458664351361,0.173694122420747,"",0.6,4,481,820481,920481
3.84844416226418,-0.151555837735819,0.000680025135749052,0.0233628642964834,0.231078696327189,0.268313079102559,0.164537750518194,0.0882591030851924,0.233880063707009,"",0.6,4,482,820482,920482
3.79332239642145,-0.206677603578547,0.013667375020649,0.0320686001106345,0.170485680859291,0.260517109202871,0.160732854377796,0.0893066350770033,0.225670770806322,"",0.6,4,483,820483,920483
3.74229498901497,-0.257705010985035,0.0116898959737808,0.0534164934272177,0.114383628300249,0.262773515966373,0.17041352520547,0.705668399838213,0.358242697029053,"",0.6,4,484,820484,920484
3.60315943944456,-0.396840560555438,0.00541837628394382,0.00688036866804231,0.139031804371621,0.254841475583789,0.142889493403209,0.12157673458687,0.209386419220161,"",0.6,4,485,820485,920485
4.00336352732781,0.00336352732781187,0.0291153021744227,0.00732655567733553,0.0894054549932963,0.261933034028449,0.165194196416543,0.0951444844226143,0.16031221704378,"",0.6,4,486,820486,920486
4.48891136433666,0.488911364336665,0.0209242859585572,0.00941963899549295,0.170441234126917,0.270072855734623,0.149457203684597,0.722070619705509,0.380188981101144,"",0.6,4,487,820487,920487
3.82178953667394,-0.178210463326061,0.0150246168526974,0.0223577099917637,0.194444127397583,0.2686569633802,0.171220934265836,0.0833937829852383,0.206945440759409,"",0.6,4,488,820488,920488
3.7704677533403,-0.229532246659697,0.00539796680709789,0.0388610092606901,0.0608646892962892,0.26426476125723,0.161175043573011,0.103550034420432,0.235524106751038,"",0.6,4,489,820489,920489
4.03508436036964,0.0350843603696411,0.00129156353779106,0.0763840518004452,0.163697864212363,0.249824687353196,0.143468723289391,0.134798275630756,0.232747487405997,"",0.6,4,490,820490,920490
3.88228618552004,-0.117713814479959,0.013519261735524,0.0137608751268774,0.151461712875036,0.261547253166185,0.149439659652516,0.0891881896236186,0.162660682504197,"",0.6,4,491,820491,920491
3.92721005743217,-0.0727899425678298,0.0162851162748939,0.0250860863519454,0.173216555849162,0.26666732447075,0.15136561349881,0.126129329875994,0.211362843617005,"",0.6,4,492,820492,920492
3.89649133291533,-0.103508667084669,0.0408080362888993,0.182995993794816,0.280705845027827,0.258908498088502,0.146324167301479,0.845751314049011,0.550792160160722,"",0.6,4,493,820493,920493
3.68608011688812,-0.313919883111883,0.0184478448866372,0.00992196903460929,0.105368319230018,0.258234262035039,0.166919498233811,0.805426682120051,0.359908064764662,"",0.6,4,494,820494,920494
3.83726435970961,-0.162735640290385,0.00186062896156924,0.00282203237247006,0.127471467410901,0.267151995516507,0.147819120124905,0.0750938271574735,0.233156436747966,"",0.6,4,495,820495,920495
4.05071754820587,0.0507175482058724,0.00950304118615586,0.0112310511503279,0.15371391407475,0.253448296251649,0.161850094982903,0.726648267701316,0.323896562907659,"",0.6,4,496,820496,920496
3.96473058193982,-0.0352694180601811,0.0217681298432331,0.00771032368438948,0.11988515102219,0.258215731836677,0.150055816687883,0.0812201379912734,0.22063211746161,"",0.6,4,497,820497,920497
3.68860665026422,-0.311393349735775,0.00789608466348091,0.00945882130212525,0.124945807518614,0.26423272360696,0.160123038636235,0.10229861827353,0.193100026700207,"",0.6,4,498,820498,920498
4.42566462862761,0.425664628627608,0.0303164666784498,0.0374595268668989,0.120041458223228,0.260985743236316,0.14903239514945,0.0769666487444218,0.191170711529979,"",0.6,4,499,820499,920499
3.81645216126704,-0.183547838732963,0.0121235286009662,0.0128900969473451,0.110152507905893,0.252593783784375,0.154105730024436,0.109582256625513,0.181124191484808,"",0.6,4,500,820500,920500
