"Model","Estimated_nu","FirstLayer_ARI","FirstLayer_MR","Pathway_ARI","Pathway_MR","LogLik","BIC","Iterations","Elapsed_seconds","Success","Error","Architecture","r1_fit","r2_fit","r1_true","r2_true","Nu_true","Replication","Data_seed","Fit_seed"
"DGMM",NA,0.481158449337001,0.153,0.195422976441022,0.544,-33701.5278661595,69212.8876154122,30,2.08,TRUE,"","r1 under",4,2,5,2,4,1,510001,710001
"RDMM",3.98700448217764,0.929225159909332,0.018,0.751831373667881,0.102,-31166.8705521479,64136.6652321102,145,6.37,TRUE,"","r1 under",4,2,5,2,4,1,510001,710001
"DGMM",NA,0.681947459527052,0.087,0.276624304234948,0.494,-34095.7149237116,70001.2617305166,21,2.37,TRUE,"","r1 under",4,2,5,2,4,2,510002,710002
"RDMM",3.84283460180585,0.913849164995941,0.022,0.783824531338689,0.088,-30991.6817620236,63786.2876518616,100,4.43,TRUE,"","r1 under",4,2,5,2,4,2,510002,710002
"DGMM",NA,0.729046446617412,0.073,0.331413577994079,0.532,-33400.7319159699,68611.2957150332,19,2.22,TRUE,"","r1 under",4,2,5,2,4,3,510003,710003
"RDMM",4.04166169223115,0.952528529213487,0.012,0.752470577601721,0.102,-30783.9068828862,63370.7378935868,279,10.81,TRUE,"","r1 under",4,2,5,2,4,3,510003,710003
"DGMM",NA,0.831576850376206,0.044,0.376502204326285,0.452,-32845.0605289652,67499.9529410237,20,2.42,TRUE,"","r1 under",4,2,5,2,4,4,510004,710004
"RDMM",4.28247045935965,0.956440399038085,0.011,0.751746493534454,0.102,-30551.8476472902,62906.6194223947,155,6.04,TRUE,"","r1 under",4,2,5,2,4,4,510004,710004
"DGMM",NA,0.626888474261176,0.104,0.21633848116013,0.519,-34531.2139725183,70872.2598281298,11,1.28,TRUE,"","r1 under",4,2,5,2,4,5,510005,710005
"RDMM",3.89218819315938,0.929225216773108,0.018,0.734710602849671,0.111,-31373.703651149,64550.3314301123,169,6.58,TRUE,"","r1 under",4,2,5,2,4,5,510005,710005
"DGMM",NA,0.414155732688627,0.178,0.169679280144859,0.556,-33433.4995806432,68676.8310443796,21,2.38,TRUE,"","r1 under",4,2,5,2,4,6,510006,710006
"RDMM",3.93961865377657,0.956440438589816,0.011,0.535043503415064,0.268,-30953.8444941364,63710.6131160871,121,4.81,TRUE,"","r1 under",4,2,5,2,4,6,510006,710006
"DGMM",NA,0.88725117488038,0.029,0.396177999559815,0.483,-33830.3395827001,69470.5110484935,19,2.26,TRUE,"","r1 under",4,2,5,2,4,7,510007,710007
"RDMM",4.20125590116903,0.925369326097381,0.019,0.637366083308379,0.158,-31099.6835518156,64002.2912314455,126,4.79,TRUE,"","r1 under",4,2,5,2,4,7,510007,710007
"DGMM",NA,0.319532927234364,0.217,0.127424467551649,0.551,-33697.1982879525,69204.2284589984,32,3.63,TRUE,"","r1 under",4,2,5,2,4,8,510008,710008
"RDMM",4.14323380704191,0.910025864345371,0.023,0.554825865188515,0.246,-31207.9725379657,64218.8692037457,100,3.98999999999999,TRUE,"","r1 under",4,2,5,2,4,8,510008,710008
"DGMM",NA,0.883483634699625,0.03,0.40927711649076,0.398,-33657.9982176956,69125.8283184846,25,2.86,TRUE,"","r1 under",4,2,5,2,4,9,510009,710009
"RDMM",3.94575716035134,0.898601843397366,0.026,0.543704325600987,0.285,-31095.0956260719,63993.1153799581,168,6.57000000000001,TRUE,"","r1 under",4,2,5,2,4,9,510009,710009
"DGMM",NA,0.299668952997197,0.226,0.1395302024903,0.586,-33106.3128480533,68022.4575791999,44,4.92999999999999,TRUE,"","r1 under",4,2,5,2,4,10,510010,710010
"RDMM",3.57779912823693,0.917681641844255,0.021,0.766424177306848,0.096,-30762.696712877,63328.3175535683,132,5.14,TRUE,"","r1 under",4,2,5,2,4,10,510010,710010
"DGMM",NA,0.429781994185947,0.172,0.170144969263324,0.555,-33937.5431455113,69684.918174116,22,2.44999999999999,TRUE,"","r1 under",4,2,5,2,4,11,510011,710011
"RDMM",3.95874129178186,0.948624621021968,0.013,0.745493416388587,0.106,-31086.8149589962,63976.5540458068,246,9.58000000000001,TRUE,"","r1 under",4,2,5,2,4,11,510011,710011
"DGMM",NA,0.294897298498546,0.228,0.136864469774191,0.599,-32482.4227330493,66774.677349192,31,3.5,TRUE,"","r1 under",4,2,5,2,4,12,510012,710012
"RDMM",4.52369600702724,0.968224013666943,0.008,0.740733525094362,0.107,-30513.6481299548,62830.2203877239,138,5.27999999999999,TRUE,"","r1 under",4,2,5,2,4,12,510012,710012
"DGMM",NA,0.665521453762537,0.092,0.432870053951005,0.278,-34340.4933635186,70490.8186101306,6,0.75,TRUE,"","r1 under",4,2,5,2,4,13,510013,710013
"RDMM",3.92628852666157,0.894810712551045,0.027,0.533285839022306,0.234,-31212.8572473027,64228.6386224198,147,5.69000000000001,TRUE,"","r1 under",4,2,5,2,4,13,510013,710013
"DGMM",NA,0.883483485164682,0.03,0.379681209200092,0.448,-34129.5474809797,70068.9268450526,13,1.47,TRUE,"","r1 under",4,2,5,2,4,14,510014,710014
"RDMM",3.91245601510746,0.925369354832112,0.019,0.771167039378928,0.093,-31120.6121738461,64044.1484755065,100,3.86,TRUE,"","r1 under",4,2,5,2,4,14,510014,710014
"DGMM",NA,0.887251226946346,0.029,0.39453049870621,0.476,-33216.6498079849,68243.1314990631,15,1.75,TRUE,"","r1 under",4,2,5,2,4,15,510015,710015
"RDMM",4.25245659064707,0.929225168436352,0.018,0.791902858282751,0.084,-30668.1422710487,63139.2086699117,229,8.76000000000001,TRUE,"","r1 under",4,2,5,2,4,15,510015,710015
"DGMM",NA,0.887251287855005,0.029,0.420622872164695,0.332,-34501.3802245759,70812.5923322451,25,2.88,TRUE,"","r1 under",4,2,5,2,4,16,510016,710016
"RDMM",3.70388039182401,0.925369364135957,0.019,0.759581038018951,0.098,-31470.5998313722,64744.1237905587,102,3.95000000000002,TRUE,"","r1 under",4,2,5,2,4,16,510016,710016
"DGMM",NA,0.453706778290718,0.163,0.217231328934766,0.532,-34334.7805984676,70479.3930800285,11,1.30000000000001,TRUE,"","r1 under",4,2,5,2,4,17,510017,710017
"RDMM",3.83749704768395,0.917681565875103,0.021,0.723679366660848,0.115,-30963.2153676583,63729.3548631309,134,5.25,TRUE,"","r1 under",4,2,5,2,4,17,510017,710017
"DGMM",NA,0.398831924667028,0.184,0.153534645441868,0.58,-33305.6869174062,68421.2057179058,27,3.02000000000001,TRUE,"","r1 under",4,2,5,2,4,18,510018,710018
"RDMM",4.12143424702019,0.936960960329308,0.016,0.76889960095101,0.094,-30892.365476776,63587.6550813664,229,8.94,TRUE,"","r1 under",4,2,5,2,4,18,510018,710018
"DGMM",NA,0.177531418007174,0.289,0.076566471680347,0.612,-33547.1438874955,68904.1196580843,36,4.09,TRUE,"","r1 under",4,2,5,2,4,19,510019,710019
"RDMM",4.05427373310702,0.95252850486777,0.012,0.772789223606248,0.093,-30479.2161661312,62761.3564600768,117,4.54999999999998,TRUE,"","r1 under",4,2,5,2,4,19,510019,710019
"DGMM",NA,-0.000537624174801624,0.496,-0.000720892219056844,0.739,-32299.2415220871,66408.3149272675,29,3.28,TRUE,"","r1 under",4,2,5,2,4,20,510020,710020
"RDMM",4.10297304645644,0.906210128675129,0.024,0.691544399656834,0.13,-31302.7817768296,64408.4876814736,116,4.59999999999999,TRUE,"","r1 under",4,2,5,2,4,20,510020,710020
"DGMM",NA,0.910025986205262,0.023,0.426803840567076,0.502,-33671.4135307035,69152.6589445002,28,3.14000000000001,TRUE,"","r1 under",4,2,5,2,4,21,510021,710021
"RDMM",3.85371992515504,0.921521494092132,0.02,0.528428020940028,0.247,-31174.0327687436,64150.9896653016,108,4.16,TRUE,"","r1 under",4,2,5,2,4,21,510021,710021
"DGMM",NA,0.427201108496252,0.173,0.18092481464132,0.52,-33492.4438479976,68794.7195790886,18,2.12,TRUE,"","r1 under",4,2,5,2,4,22,510022,710022
"RDMM",4.04199985070157,0.906210125968568,0.024,0.71093473446505,0.12,-31089.5056905966,63981.9355090076,100,3.81,TRUE,"","r1 under",4,2,5,2,4,22,510022,710022
"DGMM",NA,0.315205884368691,0.219,0.129308085901986,0.598,-33607.9824815441,69025.7968461815,33,3.66999999999999,TRUE,"","r1 under",4,2,5,2,4,23,510023,710023
"RDMM",3.87457871670322,0.933089069872396,0.017,0.659916639200418,0.148,-31475.5619061318,64754.047940078,300,11.53,TRUE,"","r1 under",4,2,5,2,4,23,510023,710023
"DGMM",NA,0.000758269915822483,0.482,-0.000193014833153041,0.725,-32129.6662581571,66069.1643994076,43,4.97,TRUE,"","r1 under",4,2,5,2,4,24,510024,710024
"RDMM",3.87101949321523,0.913849763527054,0.022,0.735604442911265,0.109,-30709.5243283245,63221.9727844634,236,9.30000000000001,TRUE,"","r1 under",4,2,5,2,4,24,510024,710024
"DGMM",NA,0.342845809767178,0.207,0.14890146664495,0.54,-33184.647508082,68179.1268992573,27,3,TRUE,"","r1 under",4,2,5,2,4,25,510025,710025
"RDMM",3.84732273621827,0.933089028594122,0.017,0.766565513417994,0.095,-30496.322285593,62795.5686990004,105,4.08999999999997,TRUE,"","r1 under",4,2,5,2,4,25,510025,710025
"DGMM",NA,0.633249151404043,0.102,0.354690370586495,0.35,-34626.759699541,71063.3512821753,6,0.75,TRUE,"","r1 under",4,2,5,2,4,26,510026,710026
"RDMM",3.80024280871579,0.948624601886864,0.013,0.782679541292701,0.088,-31326.044270201,64455.0126682163,135,5.28999999999999,TRUE,"","r1 under",4,2,5,2,4,26,510026,710026
"DGMM",NA,0.43773718790439,0.169,0.180411898083031,0.559,-34149.2530171294,70108.3379173522,22,2.5,TRUE,"","r1 under",4,2,5,2,4,27,510027,710027
"RDMM",4.04918096165381,0.917681616426199,0.021,0.697135096839135,0.127,-31562.4395555196,64927.8032388535,100,3.99000000000001,TRUE,"","r1 under",4,2,5,2,4,27,510027,710027
"DGMM",NA,0.879723726512009,0.031,0.366010082247533,0.447,-34452.2377045172,70714.3072921278,17,1.94,TRUE,"","r1 under",4,2,5,2,4,28,510028,710028
"RDMM",3.45940154343121,0.929225170260895,0.018,0.71822958922876,0.117,-31588.3552244112,64979.6345766367,135,5.23999999999998,TRUE,"","r1 under",4,2,5,2,4,28,510028,710028
"DGMM",NA,0.891026976318589,0.028,0.320780981789804,0.494,-33718.4484271139,69246.7287373211,15,1.75,TRUE,"","r1 under",4,2,5,2,4,29,510029,710029
"RDMM",4.01749185464295,0.940840801148496,0.015,0.753353922826714,0.101,-31088.8853085776,63980.6947449696,122,4.72,TRUE,"","r1 under",4,2,5,2,4,29,510029,710029
"DGMM",NA,0.4483987883044,0.165,0.180777967255843,0.55,-33995.7643786287,69801.3606403508,21,2.38,TRUE,"","r1 under",4,2,5,2,4,30,510030,710030
"RDMM",4.00446777425439,0.940840788344503,0.015,0.75831685662826,0.099,-31389.6223668489,64582.1688615122,174,6.61000000000001,TRUE,"","r1 under",4,2,5,2,4,30,510030,710030
"DGMM",NA,0.00266275151234677,0.467,0.000781974121155184,0.731,-32643.8561125151,67097.5441081236,35,3.95999999999998,TRUE,"","r1 under",4,2,5,2,4,31,510031,710031
"RDMM",3.92375918798481,0.91768102044615,0.021,0.566425556923245,0.223,-31372.1177476492,64547.1596231127,100,4.06999999999999,TRUE,"","r1 under",4,2,5,2,4,31,510031,710031
"DGMM",NA,0.308575744531937,0.222,0.128948231285708,0.557,-33453.2675725395,68716.3670281723,25,2.86000000000001,TRUE,"","r1 under",4,2,5,2,4,32,510032,710032
"RDMM",3.84897578479001,0.933089025491814,0.017,0.721161407770483,0.116,-30800.6431964323,63404.210520679,115,4.5,TRUE,"","r1 under",4,2,5,2,4,32,510032,710032
"DGMM",NA,0.529512915846544,0.136,0.210897751154249,0.488,-33959.8883265438,69729.608536181,10,1.25,TRUE,"","r1 under",4,2,5,2,4,33,510033,710033
"RDMM",3.78583871852786,0.872228230698651,0.033,0.709211756359745,0.12,-31259.8458643167,64322.6158564478,100,3.97000000000003,TRUE,"","r1 under",4,2,5,2,4,33,510033,710033
"DGMM",NA,0.00194296754824262,0.473,0.00392386071657885,0.712,-31990.2325260022,65790.2969350976,36,4.06999999999999,TRUE,"","r1 under",4,2,5,2,4,34,510034,710034
"RDMM",4.26445605239759,0.913849867302226,0.022,0.745374360131969,0.105,-30810.8632112831,63424.6505503806,127,4.86000000000001,TRUE,"","r1 under",4,2,5,2,4,34,510034,710034
"DGMM",NA,0.361801815194386,0.199,0.138858039985081,0.568,-33741.4348207424,69292.7015245781,21,2.36000000000001,TRUE,"","r1 under",4,2,5,2,4,35,510035,710035
"RDMM",3.91328111531202,0.910026000185663,0.023,0.742960952236131,0.105,-31239.3829350785,64281.6899979714,100,3.93000000000001,TRUE,"","r1 under",4,2,5,2,4,35,510035,710035
"DGMM",NA,0.891027006837999,0.028,0.381300259753213,0.403,-34217.4800736561,70244.7920304056,13,1.58000000000004,TRUE,"","r1 under",4,2,5,2,4,36,510036,710036
"RDMM",3.58861472318688,0.936960955176029,0.016,0.750831159407328,0.102,-31213.4399276374,64229.8039830892,154,5.86000000000001,TRUE,"","r1 under",4,2,5,2,4,36,510036,710036
"DGMM",NA,0.0154049000637571,0.435,0.0240518413376904,0.659,-34059.8656774996,69929.5632380925,40,4.57999999999998,TRUE,"","r1 under",4,2,5,2,4,37,510037,710037
"RDMM",3.98733892635307,0.952528500764103,0.012,0.764829685577994,0.096,-31058.2593854717,63919.4428987578,180,6.97000000000003,TRUE,"","r1 under",4,2,5,2,4,37,510037,710037
"DGMM",NA,0.77417627113411,0.06,0.3384211293581,0.498,-33705.8742875654,69221.5804582241,17,1.90999999999997,TRUE,"","r1 under",4,2,5,2,4,38,510038,710038
"RDMM",4.1632666849815,0.929225193568069,0.018,0.532696709188068,0.237,-31133.0937642326,64069.1116562794,136,4,TRUE,"","r1 under",4,2,5,2,4,38,510038,710038
"DGMM",NA,0.00565519547448236,0.457,0.00275827058125465,0.719,-32119.5534578631,66048.9387988195,23,1.88999999999999,TRUE,"","r1 under",4,2,5,2,4,39,510039,710039
"RDMM",3.79463837401286,0.921520780577778,0.02,0.7259599071085,0.113,-30973.9529408005,63750.8300094154,100,2.61000000000001,TRUE,"","r1 under",4,2,5,2,4,39,510039,710039
"DGMM",NA,0.917681470854077,0.021,0.721137634338906,0.115,-33289.7755283304,68389.3829397542,13,0.980000000000018,TRUE,"","r1 under",4,2,5,2,4,40,510040,710040
"RDMM",3.88601008515784,0.933088777730968,0.017,0.7314702106061,0.111,-30396.8889405803,62596.7020089749,100,2.73999999999995,TRUE,"","r1 under",4,2,5,2,4,40,510040,710040
"DGMM",NA,0.0014020771190895,0.477,0.00310138649379149,0.713,-33603.8649165481,69017.5617161894,37,2.45000000000005,TRUE,"","r1 under",4,2,5,2,4,41,510041,710041
"RDMM",3.88961996563372,0.906210185729402,0.024,0.519064404888138,0.271,-31608.1427828411,65019.2096934966,128,2.82999999999998,TRUE,"","r1 under",4,2,5,2,4,41,510041,710041
"DGMM",NA,0.894810747823803,0.027,0.376344593678147,0.393,-33332.7448546923,68475.3215924779,14,0.899999999999977,TRUE,"","r1 under",4,2,5,2,4,42,510042,710042
"RDMM",4.16015792344317,0.960360322224328,0.01,0.759519154236853,0.099,-30621.4551065721,63045.8343409586,214,4.72000000000003,TRUE,"","r1 under",4,2,5,2,4,42,510042,710042
"DGMM",NA,0.802618696586924,0.052,0.328989687898876,0.412,-33931.9318179297,69673.6955189527,12,0.86,TRUE,"","r1 under",4,2,5,2,4,43,510043,710043
"RDMM",4.16250013572689,0.921521475622168,0.02,0.760125287607416,0.098,-31081.504560669,63965.9332491523,145,5.08,TRUE,"","r1 under",4,2,5,2,4,43,510043,710043
"DGMM",NA,0.749706008128761,0.067,0.298959475944527,0.49,-34418.9176141188,70647.6671113309,14,1.81,TRUE,"","r1 under",4,2,5,2,4,44,510044,710044
"RDMM",3.69937394230433,0.910025478355448,0.023,0.701211452620067,0.125,-31244.5079283101,64291.9399844346,204,8.35,TRUE,"","r1 under",4,2,5,2,4,44,510044,710044
"DGMM",NA,0.887251248811,0.029,0.406089545177198,0.454,-33672.3783124523,69154.5885079978,19,2.22,TRUE,"","r1 under",4,2,5,2,4,45,510045,710045
"RDMM",3.82445069724826,0.910026026242396,0.023,0.714500634551082,0.118,-30903.5090064553,63609.942140725,217,8.39,TRUE,"","r1 under",4,2,5,2,4,45,510045,710045
"DGMM",NA,0.000725110240432374,0.476,0.000495526402138833,0.724,-32252.7879009254,66315.4076849442,31,3.58,TRUE,"","r1 under",4,2,5,2,4,46,510046,710046
"RDMM",3.49296273957559,0.944728527151765,0.014,0.743940095300578,0.107,-30921.5922470976,63646.1086220096,100,4.02,TRUE,"","r1 under",4,2,5,2,4,46,510046,710046
"DGMM",NA,0.79545950089547,0.054,0.273531021136237,0.507,-34280.613672141,70371.0592273754,14,1.61,TRUE,"","r1 under",4,2,5,2,4,47,510047,710047
"RDMM",3.45844039028982,0.929225083441793,0.018,0.756375364515815,0.1,-31095.3251742721,63993.5744763586,252,9.62,TRUE,"","r1 under",4,2,5,2,4,47,510047,710047
"DGMM",NA,0.526626252293395,0.137,0.236760419020841,0.519,-33211.7133375746,68233.2585582425,29,3.28,TRUE,"","r1 under",4,2,5,2,4,48,510048,710048
"RDMM",3.90087493208288,0.925369333295424,0.019,0.743995812896964,0.106,-30917.2404968215,63637.4051214573,108,4.25,TRUE,"","r1 under",4,2,5,2,4,48,510048,710048
"DGMM",NA,0.630066493047488,0.103,0.227302054921591,0.534,-34531.0771670541,70871.9862172015,14,1.61000000000001,TRUE,"","r1 under",4,2,5,2,4,49,510049,710049
"RDMM",3.55810618170079,0.891027038541898,0.028,0.715921549489201,0.119,-31136.7827281449,64076.4895841041,114,4.47,TRUE,"","r1 under",4,2,5,2,4,49,510049,710049
"DGMM",NA,0.423788704220034,0.174,0.161419622603917,0.513,-33873.126515439,69556.0849139712,26,2.95,TRUE,"","r1 under",4,2,5,2,4,50,510050,710050
"RDMM",3.82969273373784,0.940838291934118,0.015,0.745358243025816,0.105,-31070.275004715,63943.4741372443,118,4.55999999999999,TRUE,"","r1 under",4,2,5,2,4,50,510050,710050
"DGMM",NA,0.887251205428741,0.029,0.397305021408939,0.466,-34070.3189532052,69950.4697895036,19,2.19000000000001,TRUE,"","r1 under",4,2,5,2,4,51,510051,710051
"RDMM",4.11334666378956,0.929225188802473,0.018,0.76402728623916,0.096,-31289.5273605223,64381.978848859,113,4.45,TRUE,"","r1 under",4,2,5,2,4,51,510051,710051
"DGMM",NA,0.846246248649609,0.04,0.31702094267877,0.467,-33672.4764664371,69154.7848159675,13,1.48,TRUE,"","r1 under",4,2,5,2,4,52,510052,710052
"RDMM",3.96469765899883,0.933089095364494,0.017,0.767492254390364,0.095,-30966.8173483764,63736.5588245672,102,3.97999999999999,TRUE,"","r1 under",4,2,5,2,4,52,510052,710052
"DGMM",NA,0.419376771092456,0.176,0.168480602233736,0.545,-33433.5536932704,68676.9392696341,22,2.60000000000001,TRUE,"","r1 under",4,2,5,2,4,53,510053,710053
"RDMM",4.09718924708258,0.933089055369225,0.017,0.712318177457895,0.12,-31092.4832843303,63987.8906964749,112,4.3,TRUE,"","r1 under",4,2,5,2,4,53,510053,710053
"DGMM",NA,0.898602570552106,0.026,0.617397841847038,0.167,-33405.1278880464,68620.0876591861,16,1.83,TRUE,"","r1 under",4,2,5,2,4,54,510054,710054
"RDMM",4.36506201510494,0.948624590154745,0.013,0.755588698069471,0.1,-31121.8597551444,64046.6436381031,100,4.07000000000001,TRUE,"","r1 under",4,2,5,2,4,54,510054,710054
"DGMM",NA,-0.000457300404957026,0.491,-0.000992689660631114,0.737,-32699.0490114381,67207.9299059695,25,2.77999999999999,TRUE,"","r1 under",4,2,5,2,4,55,510055,710055
"RDMM",3.85999978630724,0.94084083423399,0.015,0.739584696303623,0.108,-31255.745225308,64314.4145784303,136,5.29000000000001,TRUE,"","r1 under",4,2,5,2,4,55,510055,710055
"DGMM",NA,0.849934019404694,0.039,0.344702289817344,0.462,-33428.4622116054,68666.7563063042,16,1.81,TRUE,"","r1 under",4,2,5,2,4,56,510056,710056
"RDMM",4.05626705623302,0.944728704006202,0.014,0.750989966243157,0.103,-30897.7837042013,63598.4915362169,143,5.47,TRUE,"","r1 under",4,2,5,2,4,56,510056,710056
"DGMM",NA,-0.000197971235756,0.488,0.000705432373548765,0.723,-32705.3512198844,67220.534322862,29,3.34999999999999,TRUE,"","r1 under",4,2,5,2,4,57,510057,710057
"RDMM",3.58014943976931,0.917681650016038,0.021,0.749956647612607,0.103,-31362.4278101225,64527.7797480594,100,3.87,TRUE,"","r1 under",4,2,5,2,4,57,510057,710057
"DGMM",NA,-0.000820129803370994,0.494,-0.00209061414814208,0.732,-32243.0293569218,66295.8905969368,27,3.03,TRUE,"","r1 under",4,2,5,2,4,58,510058,710058
"RDMM",3.70120082031873,0.89860260418757,0.026,0.710995736135328,0.119,-31034.1874814185,63871.2990906513,108,4.19,TRUE,"","r1 under",4,2,5,2,4,58,510058,710058
"DGMM",NA,0.483911805155244,0.152,0.18586374604396,0.56,-33536.6375993028,68883.1070816989,21,2.36,TRUE,"","r1 under",4,2,5,2,4,59,510059,710059
"RDMM",3.79101516443927,0.929225225592857,0.018,0.668497577532328,0.142,-31076.3742903034,63955.6727084211,208,7.94999999999999,TRUE,"","r1 under",4,2,5,2,4,59,510059,710059
"DGMM",NA,-0.000681872147938738,0.498,-0.000637324489219783,0.736,-32773.4650337077,67356.7619505087,27,3.13,TRUE,"","r1 under",4,2,5,2,4,60,510060,710060
"RDMM",3.63815502598545,0.933089038634788,0.017,0.669043019019393,0.142,-31395.1053383187,64593.1348044518,251,9.75,TRUE,"","r1 under",4,2,5,2,4,60,510060,710060
"DGMM",NA,0.853629682660804,0.038,0.360991663956455,0.433,-34084.3593765484,69978.55063619,14,1.60999999999999,TRUE,"","r1 under",4,2,5,2,4,61,510061,710061
"RDMM",3.71420947224314,0.933089084397016,0.017,0.742004005127309,0.106,-31096.2994645907,63995.5230569957,165,6.56,TRUE,"","r1 under",4,2,5,2,4,61,510061,710061
"DGMM",NA,0.906210203700942,0.024,0.412145728762692,0.402,-33692.1685931313,69194.169069356,19,2.18000000000001,TRUE,"","r1 under",4,2,5,2,4,62,510062,710062
"RDMM",4.07303253071779,0.952528527370949,0.012,0.747370858441838,0.104,-30897.8442936942,63598.6127152027,190,7.33000000000001,TRUE,"","r1 under",4,2,5,2,4,62,510062,710062
"DGMM",NA,0.376360664321691,0.193,0.158560268163931,0.541,-33292.5691226427,68394.9701283788,21,2.41999999999999,TRUE,"","r1 under",4,2,5,2,4,63,510063,710063
"RDMM",4.0844383641895,0.910026025688489,0.023,0.742648969945826,0.105,-30870.0028711821,63542.9298701786,127,4.91,TRUE,"","r1 under",4,2,5,2,4,63,510063,710063
"DGMM",NA,0.000839832991842352,0.466,0.332720956702973,0.522,-33763.1309736545,69336.0938304023,18,2.07999999999998,TRUE,"","r1 under",4,2,5,2,4,64,510064,710064
"RDMM",4.23491788363513,0.000839832991842352,0.466,0.28204967626087,0.522,-31337.2489535802,64477.4220349747,100,3.88,TRUE,"","r1 under",4,2,5,2,4,64,510064,710064
"DGMM",NA,-0.00181990799089945,0.498,-0.000666673245205958,0.722,-32525.4816845419,66860.7952521772,56,6.29000000000002,TRUE,"","r1 under",4,2,5,2,4,65,510065,710065
"RDMM",3.44524721892422,0.921521165345609,0.02,0.778586528116447,0.089,-31107.4587668741,64017.8416615626,103,4.01999999999998,TRUE,"","r1 under",4,2,5,2,4,65,510065,710065
"DGMM",NA,0.374010217632806,0.194,0.157616693156016,0.565,-32912.301680819,67634.4352447312,32,3.69,TRUE,"","r1 under",4,2,5,2,4,66,510066,710066
"RDMM",3.94017866861563,0.917681626815139,0.021,0.709858054247069,0.121,-30479.5356145297,62761.9953568737,106,4.09999999999999,TRUE,"","r1 under",4,2,5,2,4,66,510066,710066
"DGMM",NA,0.388774710700899,0.188,0.178414717189984,0.532,-35206.7240527888,72223.279988671,16,1.88,TRUE,"","r1 under",4,2,5,2,4,67,510067,710067
"RDMM",3.86769117045455,0.929225161655584,0.018,0.568244832605062,0.211,-31459.5750495927,64722.0742269996,132,5.25,TRUE,"","r1 under",4,2,5,2,4,67,510067,710067
"DGMM",NA,0.83157559674235,0.044,0.368583785711299,0.509,-34070.8683129866,69951.5685090666,17,1.94,TRUE,"","r1 under",4,2,5,2,4,68,510068,710068
"RDMM",3.81617264396203,0.925369374315625,0.019,0.736352817357263,0.109,-31370.9792891197,64544.8827060538,144,5.5,TRUE,"","r1 under",4,2,5,2,4,68,510068,710068
"DGMM",NA,0.00019164190390293,0.483,0.00195662376862009,0.725,-33161.7282346948,68133.2883524828,23,2.58999999999997,TRUE,"","r1 under",4,2,5,2,4,69,510069,710069
"RDMM",3.57776149702004,0.913849853682578,0.022,0.73187106144028,0.111,-31692.6446682102,65188.2134642347,157,6.12,TRUE,"","r1 under",4,2,5,2,4,69,510069,710069
"DGMM",NA,0.879723633029167,0.031,0.399005535637861,0.47,-33826.067402803,69461.9666886994,30,3.41,TRUE,"","r1 under",4,2,5,2,4,70,510070,710070
"RDMM",3.79203043509539,0.917681641891766,0.021,0.744483646533601,0.105,-31107.7233369475,64018.3708017092,100,3.94,TRUE,"","r1 under",4,2,5,2,4,70,510070,710070
"DGMM",NA,0.00195785710630429,0.472,0.000322567781677264,0.725,-32185.1434288445,66180.1187407823,27,3,TRUE,"","r1 under",4,2,5,2,4,71,510071,710071
"RDMM",3.99148646164994,0.936960925487305,0.016,0.713923398055593,0.121,-30901.6161531717,63606.1564341577,269,10.31,TRUE,"","r1 under",4,2,5,2,4,71,510071,710071
"DGMM",NA,0.87222749608176,0.033,0.330094031800002,0.478,-34462.8912687327,70735.6144205587,11,1.30000000000001,TRUE,"","r1 under",4,2,5,2,4,72,510072,710072
"RDMM",3.74968690806673,0.933089001806126,0.017,0.759732769771829,0.098,-31246.4262414702,64295.7766107547,300,11.47,TRUE,"","r1 under",4,2,5,2,4,72,510072,710072
"DGMM",NA,0.321943353299081,0.216,0.154578712266725,0.491,-33527.508094548,68864.8480721892,24,2.72,TRUE,"","r1 under",4,2,5,2,4,73,510073,710073
"RDMM",3.81827800165683,0.925369370295446,0.019,0.764733674629104,0.096,-31129.6789353169,64062.2819984481,100,3.89000000000001,TRUE,"","r1 under",4,2,5,2,4,73,510073,710073
"DGMM",NA,0.729044979598885,0.073,0.378947988907345,0.358,-34654.0795844,71117.9910518934,6,0.740000000000009,TRUE,"","r1 under",4,2,5,2,4,74,510074,710074
"RDMM",3.82086271797932,0.936960940577257,0.016,0.526352649586841,0.28,-30849.5639479948,63502.052023804,128,5.07999999999998,TRUE,"","r1 under",4,2,5,2,4,74,510074,710074
"DGMM",NA,0.456416073766608,0.162,0.202493489603201,0.541,-33983.7837326078,69777.3993483089,25,2.87,TRUE,"","r1 under",4,2,5,2,4,75,510075,710075
"RDMM",3.69704472212385,0.936960970047668,0.016,0.741999260129655,0.107,-31289.9875892404,64382.8993062951,100,3.86000000000001,TRUE,"","r1 under",4,2,5,2,4,75,510075,710075
"DGMM",NA,0.448379069734297,0.165,0.179169535030261,0.563,-33791.5084775875,69392.8488382684,22,2.5,TRUE,"","r1 under",4,2,5,2,4,76,510076,710076
"RDMM",3.76272245360057,0.92152148113422,0.02,0.73903354436111,0.108,-31142.8963370076,64088.7168018295,226,8.84000000000003,TRUE,"","r1 under",4,2,5,2,4,76,510076,710076
"DGMM",NA,-0.000137391469907775,0.488,-0.000207699303793035,0.736,-32462.9914443477,66735.8147717887,36,4.02999999999997,TRUE,"","r1 under",4,2,5,2,4,77,510077,710077
"RDMM",3.83641514908269,0.917681622523367,0.021,0.73321463973402,0.11,-31255.6011337875,64314.1263953894,170,6.52999999999997,TRUE,"","r1 under",4,2,5,2,4,77,510077,710077
"DGMM",NA,0.33337757775017,0.211,0.118389636601536,0.554,-34051.9227110949,69913.6773052832,17,1.94,TRUE,"","r1 under",4,2,5,2,4,78,510078,710078
"RDMM",3.78776119038217,0.902402358982253,0.025,0.740222959373399,0.106,-30834.7600068729,63472.4441415601,105,4.02000000000004,TRUE,"","r1 under",4,2,5,2,4,78,510078,710078
"DGMM",NA,0.795459785162577,0.054,0.361275133275895,0.386,-33631.4751463575,69072.7821758083,14,1.69,TRUE,"","r1 under",4,2,5,2,4,79,510079,710079
"RDMM",4.02411740217494,0.933089039407147,0.017,0.761985815756328,0.097,-31092.977263981,63988.8786557764,108,4.13,TRUE,"","r1 under",4,2,5,2,4,79,510079,710079
"DGMM",NA,0.00053089611214483,0.482,-5.22330963478202e-05,0.738,-32536.3519082792,66882.5356996517,35,3.94999999999999,TRUE,"","r1 under",4,2,5,2,4,80,510080,710080
"RDMM",3.77229620394145,0.906210116982784,0.024,0.724165799234887,0.114,-31351.9053177975,64506.7347634093,110,4.30000000000001,TRUE,"","r1 under",4,2,5,2,4,80,510080,710080
"DGMM",NA,0.259196881819765,0.245,0.118112870901617,0.607,-33687.6146693477,69185.0612217888,32,3.12,TRUE,"","r1 under",4,2,5,2,4,81,510081,710081
"RDMM",3.75548179864912,0.948624570851592,0.013,0.792932447834494,0.083,-31148.1333484906,64099.1908247955,181,4.94,TRUE,"","r1 under",4,2,5,2,4,81,510081,710081
"DGMM",NA,-0.000953856755374264,0.498,0.0016934403248694,0.719,-32835.1616937824,67480.1552706581,38,3.12,TRUE,"","r1 under",4,2,5,2,4,82,510082,710082
"RDMM",3.67155594134596,0.917681676732689,0.021,0.762529332369786,0.097,-31506.3800736147,64815.6842750437,114,2.79999999999995,TRUE,"","r1 under",4,2,5,2,4,82,510082,710082
"DGMM",NA,0.383840238640529,0.19,0.159781914869327,0.537,-33907.2184230047,69624.2687291027,29,1.86000000000001,TRUE,"","r1 under",4,2,5,2,4,83,510083,710083
"RDMM",3.6316363146607,0.917681750167757,0.021,0.763705436721646,0.096,-31105.202224636,64013.3285770863,100,2.25,TRUE,"","r1 under",4,2,5,2,4,83,510083,710083
"DGMM",NA,-0.00152733675938365,0.498,-3.40381249445077e-05,0.725,-32509.1161441145,66828.0641713224,32,1.94,TRUE,"","r1 under",4,2,5,2,4,84,510084,710084
"RDMM",3.66989071220103,0.906209370322166,0.024,0.768725401615612,0.092,-31260.6907277238,64324.305583262,100,4.57,TRUE,"","r1 under",4,2,5,2,4,84,510084,710084
"DGMM",NA,-0.000472830860675692,0.49,-0.000310992868602539,0.733,-32455.7686922119,66721.3692675171,36,4.01,TRUE,"","r1 under",4,2,5,2,4,85,510085,710085
"RDMM",3.77666182390663,0.906210231740861,0.024,0.740546334378367,0.106,-31220.9626757191,64244.8494792526,107,4.68,TRUE,"","r1 under",4,2,5,2,4,85,510085,710085
"DGMM",NA,0.472788838063335,0.156,0.192644114279927,0.544,-34356.1995894379,70522.2310619691,28,3.23,TRUE,"","r1 under",4,2,5,2,4,86,510086,710086
"RDMM",3.79955359742651,0.910025973828882,0.023,0.675533256909065,0.138,-31494.0900020161,64791.1041318465,100,3.81,TRUE,"","r1 under",4,2,5,2,4,86,510086,710086
"DGMM",NA,-0.000441359587498226,0.489,-0.00141685719998052,0.725,-32513.3286098792,66836.4891028517,27,3.09,TRUE,"","r1 under",4,2,5,2,4,87,510087,710087
"RDMM",3.89554557195454,0.94472871848882,0.014,0.71139039949534,0.121,-31216.7968023796,64236.5177325735,100,3.99,TRUE,"","r1 under",4,2,5,2,4,87,510087,710087
"DGMM",NA,-0.00021179381753267,0.488,0.000553257428004163,0.734,-33000.0412902086,67809.9144635106,38,4.36,TRUE,"","r1 under",4,2,5,2,4,88,510088,710088
"RDMM",3.66684223699674,0.913849819739097,0.022,0.484387822037112,0.263,-31757.8893085271,65318.7027448685,128,5.03,TRUE,"","r1 under",4,2,5,2,4,88,510088,710088
"DGMM",NA,0.749703907885351,0.067,0.307561329481339,0.425,-34717.8911938433,71245.6142707799,11,1.27999999999999,TRUE,"","r1 under",4,2,5,2,4,89,510089,710089
"RDMM",3.91679353293541,0.933088681803119,0.017,0.763141893193095,0.097,-31221.1016316806,64245.1273911755,166,6.35,TRUE,"","r1 under",4,2,5,2,4,89,510089,710089
"DGMM",NA,0.322032906119223,0.216,0.146784822341381,0.54,-33431.4403597422,68672.7126025776,33,3.74,TRUE,"","r1 under",4,2,5,2,4,90,510090,710090
"RDMM",3.8688353549315,0.925369351343169,0.019,0.772574334645043,0.093,-31039.4861192714,63881.8963663571,116,4.54,TRUE,"","r1 under",4,2,5,2,4,90,510090,710090
"DGMM",NA,0.913849805485479,0.022,0.370351066728066,0.49,-34021.9899196505,69853.8117223943,12,1.42,TRUE,"","r1 under",4,2,5,2,4,91,510091,710091
"RDMM",3.95929573244365,0.921521451032443,0.02,0.737456597350063,0.108,-30963.8613971099,63730.6469220342,174,6.6,TRUE,"","r1 under",4,2,5,2,4,91,510091,710091
"DGMM",NA,0.361859037951312,0.199,0.139447880512456,0.581,-32999.4038170164,67808.6395171261,22,2.48999999999999,TRUE,"","r1 under",4,2,5,2,4,92,510092,710092
"RDMM",3.83943914806684,0.968224192638976,0.008,0.743079984220265,0.107,-30629.3808698696,63061.6858675536,179,6.95,TRUE,"","r1 under",4,2,5,2,4,92,510092,710092
"DGMM",NA,0.802620071194205,0.052,0.332479885528738,0.449,-34391.4369429918,70592.7057690769,16,1.86,TRUE,"","r1 under",4,2,5,2,4,93,510093,710093
"RDMM",3.87475907538083,0.929225165491892,0.018,0.546898825610655,0.25,-31252.4887306798,64307.9015891739,104,4.05,TRUE,"","r1 under",4,2,5,2,4,93,510093,710093
"DGMM",NA,0.416731433375311,0.177,0.17487677140234,0.564,-33288.5157406417,68386.8633643767,23,2.58,TRUE,"","r1 under",4,2,5,2,4,94,510094,710094
"RDMM",3.98602236577269,0.929225225592857,0.018,0.672732613306842,0.14,-31156.8039829065,64116.5320936273,147,5.67,TRUE,"","r1 under",4,2,5,2,4,94,510094,710094
"DGMM",NA,0.906209868154371,0.024,0.46888437494873,0.275,-32971.2460409653,67752.323965024,16,1.80000000000001,TRUE,"","r1 under",4,2,5,2,4,95,510095,710095
"RDMM",4.35258698456764,0.952528422834642,0.012,0.744436567408874,0.106,-30360.4056447622,62523.7354173387,123,4.94,TRUE,"","r1 under",4,2,5,2,4,95,510095,710095
"DGMM",NA,0.868492589541175,0.034,0.396975197074726,0.343,-34540.888282092,70891.6084472772,20,2.28,TRUE,"","r1 under",4,2,5,2,4,96,510096,710096
"RDMM",3.88812881957291,0.925369315893771,0.019,0.788949198651079,0.085,-31354.8510495501,64512.6262269146,100,3.91000000000001,TRUE,"","r1 under",4,2,5,2,4,96,510096,710096
"DGMM",NA,0.898602509494196,0.026,0.406650690970833,0.441,-33818.6388617746,69447.1096066424,17,1.94,TRUE,"","r1 under",4,2,5,2,4,97,510097,710097
"RDMM",4.00328623138121,0.929223586409365,0.018,0.720103543305985,0.118,-31158.468628555,64119.8613849243,161,6.17,TRUE,"","r1 under",4,2,5,2,4,97,510097,710097
"DGMM",NA,0.299735072876453,0.226,0.128666909935637,0.575,-32428.0912385314,66666.0143601561,26,2.95,TRUE,"","r1 under",4,2,5,2,4,98,510098,710098
"RDMM",4.49082388324366,0.933089028594122,0.017,0.738565255002014,0.108,-30465.5205488569,62733.9652255281,119,4.61999999999999,TRUE,"","r1 under",4,2,5,2,4,98,510098,710098
"DGMM",NA,0.813417613425196,0.049,0.612456165481128,0.166,-34070.8260344571,69951.4839520076,19,2.11999999999999,TRUE,"","r1 under",4,2,5,2,4,99,510099,710099
"RDMM",3.91793579989632,0.913849842909503,0.022,0.761682525725316,0.096,-31141.3724188982,64085.6689656108,100,3.83000000000001,TRUE,"","r1 under",4,2,5,2,4,99,510099,710099
"DGMM",NA,0.820657135020744,0.047,0.372290234272334,0.45,-33776.7556977442,69363.3432785818,20,2.33,TRUE,"","r1 under",4,2,5,2,4,100,510100,710100
"RDMM",4.03669651930974,0.925369313093999,0.019,0.755314228115208,0.1,-30886.0148830022,63574.9538938187,116,4.40000000000001,TRUE,"","r1 under",4,2,5,2,4,100,510100,710100
"DGMM",NA,0.432409794751288,0.171,0.249013771225428,0.504,-33612.8267455372,69035.4853741677,16,1.84999999999999,TRUE,"","r1 under",4,2,5,2,4,101,510101,710101
"RDMM",4.3512070679852,0.929225206343267,0.018,0.761386677677707,0.097,-31156.3101517182,64115.5444312507,167,6.5,TRUE,"","r1 under",4,2,5,2,4,101,510101,710101
"DGMM",NA,0.742767755892218,0.069,0.271142035666437,0.48,-34261.9493854162,70333.7306539258,14,1.63,TRUE,"","r1 under",4,2,5,2,4,102,510102,710102
"RDMM",3.82355182009476,0.917678123645985,0.021,0.752285628059153,0.1,-30862.5599301539,63528.0439881221,176,6.87,TRUE,"","r1 under",4,2,5,2,4,102,510102,710102
"DGMM",NA,0.00169798440151949,0.474,0.000366184920753088,0.71,-32228.2934107406,66266.4187045744,25,2.83000000000001,TRUE,"","r1 under",4,2,5,2,4,103,510103,710103
"RDMM",3.84988645745998,0.929225226682135,0.018,0.742794465365496,0.106,-30979.8067221621,63762.5375721384,120,4.88999999999999,TRUE,"","r1 under",4,2,5,2,4,103,510103,710103
"DGMM",NA,0.820658074869615,0.047,0.374726812783663,0.516,-34237.4528657232,70284.7376145397,19,2.13999999999999,TRUE,"","r1 under",4,2,5,2,4,104,510104,710104
"RDMM",3.90705842781104,0.925369343877118,0.019,0.711361896842651,0.121,-31397.9043715803,64598.732870975,150,5.87,TRUE,"","r1 under",4,2,5,2,4,104,510104,710104
"DGMM",NA,0.861044646057006,0.036,0.374386565486804,0.469,-33926.9587689514,69663.749420996,17,1.94999999999999,TRUE,"","r1 under",4,2,5,2,4,105,510105,710105
"RDMM",4.23805305537097,0.929225199695263,0.018,0.737251409274467,0.108,-31147.7029896307,64098.3301070757,100,3.84,TRUE,"","r1 under",4,2,5,2,4,105,510105,710105
"DGMM",NA,0.475626034415517,0.155,0.19694459563248,0.522,-33939.5890367013,69689.009956496,19,2.16999999999999,TRUE,"","r1 under",4,2,5,2,4,106,510106,710106
"RDMM",3.52897268126684,0.921521445381987,0.02,0.700398535134885,0.126,-31094.7307320195,63992.3855918533,125,4.83000000000001,TRUE,"","r1 under",4,2,5,2,4,106,510106,710106
"DGMM",NA,0.317540348046179,0.218,0.133244557531516,0.562,-33291.2047788596,68392.2414408125,20,2.25,TRUE,"","r1 under",4,2,5,2,4,107,510107,710107
"RDMM",4.00850857459991,0.894810726069236,0.027,0.747086338210358,0.104,-30707.9623652011,63218.8488582166,100,3.92000000000002,TRUE,"","r1 under",4,2,5,2,4,107,510107,710107
"DGMM",NA,0.799035116709659,0.053,0.326673285378869,0.482,-34065.4981526333,69940.8281883598,15,1.69999999999999,TRUE,"","r1 under",4,2,5,2,4,108,510108,710108
"RDMM",3.89144038678424,0.902402442067262,0.025,0.74279405453624,0.105,-31385.7201526515,64574.3644331173,129,4.94,TRUE,"","r1 under",4,2,5,2,4,108,510108,710108
"DGMM",NA,0.753178688944816,0.066,0.277184500108208,0.451,-34035.5737871963,69880.979457486,13,1.47,TRUE,"","r1 under",4,2,5,2,4,109,510109,710109
"RDMM",4.01410633053288,0.913849789736054,0.022,0.72566988897566,0.113,-31039.0890568894,63881.1022415931,111,4.38,TRUE,"","r1 under",4,2,5,2,4,109,510109,710109
"DGMM",NA,0.000671732655443911,0.481,0.00185413959734851,0.72,-32604.1453935415,67018.1226701763,29,3.19,TRUE,"","r1 under",4,2,5,2,4,110,510110,710110
"RDMM",3.96102102031961,0.929225206343267,0.018,0.738175707579353,0.108,-31293.2215089817,64389.3671457778,100,3.88,TRUE,"","r1 under",4,2,5,2,4,110,510110,710110
"DGMM",NA,-0.000625870201842774,0.496,-0.000266781495846301,0.741,-32356.8230255503,66523.4779341938,23,2.68000000000001,TRUE,"","r1 under",4,2,5,2,4,111,510111,710111
"RDMM",4.0763953226705,0.925369343877118,0.019,0.748555645129904,0.103,-30973.0202042161,63748.9645362465,114,4.44,TRUE,"","r1 under",4,2,5,2,4,111,510111,710111
"DGMM",NA,0.894810757800545,0.027,0.371576642051014,0.353,-33860.6318272396,69531.0955375724,21,2.38,TRUE,"","r1 under",4,2,5,2,4,112,510112,710112
"RDMM",4.05645010789172,0.898602546363039,0.026,0.734264499145595,0.109,-30914.3000442683,63631.524216351,100,4,TRUE,"","r1 under",4,2,5,2,4,112,510112,710112
"DGMM",NA,0.419389902726359,0.176,0.178742773813466,0.56,-33747.6031039571,69305.0380910075,27,3.07999999999998,TRUE,"","r1 under",4,2,5,2,4,113,510113,710113
"RDMM",4.05345876157598,0.940840783697126,0.015,0.766741139035281,0.095,-31208.359386436,64219.6429006863,131,5.03,TRUE,"","r1 under",4,2,5,2,4,113,510113,710113
"DGMM",NA,0.315096941474722,0.219,0.131999199416718,0.6,-33365.6608214673,68541.153526028,33,3.86000000000001,TRUE,"","r1 under",4,2,5,2,4,114,510114,710114
"RDMM",3.83355126769843,0.921521507555824,0.02,0.543795272453318,0.266,-31041.1083340775,63885.1407959694,100,3.78,TRUE,"","r1 under",4,2,5,2,4,114,510114,710114
"DGMM",NA,0.906210224342943,0.024,0.388047658525659,0.507,-33660.8999867917,69131.6318566767,16,1.84,TRUE,"","r1 under",4,2,5,2,4,115,510115,710115
"RDMM",3.89460142593415,0.936960967622121,0.016,0.760187739450365,0.098,-30802.7738982509,63408.4719243161,100,3.96000000000001,TRUE,"","r1 under",4,2,5,2,4,115,510115,710115
"DGMM",NA,0.701946841581052,0.081,0.321095313128216,0.52,-32851.296986551,67512.4258561952,19,2.16,TRUE,"","r1 under",4,2,5,2,4,116,510116,710116
"RDMM",4.41992012966196,0.929225210887601,0.018,0.74813849913747,0.103,-30634.7943517042,63072.5128312228,118,4.54000000000002,TRUE,"","r1 under",4,2,5,2,4,116,510116,710116
"DGMM",NA,0.347451698302366,0.205,0.18894329083935,0.543,-33998.6997715017,69807.2314260967,15,1.75,TRUE,"","r1 under",4,2,5,2,4,117,510117,710117
"RDMM",3.92217661063437,0.898602505051401,0.026,0.710729253337747,0.121,-31048.0673718944,63899.0588716031,148,5.64000000000001,TRUE,"","r1 under",4,2,5,2,4,117,510117,710117
"DGMM",NA,0.917681613617807,0.021,0.429878267913059,0.433,-33765.2050927758,69340.2420686449,18,2.03,TRUE,"","r1 under",4,2,5,2,4,118,510118,710118
"RDMM",4.09663464664248,0.921521446019881,0.02,0.773257002756817,0.092,-31412.7693162765,64628.4627603673,171,6.58000000000001,TRUE,"","r1 under",4,2,5,2,4,118,510118,710118
"DGMM",NA,0.000806572144844238,0.478,0.000821089827257089,0.722,-32297.7285130277,66405.2889091486,26,2.94,TRUE,"","r1 under",4,2,5,2,4,119,510119,710119
"RDMM",4.16896114304302,0.936960968888459,0.016,0.700543531344875,0.127,-31096.9015909174,63996.7273096492,157,6.15999999999997,TRUE,"","r1 under",4,2,5,2,4,119,510119,710119
"DGMM",NA,0.0110421239204767,0.445,0.00416311587401369,0.714,-32698.8356664174,67207.5032159282,29,3.26999999999998,TRUE,"","r1 under",4,2,5,2,4,120,510120,710120
"RDMM",3.4998229153522,0.921521507555824,0.02,0.753695406763513,0.102,-31347.164509083,64497.2531459803,151,5.98000000000002,TRUE,"","r1 under",4,2,5,2,4,120,510120,710120
"DGMM",NA,0.559087668597276,0.126,0.244289947638659,0.442,-34003.619114381,69817.0701118553,21,2.44,TRUE,"","r1 under",4,2,5,2,4,121,510121,710121
"RDMM",3.85702096694646,0.898602517024025,0.026,0.748779845804854,0.102,-31251.7701298919,64306.4643875981,100,3.89999999999998,TRUE,"","r1 under",4,2,5,2,4,121,510121,710121
"DGMM",NA,0.853629661928456,0.038,0.324272177894685,0.471,-34082.8890444736,69975.6099720405,13,1.5,TRUE,"","r1 under",4,2,5,2,4,122,510122,710122
"RDMM",3.99844922840968,0.875971952000245,0.032,0.423671469549914,0.357,-31508.3086646994,64819.5414572131,121,4.63,TRUE,"","r1 under",4,2,5,2,4,122,510122,710122
"DGMM",NA,-0.000561586078971525,0.494,0.00304292987020909,0.713,-32843.5791521222,67496.9901873376,40,4.56999999999999,TRUE,"","r1 under",4,2,5,2,4,123,510123,710123
"RDMM",3.64585183711442,0.864764657560916,0.035,0.725023771754449,0.113,-31471.0070879239,64744.938303662,143,5.50999999999999,TRUE,"","r1 under",4,2,5,2,4,123,510123,710123
"DGMM",NA,0.411482490984305,0.179,0.183357378959753,0.517,-34155.0276119678,70119.887107029,31,3.51999999999998,TRUE,"","r1 under",4,2,5,2,4,124,510124,710124
"RDMM",3.83067549570511,0.929224967106244,0.018,0.71230093584621,0.12,-31371.2970930269,64545.5183138681,220,8.40000000000003,TRUE,"","r1 under",4,2,5,2,4,124,510124,710124
"DGMM",NA,0.691923781934763,0.084,0.266491569532711,0.463,-35324.5228112178,72458.8775055289,12,1.44,TRUE,"","r1 under",4,2,5,2,4,125,510125,710125
"RDMM",3.54985352980949,0.925369313093999,0.019,0.753286117207029,0.101,-31785.0243243598,65372.972776534,156,5.13999999999999,TRUE,"","r1 under",4,2,5,2,4,125,510125,710125
"DGMM",NA,0.000129075383505767,0.484,-0.000109464273601616,0.727,-32030.2353828276,65870.3026487485,46,2.86,TRUE,"","r1 under",4,2,5,2,4,126,510126,710126
"RDMM",3.98154591772153,0.94472868437969,0.014,0.788697962714794,0.086,-30817.4838400866,63437.8918079876,144,6.4,TRUE,"","r1 under",4,2,5,2,4,126,510126,710126
"DGMM",NA,0.902402371224392,0.025,0.430205970375838,0.453,-33544.2696203879,68898.371123869,29,3.72,TRUE,"","r1 under",4,2,5,2,4,127,510127,710127
"RDMM",4.22842830338294,0.929225213369113,0.018,0.741449301214643,0.106,-30973.2563901588,63749.4369081319,112,4.45,TRUE,"","r1 under",4,2,5,2,4,127,510127,710127
"DGMM",NA,0.00501048425294335,0.462,0.00203208872346767,0.712,-33065.5015849474,67940.8350529881,31,3.48,TRUE,"","r1 under",4,2,5,2,4,128,510128,710128
"RDMM",3.71133097508949,0.910025937669061,0.023,0.704274387552591,0.125,-31734.7063398176,65272.3368074496,215,8.27,TRUE,"","r1 under",4,2,5,2,4,128,510128,710128
"DGMM",NA,0.799035469775247,0.053,0.349122599150012,0.448,-33974.7620427892,69759.3559686716,19,2.31,TRUE,"","r1 under",4,2,5,2,4,129,510129,710129
"RDMM",3.9159857312825,0.902402391502775,0.025,0.727510500726589,0.113,-31231.2211501023,64265.3664280188,135,5.26,TRUE,"","r1 under",4,2,5,2,4,129,510129,710129
"DGMM",NA,0.827928962604177,0.045,0.46096374844983,0.277,-33636.9233401953,69083.6785634838,14,1.63,TRUE,"","r1 under",4,2,5,2,4,130,510130,710130
"RDMM",4.23721019524801,0.960360338772893,0.01,0.79287404651924,0.084,-30622.3335782743,63047.5912843629,204,7.81,TRUE,"","r1 under",4,2,5,2,4,130,510130,710130
"DGMM",NA,0.795459454855457,0.054,0.322324021965759,0.462,-34207.367829178,70224.5675414493,13,1.53,TRUE,"","r1 under",4,2,5,2,4,131,510131,710131
"RDMM",3.73824559637384,0.933088940738167,0.017,0.765455060362395,0.095,-31139.5376286729,64081.9993851601,156,6.01,TRUE,"","r1 under",4,2,5,2,4,131,510131,710131
"DGMM",NA,0.398760416616738,0.184,0.20735212194534,0.506,-34643.2247486152,71096.2813803237,10,1.19,TRUE,"","r1 under",4,2,5,2,4,132,510132,710132
"RDMM",3.90264140409674,0.936960003182489,0.016,0.740298706434203,0.107,-31361.4053997887,64525.7349273918,253,9.67,TRUE,"","r1 under",4,2,5,2,4,132,510132,710132
"DGMM",NA,0.592505207297232,0.115,0.252552291419499,0.515,-33897.7817254628,69605.3953340189,11,1.29000000000001,TRUE,"","r1 under",4,2,5,2,4,133,510133,710133
"RDMM",4.23975678576286,0.929225207184054,0.018,0.759062302981872,0.099,-30971.0977200958,63745.119568006,235,9.06,TRUE,"","r1 under",4,2,5,2,4,133,510133,710133
"DGMM",NA,0.81341725992529,0.049,0.340122804990247,0.364,-34687.3843120527,71184.6005071987,13,1.50999999999999,TRUE,"","r1 under",4,2,5,2,4,134,510134,710134
"RDMM",3.77454315839945,0.902402327062551,0.025,0.742769764204784,0.105,-31265.4353423123,64333.7948124389,100,3.94000000000001,TRUE,"","r1 under",4,2,5,2,4,134,510134,710134
"DGMM",NA,0.756656781162432,0.065,0.426254228892872,0.286,-34377.7357880312,70565.3034591558,6,0.739999999999995,TRUE,"","r1 under",4,2,5,2,4,135,510135,710135
"RDMM",3.96136919042305,0.917681675909177,0.021,0.736658286005868,0.109,-31382.5347797244,64567.9936872632,135,5.2,TRUE,"","r1 under",4,2,5,2,4,135,510135,710135
"DGMM",NA,0.770657017044955,0.061,0.388242619660314,0.319,-32692.2545340599,67194.3409512132,18,2.08000000000001,TRUE,"","r1 under",4,2,5,2,4,136,510136,710136
"RDMM",4.55405552702412,0.933089025491814,0.017,0.779921121079253,0.089,-30333.7280263783,62470.380180571,104,4.19,TRUE,"","r1 under",4,2,5,2,4,136,510136,710136
"DGMM",NA,-0.00201300418619032,0.496,-0.00152925086621276,0.732,-32921.7481604081,67653.3282039095,29,3.33999999999999,TRUE,"","r1 under",4,2,5,2,4,137,510137,710137
"RDMM",3.44654811003558,0.91002508929835,0.023,0.735057862897344,0.108,-31519.8633107174,64842.6507492491,144,5.61,TRUE,"","r1 under",4,2,5,2,4,137,510137,710137
"DGMM",NA,0.760144832849834,0.064,0.340629083131504,0.506,-34540.5469338165,70890.9257507264,16,1.83999999999999,TRUE,"","r1 under",4,2,5,2,4,138,510138,710138
"RDMM",3.87273288929229,0.921521511330337,0.02,0.740126320615129,0.107,-31628.6905895086,65060.3053068316,100,3.89,TRUE,"","r1 under",4,2,5,2,4,138,510138,710138
"DGMM",NA,0.386333728011772,0.189,0.152278891342144,0.55,-33414.0802792895,68637.9924416724,28,3.17,TRUE,"","r1 under",4,2,5,2,4,139,510139,710139
"RDMM",3.9354208565621,0.936960979919643,0.016,0.766886442707631,0.095,-31157.8218046019,64118.5677370182,100,3.89,TRUE,"","r1 under",4,2,5,2,4,139,510139,710139
"DGMM",NA,0.82065681506505,0.047,0.368680899116189,0.512,-33451.4916124459,68712.8151079851,17,1.92,TRUE,"","r1 under",4,2,5,2,4,140,510140,710140
"RDMM",3.99044531752669,0.925369379120695,0.019,0.717151842759329,0.118,-30870.2860492043,63543.4962262229,149,5.83,TRUE,"","r1 under",4,2,5,2,4,140,510140,710140
"DGMM",NA,0.381312579276694,0.191,0.162757900564074,0.562,-33992.2429268093,69794.3177367119,26,2.94,TRUE,"","r1 under",4,2,5,2,4,141,510141,710141
"RDMM",3.56731668115894,0.910026034464458,0.023,0.715721318811241,0.118,-31445.1735909191,64693.2713096525,101,3.98999999999999,TRUE,"","r1 under",4,2,5,2,4,141,510141,710141
"DGMM",NA,0.589434474604024,0.116,0.247457982112155,0.542,-32860.484001859,67530.7998868114,20,2.28,TRUE,"","r1 under",4,2,5,2,4,142,510142,710142
"RDMM",4.28192224974265,0.940840790905302,0.015,0.747036236075096,0.104,-30757.0034123864,63316.9309525871,218,8.47,TRUE,"","r1 under",4,2,5,2,4,142,510142,710142
"DGMM",NA,0.373974296717561,0.194,0.156871902092293,0.559,-33658.3319849819,69126.4958530572,23,2.70000000000002,TRUE,"","r1 under",4,2,5,2,4,143,510143,710143
"RDMM",3.80284005846922,0.917681629491557,0.021,0.712243074493037,0.12,-31238.160030547,64279.2441889083,154,5.86000000000001,TRUE,"","r1 under",4,2,5,2,4,143,510143,710143
"DGMM",NA,0.120591952415962,0.326,0.0612629045145497,0.592,-33988.3394210324,69786.5107251581,25,2.94,TRUE,"","r1 under",4,2,5,2,4,144,510144,710144
"RDMM",3.87686709048644,0.933089036047386,0.017,0.762656608809158,0.097,-31130.7238477029,64064.3718232202,173,6.81,TRUE,"","r1 under",4,2,5,2,4,144,510144,710144
"DGMM",NA,0.802618376852875,0.052,0.309261090014101,0.458,-33984.4347547723,69778.7013926379,18,2.06,TRUE,"","r1 under",4,2,5,2,4,145,510145,710145
"RDMM",3.75724268748971,0.925369374315625,0.019,0.716874885731706,0.118,-30730.3965727679,63263.7172733502,142,5.44999999999999,TRUE,"","r1 under",4,2,5,2,4,145,510145,710145
"DGMM",NA,0.891027110115387,0.028,0.455938021960629,0.46,-33740.8296872184,69291.49125753,34,3.80000000000001,TRUE,"","r1 under",4,2,5,2,4,146,510146,710146
"RDMM",3.87516798955375,0.948624576633644,0.013,0.760287778865809,0.099,-30974.493288241,63751.9107042964,100,3.94999999999999,TRUE,"","r1 under",4,2,5,2,4,146,510146,710146
"DGMM",NA,0.857334099220302,0.037,0.38128321745443,0.429,-33898.7325505673,69607.296984228,22,2.44,TRUE,"","r1 under",4,2,5,2,4,147,510147,710147
"RDMM",3.7105948500764,0.933089026585989,0.017,0.722041371273762,0.116,-31016.4163556304,63835.7568390752,100,3.93000000000001,TRUE,"","r1 under",4,2,5,2,4,147,510147,710147
"DGMM",NA,0.872228102752766,0.033,0.344580191675917,0.504,-34068.7148366044,69947.2615563021,17,1.97,TRUE,"","r1 under",4,2,5,2,4,148,510148,710148
"RDMM",3.66035309862172,0.913849786653293,0.022,0.731522774302487,0.111,-31351.7790335486,64506.4821949115,186,7.17000000000002,TRUE,"","r1 under",4,2,5,2,4,148,510148,710148
"DGMM",NA,-0.0005232683420568,0.491,-0.0010005699644552,0.74,-32323.4402777066,66456.7124385066,31,3.51999999999998,TRUE,"","r1 under",4,2,5,2,4,149,510149,710149
"RDMM",3.79212253761875,0.944728704006202,0.014,0.758836219643318,0.099,-31098.0894315677,63999.1029909498,119,4.63999999999999,TRUE,"","r1 under",4,2,5,2,4,149,510149,710149
"DGMM",NA,0.917681677872937,0.021,0.627300118590699,0.163,-33822.9374775676,69455.7068382286,16,1.87,TRUE,"","r1 under",4,2,5,2,4,150,510150,710150
"RDMM",3.73700264633589,0.95252852024738,0.012,0.767500141237814,0.095,-30928.6858304974,63660.2957888091,103,4.03999999999999,TRUE,"","r1 under",4,2,5,2,4,150,510150,710150
"DGMM",NA,0.872228175898677,0.033,0.611503639907316,0.17,-33202.6439590925,68215.1198012783,14,1.63,TRUE,"","r1 under",4,2,5,2,4,151,510151,710151
"RDMM",4.24722884689266,0.898602523856467,0.026,0.740734674919334,0.107,-30504.4710887414,62811.8663052971,102,3.98000000000002,TRUE,"","r1 under",4,2,5,2,4,151,510151,710151
"DGMM",NA,0.376406737040543,0.193,0.160216483659106,0.541,-33886.2645237682,69582.3609306297,30,3.48000000000002,TRUE,"","r1 under",4,2,5,2,4,152,510152,710152
"RDMM",3.7775709914695,0.921521517463921,0.02,0.746836221697599,0.105,-31482.0414734864,64767.0070747872,100,3.97999999999999,TRUE,"","r1 under",4,2,5,2,4,152,510152,710152
"DGMM",NA,0.371425556610742,0.195,0.154034642910475,0.567,-33056.622286269,67923.0764556313,25,2.84,TRUE,"","r1 under",4,2,5,2,4,153,510153,710153
"RDMM",3.94465801312739,0.917681607446733,0.021,0.743901302336006,0.105,-30675.2749739181,63153.4740756505,141,5.57999999999998,TRUE,"","r1 under",4,2,5,2,4,153,510153,710153
"DGMM",NA,0.813418046324353,0.049,0.350838835493662,0.434,-33289.6909268025,68389.2137366984,25,2.80000000000001,TRUE,"","r1 under",4,2,5,2,4,154,510154,710154
"RDMM",3.98322870100609,0.921521458551284,0.02,0.756617918478268,0.099,-30533.6836874145,62870.2915026433,100,3.91,TRUE,"","r1 under",4,2,5,2,4,154,510154,710154
"DGMM",NA,0.831575963794278,0.044,0.349105827560116,0.377,-33826.8984693755,69463.6288218443,12,1.47999999999999,TRUE,"","r1 under",4,2,5,2,4,155,510155,710155
"RDMM",3.66105237745314,0.929225213369113,0.018,0.792825393339272,0.083,-30867.6857803655,63538.2956885453,100,3.83000000000001,TRUE,"","r1 under",4,2,5,2,4,155,510155,710155
"DGMM",NA,0.286625973509977,0.232,0.124069945976164,0.555,-33668.1384825564,69146.1088482061,36,4.12,TRUE,"","r1 under",4,2,5,2,4,156,510156,710156
"RDMM",3.65003684316999,0.91384982467814,0.022,0.70379183745013,0.124,-31125.6153403404,64054.1548084951,178,6.82999999999998,TRUE,"","r1 under",4,2,5,2,4,156,510156,710156
"DGMM",NA,0.868492589541175,0.034,0.308217127874035,0.476,-34178.4489962481,70166.7298755896,17,1.94999999999999,TRUE,"","r1 under",4,2,5,2,4,157,510157,710157
"RDMM",3.96146133075793,0.894810735216274,0.027,0.69102736788519,0.129,-31225.6051904907,64254.1345087958,101,4,TRUE,"","r1 under",4,2,5,2,4,157,510157,710157
"DGMM",NA,0.887251199463678,0.029,0.372635889475155,0.429,-34029.9709179639,69869.7737190211,15,1.69999999999999,TRUE,"","r1 under",4,2,5,2,4,158,510158,710158
"RDMM",3.75719748833567,0.9408408443975,0.015,0.776879392994792,0.091,-30846.9284399618,63496.781007738,100,3.86000000000001,TRUE,"","r1 under",4,2,5,2,4,158,510158,710158
"DGMM",NA,0.00435292071480169,0.463,0.00136298675051687,0.719,-32794.8509830045,67399.5338491023,25,2.92000000000002,TRUE,"","r1 under",4,2,5,2,4,159,510159,710159
"RDMM",3.80609600308552,0.917681612245284,0.021,0.730522573710884,0.114,-31518.7822064449,64840.4885407042,100,3.94999999999999,TRUE,"","r1 under",4,2,5,2,4,159,510159,710159
"DGMM",NA,0.864764940757706,0.035,0.394622953287791,0.456,-33590.0292408758,68989.890364845,19,2.15999999999997,TRUE,"","r1 under",4,2,5,2,4,160,510160,710160
"RDMM",4.05566493197129,0.940840782744888,0.015,0.741814543397883,0.107,-31255.0549823209,64313.0340924561,216,8.46000000000004,TRUE,"","r1 under",4,2,5,2,4,160,510160,710160
"DGMM",NA,0.902402345838849,0.025,0.448570535836464,0.491,-33442.6157287607,68695.0633406148,47,5.21999999999997,TRUE,"","r1 under",4,2,5,2,4,161,510161,710161
"RDMM",3.95524803853784,0.925369297281268,0.019,0.764464392113906,0.096,-30352.1798560701,62507.2838399546,146,5.70000000000005,TRUE,"","r1 under",4,2,5,2,4,161,510161,710161
"DGMM",NA,0.352253801141394,0.203,0.158647831984637,0.546,-33458.1146224292,68726.0611279516,28,3.19,TRUE,"","r1 under",4,2,5,2,4,162,510162,710162
"RDMM",4.22792341059719,0.913849793596411,0.022,0.732806030413857,0.11,-31172.8725396737,64148.6692071616,122,4.69999999999999,TRUE,"","r1 under",4,2,5,2,4,162,510162,710162
"DGMM",NA,0.391341502296082,0.187,0.161816151610963,0.554,-33620.2007711344,69050.2334253622,22,2.5,TRUE,"","r1 under",4,2,5,2,4,163,510163,710163
"RDMM",3.94987847584003,0.936960925487305,0.016,0.758077876444603,0.099,-31106.9134546721,64016.7510371585,100,3.89000000000004,TRUE,"","r1 under",4,2,5,2,4,163,510163,710163
"DGMM",NA,0.857333375477984,0.037,0.320222967916674,0.493,-35004.3990203144,71818.6299237221,11,1.32999999999998,TRUE,"","r1 under",4,2,5,2,4,164,510164,710164
"RDMM",3.4067590367115,0.902402405297078,0.025,0.767456954531422,0.095,-31526.5726282241,64856.0693842626,209,8,TRUE,"","r1 under",4,2,5,2,4,164,510164,710164
"DGMM",NA,0.868492437515534,0.034,0.369366216085638,0.458,-33490.80128461,68791.4344523133,18,1.94999999999999,TRUE,"","r1 under",4,2,5,2,4,165,510165,710165
"RDMM",3.87468114505863,0.929225159909332,0.018,0.765217309157065,0.096,-30812.8047646991,63428.5336572125,124,3.63999999999999,TRUE,"","r1 under",4,2,5,2,4,165,510165,710165
"DGMM",NA,0.277973290879989,0.236,0.112174784461198,0.594,-33799.4837733162,69408.7994297256,27,2.13999999999999,TRUE,"","r1 under",4,2,5,2,4,166,510166,710166
"RDMM",3.86518405439878,0.913849662286078,0.022,0.743938930810241,0.105,-31528.2510463289,64859.4262204722,220,5.69,TRUE,"","r1 under",4,2,5,2,4,166,510166,710166
"DGMM",NA,0.288866860574108,0.231,0.111384410506437,0.586,-33292.6900833872,68395.2120498678,30,2.02999999999997,TRUE,"","r1 under",4,2,5,2,4,167,510167,710167
"RDMM",3.86886171404086,0.925369326097381,0.019,0.752430115607319,0.101,-31051.5803407943,63906.0848094029,114,2.55000000000001,TRUE,"","r1 under",4,2,5,2,4,167,510167,710167
"DGMM",NA,0.633249571201415,0.102,0.288801986143801,0.396,-34001.2422260759,69812.316335245,6,0.61,TRUE,"","r1 under",4,2,5,2,4,168,510168,710168
"RDMM",3.99569207347736,0.902402332470125,0.025,0.753738326803238,0.1,-30808.0488783769,63419.0218845682,118,2.93,TRUE,"","r1 under",4,2,5,2,4,168,510168,710168
"DGMM",NA,0.342685033920473,0.207,0.140466693752818,0.563,-33407.1199705393,68624.0718241718,22,2.82,TRUE,"","r1 under",4,2,5,2,4,169,510169,710169
"RDMM",3.90373997949295,0.913849801370989,0.022,0.563783828750727,0.246,-31205.1681886341,64213.2605050825,114,4.39,TRUE,"","r1 under",4,2,5,2,4,169,510169,710169
"DGMM",NA,0.331171385348825,0.212,0.143770880648136,0.538,-33999.9016785754,69809.635240244,22,2.95,TRUE,"","r1 under",4,2,5,2,4,170,510170,710170
"RDMM",3.80093593358832,0.925369322053268,0.019,0.729762063760224,0.113,-31331.3130357691,64465.5501993525,109,4.31,TRUE,"","r1 under",4,2,5,2,4,170,510170,710170
"DGMM",NA,-0.000477924589933171,0.493,0.000643939356510462,0.727,-32529.3788901445,66868.5896633823,25,2.83,TRUE,"","r1 under",4,2,5,2,4,171,510171,710171
"RDMM",3.94126728858629,0.9408407951733,0.015,0.758566711627982,0.099,-31237.9348450432,64278.7938179008,145,5.57,TRUE,"","r1 under",4,2,5,2,4,171,510171,710171
"DGMM",NA,0.429832680946624,0.172,0.169162521735506,0.573,-33262.2429804878,68334.317844069,23,2.61,TRUE,"","r1 under",4,2,5,2,4,172,510172,710172
"RDMM",3.98602986383492,0.933089025491814,0.017,0.781190416335356,0.089,-30702.361652941,63207.6474336963,123,4.92,TRUE,"","r1 under",4,2,5,2,4,172,510172,710172
"DGMM",NA,0.824288396436383,0.046,0.323919604750473,0.501,-33876.9997492611,69563.8313816155,20,2.36,TRUE,"","r1 under",4,2,5,2,4,173,510173,710173
"RDMM",4.06136148004645,0.94472868437969,0.014,0.765158855367313,0.097,-30664.641709072,63132.2075459583,130,5.02,TRUE,"","r1 under",4,2,5,2,4,173,510173,710173
"DGMM",NA,0.556071831870699,0.127,0.243127807741025,0.463,-34731.1402009954,71272.1122850841,9,1.05,TRUE,"","r1 under",4,2,5,2,4,174,510174,710174
"RDMM",3.9597915509696,0.879723755829495,0.031,0.511725751661094,0.285,-31294.5199294759,64391.9639867662,127,4.93,TRUE,"","r1 under",4,2,5,2,4,174,510174,710174
"DGMM",NA,0.580207942338901,0.119,0.244875889837576,0.465,-34225.474140968,70260.7801650293,21,2.39,TRUE,"","r1 under",4,2,5,2,4,175,510175,710175
"RDMM",3.85955730904067,0.925369068134702,0.019,0.766727390898246,0.096,-31115.8307592688,64034.5856463519,300,11.42,TRUE,"","r1 under",4,2,5,2,4,175,510175,710175
"DGMM",NA,0.795459414570429,0.054,0.322693926441021,0.43,-34089.5484078013,69988.9286986959,13,1.50999999999999,TRUE,"","r1 under",4,2,5,2,4,176,510176,710176
"RDMM",4.2418175850406,0.857333293686324,0.037,0.70515007641904,0.123,-31459.4539538427,64721.8320354997,124,4.77,TRUE,"","r1 under",4,2,5,2,4,176,510176,710176
"DGMM",NA,0.381259573117814,0.191,0.206699910469472,0.538,-33838.5938260945,69487.0195352824,15,1.75,TRUE,"","r1 under",4,2,5,2,4,177,510177,710177
"RDMM",4.04728611956974,0.952528517397952,0.012,0.571839010763753,0.211,-30888.6646037403,63580.253335295,100,4.03999999999999,TRUE,"","r1 under",4,2,5,2,4,177,510177,710177
"DGMM",NA,0.604889091046114,0.111,0.288601846433085,0.511,-34616.3165568236,71042.4649967405,39,4.36,TRUE,"","r1 under",4,2,5,2,4,178,510178,710178
"RDMM",3.87430488102953,0.936960955176029,0.016,0.734866598793652,0.11,-31173.0079510125,64148.9400298393,172,6.64,TRUE,"","r1 under",4,2,5,2,4,178,510178,710178
"DGMM",NA,-0.000822616931082501,0.495,0.000558817053600875,0.725,-32534.0899131179,66878.0117093291,33,3.67,TRUE,"","r1 under",4,2,5,2,4,179,510179,710179
"RDMM",3.63733882979239,0.929225225592857,0.018,0.76161088478525,0.098,-31378.5788856294,64560.0818990732,289,11.31,TRUE,"","r1 under",4,2,5,2,4,179,510179,710179
"DGMM",NA,0.401428656762816,0.183,0.167344819331921,0.505,-33057.4220968664,67924.676076826,39,4.45,TRUE,"","r1 under",4,2,5,2,4,180,510180,710180
"RDMM",3.87690719841544,0.925369305613583,0.019,0.763472733132775,0.096,-30656.6850456368,63116.2942190879,100,3.86,TRUE,"","r1 under",4,2,5,2,4,180,510180,710180
"DGMM",NA,0.838894879333254,0.042,0.59695438439682,0.178,-34306.1219533161,70422.0757897256,14,1.59,TRUE,"","r1 under",4,2,5,2,4,181,510181,710181
"RDMM",4.02243431744166,0.933089093111785,0.017,0.772978161360851,0.092,-31477.4529710292,64757.8300698727,100,3.92999999999999,TRUE,"","r1 under",4,2,5,2,4,181,510181,710181
"DGMM",NA,0.824288281087988,0.046,0.385703964612805,0.412,-34544.6797965951,70899.1914762836,28,3.14,TRUE,"","r1 under",4,2,5,2,4,182,510182,710182
"RDMM",3.75401587130056,0.94862462443189,0.013,0.736354899224901,0.11,-31517.3541086591,64837.6323451326,114,4.44,TRUE,"","r1 under",4,2,5,2,4,182,510182,710182
"DGMM",NA,0.364253557028506,0.198,0.146325476624049,0.566,-33148.845827632,68107.5235383572,28,3.19000000000001,TRUE,"","r1 under",4,2,5,2,4,183,510183,710183
"RDMM",3.90956988229087,0.929225232703799,0.018,0.736866794091943,0.108,-30767.7950067334,63338.5141412812,174,6.79999999999998,TRUE,"","r1 under",4,2,5,2,4,183,510183,710183
"DGMM",NA,0.36425440493033,0.198,0.16300856695454,0.55,-33449.6185143669,68709.0689118272,30,3.48000000000002,TRUE,"","r1 under",4,2,5,2,4,184,510184,710184
"RDMM",4.16126467591398,0.94472868580456,0.014,0.555193184933914,0.251,-31117.3999000013,64037.7239278169,100,3.95000000000002,TRUE,"","r1 under",4,2,5,2,4,184,510184,710184
"DGMM",NA,0.0024389457812905,0.471,0.0044823857328818,0.708,-33330.2580646914,68470.3480124762,43,4.88999999999999,TRUE,"","r1 under",4,2,5,2,4,185,510185,710185
"RDMM",3.54631229270057,0.921521477993822,0.02,0.711490394250829,0.121,-31684.6421548546,65172.2084375236,168,6.52000000000001,TRUE,"","r1 under",4,2,5,2,4,185,510185,710185
"DGMM",NA,0.257276536195133,0.246,0.122116550113997,0.574,-34995.1160219572,71800.0639270077,22,2.72,TRUE,"","r1 under",4,2,5,2,4,186,510186,710186
"RDMM",3.74853145140029,0.936960949742801,0.016,0.756413402610173,0.1,-31694.7159664507,65192.3560607158,100,3.94,TRUE,"","r1 under",4,2,5,2,4,186,510186,710186
"DGMM",NA,0.831574998910551,0.044,0.296455573918331,0.48,-33775.402966532,69360.6378161573,23,2.64000000000001,TRUE,"","r1 under",4,2,5,2,4,187,510187,710187
"RDMM",3.7457617649501,0.944728718892887,0.014,0.750616525760903,0.103,-31053.2841743653,63909.492476545,176,6.76999999999998,TRUE,"","r1 under",4,2,5,2,4,187,510187,710187
"DGMM",NA,0.90621018630229,0.024,0.617073600439694,0.169,-33232.4356686967,68274.7032204867,19,2.12,TRUE,"","r1 under",4,2,5,2,4,188,510188,710188
"RDMM",4.05500032874465,0.936960944891703,0.016,0.767180616479316,0.095,-30489.8023736857,62782.5288751858,145,5.63999999999999,TRUE,"","r1 under",4,2,5,2,4,188,510188,710188
"DGMM",NA,-0.000719702922712441,0.489,0.00209776899057681,0.714,-32304.2240256228,66418.2799343388,39,4.32999999999998,TRUE,"","r1 under",4,2,5,2,4,189,510189,710189
"RDMM",3.98517433756649,0.944728718892887,0.014,0.722428692556629,0.116,-31122.564598353,64048.0533245204,105,4.08000000000001,TRUE,"","r1 under",4,2,5,2,4,189,510189,710189
"DGMM",NA,0.617422037089268,0.107,0.234926967106465,0.528,-34666.8891438559,71143.6101708051,13,1.53999999999999,TRUE,"","r1 under",4,2,5,2,4,190,510190,710190
"RDMM",3.84325938322992,0.883483425409253,0.03,0.515312651962618,0.264,-31659.1421671069,65121.2084620281,100,3.86000000000001,TRUE,"","r1 under",4,2,5,2,4,190,510190,710190
"DGMM",NA,0.406497620839988,0.181,0.171988638345049,0.526,-32881.5038400655,67572.8395632244,34,3.84,TRUE,"","r1 under",4,2,5,2,4,191,510191,710191
"RDMM",3.91631957938169,0.940840803333711,0.015,0.77571571984941,0.091,-30427.8062212891,62658.5365703926,100,3.90000000000001,TRUE,"","r1 under",4,2,5,2,4,191,510191,710191
"DGMM",NA,0.608021192584537,0.11,0.243908596771808,0.46,-34413.0756874376,70635.9832579686,15,1.74000000000001,TRUE,"","r1 under",4,2,5,2,4,192,510192,710192
"RDMM",3.76288392189493,0.960360332700638,0.01,0.765611519456751,0.096,-30896.547662223,63596.0194522604,159,6.25,TRUE,"","r1 under",4,2,5,2,4,192,510192,710192
"DGMM",NA,-0.000380783105758718,0.49,-0.000739921673464872,0.741,-32382.7476645551,66575.3272122035,33,3.69,TRUE,"","r1 under",4,2,5,2,4,193,510193,710193
"RDMM",4.1029278021242,0.92922515932271,0.018,0.73227608790222,0.111,-31227.5268340385,64257.9777958913,160,6.30000000000001,TRUE,"","r1 under",4,2,5,2,4,193,510193,710193
"DGMM",NA,-0.00148111529280762,0.499,-0.00102625348277949,0.731,-32588.666614264,66987.1651116213,19,2.14000000000001,TRUE,"","r1 under",4,2,5,2,4,194,510194,710194
"RDMM",3.73805637410394,0.906209660437729,0.024,0.617065520334531,0.21,-31481.8118284739,64766.5477847621,111,4.41999999999999,TRUE,"","r1 under",4,2,5,2,4,194,510194,710194
"DGMM",NA,0.781232231976012,0.058,0.356725706118782,0.487,-33931.783810843,69673.3995047793,16,1.91999999999999,TRUE,"","r1 under",4,2,5,2,4,195,510195,710195
"RDMM",3.89459211509149,0.917681619276823,0.021,0.738362904883321,0.108,-31206.1958337948,64215.3157954039,129,4.95000000000002,TRUE,"","r1 under",4,2,5,2,4,195,510195,710195
"DGMM",NA,0.310712757173758,0.221,0.20062230633489,0.556,-34885.3822725897,71580.5964282727,13,1.53999999999999,TRUE,"","r1 under",4,2,5,2,4,196,510196,710196
"RDMM",3.80579675852937,0.906210180564387,0.024,0.743536467748279,0.105,-31527.7775645044,64858.4792568231,225,8.62,TRUE,"","r1 under",4,2,5,2,4,196,510196,710196
"DGMM",NA,0.665520804886823,0.092,0.388765559369092,0.332,-33786.6039487302,69383.0397805538,6,0.730000000000018,TRUE,"","r1 under",4,2,5,2,4,197,510197,710197
"RDMM",4.14934111905281,0.929225136901689,0.018,0.784968870008033,0.087,-30686.1045334033,63175.133194621,116,4.53,TRUE,"","r1 under",4,2,5,2,4,197,510197,710197
"DGMM",NA,0.788334185281014,0.056,0.332325609978949,0.491,-33788.1291129201,69386.0901089336,20,2.28,TRUE,"","r1 under",4,2,5,2,4,198,510198,710198
"RDMM",4.01366446079074,0.94862460986971,0.013,0.740254210683998,0.108,-30986.0918266395,63775.1077810933,201,7.73000000000002,TRUE,"","r1 under",4,2,5,2,4,198,510198,710198
"DGMM",NA,0.32204599496641,0.216,0.132200220229517,0.561,-33435.6146847935,68681.0612526804,28,3.16,TRUE,"","r1 under",4,2,5,2,4,199,510199,710199
"RDMM",3.95818961455645,0.925369348629547,0.019,0.717628413532454,0.118,-30915.9831001347,63634.8903280837,115,4.56,TRUE,"","r1 under",4,2,5,2,4,199,510199,710199
"DGMM",NA,0.339634580512833,0.208,0.122419580881493,0.581,-33488.8264868366,68787.4848567665,26,3.06999999999999,TRUE,"","r1 under",4,2,5,2,4,200,510200,710200
"RDMM",4.01998285794687,0.944727465427147,0.014,0.784420347815605,0.088,-31142.0479021203,64087.0199320549,212,8.18000000000001,TRUE,"","r1 under",4,2,5,2,4,200,510200,710200
"DGMM",NA,0.371349919280683,0.195,0.160081272929764,0.547,-33158.7134638988,68127.2588108908,23,2.72999999999996,TRUE,"","r1 under",4,2,5,2,4,201,510201,710201
"RDMM",3.91988751031601,0.898602440555241,0.026,0.733552337094391,0.11,-30875.9603368325,63554.8448014793,115,4.58999999999997,TRUE,"","r1 under",4,2,5,2,4,201,510201,710201
"DGMM",NA,0.357065046186449,0.201,0.140488741280105,0.566,-33571.6300514174,68953.0919859282,31,3.44,TRUE,"","r1 under",4,2,5,2,4,202,510202,710202
"RDMM",3.75056952642974,0.936960900313113,0.016,0.766592187908934,0.095,-30805.8988725248,63414.721872864,219,8.41999999999996,TRUE,"","r1 under",4,2,5,2,4,202,510202,710202
"DGMM",NA,0.652519442068693,0.096,0.267206585065406,0.488,-34508.839994219,70827.5118715313,12,1.43000000000001,TRUE,"","r1 under",4,2,5,2,4,203,510203,710203
"RDMM",3.79432710681119,0.933089042947125,0.017,0.748231601796458,0.104,-31071.1660717573,63945.256271329,112,4.40000000000003,TRUE,"","r1 under",4,2,5,2,4,203,510203,710203
"DGMM",NA,0.925369383447172,0.019,0.591447110150446,0.185,-33138.6649482087,68087.1617795108,23,2.57999999999998,TRUE,"","r1 under",4,2,5,2,4,204,510204,710204
"RDMM",4.24532016979195,0.952528525233878,0.012,0.802699291676141,0.079,-30988.677897878,63780.2799235704,100,3.88,TRUE,"","r1 under",4,2,5,2,4,204,510204,710204
"DGMM",NA,0.910025795591321,0.023,0.39756590233547,0.385,-33946.8225535358,69703.4769901648,22,2.53000000000003,TRUE,"","r1 under",4,2,5,2,4,205,510205,710205
"RDMM",3.93373593683238,0.929225143954781,0.018,0.742305002111696,0.106,-31012.9864368173,63828.8970014489,100,3.77999999999997,TRUE,"","r1 under",4,2,5,2,4,205,510205,710205
"DGMM",NA,0.424597775061171,0.174,0.186147013732833,0.516,-33630.8444364429,69071.5207559792,20,2.25,TRUE,"","r1 under",4,2,5,2,4,206,510206,710206
"RDMM",3.94930374806787,0.917681602167798,0.021,0.754849755591981,0.1,-31175.4814216328,64153.8869710799,198,6.14999999999998,TRUE,"","r1 under",4,2,5,2,4,206,510206,710206
"DGMM",NA,0.445726470577688,0.166,0.177721439836071,0.524,-33880.1015115497,69570.0349061927,22,1.81,TRUE,"","r1 under",4,2,5,2,4,207,510207,710207
"RDMM",3.81189514935755,0.902402311234126,0.025,0.757906114179875,0.099,-31218.5430859766,64240.0102997676,124,3.19999999999999,TRUE,"","r1 under",4,2,5,2,4,207,510207,710207
"DGMM",NA,0.403858993925386,0.182,0.164200137881017,0.516,-33671.9948492433,69153.8215815799,19,1.53000000000003,TRUE,"","r1 under",4,2,5,2,4,208,510208,710208
"RDMM",3.8969602297768,0.917681647402968,0.021,0.743892051535789,0.105,-31473.5160125625,64749.9561529393,100,2.40999999999997,TRUE,"","r1 under",4,2,5,2,4,208,510208,710208
"DGMM",NA,0.66224779756185,0.093,0.248068567194485,0.517,-34258.1343069057,70326.1004969046,12,0.7,TRUE,"","r1 under",4,2,5,2,4,209,510209,710209
"RDMM",3.68419131309862,0.917680186860953,0.021,0.760508718667532,0.097,-31129.8774421187,64062.6790120518,135,3.75,TRUE,"","r1 under",4,2,5,2,4,209,510209,710209
"DGMM",NA,0.586354654763062,0.117,0.235104985253286,0.524,-34012.0954389416,69834.0227609765,23,2.68,TRUE,"","r1 under",4,2,5,2,4,210,510210,710210
"RDMM",4.01606439529699,0.906210189626845,0.024,0.732761814475468,0.11,-31446.0127958135,64694.9497194413,140,5.96,TRUE,"","r1 under",4,2,5,2,4,210,510210,710210
"DGMM",NA,0.429830204614099,0.172,0.172006206339995,0.554,-34062.9766727984,69935.7852286901,34,3.83,TRUE,"","r1 under",4,2,5,2,4,211,510211,710211
"RDMM",3.96594140825915,0.910025936232361,0.023,0.729583241183563,0.112,-31491.7499326461,64786.4239931066,115,4.5,TRUE,"","r1 under",4,2,5,2,4,211,510211,710211
"DGMM",NA,0.705310006639471,0.08,0.326908155119061,0.419,-33739.9635661501,69289.7590153936,18,2.02,TRUE,"","r1 under",4,2,5,2,4,212,510212,710212
"RDMM",4.12425130482772,0.929225173262087,0.018,0.757093392214919,0.1,-30729.6188072344,63262.1617422831,100,3.84,TRUE,"","r1 under",4,2,5,2,4,212,510212,710212
"DGMM",NA,0.87972369920763,0.031,0.359306006489741,0.407,-33509.2218666214,68828.2756163361,13,1.53,TRUE,"","r1 under",4,2,5,2,4,213,510213,710213
"RDMM",4.1816426646396,0.944728733186756,0.014,0.792214875107736,0.084,-30928.4607372913,63659.8456023969,107,4.3,TRUE,"","r1 under",4,2,5,2,4,213,510213,710213
"DGMM",NA,0.875972071544178,0.032,0.416816954786211,0.464,-33539.4532830095,68888.7384491124,21,2.39,TRUE,"","r1 under",4,2,5,2,4,214,510214,710214
"RDMM",4.19352317185596,0.948624587812274,0.013,0.749188683036966,0.103,-31192.259626324,64187.4433804623,174,6.72,TRUE,"","r1 under",4,2,5,2,4,214,510214,710214
"DGMM",NA,0.887251175603418,0.029,0.339730533068802,0.48,-33924.3636934146,69658.5592699224,12,1.39,TRUE,"","r1 under",4,2,5,2,4,215,510215,710215
"RDMM",3.91159188491032,0.913849774956202,0.022,0.750779384111233,0.104,-30940.2524919191,63683.4291116525,278,10.72,TRUE,"","r1 under",4,2,5,2,4,215,510215,710215
"DGMM",NA,0.267232310179241,0.241,0.109487327997185,0.575,-33807.0043055194,69423.8404941321,37,4.18,TRUE,"","r1 under",4,2,5,2,4,216,510216,710216
"RDMM",3.88957995240084,0.921520649316418,0.02,0.736114716647015,0.109,-31436.7015486844,64676.3272251832,104,4.02,TRUE,"","r1 under",4,2,5,2,4,216,510216,710216
"DGMM",NA,0.349613831606814,0.204,0.145787395474724,0.594,-33447.3638989792,68704.5596810518,16,1.82,TRUE,"","r1 under",4,2,5,2,4,217,510217,710217
"RDMM",3.85549050726473,0.913849481595598,0.022,0.769794203009419,0.093,-31002.3676707939,63807.6594694021,104,4.11,TRUE,"","r1 under",4,2,5,2,4,217,510217,710217
"DGMM",NA,0.913849798884892,0.022,0.424306914355075,0.467,-32862.4849308144,67534.801744722,15,1.78,TRUE,"","r1 under",4,2,5,2,4,218,510218,710218
"RDMM",4.38132250193501,0.925369354832112,0.019,0.571674710601441,0.249,-30734.8903382624,63272.7048043391,100,3.92,TRUE,"","r1 under",4,2,5,2,4,218,510218,710218
"DGMM",NA,0.846245622848362,0.04,0.528278001211955,0.217,-32826.142123342,67462.1161297773,16,1.81,TRUE,"","r1 under",4,2,5,2,4,219,510219,710219
"RDMM",4.22256598654216,0.925369335090148,0.019,0.734086142244572,0.11,-30384.4001287693,62571.724385353,100,3.86,TRUE,"","r1 under",4,2,5,2,4,219,510219,710219
"DGMM",NA,0.948624589196012,0.013,0.418116481562872,0.488,-33733.9643740794,69277.7606312521,21,2.45,TRUE,"","r1 under",4,2,5,2,4,220,510220,710220
"RDMM",4.02123800320737,0.956440414331951,0.011,0.776103069616704,0.091,-30671.5444767923,63146.013081399,114,4.33999999999999,TRUE,"","r1 under",4,2,5,2,4,220,510220,710220
"DGMM",NA,0.304120872918223,0.224,0.125028621885956,0.555,-33082.6096647842,67975.0512126618,24,2.72,TRUE,"","r1 under",4,2,5,2,4,221,510221,710221
"RDMM",4.0376625652075,0.913849805514484,0.022,0.733625653818031,0.111,-31143.2802338161,64089.4845954466,199,7.84,TRUE,"","r1 under",4,2,5,2,4,221,510221,710221
"DGMM",NA,0.864764732100196,0.035,0.292456230556859,0.492,-34048.1912435939,69906.2143702811,18,2.09999999999999,TRUE,"","r1 under",4,2,5,2,4,222,510222,710222
"RDMM",3.84193494082468,0.933089048984395,0.017,0.745010910249224,0.105,-30975.0954803377,63753.1150884898,100,3.89,TRUE,"","r1 under",4,2,5,2,4,222,510222,710222
"DGMM",NA,0.592489091199159,0.115,0.223764658998103,0.545,-33974.5229322257,69758.8777475448,15,1.72,TRUE,"","r1 under",4,2,5,2,4,223,510223,710223
"RDMM",3.87600125214152,0.925369291255773,0.019,0.725232449616941,0.114,-31038.2560926059,63879.4363130261,115,4.44999999999999,TRUE,"","r1 under",4,2,5,2,4,223,510223,710223
"DGMM",NA,0.846246206113773,0.04,0.364548853508903,0.456,-33661.8498735225,69133.5316301384,14,1.64,TRUE,"","r1 under",4,2,5,2,4,224,510224,710224
"RDMM",3.90710606960705,0.921521501037238,0.02,0.722898089851735,0.116,-31145.4651640941,64093.8544560025,250,9.47,TRUE,"","r1 under",4,2,5,2,4,224,510224,710224
"DGMM",NA,-0.000544373074987802,0.495,0.00117176395464384,0.731,-32826.7547550264,67463.3413931462,26,2.94000000000001,TRUE,"","r1 under",4,2,5,2,4,225,510225,710225
"RDMM",3.69405612500987,0.917681655384709,0.021,0.759412835653226,0.098,-31559.9590675101,64922.8422628346,300,11.62,TRUE,"","r1 under",4,2,5,2,4,225,510225,710225
"DGMM",NA,0.489532783539484,0.15,0.206542851192381,0.542,-33454.1053029132,68718.0424889198,23,2.62,TRUE,"","r1 under",4,2,5,2,4,226,510226,710226
"RDMM",4.03306553917412,0.921521446019881,0.02,0.753151645022457,0.101,-31075.2707091033,63953.4655460209,216,8.28,TRUE,"","r1 under",4,2,5,2,4,226,510226,710226
"DGMM",NA,0.838894754840015,0.042,0.42471142519251,0.31,-33986.1030593384,69782.0380017701,14,1.63999999999999,TRUE,"","r1 under",4,2,5,2,4,227,510227,710227
"RDMM",3.9330844535116,0.898602593458557,0.026,0.727102086945285,0.114,-31026.8672990101,63856.6587258346,100,4.13,TRUE,"","r1 under",4,2,5,2,4,227,510227,710227
"DGMM",NA,-0.00049822131050874,0.494,-0.000549274947834013,0.739,-31811.8968522854,65433.6255876641,31,3.44,TRUE,"","r1 under",4,2,5,2,4,228,510228,710228
"RDMM",3.99708456105053,0.940840784611426,0.015,0.548810699385598,0.25,-30708.7336991772,63220.3915261687,179,7,TRUE,"","r1 under",4,2,5,2,4,228,510228,710228
"DGMM",NA,0.910025986205262,0.023,0.612478244607672,0.175,-34592.357738513,70994.5473601194,17,1.94999999999999,TRUE,"","r1 under",4,2,5,2,4,229,510229,710229
"RDMM",3.73538042324996,0.948624594836391,0.013,0.802966307508282,0.079,-31366.9309851365,64536.7860980873,100,3.89000000000001,TRUE,"","r1 under",4,2,5,2,4,229,510229,710229
"DGMM",NA,0.470091560825435,0.157,0.189066533922081,0.542,-33845.4421373927,69500.7161578788,24,2.73999999999998,TRUE,"","r1 under",4,2,5,2,4,230,510230,710230
"RDMM",3.93471676944112,0.936960961603731,0.016,0.744520659311087,0.105,-31090.9312901076,63984.7867080295,188,7.15000000000001,TRUE,"","r1 under",4,2,5,2,4,230,510230,710230
"DGMM",NA,0.784780917934287,0.057,0.287026600847127,0.438,-33765.6579687783,69341.1478206498,16,1.79999999999998,TRUE,"","r1 under",4,2,5,2,4,231,510231,710231
"RDMM",3.86825077991507,0.929225212476132,0.018,0.753799682223407,0.101,-30982.9543883337,63768.8329044818,100,3.90000000000001,TRUE,"","r1 under",4,2,5,2,4,231,510231,710231
"DGMM",NA,0.000930464414375031,0.478,4.28105121739563e-05,0.733,-32283.4836989426,66376.7992809786,30,3.40000000000001,TRUE,"","r1 under",4,2,5,2,4,232,510232,710232
"RDMM",3.8446379948729,0.917681679472451,0.021,0.76612633782922,0.095,-31092.8747743122,63988.6736764388,100,3.79999999999998,TRUE,"","r1 under",4,2,5,2,4,232,510232,710232
"DGMM",NA,0.849934029076266,0.039,0.367490539689732,0.4,-34295.4520360845,70400.7359552624,15,1.70000000000002,TRUE,"","r1 under",4,2,5,2,4,233,510233,710233
"RDMM",3.85859769232582,0.925369326097381,0.019,0.741594805176806,0.106,-31067.256092683,63937.4363131804,220,8.47,TRUE,"","r1 under",4,2,5,2,4,233,510233,710233
"DGMM",NA,0.910025846943382,0.023,0.378086920067689,0.464,-33520.7408084871,68851.3135000676,19,2.17000000000002,TRUE,"","r1 under",4,2,5,2,4,234,510234,710234
"RDMM",3.8702896001796,0.925369294869156,0.019,0.779675791300361,0.089,-30795.1203543897,63393.1648365937,196,7.53,TRUE,"","r1 under",4,2,5,2,4,234,510234,710234
"DGMM",NA,0.838894792087275,0.042,0.339270689951388,0.419,-34161.6720199318,70133.175922957,12,1.51000000000002,TRUE,"","r1 under",4,2,5,2,4,235,510235,710235
"RDMM",3.58624637895078,0.891027075769978,0.028,0.713158162991175,0.119,-31335.2509558081,64473.4260394306,136,5.37,TRUE,"","r1 under",4,2,5,2,4,235,510235,710235
"DGMM",NA,0.47009095570115,0.157,0.18725453032572,0.548,-33115.8707583766,68041.5733998465,18,2.07999999999998,TRUE,"","r1 under",4,2,5,2,4,236,510236,710236
"RDMM",3.91871937028177,0.921521522321718,0.02,0.721447882853773,0.116,-30793.8608189325,63390.6457656792,141,5.56,TRUE,"","r1 under",4,2,5,2,4,236,510236,710236
"DGMM",NA,0.359453805359603,0.2,0.136388298357045,0.584,-34029.3052493412,69868.4423817758,29,3.19999999999999,TRUE,"","r1 under",4,2,5,2,4,237,510237,710237
"RDMM",3.59940632901358,0.906210119215697,0.024,0.753111395521384,0.101,-31138.2623373115,64079.4488024373,112,4.33000000000001,TRUE,"","r1 under",4,2,5,2,4,237,510237,710237
"DGMM",NA,0.813417813004162,0.049,0.313570500204918,0.424,-33937.6887535039,69685.2093901011,12,1.46000000000001,TRUE,"","r1 under",4,2,5,2,4,238,510238,710238
"RDMM",4.02093988257491,0.933089044195771,0.017,0.754975141266257,0.1,-31053.5458578939,63910.0158436022,100,3.81999999999999,TRUE,"","r1 under",4,2,5,2,4,238,510238,710238
"DGMM",NA,0.388737536628681,0.188,0.16372710977025,0.587,-33733.352538482,69276.5369600573,35,4,TRUE,"","r1 under",4,2,5,2,4,239,510239,710239
"RDMM",3.93445924221124,0.952528504959098,0.012,0.755025830227743,0.101,-31405.2663600135,64613.4568478414,126,4.88999999999999,TRUE,"","r1 under",4,2,5,2,4,239,510239,710239
"DGMM",NA,0.342748182608095,0.207,0.153673254772887,0.531,-33757.4554512616,69324.7427856165,27,3.03,TRUE,"","r1 under",4,2,5,2,4,240,510240,710240
"RDMM",3.8354429237684,0.921521522748238,0.02,0.756550867991933,0.099,-31093.7920393857,63990.5082065857,110,4.35999999999999,TRUE,"","r1 under",4,2,5,2,4,240,510240,710240
"DGMM",NA,0.583287449068466,0.118,0.397289705872185,0.305,-33605.3742188359,69020.5803207651,6,0.780000000000001,TRUE,"","r1 under",4,2,5,2,4,241,510241,710241
"RDMM",4.01074212008663,0.933089046667319,0.017,0.752702782508674,0.101,-30680.226595421,63163.3773186564,100,3.80000000000001,TRUE,"","r1 under",4,2,5,2,4,241,510241,710241
"DGMM",NA,0.652520998331007,0.096,0.262179149973527,0.49,-34624.4101443664,71058.6521718262,13,1.5,TRUE,"","r1 under",4,2,5,2,4,242,510242,710242
"RDMM",3.66426537617033,0.952528481341696,0.012,0.749841697456577,0.103,-31280.1090879372,64363.1423036887,100,4.12,TRUE,"","r1 under",4,2,5,2,4,242,510242,710242
"DGMM",NA,0.414132972536724,0.178,0.178575651298102,0.538,-33817.4611935459,69444.754270185,34,3.81,TRUE,"","r1 under",4,2,5,2,4,243,510243,710243
"RDMM",3.73408039494521,0.913849816530652,0.022,0.683791697445387,0.138,-31297.5089430038,64397.9420138218,100,3.93000000000001,TRUE,"","r1 under",4,2,5,2,4,243,510243,710243
"DGMM",NA,0.82792793933226,0.045,0.284473210228888,0.498,-34368.2314813675,70546.2948458282,14,1.79000000000002,TRUE,"","r1 under",4,2,5,2,4,244,510244,710244
"RDMM",3.76452838665775,0.92536936236995,0.019,0.722700954912282,0.116,-31190.9831695423,64184.890466899,134,5.22000000000003,TRUE,"","r1 under",4,2,5,2,4,244,510244,710244
"DGMM",NA,0.16034504720397,0.299,0.076317643553901,0.593,-33725.8941055426,69261.6200941784,24,2.67000000000002,TRUE,"","r1 under",4,2,5,2,4,245,510245,710245
"RDMM",4.04482823713209,0.917681727220303,0.021,0.738207026711776,0.108,-31138.7023890957,64080.3289060058,100,3.89999999999998,TRUE,"","r1 under",4,2,5,2,4,245,510245,710245
"DGMM",NA,0.223636680325673,0.263,0.0918485644183791,0.566,-33493.6406708087,68797.1132247107,26,2.93000000000001,TRUE,"","r1 under",4,2,5,2,4,246,510246,710246
"RDMM",3.97059063408242,0.929225143954781,0.018,0.742957264038773,0.105,-31034.3975665425,63871.7192608994,176,6.84999999999997,TRUE,"","r1 under",4,2,5,2,4,246,510246,710246
"DGMM",NA,0.652522040081911,0.096,0.241366738021934,0.532,-34230.9498997122,70271.7316825176,27,3.01999999999998,TRUE,"","r1 under",4,2,5,2,4,247,510247,710247
"RDMM",3.89841807796879,0.917681678184394,0.021,0.735611995853419,0.109,-31334.0567631328,64471.03765408,181,7,TRUE,"","r1 under",4,2,5,2,4,247,510247,710247
"DGMM",NA,0.282320030232049,0.234,0.137069341782366,0.571,-33585.7797495129,68981.3913821191,44,4.93000000000001,TRUE,"","r1 under",4,2,5,2,4,248,510248,710248
"RDMM",3.81163456050803,0.929225220431267,0.018,0.73252885536744,0.111,-31152.7188147857,64108.3617573858,100,3.59000000000003,TRUE,"","r1 under",4,2,5,2,4,248,510248,710248
"DGMM",NA,0.781238893047603,0.058,0.348617915620568,0.497,-34025.0576886701,69859.9472604336,17,1.5,TRUE,"","r1 under",4,2,5,2,4,249,510249,710249
"RDMM",4.25128582990796,0.944728692638263,0.014,0.73985974274929,0.107,-31508.2301715894,64819.3844709931,162,4.30000000000001,TRUE,"","r1 under",4,2,5,2,4,249,510249,710249
"DGMM",NA,-0.00087123929510365,0.495,-0.000705124832351697,0.734,-31998.3111421066,65806.4541673065,51,3.88999999999999,TRUE,"","r1 under",4,2,5,2,4,250,510250,710250
"RDMM",3.89800956037151,0.948624617552743,0.013,0.747774185039726,0.104,-30658.3164768875,63119.5570815894,111,2.66000000000003,TRUE,"","r1 under",4,2,5,2,4,250,510250,710250
"DGMM",NA,0.78123857335178,0.058,0.349524930923627,0.424,-34082.3991807276,69974.6302445484,15,0.87,TRUE,"","r1 under",4,2,5,2,4,251,510251,710251
"RDMM",3.71104200546217,0.91768165020608,0.021,0.711272177694564,0.12,-31182.3496023756,64167.6233325654,131,3.97,TRUE,"","r1 under",4,2,5,2,4,251,510251,710251
"DGMM",NA,-0.00103086304974478,0.5,-0.00127073956466145,0.736,-32866.1861599044,67542.2042029021,53,6.16,TRUE,"","r1 under",4,2,5,2,4,252,510252,710252
"RDMM",3.59903261236089,0.940840840618905,0.015,0.740914801890631,0.107,-31577.7070321098,64958.338192034,181,7.56,TRUE,"","r1 under",4,2,5,2,4,252,510252,710252
"DGMM",NA,0.432462237680534,0.171,0.17223376598724,0.561,-34047.2841533277,69904.4001897486,22,2.5,TRUE,"","r1 under",4,2,5,2,4,253,510253,710253
"RDMM",3.76314452330622,0.906210119978046,0.024,0.713660132065713,0.119,-31621.1432545158,65045.2106368459,115,4.43,TRUE,"","r1 under",4,2,5,2,4,253,510253,710253
"DGMM",NA,0.910025959219556,0.023,0.594078988323982,0.185,-33642.1629845217,69094.1578521366,14,1.61,TRUE,"","r1 under",4,2,5,2,4,254,510254,710254
"RDMM",4.08970990850576,0.92536931929657,0.019,0.703384667231475,0.125,-30844.6526634459,63492.2294547061,100,4.01,TRUE,"","r1 under",4,2,5,2,4,254,510254,710254
"DGMM",NA,0.427089159482689,0.173,0.189719047286954,0.545,-33057.1996330764,67924.231149246,25,2.82,TRUE,"","r1 under",4,2,5,2,4,255,510255,710255
"RDMM",4.23294056572454,0.925369367366459,0.019,0.776279014746708,0.091,-30978.684577383,63760.2932825804,139,5.48,TRUE,"","r1 under",4,2,5,2,4,255,510255,710255
"DGMM",NA,-0.000621268050072955,0.497,-0.000449171339032094,0.737,-32593.3758246915,66996.5835324763,37,4.14,TRUE,"","r1 under",4,2,5,2,4,256,510256,710256
"RDMM",3.77051110431425,0.933089026585989,0.017,0.77084697567652,0.093,-31257.0947373851,64317.1136025845,100,3.91,TRUE,"","r1 under",4,2,5,2,4,256,510256,710256
"DGMM",NA,0.630068410057025,0.103,0.282382933671524,0.419,-33653.9389403886,69117.7097638704,14,1.67,TRUE,"","r1 under",4,2,5,2,4,257,510257,710257
"RDMM",3.86321006731608,0.933089079299455,0.017,0.744076257131752,0.106,-30874.5378971801,63551.9999221746,143,5.52999999999999,TRUE,"","r1 under",4,2,5,2,4,257,510257,710257
"DGMM",NA,0.261211067879236,0.244,0.176253391019248,0.568,-34032.4360519601,69874.7039870134,17,1.95,TRUE,"","r1 under",4,2,5,2,4,258,510258,710258
"RDMM",3.97730219029988,0.921521235306765,0.02,0.743862838071939,0.106,-31176.7389280179,64156.40198385,117,4.53,TRUE,"","r1 under",4,2,5,2,4,258,510258,710258
"DGMM",NA,0.835231645033828,0.043,0.344422611770484,0.475,-34412.0652817272,70633.9624465477,19,2.14000000000001,TRUE,"","r1 under",4,2,5,2,4,259,510259,710259
"RDMM",3.6910448845922,0.933089028594122,0.017,0.775140005533124,0.091,-31378.3059240872,64559.5359759887,164,6.39,TRUE,"","r1 under",4,2,5,2,4,259,510259,710259
"DGMM",NA,0.553095359002668,0.128,0.228928747534863,0.486,-34854.2998027109,71518.4314885152,10,1.22,TRUE,"","r1 under",4,2,5,2,4,260,510260,710260
"RDMM",3.73986662149368,0.925369333295424,0.019,0.743910537351284,0.105,-31606.7713187857,65016.4667653856,184,7.09,TRUE,"","r1 under",4,2,5,2,4,260,510260,710260
"DGMM",NA,0.806210070942576,0.051,0.338538027663327,0.461,-34697.8480124697,71205.5279080327,17,1.93000000000001,TRUE,"","r1 under",4,2,5,2,4,261,510261,710261
"RDMM",3.44530652926681,0.944728677262428,0.014,0.760873772307686,0.099,-31410.3448002374,64623.613728289,115,4.5,TRUE,"","r1 under",4,2,5,2,4,261,510261,710261
"DGMM",NA,0.378864678368009,0.192,0.150864477188854,0.555,-33572.7121067631,68955.2560966195,31,3.47,TRUE,"","r1 under",4,2,5,2,4,262,510262,710262
"RDMM",4.07206957154101,0.933089095518966,0.017,0.508837294636216,0.305,-31262.5690128329,64328.0621534802,131,5.33,TRUE,"","r1 under",4,2,5,2,4,262,510262,710262
"DGMM",NA,0.414177334511089,0.178,0.173825218646086,0.561,-33904.1611895127,69618.1542621186,21,2.33999999999999,TRUE,"","r1 under",4,2,5,2,4,263,510263,710263
"RDMM",3.67997024777056,0.89860265877708,0.026,0.573362176615902,0.23,-31288.6560021402,64380.2361320947,113,4.43000000000001,TRUE,"","r1 under",4,2,5,2,4,263,510263,710263
"DGMM",NA,0.000154190690262096,0.485,-0.0005646391245791,0.737,-32434.8517766303,66679.5354363539,29,3.28999999999999,TRUE,"","r1 under",4,2,5,2,4,264,510264,710264
"RDMM",3.75431166388095,0.952528489999586,0.012,0.561044315973004,0.225,-31138.3530348196,64079.6301974536,119,4.66,TRUE,"","r1 under",4,2,5,2,4,264,510264,710264
"DGMM",NA,0.492303961224983,0.149,0.195717759329422,0.522,-33147.3012719248,68104.4344269429,20,2.25,TRUE,"","r1 under",4,2,5,2,4,265,510265,710265
"RDMM",3.85426043866551,0.91768168959215,0.021,0.743643893112966,0.106,-30812.2939336548,63427.511995124,100,3.94,TRUE,"","r1 under",4,2,5,2,4,265,510265,710265
"DGMM",NA,0.352249779031757,0.203,0.142844888390898,0.554,-33787.7080096111,69385.2479023155,17,1.97,TRUE,"","r1 under",4,2,5,2,4,266,510266,710266
"RDMM",3.92608369147283,0.894810768060601,0.027,0.742848068465242,0.106,-30928.0110540402,63658.9462358947,100,3.86,TRUE,"","r1 under",4,2,5,2,4,266,510266,710266
"DGMM",NA,0.497910125793726,0.147,0.192491087257716,0.51,-34096.241325268,70002.3145336292,26,2.91999999999999,TRUE,"","r1 under",4,2,5,2,4,267,510267,710267
"RDMM",3.88477188330214,0.910026034672173,0.023,0.611459736495632,0.175,-31378.9854018337,64560.8949314817,100,3.94000000000001,TRUE,"","r1 under",4,2,5,2,4,267,510267,710267
"DGMM",NA,0.883483459879451,0.03,0.3149318719406,0.477,-34698.763997628,71207.3598783493,19,2.28,TRUE,"","r1 under",4,2,5,2,4,268,510268,710268
"RDMM",3.69070540478211,0.933089084397016,0.017,0.759404486168873,0.098,-31371.4163978119,64545.7569234381,100,3.83000000000001,TRUE,"","r1 under",4,2,5,2,4,268,510268,710268
"DGMM",NA,0.857333476729342,0.037,0.338933002208853,0.403,-33570.181994257,68950.1958716073,15,1.78,TRUE,"","r1 under",4,2,5,2,4,269,510269,710269
"RDMM",4.19270394762281,0.940840318895059,0.015,0.759624512977844,0.098,-30586.1985631872,62975.3212541887,115,4.59,TRUE,"","r1 under",4,2,5,2,4,269,510269,710269
"DGMM",NA,0.646056477846092,0.098,0.27668692718037,0.473,-35009.7046655203,71829.2412141338,12,1.36000000000001,TRUE,"","r1 under",4,2,5,2,4,270,510270,710270
"RDMM",3.98061862408603,0.90239901233192,0.025,0.509945279797655,0.248,-31503.6182385161,64810.1606048465,100,3.86000000000001,TRUE,"","r1 under",4,2,5,2,4,270,510270,710270
"DGMM",NA,0.265685440745232,0.242,0.153004894601517,0.57,-34025.5127401104,69860.8573633142,15,1.73000000000002,TRUE,"","r1 under",4,2,5,2,4,271,510271,710271
"RDMM",3.8529128423924,0.94084078557884,0.015,0.758150531264997,0.099,-31171.2191827669,64145.3624933482,103,4.03,TRUE,"","r1 under",4,2,5,2,4,271,510271,710271
"DGMM",NA,0.290972888455695,0.23,0.109610187203773,0.586,-33573.6032458836,68957.0383748606,54,6.20000000000002,TRUE,"","r1 under",4,2,5,2,4,272,510272,710272
"RDMM",4.11639220959968,0.936960944142815,0.016,0.772090936113468,0.093,-31129.3598637349,64061.6438552841,100,3.94,TRUE,"","r1 under",4,2,5,2,4,272,510272,710272
"DGMM",NA,0.136668961002227,0.314,0.0558422895041957,0.638,-33998.7797194381,69807.3913219694,31,3.5,TRUE,"","r1 under",4,2,5,2,4,273,510273,710273
"RDMM",4.00509441210907,0.933088814701477,0.017,0.73335449721297,0.11,-31280.9804025192,64364.8849328526,146,5.63999999999999,TRUE,"","r1 under",4,2,5,2,4,273,510273,710273
"DGMM",NA,0.902402376406646,0.025,0.393589592167669,0.392,-33879.1431493694,69568.1181818321,25,2.84,TRUE,"","r1 under",4,2,5,2,4,274,510274,710274
"RDMM",3.67690789552067,0.921521512149407,0.02,0.726317773758874,0.114,-30757.0327795388,63316.989686892,105,4.12,TRUE,"","r1 under",4,2,5,2,4,274,510274,710274
"DGMM",NA,0.312710340959604,0.22,0.123996254355674,0.55,-33831.6760838542,69473.1840508018,37,4.19,TRUE,"","r1 under",4,2,5,2,4,275,510275,710275
"RDMM",3.82156412938613,0.925369182533474,0.019,0.761730267576704,0.097,-31088.3613327955,63979.6467934053,103,4.04999999999998,TRUE,"","r1 under",4,2,5,2,4,275,510275,710275
"DGMM",NA,0.872228343748029,0.033,0.359397436345187,0.505,-33731.509709329,69272.8513017512,17,1.94,TRUE,"","r1 under",4,2,5,2,4,276,510276,710276
"RDMM",4.08269732461438,0.925369297281268,0.019,0.778016954211651,0.09,-30996.5628577058,63796.0498432259,108,4.31,TRUE,"","r1 under",4,2,5,2,4,276,510276,710276
"DGMM",NA,0.857333412256754,0.037,0.339782712591057,0.442,-34487.7353298603,70785.3025428138,17,1.88999999999999,TRUE,"","r1 under",4,2,5,2,4,277,510277,710277
"RDMM",3.90404856499907,0.910026013641002,0.023,0.733066543384583,0.11,-31348.8461461838,64500.616420182,103,3.97,TRUE,"","r1 under",4,2,5,2,4,277,510277,710277
"DGMM",NA,-0.000473459771583236,0.494,0.000102548480656545,0.734,-32325.1433612839,66460.1186056611,39,4.48000000000002,TRUE,"","r1 under",4,2,5,2,4,278,510278,710278
"RDMM",3.69977253571,0.929225158847284,0.018,0.770693938669984,0.093,-31000.4435873688,63803.8113025519,100,3.86000000000001,TRUE,"","r1 under",4,2,5,2,4,278,510278,710278
"DGMM",NA,0.000516669915608068,0.482,-0.000937404918124404,0.721,-32437.8160212257,66685.4639255447,25,2.83000000000001,TRUE,"","r1 under",4,2,5,2,4,279,510279,710279
"RDMM",3.99520357995135,0.875971872399606,0.032,0.724869641215877,0.113,-31141.1268741356,64085.1778760854,112,4.60999999999999,TRUE,"","r1 under",4,2,5,2,4,279,510279,710279
"DGMM",NA,0.872228114846797,0.033,0.362055506645848,0.46,-34760.086406528,71330.0046961493,17,1.92000000000002,TRUE,"","r1 under",4,2,5,2,4,280,510280,710280
"RDMM",3.84854779586631,0.929225182079578,0.018,0.786162096998212,0.087,-31304.9332047441,64412.7905373026,100,3.91999999999999,TRUE,"","r1 under",4,2,5,2,4,280,510280,710280
"DGMM",NA,0.902402320021437,0.025,0.382185020768504,0.438,-33470.5102569425,68750.8523969783,12,1.41,TRUE,"","r1 under",4,2,5,2,4,281,510281,710281
"RDMM",4.0468480428084,0.948624579035419,0.013,0.747501755856313,0.104,-30599.1148746647,63001.1538771438,165,6.44,TRUE,"","r1 under",4,2,5,2,4,281,510281,710281
"DGMM",NA,0.84993381497337,0.039,0.354976765864032,0.484,-33662.2070865952,69134.2460562838,14,1.59,TRUE,"","r1 under",4,2,5,2,4,282,510282,710282
"RDMM",3.87574159396413,0.910026027765641,0.023,0.724972290907561,0.114,-30545.0915990522,62893.1073259187,243,9.34,TRUE,"","r1 under",4,2,5,2,4,282,510282,710282
"DGMM",NA,0.831576188786144,0.044,0.346615961679509,0.466,-33770.7412915046,69351.3144661026,18,2.06,TRUE,"","r1 under",4,2,5,2,4,283,510283,710283
"RDMM",3.9493716134273,0.883483431366305,0.03,0.718934668366221,0.116,-31086.2804084924,63975.4849447991,235,9.07999999999998,TRUE,"","r1 under",4,2,5,2,4,283,510283,710283
"DGMM",NA,0.887250310184988,0.029,0.526809786464665,0.222,-34022.5613934733,69854.9546700399,13,1.5,TRUE,"","r1 under",4,2,5,2,4,284,510284,710284
"RDMM",4.00686825345626,0.929225038131021,0.018,0.739526404235542,0.107,-31301.3694316813,64405.6629911769,100,3.92000000000002,TRUE,"","r1 under",4,2,5,2,4,284,510284,710284
"DGMM",NA,0.369130140783658,0.196,0.158315204220078,0.535,-33251.801432938,68313.4347489694,24,2.69,TRUE,"","r1 under",4,2,5,2,4,285,510285,710285
"RDMM",3.95698069337476,0.940840782744888,0.015,0.521464859406682,0.308,-31163.748448609,64130.4210250324,100,3.96000000000004,TRUE,"","r1 under",4,2,5,2,4,285,510285,710285
"DGMM",NA,0.7290489324277,0.073,0.341592401575132,0.366,-33501.0630289365,68811.9579409663,16,1.95999999999998,TRUE,"","r1 under",4,2,5,2,4,286,510286,710286
"RDMM",4.33774471822648,0.944728673788864,0.014,0.761217720616618,0.098,-31073.6531981456,63950.2305241056,122,4.75999999999999,TRUE,"","r1 under",4,2,5,2,4,286,510286,710286
"DGMM",NA,0.742787142847374,0.069,0.431536037762518,0.278,-34412.7852432366,70635.4023695664,6,0.769999999999982,TRUE,"","r1 under",4,2,5,2,4,287,510287,710287
"RDMM",3.9982411125745,0.952528534693154,0.012,0.751909989755037,0.102,-31131.6747257618,64066.273579338,107,4.23000000000002,TRUE,"","r1 under",4,2,5,2,4,287,510287,710287
"DGMM",NA,0.887251240676829,0.029,0.681533969656796,0.135,-33687.8954695714,69185.6228222361,14,1.70000000000005,TRUE,"","r1 under",4,2,5,2,4,288,510288,710288
"RDMM",4.10489844688684,0.917681676732689,0.021,0.752666398658741,0.102,-30650.373126256,63103.6703803263,100,3.90999999999997,TRUE,"","r1 under",4,2,5,2,4,288,510288,710288
"DGMM",NA,0.864764749661794,0.035,0.363819404191015,0.39,-33745.2611405305,69300.3541641543,13,1.54000000000002,TRUE,"","r1 under",4,2,5,2,4,289,510289,710289
"RDMM",3.91951196423765,0.936960957701631,0.016,0.77894819084221,0.09,-30925.6600748982,63654.2442776108,110,4.23000000000002,TRUE,"","r1 under",4,2,5,2,4,289,510289,710289
"DGMM",NA,0.383869178007736,0.19,0.159370997101477,0.533,-33291.6541222373,68393.140127568,25,2.83999999999997,TRUE,"","r1 under",4,2,5,2,4,290,510290,710290
"RDMM",4.13802766233723,0.913849766967539,0.022,0.725211116838713,0.114,-31014.8307778753,63832.5856835649,100,4,TRUE,"","r1 under",4,2,5,2,4,290,510290,710290
"DGMM",NA,0.393678038415647,0.186,0.229682400764749,0.397,-33743.9104357705,69297.6527546343,15,1.73000000000002,TRUE,"","r1 under",4,2,5,2,4,291,510291,710291
"RDMM",3.80055646648524,0.91768157430029,0.021,0.737404789945939,0.108,-30846.2577221512,63495.4395721167,121,4.74000000000001,TRUE,"","r1 under",4,2,5,2,4,291,510291,710291
"DGMM",NA,0.442899795034594,0.167,0.19260194074534,0.526,-32878.017867292,67565.8676176773,30,3.31999999999999,TRUE,"","r1 under",4,2,5,2,4,292,510292,710292
"RDMM",3.87091958004897,0.929225038131021,0.018,0.732624015163499,0.112,-30467.9814118695,62738.8869515534,300,11.42,TRUE,"","r1 under",4,2,5,2,4,292,510292,710292
"DGMM",NA,0.424527394504963,0.174,0.177168390891422,0.522,-33443.1240869965,68696.0800570864,17,1.14,TRUE,"","r1 under",4,2,5,2,4,293,510293,710293
"RDMM",3.88505360130872,0.933089088838073,0.017,0.77248380297501,0.092,-31029.7682642688,63862.460656352,110,2.97,TRUE,"","r1 under",4,2,5,2,4,293,510293,710293
"DGMM",NA,0.478329304694481,0.154,0.195858798403494,0.554,-33809.9403929756,69429.7126690445,11,1.36,TRUE,"","r1 under",4,2,5,2,4,294,510294,710294
"RDMM",4.2802047789235,0.913849842286599,0.022,0.740243316814878,0.106,-30639.7013693618,63082.3268665379,103,4.1,TRUE,"","r1 under",4,2,5,2,4,294,510294,710294
"DGMM",NA,0.000278753736147445,0.481,-8.0480664722085e-05,0.734,-32667.5176276584,67144.8671384102,25,3.28,TRUE,"","r1 under",4,2,5,2,4,295,510295,710295
"RDMM",3.98505181579977,0.902402421413375,0.025,0.739139949920389,0.107,-31445.6896523533,64694.3034325209,150,5.82,TRUE,"","r1 under",4,2,5,2,4,295,510295,710295
"DGMM",NA,0.820656978930351,0.047,0.31069185873961,0.519,-34556.5570564657,70922.9459960248,13,1.51,TRUE,"","r1 under",4,2,5,2,4,296,510296,710296
"RDMM",3.70098360400835,0.925369299655092,0.019,0.750073010369909,0.102,-31399.013474779,64600.9510773724,173,6.66,TRUE,"","r1 under",4,2,5,2,4,296,510296,710296
"DGMM",NA,0.478387076616268,0.154,0.206503865167002,0.538,-33135.1427099706,68080.1173030345,19,2.15,TRUE,"","r1 under",4,2,5,2,4,297,510297,710297
"RDMM",3.8462276764495,0.929225182079578,0.018,0.753715489427062,0.101,-30634.5927101985,63072.1095482114,101,4.08,TRUE,"","r1 under",4,2,5,2,4,297,510297,710297
"DGMM",NA,0.50359593295679,0.145,0.223729377197552,0.551,-33093.652702487,67997.1372880674,25,2.77,TRUE,"","r1 under",4,2,5,2,4,298,510298,710298
"RDMM",4.29623745334853,0.929225226331523,0.018,0.763632928796462,0.096,-30793.5511469672,63390.0264217488,100,3.91999999999999,TRUE,"","r1 under",4,2,5,2,4,298,510298,710298
"DGMM",NA,0.312944778981283,0.22,0.12056242435275,0.573,-33891.1660554319,69592.1639939572,24,2.75,TRUE,"","r1 under",4,2,5,2,4,299,510299,710299
"RDMM",3.88235912946127,0.89860262314378,0.026,0.724515474905673,0.113,-31525.1399227229,64853.2039732602,117,4.45,TRUE,"","r1 under",4,2,5,2,4,299,510299,710299
"DGMM",NA,0.257422372147975,0.246,0.0947408818771092,0.584,-34069.6878252806,69949.2075336546,28,3.19,TRUE,"","r1 under",4,2,5,2,4,300,510300,710300
"RDMM",3.62844433423009,0.933089063350261,0.017,0.76232915798817,0.097,-31746.5477993412,65296.0197264967,145,5.63,TRUE,"","r1 under",4,2,5,2,4,300,510300,710300
"DGMM",NA,0.842565296151179,0.041,0.304483440865624,0.489,-34635.1546522718,71080.1411876369,14,1.61,TRUE,"","r1 under",4,2,5,2,4,301,510301,710301
"RDMM",3.85123399124677,0.902402332470125,0.025,0.702223282074392,0.125,-31383.604099406,64570.1323266264,109,4.23,TRUE,"","r1 under",4,2,5,2,4,301,510301,710301
"DGMM",NA,0.698594567413771,0.082,0.282344665928033,0.522,-33932.9142438061,69675.6603707055,14,1.59,TRUE,"","r1 under",4,2,5,2,4,302,510302,710302
"RDMM",3.70605213112203,0.92152147367955,0.02,0.711741667357124,0.12,-30940.3710651368,63683.666258088,115,4.41,TRUE,"","r1 under",4,2,5,2,4,302,510302,710302
"DGMM",NA,0.000402331503161468,0.48,2.61059870629398e-05,0.731,-32623.146544937,67056.1249729672,54,6.11,TRUE,"","r1 under",4,2,5,2,4,303,510303,710303
"RDMM",3.95673787680596,0.936960924091603,0.016,0.724228380543072,0.115,-31366.2883435727,64535.5008149598,101,3.94,TRUE,"","r1 under",4,2,5,2,4,303,510303,710303
"DGMM",NA,0.76364004377213,0.063,0.457307172426323,0.288,-34364.0058395966,70537.8435622865,16,1.84,TRUE,"","r1 under",4,2,5,2,4,304,510304,710304
"RDMM",3.89787514899361,0.898602542617634,0.026,0.704531406898529,0.123,-31230.860036088,64264.6441999903,105,4.05,TRUE,"","r1 under",4,2,5,2,4,304,510304,710304
"DGMM",NA,0.809809848338713,0.05,0.348597944433972,0.484,-33659.3863229652,69128.6045290237,20,2.27,TRUE,"","r1 under",4,2,5,2,4,305,510305,710305
"RDMM",4.14910251403438,0.891027004951173,0.028,0.729350339497191,0.111,-31101.9901827297,64006.9044932738,108,4.19999999999999,TRUE,"","r1 under",4,2,5,2,4,305,510305,710305
"DGMM",NA,0.43509458541587,0.17,0.17300584525481,0.563,-33402.0654184713,68613.962720036,32,3.7,TRUE,"","r1 under",4,2,5,2,4,306,510306,710306
"RDMM",3.90635553360926,0.902402345813814,0.025,0.734141045074591,0.11,-30992.4278749992,63787.7798778127,100,3.89,TRUE,"","r1 under",4,2,5,2,4,306,510306,710306
"DGMM",NA,0.359397564018476,0.2,0.147145780053046,0.573,-32779.5047188607,67368.8413208147,19,2.14,TRUE,"","r1 under",4,2,5,2,4,307,510307,710307
"RDMM",3.97103713246443,0.925369393593333,0.019,0.74822310669681,0.103,-30515.3092322135,62833.5425922414,114,4.52,TRUE,"","r1 under",4,2,5,2,4,307,510307,710307
"DGMM",NA,0.868492412323017,0.034,0.392276794451953,0.426,-33266.3893478352,68342.6105787638,24,2.75,TRUE,"","r1 under",4,2,5,2,4,308,510308,710308
"RDMM",4.09791358443297,0.9408407951733,0.015,0.790216361955923,0.085,-30711.1810128594,63225.286153533,126,4.93000000000001,TRUE,"","r1 under",4,2,5,2,4,308,510308,710308
"DGMM",NA,0.235376249936052,0.257,0.094174477450778,0.586,-33948.910598273,69707.6530796393,24,2.69,TRUE,"","r1 under",4,2,5,2,4,309,510309,710309
"RDMM",3.88244944870074,0.925369383447172,0.019,0.76829792361387,0.094,-31252.3291659369,64307.5824596881,110,4.22,TRUE,"","r1 under",4,2,5,2,4,309,510309,710309
"DGMM",NA,0.760145625987016,0.064,0.330635951278278,0.457,-33693.1628868449,69196.1576567832,10,1.22,TRUE,"","r1 under",4,2,5,2,4,310,510310,710310
"RDMM",4.13310242956781,0.952528484325076,0.012,0.778698888110077,0.09,-30687.1458709039,63177.2158696221,212,8.04999999999998,TRUE,"","r1 under",4,2,5,2,4,310,510310,710310
"DGMM",NA,0.414222102207927,0.178,0.174310114581775,0.564,-33654.2695485958,69118.3709802849,23,2.59,TRUE,"","r1 under",4,2,5,2,4,311,510311,710311
"RDMM",3.74727264616031,0.921521448445639,0.02,0.754976057248319,0.101,-31521.3356919416,64845.5955116975,100,4.00999999999999,TRUE,"","r1 under",4,2,5,2,4,311,510311,710311
"DGMM",NA,0.00055783428520385,0.481,0.00806703750532263,0.692,-32784.0420650024,67377.9160130981,33,3.74000000000001,TRUE,"","r1 under",4,2,5,2,4,312,510312,710312
"RDMM",3.57739433667886,0.887251216990116,0.029,0.756049792358859,0.1,-31517.5897196187,64838.1035670518,108,4.20999999999998,TRUE,"","r1 under",4,2,5,2,4,312,510312,710312
"DGMM",NA,0.88725116753431,0.029,0.361109624354793,0.503,-33873.9020556163,69557.6359943259,14,1.71000000000001,TRUE,"","r1 under",4,2,5,2,4,313,510313,710313
"RDMM",4.07118065704507,0.917681622523367,0.021,0.753493993463692,0.101,-31050.3556031413,63903.635334097,135,5.16999999999999,TRUE,"","r1 under",4,2,5,2,4,313,510313,710313
"DGMM",NA,0.8684924704625,0.034,0.377243150926868,0.41,-33676.6755752211,69163.1830335354,16,2.01999999999998,TRUE,"","r1 under",4,2,5,2,4,314,510314,710314
"RDMM",4.00704783491999,0.925369340660973,0.019,0.523818807673523,0.296,-31036.3400777104,63875.6042832351,151,5.89000000000001,TRUE,"","r1 under",4,2,5,2,4,314,510314,710314
"DGMM",NA,0.000684659558382823,0.48,0.000259225339323974,0.73,-32547.7346497837,66905.3011826607,24,2.69999999999999,TRUE,"","r1 under",4,2,5,2,4,315,510315,710315
"RDMM",3.66518634612179,0.894810790321069,0.027,0.721446537061691,0.115,-31197.7078815807,64198.3398909758,118,4.59999999999999,TRUE,"","r1 under",4,2,5,2,4,315,510315,710315
"DGMM",NA,0.917681620559604,0.021,0.669801809529872,0.141,-33774.6225752942,69359.0770336818,14,1.59,TRUE,"","r1 under",4,2,5,2,4,316,510316,710316
"RDMM",3.98390770212785,0.960360332700638,0.01,0.767950621760758,0.095,-30867.5872990995,63538.0987260133,100,3.85000000000002,TRUE,"","r1 under",4,2,5,2,4,316,510316,710316
"DGMM",NA,0.898602593458557,0.026,0.371311758831706,0.415,-33497.7145612748,68805.2610056429,17,1.94,TRUE,"","r1 under",4,2,5,2,4,317,510317,710317
"RDMM",4.11551202863592,0.936960942541952,0.016,0.771430069773111,0.093,-30855.0495545253,63513.0232368649,130,5.02000000000001,TRUE,"","r1 under",4,2,5,2,4,317,510317,710317
"DGMM",NA,0.333528181172314,0.211,0.130217773034227,0.601,-33447.5814319233,68704.99474694,23,2.58999999999997,TRUE,"","r1 under",4,2,5,2,4,318,510318,710318
"RDMM",4.06647215678924,0.948624575793517,0.013,0.622177649103798,0.176,-31208.9372384581,64220.7986047306,109,4.34,TRUE,"","r1 under",4,2,5,2,4,318,510318,710318
"DGMM",NA,-0.000771563146122691,0.497,-0.000655329488511433,0.736,-32205.7389017072,66221.3096865076,32,3.55000000000001,TRUE,"","r1 under",4,2,5,2,4,319,510319,710319
"RDMM",3.98521812507715,0.88725115120087,0.029,0.749545580366896,0.102,-31002.5983758589,63808.1208795322,100,3.85999999999999,TRUE,"","r1 under",4,2,5,2,4,319,510319,710319
"DGMM",NA,0.875972312689358,0.032,0.405773839370832,0.41,-33728.36418349,69266.5602500733,24,2.69,TRUE,"","r1 under",4,2,5,2,4,320,510320,710320
"RDMM",4.07679899823272,0.944728680679281,0.014,0.749934470678214,0.103,-30783.1224942527,63369.1691163197,138,5.39000000000001,TRUE,"","r1 under",4,2,5,2,4,320,510320,710320
"DGMM",NA,0.853628973991342,0.038,0.362023507684699,0.452,-33331.1558889883,68472.1436610699,14,1.66,TRUE,"","r1 under",4,2,5,2,4,321,510321,710321
"RDMM",3.92109247845331,0.933089079299455,0.017,0.731371130567854,0.112,-30376.2093486566,62555.3428251276,100,3.98000000000002,TRUE,"","r1 under",4,2,5,2,4,321,510321,710321
"DGMM",NA,0.701946719789443,0.081,0.268025671995471,0.466,-34335.5776071061,70480.9870973056,13,1.48000000000002,TRUE,"","r1 under",4,2,5,2,4,322,510322,710322
"RDMM",3.8207339597368,0.917681684461036,0.021,0.736644762058662,0.108,-31288.6308872252,64380.1859022648,158,6.22,TRUE,"","r1 under",4,2,5,2,4,322,510322,710322
"DGMM",NA,0.303902104857285,0.224,0.260349302259531,0.422,-33299.9567278459,68409.7453387852,35,3.98999999999998,TRUE,"","r1 under",4,2,5,2,4,323,510323,710323
"RDMM",3.98608799592669,0.925369291255773,0.019,0.788264540842032,0.086,-30827.96441464,63458.8529570943,108,4.12,TRUE,"","r1 under",4,2,5,2,4,323,510323,710323
"DGMM",NA,0.820656729543989,0.047,0.285319810894259,0.49,-34412.2233893849,70634.2786618632,27,3.10999999999999,TRUE,"","r1 under",4,2,5,2,4,324,510324,710324
"RDMM",3.9302134873242,0.89860258034965,0.026,0.739074446623679,0.107,-31437.3327379904,64677.5896037951,220,8.44000000000003,TRUE,"","r1 under",4,2,5,2,4,324,510324,710324
"DGMM",NA,0.891027136698604,0.028,0.393976587382825,0.438,-34265.9705215258,70341.7729261449,17,1.94999999999999,TRUE,"","r1 under",4,2,5,2,4,325,510325,710325
"RDMM",3.98656133829821,0.921521451032443,0.02,0.76580015830967,0.095,-31136.9111819109,64076.7464916361,249,9.47999999999999,TRUE,"","r1 under",4,2,5,2,4,325,510325,710325
"DGMM",NA,0.802618771697694,0.052,0.320467723344907,0.469,-34397.3699429028,70604.5717688988,12,1.44,TRUE,"","r1 under",4,2,5,2,4,326,510326,710326
"RDMM",3.69568760949923,0.921521527851378,0.02,0.763165898648839,0.097,-30969.8342646285,63742.5926570714,236,8.95000000000002,TRUE,"","r1 under",4,2,5,2,4,326,510326,710326
"DGMM",NA,0.492334765407846,0.149,0.205664703558511,0.528,-33703.1583000824,69216.1484832581,33,3.69000000000003,TRUE,"","r1 under",4,2,5,2,4,327,510327,710327
"RDMM",3.91752102133042,0.933089038634788,0.017,0.752754828364776,0.102,-31242.9965127689,64288.9171533522,137,5.32999999999998,TRUE,"","r1 under",4,2,5,2,4,327,510327,710327
"DGMM",NA,0.872228284162993,0.033,0.379979013804922,0.45,-33500.9079732444,68811.647829582,18,2.08999999999997,TRUE,"","r1 under",4,2,5,2,4,328,510328,710328
"RDMM",4.19310981260286,0.933089025491814,0.017,0.736847818648318,0.108,-31005.2640332996,63813.4521944136,100,3.84000000000003,TRUE,"","r1 under",4,2,5,2,4,328,510328,710328
"DGMM",NA,0.347552842154699,0.205,0.159302913352422,0.6,-33799.2982102118,69408.428303517,39,4.53000000000003,TRUE,"","r1 under",4,2,5,2,4,329,510329,710329
"RDMM",3.88986488526698,0.936960898806238,0.016,0.736433826627419,0.109,-30943.2113702762,63689.3468683668,143,5.48000000000002,TRUE,"","r1 under",4,2,5,2,4,329,510329,710329
"DGMM",NA,0.34514024920126,0.206,0.136443333835581,0.576,-33869.7719996047,69549.3758823027,29,3.31,TRUE,"","r1 under",4,2,5,2,4,330,510330,710330
"RDMM",3.91964797464518,0.921521500584297,0.02,0.71841040917268,0.117,-30945.3785208752,63693.6811695647,208,7.94,TRUE,"","r1 under",4,2,5,2,4,330,510330,710330
"DGMM",NA,0.33353236654105,0.211,0.145956212268208,0.547,-33997.8985538859,69805.6289908652,29,3.36000000000001,TRUE,"","r1 under",4,2,5,2,4,331,510331,710331
"RDMM",3.9820408957629,0.944728697626191,0.014,0.763398957611383,0.097,-31408.1688364518,64619.261800718,201,7.58999999999997,TRUE,"","r1 under",4,2,5,2,4,331,510331,710331
"DGMM",NA,0.248775958452338,0.25,0.108240091006123,0.576,-33355.7119027368,68521.2556885668,39,4.43000000000001,TRUE,"","r1 under",4,2,5,2,4,332,510332,710332
"RDMM",4.16413696811701,0.936960249538761,0.016,0.797039659799746,0.081,-31172.6493119547,64148.2227517238,300,10.32,TRUE,"","r1 under",4,2,5,2,4,332,510332,710332
"DGMM",NA,-0.000861663491182458,0.494,0.00237870468142063,0.727,-32741.5967785268,67293.025440147,35,2.75,TRUE,"","r1 under",4,2,5,2,4,333,510333,710333
"RDMM",3.71977378200905,0.906210211166527,0.024,0.710051979234967,0.121,-31398.2379343669,64599.3999965481,100,2.58999999999997,TRUE,"","r1 under",4,2,5,2,4,333,510333,710333
"DGMM",NA,-0.000338969731603311,0.491,2.13360522180796e-05,0.724,-31999.4718615121,65808.7756061175,38,1.8,TRUE,"","r1 under",4,2,5,2,4,334,510334,710334
"RDMM",4.16604968825628,0.952528488462993,0.012,0.774363771841774,0.092,-30844.6515904542,63492.2273087228,201,7.58,TRUE,"","r1 under",4,2,5,2,4,334,510334,710334
"DGMM",NA,0.475506757203573,0.155,0.16996660387689,0.558,-34535.7884879687,70881.4088590307,29,3.74,TRUE,"","r1 under",4,2,5,2,4,335,510335,710335
"RDMM",3.71415776499629,0.913849881062749,0.022,0.49759571955554,0.311,-31610.2942058037,65023.5125394216,103,4.13,TRUE,"","r1 under",4,2,5,2,4,335,510335,710335
"DGMM",NA,0.883483728870708,0.03,0.635008561196798,0.158,-33660.4166306995,69130.6651444923,15,1.72,TRUE,"","r1 under",4,2,5,2,4,336,510336,710336
"RDMM",4.19700496640821,0.948624583898271,0.013,0.758889135989327,0.099,-31180.3399294643,64163.6039867429,100,3.89,TRUE,"","r1 under",4,2,5,2,4,336,510336,710336
"DGMM",NA,0.842566868812636,0.041,0.303309988784071,0.497,-34223.977189488,70257.7862620692,14,1.61,TRUE,"","r1 under",4,2,5,2,4,337,510337,710337
"RDMM",4.10789863421648,0.917681586858883,0.021,0.744853214428633,0.104,-31126.4325759569,64055.7892797281,111,4.38,TRUE,"","r1 under",4,2,5,2,4,337,510337,710337
"DGMM",NA,0.642842068327589,0.099,0.294715051794056,0.496,-32981.1010563252,67772.0339957437,25,2.99,TRUE,"","r1 under",4,2,5,2,4,338,510338,710338
"RDMM",4.48165767603548,0.913849806310034,0.022,0.689737233511969,0.13,-30740.1482798367,63283.2206874878,188,7.23,TRUE,"","r1 under",4,2,5,2,4,338,510338,710338
"DGMM",NA,0.401384798618455,0.183,0.157506674717815,0.571,-32829.3376541967,67468.5071914868,41,4.59,TRUE,"","r1 under",4,2,5,2,4,339,510339,710339
"RDMM",4.10017352696777,0.933089063504733,0.017,0.739724790862303,0.109,-30715.7145418351,63234.3532114845,157,6.2,TRUE,"","r1 under",4,2,5,2,4,339,510339,710339
"DGMM",NA,0.8062096887245,0.051,0.485869253685244,0.247,-34583.5708975807,70976.9736782547,11,1.3,TRUE,"","r1 under",4,2,5,2,4,340,510340,710340
"RDMM",3.62513137589834,0.902402336920108,0.025,0.752082997434612,0.101,-31235.4937669103,64273.911661635,112,4.34,TRUE,"","r1 under",4,2,5,2,4,340,510340,710340
"DGMM",NA,0.770654818988815,0.061,0.285784038091267,0.447,-34044.3564089285,69898.5447009504,15,1.75,TRUE,"","r1 under",4,2,5,2,4,341,510341,710341
"RDMM",3.73942024827761,0.921521490313842,0.02,0.754584370105435,0.101,-30796.558877343,63396.0418825004,123,4.69,TRUE,"","r1 under",4,2,5,2,4,341,510341,710341
"DGMM",NA,0.363132092948516,0.198,0.155440464908409,0.516,-33050.6827047451,67911.1972925835,30,3.39000000000001,TRUE,"","r1 under",4,2,5,2,4,342,510342,710342
"RDMM",4.05935461077156,0.917678134949139,0.021,0.750872942903434,0.101,-30658.4927219993,63119.909571813,174,6.83,TRUE,"","r1 under",4,2,5,2,4,342,510342,710342
"DGMM",NA,0.906210211888275,0.024,0.419372537969359,0.346,-33781.2142468504,69372.2603767941,16,1.81999999999999,TRUE,"","r1 under",4,2,5,2,4,343,510343,710343
"RDMM",3.95666754436081,0.940840826551603,0.015,0.779899820677714,0.089,-30790.7532895223,63384.4307068589,100,3.91000000000001,TRUE,"","r1 under",4,2,5,2,4,343,510343,710343
"DGMM",NA,0.853629203773758,0.038,0.45172338141529,0.281,-34543.6077726676,70897.0474284285,25,2.84,TRUE,"","r1 under",4,2,5,2,4,344,510344,710344
"RDMM",3.76570466410448,0.87597131633762,0.032,0.686419019363477,0.131,-31514.2556877358,64831.435503286,155,5.97,TRUE,"","r1 under",4,2,5,2,4,344,510344,710344
"DGMM",NA,0.853629540399471,0.038,0.371599339433951,0.458,-33072.8949602609,67955.6218036151,27,3.11,TRUE,"","r1 under",4,2,5,2,4,345,510345,710345
"RDMM",4.45751090013983,0.913849844014434,0.022,0.544156347166241,0.272,-30875.9935338356,63554.9111954855,103,4.08000000000001,TRUE,"","r1 under",4,2,5,2,4,345,510345,710345
"DGMM",NA,0.853630004852696,0.038,0.324967523736676,0.488,-34349.6285609356,70509.0890049644,16,1.83,TRUE,"","r1 under",4,2,5,2,4,346,510346,710346
"RDMM",3.87584479279945,0.929225159909332,0.018,0.755180178826383,0.101,-31112.2805982122,64027.4853242387,162,6.25,TRUE,"","r1 under",4,2,5,2,4,346,510346,710346
"DGMM",NA,0.857333319266813,0.037,0.37816001150866,0.455,-33772.4204257803,69354.672734654,17,1.95,TRUE,"","r1 under",4,2,5,2,4,347,510347,710347
"RDMM",3.9167913667515,0.906210123654458,0.024,0.749643787003038,0.102,-31021.9890683151,63846.9022644445,100,3.89,TRUE,"","r1 under",4,2,5,2,4,347,510347,710347
"DGMM",NA,0.898602542617634,0.026,0.411403853776847,0.377,-33521.4110468453,68852.653976784,17,2.03999999999999,TRUE,"","r1 under",4,2,5,2,4,348,510348,710348
"RDMM",3.94883128863815,0.898602620646848,0.026,0.743122951443175,0.105,-30987.12606125,63777.1762503143,146,5.69000000000001,TRUE,"","r1 under",4,2,5,2,4,348,510348,710348
"DGMM",NA,0.571127740562285,0.122,0.243095592573419,0.514,-33849.3121429025,69508.4561688983,31,3.45,TRUE,"","r1 under",4,2,5,2,4,349,510349,710349
"RDMM",3.88553441432289,0.921521463952619,0.02,0.764442144122426,0.096,-31156.5913058659,64116.1067395462,282,10.75,TRUE,"","r1 under",4,2,5,2,4,349,510349,710349
"DGMM",NA,0.000185957671186822,0.484,0.00287709769942962,0.718,-32566.2216535462,66942.2751901857,22,2.47999999999999,TRUE,"","r1 under",4,2,5,2,4,350,510350,710350
"RDMM",3.67930845813821,0.89102701287584,0.028,0.694445707684228,0.13,-31276.4624732836,64355.8490743815,134,5.23000000000002,TRUE,"","r1 under",4,2,5,2,4,350,510350,710350
"DGMM",NA,0.944728659752824,0.014,0.739220267188396,0.108,-33477.2196389977,68764.2711610888,15,1.73000000000002,TRUE,"","r1 under",4,2,5,2,4,351,510351,710351
"RDMM",4.23999302737677,0.956440411214517,0.011,0.807038559908702,0.078,-30958.0370747385,63718.9982772913,104,4.07999999999998,TRUE,"","r1 under",4,2,5,2,4,351,510351,710351
"DGMM",NA,0.340167937376905,0.208,0.156219498729805,0.549,-33288.4529963784,68386.7378758502,38,4.25999999999999,TRUE,"","r1 under",4,2,5,2,4,352,510352,710352
"RDMM",3.86389598620174,0.944728200132361,0.014,0.725311310743585,0.117,-31096.1709305471,63995.2659889086,104,4.31,TRUE,"","r1 under",4,2,5,2,4,352,510352,710352
"DGMM",NA,0.806210201281131,0.051,0.337742404671735,0.459,-34749.2087218299,71308.2493267531,15,1.69999999999999,TRUE,"","r1 under",4,2,5,2,4,353,510353,710353
"RDMM",3.65570701614717,0.910025303295172,0.023,0.73462191823221,0.111,-31382.6959907295,64568.3161092733,117,4.47,TRUE,"","r1 under",4,2,5,2,4,353,510353,710353
"DGMM",NA,0.347473907351376,0.205,0.140435595642737,0.551,-33701.8188928586,69213.4696688104,23,2.62,TRUE,"","r1 under",4,2,5,2,4,354,510354,710354
"RDMM",4.28863746911567,0.933089079299455,0.017,0.719673883344464,0.116,-31230.5097511145,64263.9436300433,187,7.11000000000001,TRUE,"","r1 under",4,2,5,2,4,354,510354,710354
"DGMM",NA,0.917681721471559,0.021,0.704264784393941,0.124,-33860.787256589,69531.4063962713,19,2.22,TRUE,"","r1 under",4,2,5,2,4,355,510355,710355
"RDMM",3.99814546400403,0.921521460574425,0.02,0.748819662303369,0.103,-31206.9468583221,64216.8178444585,100,3.90000000000001,TRUE,"","r1 under",4,2,5,2,4,355,510355,710355
"DGMM",NA,0.891026992922659,0.028,0.403799058138208,0.475,-34043.9810022879,69897.793887669,18,2.03999999999999,TRUE,"","r1 under",4,2,5,2,4,356,510356,710356
"RDMM",4.13222157784458,0.925369307661963,0.019,0.738862150553559,0.108,-31215.5701808818,64234.0644895779,126,4.89000000000001,TRUE,"","r1 under",4,2,5,2,4,356,510356,710356
"DGMM",NA,0.290776445621669,0.23,0.122409284538571,0.562,-33098.1103820777,68006.0526472488,35,3.93000000000001,TRUE,"","r1 under",4,2,5,2,4,357,510357,710357
"RDMM",4.08087930825042,0.921521477359704,0.02,0.687498494746009,0.132,-30931.7099098931,63666.3439476006,100,3.94999999999999,TRUE,"","r1 under",4,2,5,2,4,357,510357,710357
"DGMM",NA,-0.0010365173018658,0.496,-0.00136549335320334,0.73,-32729.8847574631,67269.6013980195,48,5.31,TRUE,"","r1 under",4,2,5,2,4,358,510358,710358
"RDMM",3.85116971076365,0.933089085993222,0.017,0.783832091006988,0.087,-31405.9103770184,64614.7448818511,160,6.29999999999998,TRUE,"","r1 under",4,2,5,2,4,358,510358,710358
"DGMM",NA,0.383815225287972,0.19,0.160884009498463,0.554,-34330.9026170388,70471.6371171709,27,3.07999999999998,TRUE,"","r1 under",4,2,5,2,4,359,510359,710359
"RDMM",4.10314710404696,0.944728729292296,0.014,0.725791262515447,0.114,-31344.5378471872,64491.9998221888,194,7.5,TRUE,"","r1 under",4,2,5,2,4,359,510359,710359
"DGMM",NA,0.799036344160111,0.053,0.321198989500299,0.518,-33992.9558698768,69795.743622847,15,1.87,TRUE,"","r1 under",4,2,5,2,4,360,510360,710360
"RDMM",3.85650475943816,0.956440401057714,0.011,0.742710270820323,0.107,-31191.5935989638,64186.1113257419,137,5.31999999999999,TRUE,"","r1 under",4,2,5,2,4,360,510360,710360
"DGMM",NA,0.369050203306796,0.196,0.153453729049517,0.571,-33325.6979159606,68461.2277150146,27,3.02000000000001,TRUE,"","r1 under",4,2,5,2,4,361,510361,710361
"RDMM",3.88886210591019,0.906210198030705,0.024,0.743095027990311,0.106,-31055.6172732016,63914.1586742175,165,6.50999999999999,TRUE,"","r1 under",4,2,5,2,4,361,510361,710361
"DGMM",NA,0.910025894827684,0.023,0.409508619231002,0.427,-33706.1958570195,69222.2235971323,20,2.30000000000001,TRUE,"","r1 under",4,2,5,2,4,362,510362,710362
"RDMM",3.93179791911962,0.913849665269403,0.022,0.739920268100488,0.107,-30635.8176182825,63074.5593643793,110,4.25,TRUE,"","r1 under",4,2,5,2,4,362,510362,710362
"DGMM",NA,0.617418977445422,0.107,0.269019421251104,0.5,-33434.2471269904,68678.326137074,12,1.44,TRUE,"","r1 under",4,2,5,2,4,363,510363,710363
"RDMM",4.20443381863778,0.936960928519243,0.016,0.773585821350933,0.092,-30805.7235341122,63414.3711960387,134,5.14000000000001,TRUE,"","r1 under",4,2,5,2,4,363,510363,710363
"DGMM",NA,0.409073756223448,0.18,0.164958199847599,0.512,-33710.4712463349,69230.774375763,25,2.83000000000001,TRUE,"","r1 under",4,2,5,2,4,364,510364,710364
"RDMM",3.86622041400697,0.929225173909982,0.018,0.737498436533265,0.109,-31177.1075525596,64157.1392329336,147,5.67000000000002,TRUE,"","r1 under",4,2,5,2,4,364,510364,710364
"DGMM",NA,0.887251262085965,0.029,0.389733095463324,0.445,-33281.9183610465,68373.6686051863,19,2.17999999999998,TRUE,"","r1 under",4,2,5,2,4,365,510365,710365
"RDMM",3.96935114158802,0.921521513266662,0.02,0.756277925127973,0.1,-30811.7466169855,63426.4173617853,100,3.92000000000002,TRUE,"","r1 under",4,2,5,2,4,365,510365,710365
"DGMM",NA,0.226011060592115,0.262,0.113539955821032,0.532,-33814.1413554328,69438.1145939589,40,4.50999999999999,TRUE,"","r1 under",4,2,5,2,4,366,510366,710366
"RDMM",3.68946311151083,0.933089033764637,0.017,0.765393019088513,0.096,-31184.9474859395,64172.8190996934,151,5.98000000000002,TRUE,"","r1 under",4,2,5,2,4,366,510366,710366
"DGMM",NA,0.00148769060356382,0.476,-9.63651154330282e-05,0.726,-32021.2314669358,65852.294816965,33,3.78000000000003,TRUE,"","r1 under",4,2,5,2,4,367,510367,710367
"RDMM",3.65800163085257,0.940840805382349,0.015,0.759845534650189,0.098,-30775.6915226254,63354.3071730651,109,4.40999999999997,TRUE,"","r1 under",4,2,5,2,4,367,510367,710367
"DGMM",NA,0.38120448410799,0.191,0.228589399736363,0.425,-33051.3215022693,67912.4748876319,22,2.57999999999998,TRUE,"","r1 under",4,2,5,2,4,368,510368,710368
"RDMM",4.12311802924013,0.913849744489056,0.022,0.774184844157613,0.092,-30820.4762775991,63443.8766830126,100,3.88999999999999,TRUE,"","r1 under",4,2,5,2,4,368,510368,710368
"DGMM",NA,0.296986836724121,0.227,0.123130798790767,0.529,-33921.3311007249,69652.494084543,26,2.88999999999999,TRUE,"","r1 under",4,2,5,2,4,369,510369,710369
"RDMM",3.84264922794098,0.917680161948794,0.021,0.765206859295126,0.096,-31357.7982758744,64518.5206795631,100,3.88999999999999,TRUE,"","r1 under",4,2,5,2,4,369,510369,710369
"DGMM",NA,0.883483458668988,0.03,0.366636606962927,0.364,-33685.8229398586,69181.4777628105,18,2.01999999999998,TRUE,"","r1 under",4,2,5,2,4,370,510370,710370
"RDMM",3.94530340508727,0.917681667357316,0.021,0.747428632256363,0.103,-30673.3797651533,63149.6836581209,100,3.86000000000001,TRUE,"","r1 under",4,2,5,2,4,370,510370,710370
"DGMM",NA,-0.000297773622797089,0.488,-0.000859496585605799,0.738,-32683.8364503729,67177.5047838392,28,3.19999999999999,TRUE,"","r1 under",4,2,5,2,4,371,510371,710371
"RDMM",3.87189387704918,0.913849818773663,0.022,0.646795007968608,0.153,-31471.9825096769,64746.8891471682,122,4.68000000000001,TRUE,"","r1 under",4,2,5,2,4,371,510371,710371
"DGMM",NA,0.636451700080993,0.101,0.272524007491208,0.515,-33664.1041775453,69138.0402381838,25,2.83999999999997,TRUE,"","r1 under",4,2,5,2,4,372,510372,710372
"RDMM",3.98682116848991,0.917681608634493,0.021,0.73829610245311,0.108,-31176.8714946539,64156.6671171221,179,6.90999999999997,TRUE,"","r1 under",4,2,5,2,4,372,510372,710372
"DGMM",NA,0.291038599756202,0.23,0.115043620283158,0.571,-33946.3902454343,69702.6123739618,22,2.31,TRUE,"","r1 under",4,2,5,2,4,373,510373,710373
"RDMM",4.0851986391419,0.902402311234126,0.025,0.603811834137907,0.178,-31500.5359964459,64803.9961207062,100,3.04000000000002,TRUE,"","r1 under",4,2,5,2,4,373,510373,710373
"DGMM",NA,0.617427824155294,0.107,0.307169252162739,0.378,-33456.716015636,68723.2639143654,13,1,TRUE,"","r1 under",4,2,5,2,4,374,510374,710374
"RDMM",4.12144002431069,0.940840788344503,0.015,0.722518610342749,0.116,-31013.0148632976,63828.9538544096,123,3.29000000000002,TRUE,"","r1 under",4,2,5,2,4,374,510374,710374
"DGMM",NA,0.67207272900897,0.09,0.234797829228759,0.524,-34515.9910980998,70841.814079293,11,0.889999999999986,TRUE,"","r1 under",4,2,5,2,4,375,510375,710375
"RDMM",3.894152607146,0.929225168405716,0.018,0.777745816095142,0.09,-31202.4257382658,64207.775604346,124,3.30000000000001,TRUE,"","r1 under",4,2,5,2,4,375,510375,710375
"DGMM",NA,0.902402481847876,0.025,0.408423078945845,0.403,-33248.7579183299,68307.3477197531,21,1.15,TRUE,"","r1 under",4,2,5,2,4,376,510376,710376
"RDMM",3.9287332593353,0.921521541526431,0.02,0.783639241379631,0.087,-30688.7263624485,63180.3768527114,200,6.25,TRUE,"","r1 under",4,2,5,2,4,376,510376,710376
"DGMM",NA,0.464628907797901,0.159,0.212730647198613,0.514,-33394.4752774831,68598.7824380596,22,2.49,TRUE,"","r1 under",4,2,5,2,4,377,510377,710377
"RDMM",4.10782376749484,0.925369311758724,0.019,0.73532348031279,0.109,-31067.7132812805,63938.3506903753,159,6.64,TRUE,"","r1 under",4,2,5,2,4,377,510377,710377
"DGMM",NA,0.894810928436949,0.027,0.411439755250074,0.335,-33379.1152959236,68568.0624749406,14,1.61,TRUE,"","r1 under",4,2,5,2,4,378,510378,710378
"RDMM",3.96128580701189,0.968224192894201,0.008,0.792916177588088,0.084,-30816.3603596661,63435.6448471465,129,5.03,TRUE,"","r1 under",4,2,5,2,4,378,510378,710378
"DGMM",NA,0.419185914953628,0.176,0.172050330318592,0.557,-33652.2530804124,69114.3380439181,23,2.67,TRUE,"","r1 under",4,2,5,2,4,379,510379,710379
"RDMM",4.06955868977961,0.906209998760019,0.024,0.726662272192211,0.114,-30995.8240101665,63794.5721481474,151,5.92,TRUE,"","r1 under",4,2,5,2,4,379,510379,710379
"DGMM",NA,0.861043108860093,0.036,0.391826081091515,0.455,-33825.122988511,69460.0778601153,21,2.39,TRUE,"","r1 under",4,2,5,2,4,380,510380,710380
"RDMM",3.98613996058517,0.925369182533474,0.019,0.781063529479557,0.089,-31251.2409167876,64305.4059613895,101,3.99,TRUE,"","r1 under",4,2,5,2,4,380,510380,710380
"DGMM",NA,7.27557508744846e-05,0.486,-0.000604303048684787,0.739,-32433.7824703408,66677.396823775,34,3.82,TRUE,"","r1 under",4,2,5,2,4,381,510381,710381
"RDMM",3.87341287050484,0.891027029479899,0.028,0.724909486558926,0.114,-31201.6928042517,64206.3097363178,190,7.34,TRUE,"","r1 under",4,2,5,2,4,381,510381,710381
"DGMM",NA,0.936960973731467,0.016,0.663431374151873,0.145,-33942.6581060051,69695.1480951036,12,1.4,TRUE,"","r1 under",4,2,5,2,4,382,510382,710382
"RDMM",3.94824625826136,0.944728618003536,0.014,0.764082548413998,0.096,-31213.607038895,64230.1382056044,106,4.14,TRUE,"","r1 under",4,2,5,2,4,382,510382,710382
"DGMM",NA,0.366697119361001,0.197,0.151719103191187,0.547,-33075.747513019,67961.3269091314,19,2.24,TRUE,"","r1 under",4,2,5,2,4,383,510383,710383
"RDMM",3.98119459194571,0.948624574172566,0.013,0.714508274539238,0.12,-31029.0873732079,63861.0988742301,192,7.25000000000001,TRUE,"","r1 under",4,2,5,2,4,383,510383,710383
"DGMM",NA,0.891026953508948,0.028,0.398866807891836,0.486,-33684.1690073773,69178.1698978479,16,1.83,TRUE,"","r1 under",4,2,5,2,4,384,510384,710384
"RDMM",4.01630869718076,0.933089026585989,0.017,0.719344849327011,0.117,-30832.504414896,63467.9329576063,183,7.09,TRUE,"","r1 under",4,2,5,2,4,384,510384,710384
"DGMM",NA,0.301728132139325,0.225,0.122970966398796,0.532,-33499.7280579443,68809.287998982,33,3.70999999999999,TRUE,"","r1 under",4,2,5,2,4,385,510385,710385
"RDMM",4.11934250544182,0.925369359541466,0.019,0.770507115967747,0.093,-31091.7003558816,63986.3248395776,143,5.55000000000001,TRUE,"","r1 under",4,2,5,2,4,385,510385,710385
"DGMM",NA,0.857333498000618,0.037,0.380513903439763,0.416,-34146.9994270626,70103.8307372186,13,1.53,TRUE,"","r1 under",4,2,5,2,4,386,510386,710386
"RDMM",3.86557328915825,0.910025989459471,0.023,0.722622769037343,0.115,-31225.489882873,64253.9038935603,181,7.02999999999999,TRUE,"","r1 under",4,2,5,2,4,386,510386,710386
"DGMM",NA,0.872228253846054,0.033,0.330801159337815,0.469,-34615.3729013558,71040.5776858049,16,1.86,TRUE,"","r1 under",4,2,5,2,4,387,510387,710387
"RDMM",3.9183990838762,0.902402397886709,0.025,0.714204718198731,0.119,-31603.2504404999,65009.4250088142,112,4.33000000000001,TRUE,"","r1 under",4,2,5,2,4,387,510387,710387
"DGMM",NA,0.349890313944423,0.204,0.139228599253006,0.586,-33432.3901170267,68674.6121171468,30,3.41,TRUE,"","r1 under",4,2,5,2,4,388,510388,710388
"RDMM",3.89518559520008,0.933089061895653,0.017,0.723996879640154,0.114,-31193.4226464894,64189.7694207932,228,8.88000000000001,TRUE,"","r1 under",4,2,5,2,4,388,510388,710388
"DGMM",NA,0.649283510793762,0.097,0.217643244386322,0.512,-34662.2874154572,71134.4067140076,14,1.59999999999999,TRUE,"","r1 under",4,2,5,2,4,389,510389,710389
"RDMM",3.521254147562,0.9408402740974,0.015,0.74561837503057,0.104,-31289.3326673922,64381.5894625986,100,3.83000000000001,TRUE,"","r1 under",4,2,5,2,4,389,510389,710389
"DGMM",NA,0.655754338188034,0.095,0.302002934139,0.483,-33459.3590048305,68728.5498927544,17,1.95999999999999,TRUE,"","r1 under",4,2,5,2,4,390,510390,710390
"RDMM",4.09417357340077,0.910026039795815,0.023,0.74663425614852,0.104,-30715.3477577187,63233.6196432518,131,5.09999999999999,TRUE,"","r1 under",4,2,5,2,4,390,510390,710390
"DGMM",NA,0.902401881160906,0.025,0.354583230626592,0.511,-34260.5945465115,70331.0209761162,14,1.58,TRUE,"","r1 under",4,2,5,2,4,391,510391,710391
"RDMM",3.96002132256105,0.921521314062458,0.02,0.753870700366655,0.101,-31427.3715429088,64657.6672136319,167,6.42999999999999,TRUE,"","r1 under",4,2,5,2,4,391,510391,710391
"DGMM",NA,0.51220432424344,0.142,0.215652607914191,0.521,-33802.1383712223,69414.1086255379,21,2.38999999999999,TRUE,"","r1 under",4,2,5,2,4,392,510392,710392
"RDMM",4.00395683454449,0.910026065414015,0.023,0.747059454855611,0.104,-31242.1699653288,64287.2640584719,185,7.25,TRUE,"","r1 under",4,2,5,2,4,392,510392,710392
"DGMM",NA,-0.000858082150838488,0.487,0.00131006625885575,0.719,-32616.1631782414,67042.1582395762,38,4.25,TRUE,"","r1 under",4,2,5,2,4,393,510393,710393
"RDMM",3.60077701030638,0.902402083120232,0.025,0.75076357819664,0.101,-31362.8929441838,64528.7100161819,100,3.89000000000001,TRUE,"","r1 under",4,2,5,2,4,393,510393,710393
"DGMM",NA,0.304126908909771,0.224,0.129947779730543,0.563,-33528.3453552835,68866.5225936603,28,3.23999999999998,TRUE,"","r1 under",4,2,5,2,4,394,510394,710394
"RDMM",3.84049147822898,0.921521447918464,0.02,0.737424145109173,0.108,-31093.9306868402,63990.7855014948,241,9.47,TRUE,"","r1 under",4,2,5,2,4,394,510394,710394
"DGMM",NA,0.883483445807812,0.03,0.6946551133807,0.127,-33693.3456943964,69196.5232718862,14,1.61000000000001,TRUE,"","r1 under",4,2,5,2,4,395,510395,710395
"RDMM",4.05539780565465,0.925369299655092,0.019,0.732457300134938,0.11,-30898.5495286938,63600.0231852019,100,3.91999999999999,TRUE,"","r1 under",4,2,5,2,4,395,510395,710395
"DGMM",NA,0.317498323649113,0.218,0.123569009316506,0.569,-34062.2187208057,69934.2693247047,23,2.56999999999999,TRUE,"","r1 under",4,2,5,2,4,396,510396,710396
"RDMM",3.46453911449083,0.910025998114279,0.023,0.746698090893204,0.103,-31292.5484774863,64388.021082787,118,4.68000000000001,TRUE,"","r1 under",4,2,5,2,4,396,510396,710396
"DGMM",NA,0.835231833905691,0.043,0.608200507092516,0.173,-33841.484004342,69492.7998917773,11,1.25999999999999,TRUE,"","r1 under",4,2,5,2,4,397,510397,710397
"RDMM",4.19965467995153,0.933089028594122,0.017,0.739922540245005,0.108,-31436.3577227694,64675.6395733532,100,3.88,TRUE,"","r1 under",4,2,5,2,4,397,510397,710397
"DGMM",NA,0.913849766967539,0.022,0.415113390855431,0.404,-34368.2577684391,70546.3474199716,15,1.72000000000003,TRUE,"","r1 under",4,2,5,2,4,398,510398,710398
"RDMM",4.0356690389785,0.933089028594122,0.017,0.764613654508976,0.096,-31521.110690774,64845.1455093624,103,4.04999999999998,TRUE,"","r1 under",4,2,5,2,4,398,510398,710398
"DGMM",NA,0.777702030470714,0.059,0.294260101168873,0.48,-35279.6922458788,72369.2163748509,14,1.63,TRUE,"","r1 under",4,2,5,2,4,399,510399,710399
"RDMM",3.67340755665396,0.933088874276432,0.017,0.752565613151453,0.102,-31836.0068513378,65474.9378304898,119,4.69999999999999,TRUE,"","r1 under",4,2,5,2,4,399,510399,710399
"DGMM",NA,0.00232304613280683,0.471,0.00261819325350906,0.711,-32885.689009843,67581.2099027793,31,3.45000000000002,TRUE,"","r1 under",4,2,5,2,4,400,510400,710400
"RDMM",3.69216744065986,0.925369349491014,0.019,0.730646555427488,0.112,-31595.051008236,64993.0261442864,162,6.35999999999999,TRUE,"","r1 under",4,2,5,2,4,400,510400,710400
"DGMM",NA,0.891027094098364,0.028,0.412612166250644,0.483,-34117.8452624909,70045.5224080751,17,1.94999999999999,TRUE,"","r1 under",4,2,5,2,4,401,510401,710401
"RDMM",4.10872157277835,0.925369309246108,0.019,0.598353323160934,0.192,-31544.1584470175,64891.2410218493,141,5.52000000000001,TRUE,"","r1 under",4,2,5,2,4,401,510401,710401
"DGMM",NA,0.386343039828689,0.189,0.166917271819383,0.557,-33000.3582589981,67810.5484010894,27,3.03,TRUE,"","r1 under",4,2,5,2,4,402,510402,710402
"RDMM",4.13302681262616,0.952528494109343,0.012,0.734935355714122,0.11,-30890.894271138,63584.7126700904,109,4.39999999999998,TRUE,"","r1 under",4,2,5,2,4,402,510402,710402
"DGMM",NA,0.944727622020428,0.014,0.443401542502014,0.403,-32997.5348036147,67804.9014903226,19,2.15000000000001,TRUE,"","r1 under",4,2,5,2,4,403,510403,710403
"RDMM",4.46696718802117,0.948623529583307,0.013,0.791459018422943,0.084,-30713.3687910859,63229.6617099861,188,7.28,TRUE,"","r1 under",4,2,5,2,4,403,510403,710403
"DGMM",NA,0.306296076175663,0.223,0.145736481466577,0.544,-33958.8415050304,69727.514893154,19,2.15000000000001,TRUE,"","r1 under",4,2,5,2,4,404,510404,710404
"RDMM",3.98247454903221,0.940840805416493,0.015,0.759790183294695,0.098,-31059.6743947749,63922.2729173641,123,4.76999999999998,TRUE,"","r1 under",4,2,5,2,4,404,510404,710404
"DGMM",NA,0.294921330967936,0.228,0.134462180604744,0.556,-33899.0983788262,69608.0286407457,26,2.97,TRUE,"","r1 under",4,2,5,2,4,405,510405,710405
"RDMM",3.72880794541752,0.917680831546911,0.021,0.751351373803046,0.101,-31485.7225127504,64774.3691533152,100,3.89000000000001,TRUE,"","r1 under",4,2,5,2,4,405,510405,710405
"DGMM",NA,-0.00038320718334112,0.491,0.000166733399731374,0.73,-32646.5546169793,67102.9411170519,25,2.97,TRUE,"","r1 under",4,2,5,2,4,406,510406,710406
"RDMM",3.65641823668797,0.913849774956202,0.022,0.716198836873298,0.118,-31366.724111979,64536.3723517723,145,5.59,TRUE,"","r1 under",4,2,5,2,4,406,510406,710406
"DGMM",NA,0.806210773635316,0.051,0.6027220557675,0.172,-33084.4414552861,67978.7147936655,17,1.94999999999999,TRUE,"","r1 under",4,2,5,2,4,407,510407,710407
"RDMM",4.09484777754722,0.921521463952619,0.02,0.726967764218686,0.113,-30754.7951739083,63312.5144756309,100,3.91,TRUE,"","r1 under",4,2,5,2,4,407,510407,710407
"DGMM",NA,0.668784741330954,0.091,0.264102761765303,0.482,-33816.8710810788,69443.5740452509,13,1.50999999999999,TRUE,"","r1 under",4,2,5,2,4,408,510408,710408
"RDMM",3.77990025761241,0.964287856221879,0.009,0.752533984466256,0.101,-30875.1386516951,63553.2014312045,110,4.22000000000003,TRUE,"","r1 under",4,2,5,2,4,408,510408,710408
"DGMM",NA,-0.00058869546023517,0.496,-0.000132015848296052,0.732,-32204.7634613875,66219.3588058684,23,2.77999999999997,TRUE,"","r1 under",4,2,5,2,4,409,510409,710409
"RDMM",3.78220945109991,0.913849794873989,0.022,0.701705363292334,0.125,-30779.6182510923,63362.160629999,126,4.86000000000001,TRUE,"","r1 under",4,2,5,2,4,409,510409,710409
"DGMM",NA,0.212873882425673,0.269,0.078356464659955,0.6,-34194.6477640154,70199.1274111241,33,3.75,TRUE,"","r1 under",4,2,5,2,4,410,510410,710410
"RDMM",3.70084426353171,0.90240230963814,0.025,0.718248937905418,0.117,-31248.5061417315,64299.9364112774,100,4.11000000000001,TRUE,"","r1 under",4,2,5,2,4,410,510410,710410
"DGMM",NA,0.000571976307349017,0.482,8.42807572214048e-05,0.727,-32775.2234223387,67360.2787277708,27,3.08999999999997,TRUE,"","r1 under",4,2,5,2,4,411,510411,710411
"RDMM",3.61460267193592,0.91384978072395,0.022,0.735042568931018,0.109,-31430.2592246996,64663.4425772136,100,3.85000000000002,TRUE,"","r1 under",4,2,5,2,4,411,510411,710411
"DGMM",NA,0.72904994386059,0.073,0.342041842855941,0.422,-34114.1371900085,70038.1062631104,23,2.68000000000001,TRUE,"","r1 under",4,2,5,2,4,412,510412,710412
"RDMM",4.4090033350746,0.921521444143945,0.02,0.744364630904127,0.105,-31254.9223658184,64312.7688594511,123,4.76999999999998,TRUE,"","r1 under",4,2,5,2,4,412,510412,710412
"DGMM",NA,0.86476476581846,0.035,0.367172309100575,0.473,-33966.5317992344,69742.895481562,15,1.77000000000004,TRUE,"","r1 under",4,2,5,2,4,413,510413,710413
"RDMM",3.88610082533146,0.93696096128841,0.016,0.778913881891178,0.09,-31020.0542852859,63843.0326983861,162,6.27999999999997,TRUE,"","r1 under",4,2,5,2,4,413,510413,710413
"DGMM",NA,0.218420062570386,0.266,0.0953452429843577,0.548,-33792.3954431828,69394.6227694589,37,4.13999999999999,TRUE,"","r1 under",4,2,5,2,4,414,510414,710414
"RDMM",4.14492764002348,0.960360353016468,0.01,0.751186776272624,0.102,-30708.4614729345,63219.8470736833,100,4,TRUE,"","r1 under",4,2,5,2,4,414,510414,710414
"DGMM",NA,0.846246598985158,0.04,0.327780605573731,0.448,-33833.7203013298,69477.272485753,23,2.61000000000001,TRUE,"","r1 under",4,2,5,2,4,415,510415,710415
"RDMM",4.00643884856623,0.91768168713745,0.021,0.731445899930342,0.111,-30741.5073536957,63285.9388352058,152,5.71000000000004,TRUE,"","r1 under",4,2,5,2,4,415,510415,710415
"DGMM",NA,0.655755641811677,0.095,0.401546943163679,0.315,-34518.2662986081,70846.3644803095,6,0.629999999999995,TRUE,"","r1 under",4,2,5,2,4,416,510416,710416
"RDMM",4.16982480175474,0.936960943460629,0.016,0.788567916817484,0.085,-31244.304796269,64291.5337203523,115,3.22000000000003,TRUE,"","r1 under",4,2,5,2,4,416,510416,710416
"DGMM",NA,-0.000671674142507835,0.497,-0.000842690159097292,0.736,-33053.349665272,67916.5312136372,24,1.96999999999997,TRUE,"","r1 under",4,2,5,2,4,417,510417,710417
"RDMM",3.76814029159369,0.898602547382296,0.026,0.747981016716968,0.103,-31586.9013403603,64976.7268085349,147,4.03000000000003,TRUE,"","r1 under",4,2,5,2,4,417,510417,710417
"DGMM",NA,0.90240241741403,0.025,0.336516747561204,0.44,-33793.100712807,69396.0333087074,12,0.86,TRUE,"","r1 under",4,2,5,2,4,418,510418,710418
"RDMM",3.96847304009716,0.940840782744888,0.015,0.753909027958465,0.101,-30731.0308075854,63264.9857429852,144,3.34,TRUE,"","r1 under",4,2,5,2,4,418,510418,710418
"DGMM",NA,0.271818093317922,0.239,0.130157692367557,0.585,-34172.6363650472,70155.1046131878,44,4.99,TRUE,"","r1 under",4,2,5,2,4,419,510419,710419
"RDMM",3.78307150053902,0.88348346249465,0.03,0.737436892198565,0.108,-31311.101884516,64425.1278968464,100,4.5,TRUE,"","r1 under",4,2,5,2,4,419,510419,710419
"DGMM",NA,0.356998280423803,0.201,0.148828393290615,0.525,-33462.7334173838,68735.298717861,29,3.25,TRUE,"","r1 under",4,2,5,2,4,420,510420,710420
"RDMM",3.99248155482328,0.894810803434505,0.027,0.682225472934263,0.135,-31183.8338944415,64170.5919166973,100,3.89,TRUE,"","r1 under",4,2,5,2,4,420,510420,710420
"DGMM",NA,-0.000617175795826397,0.494,0.000405390273216887,0.722,-32426.9974435679,66663.8267702292,29,3.3,TRUE,"","r1 under",4,2,5,2,4,421,510421,710421
"RDMM",3.66973153616579,0.929225226246423,0.018,0.74875255712399,0.103,-31101.4144679454,64005.7530637052,263,10.3,TRUE,"","r1 under",4,2,5,2,4,421,510421,710421
"DGMM",NA,0.883483381199274,0.03,0.399874141916817,0.402,-33870.1369868783,69550.1058568498,14,1.58,TRUE,"","r1 under",4,2,5,2,4,422,510422,710422
"RDMM",4.17777910791164,0.917681595521618,0.021,0.747502901406127,0.103,-31229.8768836195,64262.6778950533,104,4.06,TRUE,"","r1 under",4,2,5,2,4,422,510422,710422
"DGMM",NA,0.153081787991808,0.303,0.0764311556957058,0.599,-33914.7940885052,69639.4200601038,36,4.1,TRUE,"","r1 under",4,2,5,2,4,423,510423,710423
"RDMM",3.82722566519771,0.956439091293231,0.011,0.790549550001048,0.085,-31163.3808059077,64129.6857396297,101,3.87,TRUE,"","r1 under",4,2,5,2,4,423,510423,710423
"DGMM",NA,0.645977447351336,0.098,0.312943850264735,0.455,-34472.7268153131,70755.2855137195,17,1.98,TRUE,"","r1 under",4,2,5,2,4,424,510424,710424
"RDMM",3.83336692084236,0.91767593272891,0.021,0.727695054847773,0.112,-31480.6373530894,64764.1988339932,135,5.27999999999999,TRUE,"","r1 under",4,2,5,2,4,424,510424,710424
"DGMM",NA,0.00092039278090732,0.479,-0.000908557000924826,0.723,-32554.7567394763,66919.3453620459,35,3.92,TRUE,"","r1 under",4,2,5,2,4,425,510425,710425
"RDMM",3.5955280849532,0.891027066335861,0.028,0.689853499798691,0.132,-31282.4094170025,64367.7429618193,120,4.64,TRUE,"","r1 under",4,2,5,2,4,425,510425,710425
"DGMM",NA,0.925369283402049,0.019,0.412546782929459,0.476,-33703.1271604821,69216.0862040575,17,1.93000000000001,TRUE,"","r1 under",4,2,5,2,4,426,510426,710426
"RDMM",4.09738050156767,0.925369263301102,0.019,0.764715908375607,0.095,-31094.1382815914,63991.2006909971,216,8.38,TRUE,"","r1 under",4,2,5,2,4,426,510426,710426
"DGMM",NA,0.315288375787574,0.219,0.133700396580971,0.551,-33650.3640171907,69110.5599174747,33,3.67999999999999,TRUE,"","r1 under",4,2,5,2,4,427,510427,710427
"RDMM",3.80861497348207,0.913849821993157,0.022,0.74902838612546,0.103,-30902.4196934671,63607.7635147486,100,3.89,TRUE,"","r1 under",4,2,5,2,4,427,510427,710427
"DGMM",NA,0.483931425730133,0.152,0.203853116919363,0.522,-33849.480080749,69508.7920445913,22,2.54000000000001,TRUE,"","r1 under",4,2,5,2,4,428,510428,710428
"RDMM",4.06766611182743,0.93696094103508,0.016,0.742129496468596,0.106,-31289.0143725001,64380.9528728146,172,6.78,TRUE,"","r1 under",4,2,5,2,4,428,510428,710428
"DGMM",NA,0.633249174952515,0.102,0.424722175337915,0.277,-33985.4481822707,69780.7282476348,6,0.769999999999996,TRUE,"","r1 under",4,2,5,2,4,429,510429,710429
"RDMM",4.08324927412639,0.948624621021968,0.013,0.763832286723978,0.097,-30983.268534541,63769.4611968964,134,5.14,TRUE,"","r1 under",4,2,5,2,4,429,510429,710429
"DGMM",NA,0.925369369548842,0.019,0.601821881770059,0.179,-33518.0409281633,68845.91373942,15,1.72999999999999,TRUE,"","r1 under",4,2,5,2,4,430,510430,710430
"RDMM",4.16806493665683,0.936960960051381,0.016,0.722889137808598,0.116,-30967.2993693756,63737.5228665655,100,3.93000000000001,TRUE,"","r1 under",4,2,5,2,4,430,510430,710430
"DGMM",NA,0.592498933753313,0.115,0.233292695653727,0.539,-34140.0395578654,70089.9109988241,15,1.69999999999999,TRUE,"","r1 under",4,2,5,2,4,431,510431,710431
"RDMM",3.8987315424322,0.910025989459471,0.023,0.738689494976401,0.107,-31259.9208928695,64322.7659135534,118,4.58999999999999,TRUE,"","r1 under",4,2,5,2,4,431,510431,710431
"DGMM",NA,0.913849873766068,0.022,0.407859666512748,0.374,-33613.520534251,69036.8729515952,18,2.05,TRUE,"","r1 under",4,2,5,2,4,432,510432,710432
"RDMM",4.0139547359031,0.940840838103636,0.015,0.766943680163277,0.095,-30917.1103300766,63637.1447879675,100,3.89,TRUE,"","r1 under",4,2,5,2,4,432,510432,710432
"DGMM",NA,0.265649399517507,0.242,0.110201013013342,0.616,-34197.7792157104,70205.3903145142,32,3.64,TRUE,"","r1 under",4,2,5,2,4,433,510433,710433
"RDMM",3.78716333720658,0.917681619609396,0.021,0.765657924269956,0.095,-31391.7215441616,64586.3672161374,142,5.53,TRUE,"","r1 under",4,2,5,2,4,433,510433,710433
"DGMM",NA,0.00157331006229749,0.471,0.00192669272057288,0.716,-31833.5851059214,65477.0020949362,20,2.29000000000001,TRUE,"","r1 under",4,2,5,2,4,434,510434,710434
"RDMM",4.18328387912047,0.940840734533526,0.015,0.739093606418781,0.107,-30375.1127561984,62553.1496402111,103,4.00999999999999,TRUE,"","r1 under",4,2,5,2,4,434,510434,710434
"DGMM",NA,0.898602572975889,0.026,0.608223605185113,0.174,-33882.5627683528,69574.957419799,19,2.16,TRUE,"","r1 under",4,2,5,2,4,435,510435,710435
"RDMM",3.9938100310757,0.933089076055551,0.017,0.763681267645668,0.096,-30863.1184890766,63529.1611059675,100,3.92000000000002,TRUE,"","r1 under",4,2,5,2,4,435,510435,710435
"DGMM",NA,0.000328684138351644,0.471,0.00210932145777328,0.719,-32968.5646143692,67746.9611118316,19,2.21000000000001,TRUE,"","r1 under",4,2,5,2,4,436,510436,710436
"RDMM",3.52147602104052,0.921520666081912,0.02,0.720614349742634,0.116,-31492.8426038902,64788.6093355947,100,3.97,TRUE,"","r1 under",4,2,5,2,4,436,510436,710436
"DGMM",NA,0.623733422795627,0.105,0.265350040749873,0.491,-34372.4170631785,70554.6660094503,18,2.05000000000001,TRUE,"","r1 under",4,2,5,2,4,437,510437,710437
"RDMM",3.86602521750569,0.936960906158693,0.016,0.73512391626896,0.11,-31068.9014270753,63940.7269819649,193,7.59999999999999,TRUE,"","r1 under",4,2,5,2,4,437,510437,710437
"DGMM",NA,0.00393261717976054,0.464,0.00154122126810221,0.715,-32550.3504995768,66910.532882247,37,4.13999999999999,TRUE,"","r1 under",4,2,5,2,4,438,510438,710438
"RDMM",3.98971010548592,0.917681565875103,0.021,0.731310057103284,0.112,-31433.3512667719,64669.6266613582,123,4.76999999999998,TRUE,"","r1 under",4,2,5,2,4,438,510438,710438
"DGMM",NA,0.879723665586203,0.031,0.46722154222367,0.275,-33380.0065213643,68569.8449258219,14,1.60999999999999,TRUE,"","r1 under",4,2,5,2,4,439,510439,710439
"RDMM",4.4066256065911,0.933089035184919,0.017,0.788340421147579,0.085,-30873.236077875,63549.3962835644,105,4.06,TRUE,"","r1 under",4,2,5,2,4,439,510439,710439
"DGMM",NA,0.42976454530313,0.172,0.18488015021417,0.532,-33492.4513172229,68794.7345175392,20,2.34999999999999,TRUE,"","r1 under",4,2,5,2,4,440,510440,710440
"RDMM",3.98531019411595,0.925369369950859,0.019,0.772794622018501,0.092,-30791.8904675893,63386.7050629929,177,6.78,TRUE,"","r1 under",4,2,5,2,4,440,510440,710440
"DGMM",NA,0.861045001123057,0.036,0.366118018812976,0.458,-34531.0760398061,70871.9839627055,22,2.53999999999999,TRUE,"","r1 under",4,2,5,2,4,441,510441,710441
"RDMM",3.74706709465865,0.93696094103508,0.016,0.744995683868408,0.106,-31334.7195219904,64472.3631717951,100,3.89000000000001,TRUE,"","r1 under",4,2,5,2,4,441,510441,710441
"DGMM",NA,-0.000430905766691965,0.488,7.22213606398592e-05,0.732,-32642.8545348709,67095.5409528351,25,2.83000000000001,TRUE,"","r1 under",4,2,5,2,4,442,510442,710442
"RDMM",3.69116671190778,0.91384985072827,0.022,0.700537569308854,0.128,-31383.2211249071,64569.3663776285,173,6.63999999999999,TRUE,"","r1 under",4,2,5,2,4,442,510442,710442
"DGMM",NA,0.835231191433165,0.043,0.532545175328724,0.214,-34216.0132858966,70241.8584548865,19,2.15000000000001,TRUE,"","r1 under",4,2,5,2,4,443,510443,710443
"RDMM",3.81790499587485,0.910026013641002,0.023,0.728078867425215,0.112,-31201.5547589012,64206.0336456167,100,3.91,TRUE,"","r1 under",4,2,5,2,4,443,510443,710443
"DGMM",NA,0.432431434564037,0.171,0.352702693657591,0.334,-33476.9419994395,68763.7158819722,34,4,TRUE,"","r1 under",4,2,5,2,4,444,510444,710444
"RDMM",4.11262843366867,0.936960928519243,0.016,0.770884723741341,0.094,-30965.644856204,63734.2138402224,100,3.94,TRUE,"","r1 under",4,2,5,2,4,444,510444,710444
"DGMM",NA,0.846246217760845,0.04,0.348493932155365,0.417,-34038.8596536273,69887.551190348,12,1.42000000000002,TRUE,"","r1 under",4,2,5,2,4,445,510445,710445
"RDMM",4.25044642876568,0.925369361034676,0.019,0.738163462522345,0.108,-31179.7184221532,64162.3609721208,100,4.03,TRUE,"","r1 under",4,2,5,2,4,445,510445,710445
"DGMM",NA,0.368905480727708,0.196,0.169361374315907,0.524,-33070.5978224081,67951.0275279094,28,3.28999999999999,TRUE,"","r1 under",4,2,5,2,4,446,510446,710446
"RDMM",4.01016284422001,0.936960729076731,0.016,0.776670076971782,0.091,-30720.0901988157,63243.1045254456,300,11.51,TRUE,"","r1 under",4,2,5,2,4,446,510446,710446
"DGMM",NA,-0.00118345836131323,0.495,-0.000842830510222971,0.732,-32054.0708130862,65917.9735092658,35,4.01999999999998,TRUE,"","r1 under",4,2,5,2,4,447,510447,710447
"RDMM",3.73720188927495,0.906210199009577,0.024,0.684958077894596,0.135,-30795.9415890841,63394.8073059826,100,3.81,TRUE,"","r1 under",4,2,5,2,4,447,510447,710447
"DGMM",NA,0.373901241765344,0.194,0.147629187097829,0.539,-33686.9410532213,69183.7139895358,29,3.28,TRUE,"","r1 under",4,2,5,2,4,448,510448,710448
"RDMM",3.84926423710439,0.948624614152705,0.013,0.775828242860722,0.091,-31161.3564570144,64125.6370418431,104,4.13,TRUE,"","r1 under",4,2,5,2,4,448,510448,710448
"DGMM",NA,0.770655617425781,0.061,0.274580110371908,0.489,-33748.2087440489,69306.2493711912,12,1.38999999999999,TRUE,"","r1 under",4,2,5,2,4,449,510449,710449
"RDMM",4.02533321643369,0.944728680208755,0.014,0.748471337818668,0.104,-30632.2643514822,63067.4528307788,134,5.21000000000001,TRUE,"","r1 under",4,2,5,2,4,449,510449,710449
"DGMM",NA,0.475502850753092,0.155,0.223645566170688,0.472,-33606.572279905,69022.9764429032,13,1.47,TRUE,"","r1 under",4,2,5,2,4,450,510450,710450
"RDMM",4.21212753477975,0.929224571397081,0.018,0.764772978821944,0.098,-31113.6777700409,64030.2796678962,162,6.22000000000003,TRUE,"","r1 under",4,2,5,2,4,450,510450,710450
"DGMM",NA,0.861045000113893,0.036,0.390795699617955,0.464,-34350.2181031847,70510.2680894628,21,2.37,TRUE,"","r1 under",4,2,5,2,4,451,510451,710451
"RDMM",3.82192420023569,0.921521468576403,0.02,0.513904261026283,0.283,-31579.5912719072,64962.1066716286,215,8.46999999999997,TRUE,"","r1 under",4,2,5,2,4,451,510451,710451
"DGMM",NA,0.526550265445419,0.137,0.20743793746896,0.5,-33869.7443871898,69549.320657473,17,1.93000000000001,TRUE,"","r1 under",4,2,5,2,4,452,510452,710452
"RDMM",3.89434393785808,0.936960882291253,0.016,0.754945319108136,0.1,-31186.9057137946,64176.7355554035,134,5.25,TRUE,"","r1 under",4,2,5,2,4,452,510452,710452
"DGMM",NA,0.853629716219739,0.038,0.310040501847617,0.478,-34287.4420468973,70384.7159768879,16,1.81,TRUE,"","r1 under",4,2,5,2,4,453,510453,710453
"RDMM",3.60628654864222,0.936960925487305,0.016,0.752274435238977,0.102,-31228.5884598103,64260.1010474349,103,4,TRUE,"","r1 under",4,2,5,2,4,453,510453,710453
"DGMM",NA,0.906210127876694,0.024,0.373884721200959,0.43,-33401.971984068,68613.7758512294,12,1.44,TRUE,"","r1 under",4,2,5,2,4,454,510454,710454
"RDMM",4.01474631752155,0.929225197080993,0.018,0.782180144631079,0.088,-30630.9241766979,63064.7724812101,132,5.06,TRUE,"","r1 under",4,2,5,2,4,454,510454,710454
"DGMM",NA,0.338059755105783,0.209,0.150574902596489,0.541,-33045.987625735,67901.8071345634,34,3.86000000000001,TRUE,"","r1 under",4,2,5,2,4,455,510455,710455
"RDMM",4.15738115166188,0.910026023611336,0.023,0.694475588211755,0.128,-30767.7070929306,63338.3383136755,154,5.87,TRUE,"","r1 under",4,2,5,2,4,455,510455,710455
"DGMM",NA,0.846246122875984,0.04,0.349344499234115,0.475,-34030.2707356447,69870.3733543828,13,1.48000000000002,TRUE,"","r1 under",4,2,5,2,4,456,510456,710456
"RDMM",4.00781033945463,0.887251138728452,0.029,0.481959945538826,0.318,-31186.1699259405,64175.2639796953,112,4.36000000000001,TRUE,"","r1 under",4,2,5,2,4,456,510456,710456
"DGMM",NA,0.38354752796574,0.19,0.287195778606745,0.385,-33279.0273707596,68367.8866246126,13,1.56999999999999,TRUE,"","r1 under",4,2,5,2,4,457,510457,710457
"RDMM",4.09279797231476,0.910024760107765,0.023,0.692265109807421,0.138,-31025.6733049331,63854.2707376804,131,5.03000000000003,TRUE,"","r1 under",4,2,5,2,4,457,510457,710457
"DGMM",NA,0.875972180350431,0.032,0.464225815052761,0.266,-34527.7975266029,70865.426936299,17,1.96999999999997,TRUE,"","r1 under",4,2,5,2,4,458,510458,710458
"RDMM",3.93240982095478,0.936960896380685,0.016,0.713291966263127,0.119,-31721.9695673299,65246.8632624741,130,4.47000000000003,TRUE,"","r1 under",4,2,5,2,4,458,510458,710458
"DGMM",NA,0.409082322242102,0.18,0.168062762760772,0.545,-33233.0106729739,68275.8532290411,21,1.33,TRUE,"","r1 under",4,2,5,2,4,459,510459,710459
"RDMM",3.98080211046431,0.964288253218386,0.009,0.793637917400272,0.084,-30656.2339208179,63115.3919694502,121,2.84,TRUE,"","r1 under",4,2,5,2,4,459,510459,710459
"DGMM",NA,0.437652797124076,0.169,0.190812253764316,0.542,-33320.1361767137,68450.1042365206,28,3.29,TRUE,"","r1 under",4,2,5,2,4,460,510460,710460
"RDMM",3.99389492972371,0.933089012014145,0.017,0.747169666493056,0.104,-30998.5861617972,63800.0964514087,105,4.4,TRUE,"","r1 under",4,2,5,2,4,460,510460,710460
"DGMM",NA,0.853629167285992,0.038,0.347800307350269,0.485,-33840.4827665304,69490.7974161541,11,1.47,TRUE,"","r1 under",4,2,5,2,4,461,510461,710461
"RDMM",3.68161863065087,0.913849820567796,0.022,0.7774292326989,0.091,-30829.6067334849,63462.1375947841,164,6.36,TRUE,"","r1 under",4,2,5,2,4,461,510461,710461
"DGMM",NA,0.925369263301102,0.019,0.42471143026453,0.428,-33717.1812321227,69244.1943473388,21,2.41,TRUE,"","r1 under",4,2,5,2,4,462,510462,710462
"RDMM",4.00728917813222,0.929225243266388,0.018,0.750579481348728,0.102,-30940.0907748139,63683.1056774422,100,3.95,TRUE,"","r1 under",4,2,5,2,4,462,510462,710462
"DGMM",NA,0.371533374490441,0.195,0.162003742280175,0.515,-33504.7424718967,68819.3168268867,26,3.03,TRUE,"","r1 under",4,2,5,2,4,463,510463,710463
"RDMM",4.04861449523516,0.910026020616774,0.023,0.752664827169869,0.102,-30989.3608812967,63781.6458904078,142,5.53,TRUE,"","r1 under",4,2,5,2,4,463,510463,710463
"DGMM",NA,0.293025376759701,0.229,0.135141672131669,0.554,-33658.6493315245,69127.1305461422,17,1.99,TRUE,"","r1 under",4,2,5,2,4,464,510464,710464
"RDMM",3.83379259709952,0.936960939534271,0.016,0.729113682137516,0.113,-31212.8987295802,64228.7215869747,128,4.99,TRUE,"","r1 under",4,2,5,2,4,464,510464,710464
"DGMM",NA,0.00022523141577668,0.484,0.000273753311692701,0.731,-32288.7966121291,66387.4251073515,25,2.8,TRUE,"","r1 under",4,2,5,2,4,465,510465,710465
"RDMM",4.02766706170635,0.929225192818055,0.018,0.799774595127451,0.08,-31063.424169737,63929.7724672883,117,4.6,TRUE,"","r1 under",4,2,5,2,4,465,510465,710465
"DGMM",NA,-0.000422185202830553,0.493,-0.000116786994979616,0.731,-32329.567050812,66468.9659847174,28,3.25,TRUE,"","r1 under",4,2,5,2,4,466,510466,710466
"RDMM",3.8116695114712,0.940840790905302,0.015,0.742720528381144,0.106,-30844.0140324891,63490.9521927926,100,3.83,TRUE,"","r1 under",4,2,5,2,4,466,510466,710466
"DGMM",NA,0.831575794158249,0.044,0.5652520074001,0.194,-33951.2712906402,69712.3744643737,22,2.5,TRUE,"","r1 under",4,2,5,2,4,467,510467,710467
"RDMM",3.79244972970931,0.933088870195782,0.017,0.736523938254046,0.109,-30993.7716617035,63790.4674512213,100,3.84,TRUE,"","r1 under",4,2,5,2,4,467,510467,710467
"DGMM",NA,0.59559560949873,0.114,0.252047101533617,0.535,-33622.0918315326,69054.0155461586,24,2.74,TRUE,"","r1 under",4,2,5,2,4,468,510468,710468
"RDMM",3.83040596630033,0.948624576633644,0.013,0.758029838259387,0.099,-31001.9527077831,63806.8295433805,100,3.92,TRUE,"","r1 under",4,2,5,2,4,468,510468,710468
"DGMM",NA,0.326606079170932,0.214,0.137948171922011,0.562,-33926.5496133721,69662.9311098376,44,5.06999999999999,TRUE,"","r1 under",4,2,5,2,4,469,510469,710469
"RDMM",3.76310368827932,0.887251164215564,0.029,0.762289439355697,0.096,-31359.4885538311,64521.9012354765,118,4.63000000000001,TRUE,"","r1 under",4,2,5,2,4,469,510469,710469
"DGMM",NA,0.921521457826576,0.02,0.419770358821696,0.38,-33879.6248078637,69569.0814988207,15,1.7,TRUE,"","r1 under",4,2,5,2,4,470,510470,710470
"RDMM",4.0510080884331,0.940840790905302,0.015,0.721429871810441,0.116,-31319.0441635376,64441.0124548895,100,3.88000000000001,TRUE,"","r1 under",4,2,5,2,4,470,510470,710470
"DGMM",NA,0.00304277904021395,0.468,0.199366544121784,0.553,-32598.9751821328,67007.7822473589,27,3.08,TRUE,"","r1 under",4,2,5,2,4,471,510471,710471
"RDMM",4.00833402627582,0.917681669637813,0.021,0.7661060640725,0.095,-31135.6052788263,64074.1346854669,100,4.05,TRUE,"","r1 under",4,2,5,2,4,471,510471,710471
"DGMM",NA,0.342850938597723,0.207,0.141229910296243,0.543,-34070.4612169275,69950.7543169483,21,2.40000000000001,TRUE,"","r1 under",4,2,5,2,4,472,510472,710472
"RDMM",3.92688260938237,0.940840781800237,0.015,0.733542135881664,0.112,-31355.5522117342,64514.0285512827,153,5.84999999999999,TRUE,"","r1 under",4,2,5,2,4,472,510472,710472
"DGMM",NA,0.93696096128841,0.016,0.567620518877124,0.201,-33418.3682466887,68646.5683764706,20,2.27,TRUE,"","r1 under",4,2,5,2,4,473,510473,710473
"RDMM",4.52025952796563,0.944728729015829,0.014,0.741139446578765,0.107,-30902.2625896769,63607.4493071681,132,5.01000000000001,TRUE,"","r1 under",4,2,5,2,4,473,510473,710473
"DGMM",NA,0.929225224204027,0.018,0.432208891479742,0.465,-34061.8271118292,69933.4861067517,19,2.19,TRUE,"","r1 under",4,2,5,2,4,474,510474,710474
"RDMM",4.24899952635476,0.925369349447941,0.019,0.549887969995767,0.261,-31222.4133132986,64247.7507544116,100,3.91,TRUE,"","r1 under",4,2,5,2,4,474,510474,710474
"DGMM",NA,0.824288275206053,0.046,0.352206803200866,0.503,-34186.5218954222,70182.8756739378,18,2.09999999999999,TRUE,"","r1 under",4,2,5,2,4,475,510475,710475
"RDMM",4.13362767196181,0.925369369089393,0.019,0.744906962509005,0.104,-31245.8367094832,64294.5975467807,118,4.48,TRUE,"","r1 under",4,2,5,2,4,475,510475,710475
"DGMM",NA,-0.000348446014408185,0.486,0.00107977322581107,0.716,-32539.7691361439,66889.3701553812,32,3.58999999999999,TRUE,"","r1 under",4,2,5,2,4,476,510476,710476
"RDMM",3.90179211899614,0.913849853682578,0.022,0.68844535683178,0.131,-31377.7667715396,64558.4576708935,145,5.61000000000001,TRUE,"","r1 under",4,2,5,2,4,476,510476,710476
"DGMM",NA,-0.000871757309594478,0.495,-0.000244650344705143,0.734,-32399.0743372728,66607.9805576389,46,5.19,TRUE,"","r1 under",4,2,5,2,4,477,510477,710477
"RDMM",3.62108865936296,0.921521530297261,0.02,0.701925543735327,0.125,-31137.8610255533,64078.646178921,139,5.41,TRUE,"","r1 under",4,2,5,2,4,477,510477,710477
"DGMM",NA,0.913849779928399,0.022,0.391153788922174,0.488,-33147.3149490218,68104.4617811369,13,1.49000000000001,TRUE,"","r1 under",4,2,5,2,4,478,510478,710478
"RDMM",4.08512919172925,0.913849787386692,0.022,0.641246710498797,0.157,-30754.9860886314,63312.8963050771,100,3.84999999999999,TRUE,"","r1 under",4,2,5,2,4,478,510478,710478
"DGMM",NA,0.846246245151792,0.04,0.377352393120801,0.462,-33232.2384911618,68274.308865417,14,1.63,TRUE,"","r1 under",4,2,5,2,4,479,510479,710479
"RDMM",4.26457770464151,0.921521491169399,0.02,0.545636011399844,0.285,-30902.6861167448,63608.2963613039,100,3.88999999999999,TRUE,"","r1 under",4,2,5,2,4,479,510479,710479
"DGMM",NA,0.626903888415891,0.104,0.420364668730488,0.273,-33426.4537274668,68662.7393380269,16,1.97,TRUE,"","r1 under",4,2,5,2,4,480,510480,710480
"RDMM",3.81913340760983,0.933089033764637,0.017,0.777198827947456,0.091,-30689.0826906682,63181.0895091508,173,6.68000000000001,TRUE,"","r1 under",4,2,5,2,4,480,510480,710480
"DGMM",NA,0.853629614233475,0.038,0.393658683642248,0.493,-33933.2411769104,69676.3142369141,21,2.38,TRUE,"","r1 under",4,2,5,2,4,481,510481,710481
"RDMM",3.93170410388571,0.921521518973726,0.02,0.733758520571664,0.11,-31218.9149894009,64240.7541066161,120,4.63999999999999,TRUE,"","r1 under",4,2,5,2,4,481,510481,710481
"DGMM",NA,0.000236455320494609,0.483,0.00127694530418032,0.733,-32267.2151322317,66344.2621475568,28,3.19,TRUE,"","r1 under",4,2,5,2,4,482,510482,710482
"RDMM",4.14837379135785,0.925369367754119,0.019,0.608269646398709,0.184,-31073.1297589931,63949.1836458005,126,4.81999999999999,TRUE,"","r1 under",4,2,5,2,4,482,510482,710482
"DGMM",NA,0.189383882669874,0.282,0.0792365916496874,0.613,-33825.6370787447,69461.1060405828,25,2.83000000000001,TRUE,"","r1 under",4,2,5,2,4,483,510483,710483
"RDMM",3.77563642163257,0.944728718772376,0.014,0.771871776440531,0.093,-31122.9298067179,64048.7837412502,230,8.71000000000001,TRUE,"","r1 under",4,2,5,2,4,483,510483,710483
"DGMM",NA,0.456482824384086,0.162,0.202934028986172,0.465,-33217.251914555,68244.3357122033,19,2.19,TRUE,"","r1 under",4,2,5,2,4,484,510484,710484
"RDMM",3.9781731591927,0.933089032610389,0.017,0.751495529679787,0.102,-31023.0503069346,63849.0247416836,104,3.91999999999999,TRUE,"","r1 under",4,2,5,2,4,484,510484,710484
"DGMM",NA,0.784780926215248,0.057,0.288636849747085,0.466,-34461.4209297988,70732.673742691,13,1.52000000000001,TRUE,"","r1 under",4,2,5,2,4,485,510485,710485
"RDMM",4.06900817873939,0.944728728174909,0.014,0.768861700718463,0.094,-31274.6871636199,64352.2984550541,135,5.25999999999999,TRUE,"","r1 under",4,2,5,2,4,485,510485,710485
"DGMM",NA,0.633231402704091,0.102,0.294781746492033,0.492,-33448.7484239206,68707.3287309346,15,1.75,TRUE,"","r1 under",4,2,5,2,4,486,510486,710486
"RDMM",3.88346092780892,0.948624183599409,0.013,0.778210422457133,0.09,-30744.747555241,63292.4192382963,263,10.01,TRUE,"","r1 under",4,2,5,2,4,486,510486,710486
"DGMM",NA,0.705307974539137,0.08,0.294325308285961,0.488,-34393.8281107421,70597.4881045776,20,2.40000000000001,TRUE,"","r1 under",4,2,5,2,4,487,510487,710487
"RDMM",4.12593239545055,0.940840826551603,0.015,0.752678625660714,0.102,-31593.9707383887,64990.8656045917,100,3.93000000000001,TRUE,"","r1 under",4,2,5,2,4,487,510487,710487
"DGMM",NA,0.411634096809161,0.179,0.196734382136682,0.578,-33705.9659391621,69221.7637614174,26,2.94999999999999,TRUE,"","r1 under",4,2,5,2,4,488,510488,710488
"RDMM",3.93547148675129,0.921521471441262,0.02,0.728708348119527,0.112,-31052.9046696128,63908.7334670399,100,3.90000000000001,TRUE,"","r1 under",4,2,5,2,4,488,510488,710488
"DGMM",NA,0.827927993457296,0.045,0.353625469313486,0.48,-34328.6493752621,70467.1306336175,20,2.34,TRUE,"","r1 under",4,2,5,2,4,489,510489,710489
"RDMM",4.10032541882989,0.906210129765272,0.024,0.722410112600516,0.115,-31380.9293878617,64564.7829035378,101,3.92000000000002,TRUE,"","r1 under",4,2,5,2,4,489,510489,710489
"DGMM",NA,0.853629504085522,0.038,0.399018624907272,0.45,-34377.19381344,70564.2195099732,16,1.88999999999999,TRUE,"","r1 under",4,2,5,2,4,490,510490,710490
"RDMM",3.93054776603357,0.929225226682135,0.018,0.741665044641368,0.108,-31014.9017275187,63832.7275828517,153,5.91,TRUE,"","r1 under",4,2,5,2,4,490,510490,710490
"DGMM",NA,0.333524518675151,0.211,0.242632001603938,0.411,-33671.0762366768,69151.984356447,16,1.86000000000001,TRUE,"","r1 under",4,2,5,2,4,491,510491,710491
"RDMM",3.84810928233624,0.917681613617807,0.021,0.776572881996416,0.091,-31423.3290361298,64649.5822000739,100,3.96000000000001,TRUE,"","r1 under",4,2,5,2,4,491,510491,710491
"DGMM",NA,-0.000834371011485645,0.498,-0.000724759878611261,0.735,-32623.5135368398,67056.858956773,29,3.36000000000001,TRUE,"","r1 under",4,2,5,2,4,492,510492,710492
"RDMM",3.5766332368251,0.879723674463989,0.031,0.748538952587754,0.103,-31192.9346720502,64188.7934719147,148,5.76000000000002,TRUE,"","r1 under",4,2,5,2,4,492,510492,710492
"DGMM",NA,0.40135598827547,0.183,0.170018816740013,0.548,-33886.6234057114,69583.0786945161,33,3.77999999999997,TRUE,"","r1 under",4,2,5,2,4,493,510493,710493
"RDMM",3.69065706902559,0.917681682703154,0.021,0.73850457263183,0.107,-31057.7028527791,63918.3298333725,208,8.10000000000002,TRUE,"","r1 under",4,2,5,2,4,493,510493,710493
"DGMM",NA,0.921521468576403,0.02,0.654530844091974,0.149,-33704.5718734381,69218.9756299695,15,1.77999999999997,TRUE,"","r1 under",4,2,5,2,4,494,510494,710494
"RDMM",4.2005652471829,0.952528518110309,0.012,0.727773191890939,0.114,-31192.0034052328,64186.9309382799,100,3.92999999999995,TRUE,"","r1 under",4,2,5,2,4,494,510494,710494
"DGMM",NA,0.639644498272615,0.1,0.250601081431552,0.483,-34221.8805405888,70253.5929642709,10,1.15999999999997,TRUE,"","r1 under",4,2,5,2,4,495,510495,710495
"RDMM",3.71912713710875,0.933089026585989,0.017,0.777359406690877,0.091,-30703.2671921452,63209.4585121048,100,4,TRUE,"","r1 under",4,2,5,2,4,495,510495,710495
"DGMM",NA,0.503627692967199,0.145,0.201058489440544,0.539,-33265.1422626557,68340.1164084047,20,2.30000000000001,TRUE,"","r1 under",4,2,5,2,4,496,510496,710496
"RDMM",4.14629321053347,0.936960944142815,0.016,0.50646948820023,0.289,-31053.8357034158,63910.5955346459,229,8.75,TRUE,"","r1 under",4,2,5,2,4,496,510496,710496
"DGMM",NA,0.429451430626821,0.172,0.172224841866392,0.536,-33617.0170142927,69043.8659116788,24,2.75,TRUE,"","r1 under",4,2,5,2,4,497,510497,710497
"RDMM",3.94854376723765,0.92922429702905,0.018,0.736728715082868,0.108,-30940.7866599164,63684.4974476472,115,4.54000000000002,TRUE,"","r1 under",4,2,5,2,4,497,510497,710497
"DGMM",NA,0.824289619463163,0.046,0.349846893804527,0.412,-33804.7575711009,69419.3470252951,13,1.5,TRUE,"","r1 under",4,2,5,2,4,498,510498,710498
"RDMM",3.86859046424787,0.929225173909982,0.018,0.762510510333128,0.097,-31010.5819561854,63824.0880401852,100,3.93000000000001,TRUE,"","r1 under",4,2,5,2,4,498,510498,710498
"DGMM",NA,0.333430517431549,0.211,0.151481066687099,0.58,-33800.0869409856,69410.0057650645,40,4.49000000000001,TRUE,"","r1 under",4,2,5,2,4,499,510499,710499
"RDMM",3.71957484595101,0.925369369548842,0.019,0.736558077765732,0.109,-30857.4742207484,63517.8725693111,111,4.25,TRUE,"","r1 under",4,2,5,2,4,499,510499,710499
"DGMM",NA,0.781238398368294,0.058,0.300044205828365,0.421,-33700.3353653255,69210.5026137444,11,1.30000000000001,TRUE,"","r1 under",4,2,5,2,4,500,510500,710500
"RDMM",4.20897298226952,0.936960922531165,0.016,0.757042896282693,0.1,-30910.6797968918,63624.283721598,100,3.75,TRUE,"","r1 under",4,2,5,2,4,500,510500,710500
"DGMM",NA,0.853630233449191,0.038,0.333826235686774,0.454,-33460.354527911,68937.7735972848,19,1.45,TRUE,"","r2 under",5,1,5,2,4,1,510001,710001
"RDMM",3.98268899058628,0.944728682080226,0.014,0.778627341129504,0.09,-30791.8662278451,63607.7047524319,100,4.17,TRUE,"","r2 under",5,1,5,2,4,1,510001,710001
"DGMM",NA,0.464479632612413,0.159,0.211641358395086,0.515,-33352.8772679658,68722.8190773944,38,4.58,TRUE,"","r2 under",5,1,5,2,4,2,510002,710002
"RDMM",3.9177835165886,0.944728003857717,0.014,0.799281879306761,0.081,-30605.4785482781,63234.929393298,100,4.32,TRUE,"","r2 under",5,1,5,2,4,2,510002,710002
"DGMM",NA,0.917681665646944,0.021,0.400056558383618,0.421,-32924.4350649843,67865.9346714313,20,2.56,TRUE,"","r2 under",5,1,5,2,4,3,510003,710003
"RDMM",4.05130856238114,0.948624621535928,0.013,0.745639425656847,0.105,-30449.6409214858,62923.2541397133,205,8.62,TRUE,"","r2 under",5,1,5,2,4,3,510003,710003
"DGMM",NA,0.767146719373973,0.062,0.337924768127557,0.419,-32465.986456922,66949.0374553068,14,1.81,TRUE,"","r2 under",5,1,5,2,4,4,510004,710004
"RDMM",4.33271378296824,0.960360322224328,0.01,0.787827633204943,0.086,-30184.3503278898,62392.6729525214,111,4.74,TRUE,"","r2 under",5,1,5,2,4,4,510004,710004
"DGMM",NA,0.861044960335465,0.036,0.301201691045749,0.463,-33922.5281752088,69862.1208918804,14,1.8,TRUE,"","r2 under",5,1,5,2,4,5,510005,710005
"RDMM",4.05435125702309,0.913849829650331,0.022,0.57373454191498,0.196,-31108.1941754355,64240.3606476128,164,7.59,TRUE,"","r2 under",5,1,5,2,4,5,510005,710005
"DGMM",NA,0.331117444348237,0.212,0.136065864558931,0.571,-32793.6711402489,67604.4068219606,31,5.17,TRUE,"","r2 under",5,1,5,2,4,6,510006,710006
"RDMM",3.95755370518522,0.96428828751537,0.009,0.765471392580773,0.097,-30442.4118392071,62908.795975156,117,5.5,TRUE,"","r2 under",5,1,5,2,4,6,510006,710006
"DGMM",NA,0.835231135695764,0.043,0.32832526951752,0.493,-33348.4574182022,68713.9793778672,13,1.82,TRUE,"","r2 under",5,1,5,2,4,7,510007,710007
"RDMM",4.23981779880103,0.913849802933086,0.022,0.724775009039898,0.114,-30653.2543174213,63330.4809315844,300,13.97,TRUE,"","r2 under",5,1,5,2,4,7,510007,710007
"DGMM",NA,0.729036881389506,0.073,0.267548262727166,0.502,-33479.9856533473,68977.0358481574,13,1.59,TRUE,"","r2 under",5,1,5,2,4,8,510008,710008
"RDMM",4.12548968158669,0.933089019055487,0.017,0.78494279473513,0.088,-30740.0867885392,63504.1458738202,115,4.56,TRUE,"","r2 under",5,1,5,2,4,8,510008,710008
"DGMM",NA,0.424436704013561,0.174,0.182107847478835,0.538,-32921.8023345182,67860.6692104991,31,3.61,TRUE,"","r2 under",5,1,5,2,4,9,510009,710009
"RDMM",3.94597955553965,0.910025491233949,0.023,0.544805833030886,0.288,-30691.5400376848,63407.0523721113,128,4.97,TRUE,"","r2 under",5,1,5,2,4,9,510009,710009
"DGMM",NA,0.8684924704625,0.034,0.294477478796822,0.475,-33134.2932602393,68285.6510619414,25,2.91,TRUE,"","r2 under",5,1,5,2,4,10,510010,710010
"RDMM",3.61520058417197,0.917681641844255,0.021,0.772060160895533,0.093,-30358.609239958,62741.1907766577,151,5.88,TRUE,"","r2 under",5,1,5,2,4,10,510010,710010
"DGMM",NA,0.456445914303108,0.162,0.180593233025837,0.556,-33515.5136541182,69048.0918496991,20,2.37,TRUE,"","r2 under",5,1,5,2,4,11,510011,710011
"RDMM",4.03572860213064,0.944728721551223,0.014,0.756689768837998,0.1,-30666.245916226,63356.4641291938,232,8.91999999999999,TRUE,"","r2 under",5,1,5,2,4,11,510011,710011
"DGMM",NA,0.340144811462998,0.208,0.156098507922079,0.583,-32204.5659162671,66426.1963739969,29,3.41,TRUE,"","r2 under",5,1,5,2,4,12,510012,710012
"RDMM",4.51375802335585,0.952528145633683,0.012,0.733060448317786,0.111,-30165.1177564579,62354.2078096576,203,8.05,TRUE,"","r2 under",5,1,5,2,4,12,510012,710012
"DGMM",NA,0.817032995967402,0.048,0.304525403590019,0.471,-33604.1389533955,69225.3424482539,14,1.89,TRUE,"","r2 under",5,1,5,2,4,13,510013,710013
"RDMM",4.05039825478725,0.864764638438261,0.035,0.541408438487264,0.223,-30844.5390631672,63713.0504230762,106,4.18000000000001,TRUE,"","r2 under",5,1,5,2,4,13,510013,710013
"DGMM",NA,0.864764699396585,0.035,0.331824200581286,0.45,-33602.171128309,69221.4067980807,13,1.59999999999999,TRUE,"","r2 under",5,1,5,2,4,14,510014,710014
"RDMM",4.00787291739102,0.929225207184054,0.018,0.7558894261103,0.1,-30729.986125742,63483.9445482258,160,6.23999999999998,TRUE,"","r2 under",5,1,5,2,4,14,510014,710014
"DGMM",NA,0.91768163238969,0.021,0.396002846262815,0.492,-32593.002597098,67203.0697356588,13,1.56,TRUE,"","r2 under",5,1,5,2,4,15,510015,710015
"RDMM",4.3538449446012,0.925369299655092,0.019,0.63196785579088,0.177,-30320.5836877942,62665.1396723301,177,6.89000000000001,TRUE,"","r2 under",5,1,5,2,4,15,510015,710015
"DGMM",NA,0.879723762771281,0.031,0.338512955954334,0.436,-33994.3228948384,70005.7103311396,14,1.67999999999998,TRUE,"","r2 under",5,1,5,2,4,16,510016,710016
"RDMM",3.75340573511559,0.925369367754119,0.019,0.781745530258914,0.088,-31137.7300756396,64299.432448021,129,5.03,TRUE,"","r2 under",5,1,5,2,4,16,510016,710016
"DGMM",NA,0.456412549570301,0.162,0.215179865656177,0.545,-34014.8918007783,70046.8481430193,11,1.34,TRUE,"","r2 under",5,1,5,2,4,17,510017,710017
"RDMM",3.86158320879859,0.933088968852098,0.017,0.731928922317567,0.111,-30632.0680283243,63288.1083533904,161,6.22,TRUE,"","r2 under",5,1,5,2,4,17,510017,710017
"DGMM",NA,0.925369388812194,0.019,0.387291562893275,0.496,-33076.6010261203,68170.2665937034,14,1.67000000000002,TRUE,"","r2 under",5,1,5,2,4,18,510018,710018
"RDMM",4.12496655091882,0.948624626148382,0.013,0.787773508097948,0.086,-30474.9980473961,62973.968391534,147,5.75,TRUE,"","r2 under",5,1,5,2,4,18,510018,710018
"DGMM",NA,0.910026078171181,0.023,0.325455434173459,0.471,-33151.5270286148,68320.1185986923,28,3.27999999999997,TRUE,"","r2 under",5,1,5,2,4,19,510019,710019
"RDMM",4.0547875815858,0.944728692638263,0.014,0.78198349370558,0.089,-30153.432267349,62330.8368314397,100,3.95000000000002,TRUE,"","r2 under",5,1,5,2,4,19,510019,710019
"DGMM",NA,0.835231199136018,0.043,0.329198971107346,0.437,-33875.8668730389,69768.7982875405,15,1.78,TRUE,"","r2 under",5,1,5,2,4,20,510020,710020
"RDMM",4.19997133239975,0.933089037437632,0.017,0.761809089624095,0.097,-30679.3924067469,63382.7571102356,135,5.32999999999998,TRUE,"","r2 under",5,1,5,2,4,20,510020,710020
"DGMM",NA,0.906210161911687,0.024,0.411943445849708,0.457,-33200.3985882106,68417.8617178839,24,2.82999999999998,TRUE,"","r2 under",5,1,5,2,4,21,510021,710021
"RDMM",3.78836465423096,0.936960929541006,0.016,0.741206046405648,0.106,-30617.5780716571,63259.128440056,222,8.75,TRUE,"","r2 under",5,1,5,2,4,21,510021,710021
"DGMM",NA,0.42982867523934,0.172,0.194651184299461,0.51,-32989.599586121,67996.2637137048,22,2.58000000000001,TRUE,"","r2 under",5,1,5,2,4,22,510022,710022
"RDMM",4.08547612546732,0.921521451032443,0.02,0.722129436936923,0.115,-30709.8026838966,63443.5776645349,107,4.19000000000003,TRUE,"","r2 under",5,1,5,2,4,22,510022,710022
"DGMM",NA,0.835231224231042,0.043,0.324400081506484,0.47,-33668.8412500905,69354.7470416438,13,1.57999999999998,TRUE,"","r2 under",5,1,5,2,4,23,510023,710023
"RDMM",3.92467157701869,0.93696094103508,0.016,0.733194570963634,0.111,-30989.8117976636,64003.595892069,129,5.05000000000001,TRUE,"","r2 under",5,1,5,2,4,23,510023,710023
"DGMM",NA,0.79903506644836,0.053,0.300497754553163,0.469,-33618.3244181753,69253.7133778134,9,1.09,TRUE,"","r2 under",5,1,5,2,4,24,510024,710024
"RDMM",3.95047486106099,0.921521442885772,0.02,0.756975490401526,0.099,-30307.5969054797,62639.1661077011,153,5.97999999999999,TRUE,"","r2 under",5,1,5,2,4,24,510024,710024
"DGMM",NA,0.427208413769478,0.173,0.170923863180136,0.546,-32756.241239112,67529.5470196868,21,2.59,TRUE,"","r2 under",5,1,5,2,4,25,510025,710025
"RDMM",3.90473948555703,0.936960901838179,0.016,0.766910893990463,0.095,-30163.832097562,62351.6364918658,115,4.42000000000002,TRUE,"","r2 under",5,1,5,2,4,25,510025,710025
"DGMM",NA,0.34987447842204,0.204,0.138738062954078,0.563,-33486.0174421722,68989.0994258071,31,3.68000000000001,TRUE,"","r2 under",5,1,5,2,4,26,510026,710026
"RDMM",3.74584154510369,0.944728709410601,0.014,0.782518164944286,0.088,-31017.0269143169,64058.0261253756,123,4.72,TRUE,"","r2 under",5,1,5,2,4,26,510026,710026
"DGMM",NA,0.824288658342341,0.046,0.296217466893064,0.501,-33897.563988665,69812.1925187928,13,1.59999999999999,TRUE,"","r2 under",5,1,5,2,4,27,510027,710027
"RDMM",4.12676010858003,0.917681608634493,0.021,0.65826727997147,0.147,-31189.2882012122,64402.5486991661,114,4.48999999999998,TRUE,"","r2 under",5,1,5,2,4,27,510027,710027
"DGMM",NA,0.849934122952994,0.039,0.326705857988684,0.433,-34005.105348839,70027.2752391407,16,1.91,TRUE,"","r2 under",5,1,5,2,4,28,510028,710028
"RDMM",3.42856244880001,0.917681647967814,0.021,0.707208156993247,0.122,-31220.1653362537,64464.3029692491,108,4.25,TRUE,"","r2 under",5,1,5,2,4,28,510028,710028
"DGMM",NA,0.898602520306133,0.026,0.332439524142431,0.488,-33336.6020539428,68690.2686493483,13,1.61000000000001,TRUE,"","r2 under",5,1,5,2,4,29,510029,710029
"RDMM",4.05169924197408,0.929225218842736,0.018,0.741464267900476,0.106,-30684.5009186041,63392.9741339499,188,7.56999999999999,TRUE,"","r2 under",5,1,5,2,4,29,510029,710029
"DGMM",NA,0.451084597756075,0.164,0.182339488241288,0.556,-33467.3876232522,68951.8397879672,27,3.25,TRUE,"","r2 under",5,1,5,2,4,30,510030,710030
"RDMM",4.03463889072529,0.936960904339529,0.016,0.758329708242067,0.099,-30950.6060243391,63925.1843454199,128,4.94999999999999,TRUE,"","r2 under",5,1,5,2,4,30,510030,710030
"DGMM",NA,0.902402481847876,0.025,0.369357076822631,0.501,-33745.9263680356,69508.9172775339,18,2.22999999999999,TRUE,"","r2 under",5,1,5,2,4,31,510031,710031
"RDMM",3.93466438111081,0.948624319256944,0.013,0.731599908065159,0.112,-30880.6960395035,63785.3643757487,183,7.10999999999999,TRUE,"","r2 under",5,1,5,2,4,31,510031,710031
"DGMM",NA,0.359457765895114,0.2,0.147614289785737,0.544,-33129.8592145735,68276.7829706098,26,3.00999999999999,TRUE,"","r2 under",5,1,5,2,4,32,510032,710032
"RDMM",3.8586772903711,0.936960899800715,0.016,0.747385872759181,0.104,-30454.2359536419,62932.4442040256,189,7.36000000000001,TRUE,"","r2 under",5,1,5,2,4,32,510032,710032
"DGMM",NA,0.284437216436115,0.233,0.120065719571042,0.608,-33024.6762927249,68066.4171269125,25,2.94,TRUE,"","r2 under",5,1,5,2,4,33,510033,710033
"RDMM",3.87531738081824,0.861045047050004,0.036,0.704656511329223,0.122,-30835.3036738105,63694.5796443628,192,7.81999999999999,TRUE,"","r2 under",5,1,5,2,4,33,510033,710033
"DGMM",NA,0.592492836464126,0.115,0.39336518645693,0.297,-33235.2434509304,68487.5514433236,6,0.769999999999982,TRUE,"","r2 under",5,1,5,2,4,34,510034,710034
"RDMM",4.25775614418661,0.917681695293387,0.021,0.742644189666336,0.107,-30488.4997400571,63000.9717768561,100,3.93000000000001,TRUE,"","r2 under",5,1,5,2,4,34,510034,710034
"DGMM",NA,0.3788672676998,0.192,0.148188849806242,0.565,-33357.519194332,68732.1029301268,24,2.91999999999996,TRUE,"","r2 under",5,1,5,2,4,35,510035,710035
"RDMM",3.99637923712833,0.906210180564387,0.024,0.738565811642889,0.107,-30914.0560843691,63852.08446548,109,4.27000000000004,TRUE,"","r2 under",5,1,5,2,4,35,510035,710035
"DGMM",NA,0.875971972616221,0.032,0.351924317125715,0.409,-33810.9167381473,69638.8980177573,11,1.37,TRUE,"","r2 under",5,1,5,2,4,36,510036,710036
"RDMM",3.60567686014738,0.940840839560444,0.015,0.77898110625321,0.09,-30890.5376691506,63805.047635043,285,11.24,TRUE,"","r2 under",5,1,5,2,4,36,510036,710036
"DGMM",NA,0.000332763653202613,0.479,-0.000124383283841326,0.735,-32155.3336618086,66327.73186508,30,3.54999999999995,TRUE,"","r2 under",5,1,5,2,4,37,510037,710037
"RDMM",4.05396683198729,0.960360346887023,0.01,0.74511215007183,0.105,-30705.7909864386,63435.554269619,192,7.43000000000001,TRUE,"","r2 under",5,1,5,2,4,37,510037,710037
"DGMM",NA,0.883483596751324,0.03,0.327156144268663,0.497,-33240.1360535348,68497.3366485324,11,1.31,TRUE,"","r2 under",5,1,5,2,4,38,510038,710038
"RDMM",4.21940307082896,0.936960962088841,0.016,0.729911715663995,0.113,-30616.2744827778,63256.5212622973,300,11.61,TRUE,"","r2 under",5,1,5,2,4,38,510038,710038
"DGMM",NA,0.00525195122638037,0.458,0.00288360863563077,0.717,-31735.4971549281,65488.058851319,27,3.21999999999997,TRUE,"","r2 under",5,1,5,2,4,39,510039,710039
"RDMM",3.79745535555564,0.933088593328358,0.017,0.732510389446821,0.111,-30618.3110506905,63260.5943981228,147,5.73000000000002,TRUE,"","r2 under",5,1,5,2,4,39,510039,710039
"DGMM",NA,0.902401948249198,0.025,0.315603229371429,0.479,-32655.8698667026,67328.804274868,13,1.57999999999998,TRUE,"","r2 under",5,1,5,2,4,40,510040,710040
"RDMM",3.98979449671329,0.94472853234353,0.014,0.72738782365169,0.114,-30025.3295553769,62074.6314074956,113,4.11000000000001,TRUE,"","r2 under",5,1,5,2,4,40,510040,710040
"DGMM",NA,0.00074122385940252,0.481,0.00327761293523672,0.712,-33266.377619939,68549.8197813407,28,2.83000000000004,TRUE,"","r2 under",5,1,5,2,4,41,510041,710041
"RDMM",3.90938657541483,0.913849794049433,0.022,0.73495722215511,0.109,-31140.4330431655,64304.8383830728,172,5.54999999999995,TRUE,"","r2 under",5,1,5,2,4,41,510041,710041
"DGMM",NA,0.827928748092487,0.045,0.305509017333949,0.449,-32916.3197538711,67849.7040492049,10,1.01999999999998,TRUE,"","r2 under",5,1,5,2,4,42,510042,710042
"RDMM",4.22209639472372,0.960360324756183,0.01,0.768195954504286,0.095,-30256.5621427229,62537.0965821876,300,8.82999999999998,TRUE,"","r2 under",5,1,5,2,4,42,510042,710042
"DGMM",NA,0.875971546986791,0.032,0.310147171022433,0.487,-33216.2838175674,68449.6321765976,32,2.06,TRUE,"","r2 under",5,1,5,2,4,43,510043,710043
"RDMM",4.23792771107752,0.936960924091603,0.016,0.776036339537241,0.091,-30746.3018806295,63516.5760580008,184,7.61,TRUE,"","r2 under",5,1,5,2,4,43,510043,710043
"DGMM",NA,0.820657094135024,0.047,0.278016668390601,0.51,-33813.0919084614,69643.2483583857,14,1.81,TRUE,"","r2 under",5,1,5,2,4,44,510044,710044
"RDMM",3.77265284629659,0.910025232209196,0.023,0.71626316339849,0.118,-30860.6215231157,63745.2153429733,115,4.94,TRUE,"","r2 under",5,1,5,2,4,44,510044,710044
"DGMM",NA,0.879723711864831,0.031,0.377632335328977,0.477,-33297.2379468138,68611.5404350904,19,2.39,TRUE,"","r2 under",5,1,5,2,4,45,510045,710045
"RDMM",3.85786511640388,0.921521522748238,0.02,0.690576534102292,0.13,-30532.9742105551,63089.9207178519,300,12.41,TRUE,"","r2 under",5,1,5,2,4,45,510045,710045
"DGMM",NA,0.41664527753359,0.177,0.200613388973028,0.555,-33150.0038762558,68317.0722939744,16,2.08,TRUE,"","r2 under",5,1,5,2,4,46,510046,710046
"RDMM",3.50726670526305,0.936960731054577,0.016,0.79563685421441,0.083,-30436.3852892081,62896.742875158,169,7.44,TRUE,"","r2 under",5,1,5,2,4,46,510046,710046
"DGMM",NA,0.883483591012844,0.03,0.2993745160453,0.498,-33638.0665597158,69293.1976608944,23,4.06,TRUE,"","r2 under",5,1,5,2,4,47,510047,710047
"RDMM",3.51726141096312,0.936960860215673,0.016,0.757093477956842,0.099,-30648.6766228465,63321.3255424349,180,8.63,TRUE,"","r2 under",5,1,5,2,4,47,510047,710047
"DGMM",NA,0.853630104817992,0.038,0.389479563165299,0.456,-32913.1305370607,67843.3256155842,18,2.63,TRUE,"","r2 under",5,1,5,2,4,48,510048,710048
"RDMM",3.92532779972228,0.933089052884805,0.017,0.729223560793229,0.113,-30480.8033124322,62985.5789216062,213,10.22,TRUE,"","r2 under",5,1,5,2,4,48,510048,710048
"DGMM",NA,0.781238753995554,0.058,0.259197388115983,0.512,-33927.8084407422,69872.6814229471,16,2.03,TRUE,"","r2 under",5,1,5,2,4,49,510049,710049
"RDMM",3.632716737916,0.940840803333711,0.015,0.808922758494423,0.077,-30660.7171018457,63345.4065004332,300,11.58,TRUE,"","r2 under",5,1,5,2,4,49,510049,710049
"DGMM",NA,0.89859639561088,0.026,0.32249628939254,0.462,-33674.4219246327,69365.9083907282,16,1.88999999999999,TRUE,"","r2 under",5,1,5,2,4,50,510050,710050
"RDMM",3.86503519015691,0.93308620619364,0.017,0.750847042274113,0.103,-30716.9941532025,63457.9606031467,100,3.86999999999999,TRUE,"","r2 under",5,1,5,2,4,50,510050,710050
"DGMM",NA,0.913849880926014,0.022,0.406355609894377,0.47,-33682.6371068293,69382.3387551213,27,3.22,TRUE,"","r2 under",5,1,5,2,4,51,510051,710051
"RDMM",4.09384854717531,0.936960925487305,0.016,0.768893816455919,0.094,-30899.4182308597,63822.8087584611,230,8.92,TRUE,"","r2 under",5,1,5,2,4,51,510051,710051
"DGMM",NA,0.891027042357476,0.028,0.330688362798224,0.47,-33315.2209602241,68647.5064619109,14,1.67,TRUE,"","r2 under",5,1,5,2,4,52,510052,710052
"RDMM",4.00367630717494,0.936960967622121,0.016,0.773675773360493,0.092,-30621.5971681924,63267.1666331266,180,7,TRUE,"","r2 under",5,1,5,2,4,52,510052,710052
"DGMM",NA,0.419376771092456,0.176,0.167833391383426,0.565,-32985.2121979993,67987.4889374613,21,2.49000000000001,TRUE,"","r2 under",5,1,5,2,4,53,510053,710053
"RDMM",4.16512158477073,0.940840811027485,0.015,0.708690175760218,0.122,-30691.54759993,63407.0674966018,142,5.86,TRUE,"","r2 under",5,1,5,2,4,53,510053,710053
"DGMM",NA,0.925369315735835,0.019,0.418619917991135,0.481,-32952.5263666542,67922.1172747713,19,2.41999999999999,TRUE,"","r2 under",5,1,5,2,4,54,510054,710054
"RDMM",4.45714018541995,0.952528498235081,0.012,0.749884430940934,0.103,-30728.7814383513,63481.5351734443,157,6.21000000000001,TRUE,"","r2 under",5,1,5,2,4,54,510054,710054
"DGMM",NA,-0.00021179381753267,0.488,-0.000719494690784381,0.731,-32250.6042973576,66518.273136178,29,3.41999999999999,TRUE,"","r2 under",5,1,5,2,4,55,510055,710055
"RDMM",3.84472403895097,0.933089068331971,0.017,0.747574516947338,0.104,-30867.1519829987,63758.2762627391,127,5.03,TRUE,"","r2 under",5,1,5,2,4,55,510055,710055
"DGMM",NA,0.898602531849593,0.026,0.379425992552708,0.456,-33003.8119136662,68024.6883687952,14,1.68000000000001,TRUE,"","r2 under",5,1,5,2,4,56,510056,710056
"RDMM",4.08087045283876,0.960360335064719,0.01,0.760627810361737,0.099,-30539.0638031491,63102.09990304,138,5.35999999999999,TRUE,"","r2 under",5,1,5,2,4,56,510056,710056
"DGMM",NA,0.000263728341860465,0.484,0.00200993613257475,0.718,-32274.3621251804,66565.7887918235,27,3.25,TRUE,"","r2 under",5,1,5,2,4,57,510057,710057
"RDMM",3.6050278806296,0.929225213828652,0.018,0.603795450256637,0.185,-31108.779770642,64241.5318380258,186,7.33000000000001,TRUE,"","r2 under",5,1,5,2,4,57,510057,710057
"DGMM",NA,0.827927938272931,0.045,0.29461506871474,0.502,-33882.8742806593,69782.8131027814,13,1.56,TRUE,"","r2 under",5,1,5,2,4,58,510058,710058
"RDMM",3.72091694265228,0.88725125152239,0.029,0.702165507518496,0.124,-30639.2858755643,63302.5440478703,260,10.05,TRUE,"","r2 under",5,1,5,2,4,58,510058,710058
"DGMM",NA,0.509315404941155,0.143,0.192438411263363,0.557,-33093.3603592688,68203.7852600003,19,2.28,TRUE,"","r2 under",5,1,5,2,4,59,510059,710059
"RDMM",3.74977712939041,0.933089087640918,0.017,0.721421435143622,0.116,-30702.3262572107,63428.6248111632,233,9.08000000000001,TRUE,"","r2 under",5,1,5,2,4,59,510059,710059
"DGMM",NA,-0.000619194739723106,0.495,-0.00071776874240559,0.74,-32292.2238469365,66601.5122353357,31,3.88,TRUE,"","r2 under",5,1,5,2,4,60,510060,710060
"RDMM",3.61754727633369,0.940840793181568,0.015,0.730008967004861,0.112,-31005.6805328136,64035.333362369,204,8.00999999999999,TRUE,"","r2 under",5,1,5,2,4,60,510060,710060
"DGMM",NA,0.898602569815705,0.026,0.349351468808413,0.423,-33516.6034998953,69050.2715412533,15,1.81,TRUE,"","r2 under",5,1,5,2,4,61,510061,710061
"RDMM",3.80288195183713,0.933089084397016,0.017,0.716761882636677,0.118,-30792.2897271072,63608.5517509561,108,4.21000000000001,TRUE,"","r2 under",5,1,5,2,4,61,510061,710061
"DGMM",NA,0.902402408870828,0.025,0.374869645710921,0.4,-33222.7667588233,68462.5980591093,11,1.34999999999999,TRUE,"","r2 under",5,1,5,2,4,62,510062,710062
"RDMM",4.10193594041931,0.952528525233878,0.012,0.750005889321661,0.103,-30520.9804321608,63065.9331610635,157,6.13,TRUE,"","r2 under",5,1,5,2,4,62,510062,710062
"DGMM",NA,0.408999283529914,0.18,0.166478177080885,0.547,-32811.9426974859,67640.9499364345,23,2.72999999999999,TRUE,"","r2 under",5,1,5,2,4,63,510063,710063
"RDMM",4.10978066653513,0.917681681372865,0.021,0.740806809949714,0.106,-30517.4670397249,63058.9063761915,194,7.60999999999999,TRUE,"","r2 under",5,1,5,2,4,63,510063,710063
"DGMM",NA,0.000582112484962942,0.467,0.0696462789684226,0.638,-33028.8039096628,68074.6723607884,19,2.32999999999998,TRUE,"","r2 under",5,1,5,2,4,64,510064,710064
"RDMM",4.30271550079608,0.000582112484962942,0.467,0.314660867043913,0.524,-30899.834809038,63823.6419148178,114,4.42000000000002,TRUE,"","r2 under",5,1,5,2,4,64,510064,710064
"DGMM",NA,0.868491447068539,0.034,0.295685171962735,0.469,-34022.735842987,70062.5362274367,27,3.15000000000001,TRUE,"","r2 under",5,1,5,2,4,65,510065,710065
"RDMM",3.49253318468543,0.921521082063927,0.02,0.768380087827981,0.094,-30760.4165023882,63544.8053015181,149,5.83000000000001,TRUE,"","r2 under",5,1,5,2,4,65,510065,710065
"DGMM",NA,0.383872753397558,0.19,0.159355373532459,0.562,-32447.1813336966,66911.4272088561,22,2.61000000000001,TRUE,"","r2 under",5,1,5,2,4,66,510066,710066
"RDMM",4.08595814627849,0.917681655384709,0.021,0.707740789783134,0.122,-30131.3586323538,62286.6895614494,300,11.94,TRUE,"","r2 under",5,1,5,2,4,66,510066,710066
"DGMM",NA,0.559068202078255,0.126,0.218298626082704,0.511,-34651.2419558115,71319.5484530859,9,1.11000000000001,TRUE,"","r2 under",5,1,5,2,4,67,510067,710067
"RDMM",3.87441210693631,0.925369306374546,0.019,0.766219647624639,0.095,-30933.6275417725,63891.2273802867,156,5.98000000000002,TRUE,"","r2 under",5,1,5,2,4,67,510067,710067
"DGMM",NA,0.929225220313262,0.018,0.396843312886701,0.48,-33620.0565862689,69257.1777140006,18,2.13,TRUE,"","r2 under",5,1,5,2,4,68,510068,710068
"RDMM",3.86352304001608,0.921521522748238,0.02,0.75635297565135,0.1,-31026.7799460141,64077.53218877,160,6.21999999999997,TRUE,"","r2 under",5,1,5,2,4,68,510068,710068
"DGMM",NA,-0.000284895899554287,0.487,0.000863696855642123,0.729,-32755.2572595168,67527.5790604964,23,2.73999999999995,TRUE,"","r2 under",5,1,5,2,4,69,510069,710069
"RDMM",3.64503924800093,0.891027031875118,0.028,0.620405027519476,0.173,-31404.9424072744,64833.8571112906,154,6.01999999999998,TRUE,"","r2 under",5,1,5,2,4,69,510069,710069
"DGMM",NA,-0.000711286193540513,0.496,0.000136177503288638,0.736,-31938.3567579317,65893.7780573262,34,3.99000000000001,TRUE,"","r2 under",5,1,5,2,4,70,510070,710070
"RDMM",3.83593885177805,0.929225173909982,0.018,0.74505029254982,0.105,-30761.875669244,63547.7236352298,298,11.97,TRUE,"","r2 under",5,1,5,2,4,70,510070,710070
"DGMM",NA,0.411521710492268,0.179,0.169286169881194,0.56,-32855.6857848449,67728.4361111526,19,2.23999999999995,TRUE,"","r2 under",5,1,5,2,4,71,510071,710071
"RDMM",4.12102295552943,0.925369338291937,0.019,0.719000480300543,0.117,-30539.6227090384,63103.2177148186,124,4.90000000000003,TRUE,"","r2 under",5,1,5,2,4,71,510071,710071
"DGMM",NA,0.902402328414444,0.025,0.360455675127636,0.487,-34059.1291601521,70135.322861767,12,1.44999999999999,TRUE,"","r2 under",5,1,5,2,4,72,510072,710072
"RDMM",3.78189718915068,0.933088961591909,0.017,0.773575354734561,0.092,-30880.24545317,63784.4632030817,216,8.39999999999998,TRUE,"","r2 under",5,1,5,2,4,72,510072,710072
"DGMM",NA,0.910026028181072,0.023,0.392000106125399,0.471,-33404.5209611555,68826.1064637737,28,3.44,TRUE,"","r2 under",5,1,5,2,4,73,510073,710073
"RDMM",3.88549248278402,0.917681681879641,0.021,0.768490155287747,0.094,-30759.9288677119,63543.8300321657,300,11.53,TRUE,"","r2 under",5,1,5,2,4,73,510073,710073
"DGMM",NA,0.806210317415021,0.051,0.274493744258704,0.496,-33857.1836656979,69731.4318728586,11,1.32999999999998,TRUE,"","r2 under",5,1,5,2,4,74,510074,710074
"RDMM",3.78356300284415,0.960360353719972,0.01,0.755696804884402,0.101,-30312.7640853023,62649.5004673464,128,5.02999999999997,TRUE,"","r2 under",5,1,5,2,4,74,510074,710074
"DGMM",NA,0.864764821078913,0.035,0.310740444519316,0.447,-33843.5441899227,69704.1529213082,10,1.35000000000002,TRUE,"","r2 under",5,1,5,2,4,75,510075,710075
"RDMM",3.80592700167027,0.940840833050333,0.015,0.739696805712376,0.108,-30895.13204414,63814.2363850218,153,5.87,TRUE,"","r2 under",5,1,5,2,4,75,510075,710075
"DGMM",NA,0.427178505594081,0.173,0.175416585632173,0.575,-33189.6080010381,68396.280543539,27,3.21000000000004,TRUE,"","r2 under",5,1,5,2,4,76,510076,710076
"RDMM",3.84981588894482,0.925369354832112,0.019,0.746711771153713,0.105,-30736.9236976813,63497.8196921043,144,5.57999999999998,TRUE,"","r2 under",5,1,5,2,4,76,510076,710076
"DGMM",NA,0.87972360754504,0.031,0.342148661823165,0.417,-33807.0718144752,69631.2081704131,12,1.5,TRUE,"","r2 under",5,1,5,2,4,77,510077,710077
"RDMM",3.88275231555871,0.925369307661963,0.019,0.745141204126821,0.105,-30871.8266591583,63767.6256150584,121,4.72000000000003,TRUE,"","r2 under",5,1,5,2,4,77,510077,710077
"DGMM",NA,0.411549204043964,0.179,0.159073398852681,0.519,-33484.6612612763,68986.3870640155,13,1.49000000000001,TRUE,"","r2 under",5,1,5,2,4,78,510078,710078
"RDMM",3.81048044693948,0.906210201976264,0.024,0.742376407171751,0.105,-30438.5919861995,62901.1562691408,213,7.22999999999996,TRUE,"","r2 under",5,1,5,2,4,78,510078,710078
"DGMM",NA,0.788332742601603,0.056,0.338143905986631,0.441,-33268.3090130461,68553.6825675549,11,1.14000000000004,TRUE,"","r2 under",5,1,5,2,4,79,510079,710079
"RDMM",4.12859252671776,0.925369315735835,0.019,0.761865864199431,0.097,-30691.5432602498,63407.0588172414,300,9.38,TRUE,"","r2 under",5,1,5,2,4,79,510079,710079
"DGMM",NA,0.461915629001297,0.16,0.187192407377881,0.53,-33606.4711955941,69230.0069326511,21,1.89999999999998,TRUE,"","r2 under",5,1,5,2,4,80,510080,710080
"RDMM",3.84527310427122,0.91768160478615,0.021,0.727017618421803,0.113,-30960.7742494326,63945.520795607,202,4.88999999999999,TRUE,"","r2 under",5,1,5,2,4,80,510080,710080
"DGMM",NA,0.376294330537482,0.193,0.153863261890933,0.525,-33465.6576467578,68948.3798349785,17,1.16000000000003,TRUE,"","r2 under",5,1,5,2,4,81,510081,710081
"RDMM",3.79579068526024,0.944728659752824,0.014,0.783430990223593,0.087,-30706.9610550658,63437.8944068734,238,5.19999999999999,TRUE,"","r2 under",5,1,5,2,4,81,510081,710081
"DGMM",NA,-0.0008181595294321,0.494,0.00104593632944751,0.721,-32442.7864956688,66902.6375328004,32,2.07999999999998,TRUE,"","r2 under",5,1,5,2,4,82,510082,710082
"RDMM",3.77071953938545,0.948624624748173,0.013,0.797509155912161,0.082,-31139.5528218504,64303.0779404426,176,4.72000000000003,TRUE,"","r2 under",5,1,5,2,4,82,510082,710082
"DGMM",NA,0.857333380555651,0.037,0.330006912504013,0.439,-34115.6260811801,70248.316703823,12,0.810000000000002,TRUE,"","r2 under",5,1,5,2,4,83,510083,710083
"RDMM",3.66574408133881,0.906210252161815,0.024,0.750401974445991,0.102,-30709.3767452747,63442.7257872912,101,2.23000000000002,TRUE,"","r2 under",5,1,5,2,4,83,510083,710083
"DGMM",NA,0.448177185211751,0.165,0.186325539058747,0.513,-33354.7035334742,68726.4716084111,23,1.57,TRUE,"","r2 under",5,1,5,2,4,84,510084,710084
"RDMM",3.70374208516514,0.902401587740079,0.025,0.738001888297707,0.106,-30920.7594673926,63865.491231527,159,6.68,TRUE,"","r2 under",5,1,5,2,4,84,510084,710084
"DGMM",NA,0.813417668237663,0.049,0.311713506192906,0.443,-33775.5282677791,69568.121077021,11,1.35,TRUE,"","r2 under",5,1,5,2,4,85,510085,710085
"RDMM",3.8973839851534,0.902402417338925,0.025,0.750006057372543,0.102,-30842.3320087462,63708.6363142341,109,4.61,TRUE,"","r2 under",5,1,5,2,4,85,510085,710085
"DGMM",NA,0.753174011460459,0.066,0.268552227701741,0.483,-34373.7918641347,70764.6482697321,11,1.53,TRUE,"","r2 under",5,1,5,2,4,86,510086,710086
"RDMM",3.83150983696174,0.910026007686496,0.023,0.746297984390548,0.104,-31060.5845094328,64145.1413156074,121,5,TRUE,"","r2 under",5,1,5,2,4,86,510086,710086
"DGMM",NA,0.464601711039436,0.159,0.188834673521733,0.533,-33411.8211285213,68840.7067985055,22,2.88,TRUE,"","r2 under",5,1,5,2,4,87,510087,710087
"RDMM",3.93538019905581,0.936960949281946,0.016,0.706007984659252,0.123,-30844.8849909938,63713.7422787294,172,7.23,TRUE,"","r2 under",5,1,5,2,4,87,510087,710087
"DGMM",NA,0.831575781434993,0.044,0.366276226418773,0.5,-34408.523087215,70834.1107158928,49,6.28,TRUE,"","r2 under",5,1,5,2,4,88,510088,710088
"RDMM",3.62152968192518,0.894810764256083,0.027,0.74794268430295,0.103,-31171.1345228369,64366.2413424155,251,12.76,TRUE,"","r2 under",5,1,5,2,4,88,510088,710088
"DGMM",NA,0.87597202931012,0.032,0.308659473425248,0.465,-34022.8087049554,70062.6819513736,11,1.56,TRUE,"","r2 under",5,1,5,2,4,89,510089,710089
"RDMM",3.97025972619757,0.933088608479661,0.017,0.772729366432302,0.092,-30834.6694279227,63693.3111525871,216,10.97,TRUE,"","r2 under",5,1,5,2,4,89,510089,710089
"DGMM",NA,0.763641020368787,0.063,0.327408649298757,0.441,-33320.3568933404,68657.7783281436,19,2.46000000000001,TRUE,"","r2 under",5,1,5,2,4,90,510090,710090
"RDMM",3.9995035370685,0.933089063350261,0.017,0.760895939005222,0.098,-30692.7689483928,63409.5101935274,136,5.28999999999999,TRUE,"","r2 under",5,1,5,2,4,90,510090,710090
"DGMM",NA,0.770657296878496,0.061,0.27906422400329,0.516,-33543.8772963356,69104.819134134,15,1.83,TRUE,"","r2 under",5,1,5,2,4,91,510091,710091
"RDMM",4.01640988556409,0.929225154874816,0.018,0.765348655355681,0.096,-30606.2462010029,63236.4646987476,155,6.05,TRUE,"","r2 under",5,1,5,2,4,91,510091,710091
"DGMM",NA,0.359455951507969,0.2,0.14101254611267,0.565,-32581.5297087342,67180.1239589312,26,3.13,TRUE,"","r2 under",5,1,5,2,4,92,510092,710092
"RDMM",3.88402044534637,0.964288252648143,0.009,0.764590471178824,0.097,-30263.0474033691,62550.06710348,154,5.90000000000001,TRUE,"","r2 under",5,1,5,2,4,92,510092,710092
"DGMM",NA,0.913849766267288,0.022,0.328734647805853,0.478,-33964.8883141415,69946.8411697458,16,1.89999999999999,TRUE,"","r2 under",5,1,5,2,4,93,510093,710093
"RDMM",3.82553778464979,0.948624579035419,0.013,0.586720939720596,0.227,-30925.7690406329,63875.5103780075,108,4.27000000000001,TRUE,"","r2 under",5,1,5,2,4,93,510093,710093
"DGMM",NA,0.432395230212047,0.171,0.180376170373204,0.542,-32903.0396850259,67823.1439115147,26,3.08999999999999,TRUE,"","r2 under",5,1,5,2,4,94,510094,710094
"RDMM",4.03565586217952,0.936960960512235,0.016,0.721692125516101,0.117,-30739.5291938611,63503.0306844639,143,5.61000000000001,TRUE,"","r2 under",5,1,5,2,4,94,510094,710094
"DGMM",NA,0.898602498726148,0.026,0.376909896635703,0.463,-32460.1287495848,66937.3220406325,12,1.45,TRUE,"","r2 under",5,1,5,2,4,95,510095,710095
"RDMM",4.42730609544194,0.944728567920258,0.014,0.74773073761916,0.104,-30019.3497735987,62062.6718439391,138,5.39,TRUE,"","r2 under",5,1,5,2,4,95,510095,710095
"DGMM",NA,0.864764444245436,0.035,0.354323984335493,0.501,-34087.7355298544,70192.5356011717,15,1.89,TRUE,"","r2 under",5,1,5,2,4,96,510096,710096
"RDMM",3.85634701917911,0.925369335090148,0.019,0.775189509280321,0.091,-30979.8662495521,63983.7047958459,137,5.64,TRUE,"","r2 under",5,1,5,2,4,96,510096,710096
"DGMM",NA,0.940839790332983,0.015,0.413783907670988,0.427,-33359.6095984085,68736.2837382798,19,2.36,TRUE,"","r2 under",5,1,5,2,4,97,510097,710097
"RDMM",4.03374005904274,0.93695977662863,0.016,0.731903841098984,0.113,-30780.9218899919,63585.8160767256,196,7.55999999999999,TRUE,"","r2 under",5,1,5,2,4,97,510097,710097
"DGMM",NA,0.406520906371998,0.181,0.181663243998213,0.539,-32090.0428578212,66197.1502571051,24,2.81,TRUE,"","r2 under",5,1,5,2,4,98,510098,710098
"RDMM",4.62057518434572,0.94472868580456,0.014,0.762971685520949,0.097,-30124.0421708352,62272.0566384122,131,5.09,TRUE,"","r2 under",5,1,5,2,4,98,510098,710098
"DGMM",NA,0.872228230698651,0.033,0.383202065593347,0.445,-33613.0871357449,69243.2388129525,18,2.13999999999999,TRUE,"","r2 under",5,1,5,2,4,99,510099,710099
"RDMM",3.95011325611298,0.902402369065119,0.025,0.751007456227761,0.101,-30863.5093084931,63750.9909137279,158,6.09,TRUE,"","r2 under",5,1,5,2,4,99,510099,710099
"DGMM",NA,0.799035016187035,0.053,0.315245232297121,0.409,-33400.2293578866,68817.523257236,9,1.11000000000001,TRUE,"","r2 under",5,1,5,2,4,100,510100,710100
"RDMM",4.17742198935478,0.913849873766068,0.022,0.530635292746295,0.303,-30711.926533104,63447.8253629498,188,7.31999999999999,TRUE,"","r2 under",5,1,5,2,4,100,510100,710100
"DGMM",NA,0.910026027142495,0.023,0.417785610818994,0.49,-33065.7021121601,68148.4687657829,22,2.61000000000001,TRUE,"","r2 under",5,1,5,2,4,101,510101,710101
"RDMM",4.45820831765323,0.94472871398294,0.014,0.771737726339067,0.093,-30721.9701829837,63467.9126627091,155,6.03999999999999,TRUE,"","r2 under",5,1,5,2,4,101,510101,710101
"DGMM",NA,3.67707693195057e-06,0.471,0.0004392569573576,0.712,-31770.053932306,65557.1724060748,35,4.09999999999999,TRUE,"","r2 under",5,1,5,2,4,102,510102,710102
"RDMM",3.91228752667809,0.956438557670347,0.011,0.788029307525627,0.085,-30477.5914224437,62979.1551416291,174,6.79000000000002,TRUE,"","r2 under",5,1,5,2,4,102,510102,710102
"DGMM",NA,-0.000108222590142527,0.485,-0.000781782918929849,0.721,-31860.9344660676,65738.933473598,33,3.92000000000002,TRUE,"","r2 under",5,1,5,2,4,103,510103,710103
"RDMM",3.90184910734032,0.933089090382788,0.017,0.559198708287698,0.257,-30751.7189593207,63527.4102153832,135,5.44,TRUE,"","r2 under",5,1,5,2,4,103,510103,710103
"DGMM",NA,0.672081344603485,0.09,0.283052117950122,0.471,-33722.2961346535,69461.6568107698,20,2.38,TRUE,"","r2 under",5,1,5,2,4,104,510104,710104
"RDMM",3.96491555443081,0.917681641891766,0.021,0.712182842102407,0.12,-31054.7078335277,64133.3879637972,235,9.06,TRUE,"","r2 under",5,1,5,2,4,104,510104,710104
"DGMM",NA,0.891027092541735,0.028,0.37145506019599,0.411,-33280.7534696195,68578.5714807019,15,1.84,TRUE,"","r2 under",5,1,5,2,4,105,510105,710105
"RDMM",4.2507009252739,0.944728697626191,0.014,0.746414402990552,0.104,-30757.1529773796,63538.278251501,170,6.57999999999998,TRUE,"","r2 under",5,1,5,2,4,105,510105,710105
"DGMM",NA,0.456488151808386,0.162,0.191987177620872,0.51,-33455.9339677309,68928.9324769246,17,2.06,TRUE,"","r2 under",5,1,5,2,4,106,510106,710106
"RDMM",3.58832098983365,0.906210119215697,0.024,0.680947149860577,0.135,-30754.3784102846,63532.729117311,131,5.27000000000001,TRUE,"","r2 under",5,1,5,2,4,106,510106,710106
"DGMM",NA,0.633261322950551,0.102,0.265735477373785,0.432,-32979.3681633323,67975.8008681274,10,1.22,TRUE,"","r2 under",5,1,5,2,4,107,510107,710107
"RDMM",4.08235358215608,0.891026924823925,0.028,0.755771745721225,0.1,-30355.6639705955,62735.3002379328,126,4.93000000000001,TRUE,"","r2 under",5,1,5,2,4,107,510107,710107
"DGMM",NA,0.831575702892066,0.044,0.328589117917913,0.473,-33455.3572847637,68927.7791109902,15,1.78999999999999,TRUE,"","r2 under",5,1,5,2,4,108,510108,710108
"RDMM",3.97680058526858,0.910026027488688,0.023,0.739166929569476,0.107,-30989.6698551998,64003.3120071414,188,7.25999999999999,TRUE,"","r2 under",5,1,5,2,4,108,510108,710108
"DGMM",NA,0.875971916494937,0.032,0.379649474247838,0.389,-33473.412073885,68963.8886892328,24,2.84,TRUE,"","r2 under",5,1,5,2,4,109,510109,710109
"RDMM",4.06923836705136,0.913849786653293,0.022,0.740819064095646,0.106,-30661.9565815451,63347.885459832,120,4.72999999999999,TRUE,"","r2 under",5,1,5,2,4,109,510109,710109
"DGMM",NA,0.000386262985355211,0.483,0.00309114191359421,0.722,-32217.0495047135,66451.1635508898,29,3.34,TRUE,"","r2 under",5,1,5,2,4,110,510110,710110
"RDMM",3.96816568068395,0.925369361034676,0.019,0.749128485412366,0.103,-30970.2147613473,63964.4018194364,133,5.47,TRUE,"","r2 under",5,1,5,2,4,110,510110,710110
"DGMM",NA,-0.000458768573824112,0.493,-0.000316984881587796,0.737,-31967.843242807,65952.7510270768,27,3.13999999999999,TRUE,"","r2 under",5,1,5,2,4,111,510111,710111
"RDMM",4.15335263219277,0.936960926630346,0.016,0.755619492486548,0.1,-30612.963276223,63249.8988491877,193,7.5,TRUE,"","r2 under",5,1,5,2,4,111,510111,710111
"DGMM",NA,0.902402434706969,0.025,0.321541407933793,0.432,-33337.9748953126,68693.0143320881,26,3.06999999999999,TRUE,"","r2 under",5,1,5,2,4,112,510112,710112
"RDMM",4.07870048888962,0.906210168258568,0.024,0.739197197780359,0.107,-30583.8838281959,63191.7399531335,100,3.99999999999997,TRUE,"","r2 under",5,1,5,2,4,112,510112,710112
"DGMM",NA,0.906210201150764,0.024,0.402145204930317,0.5,-33516.4241679757,69049.9128774142,18,2.16000000000003,TRUE,"","r2 under",5,1,5,2,4,113,510113,710113
"RDMM",4.0747557141915,0.95252848285774,0.012,0.774150219266946,0.092,-30799.3925984469,63622.7574936355,137,5.33999999999997,TRUE,"","r2 under",5,1,5,2,4,113,510113,710113
"DGMM",NA,0.864764819726021,0.035,0.337691330437037,0.493,-33257.6600949334,68532.3847313296,14,1.70000000000005,TRUE,"","r2 under",5,1,5,2,4,114,510114,710114
"RDMM",3.8416505814213,0.917681686630674,0.021,0.763882651749091,0.096,-30545.4291734811,63114.8306437041,159,6.21999999999997,TRUE,"","r2 under",5,1,5,2,4,114,510114,710114
"DGMM",NA,0.921521529814124,0.02,0.348887015801391,0.505,-33192.9095801214,68402.8837017057,15,2.36000000000001,TRUE,"","r2 under",5,1,5,2,4,115,510115,710115
"RDMM",3.96034152944686,0.933089093523709,0.017,0.773183437914185,0.092,-30421.2843689124,62866.5410345666,121,4.69,TRUE,"","r2 under",5,1,5,2,4,115,510115,710115
"DGMM",NA,0.806210329494429,0.051,0.36788290841248,0.484,-32355.7736059154,66728.6117532936,18,2.17000000000002,TRUE,"","r2 under",5,1,5,2,4,116,510116,710116
"RDMM",4.52686554166469,0.933089077445796,0.017,0.755254729948086,0.1,-30261.3185734711,62546.609443684,227,8.82999999999998,TRUE,"","r2 under",5,1,5,2,4,116,510116,710116
"DGMM",NA,0.620576877381541,0.106,0.267336525424121,0.474,-33484.8549252138,68986.7743918904,17,2.10000000000002,TRUE,"","r2 under",5,1,5,2,4,117,510117,710117
"RDMM",4.04694093022414,0.929225157135072,0.018,0.734615557398676,0.11,-30668.7192421495,63361.4107810408,104,4.01999999999998,TRUE,"","r2 under",5,1,5,2,4,117,510117,710117
"DGMM",NA,0.910025973880811,0.023,0.41683709808103,0.393,-33265.695471063,68548.4554835888,17,2.22000000000003,TRUE,"","r2 under",5,1,5,2,4,118,510118,710118
"RDMM",4.12524755357831,0.925369298434679,0.019,0.768729756374859,0.094,-30988.6548143446,64001.2819254309,132,5.20999999999998,TRUE,"","r2 under",5,1,5,2,4,118,510118,710118
"DGMM",NA,0.00200316980605949,0.472,0.00107972485009071,0.726,-31965.1840781282,65947.4326977193,26,3.05000000000001,TRUE,"","r2 under",5,1,5,2,4,119,510119,710119
"RDMM",4.18104163200175,0.956440441732386,0.011,0.774994853651172,0.092,-30626.1035457533,63276.1793882485,100,3.93000000000001,TRUE,"","r2 under",5,1,5,2,4,119,510119,710119
"DGMM",NA,0.00854345112090747,0.451,0.00312432311842199,0.715,-32304.6258832881,66626.316308039,31,3.65999999999997,TRUE,"","r2 under",5,1,5,2,4,120,510120,710120
"RDMM",3.5347022029459,0.917681670841408,0.021,0.736754346111193,0.11,-30920.0176925773,63864.0076818964,135,5.36000000000001,TRUE,"","r2 under",5,1,5,2,4,120,510120,710120
"DGMM",NA,0.655767668803887,0.095,0.280784549985552,0.426,-33544.5651705604,69106.1948825836,19,2.23000000000002,TRUE,"","r2 under",5,1,5,2,4,121,510121,710121
"RDMM",3.94620670602565,0.910025946185403,0.023,0.757684229721706,0.098,-30853.4514359134,63730.8751685687,157,6.25,TRUE,"","r2 under",5,1,5,2,4,121,510121,710121
"DGMM",NA,0.902402413752658,0.025,0.376007317019586,0.478,-33691.7890213129,69400.6425840885,16,1.90999999999997,TRUE,"","r2 under",5,1,5,2,4,122,510122,710122
"RDMM",3.91177177127015,0.917681691255011,0.021,0.73801346398056,0.108,-30912.8482842937,63849.6688653292,144,5.59000000000003,TRUE,"","r2 under",5,1,5,2,4,122,510122,710122
"DGMM",NA,0.735902565276508,0.071,0.304603891606467,0.446,-34100.1350341265,70217.3346097159,13,1.54000000000002,TRUE,"","r2 under",5,1,5,2,4,123,510123,710123
"RDMM",3.75679809815944,0.87597185164043,0.032,0.727763812059589,0.112,-31083.1232149415,64190.2187266249,109,4.13999999999999,TRUE,"","r2 under",5,1,5,2,4,123,510123,710123
"DGMM",NA,0.872226979472767,0.033,0.32451709083524,0.497,-34068.3467486757,70153.7580388143,17,1.94,TRUE,"","r2 under",5,1,5,2,4,124,510124,710124
"RDMM",3.96407447044388,0.925369006970006,0.019,0.559572973184008,0.206,-31111.5488306203,64247.0699579824,176,5.81,TRUE,"","r2 under",5,1,5,2,4,124,510124,710124
"DGMM",NA,0.827928960121406,0.045,0.307522856796255,0.413,-34769.4095320214,71555.8836055056,17,1.71999999999997,TRUE,"","r2 under",5,1,5,2,4,125,510125,710125
"RDMM",3.54304406041449,0.913849801370989,0.022,0.753793397452247,0.101,-31405.7269603289,64835.4262173996,147,4.75,TRUE,"","r2 under",5,1,5,2,4,125,510125,710125
"DGMM",NA,0.0012661723113723,0.477,0.00109582802588253,0.72,-31572.060254709,65161.1850508807,53,4.33,TRUE,"","r2 under",5,1,5,2,4,126,510126,710126
"RDMM",4.08935510944635,0.948624580735441,0.013,0.799064998965782,0.081,-30386.2190078208,62796.4103123833,125,5.66,TRUE,"","r2 under",5,1,5,2,4,126,510126,710126
"DGMM",NA,0.891026992922659,0.028,0.417158172049538,0.471,-33203.5089611727,68424.0824638081,23,2.95,TRUE,"","r2 under",5,1,5,2,4,127,510127,710127
"RDMM",4.29172103642127,0.92922521778069,0.018,0.718136274602989,0.117,-30613.6115304863,63251.1953577144,169,7.18,TRUE,"","r2 under",5,1,5,2,4,127,510127,710127
"DGMM",NA,0.47286684666792,0.156,0.193305263646188,0.552,-33744.57885419,69506.2222498428,25,3.17,TRUE,"","r2 under",5,1,5,2,4,128,510128,710128
"RDMM",3.74399268681749,0.902402311234126,0.025,0.729481228454183,0.112,-31348.8266527339,64721.6256022095,295,12.44,TRUE,"","r2 under",5,1,5,2,4,128,510128,710128
"DGMM",NA,0.875971920414123,0.032,0.354498339802572,0.431,-33529.9729069845,69077.0103554318,15,1.95,TRUE,"","r2 under",5,1,5,2,4,129,510129,710129
"RDMM",3.9827589852563,0.910026027142495,0.023,0.718770177794231,0.117,-30871.2557538544,63766.4838044506,179,9.45,TRUE,"","r2 under",5,1,5,2,4,129,510129,710129
"DGMM",NA,0.857333882254824,0.037,0.331234790287204,0.457,-33103.9055849601,68224.8757113829,17,2.47,TRUE,"","r2 under",5,1,5,2,4,130,510130,710130
"RDMM",4.35531110645751,0.964288266883599,0.009,0.81533102251921,0.074,-30213.4709115596,62450.914119861,154,7,TRUE,"","r2 under",5,1,5,2,4,130,510130,710130
"DGMM",NA,-0.0012777552181116,0.497,0.000464224219843405,0.715,-32065.832005287,66148.7285520368,35,5.89,TRUE,"","r2 under",5,1,5,2,4,131,510131,710131
"RDMM",3.8003917771609,0.944728593950814,0.014,0.793416874244764,0.083,-30829.1245480959,63682.2213929336,142,5.77,TRUE,"","r2 under",5,1,5,2,4,131,510131,710131
"DGMM",NA,0.770655324233808,0.061,0.269089719012284,0.521,-34147.7045600807,70312.4736616242,10,1.19999999999999,TRUE,"","r2 under",5,1,5,2,4,132,510132,710132
"RDMM",3.95194785065905,0.948623897040896,0.013,0.727211611043892,0.113,-30895.3850683855,63814.7424335127,248,9.58000000000001,TRUE,"","r2 under",5,1,5,2,4,132,510132,710132
"DGMM",NA,0.749708762766836,0.067,0.265667891139642,0.523,-33367.0450498401,68751.1546411431,11,1.38,TRUE,"","r2 under",5,1,5,2,4,133,510133,710133
"RDMM",4.30040893083482,0.929225199695263,0.018,0.741620794355803,0.107,-30571.7602656187,63167.4928279791,202,7.78999999999999,TRUE,"","r2 under",5,1,5,2,4,133,510133,710133
"DGMM",NA,0.633257598179433,0.102,0.248142227007534,0.509,-34145.8615781986,70308.7876978599,12,1.45,TRUE,"","r2 under",5,1,5,2,4,134,510134,710134
"RDMM",3.85897129541084,0.891026938582046,0.028,0.75812056227122,0.098,-30841.0312290173,63706.0347547764,100,3.95,TRUE,"","r2 under",5,1,5,2,4,134,510134,710134
"DGMM",NA,0.887251226946346,0.029,0.368476993371964,0.487,-33805.3040500249,69627.6726415126,16,1.91999999999999,TRUE,"","r2 under",5,1,5,2,4,135,510135,710135
"RDMM",3.97371585177796,0.921521514319752,0.02,0.751586137837053,0.102,-31028.291826573,64080.5559498878,157,6.14,TRUE,"","r2 under",5,1,5,2,4,135,510135,710135
"DGMM",NA,0.868492792784024,0.034,0.391408243285745,0.51,-32075.7345071323,66168.5335557274,14,1.68000000000001,TRUE,"","r2 under",5,1,5,2,4,136,510136,710136
"RDMM",4.72176970203322,0.94472868580456,0.014,0.779923564881785,0.089,-29898.5210157321,61821.0143282059,112,4.39,TRUE,"","r2 under",5,1,5,2,4,136,510136,710136
"DGMM",NA,0.324082157391618,0.215,0.17932443559238,0.523,-34167.3173928238,70351.6993271104,18,2.16999999999999,TRUE,"","r2 under",5,1,5,2,4,137,510137,710137
"RDMM",3.51974447430151,0.913848376994892,0.022,0.770778448661032,0.092,-31044.9170258417,64113.8063484252,100,4.07000000000001,TRUE,"","r2 under",5,1,5,2,4,137,510137,710137
"DGMM",NA,0.571114126732747,0.122,0.24594085209543,0.485,-34113.1816305016,70243.427802466,9,1.16,TRUE,"","r2 under",5,1,5,2,4,138,510138,710138
"RDMM",3.97666581817726,0.910026050043096,0.023,0.534409807701688,0.227,-31316.0895767426,64656.1514502269,200,7.89999999999999,TRUE,"","r2 under",5,1,5,2,4,138,510138,710138
"DGMM",NA,0.611149541483148,0.109,0.268685402021774,0.467,-33144.3472813342,68305.7591041311,17,2.05,TRUE,"","r2 under",5,1,5,2,4,139,510139,710139
"RDMM",4.02732353067664,0.944728745351293,0.014,0.769212484708297,0.094,-30743.6211906444,63511.2146780306,107,4.23,TRUE,"","r2 under",5,1,5,2,4,139,510139,710139
"DGMM",NA,0.89481041992588,0.027,0.399169559028012,0.408,-32915.134576924,67847.3336953109,25,2.93000000000001,TRUE,"","r2 under",5,1,5,2,4,140,510140,710140
"RDMM",4.05046497232304,0.933089075450538,0.017,0.71980167666459,0.117,-30448.8465951996,62921.665487141,143,5.56999999999999,TRUE,"","r2 under",5,1,5,2,4,140,510140,710140
"DGMM",NA,0.424534012171876,0.174,0.184534512673133,0.553,-33461.0444078814,68939.1533572255,24,2.81999999999999,TRUE,"","r2 under",5,1,5,2,4,141,510141,710141
"RDMM",3.66341669770264,0.921521522748238,0.02,0.739379577246182,0.107,-31081.6615165588,64187.2953298594,140,5.46000000000001,TRUE,"","r2 under",5,1,5,2,4,141,510141,710141
"DGMM",NA,0.52663646932168,0.137,0.214502469565162,0.534,-32390.59023924,66798.2450199428,22,2.57999999999998,TRUE,"","r2 under",5,1,5,2,4,142,510142,710142
"RDMM",4.3386003391361,0.960360323778139,0.01,0.768028382212621,0.095,-30390.7774952757,62805.5272872931,159,6.12,TRUE,"","r2 under",5,1,5,2,4,142,510142,710142
"DGMM",NA,0.381359193700606,0.191,0.163436959203284,0.563,-33128.3311234149,68273.7267882926,18,2.12,TRUE,"","r2 under",5,1,5,2,4,143,510143,710143
"RDMM",3.91832166050001,0.925369326097381,0.019,0.740796250062062,0.107,-30830.6659082937,63685.3041133291,300,11.58,TRUE,"","r2 under",5,1,5,2,4,143,510143,710143
"DGMM",NA,0.200143415617617,0.276,0.0805013183120972,0.598,-33540.4462753877,69097.9570922382,19,2.29999999999998,TRUE,"","r2 under",5,1,5,2,4,144,510144,710144
"RDMM",3.82102565298008,0.902402352748525,0.025,0.751819610871892,0.101,-30851.1776750068,63726.3276467553,282,11.15,TRUE,"","r2 under",5,1,5,2,4,144,510144,710144
"DGMM",NA,0.842566400604586,0.041,0.435957331825326,0.282,-33493.8252395034,69004.7150204696,16,1.94,TRUE,"","r2 under",5,1,5,2,4,145,510145,710145
"RDMM",3.80927357268008,0.925369376368788,0.019,0.712418755101985,0.12,-30372.4821635815,62768.9366239048,134,5.13999999999999,TRUE,"","r2 under",5,1,5,2,4,145,510145,710145
"DGMM",NA,0.735904228712107,0.071,0.257290543084414,0.483,-33261.7298172291,68540.524175921,20,2.41,TRUE,"","r2 under",5,1,5,2,4,146,510146,710146
"RDMM",3.89417629345507,0.952528481341696,0.012,0.785542053855962,0.088,-30600.8672367695,63225.7067702808,100,3.94,TRUE,"","r2 under",5,1,5,2,4,146,510146,710146
"DGMM",NA,0.879724102293058,0.031,0.367568467037663,0.453,-33526.7018464592,69070.4682343812,20,2.34999999999999,TRUE,"","r2 under",5,1,5,2,4,147,510147,710147
"RDMM",3.75010934958611,0.936960901838179,0.016,0.722788346232736,0.115,-30702.692355768,63429.3570082778,222,8.70000000000002,TRUE,"","r2 under",5,1,5,2,4,147,510147,710147
"DGMM",NA,0.894810740700448,0.027,0.371145972289026,0.484,-33646.4369389987,69309.9384194601,17,2,TRUE,"","r2 under",5,1,5,2,4,148,510148,710148
"RDMM",3.68705930856891,0.929225159909332,0.018,0.760198151986746,0.098,-30948.4499431018,63920.8721829453,183,7.11000000000001,TRUE,"","r2 under",5,1,5,2,4,148,510148,710148
"DGMM",NA,0.331172334225295,0.212,0.137824101147111,0.565,-33116.7709233406,68250.6063881439,32,3.80000000000001,TRUE,"","r2 under",5,1,5,2,4,149,510149,710149
"RDMM",3.80154899582083,0.94084080883089,0.015,0.761108142288936,0.098,-30735.3128470134,63494.5979907685,129,5.03,TRUE,"","r2 under",5,1,5,2,4,149,510149,710149
"DGMM",NA,0.864764574513916,0.035,0.363334280335892,0.45,-33394.2768029048,68805.6181472724,16,1.91,TRUE,"","r2 under",5,1,5,2,4,150,510150,710150
"RDMM",3.79429392083575,0.960360355626486,0.01,0.777955268536521,0.09,-30600.4858759688,63224.9440486794,169,6.53,TRUE,"","r2 under",5,1,5,2,4,150,510150,710150
"DGMM",NA,0.853629515957076,0.038,0.496249159501259,0.238,-32830.6622971843,67678.3891358313,12,1.47999999999999,TRUE,"","r2 under",5,1,5,2,4,151,510151,710151
"RDMM",4.20891488390499,0.90240231416323,0.025,0.753338013535226,0.101,-30118.3142168734,62260.6007304885,155,6.33000000000001,TRUE,"","r2 under",5,1,5,2,4,151,510151,710151
"DGMM",NA,0.421949975173537,0.175,0.178923453514641,0.561,-33563.6818171448,69144.4281757523,28,3.26000000000002,TRUE,"","r2 under",5,1,5,2,4,152,510152,710152
"RDMM",3.76906870475388,0.902402381006835,0.025,0.685195868957099,0.134,-31205.9479181019,64435.8681329456,115,4.60999999999999,TRUE,"","r2 under",5,1,5,2,4,152,510152,710152
"DGMM",NA,0.421888868827642,0.175,0.180455517411472,0.554,-32628.6061750528,67274.2768915684,30,3.47,TRUE,"","r2 under",5,1,5,2,4,153,510153,710153
"RDMM",4.00148707587507,0.921521477359704,0.02,0.74235676498925,0.106,-30278.5019558507,62580.9762084433,123,4.83999999999997,TRUE,"","r2 under",5,1,5,2,4,153,510153,710153
"DGMM",NA,0.517949294646105,0.14,0.208498226176015,0.519,-32554.7544483673,67126.5734381974,26,3.05000000000001,TRUE,"","r2 under",5,1,5,2,4,154,510154,710154
"RDMM",4.14718705901913,0.95252849043796,0.012,0.779686678133778,0.089,-30087.9137705796,62199.7998379009,246,9.43000000000001,TRUE,"","r2 under",5,1,5,2,4,154,510154,710154
"DGMM",NA,0.842566948055179,0.041,0.34573251599021,0.402,-33348.4236129885,68713.9117674399,16,1.92000000000002,TRUE,"","r2 under",5,1,5,2,4,155,510155,710155
"RDMM",3.74340443145887,0.933089079878723,0.017,0.768532459955823,0.094,-30499.1581887642,63022.2886742702,111,4.81,TRUE,"","r2 under",5,1,5,2,4,155,510155,710155
"DGMM",NA,0.297454188782278,0.227,0.130873184401837,0.584,-33262.0038160025,68541.0721734679,44,5.11000000000001,TRUE,"","r2 under",5,1,5,2,4,156,510156,710156
"RDMM",3.68992538239351,0.929225204545957,0.018,0.701630225834098,0.125,-30757.2966408817,63538.5655785051,206,8,TRUE,"","r2 under",5,1,5,2,4,156,510156,710156
"DGMM",NA,0.872228389166013,0.033,0.304649974077219,0.504,-33667.872576219,69352.8096939008,28,3.36000000000001,TRUE,"","r2 under",5,1,5,2,4,157,510157,710157
"RDMM",4.00801850263086,0.906210122877074,0.024,0.736373883143027,0.108,-30848.8348111173,63721.6419189764,130,5.16000000000003,TRUE,"","r2 under",5,1,5,2,4,157,510157,710157
"DGMM",NA,0.429735252632503,0.172,0.17617452910032,0.567,-33269.6010221695,68556.2665858018,28,3.37,TRUE,"","r2 under",5,1,5,2,4,158,510158,710158
"RDMM",3.83846312671056,0.933089102122622,0.017,0.77809481467481,0.09,-30530.3968405184,63084.7659777785,143,5.59999999999997,TRUE,"","r2 under",5,1,5,2,4,158,510158,710158
"DGMM",NA,0.388743988450992,0.188,0.169862330941154,0.564,-33946.728417467,69910.5213763967,29,3.39000000000004,TRUE,"","r2 under",5,1,5,2,4,159,510159,710159
"RDMM",3.8686801107154,0.940840807222329,0.015,0.787216641428669,0.087,-31057.1455750521,64138.263446846,143,5.56999999999999,TRUE,"","r2 under",5,1,5,2,4,159,510159,710159
"DGMM",NA,0.879723836076492,0.031,0.374851040784062,0.438,-33311.2201318267,68639.5048051162,12,1.45999999999998,TRUE,"","r2 under",5,1,5,2,4,160,510160,710160
"RDMM",4.15984333246118,0.94084078557884,0.015,0.736874109143681,0.109,-30910.6273399228,63845.2269765873,102,4.06999999999999,TRUE,"","r2 under",5,1,5,2,4,160,510160,710160
"DGMM",NA,0.898602523856467,0.026,0.304159349539101,0.499,-32759.1299919048,67535.3245252723,20,2.33000000000004,TRUE,"","r2 under",5,1,5,2,4,161,510161,710161
"RDMM",4.01621970868651,0.929225157135072,0.018,0.773825175177139,0.092,-29964.0986258677,61952.1695484772,110,4.31,TRUE,"","r2 under",5,1,5,2,4,161,510161,710161
"DGMM",NA,0.861045150084782,0.036,0.319405340758115,0.453,-33195.9323559373,68408.9292533374,13,1.61000000000001,TRUE,"","r2 under",5,1,5,2,4,162,510162,710162
"RDMM",4.22246007099983,0.913849791729076,0.022,0.768801815962175,0.094,-30811.4303553288,63646.8330073994,104,4.06,TRUE,"","r2 under",5,1,5,2,4,162,510162,710162
"DGMM",NA,0.411641083896299,0.179,0.168078099543147,0.58,-33151.9487181186,68320.9619776999,20,2.39999999999998,TRUE,"","r2 under",5,1,5,2,4,163,510163,710163
"RDMM",3.93718808775118,0.940840796231763,0.015,0.764685030166408,0.096,-30722.2153466803,63468.4029901024,133,5.10000000000002,TRUE,"","r2 under",5,1,5,2,4,163,510163,710163
"DGMM",NA,0.842566456182732,0.041,0.287537048420186,0.501,-34395.8632008081,70808.7909430791,11,1.22000000000003,TRUE,"","r2 under",5,1,5,2,4,164,510164,710164
"RDMM",3.45155959811483,0.925369371582861,0.019,0.770147315866247,0.094,-31176.878456662,64377.7292100659,104,3.59999999999997,TRUE,"","r2 under",5,1,5,2,4,164,510164,710164
"DGMM",NA,0.913849786653293,0.022,0.369989270261646,0.459,-33157.1408463018,68331.3462340664,16,1.63999999999999,TRUE,"","r2 under",5,1,5,2,4,165,510165,710165
"RDMM",3.97957791816555,0.940840793944117,0.015,0.783749453406675,0.088,-30502.0586240205,63028.0895447828,179,5.76000000000005,TRUE,"","r2 under",5,1,5,2,4,165,510165,710165
"DGMM",NA,0.292974427744161,0.229,0.121207702177849,0.587,-33391.1949943717,68799.4545302061,30,2.84999999999997,TRUE,"","r2 under",5,1,5,2,4,166,510166,710166
"RDMM",3.8938670009943,0.906210040477243,0.024,0.744317595902343,0.105,-31115.2171924895,64254.4066817208,135,4.11000000000001,TRUE,"","r2 under",5,1,5,2,4,166,510166,710166
"DGMM",NA,0.861045414036768,0.036,0.291699114500518,0.505,-33108.9318799375,68234.9283013377,16,1.31,TRUE,"","r2 under",5,1,5,2,4,167,510167,710167
"RDMM",3.86397360887387,0.925369336339277,0.019,0.743677676312953,0.105,-30686.6987623479,63397.3698214376,109,2.66000000000003,TRUE,"","r2 under",5,1,5,2,4,167,510167,710167
"DGMM",NA,0.636439296130264,0.101,0.260980521025048,0.497,-33383.6267157123,68784.3179728874,11,0.7,TRUE,"","r2 under",5,1,5,2,4,168,510168,710168
"RDMM",4.02103911725049,0.902402332470125,0.025,0.755050927946918,0.099,-30357.0582765098,62738.0888497614,263,9.14,TRUE,"","r2 under",5,1,5,2,4,168,510168,710168
"DGMM",NA,0.324162830099546,0.215,0.135004485772607,0.58,-32813.8824233911,67644.829388245,29,3.7,TRUE,"","r2 under",5,1,5,2,4,169,510169,710169
"RDMM",3.85968847554318,0.917681697716413,0.021,0.749801842971256,0.102,-30689.3280209775,63402.6283386967,109,4.72,TRUE,"","r2 under",5,1,5,2,4,169,510169,710169
"DGMM",NA,-0.000443059478239491,0.491,0.00187700889102428,0.707,-32225.4945968615,66468.0537351857,28,3.49,TRUE,"","r2 under",5,1,5,2,4,170,510170,710170
"RDMM",3.81515735351635,0.910025968982187,0.023,0.724554034618172,0.115,-30971.3424868216,63966.6572703849,209,8.76,TRUE,"","r2 under",5,1,5,2,4,170,510170,710170
"DGMM",NA,0.646070739315064,0.098,0.278847413467961,0.486,-34172.0651737645,70361.1948889917,11,1.47,TRUE,"","r2 under",5,1,5,2,4,171,510171,710171
"RDMM",4.06437136582105,0.948624584965727,0.013,0.759098670890186,0.099,-30864.6805524308,63753.3334016034,100,4.39,TRUE,"","r2 under",5,1,5,2,4,171,510171,710171
"DGMM",NA,0.464642356500517,0.159,0.187412755123013,0.536,-32926.6557390515,67870.3760195657,18,2.31,TRUE,"","r2 under",5,1,5,2,4,172,510172,710172
"RDMM",3.99134906271564,0.940840784611426,0.015,0.753714902975873,0.101,-30385.9746390063,62795.9215747543,230,11.89,TRUE,"","r2 under",5,1,5,2,4,172,510172,710172
"DGMM",NA,0.891026956444013,0.028,0.322056892097289,0.434,-33257.4260904963,68531.9167224555,15,2.05,TRUE,"","r2 under",5,1,5,2,4,173,510173,710173
"RDMM",4.09186676720309,0.964288261359804,0.009,0.778101547699815,0.091,-30222.0465039014,62468.0653045446,119,5.45,TRUE,"","r2 under",5,1,5,2,4,173,510173,710173
"DGMM",NA,0.299621225340487,0.226,0.148431307178027,0.551,-34080.548301155,70178.1611437727,22,4.18,TRUE,"","r2 under",5,1,5,2,4,174,510174,710174
"RDMM",3.92384303427424,0.902402365084547,0.025,0.756000850365876,0.099,-30851.107058621,63726.1864139837,199,7.94,TRUE,"","r2 under",5,1,5,2,4,174,510174,710174
"DGMM",NA,0.853629879543893,0.038,0.304549744785124,0.468,-33687.4587264755,69391.9819944137,32,3.76000000000001,TRUE,"","r2 under",5,1,5,2,4,175,510175,710175
"RDMM",3.97127770178784,0.917681349416886,0.021,0.717788488956249,0.12,-30741.6277007135,63507.2276981688,167,6.44,TRUE,"","r2 under",5,1,5,2,4,175,510175,710175
"DGMM",NA,0.788332870802789,0.056,0.313442204351998,0.508,-33730.2892903784,69477.6431222196,10,1.25,TRUE,"","r2 under",5,1,5,2,4,176,510176,710176
"RDMM",4.25263100416205,0.917681675909177,0.021,0.744314203334623,0.105,-30927.1520247685,63878.2763462787,119,4.68000000000001,TRUE,"","r2 under",5,1,5,2,4,176,510176,710176
"DGMM",NA,0.604884883898398,0.111,0.2659918806576,0.515,-33432.8724062724,68882.8093540076,13,1.56,TRUE,"","r2 under",5,1,5,2,4,177,510177,710177
"RDMM",4.05227470342481,0.944728715769342,0.014,0.736189050894937,0.109,-30368.9336464992,62761.8395897401,135,5.28,TRUE,"","r2 under",5,1,5,2,4,177,510177,710177
"DGMM",NA,0.827927915861514,0.045,0.299580750922489,0.465,-34129.3110540249,70275.6866495126,13,1.55000000000001,TRUE,"","r2 under",5,1,5,2,4,178,510178,710178
"RDMM",3.93595378564011,0.93696095801392,0.016,0.743072029674583,0.106,-30806.8677516355,63637.7078000128,246,9.47999999999999,TRUE,"","r2 under",5,1,5,2,4,178,510178,710178
"DGMM",NA,-0.000441359587498226,0.489,0.00129882420770201,0.721,-32154.6217359618,66326.3080133864,68,8.05,TRUE,"","r2 under",5,1,5,2,4,179,510179,710179
"RDMM",3.67539017222389,0.925369381709881,0.019,0.650522741129498,0.157,-31071.9256914717,64167.8236796851,124,5.22,TRUE,"","r2 under",5,1,5,2,4,179,510179,710179
"DGMM",NA,0.386348166206623,0.189,0.166664487685548,0.503,-32653.1300316388,67323.3246047404,29,3.44,TRUE,"","r2 under",5,1,5,2,4,180,510180,710180
"RDMM",3.93541630202191,0.917681624914723,0.021,0.729706905013317,0.111,-30296.5930348886,62617.158366519,120,4.69,TRUE,"","r2 under",5,1,5,2,4,180,510180,710180
"DGMM",NA,0.831575651113314,0.044,0.325349259242931,0.437,-33943.81300187,69904.6905452029,12,1.43999999999998,TRUE,"","r2 under",5,1,5,2,4,181,510181,710181
"RDMM",4.067399716033,0.93696096194634,0.016,0.777354506145279,0.09,-31107.0310849532,64238.0344666482,121,4.75,TRUE,"","r2 under",5,1,5,2,4,181,510181,710181
"DGMM",NA,0.906210212429586,0.024,0.383432187071772,0.453,-34119.3918764693,70255.8482944013,19,2.28,TRUE,"","r2 under",5,1,5,2,4,182,510182,710182
"RDMM",3.84520274372325,0.933089089919374,0.017,0.559086909628992,0.218,-31250.896958306,64525.7662133537,120,4.62,TRUE,"","r2 under",5,1,5,2,4,182,510182,710182
"DGMM",NA,0.891027314898068,0.028,0.353062097281323,0.496,-33098.2112745593,68213.4870905814,13,1.65000000000001,TRUE,"","r2 under",5,1,5,2,4,183,510183,710183
"RDMM",4.00396280365459,0.925369399700172,0.019,0.551577828001873,0.24,-30561.9685390667,63147.9093748752,175,6.78,TRUE,"","r2 under",5,1,5,2,4,183,510183,710183
"DGMM",NA,0.310764745935848,0.221,0.150611918470204,0.583,-33676.5244452927,69370.1134320481,46,5.38,TRUE,"","r2 under",5,1,5,2,4,184,510184,710184
"RDMM",4.1968106503325,0.940840796231763,0.015,0.560363137196602,0.244,-30764.3281061561,63552.6285090539,157,6.13999999999999,TRUE,"","r2 under",5,1,5,2,4,184,510184,710184
"DGMM",NA,0.00204223493208122,0.473,0.00385692855988387,0.707,-32549.5799860903,67116.2245136435,45,5.25,TRUE,"","r2 under",5,1,5,2,4,185,510185,710185
"RDMM",3.57509509871419,0.933089048984395,0.017,0.737197711654528,0.109,-31305.6050821177,64635.1824609773,137,5.34999999999999,TRUE,"","r2 under",5,1,5,2,4,185,510185,710185
"DGMM",NA,0.278022313754931,0.236,0.138647341784746,0.6,-34497.0893552012,71011.2432518652,35,4.18000000000001,TRUE,"","r2 under",5,1,5,2,4,186,510186,710186
"RDMM",3.77585296576769,0.940840827435552,0.015,0.69671056318476,0.133,-31434.9966807245,64893.9656581907,116,4.72,TRUE,"","r2 under",5,1,5,2,4,186,510186,710186
"DGMM",NA,0.917681684123184,0.021,0.311607318057438,0.484,-33309.282484317,68635.6295100968,15,1.79000000000002,TRUE,"","r2 under",5,1,5,2,4,187,510187,710187
"RDMM",3.86046552242775,0.940840833050333,0.015,0.755096298597692,0.102,-30711.9266340647,63447.8255648711,152,5.88999999999999,TRUE,"","r2 under",5,1,5,2,4,187,510187,710187
"DGMM",NA,0.777702441756706,0.059,0.321568733973438,0.489,-32635.4604318333,67287.9854051295,25,2.94999999999999,TRUE,"","r2 under",5,1,5,2,4,188,510188,710188
"RDMM",4.15018619094153,0.929225202854171,0.018,0.766790771500531,0.095,-30099.056995953,62222.0862886478,241,9.38,TRUE,"","r2 under",5,1,5,2,4,188,510188,710188
"DGMM",NA,-0.000908881688235675,0.491,0.00193360180296756,0.715,-31969.3736133061,65955.8117680751,29,3.47,TRUE,"","r2 under",5,1,5,2,4,189,510189,710189
"RDMM",3.97166290654865,0.948624619806257,0.013,0.722722334572293,0.116,-30743.847427699,63511.6671521398,101,4.03,TRUE,"","r2 under",5,1,5,2,4,189,510189,710189
"DGMM",NA,0.868492390362573,0.034,0.289295517281675,0.508,-34189.5375772373,70396.1396959373,13,1.59,TRUE,"","r2 under",5,1,5,2,4,190,510190,710190
"RDMM",3.80845018175382,0.902402345838849,0.025,0.747028244608443,0.104,-31172.7792940047,64369.5308847511,137,5.39000000000001,TRUE,"","r2 under",5,1,5,2,4,190,510190,710190
"DGMM",NA,0.910025973857732,0.023,0.386874264617445,0.373,-33043.1297239834,68103.3239894296,10,1.20000000000002,TRUE,"","r2 under",5,1,5,2,4,191,510191,710191
"RDMM",3.90727617466227,0.956440412823515,0.011,0.771549466604118,0.093,-30065.8681310046,62155.708558751,139,5.47,TRUE,"","r2 under",5,1,5,2,4,191,510191,710191
"DGMM",NA,0.73247183063475,0.072,0.274160995190418,0.431,-33862.4004797834,69741.8655010295,9,1.10999999999999,TRUE,"","r2 under",5,1,5,2,4,192,510192,710192
"RDMM",3.83446688749861,0.960360332700638,0.01,0.790369418197424,0.085,-30479.3575585032,62982.6874137481,190,7.39000000000001,TRUE,"","r2 under",5,1,5,2,4,192,510192,710192
"DGMM",NA,0.456441906246189,0.162,0.279310901007552,0.445,-33801.830948482,69620.7264384268,6,0.780000000000001,TRUE,"","r2 under",5,1,5,2,4,193,510193,710193
"RDMM",4.17669912858444,0.933089033764637,0.017,0.743290037936348,0.106,-30783.3156734682,63590.6036436781,162,6.28,TRUE,"","r2 under",5,1,5,2,4,193,510193,710193
"DGMM",NA,-0.00152177804251257,0.498,-0.000655889414573478,0.736,-32214.1873507058,66445.4392428745,23,2.91,TRUE,"","r2 under",5,1,5,2,4,194,510194,710194
"RDMM",3.73227393647732,0.929224868229578,0.018,0.780551924825722,0.09,-31000.9456415358,64025.8635798134,177,6.88,TRUE,"","r2 under",5,1,5,2,4,194,510194,710194
"DGMM",NA,0.681931736176499,0.087,0.287201788970174,0.483,-33447.6986234094,68912.4617882816,21,2.47999999999999,TRUE,"","r2 under",5,1,5,2,4,195,510195,710195
"RDMM",3.92027340755231,0.925369227162444,0.019,0.777980090604532,0.09,-30796.044226664,63616.0607500697,200,7.82000000000002,TRUE,"","r2 under",5,1,5,2,4,195,510195,710195
"DGMM",NA,0.349845468360006,0.204,0.208544343914609,0.559,-34589.0005864398,71195.0657143424,12,1.45999999999998,TRUE,"","r2 under",5,1,5,2,4,196,510196,710196
"RDMM",3.75820398446762,0.898602584337268,0.026,0.758042149814251,0.099,-31129.9847450095,64283.9417867608,149,5.75999999999999,TRUE,"","r2 under",5,1,5,2,4,196,510196,710196
"DGMM",NA,0.92922523313951,0.018,0.412655392222696,0.458,-32915.3768074688,67847.8181564005,25,3,TRUE,"","r2 under",5,1,5,2,4,197,510197,710197
"RDMM",4.1803111791418,0.936960825897076,0.016,0.774110377098986,0.092,-30357.1425313427,62738.2573594271,233,9.44,TRUE,"","r2 under",5,1,5,2,4,197,510197,710197
"DGMM",NA,0.72904979771751,0.073,0.294680711076811,0.527,-33226.667855481,68470.4002524248,25,2.98999999999995,TRUE,"","r2 under",5,1,5,2,4,198,510198,710198
"RDMM",4.129266466453,0.925369358450274,0.019,0.733450665209268,0.111,-30568.9402624126,63161.8528215669,203,7.92000000000002,TRUE,"","r2 under",5,1,5,2,4,198,510198,710198
"DGMM",NA,0.361843426851661,0.199,0.147121905171222,0.56,-32951.4596852305,67919.9839119239,25,3,TRUE,"","r2 under",5,1,5,2,4,199,510199,710199
"RDMM",4.06781061312374,0.933089042947125,0.017,0.71556255136344,0.119,-30527.1795084999,63078.3313137416,110,4.36000000000001,TRUE,"","r2 under",5,1,5,2,4,199,510199,710199
"DGMM",NA,0.86103340961301,0.036,0.357663201298281,0.502,-33408.5825525223,68834.2296465074,18,2.16000000000003,TRUE,"","r2 under",5,1,5,2,4,200,510200,710200
"RDMM",4.08368218738428,0.944727465427147,0.014,0.793196641225918,0.083,-30822.7152909882,63669.4028787183,152,6.12,TRUE,"","r2 under",5,1,5,2,4,200,510200,710200
"DGMM",NA,0.378721772809007,0.192,0.16079111887841,0.551,-32670.560804709,67358.1861508808,40,4.67000000000002,TRUE,"","r2 under",5,1,5,2,4,201,510201,710201
"RDMM",3.9855091425212,0.910025589120822,0.023,0.735428338218741,0.11,-30521.8122393565,63067.5967754548,167,6.48000000000002,TRUE,"","r2 under",5,1,5,2,4,201,510201,710201
"DGMM",NA,0.376465431267236,0.193,0.149552229924446,0.564,-33066.8561552023,68150.7768518674,31,3.69999999999999,TRUE,"","r2 under",5,1,5,2,4,202,510202,710202
"RDMM",3.84549933889894,0.948624574172566,0.013,0.785571255917498,0.087,-30416.6862529577,62857.3448026572,117,4.67000000000002,TRUE,"","r2 under",5,1,5,2,4,202,510202,710202
"DGMM",NA,0.352268703407838,0.203,0.152274364765431,0.556,-33476.966658508,68970.9978584788,27,3.19,TRUE,"","r2 under",5,1,5,2,4,203,510203,710203
"RDMM",3.92405370909132,0.940840800044508,0.015,0.752908362591698,0.102,-30690.1493196766,63404.2709360949,188,7.29000000000002,TRUE,"","r2 under",5,1,5,2,4,203,510203,710203
"DGMM",NA,0.952528525233878,0.012,0.415837712701169,0.414,-32653.3167374586,67323.69801638,17,2.06999999999999,TRUE,"","r2 under",5,1,5,2,4,204,510204,710204
"RDMM",4.33061833449597,0.948624629561597,0.013,0.797950613011431,0.081,-30601.8821439696,63227.7365846809,100,3.94999999999999,TRUE,"","r2 under",5,1,5,2,4,204,510204,710204
"DGMM",NA,0.910025607348009,0.023,0.373602554282815,0.502,-33480.0594357967,68977.1834130562,13,1.56,TRUE,"","r2 under",5,1,5,2,4,205,510205,710205
"RDMM",3.99629404483551,0.913849601757669,0.022,0.736501878063269,0.109,-30547.8002081412,63119.5727130241,196,6.95999999999998,TRUE,"","r2 under",5,1,5,2,4,205,510205,710205
"DGMM",NA,0.409085152869928,0.18,0.164761692423373,0.56,-33258.1485834932,68533.3617084491,22,2.13999999999999,TRUE,"","r2 under",5,1,5,2,4,206,510206,710206
"RDMM",3.99323501710084,0.933089022312268,0.017,0.766867964207048,0.095,-30771.9681784219,63567.9086535856,137,4.47000000000003,TRUE,"","r2 under",5,1,5,2,4,206,510206,710206
"DGMM",NA,0.722226775222524,0.075,0.249138000202682,0.487,-33632.6066383037,69282.2778180701,19,1.83999999999997,TRUE,"","r2 under",5,1,5,2,4,207,510207,710207
"RDMM",3.87419257367026,0.913849764216256,0.022,0.75715583354911,0.099,-30854.0461992119,63732.0646951655,112,3.43000000000001,TRUE,"","r2 under",5,1,5,2,4,207,510207,710207
"DGMM",NA,-0.000977755286360209,0.494,-0.000493690862250018,0.733,-32249.0985100111,66515.2615614849,30,2.74000000000001,TRUE,"","r2 under",5,1,5,2,4,208,510208,710208
"RDMM",3.95672174425562,0.913849807076581,0.022,0.745009286159172,0.104,-31122.4911486524,64268.9545940466,118,3,TRUE,"","r2 under",5,1,5,2,4,208,510208,710208
"DGMM",NA,0.853629965429725,0.038,0.287659573408965,0.502,-33719.7868844503,69456.6383103633,12,0.87,TRUE,"","r2 under",5,1,5,2,4,209,510209,710209
"RDMM",3.71867931955701,0.925367794466891,0.019,0.764695492026793,0.095,-30757.1049703485,63538.1822374388,133,4.12,TRUE,"","r2 under",5,1,5,2,4,209,510209,710209
"DGMM",NA,0.894810740700448,0.027,0.317258238270273,0.478,-33691.8944630126,69400.8534674881,13,1.53,TRUE,"","r2 under",5,1,5,2,4,210,510210,710210
"RDMM",4.10829744176648,0.929225209692798,0.018,0.75484321680599,0.1,-31079.1732937103,64182.3188841623,100,3.97,TRUE,"","r2 under",5,1,5,2,4,210,510210,710210
"DGMM",NA,0.857333575949495,0.037,0.337812803476361,0.5,-33883.1795660642,69783.4236735911,17,2.23,TRUE,"","r2 under",5,1,5,2,4,211,510211,710211
"RDMM",4.03588058986201,0.898602505051401,0.026,0.718644296971935,0.117,-31112.5136122313,64248.9995212044,105,4.44,TRUE,"","r2 under",5,1,5,2,4,211,510211,710211
"DGMM",NA,0.883483543446201,0.03,0.333104775729209,0.507,-33184.8022803615,68386.6691021859,13,1.67,TRUE,"","r2 under",5,1,5,2,4,212,510212,710212
"RDMM",4.18545808187301,0.944728681321713,0.014,0.77659397217845,0.091,-30315.0888401501,62654.1499770419,132,5.6,TRUE,"","r2 under",5,1,5,2,4,212,510212,710212
"DGMM",NA,0.872228155848496,0.033,0.314847312289934,0.432,-33030.75773809,68078.5800176428,11,1.53,TRUE,"","r2 under",5,1,5,2,4,213,510213,710213
"RDMM",4.20580313733743,0.940840842838261,0.015,0.778834167599877,0.09,-30633.6048178082,63291.1819323581,103,4.26,TRUE,"","r2 under",5,1,5,2,4,213,510213,710213
"DGMM",NA,0.910026093870971,0.023,0.416441739923058,0.459,-33110.5624902128,68238.1895218884,20,2.64,TRUE,"","r2 under",5,1,5,2,4,214,510214,710214
"RDMM",4.23649176067009,0.94084077892076,0.015,0.736145184684202,0.109,-30857.9417686735,63739.8558340887,138,5.95,TRUE,"","r2 under",5,1,5,2,4,214,510214,710214
"DGMM",NA,0.846246711572867,0.04,0.295467582745862,0.486,-33477.0614463705,68971.1874342038,13,2.05,TRUE,"","r2 under",5,1,5,2,4,215,510215,710215
"RDMM",3.9745539013321,0.906210125968568,0.024,0.745697662101861,0.106,-30540.641700914,63105.2556985697,185,9.78,TRUE,"","r2 under",5,1,5,2,4,215,510215,710215
"DGMM",NA,0.875971916834958,0.032,0.341707733012908,0.453,-33852.6761827072,69722.4169068772,15,2.04,TRUE,"","r2 under",5,1,5,2,4,216,510216,710216
"RDMM",3.89956618125527,0.921520649316418,0.02,0.739712355324137,0.109,-31083.5115019914,64190.9953007246,119,5.53,TRUE,"","r2 under",5,1,5,2,4,216,510216,710216
"DGMM",NA,0.314890937104447,0.219,0.135883688808562,0.578,-33020.1675108347,68057.3995631322,23,4.26,TRUE,"","r2 under",5,1,5,2,4,217,510217,710217
"RDMM",3.83935150701791,0.913849481595598,0.022,0.753009142982021,0.1,-30633.3421757467,63290.6566482352,192,7.63,TRUE,"","r2 under",5,1,5,2,4,217,510217,710217
"DGMM",NA,0.879723778968778,0.031,0.396442088634487,0.396,-32482.2692639754,66981.6030694136,13,1.58000000000001,TRUE,"","r2 under",5,1,5,2,4,218,510218,710218
"RDMM",4.34423807614382,0.940840822488473,0.015,0.789058674786424,0.085,-30232.2883546023,62488.5490059463,126,4.94,TRUE,"","r2 under",5,1,5,2,4,218,510218,710218
"DGMM",NA,0.8986026625875,0.026,0.414652136440782,0.429,-32319.0199602868,66655.1044620363,18,2.15000000000001,TRUE,"","r2 under",5,1,5,2,4,219,510219,710219
"RDMM",4.2279342286524,0.940840813667951,0.015,0.749821618296234,0.103,-30000.7748448861,62025.521986514,147,5.72,TRUE,"","r2 under",5,1,5,2,4,219,510219,710219
"DGMM",NA,0.875972083480662,0.032,0.375252193768923,0.492,-33324.6443378924,68666.3532172476,22,2.58999999999999,TRUE,"","r2 under",5,1,5,2,4,220,510220,710220
"RDMM",4.0670338171298,0.968224211015188,0.008,0.779613877972906,0.09,-30292.4031992209,62608.7786951836,100,3.94000000000001,TRUE,"","r2 under",5,1,5,2,4,220,510220,710220
"DGMM",NA,0.317518064360948,0.218,0.131254603340409,0.547,-32671.9319848877,67360.9285112382,23,2.69,TRUE,"","r2 under",5,1,5,2,4,221,510221,710221
"RDMM",4.02791895939504,0.92152148113422,0.02,0.739634806376066,0.109,-30747.5744559301,63519.1212086021,134,5.19000000000001,TRUE,"","r2 under",5,1,5,2,4,221,510221,710221
"DGMM",NA,0.891026947088494,0.028,0.326064037106691,0.438,-33670.2879687734,69357.6404790096,13,1.58,TRUE,"","r2 under",5,1,5,2,4,222,510222,710222
"RDMM",3.90465407731396,0.940840818083903,0.015,0.764852643940015,0.096,-30591.8912164062,63207.7547295541,125,4.83999999999999,TRUE,"","r2 under",5,1,5,2,4,222,510222,710222
"DGMM",NA,0.806210371436806,0.051,0.27291402840154,0.489,-33463.2839544702,68943.6324504032,12,1.52,TRUE,"","r2 under",5,1,5,2,4,223,510223,710223
"RDMM",3.94123036160113,0.917681595521618,0.021,0.714600048174705,0.119,-30624.8733659116,63273.719028565,187,7.41999999999999,TRUE,"","r2 under",5,1,5,2,4,223,510223,710223
"DGMM",NA,0.827928164141287,0.045,0.321452311449299,0.485,-33240.3514679201,68497.767477303,17,2.2,TRUE,"","r2 under",5,1,5,2,4,224,510224,710224
"RDMM",4.03843290741934,0.913849860676788,0.022,0.537342006745625,0.282,-30855.8509681652,63735.6742330722,111,4.34999999999999,TRUE,"","r2 under",5,1,5,2,4,224,510224,710224
"DGMM",NA,-0.000334331739344883,0.491,0.00152280280503166,0.728,-32457.5719108796,66932.2083632221,26,3.14,TRUE,"","r2 under",5,1,5,2,4,225,510225,710225
"RDMM",3.78396602662717,0.910025980250753,0.023,0.748192674228701,0.103,-31205.8907406358,64435.7537780133,246,9.5,TRUE,"","r2 under",5,1,5,2,4,225,510225,710225
"DGMM",NA,0.517954480471713,0.14,0.218472259586602,0.519,-33046.5551309645,68110.1748033918,21,2.49000000000001,TRUE,"","r2 under",5,1,5,2,4,226,510226,710226
"RDMM",4.08029226732394,0.913849766967539,0.022,0.77037077790974,0.093,-30706.1144357727,63436.2011682872,146,5.72999999999999,TRUE,"","r2 under",5,1,5,2,4,226,510226,710226
"DGMM",NA,0.788332362109994,0.056,0.318326393119603,0.498,-33517.3316412606,69051.727823984,16,1.91999999999999,TRUE,"","r2 under",5,1,5,2,4,227,510227,710227
"RDMM",4.0261963452817,0.917681665646944,0.021,0.739992294809133,0.108,-30655.7949230689,63335.5621428797,112,4.42000000000002,TRUE,"","r2 under",5,1,5,2,4,227,510227,710227
"DGMM",NA,0.601790134056338,0.112,0.222132994550783,0.551,-33269.9811337812,68557.0268090252,15,1.79999999999998,TRUE,"","r2 under",5,1,5,2,4,228,510228,710228
"RDMM",4.15496332607627,0.913849766967539,0.022,0.508289392963275,0.304,-30411.3629382951,62846.6981733321,206,7.88999999999999,TRUE,"","r2 under",5,1,5,2,4,228,510228,710228
"DGMM",NA,0.824288176159608,0.046,0.297350642428499,0.493,-34195.9921740703,70409.0488896035,11,1.36000000000001,TRUE,"","r2 under",5,1,5,2,4,229,510229,710229
"RDMM",3.75733176063082,0.948624589196012,0.013,0.800863380400007,0.08,-30990.4312497972,64004.8347963361,180,7.03,TRUE,"","r2 under",5,1,5,2,4,229,510229,710229
"DGMM",NA,0.872228269700996,0.033,0.325950550234552,0.438,-33633.3931908757,69283.8509232141,12,1.44,TRUE,"","r2 under",5,1,5,2,4,230,510230,710230
"RDMM",4.01618863823968,0.933089093523709,0.017,0.765535310984119,0.096,-30697.7476259681,63419.4675486779,215,8.5,TRUE,"","r2 under",5,1,5,2,4,230,510230,710230
"DGMM",NA,0.891026983692935,0.028,0.301772201153448,0.468,-33220.9052014944,68458.8749444517,19,2.38999999999999,TRUE,"","r2 under",5,1,5,2,4,231,510231,710231
"RDMM",3.90273698014421,0.925369353008673,0.019,0.752848039106413,0.101,-30619.2281934339,63262.4286836096,114,4.44,TRUE,"","r2 under",5,1,5,2,4,231,510231,710231
"DGMM",NA,0.611135103751665,0.109,0.265949978026138,0.447,-33647.7825577467,69312.6296569561,9,1.09,TRUE,"","r2 under",5,1,5,2,4,232,510232,710232
"RDMM",3.89578216430369,0.929225223632156,0.018,0.554227996795482,0.228,-30872.5065985053,63768.9854937525,168,6.54999999999998,TRUE,"","r2 under",5,1,5,2,4,232,510232,710232
"DGMM",NA,0.32430145618166,0.215,0.135429828922091,0.549,-33487.8032161958,68992.6709738543,31,3.64000000000001,TRUE,"","r2 under",5,1,5,2,4,233,510233,710233
"RDMM",3.89671162798273,0.929225192818055,0.018,0.72417613763631,0.114,-30673.8917206468,63371.7557380353,259,10.11,TRUE,"","r2 under",5,1,5,2,4,233,510233,710233
"DGMM",NA,0.913849628519236,0.022,0.373369875647931,0.483,-33096.8826145807,68210.8297706243,16,1.96000000000001,TRUE,"","r2 under",5,1,5,2,4,234,510234,710234
"RDMM",3.88584299992451,0.925369335090148,0.019,0.786414542920978,0.086,-30352.5829478947,62729.1381925312,194,7.49000000000001,TRUE,"","r2 under",5,1,5,2,4,234,510234,710234
"DGMM",NA,0.872228179077864,0.033,0.355278794345453,0.401,-33802.4340948923,69621.9327312475,11,1.35999999999999,TRUE,"","r2 under",5,1,5,2,4,235,510235,710235
"RDMM",3.65255756802032,0.894810845628175,0.027,0.724182038349535,0.114,-30965.1286650681,63954.229626878,101,4.01000000000002,TRUE,"","r2 under",5,1,5,2,4,235,510235,710235
"DGMM",NA,0.489510929468812,0.15,0.193917572017045,0.539,-32689.8236825397,67396.7119065422,24,2.84999999999999,TRUE,"","r2 under",5,1,5,2,4,236,510236,710236
"RDMM",3.93777647244383,0.936960961603731,0.016,0.736574280749662,0.109,-30403.7747199917,62831.5217367251,204,7.94,TRUE,"","r2 under",5,1,5,2,4,236,510236,710236
"DGMM",NA,0.453783651855851,0.163,0.178513829609058,0.552,-33505.2593679436,69027.58327735,37,4.41,TRUE,"","r2 under",5,1,5,2,4,237,510237,710237
"RDMM",3.62613168890672,0.910025937669061,0.023,0.740538355803727,0.107,-30754.7830693288,63533.5384353994,176,7.03,TRUE,"","r2 under",5,1,5,2,4,237,510237,710237
"DGMM",NA,0.902402336920108,0.025,0.3526177561804,0.405,-33428.4539941166,68873.9725296959,14,1.67999999999998,TRUE,"","r2 under",5,1,5,2,4,238,510238,710238
"RDMM",4.04056275561585,0.948624593831534,0.013,0.779984718977354,0.089,-30675.2389659653,63374.4502286724,100,3.91999999999999,TRUE,"","r2 under",5,1,5,2,4,238,510238,710238
"DGMM",NA,0.388736840419852,0.188,0.164282881297541,0.573,-33327.243644103,68671.5518296689,28,3.29999999999998,TRUE,"","r2 under",5,1,5,2,4,239,510239,710239
"RDMM",4.03421961990497,0.952528512393186,0.012,0.755181501402468,0.101,-31008.2808834772,64040.5340636962,182,7.06999999999999,TRUE,"","r2 under",5,1,5,2,4,239,510239,710239
"DGMM",NA,0.82065666743881,0.047,0.283582443517328,0.512,-33607.4429062449,69231.9503539526,25,2.97000000000003,TRUE,"","r2 under",5,1,5,2,4,240,510240,710240
"RDMM",3.85232825141308,0.917681689402109,0.021,0.729848655236235,0.111,-30751.4062443111,63526.7847853639,124,4.88999999999999,TRUE,"","r2 under",5,1,5,2,4,240,510240,710240
"DGMM",NA,0.565084977007036,0.124,0.246854163372033,0.479,-33155.4628126312,68327.9901667251,11,1.35000000000002,TRUE,"","r2 under",5,1,5,2,4,241,510241,710241
"RDMM",4.05352209821381,0.921521458517313,0.02,0.753920911106727,0.1,-30295.2330871727,62614.4384710871,140,5.5,TRUE,"","r2 under",5,1,5,2,4,241,510241,710241
"DGMM",NA,0.868492424770639,0.034,0.293131245819994,0.49,-33980.1508544671,69977.3662503969,14,2.11000000000001,TRUE,"","r2 under",5,1,5,2,4,242,510242,710242
"RDMM",3.73188450825536,0.944728673788864,0.014,0.758640821920701,0.099,-30957.3695930167,63938.7114827751,120,4.65999999999997,TRUE,"","r2 under",5,1,5,2,4,242,510242,710242
"DGMM",NA,0.398803817775142,0.184,0.174963295374969,0.522,-33271.6132091867,68560.2909598362,28,3.33000000000004,TRUE,"","r2 under",5,1,5,2,4,243,510243,710243
"RDMM",3.76838397808548,0.94862460761949,0.013,0.774368187036649,0.093,-30775.1767235026,63574.325743747,115,4.51999999999998,TRUE,"","r2 under",5,1,5,2,4,243,510243,710243
"DGMM",NA,0.381294742105227,0.191,0.165401855986705,0.545,-33742.1704126874,69501.4053668376,25,2.97000000000003,TRUE,"","r2 under",5,1,5,2,4,244,510244,710244
"RDMM",3.76854048478624,0.933089082813683,0.017,0.68491579867643,0.135,-30826.3510489846,63676.6743947111,190,7.35999999999996,TRUE,"","r2 under",5,1,5,2,4,244,510244,710244
"DGMM",NA,0.195990511021396,0.278,0.0856351304117558,0.598,-33229.1029121126,68475.270365688,24,3.03999999999996,TRUE,"","r2 under",5,1,5,2,4,245,510245,710245
"RDMM",4.08975947813713,0.91384988162212,0.022,0.748367060861148,0.103,-30738.6479457261,63501.268188194,110,4.35000000000002,TRUE,"","r2 under",5,1,5,2,4,245,510245,710245
"DGMM",NA,0.74278558989047,0.069,0.272103179548173,0.463,-33629.9219025952,69276.9083466531,11,1.31,TRUE,"","r2 under",5,1,5,2,4,246,510246,710246
"RDMM",4.03228868965414,0.944728665260907,0.014,0.73752355471058,0.108,-30675.3134281013,63374.5991529443,126,4.90000000000003,TRUE,"","r2 under",5,1,5,2,4,246,510246,710246
"DGMM",NA,0.817033861978074,0.048,0.28592059535594,0.493,-33817.4165059812,69651.8975534252,16,2.01999999999998,TRUE,"","r2 under",5,1,5,2,4,247,510247,710247
"RDMM",3.84731514292079,0.91384984194407,0.022,0.701712032663101,0.125,-31009.7962772654,64043.5648512725,202,7.82999999999998,TRUE,"","r2 under",5,1,5,2,4,247,510247,710247
"DGMM",NA,0.437686696294295,0.169,0.18967653435811,0.523,-33250.3909708619,68517.8464831865,28,3.24000000000001,TRUE,"","r2 under",5,1,5,2,4,248,510248,710248
"RDMM",3.86718473950123,0.925369364882562,0.019,0.740748606302378,0.107,-30784.7778477883,63593.5279923183,104,4.09000000000003,TRUE,"","r2 under",5,1,5,2,4,248,510248,710248
"DGMM",NA,0.824288770985918,0.046,0.356284835197279,0.488,-33599.3311817675,69215.7269049977,12,1.44999999999999,TRUE,"","r2 under",5,1,5,2,4,249,510249,710249
"RDMM",4.33593750601298,0.929225203075431,0.018,0.709546749237098,0.121,-31114.3254738253,64252.6232443923,156,6.09000000000003,TRUE,"","r2 under",5,1,5,2,4,249,510249,710249
"DGMM",NA,0.8610451003017,0.036,0.377485903079534,0.462,-32919.8940059777,67856.8525534183,21,2.59999999999997,TRUE,"","r2 under",5,1,5,2,4,250,510250,710250
"RDMM",3.97765113524585,0.944728718772376,0.014,0.738603565848948,0.108,-30324.0029070935,62671.9781109287,188,6.79000000000002,TRUE,"","r2 under",5,1,5,2,4,250,510250,710250
"DGMM",NA,0.872228332235798,0.033,0.380107140476248,0.404,-33715.9989205927,69449.0623826483,16,0.99,TRUE,"","r2 under",5,1,5,2,4,251,510251,710251
"RDMM",3.77719555898771,0.921521501516602,0.02,0.730543554081582,0.111,-30807.8330298671,63639.6383564759,154,4.86,TRUE,"","r2 under",5,1,5,2,4,251,510251,710251
"DGMM",NA,0.280159680833348,0.235,0.109885197232464,0.606,-33974.077224535,69965.2189905329,30,3.53,TRUE,"","r2 under",5,1,5,2,4,252,510252,710252
"RDMM",3.63496145208803,0.944728729592688,0.014,0.701381474637645,0.127,-31189.1397797041,64402.25185615,179,7.69,TRUE,"","r2 under",5,1,5,2,4,252,510252,710252
"DGMM",NA,0.429832680946624,0.172,0.176020689760272,0.554,-33595.0287730794,69207.1220876215,24,3.02,TRUE,"","r2 under",5,1,5,2,4,253,510253,710253
"RDMM",3.81957266446382,0.906210119978046,0.024,0.659811555367877,0.146,-31250.3216294672,64524.6155556762,141,5.95,TRUE,"","r2 under",5,1,5,2,4,253,510253,710253
"DGMM",NA,0.902402336920108,0.025,0.335507259640231,0.435,-33096.7593427483,68210.5832269594,16,2.04,TRUE,"","r2 under",5,1,5,2,4,254,510254,710254
"RDMM",4.15485863655353,0.933089048984395,0.017,0.732889095525445,0.111,-30459.1334612129,62942.2392191676,143,6.02,TRUE,"","r2 under",5,1,5,2,4,254,510254,710254
"DGMM",NA,0.571090272374189,0.122,0.254973178043266,0.529,-32758.585332225,67534.2352059128,21,2.78,TRUE,"","r2 under",5,1,5,2,4,255,510255,710255
"RDMM",4.33164148558415,0.929225212878938,0.018,0.795047081085047,0.083,-30625.8186065974,63275.6095099365,122,6.19,TRUE,"","r2 under",5,1,5,2,4,255,510255,710255
"DGMM",NA,-0.000286112673200265,0.491,0.000318132376820372,0.733,-32285.5510810544,66588.1667035717,35,5.53,TRUE,"","r2 under",5,1,5,2,4,256,510256,710256
"RDMM",3.88470234750969,0.921521449096114,0.02,0.757845798517168,0.099,-30946.3892992782,63916.7508952981,139,6.38,TRUE,"","r2 under",5,1,5,2,4,256,510256,710256
"DGMM",NA,0.319699798753082,0.217,0.15370173369416,0.544,-32962.4415295254,67941.9476005136,32,4.94,TRUE,"","r2 under",5,1,5,2,4,257,510257,710257
"RDMM",3.93832620924741,0.933089087640918,0.017,0.75415675216409,0.101,-30477.4979396749,62978.9681760915,146,6.68,TRUE,"","r2 under",5,1,5,2,4,257,510257,710257
"DGMM",NA,-0.001754693172489,0.498,0.000520823151045574,0.715,-32121.1628740575,66259.3902895777,32,3.80999999999999,TRUE,"","r2 under",5,1,5,2,4,258,510258,710258
"RDMM",3.95427240291182,0.910025478355448,0.023,0.764179660670934,0.096,-30788.4875096285,63600.9473159987,129,5.10000000000001,TRUE,"","r2 under",5,1,5,2,4,258,510258,710258
"DGMM",NA,0.90240231416323,0.025,0.334577431912439,0.442,-34034.6819889266,70086.4285193161,10,1.24000000000001,TRUE,"","r2 under",5,1,5,2,4,259,510259,710259
"RDMM",3.70492456013595,0.906210163463448,0.024,0.727420388568017,0.112,-31089.2333987242,64202.4390941901,137,5.30000000000001,TRUE,"","r2 under",5,1,5,2,4,259,510259,710259
"DGMM",NA,0.846246159725134,0.04,0.308406379698797,0.499,-34315.6214793667,70648.3075001962,21,2.48,TRUE,"","r2 under",5,1,5,2,4,260,510260,710260
"RDMM",3.81694010773803,0.948624608686944,0.013,0.748596624132508,0.104,-31177.8485149586,64379.6693266589,265,10.22,TRUE,"","r2 under",5,1,5,2,4,260,510260,710260
"DGMM",NA,0.879723674463989,0.031,0.33396836767853,0.469,-34164.2126101983,70345.4897618594,19,2.33000000000001,TRUE,"","r2 under",5,1,5,2,4,261,510261,710261
"RDMM",3.5042080738716,0.948624575793517,0.013,0.776585338968513,0.092,-31065.5904706084,64155.1532379585,212,8.06,TRUE,"","r2 under",5,1,5,2,4,261,510261,710261
"DGMM",NA,0.898602696222904,0.026,0.3878021598621,0.461,-33468.6621320711,68954.3888056051,22,2.64,TRUE,"","r2 under",5,1,5,2,4,262,510262,710262
"RDMM",4.16746166583775,0.948624621021968,0.013,0.527402067443398,0.292,-30976.5290247796,63977.0303463009,100,4.01000000000001,TRUE,"","r2 under",5,1,5,2,4,262,510262,710262
"DGMM",NA,0.421947139606759,0.175,0.172455749843685,0.564,-33618.5347364202,69254.1340143032,22,2.77,TRUE,"","r2 under",5,1,5,2,4,263,510263,710263
"RDMM",3.72718677869419,0.929225225946872,0.018,0.791543286820728,0.084,-30781.2750940124,63586.5224847665,300,11.76,TRUE,"","r2 under",5,1,5,2,4,263,510263,710263
"DGMM",NA,0.000880241326714926,0.48,0.00043141938130505,0.729,-32021.0516013134,66059.1677440895,32,3.7,TRUE,"","r2 under",5,1,5,2,4,264,510264,710264
"RDMM",3.68256328115104,0.94862457829413,0.013,0.789358326535771,0.085,-30603.3597989166,63230.691894575,115,4.63999999999999,TRUE,"","r2 under",5,1,5,2,4,264,510264,710264
"DGMM",NA,0.366620828733835,0.197,0.15272713784457,0.541,-32610.7969439461,67238.658429355,27,3.13999999999999,TRUE,"","r2 under",5,1,5,2,4,265,510265,710265
"RDMM",3.91206666924797,0.910026040903629,0.023,0.744355411919669,0.105,-30383.1921630889,62790.3566229196,138,5.36000000000001,TRUE,"","r2 under",5,1,5,2,4,265,510265,710265
"DGMM",NA,0.297503392647664,0.227,0.111190272498784,0.603,-33232.931178057,68482.9268975769,27,3.13999999999999,TRUE,"","r2 under",5,1,5,2,4,266,510266,710266
"RDMM",4.05586518852473,0.906210203857321,0.024,0.733582853776858,0.111,-30569.9079237543,63163.7881442503,189,7.34,TRUE,"","r2 under",5,1,5,2,4,266,510266,710266
"DGMM",NA,0.879723653947123,0.031,0.334913578501313,0.453,-33867.6851100873,69752.4347616374,13,1.58000000000001,TRUE,"","r2 under",5,1,5,2,4,267,510267,710267
"RDMM",3.93444878542526,0.917681680802741,0.021,0.72855030112554,0.113,-30975.6567494135,63975.2857955687,236,9.08000000000001,TRUE,"","r2 under",5,1,5,2,4,267,510267,710267
"DGMM",NA,0.89860259786233,0.026,0.312683735281336,0.496,-34359.160343224,70735.3852279108,18,2.18000000000001,TRUE,"","r2 under",5,1,5,2,4,268,510268,710268
"RDMM",3.77685576070953,0.944728726144827,0.014,0.730362284941818,0.113,-30995.3469781414,64014.6662530246,206,8.05000000000001,TRUE,"","r2 under",5,1,5,2,4,268,510268,710268
"DGMM",NA,0.921520358758256,0.02,0.323007615765788,0.448,-33047.2113528022,68111.4872470672,11,1.39000000000001,TRUE,"","r2 under",5,1,5,2,4,269,510269,710269
"RDMM",4.28460206146293,0.944728197875391,0.014,0.656438539787365,0.163,-30290.5719249139,62605.1161465696,167,6.63999999999999,TRUE,"","r2 under",5,1,5,2,4,269,510269,710269
"DGMM",NA,0.611124572908816,0.109,0.254194346098672,0.445,-34430.1922350118,70877.4490114864,11,1.34,TRUE,"","r2 under",5,1,5,2,4,270,510270,710270
"RDMM",3.9896988203174,0.940838291934118,0.015,0.766211292979523,0.094,-30946.2743183214,63916.5209333846,148,5.78,TRUE,"","r2 under",5,1,5,2,4,270,510270,710270
"DGMM",NA,0.299741918003531,0.226,0.19981953603023,0.554,-33424.8838677819,68866.8322770266,22,2.61000000000001,TRUE,"","r2 under",5,1,5,2,4,271,510271,710271
"RDMM",3.8925758651378,0.948624574172566,0.013,0.756293959976324,0.1,-30763.0358188745,63550.0439344908,107,4.16999999999999,TRUE,"","r2 under",5,1,5,2,4,271,510271,710271
"DGMM",NA,0.910026006301727,0.023,0.379774682886221,0.471,-33477.146222792,68971.3569870467,13,1.56,TRUE,"","r2 under",5,1,5,2,4,272,510272,710272
"RDMM",4.11319031829612,0.936960944142815,0.016,0.762412286461133,0.097,-30781.1179128239,63586.2081223896,129,5.10999999999999,TRUE,"","r2 under",5,1,5,2,4,272,510272,710272
"DGMM",NA,0.328483330358075,0.213,0.116841470931677,0.565,-33695.4770348001,69408.0186110631,13,1.59,TRUE,"","r2 under",5,1,5,2,4,273,510273,710273
"RDMM",4.00863125365706,0.948624364683526,0.013,0.746106900144353,0.104,-30922.3745373923,63868.7213715263,195,7.59,TRUE,"","r2 under",5,1,5,2,4,273,510273,710273
"DGMM",NA,0.872228232542249,0.033,0.301621424299695,0.51,-33477.6188102228,68972.3021619083,12,1.38999999999999,TRUE,"","r2 under",5,1,5,2,4,274,510274,710274
"RDMM",3.74275786524728,0.925369354157296,0.019,0.753877479030257,0.101,-30373.3710346522,62770.7143660461,104,4.02000000000001,TRUE,"","r2 under",5,1,5,2,4,274,510274,710274
"DGMM",NA,-0.00135370580067462,0.497,0.000978628494229958,0.708,-31862.1309708903,65741.3264832435,54,6.35999999999999,TRUE,"","r2 under",5,1,5,2,4,275,510275,710275
"RDMM",3.84366855302707,0.929225067647195,0.018,0.777712428784259,0.09,-30679.4873807003,63382.9470581425,137,5.38,TRUE,"","r2 under",5,1,5,2,4,275,510275,710275
"DGMM",NA,0.906210119978046,0.024,0.345168385011184,0.486,-33285.1857155751,68587.435972613,14,1.75,TRUE,"","r2 under",5,1,5,2,4,276,510276,710276
"RDMM",4.12229945669286,0.929225157135072,0.018,0.777859992398191,0.09,-30617.3208447317,63258.6139862052,158,6.31,TRUE,"","r2 under",5,1,5,2,4,276,510276,710276
"DGMM",NA,0.879723844614878,0.031,0.342975026215312,0.399,-34102.9750987491,70223.014738961,11,1.41,TRUE,"","r2 under",5,1,5,2,4,277,510277,710277
"RDMM",3.89656936426732,0.902402403162841,0.025,0.739093669036395,0.107,-31046.2061838461,64116.384664434,123,4.78,TRUE,"","r2 under",5,1,5,2,4,277,510277,710277
"DGMM",NA,0.708672584146592,0.079,0.267994784757602,0.471,-34074.0995318257,70165.2636051143,17,2.05000000000001,TRUE,"","r2 under",5,1,5,2,4,278,510278,710278
"RDMM",3.79230870856097,0.925369301894911,0.019,0.764924206354902,0.096,-30622.1347214323,63268.2417396063,183,7.16,TRUE,"","r2 under",5,1,5,2,4,278,510278,710278
"DGMM",NA,0.000706647638985048,0.481,-0.00104887087188378,0.725,-32062.7167895522,66142.4981205673,22,2.58999999999997,TRUE,"","r2 under",5,1,5,2,4,279,510279,710279
"RDMM",4.09396989054984,0.87597189282472,0.032,0.676243838058112,0.136,-30777.7330100872,63579.4383169162,202,7.78000000000003,TRUE,"","r2 under",5,1,5,2,4,279,510279,710279
"DGMM",NA,0.349904235920847,0.204,0.139202575174007,0.57,-33836.994937086,69691.0544156348,32,3.78000000000003,TRUE,"","r2 under",5,1,5,2,4,280,510280,710280
"RDMM",3.84435434967028,0.948624590154745,0.013,0.786608871969713,0.087,-30916.5981526199,63857.1686019815,163,6.83999999999997,TRUE,"","r2 under",5,1,5,2,4,280,510280,710280
"DGMM",NA,0.906210166566969,0.024,0.367501544863224,0.45,-33031.1371400791,68079.3388216209,14,1.69999999999999,TRUE,"","r2 under",5,1,5,2,4,281,510281,710281
"RDMM",4.05175529567689,0.936960906158693,0.016,0.762574270187061,0.097,-30241.7573465567,62507.4869898552,136,5.35000000000002,TRUE,"","r2 under",5,1,5,2,4,281,510281,710281
"DGMM",NA,0.853630089506415,0.038,0.330864138167826,0.473,-33082.9610013041,68182.9865440709,13,1.56,TRUE,"","r2 under",5,1,5,2,4,282,510282,710282
"RDMM",3.94044211696768,0.940840812245286,0.015,0.753860685588909,0.101,-30097.7928890094,62219.5580747606,164,6.46000000000004,TRUE,"","r2 under",5,1,5,2,4,282,510282,710282
"DGMM",NA,0.853629610622031,0.038,0.391710392933714,0.448,-33396.5048543652,68810.0742501933,18,2.14999999999998,TRUE,"","r2 under",5,1,5,2,4,283,510283,710283
"RDMM",4.04339080142888,0.891026987718164,0.028,0.73619380484472,0.108,-30704.7657287966,63433.5037543349,170,6.75999999999999,TRUE,"","r2 under",5,1,5,2,4,283,510283,710283
"DGMM",NA,0.898602280131354,0.026,0.353623210250095,0.42,-33544.1927308308,69105.4500031245,13,1.63,TRUE,"","r2 under",5,1,5,2,4,284,510284,710284
"RDMM",4.07123391100368,0.929225106510743,0.018,0.756564094790461,0.099,-30933.3535006511,63890.6792980439,150,5.88999999999999,TRUE,"","r2 under",5,1,5,2,4,284,510284,710284
"DGMM",NA,0.809811594755552,0.05,0.342792754166446,0.51,-33110.5964732407,68238.2574879442,15,1.79000000000002,TRUE,"","r2 under",5,1,5,2,4,285,510285,710285
"RDMM",3.98749757194431,0.940840790302092,0.015,0.716326257078613,0.119,-30703.825369101,63431.6230349438,106,4.13,TRUE,"","r2 under",5,1,5,2,4,285,510285,710285
"DGMM",NA,0.875971931867449,0.032,0.549227844569237,0.207,-32988.4383676909,67993.9412768446,19,2.33000000000004,TRUE,"","r2 under",5,1,5,2,4,286,510286,710286
"RDMM",4.39280495663952,0.948624573352206,0.013,0.792713520375558,0.084,-30667.7261580272,63359.4246127961,242,9.35999999999996,TRUE,"","r2 under",5,1,5,2,4,286,510286,710286
"DGMM",NA,0.891027041178211,0.028,0.381527667837782,0.504,-33706.2625547426,69429.589650948,20,2.45000000000005,TRUE,"","r2 under",5,1,5,2,4,287,510287,710287
"RDMM",4.12872625706976,0.952528534693154,0.012,0.767606411038892,0.095,-30745.8907763544,63515.7538494505,123,4.76999999999998,TRUE,"","r2 under",5,1,5,2,4,287,510287,710287
"DGMM",NA,0.802618674866307,0.052,0.359338075913715,0.397,-33401.9196307975,68820.9038030577,17,2.09000000000003,TRUE,"","r2 under",5,1,5,2,4,288,510288,710288
"RDMM",4.12085435239593,0.921521517463921,0.02,0.765673580455978,0.096,-30302.1403332758,62628.2529632934,134,5.17000000000002,TRUE,"","r2 under",5,1,5,2,4,288,510288,710288
"DGMM",NA,0.898602550386423,0.026,0.365433962235862,0.402,-33317.9736100639,68653.0117615905,12,1.45999999999998,TRUE,"","r2 under",5,1,5,2,4,289,510289,710289
"RDMM",3.98568031547241,0.940840827871836,0.015,0.774564334686781,0.092,-30539.5812115152,63103.1347197722,128,4.67000000000002,TRUE,"","r2 under",5,1,5,2,4,289,510289,710289
"DGMM",NA,0.4142244903549,0.178,0.172021036018941,0.532,-32742.3721791953,67501.8088998534,31,3.16000000000003,TRUE,"","r2 under",5,1,5,2,4,290,510290,710290
"RDMM",4.16142362161819,0.929225154874816,0.018,0.71777026108876,0.118,-30609.0110396472,63241.9943760361,128,4.06999999999999,TRUE,"","r2 under",5,1,5,2,4,290,510290,710290
"DGMM",NA,0.00169154493755003,0.471,0.0002894121705681,0.723,-31764.236622375,65545.5377862128,42,4.11000000000001,TRUE,"","r2 under",5,1,5,2,4,291,510291,710291
"RDMM",3.89034287163254,0.929225067647195,0.018,0.774514134652986,0.091,-30428.646826895,62881.2659505317,100,3.13,TRUE,"","r2 under",5,1,5,2,4,291,510291,710291
"DGMM",NA,0.868492802752184,0.034,0.406867176100465,0.374,-32763.9258841232,67544.9163097092,14,1.29000000000002,TRUE,"","r2 under",5,1,5,2,4,292,510292,710292
"RDMM",3.96030633583895,0.944728628703375,0.014,0.764610726135137,0.097,-30066.8566170132,62157.6855307681,116,3.06,TRUE,"","r2 under",5,1,5,2,4,292,510292,710292
"DGMM",NA,0.89481080968767,0.027,0.316038017063931,0.508,-33331.7838601381,68680.632261739,16,1.04,TRUE,"","r2 under",5,1,5,2,4,293,510293,710293
"RDMM",3.87739659464365,0.917681681879641,0.021,0.776692917407473,0.09,-30604.6413594274,63233.2550155966,105,2.83,TRUE,"","r2 under",5,1,5,2,4,293,510293,710293
"DGMM",NA,0.483886641107865,0.152,0.198516576279218,0.548,-33442.3736477417,68901.8118369461,10,1.34,TRUE,"","r2 under",5,1,5,2,4,294,510294,710294
"RDMM",4.29833440785883,0.913849834518934,0.022,0.747442789701194,0.103,-30307.0967014037,62638.1656995493,234,9.56,TRUE,"","r2 under",5,1,5,2,4,294,510294,710294
"DGMM",NA,0.000767513734330994,0.478,-2.41483150178018e-06,0.734,-32267.2902923786,66551.6451262201,29,3.8,TRUE,"","r2 under",5,1,5,2,4,295,510295,710295
"RDMM",4.0467077061141,0.906210222389712,0.024,0.750614028724163,0.102,-31023.1560443363,64070.2843854143,172,7.16,TRUE,"","r2 under",5,1,5,2,4,295,510295,710295
"DGMM",NA,0.388840137146533,0.188,0.155522119547676,0.564,-33854.7319033835,69726.5283482298,18,2.42,TRUE,"","r2 under",5,1,5,2,4,296,510296,710296
"RDMM",3.71730718675975,0.921521449096114,0.02,0.748417497130257,0.103,-31044.391736689,64112.7557701197,135,5.58,TRUE,"","r2 under",5,1,5,2,4,296,510296,710296
"DGMM",NA,0.371557990847501,0.195,0.156191145693777,0.532,-32759.2629644434,67535.5904703495,31,4.15,TRUE,"","r2 under",5,1,5,2,4,297,510297,710297
"RDMM",3.91143145606817,0.921521464620709,0.02,0.747978055055944,0.104,-30255.2690141312,62534.5103250041,148,8.03,TRUE,"","r2 under",5,1,5,2,4,297,510297,710297
"DGMM",NA,0.52079795726608,0.139,0.222618327335738,0.535,-32708.6210808035,67434.3067030697,30,4.25,TRUE,"","r2 under",5,1,5,2,4,298,510298,710298
"RDMM",4.33227175356869,0.929225216773108,0.018,0.685324798028721,0.133,-30488.1751163968,63000.3225295353,113,5.25,TRUE,"","r2 under",5,1,5,2,4,298,510298,710298
"DGMM",NA,0.297448003536155,0.227,0.116176914374627,0.575,-33463.1859901637,68943.4365217902,28,4.14,TRUE,"","r2 under",5,1,5,2,4,299,510299,710299
"RDMM",3.95346401143415,0.917681695293387,0.021,0.734744208169315,0.109,-31160.1671437087,64344.3065841592,242,10.56,TRUE,"","r2 under",5,1,5,2,4,299,510299,710299
"DGMM",NA,0.265618358677234,0.242,0.108780337294894,0.552,-33676.3532587852,69369.7710590332,28,3.39999999999999,TRUE,"","r2 under",5,1,5,2,4,300,510300,710300
"RDMM",3.71989657679413,0.917681650016038,0.021,0.746618038813732,0.104,-31383.208099589,64790.3884959197,161,6.19000000000001,TRUE,"","r2 under",5,1,5,2,4,300,510300,710300
"DGMM",NA,0.84993366426951,0.039,0.288421237333925,0.506,-34138.2337053535,70293.5319521698,25,2.97,TRUE,"","r2 under",5,1,5,2,4,301,510301,710301
"RDMM",3.79941041543595,0.917681595521618,0.021,0.719621788275763,0.118,-31045.8828359487,64115.7379686391,184,7.16,TRUE,"","r2 under",5,1,5,2,4,301,510301,710301
"DGMM",NA,0.824288820069367,0.046,0.312409298419253,0.502,-33471.8343898334,68960.7333211297,18,2.23,TRUE,"","r2 under",5,1,5,2,4,302,510302,710302
"RDMM",3.72637372760162,0.92536931929657,0.019,0.735977114433277,0.109,-30586.8023557284,63197.5770081986,115,4.5,TRUE,"","r2 under",5,1,5,2,4,302,510302,710302
"DGMM",NA,0.913849628519236,0.022,0.367949908019531,0.49,-33922.5372389856,69862.1390194339,19,2.3,TRUE,"","r2 under",5,1,5,2,4,303,510303,710303
"RDMM",3.9618539547019,0.948624587812274,0.013,0.743930750291784,0.106,-30950.0261418879,63924.0245805176,100,3.99000000000001,TRUE,"","r2 under",5,1,5,2,4,303,510303,710303
"DGMM",NA,0.652521926306004,0.096,0.235937363290902,0.501,-33506.6175880115,69030.2997174859,16,1.92,TRUE,"","r2 under",5,1,5,2,4,304,510304,710304
"RDMM",3.92517835714453,0.902402345838849,0.025,0.698797143729177,0.126,-30851.4104488432,63726.7931944282,134,5.38,TRUE,"","r2 under",5,1,5,2,4,304,510304,710304
"DGMM",NA,0.861045027000409,0.036,0.348622407219298,0.509,-33260.5031146804,68538.0707708236,15,1.87,TRUE,"","r2 under",5,1,5,2,4,305,510305,710305
"RDMM",4.25906590927684,0.894810790321069,0.027,0.727235805390865,0.112,-30728.2814866504,63480.5352700425,131,5.42,TRUE,"","r2 under",5,1,5,2,4,305,510305,710305
"DGMM",NA,0.883483543446201,0.03,0.342231007158326,0.498,-33380.5168798933,68778.0983012494,12,1.47,TRUE,"","r2 under",5,1,5,2,4,306,510306,710306
"RDMM",3.93224477929255,0.906210176101573,0.024,0.745894215886214,0.104,-30628.605021227,63281.1823391958,176,6.81,TRUE,"","r2 under",5,1,5,2,4,306,510306,710306
"DGMM",NA,0.324271258732485,0.215,0.13714564948392,0.58,-32477.8080824592,66972.6807063812,28,3.25,TRUE,"","r2 under",5,1,5,2,4,307,510307,710307
"RDMM",3.99178439531128,0.917681720711395,0.021,0.709178439060936,0.121,-30220.5887519124,62465.1498005666,180,7.02000000000001,TRUE,"","r2 under",5,1,5,2,4,307,510307,710307
"DGMM",NA,0.898602643202145,0.026,0.416749162119375,0.45,-32804.6686751785,67626.4018918197,16,1.93000000000001,TRUE,"","r2 under",5,1,5,2,4,308,510308,710308
"RDMM",4.11557083797357,0.936960909797021,0.016,0.783361466964642,0.088,-30308.9402129924,62641.8527227266,165,6.43000000000001,TRUE,"","r2 under",5,1,5,2,4,308,510308,710308
"DGMM",NA,0.265471119654593,0.242,0.110048061498277,0.571,-33617.3061415334,69251.6768245296,24,2.86000000000001,TRUE,"","r2 under",5,1,5,2,4,309,510309,710309
"RDMM",3.8160791411243,0.921521532833733,0.02,0.788204692951676,0.085,-30900.7161417706,63825.404580283,115,4.53,TRUE,"","r2 under",5,1,5,2,4,309,510309,710309
"DGMM",NA,0.948624582145536,0.013,0.37220021438375,0.483,-32858.7643185734,67734.5931786096,12,1.44,TRUE,"","r2 under",5,1,5,2,4,310,510310,710310
"RDMM",4.31370601728561,0.948624575793517,0.013,0.543213384479195,0.296,-30456.1213075845,62936.2149119108,119,4.66,TRUE,"","r2 under",5,1,5,2,4,310,510310,710310
"DGMM",NA,0.401435077597566,0.183,0.159882452028902,0.561,-33195.8008958133,68408.6663330893,25,3.06,TRUE,"","r2 under",5,1,5,2,4,311,510311,710311
"RDMM",3.84166962138097,0.929225157135072,0.018,0.739972326922309,0.108,-31102.3638988359,64228.7000944137,111,4.34999999999999,TRUE,"","r2 under",5,1,5,2,4,311,510311,710311
"DGMM",NA,0.000418311949694576,0.482,-0.000402101027338378,0.712,-32423.3185792307,66863.7016999242,22,2.69,TRUE,"","r2 under",5,1,5,2,4,312,510312,710312
"RDMM",3.61118919197774,0.883483445807812,0.03,0.764717825233804,0.096,-31147.3676979304,64318.7076926026,137,5.35999999999999,TRUE,"","r2 under",5,1,5,2,4,312,510312,710312
"DGMM",NA,0.846246725822872,0.04,0.325449573212373,0.496,-33432.9400317895,68882.9446050417,11,1.37,TRUE,"","r2 under",5,1,5,2,4,313,510313,710313
"RDMM",4.20087571194618,0.929225173307474,0.018,0.762439535391195,0.097,-30667.7169203258,63359.4061373933,141,5.63999999999999,TRUE,"","r2 under",5,1,5,2,4,313,510313,710313
"DGMM",NA,0.910025986205262,0.023,0.371969868857934,0.376,-33162.6746751603,68342.4138917834,24,2.84,TRUE,"","r2 under",5,1,5,2,4,314,510314,710314
"RDMM",3.97908084046733,0.921521500584297,0.02,0.76104842050268,0.097,-30542.9474991385,63109.8672950188,147,5.72999999999999,TRUE,"","r2 under",5,1,5,2,4,314,510314,710314
"DGMM",NA,0.000863276839879059,0.479,0.00112680382879378,0.722,-32216.0231033827,66449.1107482281,21,2.5,TRUE,"","r2 under",5,1,5,2,4,315,510315,710315
"RDMM",3.69623652934857,0.906210194498648,0.024,0.711147825230942,0.12,-30853.302092385,63730.5764815118,124,4.88,TRUE,"","r2 under",5,1,5,2,4,315,510315,710315
"DGMM",NA,0.868492494845394,0.034,0.389858925912501,0.397,-33369.3222335659,68755.7090085945,15,1.78,TRUE,"","r2 under",5,1,5,2,4,316,510316,710316
"RDMM",3.99863421239274,0.944728690161577,0.014,0.767467084407208,0.095,-30531.5664713794,63087.1052395005,162,6.40000000000001,TRUE,"","r2 under",5,1,5,2,4,316,510316,710316
"DGMM",NA,0.879723755829495,0.031,0.337261532446863,0.456,-33167.3807208602,68351.8259831831,14,1.70000000000002,TRUE,"","r2 under",5,1,5,2,4,317,510317,710317
"RDMM",4.12043168787087,0.936960922531165,0.016,0.791561100016157,0.084,-30489.3134386262,63002.5991739943,134,5.28,TRUE,"","r2 under",5,1,5,2,4,317,510317,710317
"DGMM",NA,0.352289677559911,0.203,0.139746592097935,0.574,-32957.6233432853,67932.3112280333,20,2.36000000000001,TRUE,"","r2 under",5,1,5,2,4,318,510318,710318
"RDMM",4.16981319780895,0.948624575793517,0.013,0.734728067835823,0.11,-30726.881979521,63477.7362557837,252,9.69,TRUE,"","r2 under",5,1,5,2,4,318,510318,710318
"DGMM",NA,-0.000291902097032085,0.489,0.000165000434995286,0.728,-31842.5424028686,65702.1493471999,29,3.5,TRUE,"","r2 under",5,1,5,2,4,319,510319,710319
"RDMM",4.01707962638999,0.894810722021874,0.027,0.754043955023778,0.1,-30661.8739939695,63347.7202846808,155,5.99000000000001,TRUE,"","r2 under",5,1,5,2,4,319,510319,710319
"DGMM",NA,0.936960941232156,0.016,0.395222557823292,0.422,-33412.9734182164,68843.0113778956,14,1.78999999999999,TRUE,"","r2 under",5,1,5,2,4,320,510320,710320
"RDMM",4.11811033328659,0.940840791925828,0.015,0.767283310385991,0.095,-30420.5190634483,62865.0104236384,160,6.36000000000001,TRUE,"","r2 under",5,1,5,2,4,320,510320,710320
"DGMM",NA,0.913849712169743,0.022,0.365613673395217,0.413,-32850.5704819787,67718.2055054202,13,1.58000000000001,TRUE,"","r2 under",5,1,5,2,4,321,510321,710321
"RDMM",4.133886542533,0.948624617107971,0.013,0.484270877205986,0.295,-30169.4463647853,62362.8650263124,116,4.53999999999999,TRUE,"","r2 under",5,1,5,2,4,321,510321,710321
"DGMM",NA,0.459150817895901,0.161,0.198389378833848,0.51,-33594.709833885,69206.4842092329,17,2.04999999999998,TRUE,"","r2 under",5,1,5,2,4,322,510322,710322
"RDMM",3.94684918970391,0.917681669637813,0.021,0.634787933790424,0.16,-30990.6402602295,64005.2528172008,100,3.96000000000001,TRUE,"","r2 under",5,1,5,2,4,322,510322,710322
"DGMM",NA,0.500740891887002,0.146,0.224998237987409,0.536,-33070.0235245373,68157.1115905375,18,2.13,TRUE,"","r2 under",5,1,5,2,4,323,510323,710323
"RDMM",4.00867360644875,0.917681647402968,0.021,0.776105504223711,0.091,-30437.6192604457,62899.2108176331,108,4.25,TRUE,"","r2 under",5,1,5,2,4,323,510323,710323
"DGMM",NA,0.864765002929888,0.035,0.295701251780094,0.474,-33850.321618668,69717.7077787988,16,1.88,TRUE,"","r2 under",5,1,5,2,4,324,510324,710324
"RDMM",3.98402751991631,0.925369339038542,0.019,0.758140105559305,0.099,-31075.6981074265,64175.3685115948,132,5.17000000000002,TRUE,"","r2 under",5,1,5,2,4,324,510324,710324
"DGMM",NA,0.91002595008007,0.023,0.330133688293108,0.464,-33629.5739193761,69276.2123802149,18,2.14000000000004,TRUE,"","r2 under",5,1,5,2,4,325,510325,710325
"RDMM",4.05302109008733,0.940840788344503,0.015,0.763913841058788,0.096,-30717.8363322397,63459.6449612212,118,5.10999999999996,TRUE,"","r2 under",5,1,5,2,4,325,510325,710325
"DGMM",NA,0.77417591107556,0.06,0.289551571938093,0.425,-33569.1495442339,69155.3636299306,16,1.95999999999998,TRUE,"","r2 under",5,1,5,2,4,326,510326,710326
"RDMM",3.76220617401202,0.913849835418072,0.022,0.729379055902637,0.112,-30671.4694859804,63366.9112687026,100,3.94999999999999,TRUE,"","r2 under",5,1,5,2,4,326,510326,710326
"DGMM",NA,0.435090123052909,0.17,0.17847153479391,0.556,-33303.6497238816,68624.3639892261,31,3.63,TRUE,"","r2 under",5,1,5,2,4,327,510327,710327
"RDMM",3.95990040564306,0.929225175840049,0.018,0.7521159234445,0.102,-30881.3278626151,63786.6280219719,143,5.58000000000004,TRUE,"","r2 under",5,1,5,2,4,327,510327,710327
"DGMM",NA,0.883483486240649,0.03,0.363500219535939,0.465,-33113.3851720465,68243.8348855558,15,1.81,TRUE,"","r2 under",5,1,5,2,4,328,510328,710328
"RDMM",4.34566967370776,0.921521445381987,0.02,0.516925727827862,0.282,-30797.1471160943,63618.2665289304,124,4.88,TRUE,"","r2 under",5,1,5,2,4,328,510328,710328
"DGMM",NA,0.411651013451406,0.179,0.1861585565186,0.534,-33628.9516184157,69274.9677782943,43,5.25999999999999,TRUE,"","r2 under",5,1,5,2,4,329,510329,710329
"RDMM",3.94894633690469,0.933089023380699,0.017,0.738546200905219,0.108,-30511.5249417564,63047.0221802546,173,6.68000000000001,TRUE,"","r2 under",5,1,5,2,4,329,510329,710329
"DGMM",NA,0.649290221778404,0.097,0.250277543244841,0.504,-33480.8901320971,68978.844805657,17,2.03000000000003,TRUE,"","r2 under",5,1,5,2,4,330,510330,710330
"RDMM",3.94331204540819,0.925369353008673,0.019,0.588983217011608,0.189,-30718.8170886852,63461.6064741122,133,5.19999999999999,TRUE,"","r2 under",5,1,5,2,4,330,510330,710330
"DGMM",NA,0.411648940648383,0.179,0.16488663415731,0.552,-33517.7796250726,69052.623791608,22,2.59000000000003,TRUE,"","r2 under",5,1,5,2,4,331,510331,710331
"RDMM",4.00445247015435,0.933089046667319,0.017,0.780835006711543,0.089,-31029.903196463,64083.7786896678,100,3.94999999999999,TRUE,"","r2 under",5,1,5,2,4,331,510331,710331
"DGMM",NA,0.853630119862053,0.038,0.39155508741528,0.424,-33140.5638129763,68298.1921674154,22,2.61000000000001,TRUE,"","r2 under",5,1,5,2,4,332,510332,710332
"RDMM",4.22278157521199,0.94084032360321,0.015,0.779935609675046,0.089,-30777.353000177,63578.6782970958,183,7.11000000000001,TRUE,"","r2 under",5,1,5,2,4,332,510332,710332
"DGMM",NA,0.846246249943728,0.04,0.331882349520946,0.493,-33812.3317026895,69641.7279468419,15,1.81,TRUE,"","r2 under",5,1,5,2,4,333,510333,710333
"RDMM",3.7680572097879,0.929225225946872,0.018,0.716781579732392,0.119,-31003.6859188417,64031.3441344251,167,6.49000000000001,TRUE,"","r2 under",5,1,5,2,4,333,510333,710333
"DGMM",NA,0.49230374283161,0.149,0.234252251023838,0.526,-33333.7883800778,68684.6413016184,13,0.9,TRUE,"","r2 under",5,1,5,2,4,334,510334,710334
"RDMM",4.39473605541234,0.948624590382073,0.013,0.761204639541495,0.098,-30503.5415162888,63031.0553293193,133,3.29,TRUE,"","r2 under",5,1,5,2,4,334,510334,710334
"DGMM",NA,0.91384974233858,0.022,0.352814191827983,0.398,-34124.9788721525,70267.0222857677,13,1.75,TRUE,"","r2 under",5,1,5,2,4,335,510335,710335
"RDMM",3.74332236537674,0.956440426022323,0.011,0.750196242786827,0.103,-31070.8060945738,64165.5844858893,104,4.11,TRUE,"","r2 under",5,1,5,2,4,335,510335,710335
"DGMM",NA,0.929225155443284,0.018,0.393616816538139,0.393,-33214.4805804856,68446.0257024341,15,1.97,TRUE,"","r2 under",5,1,5,2,4,336,510336,710336
"RDMM",4.26114922263879,0.940840782744888,0.015,0.772866072945681,0.093,-30878.901295946,63781.7748886337,136,5.72,TRUE,"","r2 under",5,1,5,2,4,336,510336,710336
"DGMM",NA,0.18023919470955,0.287,0.0739038857913369,0.627,-33580.679807595,69178.4241566528,35,4.36,TRUE,"","r2 under",5,1,5,2,4,337,510337,710337
"RDMM",4.0987006186942,0.929225121415744,0.018,0.74082054172145,0.106,-30774.7236120621,63573.4195208659,136,5.71,TRUE,"","r2 under",5,1,5,2,4,337,510337,710337
"DGMM",NA,0.241041852780624,0.254,0.100866324562511,0.597,-32190.2239166511,66397.512374765,33,4.2,TRUE,"","r2 under",5,1,5,2,4,338,510338,710338
"RDMM",4.57409101009175,0.921521518305637,0.02,0.703730811091281,0.124,-30358.8203439837,62741.6129847091,182,7.82,TRUE,"","r2 under",5,1,5,2,4,338,510338,710338
"DGMM",NA,0.456451891182519,0.162,0.183626950040187,0.543,-32435.3858489327,66887.8362393282,26,4.5,TRUE,"","r2 under",5,1,5,2,4,339,510339,710339
"RDMM",4.11479106064131,0.925369340833266,0.019,0.752994265654729,0.102,-30332.5203229721,62689.0129426859,250,11.91,TRUE,"","r2 under",5,1,5,2,4,339,510339,710339
"DGMM",NA,0.87972348104982,0.031,0.298866830965392,0.495,-33849.4917444611,69716.048030385,17,2.61,TRUE,"","r2 under",5,1,5,2,4,340,510340,710340
"RDMM",3.68107562756131,0.921521459996924,0.02,0.764988940318014,0.095,-30868.1834208838,63760.3391385094,145,7.1,TRUE,"","r2 under",5,1,5,2,4,340,510340,710340
"DGMM",NA,0.838895091924386,0.042,0.314684054929246,0.472,-33610.0153432015,69237.0952278657,17,2.11000000000001,TRUE,"","r2 under",5,1,5,2,4,341,510341,710341
"RDMM",3.76838371615708,0.910025982483694,0.023,0.742153534600259,0.107,-30448.6640747977,62921.3004463371,121,4.81999999999999,TRUE,"","r2 under",5,1,5,2,4,341,510341,710341
"DGMM",NA,0.898594594835094,0.026,0.35739810513757,0.389,-32745.9889022682,67509.0423459992,21,2.44999999999999,TRUE,"","r2 under",5,1,5,2,4,342,510342,710342
"RDMM",4.07750462742213,0.936958092392802,0.016,0.753506750300099,0.1,-30252.776755265,62529.5258072718,130,5.05,TRUE,"","r2 under",5,1,5,2,4,342,510342,710342
"DGMM",NA,0.929225226491511,0.018,0.375154345666448,0.425,-33470.4043012181,68957.873143899,14,1.67,TRUE,"","r2 under",5,1,5,2,4,343,510343,710343
"RDMM",3.97073179531675,0.929225193568069,0.018,0.748893203660167,0.103,-30488.9699846517,63001.9122660452,118,4.64,TRUE,"","r2 under",5,1,5,2,4,343,510343,710343
"DGMM",NA,0.857332383322348,0.037,0.373863146763854,0.508,-34098.1643655903,70213.3932726434,20,2.33999999999999,TRUE,"","r2 under",5,1,5,2,4,344,510344,710344
"RDMM",3.80946659422384,0.891026248538544,0.028,0.703963482939399,0.123,-31167.3342614659,64358.6408196736,148,5.80000000000001,TRUE,"","r2 under",5,1,5,2,4,344,510344,710344
"DGMM",NA,0.917681626815139,0.021,0.384413447997396,0.443,-32667.8226468833,67352.7098352294,13,1.66,TRUE,"","r2 under",5,1,5,2,4,345,510345,710345
"RDMM",4.64033707146938,0.917681683019889,0.021,0.565116757381599,0.214,-30499.9427634765,63023.8578236948,110,4.23,TRUE,"","r2 under",5,1,5,2,4,345,510345,710345
"DGMM",NA,0.857333319266813,0.037,0.301636091844854,0.472,-34001.7562739823,70020.5770894275,13,1.59999999999999,TRUE,"","r2 under",5,1,5,2,4,346,510346,710346
"RDMM",3.94053273570319,0.917681616426199,0.021,0.775612554651338,0.091,-30702.0908490385,63428.1539948188,187,7.23999999999999,TRUE,"","r2 under",5,1,5,2,4,346,510346,710346
"DGMM",NA,0.795460819519858,0.054,0.315837885734129,0.487,-33312.4486661902,68641.9618738432,19,2.31999999999999,TRUE,"","r2 under",5,1,5,2,4,347,510347,710347
"RDMM",3.98289948511287,0.910025946185403,0.023,0.756739137378198,0.099,-30661.4164577389,63346.8052122195,118,4.89,TRUE,"","r2 under",5,1,5,2,4,347,510347,710347
"DGMM",NA,0.875971994043467,0.032,0.360056528082558,0.401,-33193.2263576031,68403.5172566689,12,1.47999999999999,TRUE,"","r2 under",5,1,5,2,4,348,510348,710348
"RDMM",4.12136513961466,0.91384986518076,0.022,0.553913842755398,0.238,-30750.4038774436,63524.7800516289,212,8.17,TRUE,"","r2 under",5,1,5,2,4,348,510348,710348
"DGMM",NA,0.898602624977465,0.026,0.375443679045378,0.472,-33517.7624860256,69052.5895135139,19,2.28,TRUE,"","r2 under",5,1,5,2,4,349,510349,710349
"RDMM",3.94835833410559,0.940840798325927,0.015,0.729649855226692,0.112,-30788.381386964,63600.7350706697,187,7.25,TRUE,"","r2 under",5,1,5,2,4,349,510349,710349
"DGMM",NA,0.000605062871984717,0.481,0.00203489921819808,0.719,-32110.8416016014,66238.7477446656,30,3.56999999999999,TRUE,"","r2 under",5,1,5,2,4,350,510350,710350
"RDMM",3.68462798719621,0.902402372125654,0.025,0.74117130278545,0.108,-30799.6983140648,63623.3689248714,124,4.81,TRUE,"","r2 under",5,1,5,2,4,350,510350,710350
"DGMM",NA,0.944728659752824,0.014,0.424477062063764,0.444,-33133.6600884019,68284.3847182665,15,1.78,TRUE,"","r2 under",5,1,5,2,4,351,510351,710351
"RDMM",4.28171366388578,0.956440411214517,0.011,0.816360129335842,0.074,-30615.4553000798,63254.8828969014,226,8.71000000000001,TRUE,"","r2 under",5,1,5,2,4,351,510351,710351
"DGMM",NA,0.898602048967906,0.026,0.33991752844292,0.468,-33190.9870262842,68399.0385940313,12,1.49000000000001,TRUE,"","r2 under",5,1,5,2,4,352,510352,710352
"RDMM",3.95777229905651,0.940840135470065,0.015,0.774129991226301,0.093,-30679.7704704185,63383.5132375787,110,4.28999999999999,TRUE,"","r2 under",5,1,5,2,4,352,510352,710352
"DGMM",NA,0.864764608986759,0.035,0.303258096414328,0.498,-34186.5513723643,70390.1672861915,15,1.81,TRUE,"","r2 under",5,1,5,2,4,353,510353,710353
"RDMM",3.65781573624803,0.906209294770238,0.024,0.725565480852994,0.114,-31030.1312833317,64084.2348634052,132,5.16,TRUE,"","r2 under",5,1,5,2,4,353,510353,710353
"DGMM",NA,0.868492611579561,0.034,0.346341990210188,0.477,-33435.1531652225,68887.3708719077,15,1.83000000000001,TRUE,"","r2 under",5,1,5,2,4,354,510354,710354
"RDMM",4.3482378719395,0.936960950810042,0.016,0.708305148123046,0.122,-30779.0473045496,63582.0669058409,141,5.60999999999999,TRUE,"","r2 under",5,1,5,2,4,354,510354,710354
"DGMM",NA,0.898602693764989,0.026,0.33313376845924,0.503,-33377.2409084235,68771.5463583098,18,2.28999999999999,TRUE,"","r2 under",5,1,5,2,4,355,510355,710355
"RDMM",4.13648250078562,0.921521458551284,0.02,0.731468090236434,0.111,-30833.4445250845,63690.8613469107,100,3.90000000000001,TRUE,"","r2 under",5,1,5,2,4,355,510355,710355
"DGMM",NA,0.913849793596411,0.022,0.344797579539704,0.504,-33483.135249168,68983.3350397987,14,1.75999999999999,TRUE,"","r2 under",5,1,5,2,4,356,510356,710356
"RDMM",4.19891135211781,0.921521448445639,0.02,0.740515839374715,0.107,-30837.6358504474,63699.2439976366,281,10.81,TRUE,"","r2 under",5,1,5,2,4,356,510356,710356
"DGMM",NA,0.2800583200476,0.235,0.119002808452029,0.561,-32629.3877623893,67275.8400662414,32,3.72999999999999,TRUE,"","r2 under",5,1,5,2,4,357,510357,710357
"RDMM",4.20754700919409,0.925369291255773,0.019,0.699762873463313,0.126,-30555.8137756036,63135.599847949,138,5.39000000000001,TRUE,"","r2 under",5,1,5,2,4,357,510357,710357
"DGMM",NA,0.340370670338981,0.208,0.153835604380165,0.571,-33838.5334743278,69694.1314901184,26,3.14000000000001,TRUE,"","r2 under",5,1,5,2,4,358,510358,710358
"RDMM",3.88099174939186,0.944728718892887,0.014,0.786561254915406,0.086,-31064.5123723638,64152.9970414693,140,5.53,TRUE,"","r2 under",5,1,5,2,4,358,510358,710358
"DGMM",NA,0.718824423549831,0.076,0.300661427786004,0.488,-34149.8086528127,70316.6818470881,13,1.56,TRUE,"","r2 under",5,1,5,2,4,359,510359,710359
"RDMM",4.1196487779439,0.936960968888459,0.016,0.725667698173157,0.114,-30950.7503587232,63925.4730141882,296,11.42,TRUE,"","r2 under",5,1,5,2,4,359,510359,710359
"DGMM",NA,0.788334091460061,0.056,0.317635634926871,0.502,-33604.6051814475,69226.2749043578,16,1.92000000000002,TRUE,"","r2 under",5,1,5,2,4,360,510360,710360
"RDMM",3.90124871864343,0.948624575793517,0.013,0.726622757863083,0.114,-30839.6879089333,63703.3481146084,272,10.65,TRUE,"","r2 under",5,1,5,2,4,360,510360,710360
"DGMM",NA,0.388779924967259,0.188,0.159383236664388,0.573,-33030.2696381865,68077.6038178357,31,3.71000000000001,TRUE,"","r2 under",5,1,5,2,4,361,510361,710361
"RDMM",3.91683929913753,0.917681679900044,0.021,0.551291003150609,0.271,-30844.1505747522,63712.2734462461,104,4,TRUE,"","r2 under",5,1,5,2,4,361,510361,710361
"DGMM",NA,0.459063601974932,0.161,0.175376503017373,0.524,-33040.0080318993,68097.0806052613,34,4,TRUE,"","r2 under",5,1,5,2,4,362,510362,710362
"RDMM",3.92912478872473,0.913849622110604,0.022,0.757421013373416,0.099,-30281.8103155074,62587.5929277566,101,3.94999999999999,TRUE,"","r2 under",5,1,5,2,4,362,510362,710362
"DGMM",NA,0.868492408572285,0.034,0.35058382681636,0.5,-32923.6627017702,67864.3899450032,14,1.69,TRUE,"","r2 under",5,1,5,2,4,363,510363,710363
"RDMM",4.30187574492021,0.944728708628164,0.014,0.778496597498403,0.09,-30475.4829472823,62974.9381913064,127,4.98000000000002,TRUE,"","r2 under",5,1,5,2,4,363,510363,710363
"DGMM",NA,0.406514730906365,0.181,0.159312923487974,0.537,-33405.293680898,68827.6519032589,24,2.81,TRUE,"","r2 under",5,1,5,2,4,364,510364,710364
"RDMM",3.87889447728721,0.92536930314404,0.019,0.759937025601699,0.098,-30833.6729018343,63691.3181004104,187,7.27000000000004,TRUE,"","r2 under",5,1,5,2,4,364,510364,710364
"DGMM",NA,0.89481078540353,0.027,0.377622088245983,0.48,-32807.5729476622,67632.2104367872,13,1.57999999999998,TRUE,"","r2 under",5,1,5,2,4,365,510365,710365
"RDMM",4.04174737895725,0.921521513266662,0.02,0.751130829995902,0.102,-30389.5580143137,62803.0883253693,159,6.63,TRUE,"","r2 under",5,1,5,2,4,365,510365,710365
"DGMM",NA,0.388850317512055,0.188,0.16851761433445,0.524,-33361.0896913484,68739.2439241597,33,3.86000000000001,TRUE,"","r2 under",5,1,5,2,4,366,510366,710366
"RDMM",3.74884847047165,0.936960919798378,0.016,0.758347688491269,0.099,-30790.5222935911,63605.0168839241,169,6.66000000000003,TRUE,"","r2 under",5,1,5,2,4,366,510366,710366
"DGMM",NA,0.470088806357023,0.157,0.200394889409203,0.479,-33222.1608131961,68461.386167855,17,2.02999999999997,TRUE,"","r2 under",5,1,5,2,4,367,510367,710367
"RDMM",3.70862187978204,0.93696092599667,0.016,0.738215077588103,0.108,-30423.3926975315,62870.7576918047,215,8.46999999999997,TRUE,"","r2 under",5,1,5,2,4,367,510367,710367
"DGMM",NA,-0.00100553332964796,0.492,0.000387533084835276,0.725,-31707.8636091786,65432.7917598199,33,4.01000000000005,TRUE,"","r2 under",5,1,5,2,4,368,510368,710368
"RDMM",4.24537635078229,0.933089019055487,0.017,0.782211248118904,0.089,-30432.6376332691,62889.2475632801,105,4.00999999999999,TRUE,"","r2 under",5,1,5,2,4,368,510368,710368
"DGMM",NA,0.378384053294275,0.192,0.154689063564567,0.52,-33364.662954758,68746.3904509788,29,3.44,TRUE,"","r2 under",5,1,5,2,4,369,510369,710369
"RDMM",3.92601479412844,0.913848540934606,0.022,0.763932762928495,0.096,-30969.2424329005,63962.4571625429,151,5.86000000000001,TRUE,"","r2 under",5,1,5,2,4,369,510369,710369
"DGMM",NA,0.891027003441713,0.028,0.298259692008542,0.503,-33193.5615448125,68404.1876310879,32,3.81,TRUE,"","r2 under",5,1,5,2,4,370,510370,710370
"RDMM",3.9915385175141,0.913849832397466,0.022,0.756858795437741,0.099,-30358.0832829709,62740.1388626835,100,3.89000000000004,TRUE,"","r2 under",5,1,5,2,4,370,510370,710370
"DGMM",NA,-0.000148287979642117,0.487,-0.000665065882456815,0.732,-32334.3036585027,66685.6718584683,25,2.98999999999995,TRUE,"","r2 under",5,1,5,2,4,371,510371,710371
"RDMM",3.87124961886179,0.925369376368788,0.019,0.582937997974052,0.21,-31194.8587442871,64413.6897853159,195,7.53000000000003,TRUE,"","r2 under",5,1,5,2,4,371,510371,710371
"DGMM",NA,0.883483412452801,0.03,0.354200961855374,0.459,-33363.0295043466,68743.123550156,13,1.56999999999999,TRUE,"","r2 under",5,1,5,2,4,372,510372,710372
"RDMM",4.02176434771674,0.925369311758724,0.019,0.755595732762562,0.1,-30772.3242227268,63568.6207421953,118,4.56,TRUE,"","r2 under",5,1,5,2,4,372,510372,710372
"DGMM",NA,0.278220463148707,0.236,0.115556493623687,0.569,-33564.1046552393,69145.2738519413,26,2.77999999999997,TRUE,"","r2 under",5,1,5,2,4,373,510373,710373
"RDMM",4.06146599897597,0.917681600842785,0.021,0.718260086857037,0.117,-31019.0981740022,64062.1686447461,138,4.60999999999996,TRUE,"","r2 under",5,1,5,2,4,373,510373,710373
"DGMM",NA,0.642858158718596,0.099,0.284414661371709,0.431,-33028.6416092992,68074.3477600613,19,1.87,TRUE,"","r2 under",5,1,5,2,4,374,510374,710374
"RDMM",4.14655331884124,0.948624575793517,0.013,0.734766413236991,0.11,-30680.4113662245,63384.7950291908,120,3.82999999999998,TRUE,"","r2 under",5,1,5,2,4,374,510374,710374
"DGMM",NA,0.795459574559447,0.054,0.275279549112645,0.497,-33915.6249119084,69848.3143652796,11,1.13999999999999,TRUE,"","r2 under",5,1,5,2,4,375,510375,710375
"RDMM",3.89860479460579,0.93696090562204,0.016,0.775593916334696,0.091,-30864.5026689844,63752.9776347106,173,5.20000000000005,TRUE,"","r2 under",5,1,5,2,4,375,510375,710375
"DGMM",NA,0.381347517506334,0.191,0.163711796310426,0.527,-32574.025832564,67165.1162065908,34,1.84,TRUE,"","r2 under",5,1,5,2,4,376,510376,710376
"RDMM",4.01488622617987,0.921521531390612,0.02,0.778405232600469,0.089,-30297.3307263056,62618.6337493531,174,6.34,TRUE,"","r2 under",5,1,5,2,4,376,510376,710376
"DGMM",NA,0.437729968202749,0.169,0.190519317628427,0.535,-32843.7002066654,67704.4649547936,22,2.69,TRUE,"","r2 under",5,1,5,2,4,377,510377,710377
"RDMM",4.19903328335222,0.921521455286325,0.02,0.743732613054981,0.105,-30660.9484539011,63345.869204544,163,6.94,TRUE,"","r2 under",5,1,5,2,4,377,510377,710377
"DGMM",NA,0.944728681321713,0.014,0.464259584780363,0.309,-32977.3173266298,67971.6991947224,19,2.39,TRUE,"","r2 under",5,1,5,2,4,378,510378,710378
"RDMM",3.97929106454247,0.976120096575229,0.006,0.788783631736029,0.086,-30428.1661745423,62880.3046458263,166,6.95,TRUE,"","r2 under",5,1,5,2,4,378,510378,710378
"DGMM",NA,0.512090966174215,0.142,0.197375259405487,0.55,-33291.9125559654,68600.8896533937,18,2.29,TRUE,"","r2 under",5,1,5,2,4,379,510379,710379
"RDMM",4.12010201534858,0.906209998760019,0.024,0.708270169746729,0.123,-30677.2487266976,63378.4697501369,177,7.53,TRUE,"","r2 under",5,1,5,2,4,379,510379,710379
"DGMM",NA,0.898602122467268,0.026,0.341665729888041,0.486,-33292.9680164808,68603.0005744244,13,1.69,TRUE,"","r2 under",5,1,5,2,4,380,510380,710380
"RDMM",4.14065210373835,0.925369138847284,0.019,0.765172447328033,0.097,-30883.3596275557,63790.6915518531,137,7.62,TRUE,"","r2 under",5,1,5,2,4,380,510380,710380
"DGMM",NA,0.401435319390857,0.183,0.172120897732196,0.512,-33281.4457100228,68579.9559615084,24,3.44,TRUE,"","r2 under",5,1,5,2,4,381,510381,710381
"RDMM",3.93012979969604,0.891027004951173,0.028,0.69995394943533,0.126,-30826.0848504948,63676.1419977314,149,6.89,TRUE,"","r2 under",5,1,5,2,4,381,510381,710381
"DGMM",NA,0.933089041144954,0.017,0.393074029187068,0.365,-33554.902929728,69126.8704009188,17,2.74,TRUE,"","r2 under",5,1,5,2,4,382,510382,710382
"RDMM",3.95548426583457,0.960360311881468,0.01,0.758554655304506,0.099,-30876.728620719,63777.4295381798,105,5.41,TRUE,"","r2 under",5,1,5,2,4,382,510382,710382
"DGMM",NA,0.403975540788951,0.182,0.170894474885881,0.529,-32683.9638890586,67384.99231958,20,2.45,TRUE,"","r2 under",5,1,5,2,4,383,510383,710383
"RDMM",3.98153250548195,0.929225154874816,0.018,0.696143654530207,0.128,-30694.1132336694,63412.1987640805,134,5.25999999999999,TRUE,"","r2 under",5,1,5,2,4,383,510383,710383
"DGMM",NA,0.293203025539806,0.229,0.115657965778133,0.584,-32891.7125378668,67800.4896171964,50,5.77000000000001,TRUE,"","r2 under",5,1,5,2,4,384,510384,710384
"RDMM",3.94023025640537,0.929225177477372,0.018,0.695972493625774,0.128,-30534.3694452289,63092.7111871997,119,4.67,TRUE,"","r2 under",5,1,5,2,4,384,510384,710384
"DGMM",NA,0.824287277984109,0.046,0.332176931383708,0.495,-33332.7716934392,68682.6079283413,16,1.89,TRUE,"","r2 under",5,1,5,2,4,385,510385,710385
"RDMM",4.14712403401366,0.940840816205985,0.015,0.766878319546258,0.095,-30728.1164890834,63480.2052749085,258,9.98999999999999,TRUE,"","r2 under",5,1,5,2,4,385,510385,710385
"DGMM",NA,0.879723829960015,0.031,0.381874767107773,0.394,-33719.6849853229,69456.4345121085,13,1.59,TRUE,"","r2 under",5,1,5,2,4,386,510386,710386
"RDMM",3.89719697396075,0.910026000185663,0.023,0.73755647215488,0.108,-30873.2414653194,63770.4552273805,224,8.66,TRUE,"","r2 under",5,1,5,2,4,386,510386,710386
"DGMM",NA,0.85362967234743,0.038,0.29948502493057,0.48,-34047.2698457788,70111.6042330204,20,2.39,TRUE,"","r2 under",5,1,5,2,4,387,510387,710387
"RDMM",3.95741279191665,0.910026021863066,0.023,0.745628629425693,0.104,-31201.3533585036,64426.6790137489,106,4.27999999999999,TRUE,"","r2 under",5,1,5,2,4,387,510387,710387
"DGMM",NA,0.556093367570268,0.127,0.236553664896795,0.502,-33349.0505933891,68715.1657282409,18,2.27000000000001,TRUE,"","r2 under",5,1,5,2,4,388,510388,710388
"RDMM",3.91622614783434,0.917681640197229,0.021,0.75063190232853,0.102,-30708.6152753393,63441.2028474204,178,7.11999999999999,TRUE,"","r2 under",5,1,5,2,4,388,510388,710388
"DGMM",NA,0.820656781022249,0.047,0.280688759536479,0.47,-34267.6896849393,70552.4439113415,14,1.69,TRUE,"","r2 under",5,1,5,2,4,389,510389,710389
"RDMM",3.52714346963276,0.936960543242484,0.016,0.757311692571727,0.099,-30944.5499537328,63913.0722042073,112,4.39,TRUE,"","r2 under",5,1,5,2,4,389,510389,710389
"DGMM",NA,0.303973850214408,0.224,0.131864933012756,0.556,-32608.0187412176,67233.102023898,36,4.15999999999998,TRUE,"","r2 under",5,1,5,2,4,390,510390,710390
"RDMM",4.17712104048158,0.917681684123184,0.021,0.752632787802921,0.101,-30256.7733032048,62537.5189031514,109,4.29000000000002,TRUE,"","r2 under",5,1,5,2,4,390,510390,710390
"DGMM",NA,0.906210052891358,0.024,0.302668955966436,0.487,-33707.1210113058,69431.3065640744,16,1.97,TRUE,"","r2 under",5,1,5,2,4,391,510391,710391
"RDMM",4.03819049054957,0.917681485059734,0.021,0.742553208928704,0.106,-31063.133844676,64150.2399860937,115,4.48000000000002,TRUE,"","r2 under",5,1,5,2,4,391,510391,710391
"DGMM",NA,0.586362765052747,0.117,0.238626789996465,0.525,-33474.1667150068,68965.3979714765,24,2.81,TRUE,"","r2 under",5,1,5,2,4,392,510392,710392
"RDMM",4.06264055829792,0.917681673565334,0.021,0.740397395688061,0.107,-30881.1225610309,63786.2174188036,162,6.31999999999999,TRUE,"","r2 under",5,1,5,2,4,392,510392,710392
"DGMM",NA,-0.00167392479355436,0.497,0.000842713842822939,0.729,-32254.9823854531,66527.0293123689,32,3.71000000000001,TRUE,"","r2 under",5,1,5,2,4,393,510393,710393
"RDMM",3.68133869871061,0.925368996842884,0.019,0.752115708422862,0.101,-30916.1736235939,63856.3195439295,224,8.70000000000002,TRUE,"","r2 under",5,1,5,2,4,393,510393,710393
"DGMM",NA,0.299725515840959,0.226,0.12034548614257,0.596,-33072.5706130903,68162.2057676433,29,3.39000000000001,TRUE,"","r2 under",5,1,5,2,4,394,510394,710394
"RDMM",3.85913204101583,0.933089026585989,0.017,0.773146449581316,0.092,-30712.7769875631,63449.526271868,100,3.97,TRUE,"","r2 under",5,1,5,2,4,394,510394,710394
"DGMM",NA,0.835231658769978,0.043,0.365953171163882,0.403,-33324.0210932396,68665.1067279419,16,1.97,TRUE,"","r2 under",5,1,5,2,4,395,510395,710395
"RDMM",3.98656147203011,0.925369299655092,0.019,0.761563862768582,0.097,-30544.8381596884,63113.6486161185,108,4.46000000000001,TRUE,"","r2 under",5,1,5,2,4,395,510395,710395
"DGMM",NA,0.297507880629754,0.227,0.121885132848444,0.602,-33600.3406788226,69217.745899108,26,3.06,TRUE,"","r2 under",5,1,5,2,4,396,510396,710396
"RDMM",3.55922330699339,0.902402355226995,0.025,0.749441789261607,0.102,-30875.6290073098,63775.2303113614,167,6.5,TRUE,"","r2 under",5,1,5,2,4,396,510396,710396
"DGMM",NA,0.802619739693072,0.052,0.363486947624306,0.417,-33335.5495824315,68688.1637063258,13,1.61000000000001,TRUE,"","r2 under",5,1,5,2,4,397,510397,710397
"RDMM",4.25854080392921,0.933089026585989,0.017,0.738074788810977,0.109,-31019.4669957606,64062.906288263,132,5.06999999999999,TRUE,"","r2 under",5,1,5,2,4,397,510397,710397
"DGMM",NA,0.216576236301277,0.267,0.0975035438184658,0.621,-33382.4311152321,68781.9267719271,31,3.62,TRUE,"","r2 under",5,1,5,2,4,398,510398,710398
"RDMM",4.06461450753774,0.921521448445639,0.02,0.780064311846835,0.089,-31119.2352432088,64262.4427831593,103,4.03999999999999,TRUE,"","r2 under",5,1,5,2,4,398,510398,710398
"DGMM",NA,0.820656650187364,0.047,0.289884004639576,0.493,-34845.5398425618,71708.1442265864,14,1.75,TRUE,"","r2 under",5,1,5,2,4,399,510399,710399
"RDMM",3.68332939243694,0.921521061500149,0.02,0.745186343536055,0.105,-31473.2205331161,64970.413362974,210,8.16,TRUE,"","r2 under",5,1,5,2,4,399,510399,710399
"DGMM",NA,0.00413705571043297,0.464,0.00346375259180459,0.709,-32514.9349842676,67046.934509998,37,4.35999999999999,TRUE,"","r2 under",5,1,5,2,4,400,510400,710400
"RDMM",3.69029363141224,0.940840828782341,0.015,0.71711375383184,0.119,-31247.1597972349,64518.2918912115,210,8.06,TRUE,"","r2 under",5,1,5,2,4,400,510400,710400
"DGMM",NA,0.883483453070594,0.03,0.390772228556106,0.427,-33688.7944932588,69394.6535279805,12,1.44999999999999,TRUE,"","r2 under",5,1,5,2,4,401,510401,710401
"RDMM",4.06052304128026,0.936960912004273,0.016,0.765935394309603,0.095,-31072.6970479265,64169.3663925947,182,7.06,TRUE,"","r2 under",5,1,5,2,4,401,510401,710401
"DGMM",NA,0.419384042194384,0.176,0.178224891448132,0.558,-32667.8345276176,67352.733596698,28,3.32999999999998,TRUE,"","r2 under",5,1,5,2,4,402,510402,710402
"RDMM",4.16468833361351,0.952528499589018,0.012,0.737414366329622,0.109,-30560.7723616219,63145.5170199855,117,4.78,TRUE,"","r2 under",5,1,5,2,4,402,510402,710402
"DGMM",NA,0.929224453758361,0.018,0.436243976715282,0.426,-32617.6682299957,67252.4010014542,17,2.02000000000001,TRUE,"","r2 under",5,1,5,2,4,403,510403,710403
"RDMM",4.46501303981237,0.936959855178805,0.016,0.792306063022343,0.084,-30343.2396054766,62710.451507695,201,7.78,TRUE,"","r2 under",5,1,5,2,4,403,510403,710403
"DGMM",NA,0.32429078056776,0.215,0.151330990751123,0.584,-33431.8738718215,68880.8122851057,29,3.40000000000001,TRUE,"","r2 under",5,1,5,2,4,404,510404,710404
"RDMM",3.98342605467422,0.952528507294808,0.012,0.757568772416887,0.1,-30690.6485650375,63405.2694268167,136,5.25000000000003,TRUE,"","r2 under",5,1,5,2,4,404,510404,710404
"DGMM",NA,-0.00174811085531909,0.496,1.98841696041724e-05,0.723,-32388.8576634893,66794.7798684413,31,3.62,TRUE,"","r2 under",5,1,5,2,4,405,510405,710405
"RDMM",3.81507551359806,0.921520885484637,0.02,0.756020162137812,0.099,-31098.0585386464,64220.0893740346,176,6.83999999999997,TRUE,"","r2 under",5,1,5,2,4,405,510405,710405
"DGMM",NA,-0.000623876730563575,0.496,0.000602030992045792,0.733,-32227.3716852821,66471.807912027,39,5.01999999999998,TRUE,"","r2 under",5,1,5,2,4,406,510406,710406
"RDMM",3.74922119197146,0.917681603440021,0.021,0.727205250521832,0.113,-30971.7976248666,63967.567546475,199,7.68000000000001,TRUE,"","r2 under",5,1,5,2,4,406,510406,710406
"DGMM",NA,0.879723694672325,0.031,0.388667993729735,0.449,-32559.8837030852,67136.8319476333,15,1.86000000000001,TRUE,"","r2 under",5,1,5,2,4,407,510407,710407
"RDMM",4.15486083162633,0.913849786653293,0.022,0.726076088496931,0.113,-30314.7024717976,62653.3772403371,111,4.36000000000001,TRUE,"","r2 under",5,1,5,2,4,407,510407,710407
"DGMM",NA,0.898599771527317,0.026,0.350226829544499,0.467,-33190.8576037873,68398.7797490373,18,2.14999999999998,TRUE,"","r2 under",5,1,5,2,4,408,510408,710408
"RDMM",3.86575199539623,0.948624003047755,0.013,0.765699959065949,0.095,-30476.2749556033,62976.5222079483,284,11.13,TRUE,"","r2 under",5,1,5,2,4,408,510408,710408
"DGMM",NA,-0.000462702143436666,0.493,-0.0003535850597374,0.737,-31830.2133232875,65677.4911880379,27,3.30000000000001,TRUE,"","r2 under",5,1,5,2,4,409,510409,710409
"RDMM",3.79009116427784,0.906210150359189,0.024,0.728334073783872,0.112,-30395.5895325209,62815.1513617835,172,6.61000000000001,TRUE,"","r2 under",5,1,5,2,4,409,510409,710409
"DGMM",NA,0.774174079767268,0.06,0.271306813336342,0.479,-34335.2771888499,70687.6189191627,11,1.34000000000003,TRUE,"","r2 under",5,1,5,2,4,410,510410,710410
"RDMM",3.7047709500599,0.90240232503471,0.025,0.720130734414149,0.116,-30843.9396204244,63711.8515375905,208,8.04999999999995,TRUE,"","r2 under",5,1,5,2,4,410,510410,710410
"DGMM",NA,0.00137586426985567,0.477,0.00156658519878429,0.717,-32373.6830749171,66764.430691297,23,2.69,TRUE,"","r2 under",5,1,5,2,4,411,510411,710411
"RDMM",3.65386264049075,0.917681615365134,0.021,0.745576850784899,0.104,-31059.5863891223,64143.1450749863,100,3.94,TRUE,"","r2 under",5,1,5,2,4,411,510411,710411
"DGMM",NA,0.857333671272074,0.037,0.387158164449813,0.382,-33690.9028206723,69398.8701828074,12,1.51999999999998,TRUE,"","r2 under",5,1,5,2,4,412,510412,710412
"RDMM",4.38736757444244,0.933089022312268,0.017,0.747880296730331,0.104,-30904.4174712917,63832.8072393252,139,5.36000000000001,TRUE,"","r2 under",5,1,5,2,4,412,510412,710412
"DGMM",NA,0.933089090382788,0.017,0.395732999275205,0.435,-33429.0623579,68875.1892572627,24,2.94999999999999,TRUE,"","r2 under",5,1,5,2,4,413,510413,710413
"RDMM",4.01708092690434,0.940840840983107,0.015,0.762184937463563,0.097,-30647.6369038586,63319.246104459,223,8.13,TRUE,"","r2 under",5,1,5,2,4,413,510413,710413
"DGMM",NA,0.809810690701776,0.05,0.302591572788815,0.494,-33672.5297015068,69362.1239444765,14,1.38999999999999,TRUE,"","r2 under",5,1,5,2,4,414,510414,710414
"RDMM",4.2104948134512,0.948624620218083,0.013,0.751634938550036,0.102,-30341.9280484371,62707.8283936159,153,4.98000000000002,TRUE,"","r2 under",5,1,5,2,4,414,510414,710414
"DGMM",NA,0.817033557265466,0.048,0.281429216806807,0.484,-33317.1900808463,68651.4447031554,22,2.14000000000004,TRUE,"","r2 under",5,1,5,2,4,415,510415,710415
"RDMM",3.98770207472272,0.91384985072827,0.022,0.745511255115754,0.104,-30326.2572452786,62676.486787299,203,6.13999999999999,TRUE,"","r2 under",5,1,5,2,4,415,510415,710415
"DGMM",NA,0.891027034008278,0.028,0.39148235010661,0.429,-33472.5570254555,68962.1785923737,21,1.72000000000003,TRUE,"","r2 under",5,1,5,2,4,416,510416,710416
"RDMM",4.27107426808237,0.940840833050333,0.015,0.804936132189672,0.078,-30785.5746117794,63595.1215203006,109,2.69,TRUE,"","r2 under",5,1,5,2,4,416,510416,710416
"DGMM",NA,-0.000512913680193738,0.494,-0.000774099364802848,0.738,-32673.0741882547,67363.2129179723,24,1.58999999999997,TRUE,"","r2 under",5,1,5,2,4,417,510417,710417
"RDMM",3.85588584363868,0.902402355226995,0.025,0.74370048912586,0.105,-31193.3846709278,64410.7416385974,186,4.03000000000003,TRUE,"","r2 under",5,1,5,2,4,417,510417,710417
"DGMM",NA,0.864765020239917,0.035,0.297701272883723,0.482,-33347.8798821495,68712.8243057618,14,1.03,TRUE,"","r2 under",5,1,5,2,4,418,510418,710418
"RDMM",3.97045200131834,0.948624575793517,0.013,0.73872820750763,0.108,-30408.2465734717,62840.4654436851,201,5.64,TRUE,"","r2 under",5,1,5,2,4,418,510418,710418
"DGMM",NA,-0.000429102059247573,0.49,0.00111019601456177,0.718,-32351.32884925,66719.7222399628,38,4.56,TRUE,"","r2 under",5,1,5,2,4,419,510419,710419
"RDMM",3.83578687123584,0.913849834331096,0.022,0.766131983253987,0.095,-30962.2083968887,63948.3890905192,182,7.67,TRUE,"","r2 under",5,1,5,2,4,419,510419,710419
"DGMM",NA,0.795460196539832,0.054,0.339838663246937,0.414,-33303.1590739203,68623.3826893035,13,1.7,TRUE,"","r2 under",5,1,5,2,4,420,510420,710420
"RDMM",4.03393677297621,0.8948108116304,0.027,0.691111655851977,0.13,-30805.5706737524,63635.1136442467,130,5.52,TRUE,"","r2 under",5,1,5,2,4,420,510420,710420
"DGMM",NA,-0.000560553580957513,0.493,0.00130358057450549,0.714,-32109.2565538774,66235.5776492175,31,3.88,TRUE,"","r2 under",5,1,5,2,4,421,510421,710421
"RDMM",3.67045217077736,0.917681676732689,0.021,0.754781854859613,0.1,-30789.6477648237,63603.2678263892,151,6.5,TRUE,"","r2 under",5,1,5,2,4,421,510421,710421
"DGMM",NA,0.864764887032361,0.035,0.39300083037359,0.494,-33438.6420635272,68894.3486685172,21,2.66,TRUE,"","r2 under",5,1,5,2,4,422,510422,710422
"RDMM",4.23625054238506,0.913849744489056,0.022,0.74581964048737,0.104,-30847.226321786,63718.4249403138,167,9.19,TRUE,"","r2 under",5,1,5,2,4,422,510422,710422
"DGMM",NA,0.72562661449898,0.074,0.269728412573201,0.492,-33823.7436514377,69664.5518443381,12,1.75,TRUE,"","r2 under",5,1,5,2,4,423,510423,710423
"RDMM",3.90152162605972,0.960359058956084,0.01,0.7932618928542,0.084,-30766.9324075482,63557.8371118382,158,7.21,TRUE,"","r2 under",5,1,5,2,4,423,510423,710423
"DGMM",NA,0.774159064932912,0.06,0.344403268442459,0.457,-33985.3766264317,69987.8177943263,20,3.69,TRUE,"","r2 under",5,1,5,2,4,424,510424,710424
"RDMM",3.923849365812,0.929221279521182,0.018,0.760724023492253,0.097,-31087.0793998572,64198.1310964562,104,4.69,TRUE,"","r2 under",5,1,5,2,4,424,510424,710424
"DGMM",NA,0.35463993416307,0.202,0.138962491526646,0.593,-33528.3690200729,69073.8025816086,30,3.55,TRUE,"","r2 under",5,1,5,2,4,425,510425,710425
"RDMM",3.6044920868191,0.917681665646944,0.021,0.737599642201015,0.108,-30861.0486798149,63746.0696563716,112,4.49000000000001,TRUE,"","r2 under",5,1,5,2,4,425,510425,710425
"DGMM",NA,0.887250906632524,0.029,0.361428542733078,0.42,-33102.9636712565,68222.9918839758,20,2.36,TRUE,"","r2 under",5,1,5,2,4,426,510426,710426
"RDMM",4.11833962949324,0.929225152720084,0.018,0.78090744609194,0.088,-30667.1873976247,63358.3470919912,173,6.67,TRUE,"","r2 under",5,1,5,2,4,426,510426,710426
"DGMM",NA,0.87597215764072,0.032,0.372205417707827,0.372,-33600.3630415884,69217.7906246397,17,2.02000000000001,TRUE,"","r2 under",5,1,5,2,4,427,510427,710427
"RDMM",3.82364419446319,0.91002600663061,0.023,0.72301626600995,0.115,-30542.428793797,63108.8298843357,141,5.52,TRUE,"","r2 under",5,1,5,2,4,427,510427,710427
"DGMM",NA,0.891027051073555,0.028,0.317274096861124,0.468,-33477.2455613057,68971.5556640742,13,1.59,TRUE,"","r2 under",5,1,5,2,4,428,510428,710428
"RDMM",4.12673690891973,0.956440411214517,0.011,0.755299213080795,0.101,-30924.3368210805,63872.6459389028,204,7.89,TRUE,"","r2 under",5,1,5,2,4,428,510428,710428
"DGMM",NA,0.317437377394343,0.218,0.141927958592298,0.544,-32907.3995975626,67831.863736588,37,4.33999999999999,TRUE,"","r2 under",5,1,5,2,4,429,510429,710429
"RDMM",4.11578347652436,0.944728723656625,0.014,0.756235367315247,0.101,-30574.393831276,63172.7599592937,108,4.21000000000001,TRUE,"","r2 under",5,1,5,2,4,429,510429,710429
"DGMM",NA,0.910026027973357,0.023,0.404291923294158,0.462,-33077.0632574104,68171.1910562836,21,2.51000000000001,TRUE,"","r2 under",5,1,5,2,4,430,510430,710430
"RDMM",4.17988966094425,0.94862462443189,0.013,0.738855755789299,0.109,-30601.4922826423,63226.9568620264,229,9.19,TRUE,"","r2 under",5,1,5,2,4,430,510430,710430
"DGMM",NA,0.842566630549443,0.041,0.341467091291422,0.449,-33752.0985755716,69521.261692606,12,1.45999999999999,TRUE,"","r2 under",5,1,5,2,4,431,510431,710431
"RDMM",3.94953790973305,0.913849802933086,0.022,0.677459071801998,0.137,-30975.0713555632,63974.1150078681,115,4.49000000000001,TRUE,"","r2 under",5,1,5,2,4,431,510431,710431
"DGMM",NA,0.861045062519377,0.036,0.347107490378313,0.429,-33197.4406931815,68411.9459278257,15,1.77000000000001,TRUE,"","r2 under",5,1,5,2,4,432,510432,710432
"RDMM",4.02783904392412,0.940840833050333,0.015,0.769246582973884,0.094,-30526.4633691512,63076.8990350441,136,5.44999999999999,TRUE,"","r2 under",5,1,5,2,4,432,510432,710432
"DGMM",NA,0.271879289846536,0.239,0.117459691208738,0.605,-33912.7954447597,69842.6554309821,30,3.5,TRUE,"","r2 under",5,1,5,2,4,433,510433,710433
"RDMM",3.82039580787986,0.921521464620709,0.02,0.761315105116346,0.097,-31095.7347733369,64215.4418434156,211,8.10999999999999,TRUE,"","r2 under",5,1,5,2,4,433,510433,710433
"DGMM",NA,0.00155342030653585,0.471,0.00117023480514351,0.721,-31399.2238361459,64815.5122137546,22,2.60999999999999,TRUE,"","r2 under",5,1,5,2,4,434,510434,710434
"RDMM",4.24706660366049,0.925369283402049,0.019,0.744954812509071,0.104,-30036.6534551479,62097.2792070376,132,5.11000000000001,TRUE,"","r2 under",5,1,5,2,4,434,510434,710434
"DGMM",NA,0.82065811223565,0.047,0.33229076375568,0.421,-33322.613775951,68662.2920933647,15,1.78,TRUE,"","r2 under",5,1,5,2,4,435,510435,710435
"RDMM",4.02516805058869,0.948624596826338,0.013,0.771631932521001,0.093,-30507.8397218475,63039.6517404368,203,7.84999999999999,TRUE,"","r2 under",5,1,5,2,4,435,510435,710435
"DGMM",NA,-0.000656996111706116,0.475,0.00133776211227777,0.728,-32576.0746317576,67169.2138049779,22,2.63,TRUE,"","r2 under",5,1,5,2,4,436,510436,710436
"RDMM",3.59026889669369,0.913848338670425,0.022,0.712530358492259,0.119,-31158.3105298768,64340.5933564953,300,11.78,TRUE,"","r2 under",5,1,5,2,4,436,510436,710436
"DGMM",NA,0.831575453459464,0.044,0.337749391106977,0.429,-33930.4082712158,69877.8810838944,10,1.35999999999999,TRUE,"","r2 under",5,1,5,2,4,437,510437,710437
"RDMM",3.80945460628928,0.925369306374546,0.019,0.726845249030689,0.113,-30725.3990962595,63474.7704892607,203,7.75,TRUE,"","r2 under",5,1,5,2,4,437,510437,710437
"DGMM",NA,0.00512613467838855,0.46,0.0023203076324365,0.715,-32192.4286819762,66401.9219054152,37,4.38,TRUE,"","r2 under",5,1,5,2,4,438,510438,710438
"RDMM",4.03764127698685,0.925369264377939,0.019,0.740774619659713,0.107,-31059.1548378613,64142.2819724643,125,5.02000000000001,TRUE,"","r2 under",5,1,5,2,4,438,510438,710438
"DGMM",NA,0.887251445267143,0.029,0.399751708744849,0.419,-32894.9138399463,67806.8922213553,19,2.22,TRUE,"","r2 under",5,1,5,2,4,439,510439,710439
"RDMM",4.53408263845164,0.933089035184919,0.017,0.783895793850928,0.087,-30501.46417231,63026.9006413617,103,4,TRUE,"","r2 under",5,1,5,2,4,439,510439,710439
"DGMM",NA,0.617413156720133,0.107,0.259040740488571,0.486,-33177.5586175912,68372.1817766451,15,1.91999999999999,TRUE,"","r2 under",5,1,5,2,4,440,510440,710440
"RDMM",4.07954004142684,0.929225225184377,0.018,0.759621905688078,0.098,-30410.1737097109,62844.3197161636,104,4.05000000000001,TRUE,"","r2 under",5,1,5,2,4,440,510440,710440
"DGMM",NA,0.809809775549686,0.05,0.312641341801606,0.474,-34123.5477250638,70264.1599915903,11,1.34,TRUE,"","r2 under",5,1,5,2,4,441,510441,710441
"RDMM",3.70790977923623,0.929225202854171,0.018,0.731721523623652,0.112,-30938.4343005793,63900.8408979004,100,3.94,TRUE,"","r2 under",5,1,5,2,4,441,510441,710441
"DGMM",NA,0.333415045029246,0.211,0.155582144940716,0.549,-33688.6841360274,69394.4328135176,23,2.71000000000001,TRUE,"","r2 under",5,1,5,2,4,442,510442,710442
"RDMM",3.6696921587117,0.917681683273277,0.021,0.756476042857929,0.099,-30951.2312694729,63926.4348356875,235,9.06999999999999,TRUE,"","r2 under",5,1,5,2,4,442,510442,710442
"DGMM",NA,0.875971931867449,0.032,0.346744099229877,0.5,-33623.6479755421,69264.3604925469,13,1.57999999999998,TRUE,"","r2 under",5,1,5,2,4,443,510443,710443
"RDMM",3.8829425647001,0.921521513266662,0.02,0.736979154831464,0.108,-30809.5950395578,63643.1623758574,100,4,TRUE,"","r2 under",5,1,5,2,4,443,510443,710443
"DGMM",NA,0.910025977342736,0.023,0.411205154089741,0.481,-33238.1435256987,68493.3515928603,28,3.25,TRUE,"","r2 under",5,1,5,2,4,444,510444,710444
"RDMM",4.11220556506165,0.936960932763956,0.016,0.751897873372834,0.102,-30553.02451002,63130.0213167817,181,7.25,TRUE,"","r2 under",5,1,5,2,4,444,510444,710444
"DGMM",NA,0.89481079906336,0.027,0.311033325844253,0.473,-33319.5302807806,68656.1251030241,14,1.66,TRUE,"","r2 under",5,1,5,2,4,445,510445,710445
"RDMM",4.31016731220862,0.933089084397016,0.017,0.743496085348195,0.106,-30759.6057416463,63543.1837800343,169,6.56,TRUE,"","r2 under",5,1,5,2,4,445,510445,710445
"DGMM",NA,0.712043716077294,0.078,0.29030841648486,0.531,-32846.0968577283,67709.2582569194,18,2.12,TRUE,"","r2 under",5,1,5,2,4,446,510446,710446
"RDMM",4.09648818544278,0.936960729076731,0.016,0.762719971172501,0.098,-30328.0106390278,62679.9935747974,249,9.63999999999999,TRUE,"","r2 under",5,1,5,2,4,446,510446,710446
"DGMM",NA,0.331034446409799,0.212,0.149758225255605,0.568,-33311.5105884284,68640.0857183195,25,3.03000000000003,TRUE,"","r2 under",5,1,5,2,4,447,510447,710447
"RDMM",3.69580717990816,0.936960953432666,0.016,0.748571455165186,0.104,-30297.6654980439,62619.3032928296,190,7.27999999999997,TRUE,"","r2 under",5,1,5,2,4,447,510447,710447
"DGMM",NA,0.437670123292264,0.169,0.171320468852911,0.545,-33233.5123976083,68484.0893366793,31,4.11000000000001,TRUE,"","r2 under",5,1,5,2,4,448,510448,710448
"RDMM",3.90569865878991,0.948624614152705,0.013,0.772765760928647,0.092,-30757.8112417766,63539.5947802949,139,5.44999999999999,TRUE,"","r2 under",5,1,5,2,4,448,510448,710448
"DGMM",NA,0.875971857510267,0.032,0.305879477399888,0.469,-33154.1433966433,68325.3513347494,11,1.39999999999998,TRUE,"","r2 under",5,1,5,2,4,449,510449,710449
"RDMM",4.07175558756065,0.948624585884924,0.013,0.735510596579159,0.11,-30250.6622834223,62525.2968635864,194,7.53000000000003,TRUE,"","r2 under",5,1,5,2,4,449,510449,710449
"DGMM",NA,0.472742485297619,0.156,0.225100300738848,0.469,-33144.9514255172,68306.9673924972,16,1.88999999999999,TRUE,"","r2 under",5,1,5,2,4,450,510450,710450
"RDMM",4.2793666813965,0.933088514701093,0.017,0.749821219114171,0.104,-30703.6038240951,63431.179944932,147,5.65000000000003,TRUE,"","r2 under",5,1,5,2,4,450,510450,710450
"DGMM",NA,0.868492689357949,0.034,0.370466176441754,0.474,-33894.3445336596,69805.7536087819,18,2.30000000000001,TRUE,"","r2 under",5,1,5,2,4,451,510451,710451
"RDMM",3.78371842254726,0.936960904339529,0.016,0.758005883746256,0.099,-31096.5918230243,64217.1559427903,300,11.53,TRUE,"","r2 under",5,1,5,2,4,451,510451,710451
"DGMM",NA,0.571068353586003,0.122,0.222904214867476,0.507,-33324.2246069035,68665.5137552698,15,1.88999999999999,TRUE,"","r2 under",5,1,5,2,4,452,510452,710452
"RDMM",3.93633432548312,0.952528448901979,0.012,0.766401806594715,0.095,-30775.8475162507,63575.6673292432,161,6.19,TRUE,"","r2 under",5,1,5,2,4,452,510452,710452
"DGMM",NA,0.894810661311404,0.027,0.30413650686673,0.489,-33655.0003421434,69327.0652257495,28,3.32999999999998,TRUE,"","r2 under",5,1,5,2,4,453,510453,710453
"RDMM",3.62574641049083,0.944728697626191,0.014,0.763400972287816,0.097,-30860.3308103851,63744.633917512,118,4.63999999999999,TRUE,"","r2 under",5,1,5,2,4,453,510453,710453
"DGMM",NA,0.913849769051718,0.022,0.342517123377022,0.46,-32849.9553718669,67716.9752851965,14,1.70999999999998,TRUE,"","r2 under",5,1,5,2,4,454,510454,710454
"RDMM",4.05364438506077,0.925369313093999,0.019,0.770842556539029,0.093,-30251.621384897,62527.2150665357,121,4.69999999999999,TRUE,"","r2 under",5,1,5,2,4,454,510454,710454
"DGMM",NA,0.544187658927562,0.131,0.233039824682871,0.473,-32681.5250276576,67380.114596778,23,2.75,TRUE,"","r2 under",5,1,5,2,4,455,510455,710455
"RDMM",4.14933616419599,0.925369367998201,0.019,0.702968018871111,0.124,-30419.3777041337,62862.7277050092,163,6.16000000000003,TRUE,"","r2 under",5,1,5,2,4,455,510455,710455
"DGMM",NA,0.864764683786264,0.035,0.331030602574217,0.445,-33500.3650251662,69017.7945917951,12,1.35999999999996,TRUE,"","r2 under",5,1,5,2,4,456,510456,710456
"RDMM",4.0100206706947,0.898602505051401,0.026,0.544161717976925,0.226,-30812.656358442,63649.2850136258,152,5.04000000000002,TRUE,"","r2 under",5,1,5,2,4,456,510456,710456
"DGMM",NA,0.381071245329582,0.191,0.169450546942109,0.562,-32755.5564940709,67528.1775296045,15,1.51999999999998,TRUE,"","r2 under",5,1,5,2,4,457,510457,710457
"RDMM",4.09692763602886,0.921520144912638,0.02,0.680680948720581,0.139,-30620.1162054574,63264.2047076565,128,4.14000000000004,TRUE,"","r2 under",5,1,5,2,4,457,510457,710457
"DGMM",NA,0.857333568154611,0.037,0.369026907764275,0.45,-33892.2664896995,69801.5975208618,21,1.94999999999999,TRUE,"","r2 under",5,1,5,2,4,458,510458,710458
"RDMM",3.97226691116759,0.913849806310034,0.022,0.695882270582696,0.127,-31268.7392697013,64561.4508361443,208,5.96000000000004,TRUE,"","r2 under",5,1,5,2,4,458,510458,710458
"DGMM",NA,0.386354406324138,0.189,0.161189807080149,0.575,-32836.164020705,67689.3925828729,30,1.64,TRUE,"","r2 under",5,1,5,2,4,459,510459,710459
"RDMM",4.05151886768362,0.964288252648143,0.009,0.805224950450334,0.079,-30346.3637727551,62716.6998422519,108,2.72,TRUE,"","r2 under",5,1,5,2,4,459,510459,710459
"DGMM",NA,0.898602615770025,0.026,0.315410617913579,0.489,-33225.9467023229,68468.9579461085,15,1.82,TRUE,"","r2 under",5,1,5,2,4,460,510460,710460
"RDMM",3.97982422402798,0.921521459996924,0.02,0.717859213803069,0.117,-30661.9617063015,63347.8957093448,149,6.03,TRUE,"","r2 under",5,1,5,2,4,460,510460,710460
"DGMM",NA,0.898602474307835,0.026,0.32975148118609,0.469,-33346.0042819232,68709.0731053092,12,1.6,TRUE,"","r2 under",5,1,5,2,4,461,510461,710461
"RDMM",3.81642175804241,0.921521506019597,0.02,0.785651497469501,0.087,-30446.2564524124,62916.4852015666,141,5.92,TRUE,"","r2 under",5,1,5,2,4,461,510461,710461
"DGMM",NA,0.453686061006308,0.163,0.179521292062937,0.557,-32826.8178368865,67670.7002152357,39,4.86,TRUE,"","r2 under",5,1,5,2,4,462,510462,710462
"RDMM",4.01948254963281,0.933089109846194,0.017,0.74204782433383,0.106,-30564.8660205857,63153.7043379131,120,5.05,TRUE,"","r2 under",5,1,5,2,4,462,510462,710462
"DGMM",NA,0.453767811817505,0.163,0.194412780354647,0.508,-33042.1854976673,68101.4355367973,25,3.15,TRUE,"","r2 under",5,1,5,2,4,463,510463,710463
"RDMM",4.0945906461681,0.89860260406565,0.026,0.742019760747439,0.107,-30599.6067152048,63223.1857271514,174,7.62,TRUE,"","r2 under",5,1,5,2,4,463,510463,710463
"DGMM",NA,0.368978328683574,0.196,0.155375890480102,0.582,-33227.6002355224,68472.2650125076,24,4.31,TRUE,"","r2 under",5,1,5,2,4,464,510464,710464
"RDMM",3.840534087762,0.925369352458291,0.019,0.73850451065527,0.108,-30820.2355169391,63664.44333062,192,9.16,TRUE,"","r2 under",5,1,5,2,4,464,510464,710464
"DGMM",NA,-0.000458723429485758,0.491,-6.86909072792369e-05,0.734,-31938.9813414611,65895.027224385,28,3.82,TRUE,"","r2 under",5,1,5,2,4,465,510465,710465
"RDMM",4.10393653075236,0.921521504298419,0.02,0.767856404239826,0.094,-30725.8493314015,63475.6709595447,190,9.25,TRUE,"","r2 under",5,1,5,2,4,465,510465,710465
"DGMM",NA,0.665521973971304,0.092,0.247848051369794,0.504,-33909.259197204,69835.5829358707,9,1.22,TRUE,"","r2 under",5,1,5,2,4,466,510466,710466
"RDMM",3.9605690078181,0.933089032610389,0.017,0.549456584356508,0.248,-30586.3608258548,63196.6939484515,169,6.47999999999999,TRUE,"","r2 under",5,1,5,2,4,466,510466,710466
"DGMM",NA,0.879722476791741,0.031,0.354298557411127,0.429,-33394.6017089221,68806.267959307,27,3.22000000000001,TRUE,"","r2 under",5,1,5,2,4,467,510467,710467
"RDMM",3.83478796402995,0.956440362165159,0.011,0.769477684886199,0.094,-30585.3011230746,63194.574542891,130,5.03,TRUE,"","r2 under",5,1,5,2,4,467,510467,710467
"DGMM",NA,0.65576476325842,0.095,0.274284402320754,0.513,-33185.2347623761,68387.5340662151,29,3.42,TRUE,"","r2 under",5,1,5,2,4,468,510468,710468
"RDMM",3.90137536232189,0.925369301894911,0.019,0.748007490272427,0.103,-30603.7178951517,63231.4080870453,182,7.14,TRUE,"","r2 under",5,1,5,2,4,468,510468,710468
"DGMM",NA,0.868492495199594,0.034,0.326855555267026,0.463,-33875.3386584727,69767.7418584083,12,1.44,TRUE,"","r2 under",5,1,5,2,4,469,510469,710469
"RDMM",3.76862416789113,0.902402327062551,0.025,0.776291015325184,0.09,-30982.4435372189,63988.8593711796,151,5.81,TRUE,"","r2 under",5,1,5,2,4,469,510469,710469
"DGMM",NA,0.929225167782784,0.018,0.404086189316233,0.491,-33409.549527596,68836.1635966548,16,1.92999999999999,TRUE,"","r2 under",5,1,5,2,4,470,510470,710470
"RDMM",4.1109710369736,0.936960906158693,0.016,0.733798464051646,0.11,-30874.215514044,63772.4033248298,109,4.25,TRUE,"","r2 under",5,1,5,2,4,470,510470,710470
"DGMM",NA,-5.19796739132343e-05,0.484,0.000433386314841823,0.718,-32194.7291156378,66406.5227727385,24,2.92,TRUE,"","r2 under",5,1,5,2,4,471,510471,710471
"RDMM",4.03698909593808,0.9292252234994,0.018,0.675755253337167,0.14,-30900.8701845941,63825.7126659299,112,4.5,TRUE,"","r2 under",5,1,5,2,4,471,510471,710471
"DGMM",NA,0.685278283293855,0.086,0.262859445120415,0.514,-33887.5344958998,69792.1335332624,14,1.89,TRUE,"","r2 under",5,1,5,2,4,472,510472,710472
"RDMM",3.98554571873263,0.940840783697126,0.015,0.707927033857997,0.123,-31032.039830252,64088.0519572458,150,5.86,TRUE,"","r2 under",5,1,5,2,4,472,510472,710472
"DGMM",NA,0.92152155046447,0.02,0.404919306072278,0.38,-32951.1134030643,67919.2913475914,12,1.44,TRUE,"","r2 under",5,1,5,2,4,473,510473,710473
"RDMM",4.56779584788056,0.933089091348235,0.017,0.742290438317438,0.106,-30549.6338803757,63123.2400574932,216,8.34,TRUE,"","r2 under",5,1,5,2,4,473,510473,710473
"DGMM",NA,0.813417249156588,0.049,0.306145324211198,0.475,-33291.3824287705,68599.8293990037,20,2.44,TRUE,"","r2 under",5,1,5,2,4,474,510474,710474
"RDMM",4.32546281412996,0.940840852364415,0.015,0.754118659845951,0.101,-30688.8316933883,63401.6356835183,148,5.81,TRUE,"","r2 under",5,1,5,2,4,474,510474,710474
"DGMM",NA,0.864764765089979,0.035,0.315707315029981,0.48,-33747.8500096642,69512.7645607911,13,1.57999999999998,TRUE,"","r2 under",5,1,5,2,4,475,510475,710475
"RDMM",4.1394807402084,0.933089089249997,0.017,0.742042600226861,0.106,-30871.7643014213,63767.5008995844,115,4.54000000000002,TRUE,"","r2 under",5,1,5,2,4,475,510475,710475
"DGMM",NA,0.861044952315617,0.036,0.336742920601505,0.506,-33835.5224120754,69688.1093656136,13,1.54999999999998,TRUE,"","r2 under",5,1,5,2,4,476,510476,710476
"RDMM",3.91639982800875,0.913849869626723,0.022,0.707172863484164,0.122,-30970.9403665174,63965.8530297766,100,3.89000000000001,TRUE,"","r2 under",5,1,5,2,4,476,510476,710476
"DGMM",NA,0.853629713579798,0.038,0.324097166442572,0.486,-33680.8196232215,69378.7037879058,14,1.69,TRUE,"","r2 under",5,1,5,2,4,477,510477,710477
"RDMM",3.72518526899142,0.925369369548842,0.019,0.743497214798275,0.105,-30681.8454292081,63387.663155158,167,6.44999999999999,TRUE,"","r2 under",5,1,5,2,4,477,510477,710477
"DGMM",NA,0.906210134088251,0.024,0.536861498044681,0.217,-32965.6524858934,67948.3695132496,13,1.57999999999998,TRUE,"","r2 under",5,1,5,2,4,478,510478,710478
"RDMM",4.06573053626596,0.936960906158693,0.016,0.753421036846888,0.101,-30335.5745646468,62695.1214260355,108,4.25,TRUE,"","r2 under",5,1,5,2,4,478,510478,710478
"DGMM",NA,0.891027057279109,0.028,0.41872175141708,0.39,-32805.3882079494,67627.8409573616,14,1.66,TRUE,"","r2 under",5,1,5,2,4,479,510479,710479
"RDMM",4.24304913177044,0.944728723876381,0.014,0.773882565920878,0.092,-30422.6037505113,62869.1797977644,141,5.60999999999999,TRUE,"","r2 under",5,1,5,2,4,479,510479,710479
"DGMM",NA,0.868492684696434,0.034,0.325547043647611,0.453,-32816.0818951854,67649.2283318336,14,1.73000000000002,TRUE,"","r2 under",5,1,5,2,4,480,510480,710480
"RDMM",3.99847389727158,0.925369305613583,0.019,0.789457019900029,0.085,-30328.3561931042,62680.6846829501,269,10.49,TRUE,"","r2 under",5,1,5,2,4,480,510480,710480
"DGMM",NA,0.459157938538149,0.161,0.20013637959039,0.528,-33199.0574022028,68415.1793458684,23,2.78,TRUE,"","r2 under",5,1,5,2,4,481,510481,710481
"RDMM",3.97317106638579,0.925369376541081,0.019,0.709074953147353,0.123,-30845.9180198718,63715.8083364855,179,6.84999999999999,TRUE,"","r2 under",5,1,5,2,4,481,510481,710481
"DGMM",NA,0.523708628510334,0.138,0.225024443720615,0.535,-33255.5287604682,68528.1220623992,29,3.49000000000001,TRUE,"","r2 under",5,1,5,2,4,482,510482,710482
"RDMM",4.14631930517444,0.929225221916543,0.018,0.743265919222143,0.106,-30517.1561026048,63058.2845019514,252,9.90000000000001,TRUE,"","r2 under",5,1,5,2,4,482,510482,710482
"DGMM",NA,0.475593070244033,0.155,0.181699813713166,0.538,-33536.4287545367,69089.9220505361,23,2.72,TRUE,"","r2 under",5,1,5,2,4,483,510483,710483
"RDMM",3.84439098441178,0.925369353008673,0.019,0.501019625537609,0.301,-30874.6976968996,63773.367690541,139,5.48999999999998,TRUE,"","r2 under",5,1,5,2,4,483,510483,710483
"DGMM",NA,0.448401469899813,0.165,0.189923531818873,0.499,-32820.8027829707,67658.6701074041,21,2.46000000000001,TRUE,"","r2 under",5,1,5,2,4,484,510484,710484
"RDMM",4.05355069831514,0.94084078557884,0.015,0.753916355174073,0.101,-30574.8740683687,63173.7204334792,185,7.20999999999998,TRUE,"","r2 under",5,1,5,2,4,484,510484,710484
"DGMM",NA,0.813417449274767,0.049,0.279280358243264,0.497,-34031.4626735454,70079.9898885536,33,3.88,TRUE,"","r2 under",5,1,5,2,4,485,510485,710485
"RDMM",4.16817502565975,0.952528528052863,0.012,0.765173348782481,0.096,-30924.8464054729,63873.6651076875,235,9.32999999999998,TRUE,"","r2 under",5,1,5,2,4,485,510485,710485
"DGMM",NA,0.906210202036409,0.024,0.421483755845631,0.429,-33053.5347517912,68124.1340450451,21,2.57000000000002,TRUE,"","r2 under",5,1,5,2,4,486,510486,710486
"RDMM",3.96227932748422,0.933088514701093,0.017,0.771285552431849,0.093,-30343.1176813134,62710.2076593686,237,9.08999999999997,TRUE,"","r2 under",5,1,5,2,4,486,510486,710486
"DGMM",NA,0.910026013641002,0.023,0.365647246553054,0.427,-34050.8237243382,70118.7119901392,12,1.45000000000002,TRUE,"","r2 under",5,1,5,2,4,487,510487,710487
"RDMM",4.17093069075568,0.933089076055551,0.017,0.762785564788604,0.097,-31193.6668414976,64411.3059797369,100,3.89000000000001,TRUE,"","r2 under",5,1,5,2,4,487,510487,710487
"DGMM",NA,0.445717876837237,0.166,0.213238768313678,0.573,-33251.2489032245,68519.5623479118,26,3.10000000000002,TRUE,"","r2 under",5,1,5,2,4,488,510488,710488
"RDMM",3.99806710163077,0.933089037437632,0.017,0.732043838936751,0.111,-30770.9980338425,63565.9683644267,136,5.33999999999997,TRUE,"","r2 under",5,1,5,2,4,488,510488,710488
"DGMM",NA,0.864764660370775,0.035,0.304920340657235,0.485,-33846.7215003928,69710.5075422484,18,2.19999999999999,TRUE,"","r2 under",5,1,5,2,4,489,510489,710489
"RDMM",4.07874826689411,0.917681613617807,0.021,0.741318865554205,0.106,-30913.4950342473,63850.9623652365,132,5.15999999999997,TRUE,"","r2 under",5,1,5,2,4,489,510489,710489
"DGMM",NA,0.87222859601695,0.033,0.34868557229907,0.473,-33750.7752656733,69518.6150728093,19,2.71000000000004,TRUE,"","r2 under",5,1,5,2,4,490,510490,710490
"RDMM",3.95732540403888,0.92152148113422,0.02,0.75194244777513,0.103,-30649.5500901483,63323.0724770385,136,5.31999999999999,TRUE,"","r2 under",5,1,5,2,4,490,510490,710490
"DGMM",NA,0.359452068543864,0.2,0.145325100274728,0.564,-33235.6670658834,68488.3986732295,22,2.56,TRUE,"","r2 under",5,1,5,2,4,491,510491,710491
"RDMM",3.84240016717062,0.925369307661963,0.019,0.778999926321893,0.09,-31039.6675374696,64103.3073716809,100,3.94999999999999,TRUE,"","r2 under",5,1,5,2,4,491,510491,710491
"DGMM",NA,-0.000776025405602206,0.496,-0.000681077060771237,0.735,-32248.3294966787,66513.7235348202,30,3.60000000000002,TRUE,"","r2 under",5,1,5,2,4,492,510492,710492
"RDMM",3.64816686365563,0.891026987396705,0.028,0.723169780494427,0.115,-30902.1701569888,63828.3126107194,238,9.33999999999997,TRUE,"","r2 under",5,1,5,2,4,492,510492,710492
"DGMM",NA,0.831575573145406,0.044,0.315041674020004,0.479,-33752.9406974297,69522.9459363222,14,1.71999999999997,TRUE,"","r2 under",5,1,5,2,4,493,510493,710493
"RDMM",3.73272191964416,0.917681682323071,0.021,0.72849885136444,0.112,-30702.3807037066,63428.733704155,216,8.31,TRUE,"","r2 under",5,1,5,2,4,493,510493,710493
"DGMM",NA,0.857333632517272,0.037,0.363327481244232,0.454,-33247.9272180075,68512.9189774778,13,1.61000000000001,TRUE,"","r2 under",5,1,5,2,4,494,510494,710494
"RDMM",4.17978507282195,0.94862460986971,0.013,0.746795639628742,0.105,-30798.0953807234,63620.1630581886,145,5.68000000000001,TRUE,"","r2 under",5,1,5,2,4,494,510494,710494
"DGMM",NA,0.894810731492701,0.027,0.300174363145662,0.511,-33397.2797193478,68811.6239801584,30,3.57999999999998,TRUE,"","r2 under",5,1,5,2,4,495,510495,710495
"RDMM",3.83727083361733,0.948624576633644,0.013,0.791452621287963,0.085,-30283.6874562829,62591.3472093075,122,4.75,TRUE,"","r2 under",5,1,5,2,4,495,510495,710495
"DGMM",NA,0.3938251344432,0.186,0.1529837051164,0.574,-32704.0139314313,67425.0924043253,31,3.63999999999999,TRUE,"","r2 under",5,1,5,2,4,496,510496,710496
"RDMM",4.17911328163675,0.933089074420727,0.017,0.72991710720186,0.112,-30531.9433075758,63087.8589118933,300,11.54,TRUE,"","r2 under",5,1,5,2,4,496,510496,710496
"DGMM",NA,0.437380864527025,0.169,0.165802388317459,0.556,-33133.2470859535,68283.5587133697,23,2.46999999999997,TRUE,"","r2 under",5,1,5,2,4,497,510497,710497
"RDMM",3.9734543289401,0.933087874051919,0.017,0.753976744970596,0.1,-30554.7024799502,63133.3772566421,124,4.17000000000002,TRUE,"","r2 under",5,1,5,2,4,497,510497,710497
"DGMM",NA,0.906210149461514,0.024,0.30096514811748,0.499,-33267.0316705876,68551.127882638,26,2.56999999999999,TRUE,"","r2 under",5,1,5,2,4,498,510498,710498
"RDMM",3.95607707756474,0.944728692928908,0.014,0.771557351064797,0.093,-30626.6250840269,63277.2224647956,143,4.59000000000003,TRUE,"","r2 under",5,1,5,2,4,498,510498,710498
"DGMM",NA,0.887251292193226,0.029,0.347946882022663,0.463,-33668.8295165067,69354.7235744763,17,1.61000000000001,TRUE,"","r2 under",5,1,5,2,4,499,510499,710499
"RDMM",3.78875752566488,0.92922522451606,0.018,0.734634099318198,0.11,-30428.5405858712,62881.0534684843,162,4.83999999999997,TRUE,"","r2 under",5,1,5,2,4,499,510499,710499
"DGMM",NA,0.445705375316371,0.166,0.219531064828285,0.544,-32947.2072652748,67911.4790720124,26,2.02000000000004,TRUE,"","r2 under",5,1,5,2,4,500,510500,710500
"RDMM",4.23294246404257,0.933089044491842,0.017,0.749191421806842,0.104,-30578.4229388224,63180.8181743865,156,3.59999999999997,TRUE,"","r2 under",5,1,5,2,4,500,510500,710500
"DGMM",NA,0.853630233449191,0.038,0.334106926895877,0.446,-33450.0162347838,68986.1745638202,19,1.23,TRUE,"","true",5,2,5,2,4,1,510001,710001
"RDMM",4.03391921111878,0.933089025491814,0.017,0.769392397780243,0.094,-30778.4350761301,63636.1044912337,110,4.47,TRUE,"","true",5,2,5,2,4,1,510001,710001
"DGMM",NA,0.646044355836708,0.098,0.25298745897791,0.482,-33496.0290931177,69078.200280488,27,3.22,TRUE,"","true",5,2,5,2,4,2,510002,710002
"RDMM",3.93598898905168,0.944728104969071,0.014,0.804016243271641,0.079,-30588.1258183129,63255.4859755993,100,4.08,TRUE,"","true",5,2,5,2,4,2,510002,710002
"DGMM",NA,0.913849827889347,0.022,0.385821155684566,0.417,-32929.3970618657,67944.9362179841,14,1.68,TRUE,"","true",5,2,5,2,4,3,510003,710003
"RDMM",4.09234230940231,0.948624614617245,0.013,0.619278602033589,0.174,-30550.7847039308,63180.8037468353,100,4.08,TRUE,"","true",5,2,5,2,4,3,510003,710003
"DGMM",NA,0.784783566429094,0.057,0.348175166796002,0.4,-32457.2105591827,67000.563212618,13,1.58,TRUE,"","true",5,2,5,2,4,4,510004,710004
"RDMM",4.37393502854649,0.960360322224328,0.01,0.79225093151078,0.084,-30189.9464422456,62459.1272234649,100,4.03,TRUE,"","true",5,2,5,2,4,4,510004,710004
"DGMM",NA,0.868492461658091,0.034,0.306946875760539,0.468,-33897.9517414766,69882.0455772059,17,2.07,TRUE,"","true",5,2,5,2,4,5,510005,710005
"RDMM",3.97391849930394,0.925369358450274,0.019,0.7395731014499,0.108,-31018.3681888226,64115.9707166189,292,11.95,TRUE,"","true",5,2,5,2,4,5,510005,710005
"DGMM",NA,0.335745792720721,0.21,0.136506739476367,0.576,-32792.8788856914,67671.8998656354,32,3.83,TRUE,"","true",5,2,5,2,4,6,510006,710006
"RDMM",3.97329432129899,0.944728725871018,0.014,0.755504600764676,0.101,-30416.8932776838,62913.0208943413,158,6.33,TRUE,"","true",5,2,5,2,4,6,510006,710006
"DGMM",NA,0.83889478620613,0.042,0.332583707357973,0.504,-33351.0825467599,68788.3071877723,12,1.51,TRUE,"","true",5,2,5,2,4,7,510007,710007
"RDMM",4.22239560112979,0.921521478782696,0.02,0.727269721812184,0.113,-30638.9667520588,63357.1678430912,282,11.25,TRUE,"","true",5,2,5,2,4,7,510007,710007
"DGMM",NA,0.70193526611684,0.081,0.245735765400224,0.509,-33452.1237803011,68990.3896548548,15,1.83,TRUE,"","true",5,2,5,2,4,8,510008,710008
"RDMM",4.1312688825928,0.925369315893771,0.019,0.704044433821921,0.13,-30834.4142399704,63748.0628189143,121,4.84999999999999,TRUE,"","true",5,2,5,2,4,8,510008,710008
"DGMM",NA,0.777700790103005,0.059,0.342870374783772,0.45,-33253.8631486291,68593.8683915109,15,1.81,TRUE,"","true",5,2,5,2,4,9,510009,710009
"RDMM",3.9548966281716,0.921520933919933,0.02,0.551196245901343,0.293,-30693.4615621222,63466.1574632181,142,5.7,TRUE,"","true",5,2,5,2,4,9,510009,710009
"DGMM",NA,0.500782769629404,0.146,0.186226124595382,0.566,-32908.7269049363,67903.5959041252,41,4.87,TRUE,"","true",5,2,5,2,4,10,510010,710010
"RDMM",3.66098970027979,0.92536933325235,0.019,0.775330557191969,0.092,-30361.6755285958,62802.5853961651,100,4.05,TRUE,"","true",5,2,5,2,4,10,510010,710010
"DGMM",NA,0.464601399567713,0.159,0.184241331654305,0.556,-33503.6297134385,69093.4015211296,19,2.31,TRUE,"","true",5,2,5,2,4,11,510011,710011
"RDMM",4.00611761580526,0.929225212113039,0.018,0.559616862176465,0.222,-30792.5680093503,63664.3703576742,100,4.01000000000001,TRUE,"","true",5,2,5,2,4,11,510011,710011
"DGMM",NA,0.344844986989126,0.206,0.158492611507043,0.586,-32209.8372812545,66505.8166567616,31,3.69,TRUE,"","true",5,2,5,2,4,12,510012,710012
"RDMM",4.52545257927194,0.96428802639082,0.009,0.759843328106024,0.099,-30170.330749155,62419.8958372836,245,9.94,TRUE,"","true",5,2,5,2,4,12,510012,710012
"DGMM",NA,0.824288569099522,0.046,0.296128036982924,0.448,-33548.7340008134,69183.6100958794,12,1.53,TRUE,"","true",5,2,5,2,4,13,510013,710013
"RDMM",4.0673144042,0.891026931364929,0.028,0.703390657672099,0.124,-30772.2413605101,63623.7170599938,206,8.27,TRUE,"","true",5,2,5,2,4,13,510013,710013
"DGMM",NA,0.887251185906713,0.029,0.358700719942292,0.438,-33593.8220462611,69273.7861867748,15,1.88,TRUE,"","true",5,2,5,2,4,14,510014,710014
"RDMM",4.00859168290475,0.933089076055551,0.017,0.758387034178707,0.099,-30729.1531053085,63537.5405495906,135,5.45,TRUE,"","true",5,2,5,2,4,14,510014,710014
"DGMM",NA,0.917681620559604,0.021,0.397180439424063,0.5,-32594.6465308759,67275.4351560044,12,1.52000000000001,TRUE,"","true",5,2,5,2,4,15,510015,710015
"RDMM",4.35323514790812,0.917681600842785,0.021,0.799720429470133,0.081,-30242.7151594611,62564.6646578958,269,10.63,TRUE,"","true",5,2,5,2,4,15,510015,710015
"DGMM",NA,0.887251308938756,0.029,0.323602941891082,0.433,-33950.7684924223,69987.6790790972,15,1.84,TRUE,"","true",5,2,5,2,4,16,510016,710016
"RDMM",3.73659558283001,0.93696095801392,0.016,0.782230875331322,0.088,-31150.0190910768,64379.2725211273,145,5.90000000000001,TRUE,"","true",5,2,5,2,4,16,510016,710016
"DGMM",NA,0.658999311047596,0.094,0.258256315920199,0.52,-34018.6383580614,70123.4188103755,12,1.49000000000001,TRUE,"","true",5,2,5,2,4,17,510017,710017
"RDMM",3.86158943282028,0.929225112117139,0.018,0.734306098803045,0.11,-30622.7171724942,63324.6686839621,164,6.56,TRUE,"","true",5,2,5,2,4,17,510017,710017
"DGMM",NA,0.925369388812194,0.019,0.377941724471504,0.489,-33067.7748621359,68221.6918185244,13,1.61000000000001,TRUE,"","true",5,2,5,2,4,18,510018,710018
"RDMM",4.19449254432477,0.921521522748238,0.02,0.743941231007716,0.105,-30479.5336885985,63038.3017161706,100,4,TRUE,"","true",5,2,5,2,4,18,510018,710018
"DGMM",NA,0.910026007253756,0.023,0.386225908801317,0.462,-32931.4991527635,67949.1403997797,28,3.5,TRUE,"","true",5,2,5,2,4,19,510019,710019
"RDMM",4.02529550010934,0.940840806554625,0.015,0.780053709017424,0.09,-30154.2082202028,62387.6507793792,100,4.21000000000001,TRUE,"","true",5,2,5,2,4,19,510019,710019
"DGMM",NA,0.846246352179014,0.04,0.354459722231666,0.445,-33833.7957109898,69753.7335162322,22,2.65000000000001,TRUE,"","true",5,2,5,2,4,20,510020,710020
"RDMM",4.21264197842431,0.929225173909982,0.018,0.770779946846842,0.093,-30667.9283817797,63415.091102533,100,4.10999999999999,TRUE,"","true",5,2,5,2,4,20,510020,710020
"DGMM",NA,0.492296239596323,0.149,0.234503085536576,0.474,-33390.6128351951,68867.3677646428,10,1.22999999999999,TRUE,"","true",5,2,5,2,4,21,510021,710021
"RDMM",3.8891455629771,0.902402359207568,0.025,0.513637426048182,0.275,-30773.0414379278,63625.3172148292,102,4.14000000000001,TRUE,"","true",5,2,5,2,4,21,510021,710021
"DGMM",NA,0.398899107957067,0.184,0.181858879807416,0.513,-32999.5586220498,68085.2593383522,23,2.75,TRUE,"","true",5,2,5,2,4,22,510022,710022
"RDMM",4.09280161055219,0.933089023380699,0.017,0.7376560720352,0.108,-30695.4831808494,63470.2007006724,100,4.05000000000001,TRUE,"","true",5,2,5,2,4,22,510022,710022
"DGMM",NA,0.84993390103611,0.039,0.343819603588562,0.469,-33689.8625575258,69465.8672093042,14,1.75,TRUE,"","true",5,2,5,2,4,23,510023,710023
"RDMM",3.86684873623275,0.925369347935587,0.019,0.740438015818318,0.107,-30991.4259271278,64062.0861932293,100,4,TRUE,"","true",5,2,5,2,4,23,510023,710023
"DGMM",NA,0.813417249156588,0.049,0.301071551173945,0.452,-33572.5309766379,69231.2040475284,11,1.39000000000001,TRUE,"","true",5,2,5,2,4,24,510024,710024
"RDMM",3.94493195351178,0.917681602167798,0.021,0.759734444133103,0.098,-30298.6684546044,62676.5712481825,120,4.82999999999998,TRUE,"","true",5,2,5,2,4,24,510024,710024
"DGMM",NA,0.41421922812937,0.178,0.164842661936787,0.552,-32747.1920326259,67580.5261595045,24,2.94999999999999,TRUE,"","true",5,2,5,2,4,25,510025,710025
"RDMM",3.88200732494111,0.944728676891147,0.014,0.771590616592993,0.093,-30172.7237953249,62424.6819296235,152,6.05000000000001,TRUE,"","true",5,2,5,2,4,25,510025,710025
"DGMM",NA,0.36908754153899,0.196,0.147724030426856,0.556,-33471.0551785534,69028.2524513594,30,3.65000000000001,TRUE,"","true",5,2,5,2,4,26,510026,710026
"RDMM",3.76734839431021,0.952528511936547,0.012,0.787228781025129,0.086,-31012.1863962196,64103.6071314128,142,5.75,TRUE,"","true",5,2,5,2,4,26,510026,710026
"DGMM",NA,0.391345308732577,0.187,0.166678622817028,0.568,-33681.0453321067,69448.2327584661,37,4.53,TRUE,"","true",5,2,5,2,4,27,510027,710027
"RDMM",4.14227520462361,0.925369319626799,0.019,0.712883660225947,0.12,-31184.2727174169,64447.7797738073,100,4.09999999999999,TRUE,"","true",5,2,5,2,4,27,510027,710027
"DGMM",NA,0.864764667577543,0.035,0.327316053044942,0.425,-34020.1296675227,70126.401429298,12,1.49000000000001,TRUE,"","true",5,2,5,2,4,28,510028,710028
"RDMM",3.42551955039732,0.91768163397337,0.021,0.730697782448296,0.111,-31181.9739866135,64443.1823122006,100,4.15000000000001,TRUE,"","true",5,2,5,2,4,28,510028,710028
"DGMM",NA,0.887251156081381,0.029,0.305995868181647,0.476,-33246.8609313494,68579.8639569513,20,2.42999999999998,TRUE,"","true",5,2,5,2,4,29,510029,710029
"RDMM",4.09917606962922,0.94084080883089,0.015,0.742478100635843,0.106,-30665.7256652664,63410.6856695064,137,5.51999999999998,TRUE,"","true",5,2,5,2,4,29,510029,710029
"DGMM",NA,0.45648026887399,0.162,0.18636167949077,0.543,-33463.3893390143,69012.9207722812,26,3.13,TRUE,"","true",5,2,5,2,4,30,510030,710030
"RDMM",4.0278879536748,0.944728679084277,0.014,0.756687769395001,0.1,-30955.3760444965,63989.9864279666,139,5.61000000000001,TRUE,"","true",5,2,5,2,4,30,510030,710030
"DGMM",NA,0.887250217432133,0.029,0.338663275537604,0.463,-33747.0159750884,69580.1740444294,15,1.82999999999998,TRUE,"","true",5,2,5,2,4,31,510031,710031
"RDMM",3.94198313531352,0.940840489207494,0.015,0.718068001261092,0.118,-30882.1658937945,63843.5661265625,157,6.34,TRUE,"","true",5,2,5,2,4,31,510031,710031
"DGMM",NA,0.36427587081921,0.198,0.152050926349323,0.542,-33127.5143428614,68341.1707799755,27,3.19999999999999,TRUE,"","true",5,2,5,2,4,32,510032,710032
"RDMM",3.85148333281667,0.929225156559796,0.018,0.753023949950765,0.101,-30444.0540236478,62967.3423862692,125,5.11000000000001,TRUE,"","true",5,2,5,2,4,32,510032,710032
"DGMM",NA,0.282303042655296,0.234,0.120821447379296,0.6,-33024.3323409449,68134.8067761423,25,2.98000000000002,TRUE,"","true",5,2,5,2,4,33,510033,710033
"RDMM",3.87992937241007,0.849933935103185,0.039,0.687236842079576,0.13,-30835.1465012917,63749.527341557,207,8.26999999999998,TRUE,"","true",5,2,5,2,4,33,510033,710033
"DGMM",NA,0.67535963338418,0.089,0.434423526571962,0.27,-33144.1395109433,68374.4211161392,6,0.770000000000039,TRUE,"","true",5,2,5,2,4,34,510034,710034
"RDMM",4.24116255340373,0.933089095518966,0.017,0.765578737873893,0.096,-30461.8458994825,63002.9261379385,100,4.04000000000002,TRUE,"","true",5,2,5,2,4,34,510034,710034
"DGMM",NA,0.3788672676998,0.192,0.146461880366413,0.576,-33365.8408038144,68817.8237018814,23,2.90999999999997,TRUE,"","true",5,2,5,2,4,35,510035,710035
"RDMM",3.98238165543624,0.913849827889347,0.022,0.735060029438366,0.109,-30917.956702633,63915.1477442397,141,5.63999999999999,TRUE,"","true",5,2,5,2,4,35,510035,710035
"DGMM",NA,0.879723715289448,0.031,0.354571033816787,0.401,-33801.2541205853,69688.6503354233,12,1.56,TRUE,"","true",5,2,5,2,4,36,510036,710036
"RDMM",3.64049395657453,0.948624621021968,0.013,0.764176097141883,0.097,-30893.8959947121,63867.0263283978,215,8.61000000000001,TRUE,"","true",5,2,5,2,4,36,510036,710036
"DGMM",NA,0.00016622212498641,0.48,0.00028716779761222,0.735,-32151.5693455537,66389.28078536,33,4,TRUE,"","true",5,2,5,2,4,37,510037,710037
"RDMM",4.019293963056,0.952528512393186,0.012,0.767019371519233,0.095,-30674.0687879872,63427.371914948,129,5.18000000000001,TRUE,"","true",5,2,5,2,4,37,510037,710037
"DGMM",NA,0.887251345054423,0.029,0.339235267894701,0.5,-33247.4982555129,68581.1386052784,12,1.47999999999996,TRUE,"","true",5,2,5,2,4,38,510038,710038
"RDMM",4.20687078266394,0.925369394071926,0.019,0.717545370324421,0.119,-30608.9695633957,63297.173465765,192,7.75,TRUE,"","true",5,2,5,2,4,38,510038,710038
"DGMM",NA,0.00559836631580978,0.457,0.00322851338478546,0.716,-31738.9514860592,65564.0450663711,30,3.63999999999999,TRUE,"","true",5,2,5,2,4,39,510039,710039
"RDMM",3.77032032026197,0.925368816411182,0.019,0.741021302552183,0.106,-30597.3618929103,63273.9581247942,138,5.30000000000001,TRUE,"","true",5,2,5,2,4,39,510039,710039
"DGMM",NA,0.902401948249198,0.025,0.318114534112578,0.476,-32664.1121904509,67414.3664751545,14,1.56999999999999,TRUE,"","true",5,2,5,2,4,40,510040,710040
"RDMM",4.02525630614235,0.94472853234353,0.014,0.766521891655941,0.095,-30008.9739696264,62097.1822782263,137,4.48000000000002,TRUE,"","true",5,2,5,2,4,40,510040,710040
"DGMM",NA,0.29533759011794,0.228,0.130993406416243,0.562,-34698.4904557312,71483.1230057151,23,1.94999999999999,TRUE,"","true",5,2,5,2,4,41,510041,710041
"RDMM",3.85845935406721,0.913849814037651,0.022,0.722329645557713,0.115,-31158.1281489988,64395.4906369713,208,5.19,TRUE,"","true",5,2,5,2,4,41,510041,710041
"DGMM",NA,0.820657623163744,0.047,0.306366588071251,0.443,-32937.799243641,67961.7405815346,10,0.71999999999997,TRUE,"","true",5,2,5,2,4,42,510042,710042
"RDMM",4.2867673345959,0.964288253218386,0.009,0.541115854622563,0.272,-30394.7198860915,62868.6741111567,174,4.12,TRUE,"","true",5,2,5,2,4,42,510042,710042
"DGMM",NA,0.875971364686625,0.032,0.310472172583078,0.481,-33237.1560837061,68560.4542616649,32,2.34,TRUE,"","true",5,2,5,2,4,43,510043,710043
"RDMM",4.19739863941212,0.940840798451122,0.015,0.784646823701307,0.087,-30740.5462084476,63560.3267558689,170,7.4,TRUE,"","true",5,2,5,2,4,43,510043,710043
"DGMM",NA,0.817033502292129,0.048,0.28157987455782,0.503,-33811.7153860777,69709.572866408,14,1.73,TRUE,"","true",5,2,5,2,4,44,510044,710044
"RDMM",3.80366115524446,0.917680831546911,0.021,0.713800339112667,0.119,-30856.6834544389,63792.6012478515,126,5.09,TRUE,"","true",5,2,5,2,4,44,510044,710044
"DGMM",NA,0.906210205360963,0.024,0.396333834782448,0.476,-33279.8611501858,68645.8643946243,20,2.43,TRUE,"","true",5,2,5,2,4,45,510045,710045
"RDMM",3.87760560426377,0.925369371582861,0.019,0.71189849574191,0.12,-30530.1261254132,63139.4865898,174,7.02,TRUE,"","true",5,2,5,2,4,45,510045,710045
"DGMM",NA,0.421837582741085,0.175,0.200993141539717,0.561,-33143.6277289956,68373.3975522439,16,1.94,TRUE,"","true",5,2,5,2,4,46,510046,710046
"RDMM",3.50726267606632,0.944728527151765,0.014,0.775930351852095,0.092,-30467.9242997906,63015.0829385548,135,5.49,TRUE,"","true",5,2,5,2,4,46,510046,710046
"DGMM",NA,0.883483577025296,0.03,0.303888527344825,0.482,-33631.8792953879,69349.9006850283,24,3.03,TRUE,"","true",5,2,5,2,4,47,510047,710047
"RDMM",3.51882622899901,0.940840757614896,0.015,0.773257636142339,0.092,-30652.9762106801,63385.1867603338,216,8.67,TRUE,"","true",5,2,5,2,4,47,510047,710047
"DGMM",NA,0.857333667841232,0.037,0.3869916256018,0.454,-32908.5202502738,67903.1825948003,17,2.1,TRUE,"","true",5,2,5,2,4,48,510048,710048
"RDMM",3.92224670573457,0.92152149321267,0.02,0.742148827048133,0.107,-30478.0477551139,63035.3298492013,130,5.25,TRUE,"","true",5,2,5,2,4,48,510048,710048
"DGMM",NA,0.784782211743875,0.057,0.262519951753842,0.507,-33934.3367934326,69954.8156811179,16,2.02,TRUE,"","true",5,2,5,2,4,49,510049,710049
"RDMM",3.63379457530555,0.936960922531165,0.016,0.776855716021593,0.091,-30686.9276992816,63453.0897375369,280,11.14,TRUE,"","true",5,2,5,2,4,49,510049,710049
"DGMM",NA,0.875966328122423,0.032,0.300568948980054,0.477,-33630.0128116672,69346.1677175871,16,1.94,TRUE,"","true",5,2,5,2,4,50,510050,710050
"RDMM",3.86523414126816,0.9369583937931,0.016,0.745418390921913,0.105,-30711.9027934599,63503.0399258934,138,5.5,TRUE,"","true",5,2,5,2,4,50,510050,710050
"DGMM",NA,0.913849880926014,0.022,0.405907943220378,0.456,-33677.8578193528,69441.8577329582,27,3.30000000000001,TRUE,"","true",5,2,5,2,4,51,510051,710051
"RDMM",4.02961496528841,0.936960928519243,0.016,0.775639352191435,0.091,-30885.1288340596,63849.4920070929,271,10.77,TRUE,"","true",5,2,5,2,4,51,510051,710051
"DGMM",NA,0.887251266337423,0.029,0.310569555629555,0.476,-33287.8135695748,68661.7692334022,11,1.36,TRUE,"","true",5,2,5,2,4,52,510052,710052
"RDMM",3.96946218130415,0.940840846389229,0.015,0.762072890559796,0.097,-30619.4652513031,63318.1648415797,165,6.66999999999999,TRUE,"","true",5,2,5,2,4,52,510052,710052
"DGMM",NA,0.419376771092456,0.176,0.169198975886701,0.554,-32990.165654499,68066.4734032506,19,2.36999999999999,TRUE,"","true",5,2,5,2,4,53,510053,710053
"RDMM",4.13962796529374,0.933089050293113,0.017,0.716942625530977,0.118,-30674.2952555666,63427.8248501068,100,4.15000000000001,TRUE,"","true",5,2,5,2,4,53,510053,710053
"DGMM",NA,0.925369315735835,0.019,0.417937755291798,0.49,-32953.0730087311,67992.2881117148,17,2.05999999999999,TRUE,"","true",5,2,5,2,4,54,510054,710054
"RDMM",4.48616810645984,0.940840805382349,0.015,0.681852257468135,0.136,-30838.0216419097,63755.2776227931,100,4.03,TRUE,"","true",5,2,5,2,4,54,510054,710054
"DGMM",NA,-0.000305192133097166,0.489,-0.000986850123680407,0.734,-32254.3810302887,66594.90415483,28,3.42,TRUE,"","true",5,2,5,2,4,55,510055,710055
"RDMM",3.84112550071405,0.956440430891215,0.011,0.770887899616894,0.094,-30845.449350993,63770.1330409595,122,4.88,TRUE,"","true",5,2,5,2,4,55,510055,710055
"DGMM",NA,0.906210141409497,0.024,0.393215510325433,0.427,-32983.5972478064,68053.3365898654,27,3.28,TRUE,"","true",5,2,5,2,4,56,510056,710056
"RDMM",4.09828257096033,0.960360342629774,0.01,0.754482288949548,0.102,-30504.9182423729,63089.0708237194,100,4.09,TRUE,"","true",5,2,5,2,4,56,510056,710056
"DGMM",NA,0.000263728341860465,0.484,0.00200993613257475,0.718,-32275.2068200554,66636.5557343634,31,3.73999999999999,TRUE,"","true",5,2,5,2,4,57,510057,710057
"RDMM",3.60536874395547,0.925369340660973,0.019,0.758091227843066,0.099,-30985.8998602581,64051.0340594899,218,8.69999999999999,TRUE,"","true",5,2,5,2,4,57,510057,710057
"DGMM",NA,0.857333322697672,0.037,0.294480410496828,0.482,-33624.3773328244,69334.8967599015,24,2.97,TRUE,"","true",5,2,5,2,4,58,510058,710058
"RDMM",3.80747474021524,0.887251254595299,0.029,0.714848660776255,0.117,-30644.1319835361,63367.4983060458,183,7.19,TRUE,"","true",5,2,5,2,4,58,510058,710058
"DGMM",NA,0.515048762046994,0.141,0.194468513928125,0.554,-33105.7869452716,68297.7159847957,18,2.22,TRUE,"","true",5,2,5,2,4,59,510059,710059
"RDMM",3.77297006926972,0.933089084397016,0.017,0.709362990346603,0.122,-30705.6803526861,63490.5950443458,258,10.47,TRUE,"","true",5,2,5,2,4,59,510059,710059
"DGMM",NA,-0.000580858850309242,0.494,-0.000743096732798578,0.741,-32294.5574371897,66675.2569686321,32,3.86000000000001,TRUE,"","true",5,2,5,2,4,60,510060,710060
"RDMM",3.658895555943,0.940840796231763,0.015,0.699778609255469,0.127,-31019.8999613619,64119.0342616975,155,6.22,TRUE,"","true",5,2,5,2,4,60,510060,710060
"DGMM",NA,0.891026992922659,0.028,0.338863285298026,0.426,-33501.8471828371,69089.8364599267,14,1.73000000000002,TRUE,"","true",5,2,5,2,4,61,510061,710061
"RDMM",3.84298212081592,0.933089084397016,0.017,0.736317924832059,0.109,-30717.1279359964,63513.4902109664,207,8.23999999999998,TRUE,"","true",5,2,5,2,4,61,510061,710061
"DGMM",NA,0.906210217775035,0.024,0.385269610696548,0.387,-33219.5189468452,68525.179987943,11,1.47,TRUE,"","true",5,2,5,2,4,62,510062,710062
"RDMM",4.12373607907882,0.944728727380953,0.014,0.762424999727502,0.097,-30519.1626097275,63117.5595584285,100,3.94,TRUE,"","true",5,2,5,2,4,62,510062,710062
"DGMM",NA,0.408999283529914,0.18,0.167449599273115,0.54,-32816.5412138012,67719.224521855,23,2.78,TRUE,"","true",5,2,5,2,4,63,510063,710063
"RDMM",4.11076059992736,0.92536937188916,0.019,0.734676031900622,0.109,-30519.9292511587,63119.092841291,100,4.04000000000002,TRUE,"","true",5,2,5,2,4,63,510063,710063
"DGMM",NA,0.000582112484962942,0.467,0.0862280410299194,0.623,-32996.260396572,68078.6628873966,21,2.56,TRUE,"","true",5,2,5,2,4,64,510064,710064
"RDMM",4.34091201364339,0.000582112484962942,0.467,0.326775556531729,0.526,-30900.8508776364,63880.9360942464,111,4.5,TRUE,"","true",5,2,5,2,4,64,510064,710064
"DGMM",NA,0.872227291193796,0.033,0.29665722165646,0.477,-33971.5546558494,70029.2514059515,32,3.81,TRUE,"","true",5,2,5,2,4,65,510065,710065
"RDMM",3.49030944009473,0.933088750543715,0.017,0.773907784851825,0.091,-30749.9230460873,63579.0804311483,251,9.99000000000001,TRUE,"","true",5,2,5,2,4,65,510065,710065
"DGMM",NA,0.55908936566928,0.126,0.232389963352844,0.521,-32705.223605002,67496.5893042566,11,1.46000000000001,TRUE,"","true",5,2,5,2,4,66,510066,710066
"RDMM",4.08904303578398,0.921521488713448,0.02,0.686898423512867,0.132,-30120.7034050048,62320.6411489833,185,7.50999999999999,TRUE,"","true",5,2,5,2,4,66,510066,710066
"DGMM",NA,0.617413515538601,0.107,0.224180801760113,0.53,-34625.9777872505,71338.0976687536,10,1.22,TRUE,"","true",5,2,5,2,4,67,510067,710067
"RDMM",3.85717575237873,0.925369306374546,0.019,0.751167980725608,0.102,-30977.3978161917,64034.0299713569,115,4.72,TRUE,"","true",5,2,5,2,4,67,510067,710067
"DGMM",NA,0.933089082813683,0.017,0.398931642182282,0.483,-33614.6802108551,69315.5025159628,17,2.06999999999999,TRUE,"","true",5,2,5,2,4,68,510068,710068
"RDMM",3.8432867921382,0.9292252234994,0.018,0.700447720993013,0.126,-31085.0111016791,64249.2565423319,153,6.21000000000001,TRUE,"","true",5,2,5,2,4,68,510068,710068
"DGMM",NA,-0.000284895899554287,0.487,0.00075361764374811,0.73,-32766.2320383675,67618.6061709877,22,2.62,TRUE,"","true",5,2,5,2,4,69,510069,710069
"RDMM",3.65926096964793,0.913849853682578,0.022,0.7459783870966,0.104,-31323.7572184997,64726.748775973,166,6.66,TRUE,"","true",5,2,5,2,4,69,510069,710069
"DGMM",NA,-0.00074101345318136,0.497,-0.000299110717128801,0.74,-31960.0755535236,66006.2932012998,30,3.68000000000001,TRUE,"","true",5,2,5,2,4,70,510070,710070
"RDMM",3.80614178119071,0.929225173909982,0.018,0.721163878729938,0.116,-30787.1891807131,63653.6127003998,189,7.55999999999997,TRUE,"","true",5,2,5,2,4,70,510070,710070
"DGMM",NA,0.403843205087101,0.182,0.166202712819667,0.556,-32840.5910893309,67767.3242729144,19,2.30000000000001,TRUE,"","true",5,2,5,2,4,71,510071,710071
"RDMM",4.12384252223114,0.929225185398476,0.018,0.723848404095483,0.115,-30545.1688372941,63169.5720135619,129,5.18000000000001,TRUE,"","true",5,2,5,2,4,71,510071,710071
"DGMM",NA,0.902402456393544,0.025,0.369728071790243,0.477,-34049.2903543176,70184.7228028877,14,1.70000000000005,TRUE,"","true",5,2,5,2,4,72,510072,710072
"RDMM",3.80829711899791,0.936960777552633,0.016,0.760699364126567,0.098,-30890.3932551169,63860.0208492074,166,6.57999999999998,TRUE,"","true",5,2,5,2,4,72,510072,710072
"DGMM",NA,0.910026028111833,0.023,0.398449405663675,0.475,-33417.367831542,68920.8777573365,21,2.53000000000003,TRUE,"","true",5,2,5,2,4,73,510073,710073
"RDMM",3.91964755210868,0.921521522653875,0.02,0.78936298456653,0.085,-30745.8779604009,63570.9902597754,221,8.90999999999997,TRUE,"","true",5,2,5,2,4,73,510073,710073
"DGMM",NA,0.887251216990116,0.029,0.302382676478049,0.49,-33718.7003530547,69523.542800362,26,3.25,TRUE,"","true",5,2,5,2,4,74,510074,710074
"RDMM",3.82118397614142,0.960360353719972,0.01,0.766769572192069,0.096,-30295.3037686818,62669.8418763372,142,5.64999999999998,TRUE,"","true",5,2,5,2,4,74,510074,710074
"DGMM",NA,0.636436461500146,0.101,0.257194736076087,0.529,-33678.960767814,69444.0636298805,31,3.72000000000003,TRUE,"","true",5,2,5,2,4,75,510075,710075
"RDMM",3.82669778825842,0.933089088374658,0.017,0.732618291615227,0.111,-30914.7342688719,63908.7028767175,115,4.69,TRUE,"","true",5,2,5,2,4,75,510075,710075
"DGMM",NA,0.419360529825495,0.176,0.172691407692664,0.579,-33197.0124181308,68480.1669305143,27,3.22999999999996,TRUE,"","true",5,2,5,2,4,76,510076,710076
"RDMM",3.8062713947426,0.929225199695263,0.018,0.732197302151972,0.112,-30717.1732125053,63513.5807639842,121,4.89000000000004,TRUE,"","true",5,2,5,2,4,76,510076,710076
"DGMM",NA,0.872228112708219,0.033,0.329189771462591,0.426,-33795.5660809111,69677.2742560748,13,1.66999999999996,TRUE,"","true",5,2,5,2,4,77,510077,710077
"RDMM",3.8332758907562,0.917681664506696,0.021,0.747539196171334,0.103,-30839.009142676,63757.2526243255,100,4.06,TRUE,"","true",5,2,5,2,4,77,510077,710077
"DGMM",NA,0.403872907827413,0.182,0.168011958996913,0.512,-33450.927752113,68987.9975984786,13,1.58999999999997,TRUE,"","true",5,2,5,2,4,78,510078,710078
"RDMM",3.88840723794529,0.913849834518934,0.022,0.736227919661425,0.108,-30451.1591304494,62981.5525998724,108,4.38,TRUE,"","true",5,2,5,2,4,78,510078,710078
"DGMM",NA,0.799035259760912,0.053,0.331230156935918,0.454,-33273.8440076973,68633.8301096471,11,1.25,TRUE,"","true",5,2,5,2,4,79,510079,710079
"RDMM",4.13129210614328,0.917681620559604,0.021,0.574362325271595,0.21,-30816.1299001203,63711.4941392142,194,6.38999999999999,TRUE,"","true",5,2,5,2,4,79,510079,710079
"DGMM",NA,0.481164451890313,0.153,0.188065730931723,0.536,-33587.9278934958,69261.9978812443,20,1.69,TRUE,"","true",5,2,5,2,4,80,510080,710080
"RDMM",3.86026751681901,0.9215214435136,0.02,0.742076035631341,0.106,-30946.1995232622,63971.633385498,100,2.69999999999999,TRUE,"","true",5,2,5,2,4,80,510080,710080
"DGMM",NA,0.265364744107926,0.242,0.118711140603387,0.606,-33130.5797058763,68347.3015060051,45,3.20000000000005,TRUE,"","true",5,2,5,2,4,81,510081,710081
"RDMM",3.85776424393292,0.940840754576077,0.015,0.759454975965202,0.098,-30760.9726097209,63601.1795584155,177,4.17000000000002,TRUE,"","true",5,2,5,2,4,81,510081,710081
"DGMM",NA,-0.000765859609209693,0.493,0.000999721813261215,0.721,-32441.5828861827,66969.307866618,32,2.16999999999996,TRUE,"","true",5,2,5,2,4,82,510082,710082
"RDMM",3.77671307812103,0.944728728174909,0.014,0.799356280975677,0.081,-31137.4514027298,64354.1371444332,126,2.92000000000002,TRUE,"","true",5,2,5,2,4,82,510082,710082
"DGMM",NA,0.827928292749927,0.045,0.304948786265724,0.448,-34082.0477964946,70250.2376872418,11,0.800000000000011,TRUE,"","true",5,2,5,2,4,83,510083,710083
"RDMM",3.73007501155466,0.913849868860178,0.022,0.755485014289599,0.1,-30709.4516931982,63498.13772537,149,3.38999999999999,TRUE,"","true",5,2,5,2,4,83,510083,710083
"DGMM",NA,0.43749977131906,0.169,0.18031212534397,0.518,-33336.1510721936,68758.4442386398,24,1.44,TRUE,"","true",5,2,5,2,4,84,510084,710084
"RDMM",3.68762256705957,0.902401467419568,0.025,0.735274732920133,0.107,-30891.4876095814,63862.2095581365,206,8.28,TRUE,"","true",5,2,5,2,4,84,510084,710084
"DGMM",NA,0.813417716086372,0.049,0.298846583843497,0.449,-33748.5863984602,69583.314891173,10,1.29,TRUE,"","true",5,2,5,2,4,85,510085,710085
"RDMM",3.85251832592195,0.910026015977799,0.023,0.754309286826146,0.1,-30834.2251154929,63747.6845699595,100,4.08,TRUE,"","true",5,2,5,2,4,85,510085,710085
"DGMM",NA,0.725624825704538,0.074,0.25699884815865,0.475,-34362.1019650699,70810.3460243924,11,1.35,TRUE,"","true",5,2,5,2,4,86,510086,710086
"RDMM",3.79075001558171,0.906210136682038,0.024,0.732748520468826,0.11,-31065.1181147437,64209.4705684611,116,4.75,TRUE,"","true",5,2,5,2,4,86,510086,710086
"DGMM",NA,0.440351566259333,0.168,0.181915502312325,0.533,-33410.9888730071,68908.1198402668,25,3,TRUE,"","true",5,2,5,2,4,87,510087,710087
"RDMM",3.96824254714552,0.936960949281946,0.016,0.715014601107147,0.119,-30848.9301328188,63777.0946046111,146,5.89,TRUE,"","true",5,2,5,2,4,87,510087,710087
"DGMM",NA,0.838894987854008,0.042,0.370624723886892,0.491,-34385.0699115514,70856.2819173553,41,5.05,TRUE,"","true",5,2,5,2,4,88,510088,710088
"RDMM",3.63740074874261,0.902402359207568,0.025,0.766139293397255,0.095,-31158.7789457032,64396.79223038,111,4.52,TRUE,"","true",5,2,5,2,4,88,510088,710088
"DGMM",NA,0.87222836933713,0.033,0.312131694805511,0.47,-34026.5247333933,70139.1915610392,14,1.71,TRUE,"","true",5,2,5,2,4,89,510089,710089
"RDMM",3.96604940356425,0.925368833310538,0.019,0.782914124760884,0.088,-30869.7942415847,63818.8228221431,166,6.64,TRUE,"","true",5,2,5,2,4,89,510089,710089
"DGMM",NA,0.763640766637228,0.063,0.327200007673347,0.427,-33318.1713249826,68722.4847442178,18,2.24,TRUE,"","true",5,2,5,2,4,90,510090,710090
"RDMM",3.9479436745684,0.925369340660973,0.019,0.778174837048478,0.09,-30680.4965533984,63440.2274457704,105,4.19,TRUE,"","true",5,2,5,2,4,90,510090,710090
"DGMM",NA,0.917681600842785,0.021,0.393980120598195,0.408,-33576.8500783841,69239.8422510208,20,2.4,TRUE,"","true",5,2,5,2,4,91,510091,710091
"RDMM",4.03688625375401,0.9215214435136,0.02,0.741749161853684,0.106,-30617.4252883579,63314.0849156895,146,5.83,TRUE,"","true",5,2,5,2,4,91,510091,710091
"DGMM",NA,0.342847255845608,0.207,0.132136651161373,0.568,-32574.8955806285,67235.9332555095,27,3.19,TRUE,"","true",5,2,5,2,4,92,510092,710092
"RDMM",3.9252211552416,0.972168140836529,0.007,0.773344110391855,0.093,-30259.0866563609,62597.4076516953,156,6.23,TRUE,"","true",5,2,5,2,4,92,510092,710092
"DGMM",NA,0.917681603440021,0.021,0.309670207601798,0.481,-33857.2455363513,69800.6331669552,15,1.84,TRUE,"","true",5,2,5,2,4,93,510093,710093
"RDMM",3.78233171249226,0.944728677720549,0.014,0.786178704449393,0.087,-30808.9067560835,63697.0478511405,225,9,TRUE,"","true",5,2,5,2,4,93,510093,710093
"DGMM",NA,0.432395230212047,0.171,0.17969969289882,0.542,-32898.2629758391,67882.6680459308,27,3.28,TRUE,"","true",5,2,5,2,4,94,510094,710094
"RDMM",4.0265643812707,0.921521520962894,0.02,0.715646074802407,0.119,-30732.539465882,63544.3132707376,153,6.17,TRUE,"","true",5,2,5,2,4,94,510094,710094
"DGMM",NA,0.906210114127361,0.024,0.375739953938586,0.439,-32448.9418227632,66984.0257397789,13,1.58,TRUE,"","true",5,2,5,2,4,95,510095,710095
"RDMM",4.35476904919529,0.936960860215673,0.016,0.725254410384809,0.115,-30028.8050521198,62136.8444432133,160,6.56,TRUE,"","true",5,2,5,2,4,95,510095,710095
"DGMM",NA,0.857333049372064,0.037,0.380382678181425,0.395,-34150.8936949278,70387.9294841082,14,1.72,TRUE,"","true",5,2,5,2,4,96,510096,710096
"RDMM",3.87965527895996,0.921521475622168,0.02,0.694345781133744,0.128,-31031.469466758,64142.1732724896,128,5.16999999999999,TRUE,"","true",5,2,5,2,4,96,510096,710096
"DGMM",NA,0.940839907792039,0.015,0.414025836210794,0.424,-33360.1315855453,68806.4052653432,20,2.43000000000001,TRUE,"","true",5,2,5,2,4,97,510097,710097
"RDMM",4.04127886732674,0.933087761437896,0.017,0.725564501298759,0.115,-30800.7482971224,63680.7309332184,235,9.39,TRUE,"","true",5,2,5,2,4,97,510097,710097
"DGMM",NA,0.41679883185943,0.177,0.185308990528704,0.543,-32083.8978998445,66253.9378939416,24,2.94,TRUE,"","true",5,2,5,2,4,98,510098,710098
"RDMM",4.63614947756209,0.944728680679281,0.014,0.754537145633168,0.101,-30129.0615972968,62337.3575335671,241,9.55999999999999,TRUE,"","true",5,2,5,2,4,98,510098,710098
"DGMM",NA,0.887251445267143,0.029,0.669522684132063,0.139,-33576.6178286656,69239.3777515838,24,2.91999999999999,TRUE,"","true",5,2,5,2,4,99,510099,710099
"RDMM",3.99653782905168,0.902402385419261,0.025,0.75980675916608,0.097,-30843.5553184036,63766.3449757807,100,4.06,TRUE,"","true",5,2,5,2,4,99,510099,710099
"DGMM",NA,0.827927782683949,0.045,0.310387904253706,0.422,-33351.4471764473,68789.0364471473,13,1.65000000000001,TRUE,"","true",5,2,5,2,4,100,510100,710100
"RDMM",4.1256655151021,0.913849801370989,0.022,0.675685049930679,0.14,-30614.7758730973,63308.7860851682,251,9.97,TRUE,"","true",5,2,5,2,4,100,510100,710100
"DGMM",NA,0.898602681241326,0.026,0.411662638485574,0.492,-33005.391836574,68096.9257674007,25,3.01999999999998,TRUE,"","true",5,2,5,2,4,101,510101,710101
"RDMM",4.39315325638798,0.940840818083903,0.015,0.769361335848804,0.094,-30708.66149725,63496.5573334736,100,4.20999999999998,TRUE,"","true",5,2,5,2,4,101,510101,710101
"DGMM",NA,-0.000240744267695853,0.472,-0.000180641252044944,0.715,-31775.1134300102,65636.368954273,41,4.89000000000001,TRUE,"","true",5,2,5,2,4,102,510102,710102
"RDMM",3.88343084623207,0.952526144417865,0.012,0.786146801010525,0.085,-30482.7952888191,63044.8249166118,100,4.00999999999999,TRUE,"","true",5,2,5,2,4,102,510102,710102
"DGMM",NA,0.459142290379391,0.161,0.191665990108398,0.528,-33345.6342093474,68777.4105129473,19,2.31,TRUE,"","true",5,2,5,2,4,103,510103,710103
"RDMM",3.91736034513786,0.936960961870541,0.016,0.547063530491794,0.282,-30746.3503450306,63571.9350290349,131,5.28,TRUE,"","true",5,2,5,2,4,103,510103,710103
"DGMM",NA,0.32661404085033,0.214,0.14634916625426,0.529,-33523.8363124234,69133.8147190995,27,3.19,TRUE,"","true",5,2,5,2,4,104,510104,710104
"RDMM",4.02172571113173,0.906210202654406,0.024,0.608410377441555,0.173,-31137.0944812129,64353.4233013995,100,4.09999999999999,TRUE,"","true",5,2,5,2,4,104,510104,710104
"DGMM",NA,0.917681673961253,0.021,0.701338032042178,0.125,-33248.9264984094,68583.9950910714,21,2.53,TRUE,"","true",5,2,5,2,4,105,510105,710105
"RDMM",4.32581517010797,0.940840801148496,0.015,0.750955481195546,0.102,-30751.443981113,63582.1223011996,100,4.03,TRUE,"","true",5,2,5,2,4,105,510105,710105
"DGMM",NA,0.459199277759687,0.161,0.192063230759587,0.509,-33441.390162176,68968.9224186046,19,2.38,TRUE,"","true",5,2,5,2,4,106,510106,710106
"RDMM",3.60016664679774,0.925369296079998,0.019,0.712695411835245,0.12,-30728.465009051,63536.1643570756,115,4.62,TRUE,"","true",5,2,5,2,4,106,510106,710106
"DGMM",NA,0.620578199404065,0.106,0.263614265752509,0.431,-32952.7315330798,67991.6051604122,11,1.38,TRUE,"","true",5,2,5,2,4,107,510107,710107
"RDMM",4.06206324812511,0.887251149574033,0.029,0.748781994064156,0.103,-30356.4936732992,62792.2216855721,176,7.12,TRUE,"","true",5,2,5,2,4,107,510107,710107
"DGMM",NA,0.831575746699846,0.044,0.327131410635044,0.474,-33457.2369450747,69000.6159844019,14,1.72,TRUE,"","true",5,2,5,2,4,108,510108,710108
"RDMM",3.9609531324939,0.921521529814124,0.02,0.741414776138415,0.106,-30962.7051818026,64004.6447025788,124,5.02000000000001,TRUE,"","true",5,2,5,2,4,108,510108,710108
"DGMM",NA,0.739342328723584,0.07,0.255328742706772,0.521,-33533.800962932,69153.7440201165,12,1.47999999999999,TRUE,"","true",5,2,5,2,4,109,510109,710109
"RDMM",4.07347399758004,0.913849786653293,0.022,0.743862432037617,0.105,-30663.7543687503,63406.7430764742,128,5.25999999999999,TRUE,"","true",5,2,5,2,4,109,510109,710109
"DGMM",NA,0.722222742701687,0.075,0.327214682535037,0.394,-33742.9490131491,69572.0401205507,13,1.69,TRUE,"","true",5,2,5,2,4,110,510110,710110
"RDMM",3.94444019866692,0.929225213369113,0.018,0.735959609714731,0.109,-30959.0764809073,63997.3873007882,109,4.33000000000001,TRUE,"","true",5,2,5,2,4,110,510110,710110
"DGMM",NA,0.220259437536283,0.265,0.176747199393895,0.537,-33363.3285979258,68812.7992901042,15,1.95999999999998,TRUE,"","true",5,2,5,2,4,111,510111,710111
"RDMM",4.20534543707993,0.929225195804495,0.018,0.750760741478666,0.102,-30612.5337560293,63304.3018510323,239,9.5,TRUE,"","true",5,2,5,2,4,111,510111,710111
"DGMM",NA,0.891027103066011,0.028,0.328568779341886,0.427,-33267.8434713635,68621.8290369796,39,4.69999999999999,TRUE,"","true",5,2,5,2,4,112,510112,710112
"RDMM",4.03002585164156,0.902402364859231,0.025,0.71803131939431,0.117,-30536.7943920932,63152.8231231601,100,3.99000000000001,TRUE,"","true",5,2,5,2,4,112,510112,710112
"DGMM",NA,0.910025989176747,0.023,0.375262540146567,0.493,-33523.0260327733,69132.1941597992,14,1.72,TRUE,"","true",5,2,5,2,4,113,510113,710113
"RDMM",4.12565197625172,0.948624575793517,0.013,0.74085049794748,0.107,-30804.9047113358,63689.0437616452,189,7.5,TRUE,"","true",5,2,5,2,4,113,510113,710113
"DGMM",NA,0.891027091493501,0.028,0.350737882408416,0.485,-33294.4954477953,68675.1329898431,17,2.13000000000002,TRUE,"","true",5,2,5,2,4,114,510114,710114
"RDMM",3.87856913905709,0.921521541526431,0.02,0.759429890536408,0.098,-30557.7741402504,63194.7826194744,100,4,TRUE,"","true",5,2,5,2,4,114,510114,710114
"DGMM",NA,0.921521527851378,0.02,0.329820109693667,0.506,-33140.0684717427,68366.2790377379,16,1.97000000000003,TRUE,"","true",5,2,5,2,4,115,510115,710115
"RDMM",3.99108434386871,0.936960966045515,0.016,0.766575566940804,0.095,-30414.249975856,62907.7342906856,100,4.06,TRUE,"","true",5,2,5,2,4,115,510115,710115
"DGMM",NA,0.853629630389933,0.038,0.533169910515998,0.211,-32386.646486726,66859.4350677046,13,1.63,TRUE,"","true",5,2,5,2,4,116,510116,710116
"RDMM",4.51295681987975,0.936960949281946,0.016,0.74171630811263,0.106,-30266.5877317789,62612.4098025314,102,4.11000000000001,TRUE,"","true",5,2,5,2,4,116,510116,710116
"DGMM",NA,0.312944956478155,0.22,0.143128705410699,0.542,-33265.1585701276,68616.4592345078,29,3.42000000000002,TRUE,"","true",5,2,5,2,4,117,510117,710117
"RDMM",4.02620460885197,0.944728675554002,0.014,0.737833681439784,0.109,-30661.1594434961,63401.5532259657,129,5.39999999999998,TRUE,"","true",5,2,5,2,4,117,510117,710117
"DGMM",NA,0.9330890616854,0.017,0.653926610450794,0.15,-33260.8456202422,68607.833334737,16,1.95999999999998,TRUE,"","true",5,2,5,2,4,118,510118,710118
"RDMM",4.0789385301785,0.933089028594122,0.017,0.777847160332861,0.09,-30977.9403502001,64035.1150393738,100,4.06,TRUE,"","true",5,2,5,2,4,118,510118,710118
"DGMM",NA,0.00223062741351852,0.471,0.00137423904677658,0.724,-31963.6997790459,66013.5416523444,25,3.03999999999996,TRUE,"","true",5,2,5,2,4,119,510119,710119
"RDMM",4.20579259332258,0.960360360078196,0.01,0.771658358233313,0.094,-30631.9591920565,63343.1527230867,108,4.33999999999997,TRUE,"","true",5,2,5,2,4,119,510119,710119
"DGMM",NA,0.0085445897953331,0.451,0.00309264645381551,0.716,-32305.3879037794,66696.9179018115,33,3.90000000000003,TRUE,"","true",5,2,5,2,4,120,510120,710120
"RDMM",3.52029252507959,0.913849834518934,0.022,0.737864432066367,0.109,-30917.3977223427,63914.029783659,213,8.49000000000001,TRUE,"","true",5,2,5,2,4,120,510120,710120
"DGMM",NA,0.824288824658262,0.046,0.337084107270948,0.4,-33614.9135861893,69315.9692666312,13,1.59999999999997,TRUE,"","true",5,2,5,2,4,121,510121,710121
"RDMM",3.92530029928621,0.906210131052392,0.024,0.757722339389569,0.098,-30823.8026359839,63726.8396109414,188,7.56999999999999,TRUE,"","true",5,2,5,2,4,121,510121,710121
"DGMM",NA,0.902402395126596,0.025,0.417072860133914,0.401,-33715.4683440397,69517.0787823321,21,2.53999999999996,TRUE,"","true",5,2,5,2,4,122,510122,710122
"RDMM",3.94090413258321,0.917681691255011,0.021,0.752199534782932,0.101,-30907.1436057673,63893.5215505083,142,5.44999999999999,TRUE,"","true",5,2,5,2,4,122,510122,710122
"DGMM",NA,0.732471281370896,0.072,0.306692944667388,0.435,-34088.7285846247,70263.599263502,12,1.29000000000002,TRUE,"","true",5,2,5,2,4,123,510123,710123
"RDMM",3.71651374302706,0.879723616993605,0.031,0.749499256037459,0.102,-31061.2088892884,64201.6521175505,103,3.45999999999998,TRUE,"","true",5,2,5,2,4,123,510123,710123
"DGMM",NA,0.849931729343627,0.039,0.291132929653072,0.502,-34034.5216215622,70155.1853373771,15,1.36000000000001,TRUE,"","true",5,2,5,2,4,124,510124,710124
"RDMM",3.92831957951582,0.936960681112145,0.016,0.4527480341501,0.327,-31137.2225421229,64353.6794232194,100,2.75999999999999,TRUE,"","true",5,2,5,2,4,124,510124,710124
"DGMM",NA,0.763642937252182,0.063,0.286746375663184,0.424,-34803.1381011024,71692.4182964573,12,0.949999999999989,TRUE,"","true",5,2,5,2,4,125,510125,710125
"RDMM",3.60615590609902,0.917681612197773,0.021,0.755254819875944,0.1,-31402.9685462032,64885.17143138,100,2.44,TRUE,"","true",5,2,5,2,4,125,510125,710125
"DGMM",NA,0.349922224010179,0.204,0.139914162498329,0.572,-32303.5748529473,66693.2918001473,27,1.52,TRUE,"","true",5,2,5,2,4,126,510126,710126
"RDMM",4.07149534520871,0.952528485889829,0.012,0.801383300928336,0.08,-30391.2391897809,62861.7127185354,100,4.24,TRUE,"","true",5,2,5,2,4,126,510126,710126
"DGMM",NA,0.894810778846811,0.027,0.417045039251202,0.478,-33211.0977701192,68508.337634491,20,2.39,TRUE,"","true",5,2,5,2,4,127,510127,710127
"RDMM",4.28859066954976,0.936960954330119,0.016,0.644818989556866,0.158,-30685.4160250596,63450.0663890929,132,5.34,TRUE,"","true",5,2,5,2,4,127,510127,710127
"DGMM",NA,0.478390565272328,0.154,0.199344041706827,0.525,-33715.829509449,69517.8011131505,24,2.89,TRUE,"","true",5,2,5,2,4,128,510128,710128
"RDMM",3.78906377244526,0.902402306558825,0.025,0.744332812298584,0.105,-31342.3311286183,64763.8965962103,216,8.72,TRUE,"","true",5,2,5,2,4,128,510128,710128
"DGMM",NA,0.879723670491739,0.031,0.35710586350726,0.427,-33527.4705713083,69141.0832368693,16,1.95,TRUE,"","true",5,2,5,2,4,129,510129,710129
"RDMM",3.95814168616221,0.906210217775035,0.024,0.718775549408981,0.117,-30869.3559536226,63817.9462462189,100,4.03,TRUE,"","true",5,2,5,2,4,129,510129,710129
"DGMM",NA,0.842567334645382,0.041,0.321402113809974,0.443,-33077.1820266134,68240.5061474794,18,2.28,TRUE,"","true",5,2,5,2,4,130,510130,710130
"RDMM",4.3528013257501,0.964288266883599,0.009,0.799207210848534,0.081,-30209.2262411981,62497.6868213698,211,8.64,TRUE,"","true",5,2,5,2,4,130,510130,710130
"DGMM",NA,-0.00129036690098668,0.5,-0.000550659931945879,0.723,-32097.889375,66281.9208442527,44,5.26,TRUE,"","true",5,2,5,2,4,131,510131,710131
"RDMM",3.90457519206196,0.94472856823926,0.014,0.739194092572195,0.107,-30829.9299553577,63739.094249689,219,8.66,TRUE,"","true",5,2,5,2,4,131,510131,710131
"DGMM",NA,0.809810456237123,0.05,0.270945660257172,0.509,-34051.3171818103,70188.7764578732,15,1.86,TRUE,"","true",5,2,5,2,4,132,510132,710132
"RDMM",3.96630845520816,0.933088141489394,0.017,0.737454537125259,0.109,-30893.8035552609,63866.8414494953,103,4.17,TRUE,"","true",5,2,5,2,4,132,510132,710132
"DGMM",NA,0.868492737269693,0.034,0.34270876349512,0.426,-33309.9128293421,68705.9677529368,14,1.72000000000001,TRUE,"","true",5,2,5,2,4,133,510133,710133
"RDMM",4.29650089037414,0.925369346217438,0.019,0.745887295328411,0.105,-30570.770866063,63220.7760710996,126,5.08,TRUE,"","true",5,2,5,2,4,133,510133,710133
"DGMM",NA,0.445723603263811,0.166,0.192142232144502,0.512,-34020.990635229,70128.1233647106,24,2.89,TRUE,"","true",5,2,5,2,4,134,510134,710134
"RDMM",3.82379645677814,0.898602514453935,0.026,0.746835602374034,0.103,-30852.0093094009,63783.2529577754,100,4.08,TRUE,"","true",5,2,5,2,4,134,510134,710134
"DGMM",NA,0.887251226946346,0.029,0.372376809837274,0.467,-33800.6398117357,69687.421717724,15,1.85000000000001,TRUE,"","true",5,2,5,2,4,135,510135,710135
"RDMM",3.98565802648411,0.917681675909177,0.021,0.756541185276302,0.1,-31021.7579430316,64122.7502250368,126,5.09,TRUE,"","true",5,2,5,2,4,135,510135,710135
"DGMM",NA,0.864765104396431,0.035,0.367105892515609,0.484,-32050.9063916921,66187.9548776368,16,1.92,TRUE,"","true",5,2,5,2,4,136,510136,710136
"RDMM",4.75308525588449,0.948624582145536,0.013,0.773589934724816,0.092,-29906.401594557,61892.0375280877,151,6,TRUE,"","true",5,2,5,2,4,136,510136,710136
"DGMM",NA,0.373747768635244,0.194,0.19643188797752,0.516,-34157.6173879875,70401.3768702277,18,2.19,TRUE,"","true",5,2,5,2,4,137,510137,710137
"RDMM",3.53701349045298,0.913848553137554,0.022,0.756996000645133,0.098,-31042.1128926431,64163.4601242598,100,4.22,TRUE,"","true",5,2,5,2,4,137,510137,710137
"DGMM",NA,0.55012129665933,0.129,0.249597493775117,0.495,-34112.4295503925,70311.0011950375,10,1.25,TRUE,"","true",5,2,5,2,4,138,510138,710138
"RDMM",4.00449132655476,0.910026034464458,0.023,0.540740152086536,0.22,-31306.4238910051,64692.0821209837,136,5.53,TRUE,"","true",5,2,5,2,4,138,510138,710138
"DGMM",NA,0.386335038063212,0.189,0.154308274403119,0.554,-33010.0376547528,68106.2174037582,39,4.63999999999999,TRUE,"","true",5,2,5,2,4,139,510139,710139
"RDMM",4.01397759772883,0.952528533544707,0.012,0.743601347387521,0.106,-30744.8292679308,63568.8928748353,121,4.84,TRUE,"","true",5,2,5,2,4,139,510139,710139
"DGMM",NA,0.910025800778458,0.023,0.40774304968713,0.403,-32911.2138934622,67908.569881177,27,3.22,TRUE,"","true",5,2,5,2,4,140,510140,710140
"RDMM",3.9862420131134,0.933089097831747,0.017,0.726241814747577,0.114,-30446.3817777513,62971.9978944762,100,4.12,TRUE,"","true",5,2,5,2,4,140,510140,710140
"DGMM",NA,0.416738510171617,0.177,0.187264787690603,0.541,-33444.1975683201,68974.5372308929,21,2.56,TRUE,"","true",5,2,5,2,4,141,510141,710141
"RDMM",3.67490407083069,0.925369371582861,0.019,0.750544265938815,0.102,-31082.8529700455,64244.9402790646,100,4.07999999999998,TRUE,"","true",5,2,5,2,4,141,510141,710141
"DGMM",NA,0.523733279207209,0.138,0.215525498572293,0.515,-32367.4852816612,66821.1126575751,24,2.84999999999999,TRUE,"","true",5,2,5,2,4,142,510142,710142
"RDMM",4.35136736952906,0.952528486855622,0.012,0.761949676799293,0.098,-30390.7488815366,62860.7321020469,100,4.02000000000001,TRUE,"","true",5,2,5,2,4,142,510142,710142
"DGMM",NA,0.376427913530062,0.193,0.160522637987776,0.559,-33126.5362718195,68339.2146378917,19,2.30000000000001,TRUE,"","true",5,2,5,2,4,143,510143,710143
"RDMM",3.97441750511218,0.902402345813814,0.025,0.491938914382654,0.291,-30952.200332795,63983.6350045636,123,5.06,TRUE,"","true",5,2,5,2,4,143,510143,710143
"DGMM",NA,0.205554052471402,0.273,0.0847826771049463,0.594,-33520.5917878044,69127.3256698615,18,2.19,TRUE,"","true",5,2,5,2,4,144,510144,710144
"RDMM",3.84604258177029,0.906210171001214,0.024,0.765277894791313,0.095,-30825.606105088,63730.4465491496,114,4.54000000000002,TRUE,"","true",5,2,5,2,4,144,510144,710144
"DGMM",NA,0.824288093279959,0.046,0.436467663062114,0.277,-33459.1442337064,69004.4305616653,19,2.28999999999999,TRUE,"","true",5,2,5,2,4,145,510145,710145
"RDMM",3.85747512430247,0.921521527851378,0.02,0.739591922999019,0.107,-30338.1200954753,62755.4745299242,100,4.06999999999999,TRUE,"","true",5,2,5,2,4,145,510145,710145
"DGMM",NA,0.538324029276088,0.133,0.268497408791573,0.518,-33109.9408609173,68306.0238160873,61,7.55000000000001,TRUE,"","true",5,2,5,2,4,146,510146,710146
"RDMM",3.9274993666037,0.968224192638976,0.008,0.783675912639096,0.089,-30604.3272748544,63287.8888886824,135,5.47,TRUE,"","true",5,2,5,2,4,146,510146,710146
"DGMM",NA,0.879724102293058,0.031,0.365263512287582,0.453,-33535.4744501518,69157.0909945561,18,2.19,TRUE,"","true",5,2,5,2,4,147,510147,710147
"RDMM",3.74514884008603,0.94084078557884,0.015,0.735867113896352,0.109,-30706.7479204166,63492.7301798068,208,8.22,TRUE,"","true",5,2,5,2,4,147,510147,710147
"DGMM",NA,0.749708444965968,0.067,0.319520646673674,0.451,-33684.3948775077,69454.9318492679,18,2.22,TRUE,"","true",5,2,5,2,4,148,510148,710148
"RDMM",3.74774934446499,0.929225165491892,0.018,0.760778347034949,0.098,-30946.6479933277,63972.5303256291,205,8.18000000000001,TRUE,"","true",5,2,5,2,4,148,510148,710148
"DGMM",NA,0.328870910012467,0.213,0.134873014267389,0.575,-33116.9235687143,68319.9892316812,32,3.84999999999999,TRUE,"","true",5,2,5,2,4,149,510149,710149
"RDMM",3.84754673148418,0.940840806554625,0.015,0.760996663426973,0.098,-30716.954826123,63513.1439912197,100,4.02000000000001,TRUE,"","true",5,2,5,2,4,149,510149,710149
"DGMM",NA,0.846245979472504,0.04,0.334110867155278,0.428,-33390.2532829145,68866.6486600815,11,1.39000000000001,TRUE,"","true",5,2,5,2,4,150,510150,710150
"RDMM",3.81730553837457,0.95644043156163,0.011,0.789518825759402,0.085,-30577.6289572225,63234.4922534186,137,5.48000000000002,TRUE,"","true",5,2,5,2,4,150,510150,710150
"DGMM",NA,0.887251149313739,0.029,0.339415664525451,0.422,-32743.7707770688,67573.6836483901,20,2.44,TRUE,"","true",5,2,5,2,4,151,510151,710151
"RDMM",4.27125569107598,0.898602514453935,0.026,0.738501592139869,0.108,-30117.8847994419,62315.0039378573,138,5.53,TRUE,"","true",5,2,5,2,4,151,510151,710151
"DGMM",NA,0.443023942268314,0.167,0.18761490803208,0.552,-33539.7654529916,69165.6730002359,29,3.47,TRUE,"","true",5,2,5,2,4,152,510152,710152
"RDMM",3.86077698910732,0.917681656144874,0.021,0.626992065127887,0.164,-31220.764736447,64520.7638118676,119,5,TRUE,"","true",5,2,5,2,4,152,510152,710152
"DGMM",NA,0.831575545603478,0.044,0.35676031006169,0.389,-32878.6360818023,67843.4142578571,14,1.72,TRUE,"","true",5,2,5,2,4,153,510153,710153
"RDMM",3.98100829546661,0.921521477359704,0.02,0.74383656158285,0.105,-30269.9276056319,62619.0895502374,122,5.06999999999999,TRUE,"","true",5,2,5,2,4,153,510153,710153
"DGMM",NA,0.883483663332223,0.03,0.361541307424921,0.492,-32827.5047438987,67741.1515820501,19,2.28,TRUE,"","true",5,2,5,2,4,154,510154,710154
"RDMM",4.13788063166368,0.95252849043796,0.012,0.76723989814396,0.095,-30098.505962757,62276.2462644877,100,4.09999999999999,TRUE,"","true",5,2,5,2,4,154,510154,710154
"DGMM",NA,0.846246600649017,0.04,0.339420034416801,0.383,-33300.1556583987,68686.4534110499,13,1.61000000000001,TRUE,"","true",5,2,5,2,4,155,510155,710155
"RDMM",3.73766561586917,0.929225222927529,0.018,0.766176549565323,0.095,-30498.1102781467,63075.454895267,100,4.03,TRUE,"","true",5,2,5,2,4,155,510155,710155
"DGMM",NA,-0.000499790888045093,0.49,0.00103820862189763,0.724,-32129.1392684254,66344.4206311034,36,4.31,TRUE,"","true",5,2,5,2,4,156,510156,710156
"RDMM",3.73211501074058,0.921521501037238,0.02,0.707633948758341,0.122,-30746.0210645133,63571.2764680002,174,6.94,TRUE,"","true",5,2,5,2,4,156,510156,710156
"DGMM",NA,0.864764987354326,0.035,0.299521466148014,0.513,-33660.5719317127,69407.2859576779,27,3.27000000000001,TRUE,"","true",5,2,5,2,4,157,510157,710157
"RDMM",4.01292311395897,0.925369315735835,0.019,0.723970317344582,0.114,-30848.0884512513,63775.4112414762,117,4.70000000000002,TRUE,"","true",5,2,5,2,4,157,510157,710157
"DGMM",NA,0.435005613689506,0.17,0.179414334948952,0.56,-33254.2357150365,68594.6135243257,31,3.73000000000002,TRUE,"","true",5,2,5,2,4,158,510158,710158
"RDMM",3.86440578263221,0.936960960051381,0.016,0.776711957928148,0.091,-30526.7660060336,63132.7663510408,100,4.01999999999998,TRUE,"","true",5,2,5,2,4,158,510158,710158
"DGMM",NA,0.38624965601336,0.189,0.17497052358163,0.564,-33785.1793144483,69656.5007231491,28,3.38,TRUE,"","true",5,2,5,2,4,159,510159,710159
"RDMM",3.87780914487117,0.952528510168592,0.012,0.788015841718658,0.086,-31059.9075603213,64199.0494596161,105,4.25999999999999,TRUE,"","true",5,2,5,2,4,159,510159,710159
"DGMM",NA,0.849934476680992,0.039,0.375979248537681,0.448,-33269.3997624475,68624.9416191476,17,2.06,TRUE,"","true",5,2,5,2,4,160,510160,710160
"RDMM",4.16875245925781,0.948624576633644,0.013,0.75525423408741,0.101,-30898.141795715,63875.5179304036,107,4.45999999999998,TRUE,"","true",5,2,5,2,4,160,510160,710160
"DGMM",NA,0.898602552064052,0.026,0.364310059253832,0.501,-32567.3587164323,67220.8595271173,36,4.28000000000003,TRUE,"","true",5,2,5,2,4,161,510161,710161
"RDMM",4.02935251857148,0.925369298434679,0.019,0.75824103566874,0.099,-29966.2517502218,62011.7378394172,100,4.13999999999999,TRUE,"","true",5,2,5,2,4,161,510161,710161
"DGMM",NA,0.835231521408373,0.043,0.682141201521226,0.134,-33210.4510819177,68507.044258088,14,1.75,TRUE,"","true",5,2,5,2,4,162,510162,710162
"RDMM",4.25632431130095,0.917681626815139,0.021,0.762377328379593,0.097,-30790.289897439,63659.8141338517,100,4.08000000000004,TRUE,"","true",5,2,5,2,4,162,510162,710162
"DGMM",NA,0.401427146669325,0.183,0.165022637570246,0.582,-33151.9239082468,68389.9899107462,21,2.5,TRUE,"","true",5,2,5,2,4,163,510163,710163
"RDMM",3.91579093553433,0.933089032610389,0.017,0.77359458942018,0.092,-30724.83804114,63528.9104212537,100,4.04000000000002,TRUE,"","true",5,2,5,2,4,163,510163,710163
"DGMM",NA,0.864764768775746,0.035,0.292378588849903,0.498,-34397.4320630803,70881.0062204131,12,1.48999999999995,TRUE,"","true",5,2,5,2,4,164,510164,710164
"RDMM",3.44389267524272,0.917681684123184,0.021,0.752602249163236,0.102,-31172.3696084475,64423.9735558687,108,4.31,TRUE,"","true",5,2,5,2,4,164,510164,710164
"DGMM",NA,0.910025954701743,0.023,0.376602232965271,0.45,-33158.522377964,68403.1868501806,19,2.38,TRUE,"","true",5,2,5,2,4,165,510165,710165
"RDMM",3.97692639569534,0.952528488462993,0.012,0.777657601154462,0.091,-30496.6042622926,63072.4428635588,165,6.65000000000003,TRUE,"","true",5,2,5,2,4,165,510165,710165
"DGMM",NA,0.809809787096776,0.05,0.318912686618489,0.489,-33797.4155081967,69680.9731106459,15,1.84000000000003,TRUE,"","true",5,2,5,2,4,166,510166,710166
"RDMM",3.94548149366093,0.913849662286078,0.022,0.73273081393833,0.11,-31106.6973610156,64292.6290610049,100,3.88999999999999,TRUE,"","true",5,2,5,2,4,166,510166,710166
"DGMM",NA,0.333522543379072,0.211,0.14296639961659,0.517,-32949.3670635651,67984.8762213828,39,4.06,TRUE,"","true",5,2,5,2,4,167,510167,710167
"RDMM",3.89796673188845,0.917681633952254,0.021,0.752837556143675,0.101,-30680.8986727273,63441.0316844282,100,3.19999999999999,TRUE,"","true",5,2,5,2,4,167,510167,710167
"DGMM",NA,0.67865387106031,0.088,0.26892361302389,0.481,-33347.8909543628,68781.9240029781,12,0.9,TRUE,"","true",5,2,5,2,4,168,510168,710168
"RDMM",4.04806224049998,0.913849774222803,0.022,0.754265579624854,0.1,-30371.8274398227,62822.889218619,253,9,TRUE,"","true",5,2,5,2,4,168,510168,710168
"DGMM",NA,0.517902607524846,0.14,0.222399999080204,0.497,-33184.9390974106,68456.0202890738,11,1.43,TRUE,"","true",5,2,5,2,4,169,510169,710169
"RDMM",3.91796060515874,0.917681673961253,0.021,0.756954972310308,0.099,-30683.2979642281,63445.8302674299,100,4.05,TRUE,"","true",5,2,5,2,4,169,510169,710169
"DGMM",NA,0.31972358656571,0.217,0.150527006113375,0.551,-33650.8787914496,69387.8996771519,22,2.64,TRUE,"","true",5,2,5,2,4,170,510170,710170
"RDMM",3.81063723085191,0.917681626815139,0.021,0.719047204717861,0.118,-30974.1168558477,64027.468050669,106,4.34,TRUE,"","true",5,2,5,2,4,170,510170,710170
"DGMM",NA,0.894810764256083,0.027,0.377976622489262,0.482,-34003.3592452019,70092.8605846565,19,2.26,TRUE,"","true",5,2,5,2,4,171,510171,710171
"RDMM",4.0764514414824,0.944728693457917,0.014,0.73566609122471,0.11,-30864.546087326,63808.3265136256,113,4.69,TRUE,"","true",5,2,5,2,4,171,510171,710171
"DGMM",NA,0.448407966513321,0.165,0.180412243077908,0.566,-32805.1337552938,67696.4096048402,22,2.65,TRUE,"","true",5,2,5,2,4,172,510172,710172
"RDMM",4.01760895708271,0.940840784611426,0.015,0.751605228578194,0.102,-30371.5380809875,62822.3105009486,100,4.16,TRUE,"","true",5,2,5,2,4,172,510172,710172
"DGMM",NA,0.894810738272031,0.027,0.400755904277399,0.344,-33338.6335132199,68763.4091206924,23,2.83,TRUE,"","true",5,2,5,2,4,173,510173,710173
"RDMM",4.05564969261931,0.964288261359804,0.009,0.775876458981616,0.092,-30223.2522487988,62525.7388365713,160,6.42,TRUE,"","true",5,2,5,2,4,173,510173,710173
"DGMM",NA,0.357045878751528,0.201,0.17388040209604,0.532,-33895.2186244242,69876.579343101,30,3.6,TRUE,"","true",5,2,5,2,4,174,510174,710174
"RDMM",3.95576480057896,0.91384982467814,0.022,0.747628547959272,0.103,-30852.391397257,63784.0171334877,100,4.01,TRUE,"","true",5,2,5,2,4,174,510174,710174
"DGMM",NA,0.74624131677559,0.068,0.272687654396464,0.486,-33787.497439951,69661.1369741545,14,1.7,TRUE,"","true",5,2,5,2,4,175,510175,710175
"RDMM",3.91377990719123,0.921521173132497,0.02,0.732225312351523,0.111,-30701.1005680498,63481.4354750733,195,7.79,TRUE,"","true",5,2,5,2,4,175,510175,710175
"DGMM",NA,0.820656900264003,0.047,0.319659917884781,0.499,-33709.8775706816,69505.8972356157,10,1.31000000000001,TRUE,"","true",5,2,5,2,4,176,510176,710176
"RDMM",4.29526479798551,0.917681661798606,0.021,0.770780676702789,0.093,-30927.3781079326,63933.9905548388,123,4.91999999999999,TRUE,"","true",5,2,5,2,4,176,510176,710176
"DGMM",NA,0.598670172385849,0.113,0.264452903772885,0.508,-33444.4582954644,68975.0586851813,13,1.55,TRUE,"","true",5,2,5,2,4,177,510177,710177
"RDMM",4.0651583794336,0.960360314842291,0.01,0.751977024310359,0.102,-30373.5156497182,62826.2656384101,100,3.97,TRUE,"","true",5,2,5,2,4,177,510177,710177
"DGMM",NA,0.80621021675323,0.051,0.292091642483112,0.464,-34120.1890142493,70326.5201227512,15,1.86,TRUE,"","true",5,2,5,2,4,178,510178,710178
"RDMM",3.89148636608063,0.952528522363902,0.012,0.766824268417105,0.095,-30785.747687386,63650.7297137457,204,8.11,TRUE,"","true",5,2,5,2,4,178,510178,710178
"DGMM",NA,0.799035041820314,0.053,0.30551863377821,0.449,-34192.9411493078,70472.0243928682,15,1.88,TRUE,"","true",5,2,5,2,4,179,510179,710179
"RDMM",3.74316335001298,0.917681679900044,0.021,0.506833224290361,0.279,-31123.0587107604,64325.3517604944,100,4,TRUE,"","true",5,2,5,2,4,179,510179,710179
"DGMM",NA,0.39134292542723,0.187,0.161778002318167,0.519,-32663.9272829446,67413.9966601417,28,3.31999999999999,TRUE,"","true",5,2,5,2,4,180,510180,710180
"RDMM",3.92288476636339,0.921521463902292,0.02,0.726955703264287,0.113,-30298.8136047638,62676.8615485012,118,4.86,TRUE,"","true",5,2,5,2,4,180,510180,710180
"DGMM",NA,0.275965924779924,0.237,0.125499909675079,0.596,-33367.1370377253,68820.4161697032,41,4.93000000000001,TRUE,"","true",5,2,5,2,4,181,510181,710181
"RDMM",4.10936703347171,0.929225228373919,0.018,0.784000864594936,0.087,-31100.9003156806,64281.0349703348,100,4.03,TRUE,"","true",5,2,5,2,4,181,510181,710181
"DGMM",NA,0.906210212429586,0.024,0.375611775972584,0.45,-34109.7918273779,70305.7257490085,19,2.30000000000001,TRUE,"","true",5,2,5,2,4,182,510182,710182
"RDMM",3.78682529129974,0.95252852850113,0.012,0.746955375497446,0.105,-31126.4832001629,64332.2007392994,261,10.34,TRUE,"","true",5,2,5,2,4,182,510182,710182
"DGMM",NA,0.887251570785854,0.029,0.340289028431944,0.478,-33077.139357018,68240.4208082887,16,2.06,TRUE,"","true",5,2,5,2,4,183,510183,710183
"RDMM",3.93459904650097,0.929225232703799,0.018,0.745843760528738,0.104,-30446.5129262131,62972.2601913998,187,7.52,TRUE,"","true",5,2,5,2,4,183,510183,710183
"DGMM",NA,0.861045259528573,0.036,0.419348113295215,0.499,-33227.772405773,68541.6869057986,18,2.16,TRUE,"","true",5,2,5,2,4,184,510184,710184
"RDMM",4.21331022746438,0.944728688654299,0.014,0.574985955814097,0.236,-30756.3525241722,63591.939387318,135,5.44,TRUE,"","true",5,2,5,2,4,184,510184,710184
"DGMM",NA,0.00296148776262566,0.469,0.0041583631557165,0.705,-32562.9321278173,67212.0063498871,50,5.94,TRUE,"","true",5,2,5,2,4,185,510185,710185
"RDMM",3.57789934957638,0.933089044195771,0.017,0.743033969810812,0.106,-31295.8666585035,64670.9676559807,112,4.5,TRUE,"","true",5,2,5,2,4,185,510185,710185
"DGMM",NA,0.626888444812867,0.104,0.239608583152679,0.505,-34804.7817112446,71695.7055167418,12,1.47999999999999,TRUE,"","true",5,2,5,2,4,186,510186,710186
"RDMM",3.81458629947928,0.944728713384815,0.014,0.742386238243989,0.107,-31361.6429711074,64802.5202811884,264,10.63,TRUE,"","true",5,2,5,2,4,186,510186,710186
"DGMM",NA,0.853629336855744,0.038,0.65814897946775,0.145,-33384.8135998419,68855.7692939363,21,2.62,TRUE,"","true",5,2,5,2,4,187,510187,710187
"RDMM",3.8443230348144,0.929225229759345,0.018,0.770533515091452,0.094,-30697.8862599104,63475.0068587945,100,4.03,TRUE,"","true",5,2,5,2,4,187,510187,710187
"DGMM",NA,0.894810780600666,0.027,0.327652410941669,0.503,-32658.2701006496,67402.6822955518,15,1.84999999999999,TRUE,"","true",5,2,5,2,4,188,510188,710188
"RDMM",4.17399668014312,0.933089074420727,0.017,0.773116062111985,0.092,-30098.2643965275,62275.7631320286,193,7.72,TRUE,"","true",5,2,5,2,4,188,510188,710188
"DGMM",NA,0.312847227232716,0.22,0.30885220882162,0.364,-33067.9804025011,68222.1028992548,21,2.59999999999999,TRUE,"","true",5,2,5,2,4,189,510189,710189
"RDMM",3.98094924415385,0.952528511404562,0.012,0.757802309125619,0.1,-30718.5287945159,63516.2919280054,100,4,TRUE,"","true",5,2,5,2,4,189,510189,710189
"DGMM",NA,0.827928027653709,0.045,0.287554890983816,0.507,-34053.0887121046,70192.3195184617,20,2.44,TRUE,"","true",5,2,5,2,4,190,510190,710190
"RDMM",3.86484763866013,0.91002596136595,0.023,0.751669331542183,0.102,-31159.7943951387,64398.8231292511,100,4.06,TRUE,"","true",5,2,5,2,4,190,510190,710190
"DGMM",NA,0.898602567162711,0.026,0.394176035367666,0.36,-33042.5471802579,68171.2364547684,10,1.26999999999998,TRUE,"","true",5,2,5,2,4,191,510191,710191
"RDMM",3.98693095281272,0.936960919798378,0.016,0.784243231547937,0.087,-30030.0920246013,62139.4183881762,124,4.96000000000001,TRUE,"","true",5,2,5,2,4,191,510191,710191
"DGMM",NA,0.735903838157195,0.071,0.276601300395338,0.433,-33832.8523275511,69751.8467493548,11,1.38,TRUE,"","true",5,2,5,2,4,192,510192,710192
"RDMM",3.84086465414762,0.956440412823515,0.011,0.792643237612864,0.084,-30467.8502662644,63014.9348715024,142,5.72,TRUE,"","true",5,2,5,2,4,192,510192,710192
"DGMM",NA,0.472826005067903,0.156,0.311658574035992,0.408,-33782.4756754634,69651.0934451795,6,0.780000000000001,TRUE,"","true",5,2,5,2,4,193,510193,710193
"RDMM",4.1343455815221,0.936960912004273,0.016,0.741900551261232,0.107,-30779.8739979453,63638.9823348642,163,6.53,TRUE,"","true",5,2,5,2,4,193,510193,710193
"DGMM",NA,-0.00149815080694243,0.497,-0.000515420465586467,0.734,-32215.1633151627,66516.4687245781,21,2.55000000000001,TRUE,"","true",5,2,5,2,4,194,510194,710194
"RDMM",3.77167839879837,0.933088724630844,0.017,0.775442852237412,0.092,-31007.6224156754,64094.4791703245,216,8.69999999999999,TRUE,"","true",5,2,5,2,4,194,510194,710194
"DGMM",NA,0.698571978280694,0.082,0.293854389829997,0.48,-33444.2563564734,68974.6548071995,23,2.87,TRUE,"","true",5,2,5,2,4,195,510195,710195
"RDMM",3.97708227735176,0.933088961591909,0.017,0.767159262212546,0.095,-30798.9182206836,63677.0707803408,100,4,TRUE,"","true",5,2,5,2,4,195,510195,710195
"DGMM",NA,-0.000782249063714697,0.496,0.00132083568972693,0.728,-32419.0786188344,66924.2993319215,34,4.09,TRUE,"","true",5,2,5,2,4,196,510196,710196
"RDMM",3.77454885044266,0.89860257675543,0.026,0.756518485601404,0.1,-31117.3782076843,64313.9907543421,141,5.64000000000001,TRUE,"","true",5,2,5,2,4,196,510196,710196
"DGMM",NA,0.913849914973034,0.022,0.509506991933389,0.243,-32904.6458661973,67895.4338266471,20,2.45000000000002,TRUE,"","true",5,2,5,2,4,197,510197,710197
"RDMM",4.20700997791677,0.929225106510743,0.018,0.77986917587938,0.089,-30340.7213694105,62760.6770777946,101,4.03,TRUE,"","true",5,2,5,2,4,197,510197,710197
"DGMM",NA,0.698601152828824,0.082,0.265588610971697,0.49,-33195.954224935,68478.0505441226,19,2.30000000000001,TRUE,"","true",5,2,5,2,4,198,510198,710198
"RDMM",4.10697206247814,0.929225209692798,0.018,0.737242435347226,0.109,-30612.3428170248,63303.9199730232,180,7.15000000000001,TRUE,"","true",5,2,5,2,4,198,510198,710198
"DGMM",NA,0.354651637583169,0.202,0.143920392735482,0.569,-32949.7288530203,67985.5998002931,25,3.00999999999999,TRUE,"","true",5,2,5,2,4,199,510199,710199
"RDMM",4.09211017342131,0.936960914677433,0.016,0.726397665039733,0.114,-30512.0850785924,63103.4044961583,134,5.37,TRUE,"","true",5,2,5,2,4,199,510199,710199
"DGMM",NA,0.894804771799558,0.027,0.348956295175859,0.482,-33393.0090788358,68872.1602519241,16,1.94999999999999,TRUE,"","true",5,2,5,2,4,200,510200,710200
"RDMM",4.14022639027992,0.940839401474169,0.015,0.781901050296107,0.088,-30798.5046288669,63676.2435967074,178,7.08000000000004,TRUE,"","true",5,2,5,2,4,200,510200,710200
"DGMM",NA,0.788327830586466,0.056,0.340210030945787,0.479,-33389.2326765345,68864.6074473217,11,1.39999999999998,TRUE,"","true",5,2,5,2,4,201,510201,710201
"RDMM",3.97872173982269,0.917681470854077,0.021,0.755195401814357,0.1,-30529.19913484,63137.6326086537,207,8.38999999999999,TRUE,"","true",5,2,5,2,4,201,510201,710201
"DGMM",NA,0.364280044413216,0.198,0.147483448026319,0.564,-33060.2091316251,68206.5603575029,32,3.88999999999999,TRUE,"","true",5,2,5,2,4,202,510202,710202
"RDMM",3.8558695813015,0.940840782744888,0.015,0.785652437349538,0.087,-30401.5849711668,62882.4042813072,130,5.27999999999997,TRUE,"","true",5,2,5,2,4,202,510202,710202
"DGMM",NA,0.352268703407838,0.203,0.151498064125978,0.563,-33470.5679730378,69027.2780403283,28,3.41999999999996,TRUE,"","true",5,2,5,2,4,203,510203,710203
"RDMM",3.88039059997546,0.944728688148329,0.014,0.754881940687363,0.101,-30677.2978594945,63433.8300579626,100,4,TRUE,"","true",5,2,5,2,4,203,510203,710203
"DGMM",NA,0.952528530640484,0.012,0.647988329887537,0.154,-32625.1431297999,67336.4283538525,26,3.21999999999997,TRUE,"","true",5,2,5,2,4,204,510204,710204
"RDMM",4.41222981244938,0.940840846525805,0.015,0.798140151540945,0.081,-30607.09082773,63293.4159944335,120,4.86000000000001,TRUE,"","true",5,2,5,2,4,204,510204,710204
"DGMM",NA,0.902401870796291,0.025,0.407074783622964,0.376,-33446.2165451707,68978.5751845941,27,3.19999999999999,TRUE,"","true",5,2,5,2,4,205,510205,710205
"RDMM",3.96919295665605,0.921521389885187,0.02,0.748174411673203,0.103,-30562.5704168634,63204.3751727005,102,4.13,TRUE,"","true",5,2,5,2,4,205,510205,710205
"DGMM",NA,0.414223950814999,0.178,0.169339621900802,0.552,-33253.9910153774,68594.1241250075,24,2.91999999999996,TRUE,"","true",5,2,5,2,4,206,510206,710206
"RDMM",4.02246170272818,0.933089022312268,0.017,0.77538788429525,0.091,-30768.09339285,63615.4211246735,116,4.66000000000003,TRUE,"","true",5,2,5,2,4,206,510206,710206
"DGMM",NA,0.391347142211804,0.187,0.187287098315373,0.567,-33342.7785882422,68771.6992707369,30,3.19999999999999,TRUE,"","true",5,2,5,2,4,207,510207,710207
"RDMM",3.90399405438421,0.910025937669061,0.023,0.774977387271505,0.091,-30831.889153061,63743.0126450957,100,3.29999999999995,TRUE,"","true",5,2,5,2,4,207,510207,710207
"DGMM",NA,-0.000789329646548603,0.491,-1.681718808183e-05,0.727,-32254.1133539371,66594.3688021268,34,2.97999999999996,TRUE,"","true",5,2,5,2,4,208,510208,710208
"RDMM",4.01076910298016,0.906210178331476,0.024,0.748729547747678,0.102,-31125.9709192314,64331.1761774363,100,2.60000000000002,TRUE,"","true",5,2,5,2,4,208,510208,710208
"DGMM",NA,0.835231948021069,0.043,0.280965768460965,0.501,-33715.7638458569,69517.6697859663,13,0.96,TRUE,"","true",5,2,5,2,4,209,510209,710209
"RDMM",3.73861804041692,0.913847899464932,0.022,0.781892370513545,0.087,-30747.2765223114,63573.7873835965,127,4.22,TRUE,"","true",5,2,5,2,4,209,510209,710209
"DGMM",NA,0.88725117488038,0.029,0.305346565140793,0.473,-33641.1917515063,69368.5255972653,14,1.67,TRUE,"","true",5,2,5,2,4,210,510210,710210
"RDMM",4.10244103208565,0.921521504298419,0.02,0.750590378951047,0.102,-31075.7239868271,64230.6823126278,100,4.05,TRUE,"","true",5,2,5,2,4,210,510210,710210
"DGMM",NA,0.406521586666576,0.181,0.184945805696048,0.474,-33731.5900586813,69549.3222116152,32,3.84,TRUE,"","true",5,2,5,2,4,211,510211,710211
"RDMM",4.02937857121217,0.894810712551045,0.027,0.698438436073979,0.126,-31109.9393295545,64299.1129980825,100,3.99,TRUE,"","true",5,2,5,2,4,211,510211,710211
"DGMM",NA,0.481152062137457,0.153,0.198257949811232,0.526,-32806.8973227478,67699.9367397481,37,4.52,TRUE,"","true",5,2,5,2,4,212,510212,710212
"RDMM",4.17818309661683,0.948624580735441,0.013,0.756916308291917,0.1,-30322.4077999338,62724.0499388413,126,5.03,TRUE,"","true",5,2,5,2,4,212,510212,710212
"DGMM",NA,0.87597189636213,0.032,0.310418417156491,0.437,-32995.7370151513,68077.6161245552,14,1.88,TRUE,"","true",5,2,5,2,4,213,510213,710213
"RDMM",4.22219083760532,0.940840842838261,0.015,0.773835116815787,0.092,-30592.9792615252,63265.1928620241,100,3.98,TRUE,"","true",5,2,5,2,4,213,510213,710213
"DGMM",NA,0.910026093870971,0.023,0.418818181945311,0.458,-33109.624660167,68305.3914145866,18,2.34,TRUE,"","true",5,2,5,2,4,214,510214,710214
"RDMM",4.26300362150123,0.936960883864831,0.016,0.729423868872557,0.112,-30855.8689013065,63790.9721415867,133,5.46,TRUE,"","true",5,2,5,2,4,214,510214,710214
"DGMM",NA,0.883483600746965,0.03,0.308620804365804,0.479,-33433.0152009633,68952.1724961793,14,1.74,TRUE,"","true",5,2,5,2,4,215,510215,710215
"RDMM",3.98671220729655,0.906210134088251,0.024,0.740474149009927,0.108,-30530.628329882,63140.4909987375,178,7.11,TRUE,"","true",5,2,5,2,4,215,510215,710215
"DGMM",NA,0.838895337466716,0.042,0.31950131000063,0.449,-33819.6915743256,69725.5252429037,14,1.73,TRUE,"","true",5,2,5,2,4,216,510216,710216
"RDMM",3.96141918169981,0.925368598628478,0.019,0.72472079308024,0.115,-31055.8466637322,64190.927666438,100,4.05,TRUE,"","true",5,2,5,2,4,216,510216,710216
"DGMM",NA,0.314890937104447,0.219,0.133180001651458,0.587,-33018.9904858642,68124.1230659811,23,2.78,TRUE,"","true",5,2,5,2,4,217,510217,710217
"RDMM",3.86039867098558,0.902402395727437,0.025,0.755096316102531,0.099,-30638.7494342264,63356.7332074264,100,4.11000000000001,TRUE,"","true",5,2,5,2,4,217,510217,710217
"DGMM",NA,0.921521475094994,0.02,0.707684567574989,0.122,-32416.1429160021,66918.4279262569,14,1.7,TRUE,"","true",5,2,5,2,4,218,510218,710218
"RDMM",4.36579778402581,0.940840812245286,0.015,0.780257494898637,0.089,-30228.5611092867,62536.356557547,100,4.06,TRUE,"","true",5,2,5,2,4,218,510218,710218
"DGMM",NA,0.906210262988029,0.024,0.42024673851196,0.423,-32308.3763475626,66702.8947893779,17,2.14,TRUE,"","true",5,2,5,2,4,219,510219,710219
"RDMM",4.23444598217428,0.929225212630446,0.018,0.735947024892013,0.109,-29998.3248725241,62075.8840840219,101,3.97,TRUE,"","true",5,2,5,2,4,219,510219,710219
"DGMM",NA,0.857333578831406,0.037,0.344553046137412,0.458,-33371.4083991463,68828.9588925452,15,1.84,TRUE,"","true",5,2,5,2,4,220,510220,710220
"RDMM",4.10462434932887,0.968224203642699,0.008,0.781558489693756,0.089,-30278.0411859267,62635.316710827,100,4.03999999999999,TRUE,"","true",5,2,5,2,4,220,510220,710220
"DGMM",NA,0.317518064360948,0.218,0.131117238043075,0.556,-32672.6446149556,67431.4313241639,24,2.89,TRUE,"","true",5,2,5,2,4,221,510221,710221
"RDMM",4.0591546028678,0.94084080653945,0.015,0.744560203064916,0.106,-30722.7913845793,63524.8171081322,134,5.38000000000001,TRUE,"","true",5,2,5,2,4,221,510221,710221
"DGMM",NA,0.891026947088494,0.028,0.328891666839925,0.436,-33673.4476712652,69433.037436783,15,1.85000000000001,TRUE,"","true",5,2,5,2,4,222,510222,710222
"RDMM",3.90526782654855,0.929225202854171,0.018,0.760611012166599,0.098,-30603.0803360034,63285.3950109804,126,5.19,TRUE,"","true",5,2,5,2,4,222,510222,710222
"DGMM",NA,0.835231309353305,0.043,0.281882358928307,0.488,-33438.3142025037,68962.7704992601,12,1.5,TRUE,"","true",5,2,5,2,4,223,510223,710223
"RDMM",3.95887287387295,0.917681595521618,0.021,0.740021584860808,0.107,-30578.0334943076,63235.3013275888,195,7.86,TRUE,"","true",5,2,5,2,4,223,510223,710223
"DGMM",NA,0.763641353356527,0.063,0.299713748860525,0.499,-33211.4865351985,68509.1151646497,19,2.28,TRUE,"","true",5,2,5,2,4,224,510224,710224
"RDMM",4.05035685551588,0.917681667357316,0.021,0.53897595203941,0.272,-30846.52771141,63772.2897617937,121,4.92,TRUE,"","true",5,2,5,2,4,224,510224,710224
"DGMM",NA,-0.000338969731603311,0.491,0.00128090425846686,0.729,-32465.1712815644,67016.4846573814,29,3.43000000000001,TRUE,"","true",5,2,5,2,4,225,510225,710225
"RDMM",3.7681299580458,0.921521463952619,0.02,0.718870075242217,0.117,-31214.6410884619,64508.5165158974,174,7.06999999999999,TRUE,"","true",5,2,5,2,4,225,510225,710225
"DGMM",NA,0.649297960102539,0.097,0.252483494305344,0.472,-33033.4029106947,68152.9479156421,15,1.83999999999999,TRUE,"","true",5,2,5,2,4,226,510226,710226
"RDMM",4.15160236021425,0.906210122877074,0.024,0.75730294271633,0.099,-30694.6757046693,63468.5857483123,117,4.71000000000001,TRUE,"","true",5,2,5,2,4,226,510226,710226
"DGMM",NA,0.791891779288358,0.055,0.323062875277538,0.447,-33513.4927060137,69113.1275062801,16,1.94999999999999,TRUE,"","true",5,2,5,2,4,227,510227,710227
"RDMM",4.00613855737245,0.906210223404671,0.024,0.728839574921708,0.113,-30661.2545796022,63401.7434981781,115,4.61000000000001,TRUE,"","true",5,2,5,2,4,227,510227,710227
"DGMM",NA,0.61114639429195,0.109,0.267590294466652,0.498,-33269.9547300717,68626.051554396,13,1.61000000000001,TRUE,"","true",5,2,5,2,4,228,510228,710228
"RDMM",4.17209468845695,0.917681603440021,0.021,0.506807601404016,0.312,-30417.0005284956,62913.2353959649,100,4.06999999999999,TRUE,"","true",5,2,5,2,4,228,510228,710228
"DGMM",NA,0.835231158307719,0.043,0.293890992157938,0.496,-34160.3167343699,70406.7755629924,11,1.46000000000001,TRUE,"","true",5,2,5,2,4,229,510229,710229
"RDMM",3.76586559745184,0.952528504098332,0.012,0.805469394541527,0.078,-30982.8958965571,64045.0261320879,179,7.15000000000001,TRUE,"","true",5,2,5,2,4,229,510229,710229
"DGMM",NA,0.486713648157874,0.151,0.192170430107361,0.553,-33371.5528119062,68829.247718065,28,3.34,TRUE,"","true",5,2,5,2,4,230,510230,710230
"RDMM",4.01075516498883,0.936960955176029,0.016,0.767387007296788,0.095,-30687.077035338,63453.3884096497,161,6.62,TRUE,"","true",5,2,5,2,4,230,510230,710230
"DGMM",NA,0.906210211166527,0.024,0.309548429411725,0.458,-33172.6999155201,68431.5419252928,17,2.09,TRUE,"","true",5,2,5,2,4,231,510231,710231
"RDMM",3.88980723574485,0.936960955176029,0.016,0.768494640138741,0.094,-30611.8964145828,63303.0271681391,159,6.34999999999999,TRUE,"","true",5,2,5,2,4,231,510231,710231
"DGMM",NA,0.649285288017905,0.097,0.271042721446693,0.44,-33614.0371538247,69314.2164019019,10,1.26999999999998,TRUE,"","true",5,2,5,2,4,232,510232,710232
"RDMM",3.96176244014612,0.92152151975505,0.02,0.541140185081684,0.244,-30867.6859114959,63814.6061619655,201,7.98000000000002,TRUE,"","true",5,2,5,2,4,232,510232,710232
"DGMM",NA,0.322024196840193,0.216,0.137759699758613,0.547,-33477.7609378933,69041.6639700392,32,3.90000000000001,TRUE,"","true",5,2,5,2,4,233,510233,710233
"RDMM",3.95009215782552,0.921521478782696,0.02,0.718039801408325,0.117,-30678.2778189557,63435.789976885,100,4.04999999999998,TRUE,"","true",5,2,5,2,4,233,510233,710233
"DGMM",NA,0.913849628519236,0.022,0.365739174474707,0.48,-33081.9035949722,68249.9492841971,16,2,TRUE,"","true",5,2,5,2,4,234,510234,710234
"RDMM",3.88884694498602,0.921521454474804,0.02,0.779632440031743,0.089,-30364.7343381007,62808.703015175,102,4.03,TRUE,"","true",5,2,5,2,4,234,510234,710234
"DGMM",NA,0.857333380555651,0.037,0.350502062911461,0.386,-33766.5670834775,69619.2762612075,12,1.48999999999998,TRUE,"","true",5,2,5,2,4,235,510235,710235
"RDMM",3.6343424610485,0.906210252161815,0.024,0.732293358006254,0.11,-30963.1716554366,64005.5776498469,100,4.04000000000002,TRUE,"","true",5,2,5,2,4,235,510235,710235
"DGMM",NA,0.65252275575874,0.096,0.275929748456526,0.421,-32797.6544163184,67681.4509268894,12,1.48000000000002,TRUE,"","true",5,2,5,2,4,236,510236,710236
"RDMM",3.96510404719562,0.925369366198692,0.019,0.728024447471096,0.113,-30390.1163303947,62859.466999763,100,4.13,TRUE,"","true",5,2,5,2,4,236,510236,710236
"DGMM",NA,0.461912976032025,0.16,0.180680696972253,0.552,-33513.3582592943,69112.8586128412,35,4.18000000000001,TRUE,"","true",5,2,5,2,4,237,510237,710237
"RDMM",3.63245531809047,0.913849786653293,0.022,0.757749335783787,0.099,-30743.3933727015,63566.0210843766,192,7.67000000000002,TRUE,"","true",5,2,5,2,4,237,510237,710237
"DGMM",NA,0.91002596136595,0.023,0.375982570269916,0.378,-33437.1476202669,68960.4373347864,14,1.88,TRUE,"","true",5,2,5,2,4,238,510238,710238
"RDMM",4.05850221468539,0.952528502198712,0.012,0.777245094011138,0.09,-30651.9191173092,63383.0725735919,100,4.03,TRUE,"","true",5,2,5,2,4,238,510238,710238
"DGMM",NA,0.440316784088601,0.168,0.187890102669768,0.564,-33315.6376247469,68717.4173437465,23,2.89000000000001,TRUE,"","true",5,2,5,2,4,239,510239,710239
"RDMM",4.03783943421906,0.956440428812927,0.011,0.732670230977567,0.112,-31015.9139491339,64111.0622372415,144,5.78999999999999,TRUE,"","true",5,2,5,2,4,239,510239,710239
"DGMM",NA,0.742786998536276,0.069,0.256974638277908,0.52,-33587.000554701,69260.1432036545,16,1.97,TRUE,"","true",5,2,5,2,4,240,510240,710240
"RDMM",3.90651568797194,0.921521525012945,0.02,0.738487807822129,0.107,-30751.0774181857,63581.389175345,213,8.53,TRUE,"","true",5,2,5,2,4,240,510240,710240
"DGMM",NA,0.902402393248969,0.025,0.586827651091639,0.186,-32791.8344430933,67669.8109804392,22,2.72999999999999,TRUE,"","true",5,2,5,2,4,241,510241,710241
"RDMM",4.09961012268623,0.929225168405716,0.018,0.74791229015491,0.103,-30292.0486316737,62663.331602321,100,3.97,TRUE,"","true",5,2,5,2,4,241,510241,710241
"DGMM",NA,0.894810705832422,0.027,0.302541054782922,0.48,-33996.9794770706,70080.1010483937,13,1.60999999999999,TRUE,"","true",5,2,5,2,4,242,510242,710242
"RDMM",3.71298656086847,0.940840782744888,0.015,0.769840868648137,0.094,-30946.5827711483,63972.3998812701,127,5.06999999999999,TRUE,"","true",5,2,5,2,4,242,510242,710242
"DGMM",NA,0.393758138535253,0.186,0.173704335252119,0.521,-33271.7699031834,68629.6819006195,29,3.56,TRUE,"","true",5,2,5,2,4,243,510243,710243
"RDMM",3.7758258852344,0.948624612983118,0.013,0.796605857887559,0.082,-30768.3960022051,63616.0263433839,132,5.33000000000004,TRUE,"","true",5,2,5,2,4,243,510243,710243
"DGMM",NA,0.366590985197304,0.197,0.158859967610796,0.549,-33740.4791050429,69567.1003043384,26,3.11000000000001,TRUE,"","true",5,2,5,2,4,244,510244,710244
"RDMM",3.76580122697824,0.933089085993222,0.017,0.708412228257767,0.123,-30822.0411185657,63723.3165761049,110,4.32999999999998,TRUE,"","true",5,2,5,2,4,244,510244,710244
"DGMM",NA,0.183717259433482,0.285,0.0800849062440115,0.595,-33238.8129907172,68563.7680756869,25,2.98000000000002,TRUE,"","true",5,2,5,2,4,245,510245,710245
"RDMM",4.12054573867597,0.917681695736817,0.021,0.741273059662486,0.106,-30749.5141858336,63578.2627106408,148,6.13999999999999,TRUE,"","true",5,2,5,2,4,245,510245,710245
"DGMM",NA,0.749704727598908,0.067,0.266273843764448,0.465,-33586.0538615453,69258.2498173433,11,1.37,TRUE,"","true",5,2,5,2,4,246,510246,710246
"RDMM",4.04864142725206,0.936960888573437,0.016,0.768459344972425,0.094,-30663.1282990652,63405.490937104,137,5.62,TRUE,"","true",5,2,5,2,4,246,510246,710246
"DGMM",NA,0.809810742585418,0.05,0.27968770032878,0.483,-33858.5787334375,69803.2995611277,16,1.96999999999997,TRUE,"","true",5,2,5,2,4,247,510247,710247
"RDMM",3.94895434172262,0.917681653563478,0.021,0.511847765178087,0.29,-31094.2327277758,64267.6997945252,127,5.09000000000003,TRUE,"","true",5,2,5,2,4,247,510247,710247
"DGMM",NA,0.43504014140658,0.17,0.194035179142258,0.509,-33248.863470843,68583.8690359386,30,3.57999999999998,TRUE,"","true",5,2,5,2,4,248,510248,710248
"RDMM",3.84404663283931,0.92152151620575,0.02,0.736141815470657,0.109,-30782.0295349082,63643.2934087901,100,4.09999999999997,TRUE,"","true",5,2,5,2,4,248,510248,710248
"DGMM",NA,0.87597199066116,0.032,0.503117254668513,0.241,-33550.6239053841,69187.3899050208,18,2.19,TRUE,"","true",5,2,5,2,4,249,510249,710249
"RDMM",4.24996252156807,0.944728692638263,0.014,0.753614859569498,0.101,-31090.6677920108,64260.5699229952,104,4.13999999999999,TRUE,"","true",5,2,5,2,4,249,510249,710249
"DGMM",NA,0.481133446436367,0.153,0.201631137411603,0.529,-32757.0558679265,67600.2538301056,34,4.21000000000004,TRUE,"","true",5,2,5,2,4,250,510250,710250
"RDMM",3.98306143684478,0.940840827871836,0.015,0.731395909877739,0.111,-30315.8803082783,62710.9949555301,281,10.82,TRUE,"","true",5,2,5,2,4,250,510250,710250
"DGMM",NA,0.849934182579813,0.039,0.370408131192805,0.369,-33680.912375305,69447.9668448625,13,0.75,TRUE,"","true",5,2,5,2,4,251,510251,710251
"RDMM",3.70686144733965,0.925369353008673,0.019,0.725956178922377,0.113,-30805.8148352813,63690.8640095362,100,2.39,TRUE,"","true",5,2,5,2,4,251,510251,710251
"DGMM",NA,0.280159680833348,0.235,0.109552122818932,0.606,-33966.3699060307,70018.8819063139,28,3.46,TRUE,"","true",5,2,5,2,4,252,510252,710252
"RDMM",3.64631225238167,0.940840840618905,0.015,0.722968930716708,0.115,-31178.3283602125,64435.8910593987,177,7.13,TRUE,"","true",5,2,5,2,4,252,510252,710252
"DGMM",NA,0.403978139694716,0.182,0.167185808605735,0.559,-33577.1776652552,69240.4974247631,29,3.45,TRUE,"","true",5,2,5,2,4,253,510253,710253
"RDMM",3.81497568936913,0.906210119978046,0.024,0.714094336865473,0.119,-31205.9603681587,64491.1550752911,121,5,TRUE,"","true",5,2,5,2,4,253,510253,710253
"DGMM",NA,0.868492494845394,0.034,0.403287868400519,0.483,-33148.368573571,68382.8792413946,24,2.84,TRUE,"","true",5,2,5,2,4,254,510254,710254
"RDMM",4.20446530819593,0.936960920733226,0.016,0.705510156482647,0.124,-30474.3329426543,63027.9002242822,220,8.88,TRUE,"","true",5,2,5,2,4,254,510254,710254
"DGMM",NA,0.583264309219589,0.118,0.262395544361666,0.513,-32759.9782058538,67606.0985059603,21,2.64,TRUE,"","true",5,2,5,2,4,255,510255,710255
"RDMM",4.26388272175449,0.925369344666797,0.019,0.79481123774206,0.083,-30597.4021934599,63274.0387258935,100,4.08000000000001,TRUE,"","true",5,2,5,2,4,255,510255,710255
"DGMM",NA,-0.000419022861960466,0.493,0.000286284641356449,0.733,-32288.9330514253,66664.0081971032,36,4.25,TRUE,"","true",5,2,5,2,4,256,510256,710256
"RDMM",3.88708152700346,0.936960901838179,0.016,0.76909263095722,0.094,-30938.5580540724,63956.3504471183,108,4.37,TRUE,"","true",5,2,5,2,4,256,510256,710256
"DGMM",NA,0.317437857200421,0.218,0.152973289203385,0.543,-32956.6026135927,67999.347321438,33,3.91,TRUE,"","true",5,2,5,2,4,257,510257,710257
"RDMM",3.99237393890398,0.929225229759345,0.018,0.758212079269536,0.099,-30480.117192613,63039.4687241996,190,7.53,TRUE,"","true",5,2,5,2,4,257,510257,710257
"DGMM",NA,0.729043674109493,0.073,0.360171434457842,0.334,-33892.7200461594,69871.5821865713,16,2,TRUE,"","true",5,2,5,2,4,258,510258,710258
"RDMM",4.00469614911803,0.906209781435593,0.024,0.764403482250718,0.096,-30780.1534323098,63639.5412035932,126,4.99,TRUE,"","true",5,2,5,2,4,258,510258,710258
"DGMM",NA,0.872228231190277,0.033,0.318882583788342,0.441,-34003.586519406,70093.3151330646,11,1.38,TRUE,"","true",5,2,5,2,4,259,510259,710259
"RDMM",3.74095115613265,0.913849782944864,0.022,0.76074941628879,0.097,-31058.0881104223,64195.4105598183,168,6.62,TRUE,"","true",5,2,5,2,4,259,510259,710259
"DGMM",NA,0.846246159725134,0.04,0.311338006744783,0.493,-34306.5803865005,70699.3028672536,22,2.66,TRUE,"","true",5,2,5,2,4,260,510260,710260
"RDMM",3.82926018445784,0.933089061895653,0.017,0.746920455068737,0.104,-31175.1077472688,64429.4498335112,241,9.63,TRUE,"","true",5,2,5,2,4,260,510260,710260
"DGMM",NA,0.891026955870976,0.028,0.314188845001625,0.476,-34112.2254597678,70310.5930137883,20,2.39,TRUE,"","true",5,2,5,2,4,261,510261,710261
"RDMM",3.49908118921979,0.95252848285774,0.012,0.766838114621869,0.096,-31071.258960106,64221.7522591856,153,6.31999999999999,TRUE,"","true",5,2,5,2,4,261,510261,710261
"DGMM",NA,0.906210296806401,0.024,0.391098495608574,0.457,-33465.8323199786,69017.8067342099,23,2.81,TRUE,"","true",5,2,5,2,4,262,510262,710262
"RDMM",4.21418076487709,0.944728731527955,0.014,0.509291580670824,0.322,-30963.6394227111,64006.5131843957,131,5.27999999999999,TRUE,"","true",5,2,5,2,4,262,510262,710262
"DGMM",NA,0.406478327947525,0.181,0.163587161659586,0.567,-33616.8714983582,69319.885090969,21,2.55000000000001,TRUE,"","true",5,2,5,2,4,263,510263,710263
"RDMM",3.83515785393847,0.887251304708992,0.029,0.569028565153359,0.286,-30894.9611418902,63869.156622754,126,5.02,TRUE,"","true",5,2,5,2,4,263,510263,710263
"DGMM",NA,0.574155013871593,0.121,0.226674808325977,0.516,-33426.8019410878,68939.7459764282,21,2.52,TRUE,"","true",5,2,5,2,4,264,510264,710264
"RDMM",3.7284248362239,0.948624581259285,0.013,0.780351092864912,0.089,-30591.2489360514,63261.7322110765,100,4.05,TRUE,"","true",5,2,5,2,4,264,510264,710264
"DGMM",NA,0.451045609272142,0.164,0.183076063025108,0.535,-32601.6472893291,67289.4366729108,22,2.65000000000001,TRUE,"","true",5,2,5,2,4,265,510265,710265
"RDMM",3.9011107050772,0.910026040903629,0.023,0.733005407677887,0.11,-30403.7778044311,62886.7899478358,128,5.2,TRUE,"","true",5,2,5,2,4,265,510265,710265
"DGMM",NA,0.290984235112716,0.23,0.109162365226734,0.603,-33237.7193618514,68561.5808179555,28,3.34,TRUE,"","true",5,2,5,2,4,266,510266,710266
"RDMM",4.0463635020335,0.902402388123045,0.025,0.728249267607865,0.113,-30564.664902546,63208.5641440657,172,6.90000000000001,TRUE,"","true",5,2,5,2,4,266,510266,710266
"DGMM",NA,0.86849238039435,0.034,0.324210119326728,0.445,-33862.7673727987,69811.67683985,12,1.49000000000001,TRUE,"","true",5,2,5,2,4,267,510267,710267
"RDMM",3.91555894716739,0.9215215160749,0.02,0.719141812884559,0.117,-30967.0543302834,64013.3429995404,139,5.61999999999998,TRUE,"","true",5,2,5,2,4,267,510267,710267
"DGMM",NA,0.891027027593074,0.028,0.308980491543987,0.49,-34359.3614510017,70804.8649962561,15,1.86000000000001,TRUE,"","true",5,2,5,2,4,268,510268,710268
"RDMM",3.85347408200883,0.944728723656625,0.014,0.749586504183906,0.104,-30972.9882133872,64025.210765748,233,9.26999999999998,TRUE,"","true",5,2,5,2,4,268,510268,710268
"DGMM",NA,0.917680383370323,0.021,0.328488350425099,0.445,-33065.4785187429,68217.0991317384,15,1.98000000000002,TRUE,"","true",5,2,5,2,4,269,510269,710269
"RDMM",4.31878282369204,0.956439835587824,0.011,0.699727439855608,0.13,-30278.4705677797,62636.1754745331,136,5.5,TRUE,"","true",5,2,5,2,4,269,510269,710269
"DGMM",NA,0.685266014890326,0.086,0.279516179295311,0.425,-34395.8821136772,70877.9063216071,12,1.48000000000002,TRUE,"","true",5,2,5,2,4,270,510270,710270
"RDMM",3.93556421113949,0.948622630578457,0.013,0.769071716763994,0.093,-30955.8717693611,63990.9778776958,114,4.57999999999998,TRUE,"","true",5,2,5,2,4,270,510270,710270
"DGMM",NA,0.224108505971254,0.263,0.100179767075703,0.617,-33401.4895360949,68889.1211664425,25,2.98999999999998,TRUE,"","true",5,2,5,2,4,271,510271,710271
"RDMM",3.979193682245,0.948624580735441,0.013,0.78453885635812,0.087,-30749.1815932956,63577.5975255648,100,4.09,TRUE,"","true",5,2,5,2,4,271,510271,710271
"DGMM",NA,0.917681672488433,0.021,0.377162998230419,0.444,-33452.4404410878,68991.0229764282,16,1.94,TRUE,"","true",5,2,5,2,4,272,510272,710272
"RDMM",4.13616460520256,0.933089074420727,0.017,0.757987942512584,0.1,-30764.801112928,63608.8365648295,134,5.44,TRUE,"","true",5,2,5,2,4,272,510272,710272
"DGMM",NA,0.310321738328345,0.221,0.108834388998061,0.563,-33677.2090650293,69440.5602243113,14,1.72,TRUE,"","true",5,2,5,2,4,273,510273,710273
"RDMM",4.04210545006813,0.940840541516569,0.015,0.739612322455786,0.107,-30900.4944975332,63880.2233340401,172,6.81,TRUE,"","true",5,2,5,2,4,273,510273,710273
"DGMM",NA,0.864764777448136,0.035,0.302566266803639,0.508,-33487.8955075062,69061.933109265,12,1.5,TRUE,"","true",5,2,5,2,4,274,510274,710274
"RDMM",3.76817572298468,0.925369358450274,0.019,0.735313832258921,0.11,-30364.244484383,62807.7233077396,100,4.05000000000001,TRUE,"","true",5,2,5,2,4,274,510274,710274
"DGMM",NA,-0.00135370580067462,0.497,0.000960959328571733,0.707,-31863.4828798473,65813.1078539473,50,5.97,TRUE,"","true",5,2,5,2,4,275,510275,710275
"RDMM",3.84329488465041,0.917681427413558,0.021,0.770773692911622,0.093,-30686.5425659391,63452.3194708519,226,9.03999999999999,TRUE,"","true",5,2,5,2,4,275,510275,710275
"DGMM",NA,0.875972201513145,0.032,0.326069292484034,0.485,-33270.1637344757,68626.469563204,15,1.81,TRUE,"","true",5,2,5,2,4,276,510276,710276
"RDMM",4.17736998852215,0.925369297281268,0.019,0.766246214796879,0.095,-30600.5325225018,63280.2993839773,144,5.91999999999999,TRUE,"","true",5,2,5,2,4,276,510276,710276
"DGMM",NA,0.87222840178439,0.033,0.325774490064109,0.403,-34052.4935610535,70191.1292163595,12,1.47999999999999,TRUE,"","true",5,2,5,2,4,277,510277,710277
"RDMM",3.87181430574639,0.921521513266662,0.02,0.735806576634021,0.109,-31046.3177019379,64171.8697428493,126,5.13,TRUE,"","true",5,2,5,2,4,277,510277,710277
"DGMM",NA,-0.000611084805808804,0.498,0.000528916354228169,0.732,-31917.6744466247,65921.4909875021,49,5.78,TRUE,"","true",5,2,5,2,4,278,510278,710278
"RDMM",3.80130766293106,0.925369299655092,0.019,0.778665503392249,0.09,-30629.4754992577,63338.1853374891,176,7.01999999999998,TRUE,"","true",5,2,5,2,4,278,510278,710278
"DGMM",NA,0.00116066397731941,0.478,-0.000614121165323777,0.719,-32094.7492518774,66275.6405980074,24,3,TRUE,"","true",5,2,5,2,4,279,510279,710279
"RDMM",4.07375261409576,0.898602528156206,0.026,0.730729046621271,0.111,-30720.7282454622,63520.6908298981,254,10,TRUE,"","true",5,2,5,2,4,279,510279,710279
"DGMM",NA,0.347539128176108,0.205,0.139455759850268,0.558,-33838.4896728656,69763.1214399837,25,2.99000000000001,TRUE,"","true",5,2,5,2,4,280,510280,710280
"RDMM",3.85923941885094,0.933089044195771,0.017,0.785109905847036,0.087,-30929.6082852986,63938.4509095708,217,8.70999999999998,TRUE,"","true",5,2,5,2,4,280,510280,710280
"DGMM",NA,0.910025991623173,0.023,0.388890694316048,0.376,-33003.3626242703,68092.8673427932,20,2.51999999999998,TRUE,"","true",5,2,5,2,4,281,510281,710281
"RDMM",3.95348716602087,0.936960906158693,0.016,0.76708064607325,0.095,-30240.8825162814,62560.9993715364,100,3.98000000000002,TRUE,"","true",5,2,5,2,4,281,510281,710281
"DGMM",NA,0.835231948021069,0.043,0.325958194907201,0.465,-33084.0159107412,68254.1739157349,15,1.88999999999999,TRUE,"","true",5,2,5,2,4,282,510282,710282
"RDMM",3.95375215449053,0.936960926630346,0.016,0.747392813298715,0.104,-30093.4173498944,62266.0690387624,117,4.78000000000003,TRUE,"","true",5,2,5,2,4,282,510282,710282
"DGMM",NA,0.849933948008251,0.039,0.383574463356443,0.452,-33396.2287398676,68878.5995739878,20,2.46999999999997,TRUE,"","true",5,2,5,2,4,283,510283,710283
"RDMM",4.08342924010261,0.902402362737511,0.025,0.731701471459464,0.11,-30691.059198899,63461.3527367716,235,9.48000000000002,TRUE,"","true",5,2,5,2,4,283,510283,710283
"DGMM",NA,0.910026023611336,0.023,0.398759873017187,0.462,-33370.176643632,68826.4953815165,32,3.81999999999999,TRUE,"","true",5,2,5,2,4,284,510284,710284
"RDMM",3.99531879373212,0.925369291255773,0.019,0.757501298655974,0.099,-30936.4120065393,63952.0583520522,139,5.52999999999997,TRUE,"","true",5,2,5,2,4,284,510284,710284
"DGMM",NA,0.802620634942931,0.052,0.331588305122018,0.462,-33114.8723053208,68315.8867048941,13,1.64000000000004,TRUE,"","true",5,2,5,2,4,285,510285,710285
"RDMM",3.93162796255445,0.948624576633644,0.013,0.707439619318912,0.123,-30697.4790531177,63474.1924452091,100,4.03999999999996,TRUE,"","true",5,2,5,2,4,285,510285,710285
"DGMM",NA,0.883483445807812,0.03,0.532993778734954,0.22,-32945.4816530099,67977.1054002724,18,2.16000000000003,TRUE,"","true",5,2,5,2,4,286,510286,710286
"RDMM",4.44965117451332,0.952528481341696,0.012,0.776803187934085,0.091,-30655.8539699278,63390.9422788291,239,9.5,TRUE,"","true",5,2,5,2,4,286,510286,710286
"DGMM",NA,0.91002604775823,0.023,0.396036432517365,0.49,-33698.0158576131,69482.1738094787,22,2.68000000000001,TRUE,"","true",5,2,5,2,4,287,510287,710287
"RDMM",4.12201420411053,0.952528531569744,0.012,0.771417722095903,0.093,-30743.8621658101,63566.9586705938,116,4.31999999999999,TRUE,"","true",5,2,5,2,4,287,510287,710287
"DGMM",NA,0.806210260696465,0.051,0.366249213695561,0.39,-33399.324664997,68884.7914242465,18,1.81999999999999,TRUE,"","true",5,2,5,2,4,288,510288,710288
"RDMM",4.17398724367302,0.925369366198692,0.019,0.774373857810547,0.092,-30303.3614841179,62685.9573072094,123,3.77000000000004,TRUE,"","true",5,2,5,2,4,288,510288,710288
"DGMM",NA,0.902402364859231,0.025,0.573493161729814,0.195,-33279.8764978987,68645.8950900501,15,1.27999999999997,TRUE,"","true",5,2,5,2,4,289,510289,710289
"RDMM",3.97241051043225,0.94472871398294,0.014,0.766195579016635,0.096,-30537.018560655,63153.2714602837,100,2.61000000000001,TRUE,"","true",5,2,5,2,4,289,510289,710289
"DGMM",NA,0.435100411706795,0.17,0.184287866429538,0.516,-32746.5365880916,67579.2152704358,29,2.06,TRUE,"","true",5,2,5,2,4,290,510290,710290
"RDMM",4.15203506424685,0.921521451032443,0.02,0.727754518327906,0.113,-30602.2438118863,63283.7219627462,100,2.38,TRUE,"","true",5,2,5,2,4,290,510290,710290
"DGMM",NA,0.44295474972633,0.167,0.185203744277545,0.54,-33071.1251284258,68228.3923511042,17,1.28000000000003,TRUE,"","true",5,2,5,2,4,291,510291,710291
"RDMM",3.90077781364861,0.921521441124329,0.02,0.765632746860608,0.095,-30428.0632501265,62935.3608392267,100,2.32999999999998,TRUE,"","true",5,2,5,2,4,291,510291,710291
"DGMM",NA,0.902402396854014,0.025,0.366638222103763,0.484,-32885.2931296163,67856.7283534852,16,1.11000000000001,TRUE,"","true",5,2,5,2,4,292,510292,710292
"RDMM",4.01193918554682,0.952528403036965,0.012,0.766805929083581,0.096,-30074.1225101259,62227.4793592254,124,2.82999999999998,TRUE,"","true",5,2,5,2,4,292,510292,710292
"DGMM",NA,0.838894892570335,0.042,0.546179497640615,0.203,-33565.3796327066,69216.9013596658,19,1.18,TRUE,"","true",5,2,5,2,4,293,510293,710293
"RDMM",3.95500077696614,0.91384985072827,0.022,0.749763539222557,0.102,-30615.1129422292,63309.4602234321,103,2.79,TRUE,"","true",5,2,5,2,4,293,510293,710293
"DGMM",NA,0.481103968442116,0.153,0.197646403677873,0.546,-33441.0333955381,68968.2088853288,11,1.38,TRUE,"","true",5,2,5,2,4,294,510294,710294
"RDMM",4.34107022847355,0.917681677872937,0.021,0.733841830668225,0.109,-30313.9374201982,62707.1091793701,128,5.12,TRUE,"","true",5,2,5,2,4,294,510294,710294
"DGMM",NA,0.000946443703557609,0.477,-0.000106646693464032,0.735,-32269.9242282901,66625.9905508329,25,3.03,TRUE,"","true",5,2,5,2,4,295,510295,710295
"RDMM",4.0788993678044,0.902402408269987,0.025,0.759494003391966,0.098,-31014.3695210622,64107.973381098,115,4.63,TRUE,"","true",5,2,5,2,4,295,510295,710295
"DGMM",NA,0.386346790422114,0.189,0.15359112840406,0.566,-33855.5183547195,69797.1788036917,18,2.28,TRUE,"","true",5,2,5,2,4,296,510296,710296
"RDMM",3.69572348421988,0.921521449096114,0.02,0.744406889565024,0.105,-31053.5581537679,64186.3506465095,179,7.2,TRUE,"","true",5,2,5,2,4,296,510296,710296
"DGMM",NA,0.535385971940054,0.134,0.211639252377756,0.522,-32893.0729856707,67872.288065594,21,2.58,TRUE,"","true",5,2,5,2,4,297,510297,710297
"RDMM",3.85105854222472,0.925369311758724,0.019,0.754602285977994,0.101,-30259.5978933452,62598.4301256639,152,6.21,TRUE,"","true",5,2,5,2,4,297,510297,710297
"DGMM",NA,0.359340943061892,0.2,0.140241083154901,0.565,-32632.1147626355,67350.3716195236,41,5.02,TRUE,"","true",5,2,5,2,4,298,510298,710298
"RDMM",4.35154665935261,0.9292252234994,0.018,0.783899485239216,0.087,-30432.3300786595,62943.8944962926,272,10.76,TRUE,"","true",5,2,5,2,4,298,510298,710298
"DGMM",NA,0.299637796694938,0.226,0.116519525280511,0.58,-33464.8564816517,69015.8550575559,28,3.42,TRUE,"","true",5,2,5,2,4,299,510299,710299
"RDMM",3.97710432165129,0.913849861037272,0.022,0.745455813306399,0.104,-31161.5218186504,64402.2779762745,207,8.22999999999999,TRUE,"","true",5,2,5,2,4,299,510299,710299
"DGMM",NA,0.259459347313353,0.245,0.106162806630911,0.555,-33675.5172092918,69437.1765128362,28,3.35000000000001,TRUE,"","true",5,2,5,2,4,300,510300,710300
"RDMM",3.70405489532193,0.929225206343267,0.018,0.772575381387392,0.092,-31341.5429937859,64762.3203265454,100,4,TRUE,"","true",5,2,5,2,4,300,510300,710300
"DGMM",NA,0.853629395709105,0.038,0.30481252174154,0.511,-34063.6539999418,70213.4500941361,23,2.75,TRUE,"","true",5,2,5,2,4,301,510301,710301
"RDMM",3.85847168676146,0.902402300249985,0.025,0.700199742266028,0.126,-31039.5766550259,64158.3876490255,169,6.7,TRUE,"","true",5,2,5,2,4,301,510301,710301
"DGMM",NA,0.835231691261247,0.043,0.322076009570825,0.48,-33460.6330798106,69007.4082538738,17,2.11,TRUE,"","true",5,2,5,2,4,302,510302,710302
"RDMM",3.71646125854652,0.917681612197773,0.021,0.726523412886169,0.113,-30550.0451557621,63179.3246504979,100,4.01000000000001,TRUE,"","true",5,2,5,2,4,302,510302,710302
"DGMM",NA,0.894810375971254,0.027,0.310566451523593,0.458,-33791.4033467248,69668.9487877021,17,2.08,TRUE,"","true",5,2,5,2,4,303,510303,710303
"RDMM",3.97622816799969,0.948624587812274,0.013,0.767882950904599,0.095,-30949.6796455794,63978.5936301324,100,4.09,TRUE,"","true",5,2,5,2,4,303,510303,710303
"DGMM",NA,0.620572059437465,0.106,0.216180175458778,0.528,-33466.4175029325,69018.9771001177,13,1.59,TRUE,"","true",5,2,5,2,4,304,510304,710304
"RDMM",3.92423607707938,0.906210153823586,0.024,0.704922788600477,0.124,-30842.2294300135,63763.6931990007,118,4.94,TRUE,"","true",5,2,5,2,4,304,510304,710304
"DGMM",NA,0.87597194684625,0.032,0.365099368183079,0.406,-33235.7684510002,68557.6789962529,13,1.64,TRUE,"","true",5,2,5,2,4,305,510305,710305
"RDMM",4.23389812619378,0.891027006837999,0.028,0.730786269491568,0.11,-30721.0459411791,63521.3262213318,123,5,TRUE,"","true",5,2,5,2,4,305,510305,710305
"DGMM",NA,0.89102711451273,0.028,0.355411843734193,0.48,-33385.6436196595,68857.4293335716,13,1.59999999999999,TRUE,"","true",5,2,5,2,4,306,510306,710306
"RDMM",3.98930863888621,0.913849805514484,0.022,0.720868357167923,0.116,-30601.4651595835,63282.1646581405,100,4.02999999999999,TRUE,"","true",5,2,5,2,4,306,510306,710306
"DGMM",NA,0.349854267002971,0.204,0.147187659438485,0.579,-32425.9268643152,66937.9958228831,22,2.63000000000001,TRUE,"","true",5,2,5,2,4,307,510307,710307
"RDMM",4.08715647987214,0.925369383447172,0.019,0.714947391533086,0.119,-30197.027209389,62473.2887577516,135,5.36,TRUE,"","true",5,2,5,2,4,307,510307,710307
"DGMM",NA,0.894810867726717,0.027,0.413088985652595,0.441,-32799.2652599418,67684.6726141363,15,1.86000000000001,TRUE,"","true",5,2,5,2,4,308,510308,710308
"RDMM",4.16693232767344,0.944728683869289,0.014,0.775277149014457,0.092,-30294.5683500178,62668.3710390092,123,5.06999999999999,TRUE,"","true",5,2,5,2,4,308,510308,710308
"DGMM",NA,0.269615372140445,0.24,0.114817449755679,0.559,-33613.7078746184,69313.5578434894,24,2.84,TRUE,"","true",5,2,5,2,4,309,510309,710309
"RDMM",3.87251278494207,0.9369609637655,0.016,0.78863422931464,0.085,-30906.3747816552,63891.9839022839,106,4.36000000000001,TRUE,"","true",5,2,5,2,4,309,510309,710309
"DGMM",NA,0.944728680679281,0.014,0.350307850108474,0.477,-32832.8663460178,67751.8747862883,14,1.69,TRUE,"","true",5,2,5,2,4,310,510310,710310
"RDMM",4.28401553463305,0.956440399038085,0.011,0.54545867463368,0.277,-30449.3610939273,62977.9565268282,108,4.40000000000001,TRUE,"","true",5,2,5,2,4,310,510310,710310
"DGMM",NA,0.393859088319492,0.186,0.158459190726854,0.542,-33192.7518400542,68471.6457743611,27,3.24000000000001,TRUE,"","true",5,2,5,2,4,311,510311,710311
"RDMM",3.85196895840921,0.93696090226164,0.016,0.759438320481821,0.099,-31092.6486334082,64264.53160579,100,4.06,TRUE,"","true",5,2,5,2,4,311,510311,710311
"DGMM",NA,0.000144483851000071,0.484,1.03540891384145e-05,0.71,-32423.4968635271,66933.1358213068,23,2.79999999999998,TRUE,"","true",5,2,5,2,4,312,510312,710312
"RDMM",3.59972395071139,0.891026992922659,0.028,0.751402209721959,0.102,-31196.6559178022,64472.546174578,156,6.40000000000001,TRUE,"","true",5,2,5,2,4,312,510312,710312
"DGMM",NA,0.898602527011777,0.026,0.372076169716249,0.423,-33271.1544602424,68628.4510147374,26,3.10999999999999,TRUE,"","true",5,2,5,2,4,313,510313,710313
"RDMM",4.19295327573661,0.921521463952619,0.02,0.76252281966423,0.097,-30668.1202640789,63415.4748671314,105,4.35999999999999,TRUE,"","true",5,2,5,2,4,313,510313,710313
"DGMM",NA,0.910025998114279,0.023,0.676851791173496,0.137,-33274.8716887232,68635.8854716991,16,1.94,TRUE,"","true",5,2,5,2,4,314,510314,710314
"RDMM",4.03874203723334,0.936960944142815,0.016,0.772931460295557,0.092,-30533.0068243998,63145.2479877733,100,4.03,TRUE,"","true",5,2,5,2,4,314,510314,710314
"DGMM",NA,0.00103188439295439,0.478,0.0013438561182606,0.721,-32229.9795021519,66546.1010985565,22,2.75,TRUE,"","true",5,2,5,2,4,315,510315,710315
"RDMM",3.7470755607338,0.910026001022295,0.023,0.724079940582602,0.114,-30833.4740809769,63746.1825009273,188,7.50999999999999,TRUE,"","true",5,2,5,2,4,315,510315,710315
"DGMM",NA,0.925369324637672,0.019,0.379720223608071,0.383,-33356.2357665887,68798.61362743,14,1.75,TRUE,"","true",5,2,5,2,4,316,510316,710316
"RDMM",4.0611803789269,0.940840801148496,0.015,0.764881171493527,0.096,-30510.2166042585,63099.6675474907,104,4.16,TRUE,"","true",5,2,5,2,4,316,510316,710316
"DGMM",NA,0.875972186273924,0.032,0.362494891157324,0.417,-33186.0259639216,68458.1940220959,21,2.53,TRUE,"","true",5,2,5,2,4,317,510317,710317
"RDMM",4.07995907950286,0.940840818220479,0.015,0.770960731016781,0.093,-30485.4011259812,63050.0365909359,100,4.06,TRUE,"","true",5,2,5,2,4,317,510317,710317
"DGMM",NA,0.357059705668185,0.201,0.1413240508386,0.574,-32950.4923684219,67987.1268310965,20,2.41,TRUE,"","true",5,2,5,2,4,318,510318,710318
"RDMM",4.10179778041379,0.948624578175524,0.013,0.743391194713228,0.107,-30732.9729441555,63545.1802272846,243,9.59,TRUE,"","true",5,2,5,2,4,318,510318,710318
"DGMM",NA,-0.000291902097032085,0.489,0.000253935747048284,0.728,-31845.5607509746,65777.2635962019,33,4.02000000000001,TRUE,"","true",5,2,5,2,4,319,510319,710319
"RDMM",4.03192796639749,0.887251156081381,0.029,0.751899789002158,0.101,-30667.0966825376,63413.4277040487,239,9.59,TRUE,"","true",5,2,5,2,4,319,510319,710319
"DGMM",NA,0.93696090226164,0.016,0.384802149729721,0.415,-33427.8477005343,68941.8374953213,13,1.61000000000001,TRUE,"","true",5,2,5,2,4,320,510320,710320
"RDMM",4.10811229868518,0.944728680679281,0.014,0.756586359907066,0.1,-30427.816856564,62934.8680521017,146,5.91999999999999,TRUE,"","true",5,2,5,2,4,320,510320,710320
"DGMM",NA,0.90621006032088,0.024,0.357499113259843,0.415,-32856.9403931539,67800.0228805603,14,1.74000000000001,TRUE,"","true",5,2,5,2,4,321,510321,710321
"RDMM",3.9817738577259,0.952528515349925,0.012,0.74667553867027,0.105,-30033.8242488094,62146.8828365925,196,7.87,TRUE,"","true",5,2,5,2,4,321,510321,710321
"DGMM",NA,0.475582555890553,0.155,0.201313579084317,0.506,-33626.0540045844,69338.2501034215,17,2.14000000000001,TRUE,"","true",5,2,5,2,4,322,510322,710322
"RDMM",3.94354611279392,0.933089081616528,0.017,0.757243670452031,0.099,-30868.0330972174,63815.3005334085,168,6.72999999999999,TRUE,"","true",5,2,5,2,4,322,510322,710322
"DGMM",NA,0.517897274466071,0.14,0.237709314060781,0.477,-33057.8343803699,68201.8108549923,15,1.81999999999999,TRUE,"","true",5,2,5,2,4,323,510323,710323
"RDMM",4.04713692456066,0.925369338291937,0.019,0.781233922036868,0.089,-30436.6011904514,62952.4367198764,100,4.11000000000001,TRUE,"","true",5,2,5,2,4,323,510323,710323
"DGMM",NA,0.868492663164072,0.034,0.328791090838444,0.463,-33733.5455495471,69553.2331933468,19,2.25,TRUE,"","true",5,2,5,2,4,324,510324,710324
"RDMM",3.97506469674724,0.92536933175914,0.019,0.746710326566523,0.104,-31055.576620087,64190.3875791476,101,4.08000000000001,TRUE,"","true",5,2,5,2,4,324,510324,710324
"DGMM",NA,0.917681618136574,0.021,0.313634978520138,0.478,-33553.7629823549,69193.6680589625,17,2.18000000000001,TRUE,"","true",5,2,5,2,4,325,510325,710325
"RDMM",4.02653027655432,0.940840788344503,0.015,0.777444511204639,0.09,-30718.2427162122,63515.7197713979,100,3.95999999999998,TRUE,"","true",5,2,5,2,4,325,510325,710325
"DGMM",NA,0.795460728080435,0.054,0.294843862425263,0.431,-33539.9585386202,69166.059171493,16,2,TRUE,"","true",5,2,5,2,4,326,510326,710326
"RDMM",3.76547776536277,0.933089089919374,0.017,0.75761820253586,0.099,-30584.3742443764,63247.9828277265,185,7.29000000000002,TRUE,"","true",5,2,5,2,4,326,510326,710326
"DGMM",NA,0.445721059393547,0.166,0.180938584563342,0.562,-33302.4134570811,68690.9690084148,31,3.64999999999998,TRUE,"","true",5,2,5,2,4,327,510327,710327
"RDMM",3.99555516476519,0.948624581259285,0.013,0.756742030830742,0.1,-30872.8039475099,63824.8422339935,109,4.56999999999999,TRUE,"","true",5,2,5,2,4,327,510327,710327
"DGMM",NA,0.883483486240649,0.03,0.357739570934328,0.463,-33102.9997331523,68292.1415605572,14,1.70999999999998,TRUE,"","true",5,2,5,2,4,328,510328,710328
"RDMM",4.34097499421232,0.913849777139825,0.022,0.508472326611051,0.279,-30808.9666886008,63697.1677161753,100,4.08999999999997,TRUE,"","true",5,2,5,2,4,328,510328,710328
"DGMM",NA,0.92536930314404,0.019,0.38760501175015,0.452,-33782.5898909169,69651.3218760865,22,2.65999999999997,TRUE,"","true",5,2,5,2,4,329,510329,710329
"RDMM",4.09070267387089,0.91384977034449,0.022,0.524587564468109,0.288,-30630.2866738181,63339.8076866098,112,4.55000000000001,TRUE,"","true",5,2,5,2,4,329,510329,710329
"DGMM",NA,0.328861093972742,0.213,0.132677070515911,0.591,-33409.6837496339,68905.5095935204,26,3.08999999999997,TRUE,"","true",5,2,5,2,4,330,510330,710330
"RDMM",3.9270716001203,0.913849814037651,0.022,0.709115697135026,0.121,-30572.1249939537,63223.4843268811,234,9.38,TRUE,"","true",5,2,5,2,4,330,510330,710330
"DGMM",NA,0.409083507555234,0.18,0.166670193165811,0.551,-33526.6353747867,69139.412843826,24,2.96999999999997,TRUE,"","true",5,2,5,2,4,331,510331,710331
"RDMM",4.07044513588921,0.92536933325235,0.019,0.776660703656118,0.091,-31021.9678689801,64123.1700769337,104,4.24000000000001,TRUE,"","true",5,2,5,2,4,331,510331,710331
"DGMM",NA,0.853630119862053,0.038,0.390903967533955,0.419,-33134.7036398699,68355.5493739923,23,2.76999999999998,TRUE,"","true",5,2,5,2,4,332,510332,710332
"RDMM",4.27555969634072,0.940840224929158,0.015,0.79038626001256,0.084,-30785.0340800316,63649.3024990369,197,7.45000000000005,TRUE,"","true",5,2,5,2,4,332,510332,710332
"DGMM",NA,-0.000943027221839815,0.496,0.00171456412768745,0.73,-32293.7930062589,66673.7281067704,40,3.97999999999996,TRUE,"","true",5,2,5,2,4,333,510333,710333
"RDMM",3.7479149316833,0.921521521476227,0.02,0.735549598885669,0.11,-30995.5221072844,64070.2785535424,190,5.19,TRUE,"","true",5,2,5,2,4,333,510333,710333
"DGMM",NA,0.547156480585766,0.13,0.450964309377386,0.272,-33622.5536317597,69331.2493577719,6,0.66,TRUE,"","true",5,2,5,2,4,334,510334,710334
"RDMM",4.35567879683267,0.952528493705217,0.012,0.776879146295372,0.091,-30495.8295649543,63070.8934688822,194,5.78,TRUE,"","true",5,2,5,2,4,334,510334,710334
"DGMM",NA,0.91384974233858,0.022,0.349566089885378,0.392,-34092.3407857521,70270.8236657569,14,1.71,TRUE,"","true",5,2,5,2,4,335,510335,710335
"RDMM",3.79624720010611,0.95252852024738,0.012,0.7758240904023,0.091,-31062.8531602688,64204.9406595112,100,4.1,TRUE,"","true",5,2,5,2,4,335,510335,710335
"DGMM",NA,0.944728677720549,0.014,0.380386483966162,0.475,-33233.9271135606,68553.9963213738,15,1.81,TRUE,"","true",5,2,5,2,4,336,510336,710336
"RDMM",4.22368168789358,0.944728675104742,0.014,0.772621033601392,0.093,-30870.7675209405,63820.7693808546,106,4.24,TRUE,"","true",5,2,5,2,4,336,510336,710336
"DGMM",NA,0.846246483572418,0.04,0.29921777280122,0.484,-33554.0189840697,69194.180062392,17,2.07,TRUE,"","true",5,2,5,2,4,337,510337,710337
"RDMM",4.13959988816617,0.92152140641257,0.02,0.743346841174294,0.105,-30790.4611095377,63660.156558049,110,4.5,TRUE,"","true",5,2,5,2,4,337,510337,710337
"DGMM",NA,0.2390728491452,0.255,0.100928193420474,0.593,-32195.0528265041,66476.2477472609,33,3.95,TRUE,"","true",5,2,5,2,4,338,510338,710338
"RDMM",4.55714170644005,0.92922525132704,0.018,0.716641031661813,0.117,-30366.3387460237,62811.911831021,102,4.22,TRUE,"","true",5,2,5,2,4,338,510338,710338
"DGMM",NA,0.891026983692935,0.028,0.459870103128124,0.287,-32834.6258066453,67755.3937075432,15,2,TRUE,"","true",5,2,5,2,4,339,510339,710339
"RDMM",4.12974295003135,0.933089069872396,0.017,0.758675161884995,0.101,-30321.5529161956,62722.3401713649,100,4.14,TRUE,"","true",5,2,5,2,4,339,510339,710339
"DGMM",NA,0.872227884396114,0.033,0.292240262913862,0.504,-33818.1830582759,69722.5082108043,17,2.08,TRUE,"","true",5,2,5,2,4,340,510340,710340
"RDMM",3.68100926506879,0.902402314388546,0.025,0.748990428865646,0.102,-30859.9833478366,63799.2010346467,155,6.19,TRUE,"","true",5,2,5,2,4,340,510340,710340
"DGMM",NA,0.849933919859614,0.039,0.300712124912968,0.489,-33559.7206607998,69205.5834158522,18,2.19,TRUE,"","true",5,2,5,2,4,341,510341,710341
"RDMM",3.7736957785501,0.917681656667488,0.021,0.760215211804739,0.099,-30424.5032243009,62928.2407875755,178,7.03,TRUE,"","true",5,2,5,2,4,341,510341,710341
"DGMM",NA,0.894798518651965,0.027,0.629792892670479,0.16,-32770.8510167331,67627.8441277188,18,2.2,TRUE,"","true",5,2,5,2,4,342,510342,710342
"RDMM",4.12965951143025,0.936957776637018,0.016,0.748826665178431,0.102,-30249.9968036806,62579.2279463349,100,4.11,TRUE,"","true",5,2,5,2,4,342,510342,710342
"DGMM",NA,0.913849811315375,0.022,0.389400166987349,0.44,-33481.185627618,69048.5133494887,22,2.64000000000001,TRUE,"","true",5,2,5,2,4,343,510343,710343
"RDMM",3.96113605719332,0.929225185970347,0.018,0.755192984555153,0.101,-30471.5728388589,63022.3800166914,100,4.05,TRUE,"","true",5,2,5,2,4,343,510343,710343
"DGMM",NA,0.842565199955627,0.041,0.342610591341341,0.51,-34106.2180317295,70298.5781577116,16,1.92,TRUE,"","true",5,2,5,2,4,344,510344,710344
"RDMM",3.7952922180869,0.879723034527279,0.031,0.731786356260228,0.11,-31121.1390651392,64321.5124692521,110,4.47,TRUE,"","true",5,2,5,2,4,344,510344,710344
"DGMM",NA,0.917681626815139,0.021,0.383502505524085,0.456,-32644.2352068999,67374.6125080525,14,1.67,TRUE,"","true",5,2,5,2,4,345,510345,710345
"RDMM",4.56276762980523,0.929225220431267,0.018,0.556751005206956,0.257,-30476.8835103908,63033.0013597552,127,5.11,TRUE,"","true",5,2,5,2,4,345,510345,710345
"DGMM",NA,0.853630004852696,0.038,0.288601380095722,0.479,-33827.5123092431,69741.1667127389,22,2.69,TRUE,"","true",5,2,5,2,4,346,510346,710346
"RDMM",3.94456071579503,0.933089036047386,0.017,0.783397445432956,0.088,-30700.5232620322,63480.2808630381,228,9.06,TRUE,"","true",5,2,5,2,4,346,510346,710346
"DGMM",NA,0.78833373978345,0.056,0.272908523549391,0.496,-33232.9543379694,68552.0507701914,21,2.70999999999999,TRUE,"","true",5,2,5,2,4,347,510347,710347
"RDMM",3.99792537403091,0.898602517024025,0.026,0.744604128608762,0.104,-30675.0716207187,63429.3775804111,108,4.43000000000001,TRUE,"","true",5,2,5,2,4,347,510347,710347
"DGMM",NA,0.872228262334798,0.033,0.361278987211985,0.387,-33188.8201270765,68463.7823484056,13,1.58,TRUE,"","true",5,2,5,2,4,348,510348,710348
"RDMM",4.04150025223545,0.902402411555834,0.025,0.736687681646348,0.108,-30588.9587323287,63257.1518036311,238,9.45999999999999,TRUE,"","true",5,2,5,2,4,348,510348,710348
"DGMM",NA,0.89481078540353,0.027,0.378444751581851,0.468,-33512.5821504348,69111.3063951222,24,2.90000000000001,TRUE,"","true",5,2,5,2,4,349,510349,710349
"RDMM",4.0205973231875,0.92152146676086,0.02,0.568927901006356,0.212,-30855.655242043,63790.5448230597,104,4.19,TRUE,"","true",5,2,5,2,4,349,510349,710349
"DGMM",NA,0.000178543770692057,0.484,0.000806713512057943,0.727,-32116.5473563907,66319.236807034,29,3.56,TRUE,"","true",5,2,5,2,4,350,510350,710350
"RDMM",3.72649915563625,0.913849827889347,0.022,0.731139841615404,0.112,-30788.6040805811,63656.4425001358,100,4.05999999999999,TRUE,"","true",5,2,5,2,4,350,510350,710350
"DGMM",NA,0.940840754576077,0.015,0.420336967366179,0.436,-33130.3066823407,68346.755458934,14,1.68000000000001,TRUE,"","true",5,2,5,2,4,351,510351,710351
"RDMM",4.3117244941819,0.956440394847983,0.011,0.812868528880891,0.075,-30620.9095411407,63321.053421255,117,4.69,TRUE,"","true",5,2,5,2,4,351,510351,710351
"DGMM",NA,0.898602048967906,0.026,0.324508504254183,0.482,-33162.9182111449,68411.9785165425,13,1.59,TRUE,"","true",5,2,5,2,4,352,510352,710352
"RDMM",3.92887129373103,0.936960156872523,0.016,0.751795823245047,0.104,-30674.2825200839,63427.7993791415,200,7.95000000000002,TRUE,"","true",5,2,5,2,4,352,510352,710352
"DGMM",NA,0.88724994035846,0.029,0.314775723991106,0.462,-34151.6141404996,70389.3703752519,18,2.19,TRUE,"","true",5,2,5,2,4,353,510353,710353
"RDMM",3.64802587244664,0.894809846307026,0.027,0.735160896135385,0.109,-30969.1764526943,64017.5872443623,189,7.51000000000002,TRUE,"","true",5,2,5,2,4,353,510353,710353
"DGMM",NA,0.838895237162428,0.042,0.317058602554596,0.469,-33408.3648815564,68902.8718573653,17,2.10999999999999,TRUE,"","true",5,2,5,2,4,354,510354,710354
"RDMM",4.33045917580031,0.940840832185354,0.015,0.727104151356661,0.113,-30759.4932942291,63598.2209274318,127,5.28999999999999,TRUE,"","true",5,2,5,2,4,354,510354,710354
"DGMM",NA,0.917681667357316,0.021,0.328294038973854,0.469,-33393.0500937898,68872.2422818321,21,2.60999999999999,TRUE,"","true",5,2,5,2,4,355,510355,710355
"RDMM",4.12331745901862,0.925369324637672,0.019,0.7508342269384,0.102,-30811.0669826198,63701.3683042131,100,4.05000000000001,TRUE,"","true",5,2,5,2,4,355,510355,710355
"DGMM",NA,0.910025973880811,0.023,0.343821501008049,0.505,-33484.2869533572,69054.716000967,14,1.72999999999999,TRUE,"","true",5,2,5,2,4,356,510356,710356
"RDMM",4.19527258376803,0.917681603440021,0.021,0.736153841655702,0.109,-30831.4723576865,63742.1790543466,139,5.56,TRUE,"","true",5,2,5,2,4,356,510356,710356
"DGMM",NA,0.288616826102028,0.231,0.121122687263782,0.559,-32638.1188409721,67362.3797761968,30,3.55000000000001,TRUE,"","true",5,2,5,2,4,357,510357,710357
"RDMM",4.20673069323774,0.929225138668366,0.018,0.709339713960912,0.121,-30551.9109779217,63183.056294817,100,4.09,TRUE,"","true",5,2,5,2,4,357,510357,710357
"DGMM",NA,0.659001006945871,0.094,0.244566260750288,0.523,-33981.1068631083,70048.3558204692,19,2.25,TRUE,"","true",5,2,5,2,4,358,510358,710358
"RDMM",3.9055439544492,0.944728723876381,0.014,0.77508496737343,0.091,-31063.3485505738,64205.9314401213,100,4.08000000000001,TRUE,"","true",5,2,5,2,4,358,510358,710358
"DGMM",NA,0.725631081568697,0.074,0.306770825203611,0.493,-34145.8666573388,70377.8754089302,15,1.80000000000001,TRUE,"","true",5,2,5,2,4,359,510359,710359
"RDMM",4.08754552106223,0.944728723656625,0.014,0.736848050533074,0.109,-30951.4351301701,63982.1045993137,135,5.35999999999999,TRUE,"","true",5,2,5,2,4,359,510359,710359
"DGMM",NA,0.324338697653313,0.215,0.1357856551008,0.587,-33113.4072723075,68312.9566388676,33,3.97999999999999,TRUE,"","true",5,2,5,2,4,360,510360,710360
"RDMM",3.93985341370422,0.952528487259748,0.012,0.616038977749352,0.18,-30941.7952237137,63962.8247864011,123,4.91,TRUE,"","true",5,2,5,2,4,360,510360,710360
"DGMM",NA,0.373934571532705,0.194,0.15346738818146,0.574,-33036.6140818269,68159.3702579063,31,3.76000000000002,TRUE,"","true",5,2,5,2,4,361,510361,710361
"RDMM",3.94304141909554,0.917681675909177,0.021,0.513006936776346,0.313,-30857.2850243125,63793.8043875986,100,4.09999999999999,TRUE,"","true",5,2,5,2,4,361,510361,710361
"DGMM",NA,0.898602613941217,0.026,0.354633741207915,0.492,-33279.3848794883,68644.9118532291,30,3.55000000000001,TRUE,"","true",5,2,5,2,4,362,510362,710362
"RDMM",3.96997862936567,0.925369191109898,0.019,0.761235750147552,0.097,-30278.5905482947,62636.4154355631,100,4.12,TRUE,"","true",5,2,5,2,4,362,510362,710362
"DGMM",NA,0.898602537896863,0.026,0.375896545130955,0.431,-32877.66288579,67841.4678658327,16,2,TRUE,"","true",5,2,5,2,4,363,510363,710363
"RDMM",4.35003485285115,0.936960928519243,0.016,0.794348818398595,0.083,-30471.9727913057,63023.1799215851,145,5.92000000000002,TRUE,"","true",5,2,5,2,4,363,510363,710363
"DGMM",NA,0.409072272791768,0.18,0.159696009820244,0.539,-33399.1730812157,68884.4882566839,25,3.03,TRUE,"","true",5,2,5,2,4,364,510364,710364
"RDMM",3.87116658172286,0.917681626450892,0.021,0.7381287255472,0.108,-30849.3708824061,63777.9761037858,160,6.37,TRUE,"","true",5,2,5,2,4,364,510364,710364
"DGMM",NA,0.898602576136073,0.026,0.379546847784269,0.459,-32798.2453341902,67682.6327626331,12,1.5,TRUE,"","true",5,2,5,2,4,365,510365,710365
"RDMM",4.07342123699331,0.925369359096375,0.019,0.742372467314037,0.106,-30388.6942586798,62856.6228563333,100,4.07000000000002,TRUE,"","true",5,2,5,2,4,365,510365,710365
"DGMM",NA,0.842567202824111,0.041,0.328781814792208,0.505,-33682.4232168701,69450.9885279929,14,1.69999999999999,TRUE,"","true",5,2,5,2,4,366,510366,710366
"RDMM",3.72129503687469,0.933089041003355,0.017,0.755052131171573,0.101,-30772.5654721747,63624.3652833231,127,5.13,TRUE,"","true",5,2,5,2,4,366,510366,710366
"DGMM",NA,0.435062214732984,0.17,0.178465696132765,0.504,-33232.1689494669,68550.4799931864,23,2.75,TRUE,"","true",5,2,5,2,4,367,510367,710367
"RDMM",3.68987831545031,0.940840811027485,0.015,0.750906621628283,0.102,-30419.9994207823,62919.2331805383,121,4.90000000000001,TRUE,"","true",5,2,5,2,4,367,510367,710367
"DGMM",NA,0.381273015734577,0.191,0.169032991668253,0.53,-32774.2906573206,67634.7234088938,14,1.72999999999996,TRUE,"","true",5,2,5,2,4,368,510368,710368
"RDMM",4.20728332810944,0.929225163095476,0.018,0.781225648932961,0.089,-30425.2429606385,62929.7202602506,100,4.03000000000003,TRUE,"","true",5,2,5,2,4,368,510368,710368
"DGMM",NA,0.346916996802994,0.205,0.144170704931745,0.537,-33374.1214346718,68834.3849635961,35,4.18000000000001,TRUE,"","true",5,2,5,2,4,369,510369,710369
"RDMM",3.93002261134053,0.925368156339596,0.019,0.755527234627723,0.1,-30998.3206841717,64075.875707317,112,4.49000000000001,TRUE,"","true",5,2,5,2,4,369,510369,710369
"DGMM",NA,0.887251226946346,0.029,0.298350200530491,0.489,-33226.5849643274,68539.3120229074,26,3.11000000000001,TRUE,"","true",5,2,5,2,4,370,510370,710370
"RDMM",3.97108289296424,0.91002600663061,0.023,0.759589476701895,0.098,-30331.5312492314,62742.2968374364,100,4.24000000000001,TRUE,"","true",5,2,5,2,4,370,510370,710370
"DGMM",NA,-0.0003430439755212,0.489,-0.000863231014008319,0.734,-32334.5997940551,66755.3416823628,26,3.09999999999997,TRUE,"","true",5,2,5,2,4,371,510371,710371
"RDMM",3.87723137444861,0.933089068331971,0.017,0.736102580094625,0.109,-31089.5126968178,64258.2597326093,174,7.01999999999998,TRUE,"","true",5,2,5,2,4,371,510371,710371
"DGMM",NA,0.756657030594937,0.065,0.42743119544393,0.286,-33772.9441641501,69632.0304225527,6,0.79000000000002,TRUE,"","true",5,2,5,2,4,372,510372,710372
"RDMM",4.05655467299213,0.925369311758724,0.019,0.746426824785108,0.104,-30768.6844867161,63616.6033124059,136,5.37,TRUE,"","true",5,2,5,2,4,372,510372,710372
"DGMM",NA,0.261578730916991,0.244,0.107332733033996,0.581,-33557.9353287296,69202.0127517117,29,3.50999999999999,TRUE,"","true",5,2,5,2,4,373,510373,710373
"RDMM",4.11722932610463,0.925369296079998,0.019,0.720521806252701,0.116,-30997.8598577632,64074.9540545,100,4.07999999999998,TRUE,"","true",5,2,5,2,4,373,510373,710373
"DGMM",NA,0.701951916142923,0.081,0.307074422393033,0.413,-33017.6887872831,68121.5196688187,15,1.81,TRUE,"","true",5,2,5,2,4,374,510374,710374
"RDMM",4.16493708783811,0.956440399038085,0.011,0.74661528582484,0.105,-30689.1399102138,63457.5141594012,173,6.97999999999996,TRUE,"","true",5,2,5,2,4,374,510374,710374
"DGMM",NA,0.725634708103001,0.074,0.262081181378844,0.506,-33835.1163446413,69756.3747835353,24,2.89999999999998,TRUE,"","true",5,2,5,2,4,375,510375,710375
"RDMM",3.90698746020487,0.925369306374546,0.019,0.753289917375859,0.101,-30861.6123534489,63802.4590458714,116,4.66000000000003,TRUE,"","true",5,2,5,2,4,375,510375,710375
"DGMM",NA,0.933089101710698,0.017,0.584941031907397,0.19,-32809.220313176,67704.5827206046,16,1.05,TRUE,"","true",5,2,5,2,4,376,510376,710376
"RDMM",4.01479402160738,0.925369393593333,0.019,0.789294376665651,0.084,-30288.8685672597,62656.971473493,105,2.54,TRUE,"","true",5,2,5,2,4,376,510376,710376
"DGMM",NA,0.443045621377857,0.167,0.192082698556807,0.535,-32844.2150799876,67774.5722542278,25,2.98,TRUE,"","true",5,2,5,2,4,377,510377,710377
"RDMM",4.20736402645002,0.921521455286325,0.02,0.731201693591456,0.111,-30673.8406923717,63426.915723717,112,4.6,TRUE,"","true",5,2,5,2,4,377,510377,710377
"DGMM",NA,0.948624574999514,0.013,0.420420176790342,0.416,-33104.5002204249,68295.1425351025,13,1.61,TRUE,"","true",5,2,5,2,4,378,510378,710378
"RDMM",4.02269618808371,0.972168140392112,0.007,0.788886723663567,0.086,-30423.7026924823,62926.6397239383,107,4.24,TRUE,"","true",5,2,5,2,4,378,510378,710378
"DGMM",NA,0.532364716287197,0.135,0.205064772118002,0.548,-33288.5311137331,68663.2043217189,20,2.52,TRUE,"","true",5,2,5,2,4,379,510379,710379
"RDMM",4.126665877191,0.902402265100717,0.025,0.710062856413126,0.122,-30697.9149150114,63475.0641689965,117,4.83,TRUE,"","true",5,2,5,2,4,379,510379,710379
"DGMM",NA,0.902402039727963,0.025,0.35577465888595,0.441,-33307.5133580375,68701.1688103275,13,1.58,TRUE,"","true",5,2,5,2,4,380,510380,710380
"RDMM",4.06282037305217,0.925369223099176,0.019,0.765658369277915,0.096,-30877.2400425557,63833.7144240851,100,4.11,TRUE,"","true",5,2,5,2,4,380,510380,710380
"DGMM",NA,0.398901960454089,0.184,0.173116463534482,0.511,-33269.3093767908,68624.7608478342,33,4,TRUE,"","true",5,2,5,2,4,381,510381,710381
"RDMM",3.89271152586117,0.902402372745271,0.025,0.718493762428531,0.117,-30798.3855661367,63676.0054712469,100,4.19,TRUE,"","true",5,2,5,2,4,381,510381,710381
"DGMM",NA,0.933089121470167,0.017,0.657159205346683,0.148,-33572.9189635484,69231.9800213494,17,2.09,TRUE,"","true",5,2,5,2,4,382,510382,710382
"RDMM",3.96872922884198,0.952528470471382,0.012,0.789709213925964,0.085,-30860.1516519191,63799.5376428119,100,4.03,TRUE,"","true",5,2,5,2,4,382,510382,710382
"DGMM",NA,0.406524922016787,0.181,0.172951916251537,0.527,-32674.0980130388,67434.3381203302,20,2.42,TRUE,"","true",5,2,5,2,4,383,510383,710383
"RDMM",3.96487570728718,0.929225154874816,0.018,0.75167369120632,0.102,-30633.343446139,63345.9212312516,220,8.8,TRUE,"","true",5,2,5,2,4,383,510383,710383
"DGMM",NA,0.756659040502283,0.065,0.314631638944294,0.435,-33204.6551973163,68495.4524888853,16,2,TRUE,"","true",5,2,5,2,4,384,510384,710384
"RDMM",3.93032567291596,0.94084078557884,0.015,0.715446268069496,0.119,-30525.2140991956,63129.6625373649,131,5.26,TRUE,"","true",5,2,5,2,4,384,510384,710384
"DGMM",NA,0.827926974378108,0.045,0.336084964886757,0.492,-33332.54222106,68751.2265363726,16,2.00999999999999,TRUE,"","true",5,2,5,2,4,385,510385,710385
"RDMM",4.26298811419174,0.921521482557213,0.02,0.566097310557026,0.238,-30836.7645640368,63752.7634670473,176,6.99000000000001,TRUE,"","true",5,2,5,2,4,385,510385,710385
"DGMM",NA,0.879723862547797,0.031,0.380440271494125,0.387,-33712.4122171603,69510.9665285732,14,1.71000000000001,TRUE,"","true",5,2,5,2,4,386,510386,710386
"RDMM",3.89334220675617,0.913849830943101,0.022,0.739467653484042,0.107,-30873.8785180325,63826.9913750386,143,5.73,TRUE,"","true",5,2,5,2,4,386,510386,710386
"DGMM",NA,0.846246273607603,0.04,0.393689885586041,0.351,-34190.9673611922,70468.0768166369,16,1.98999999999999,TRUE,"","true",5,2,5,2,4,387,510387,710387
"RDMM",3.9828063253128,0.906210209542593,0.024,0.730788047704106,0.111,-31199.3159693222,64477.8662776179,100,4.06,TRUE,"","true",5,2,5,2,4,387,510387,710387
"DGMM",NA,0.532453524285458,0.135,0.212987826989234,0.535,-33156.0997934381,68398.3416811288,18,2.18000000000001,TRUE,"","true",5,2,5,2,4,388,510388,710388
"RDMM",3.94566348519351,0.929225200488394,0.018,0.755001863236607,0.1,-30729.6035848033,63538.4415085802,115,4.66,TRUE,"","true",5,2,5,2,4,388,510388,710388
"DGMM",NA,0.813417623475946,0.049,0.272975350494005,0.487,-34252.1888996498,70590.5198935521,15,1.84999999999999,TRUE,"","true",5,2,5,2,4,389,510389,710389
"RDMM",3.56855221882989,0.933088530573311,0.017,0.751549018700631,0.101,-30947.4884666382,63974.2112722501,108,4.47,TRUE,"","true",5,2,5,2,4,389,510389,710389
"DGMM",NA,0.831575528819099,0.044,0.361309244997513,0.427,-32759.1774074772,67604.496909207,22,2.75,TRUE,"","true",5,2,5,2,4,390,510390,710390
"RDMM",4.18737650627544,0.917681677872937,0.021,0.741839735319088,0.106,-30253.3072548234,62585.8488486203,100,3.98,TRUE,"","true",5,2,5,2,4,390,510390,710390
"DGMM",NA,0.906210052891358,0.024,0.30543708843298,0.484,-33649.0979586145,69384.3380114817,21,2.53,TRUE,"","true",5,2,5,2,4,391,510391,710391
"RDMM",4.03647679415015,0.917681485059734,0.021,0.743949372845502,0.105,-31066.6414233454,64212.5171856645,145,5.83,TRUE,"","true",5,2,5,2,4,391,510391,710391
"DGMM",NA,0.550141392286685,0.129,0.231865404227512,0.515,-33493.1686632574,69072.4794207674,20,2.41,TRUE,"","true",5,2,5,2,4,392,510392,710392
"RDMM",4.07870311601769,0.913849831502472,0.022,0.6641328570688,0.144,-30979.205301394,64037.6449417617,100,4.03,TRUE,"","true",5,2,5,2,4,392,510392,710392
"DGMM",NA,0.623715384275646,0.105,0.258560135950746,0.457,-34054.371668266,70194.8854307846,12,1.48999999999999,TRUE,"","true",5,2,5,2,4,393,510393,710393
"RDMM",3.68058613283939,0.910025731683887,0.023,0.692922015657004,0.129,-30990.4763418236,64060.1870226208,174,6.96999999999998,TRUE,"","true",5,2,5,2,4,393,510393,710393
"DGMM",NA,0.304126908909771,0.224,0.122467398355195,0.595,-33068.8240294946,68223.7901532417,33,3.92000000000002,TRUE,"","true",5,2,5,2,4,394,510394,710394
"RDMM",3.88272345941505,0.925369299655092,0.019,0.766196041771619,0.095,-30703.1350442553,63485.5044274842,100,4,TRUE,"","true",5,2,5,2,4,394,510394,710394
"DGMM",NA,0.872228200684855,0.033,0.382765063162966,0.404,-33337.255651439,68760.6533971307,21,2.51000000000002,TRUE,"","true",5,2,5,2,4,395,510395,710395
"RDMM",4.00284553173044,0.9215214435136,0.02,0.760435951653579,0.097,-30543.1234588859,63165.4812567454,100,4.10999999999999,TRUE,"","true",5,2,5,2,4,395,510395,710395
"DGMM",NA,0.286682613881279,0.232,0.113756185100195,0.592,-33612.2492105965,69310.6405154455,25,3.02000000000001,TRUE,"","true",5,2,5,2,4,396,510396,710396
"RDMM",3.52368898208442,0.913849818773663,0.022,0.749479271084016,0.102,-30855.2741960537,63789.7827310809,251,10.15,TRUE,"","true",5,2,5,2,4,396,510396,710396
"DGMM",NA,0.857333589700327,0.037,0.344757220796433,0.485,-33318.5905782875,68723.3232508277,24,2.90000000000001,TRUE,"","true",5,2,5,2,4,397,510397,710397
"RDMM",4.29154362732132,0.925369301894911,0.019,0.739520529730753,0.108,-31021.659392055,64122.5531230837,100,4.06999999999999,TRUE,"","true",5,2,5,2,4,397,510397,710397
"DGMM",NA,0.14844339911415,0.307,0.06187879587811,0.609,-33612.6130644161,69311.3682230848,34,4.14000000000001,TRUE,"","true",5,2,5,2,4,398,510398,710398
"RDMM",4.11951445774471,0.933089033764637,0.017,0.781732443894557,0.088,-31130.216718364,64339.6677757017,135,5.44,TRUE,"","true",5,2,5,2,4,398,510398,710398
"DGMM",NA,0.795459618090819,0.054,0.270062649826919,0.505,-34712.5428652153,71511.2278246832,22,2.64999999999998,TRUE,"","true",5,2,5,2,4,399,510399,710399
"RDMM",3.74974238544996,0.921521061500149,0.02,0.737092453092334,0.108,-31464.2104310717,65007.6552011171,107,4.31,TRUE,"","true",5,2,5,2,4,399,510399,710399
"DGMM",NA,0.369020771755797,0.196,0.171550143980463,0.544,-33884.9218780033,69855.9858502592,23,2.77000000000001,TRUE,"","true",5,2,5,2,4,400,510400,710400
"RDMM",3.70440301409499,0.933089075450538,0.017,0.724178264683022,0.116,-31236.0690520505,64551.3724430747,158,6.25999999999999,TRUE,"","true",5,2,5,2,4,400,510400,710400
"DGMM",NA,0.875971920414123,0.032,0.385180118606186,0.414,-33673.9086088739,69433.9593120004,12,1.47000000000003,TRUE,"","true",5,2,5,2,4,401,510401,710401
"RDMM",4.06128981740474,0.933089036047386,0.017,0.774761685892576,0.091,-31062.028678317,64203.2916956075,219,8.70999999999998,TRUE,"","true",5,2,5,2,4,401,510401,710401
"DGMM",NA,0.383859294900146,0.19,0.159292977198023,0.569,-32655.1663136279,67396.4747215085,30,3.69,TRUE,"","true",5,2,5,2,4,402,510402,710402
"RDMM",4.26759051812343,0.956440411214517,0.011,0.74985353586874,0.103,-30551.649772481,63182.5338839356,137,5.47,TRUE,"","true",5,2,5,2,4,402,510402,710402
"DGMM",NA,0.925368629713705,0.019,0.43290020323441,0.419,-32615.1628145095,67316.4677232716,18,2.25,TRUE,"","true",5,2,5,2,4,403,510403,710403
"RDMM",4.4816864800838,0.944727759202758,0.014,0.811369266281338,0.075,-30317.1121548378,62713.4586486492,131,5.18000000000001,TRUE,"","true",5,2,5,2,4,403,510403,710403
"DGMM",NA,0.299680309163551,0.226,0.13863721265807,0.59,-33376.8519850185,68839.8460642896,28,3.60999999999999,TRUE,"","true",5,2,5,2,4,404,510404,710404
"RDMM",4.00322909213652,0.956440415195111,0.011,0.773858148711196,0.092,-30650.905862376,63381.0460637256,112,4.59,TRUE,"","true",5,2,5,2,4,404,510404,710404
"DGMM",NA,-0.00176606106543408,0.499,0.000146325782143904,0.723,-32388.3615108833,66862.8651160192,30,3.69,TRUE,"","true",5,2,5,2,4,405,510405,710405
"RDMM",3.81455329743715,0.921520885484637,0.02,0.747751201018837,0.103,-31107.8489927461,64294.9323244658,211,8.43000000000001,TRUE,"","true",5,2,5,2,4,405,510405,710405
"DGMM",NA,0.381383879480832,0.191,0.15828421109937,0.56,-33932.0412235629,69950.2245413784,22,2.62,TRUE,"","true",5,2,5,2,4,406,510406,710406
"RDMM",3.74770242053376,0.921521446019881,0.02,0.727045673015003,0.113,-30955.3322984425,63989.8989358586,148,5.95999999999998,TRUE,"","true",5,2,5,2,4,406,510406,710406
"DGMM",NA,0.846246491078282,0.04,0.642316018680211,0.152,-32542.9094235684,67171.9609413893,18,2.20000000000002,TRUE,"","true",5,2,5,2,4,407,510407,710407
"RDMM",4.16874718901615,0.913849786653293,0.022,0.722572072801193,0.115,-30310.4023806635,62700.0391003007,100,4.03,TRUE,"","true",5,2,5,2,4,407,510407,710407
"DGMM",NA,0.902399555094763,0.025,0.353248277162129,0.459,-33183.2670008739,68452.6760960004,20,2.41,TRUE,"","true",5,2,5,2,4,408,510408,710408
"RDMM",3.94254382076169,0.956439913425027,0.011,0.739795921460661,0.107,-30480.5214118271,63040.2771626278,144,5.85000000000002,TRUE,"","true",5,2,5,2,4,408,510408,710408
"DGMM",NA,-0.000558765391239005,0.495,-0.000386140810795405,0.737,-31829.2887529694,65744.7196001914,28,3.34999999999997,TRUE,"","true",5,2,5,2,4,409,510409,710409
"RDMM",3.7933537446655,0.906210144765632,0.024,0.700760928050364,0.125,-30389.2662900758,62857.7669191252,141,5.62,TRUE,"","true",5,2,5,2,4,409,510409,710409
"DGMM",NA,0.774174179517959,0.06,0.272738597902517,0.478,-34329.1314364348,70744.4049671221,12,1.46999999999997,TRUE,"","true",5,2,5,2,4,410,510410,710410
"RDMM",3.65486699441677,0.906210119215697,0.024,0.728952042543153,0.112,-30836.861792855,63752.9579246835,115,4.66000000000003,TRUE,"","true",5,2,5,2,4,410,510410,710410
"DGMM",NA,0.00069251010832168,0.481,0.000602131414727007,0.723,-32375.7629655078,66837.6680252683,25,3.13,TRUE,"","true",5,2,5,2,4,411,510411,710411
"RDMM",3.68787679662295,0.917681619609396,0.021,0.735782853656226,0.109,-31025.57511612,64130.3845712137,100,4.09000000000003,TRUE,"","true",5,2,5,2,4,411,510411,710411
"DGMM",NA,0.849934361575465,0.039,0.392831374212192,0.367,-33667.2194019882,69420.580898229,15,1.77999999999997,TRUE,"","true",5,2,5,2,4,412,510412,710412
"RDMM",4.39466386791063,0.940840781800237,0.015,0.75134092672297,0.102,-30876.4570910619,63832.1485210974,118,4.83999999999997,TRUE,"","true",5,2,5,2,4,412,510412,710412
"DGMM",NA,0.929225226491511,0.018,0.394045091115137,0.427,-33417.62636016,68921.3948145727,24,2.86000000000001,TRUE,"","true",5,2,5,2,4,413,510413,710413
"RDMM",3.97258548886157,0.93696096128841,0.016,0.781758628484087,0.088,-30652.1033406572,63383.441020288,156,6.19,TRUE,"","true",5,2,5,2,4,413,510413,710413
"DGMM",NA,0.861045248133755,0.036,0.589515992537,0.182,-33727.2057016945,69540.5534976417,10,1.25,TRUE,"","true",5,2,5,2,4,414,510414,710414
"RDMM",4.16915280614717,0.960360345944569,0.01,0.756570092803049,0.1,-30340.1419024529,62759.5181438794,100,4.03000000000003,TRUE,"","true",5,2,5,2,4,414,510414,710414
"DGMM",NA,0.8610451003017,0.036,0.300036060920242,0.48,-33467.240317431,69020.6227291146,13,1.67000000000002,TRUE,"","true",5,2,5,2,4,415,510415,710415
"RDMM",4.06630193888179,0.917681663635673,0.021,0.739343634635392,0.107,-30324.0930146774,62727.4203683284,202,8.04000000000002,TRUE,"","true",5,2,5,2,4,415,510415,710415
"DGMM",NA,0.894810805943866,0.027,0.389336526506011,0.432,-33469.4805279452,69025.1031501431,21,2.51999999999998,TRUE,"","true",5,2,5,2,4,416,510416,710416
"RDMM",4.25644409166797,0.936960955426669,0.016,0.786519696603791,0.086,-30785.8749630323,63650.9842650382,145,5.80000000000001,TRUE,"","true",5,2,5,2,4,416,510416,710416
"DGMM",NA,-0.000339088817834593,0.491,-0.000670001945624794,0.738,-32682.9485807136,67452.0392556799,22,2.40999999999997,TRUE,"","true",5,2,5,2,4,417,510417,710417
"RDMM",3.88368598301208,0.894810747763092,0.027,0.739399574178994,0.107,-31188.661782573,64456.5579041195,120,4.04000000000002,TRUE,"","true",5,2,5,2,4,417,510417,710417
"DGMM",NA,0.835231864811955,0.043,0.295676880918016,0.477,-33346.4909407646,68779.1239757819,16,1,TRUE,"","true",5,2,5,2,4,418,510418,710418
"RDMM",4.00504579825999,0.95252848247188,0.012,0.735633686670146,0.11,-30417.3941829145,62914.0227048026,121,2.89,TRUE,"","true",5,2,5,2,4,418,510418,710418
"DGMM",NA,0.472818656975786,0.156,0.226270487121609,0.465,-34120.04349088,70326.2290760125,13,1.6,TRUE,"","true",5,2,5,2,4,419,510419,710419
"RDMM",3.86829547073138,0.906210193315281,0.024,0.752655554696288,0.101,-30963.9988380977,64007.232015169,204,8.11,TRUE,"","true",5,2,5,2,4,419,510419,710419
"DGMM",NA,0.79903573078472,0.053,0.322362364206475,0.418,-33270.281177814,68626.7044498806,13,1.6,TRUE,"","true",5,2,5,2,4,420,510420,710420
"RDMM",4.01138739270643,0.910026008500048,0.023,0.709050008356408,0.122,-30813.741807859,63706.7179546915,250,10,TRUE,"","true",5,2,5,2,4,420,510420,710420
"DGMM",NA,-0.000557474463394091,0.493,0.00112120819495663,0.715,-32107.2820830538,66300.7062603603,29,3.49,TRUE,"","true",5,2,5,2,4,421,510421,710421
"RDMM",3.69251213533061,0.933089068331971,0.017,0.643440341303677,0.156,-30902.0976143021,63883.4295675777,101,4.17,TRUE,"","true",5,2,5,2,4,421,510421,710421
"DGMM",NA,0.894810890128801,0.027,0.388547042755957,0.441,-33466.4608217988,69019.0637378502,13,1.7,TRUE,"","true",5,2,5,2,4,422,510422,710422
"RDMM",4.25544623544998,0.917681595521618,0.021,0.748119622420867,0.103,-30860.6493535926,63800.5330461587,139,5.66999999999999,TRUE,"","true",5,2,5,2,4,422,510422,710422
"DGMM",NA,0.735898991054613,0.071,0.286672413847245,0.518,-33838.4887831658,69763.1196605841,13,1.64,TRUE,"","true",5,2,5,2,4,423,510423,710423
"RDMM",3.91310850295759,0.960359058956084,0.01,0.790779394389257,0.085,-30740.248267249,63559.7308734716,189,7.6,TRUE,"","true",5,2,5,2,4,423,510423,710423
"DGMM",NA,0.824281132699211,0.046,0.327275851810324,0.499,-33914.8685014916,69915.8790972359,34,4.12,TRUE,"","true",5,2,5,2,4,424,510424,710424
"RDMM",3.94084758092339,0.929222004645272,0.018,0.756695904072109,0.099,-31087.5852683626,64254.4048756987,100,4.04,TRUE,"","true",5,2,5,2,4,424,510424,710424
"DGMM",NA,0.364245942819734,0.198,0.144300836750474,0.589,-33511.5780994731,69109.2982931987,29,3.48,TRUE,"","true",5,2,5,2,4,425,510425,710425
"RDMM",3.59731537537351,0.921521501516602,0.02,0.746936079011846,0.104,-30855.1268518607,63789.488042695,108,4.36000000000001,TRUE,"","true",5,2,5,2,4,425,510425,710425
"DGMM",NA,0.891026714127693,0.028,0.343700299888484,0.446,-33100.9169137524,68287.9759217573,21,2.53,TRUE,"","true",5,2,5,2,4,426,510426,710426
"RDMM",4.15707415673046,0.913849739218524,0.022,0.607639754748675,0.187,-30749.257878845,63577.7500966636,107,4.25999999999999,TRUE,"","true",5,2,5,2,4,426,510426,710426
"DGMM",NA,0.87597215764072,0.032,0.371351366900054,0.381,-33619.1774714359,69324.4970371245,17,2.10000000000001,TRUE,"","true",5,2,5,2,4,427,510427,710427
"RDMM",3.83799343885021,0.91002600663061,0.023,0.751397736401731,0.102,-30534.5090157026,63148.2523703788,150,6.00999999999999,TRUE,"","true",5,2,5,2,4,427,510427,710427
"DGMM",NA,0.853629862704627,0.038,0.320826005849342,0.503,-33538.3695408532,69162.8811759589,14,1.83000000000001,TRUE,"","true",5,2,5,2,4,428,510428,710428
"RDMM",4.13829288522784,0.948624587703552,0.013,0.758420379058467,0.099,-30911.1101930133,63901.4547250001,145,5.72,TRUE,"","true",5,2,5,2,4,428,510428,710428
"DGMM",NA,0.328827209697586,0.213,0.146776670707522,0.543,-32907.8352327304,67901.8125597133,38,4.56999999999999,TRUE,"","true",5,2,5,2,4,429,510429,710429
"RDMM",4.11918263094113,0.948624621021968,0.013,0.768043330171869,0.095,-30572.4128531362,63224.060045246,102,4.29000000000001,TRUE,"","true",5,2,5,2,4,429,510429,710429
"DGMM",NA,0.913849851623264,0.022,0.395661582522933,0.443,-33080.501932509,68247.1459592706,15,1.84999999999999,TRUE,"","true",5,2,5,2,4,430,510430,710430
"RDMM",4.26580899341348,0.95252852784357,0.012,0.720970543842001,0.117,-30606.497787016,63292.2299130056,100,4.15000000000001,TRUE,"","true",5,2,5,2,4,430,510430,710430
"DGMM",NA,0.722224565847395,0.075,0.30198860993999,0.498,-33734.8843345372,69555.910763327,15,1.81,TRUE,"","true",5,2,5,2,4,431,510431,710431
"RDMM",3.91832256297939,0.913849802933086,0.022,0.728998692576638,0.112,-30929.0357558137,63937.3058506011,137,5.56,TRUE,"","true",5,2,5,2,4,431,510431,710431
"DGMM",NA,0.864764785461423,0.035,0.344754878148004,0.422,-33179.765733559,68445.6735613707,17,2.08000000000001,TRUE,"","true",5,2,5,2,4,432,510432,710432
"RDMM",4.10542210765208,0.956440441732386,0.011,0.775755524104297,0.091,-30519.5972145208,63118.4287680152,109,4.44999999999999,TRUE,"","true",5,2,5,2,4,432,510432,710432
"DGMM",NA,0.000192937309963581,0.485,0.00134947863945587,0.727,-32462.9605748988,67012.0632440502,28,3.38000000000001,TRUE,"","true",5,2,5,2,4,433,510433,710433
"RDMM",3.86398449126399,0.917681616426199,0.021,0.765982456046612,0.095,-31066.6861200977,64212.6065791689,150,6,TRUE,"","true",5,2,5,2,4,433,510433,710433
"DGMM",NA,0.0023016795625165,0.468,0.00150575622081649,0.72,-31398.8217740685,64883.7856423897,23,2.78,TRUE,"","true",5,2,5,2,4,434,510434,710434
"RDMM",4.23618240198331,0.929225121415744,0.018,0.747068735383212,0.103,-30030.6814243788,62140.5971877312,113,4.58000000000001,TRUE,"","true",5,2,5,2,4,434,510434,710434
"DGMM",NA,0.82428965164429,0.046,0.340552456823915,0.408,-33325.3058696908,68736.7538336343,14,1.72999999999999,TRUE,"","true",5,2,5,2,4,435,510435,710435
"RDMM",4.01887660059526,0.940840801148496,0.015,0.782129825286962,0.088,-30509.1819014429,63097.5981418595,101,4.08000000000001,TRUE,"","true",5,2,5,2,4,435,510435,710435
"DGMM",NA,-0.000656996111706116,0.475,0.00153577110433463,0.727,-32577.4447204223,67241.0315350973,25,3.01999999999998,TRUE,"","true",5,2,5,2,4,436,510436,710436
"RDMM",3.62701298334586,0.902401238719651,0.025,0.697334105552614,0.126,-31160.2213235661,64399.6769861059,230,9.19,TRUE,"","true",5,2,5,2,4,436,510436,710436
"DGMM",NA,0.842566445036818,0.041,0.338512309385614,0.433,-33914.6025053155,69915.3471048836,12,1.53,TRUE,"","true",5,2,5,2,4,437,510437,710437
"RDMM",3.8620470908093,0.933089037437632,0.017,0.723605300395562,0.115,-30751.2292915626,63581.6929220988,249,10.17,TRUE,"","true",5,2,5,2,4,437,510437,710437
"DGMM",NA,0.352112649158651,0.203,0.158822891682928,0.547,-33240.9633544386,68568.0688031299,23,2.79999999999998,TRUE,"","true",5,2,5,2,4,438,510438,710438
"RDMM",3.97937276181596,0.917681622697572,0.021,0.735962291374248,0.109,-31069.7284375753,64218.6912141242,114,4.61000000000001,TRUE,"","true",5,2,5,2,4,438,510438,710438
"DGMM",NA,0.879724023712437,0.031,0.396215944333881,0.412,-32891.1356278034,67868.4133498594,18,2.17000000000002,TRUE,"","true",5,2,5,2,4,439,510439,710439
"RDMM",4.49151761236057,0.925369310208081,0.019,0.78337025862285,0.087,-30496.7677634548,63072.7698658833,100,4.06999999999999,TRUE,"","true",5,2,5,2,4,439,510439,710439
"DGMM",NA,0.617413156720133,0.107,0.258414907585666,0.479,-33157.4023921625,68400.9468785777,17,2.06,TRUE,"","true",5,2,5,2,4,440,510440,710440
"RDMM",4.06160303868004,0.933089089249997,0.017,0.746933773610887,0.104,-30410.1309555819,62899.4962501375,117,4.75,TRUE,"","true",5,2,5,2,4,440,510440,710440
"DGMM",NA,0.87222820021781,0.033,0.356942324152231,0.461,-34114.553695667,70315.2494855866,20,2.38,TRUE,"","true",5,2,5,2,4,441,510441,710441
"RDMM",3.67846940344251,0.929225202854171,0.018,0.742932351459784,0.107,-30909.3912052755,63898.0167495246,100,4.03,TRUE,"","true",5,2,5,2,4,441,510441,710441
"DGMM",NA,0.310671958763593,0.221,0.147484500001915,0.55,-33702.8692602444,69491.8806147413,25,3.03999999999999,TRUE,"","true",5,2,5,2,4,442,510442,710442
"RDMM",3.70301330301779,0.925369370812327,0.019,0.765804456809904,0.095,-30949.4285946184,63978.0915282105,202,8.13,TRUE,"","true",5,2,5,2,4,442,510442,710442
"DGMM",NA,0.842566535900199,0.041,0.316905720017146,0.503,-33590.6209758117,69267.384045876,14,1.72,TRUE,"","true",5,2,5,2,4,443,510443,710443
"RDMM",3.90366288200507,0.913849854212945,0.022,0.729912809305162,0.111,-30800.6647669462,63680.563872866,100,4.03,TRUE,"","true",5,2,5,2,4,443,510443,710443
"DGMM",NA,0.913849801370989,0.022,0.41282247908653,0.473,-33250.1842083815,68586.5105110156,27,3.33000000000001,TRUE,"","true",5,2,5,2,4,444,510444,710444
"RDMM",4.13410320461475,0.929225193568069,0.018,0.766069147535661,0.096,-30543.7560715419,63166.7464820574,100,4.03,TRUE,"","true",5,2,5,2,4,444,510444,710444
"DGMM",NA,0.8910270219326,0.028,0.318938756872104,0.456,-33348.9896175413,68784.1213293352,14,1.84999999999999,TRUE,"","true",5,2,5,2,4,445,510445,710445
"RDMM",4.34966135347099,0.925369364135957,0.019,0.740726724279885,0.107,-30749.6802099767,63578.5947589269,100,4.06999999999999,TRUE,"","true",5,2,5,2,4,445,510445,710445
"DGMM",NA,0.842566791437753,0.041,0.359283534273071,0.484,-32916.2282538359,67918.5986019244,18,2.24000000000001,TRUE,"","true",5,2,5,2,4,446,510446,710446
"RDMM",4.12660050705972,0.936960674857207,0.016,0.749094863378412,0.104,-30328.8553929523,62736.9451248781,240,9.63999999999999,TRUE,"","true",5,2,5,2,4,446,510446,710446
"DGMM",NA,0.328731114890659,0.213,0.148772520658336,0.563,-33305.3503202983,68696.8427348492,24,2.91999999999999,TRUE,"","true",5,2,5,2,4,447,510447,710447
"RDMM",3.73638260360215,0.936960953432666,0.016,0.748498601846611,0.104,-30290.8859961321,62661.0063312378,119,4.84999999999999,TRUE,"","true",5,2,5,2,4,447,510447,710447
"DGMM",NA,0.411562104526323,0.179,0.163259151251206,0.538,-33249.7081320742,68585.558358401,30,3.63,TRUE,"","true",5,2,5,2,4,448,510448,710448
"RDMM",3.85522100981214,0.948624617107971,0.013,0.757653718514001,0.099,-30751.1861967609,63581.6067324954,180,7.19,TRUE,"","true",5,2,5,2,4,448,510448,710448
"DGMM",NA,0.883483417916703,0.03,0.322964095435863,0.449,-33271.2187240131,68628.5795422789,20,2.41999999999999,TRUE,"","true",5,2,5,2,4,449,510449,710449
"RDMM",4.02491416709294,0.948624585884924,0.013,0.722854009775131,0.116,-30305.0100172414,62689.2543734565,178,7.04999999999998,TRUE,"","true",5,2,5,2,4,449,510449,710449
"DGMM",NA,0.467245713165873,0.158,0.222496253210575,0.467,-33129.4859510848,68345.1139964223,16,2,TRUE,"","true",5,2,5,2,4,450,510450,710450
"RDMM",4.34396313173911,0.944728356381207,0.014,0.76779090736136,0.096,-30720.1018390631,63519.4380170999,186,7.45999999999998,TRUE,"","true",5,2,5,2,4,450,510450,710450
"DGMM",NA,0.857333637457687,0.037,0.373474926078878,0.475,-33901.877995535,69889.8980853226,16,1.93000000000001,TRUE,"","true",5,2,5,2,4,451,510451,710451
"RDMM",3.81197208488642,0.925369324680745,0.019,0.582875650604129,0.207,-31173.5623548067,64426.3590485871,241,9.69,TRUE,"","true",5,2,5,2,4,451,510451,710451
"DGMM",NA,0.553045204592537,0.128,0.216104921098331,0.508,-33350.9735049134,68788.0891040795,15,1.86000000000001,TRUE,"","true",5,2,5,2,4,452,510452,710452
"RDMM",3.9973423660836,0.952528469286401,0.012,0.775242733488694,0.091,-30770.3267540193,63619.8878470123,161,6.51999999999998,TRUE,"","true",5,2,5,2,4,452,510452,710452
"DGMM",NA,0.898602472391239,0.026,0.304554037107129,0.496,-33645.4591800606,69377.0604543739,27,3.32999999999998,TRUE,"","true",5,2,5,2,4,453,510453,710453
"RDMM",3.64080678786553,0.933089028748594,0.017,0.747876384178943,0.104,-30872.8593708298,63824.9530806333,158,6.20999999999998,TRUE,"","true",5,2,5,2,4,453,510453,710453
"DGMM",NA,0.883483437149633,0.03,0.408054554917862,0.347,-32855.451072613,67797.0442394786,25,3.13,TRUE,"","true",5,2,5,2,4,454,510454,710454
"RDMM",4.07572783471574,0.940840803333711,0.015,0.780404148658964,0.089,-30250.0877077163,62579.4097544062,100,4.09000000000003,TRUE,"","true",5,2,5,2,4,454,510454,710454
"DGMM",NA,0.515038367705089,0.141,0.221271557508362,0.48,-32680.8780401673,67447.8981745872,24,2.82999999999998,TRUE,"","true",5,2,5,2,4,455,510455,710455
"RDMM",4.205792941719,0.929225223632156,0.018,0.706548350132651,0.122,-30430.7390037075,62940.7123463885,128,5.25,TRUE,"","true",5,2,5,2,4,455,510455,710455
"DGMM",NA,0.846246270183737,0.04,0.333650054687291,0.432,-33514.7168258003,69115.5757458531,11,1.36000000000001,TRUE,"","true",5,2,5,2,4,456,510456,710456
"RDMM",4.01060538050017,0.8834833676656,0.03,0.480453594018166,0.309,-30814.9604767179,63709.1552924095,127,4.94999999999999,TRUE,"","true",5,2,5,2,4,456,510456,710456
"DGMM",NA,0.36877142541685,0.196,0.162492734511581,0.572,-32748.7081214525,67583.5583371577,15,1.75,TRUE,"","true",5,2,5,2,4,457,510457,710457
"RDMM",4.09796237883779,0.921519744818398,0.02,0.73623053932504,0.111,-30569.4086049557,63218.0515488851,100,3.33999999999997,TRUE,"","true",5,2,5,2,4,457,510457,710457
"DGMM",NA,0.857333568154611,0.037,0.354756625347387,0.459,-33884.6630042768,69855.4681028061,17,1.67000000000002,TRUE,"","true",5,2,5,2,4,458,510458,710458
"RDMM",3.98184329092794,0.9253692720163,0.019,0.725672045155352,0.113,-31267.2325848681,64613.6995087098,118,3.30000000000001,TRUE,"","true",5,2,5,2,4,458,510458,710458
"DGMM",NA,0.381391968915951,0.191,0.158482136987076,0.58,-32843.1469284944,67772.4359512414,30,1.66,TRUE,"","true",5,2,5,2,4,459,510459,710459
"RDMM",4.01661293003198,0.9603603209584,0.01,0.792971873247979,0.084,-30340.7711222509,62760.7765834755,100,2.8,TRUE,"","true",5,2,5,2,4,459,510459,710459
"DGMM",NA,0.913849782310909,0.022,0.32755658888572,0.486,-33233.8818184602,68553.9057311729,17,2.04,TRUE,"","true",5,2,5,2,4,460,510460,710460
"RDMM",4.02675870293261,0.921521459996924,0.02,0.70373416285062,0.124,-30667.2657894094,63413.7659177925,100,4.08,TRUE,"","true",5,2,5,2,4,460,510460,710460
"DGMM",NA,0.883483281319007,0.03,0.315796660721385,0.457,-33273.3348814462,68632.811857145,16,1.93,TRUE,"","true",5,2,5,2,4,461,510461,710461
"RDMM",3.81187010034986,0.913849792358887,0.022,0.795668115921301,0.083,-30460.0491297637,62999.332598501,167,6.71,TRUE,"","true",5,2,5,2,4,461,510461,710461
"DGMM",NA,0.448303272891381,0.165,0.174603834132586,0.564,-32837.6966051036,67761.5353044598,31,3.7,TRUE,"","true",5,2,5,2,4,462,510462,710462
"RDMM",4.04846274928783,0.936960977030211,0.016,0.75470610278641,0.1,-30552.4372704273,63184.1088798281,100,4.08,TRUE,"","true",5,2,5,2,4,462,510462,710462
"DGMM",NA,0.448387718170813,0.165,0.193234721572758,0.504,-33036.2337102287,68158.60951471,27,3.25,TRUE,"","true",5,2,5,2,4,463,510463,710463
"RDMM",4.12060399341149,0.906210211563488,0.024,0.741733097325965,0.107,-30596.9394434353,63273.1132258443,165,6.76,TRUE,"","true",5,2,5,2,4,463,510463,710463
"DGMM",NA,0.414109692142505,0.178,0.173555551419126,0.549,-33211.6763332993,68509.4947608512,18,2.28,TRUE,"","true",5,2,5,2,4,464,510464,710464
"RDMM",3.85240059237146,0.925369294869156,0.019,0.751835747185328,0.102,-30817.4441345803,63714.1226081342,134,5.37,TRUE,"","true",5,2,5,2,4,464,510464,710464
"DGMM",NA,-0.000528313387708091,0.492,-0.000162453775961487,0.734,-31935.4484334775,65957.0389612076,30,3.63999999999999,TRUE,"","true",5,2,5,2,4,465,510465,710465
"RDMM",4.13607981261273,0.913849830943101,0.022,0.758066456586111,0.098,-30722.3336108124,63523.9015605983,167,6.64,TRUE,"","true",5,2,5,2,4,465,510465,710465
"DGMM",NA,0.655756284745368,0.095,0.244757339775584,0.509,-33916.4910002836,69919.1240948198,10,1.27,TRUE,"","true",5,2,5,2,4,466,510466,710466
"RDMM",3.94232471880744,0.936960904339529,0.016,0.517599327652921,0.305,-30577.4100954871,63234.0545299478,190,7.65000000000001,TRUE,"","true",5,2,5,2,4,466,510466,710466
"DGMM",NA,0.921521454625784,0.02,0.344104103815469,0.474,-33454.5034124809,68995.1489192144,14,1.73999999999999,TRUE,"","true",5,2,5,2,4,467,510467,710467
"RDMM",3.87224276137652,0.952528353908392,0.012,0.764726867707621,0.096,-30587.6565941193,63254.5475272123,100,4.09,TRUE,"","true",5,2,5,2,4,467,510467,710467
"DGMM",NA,0.910025944679464,0.023,0.400879144010296,0.437,-33255.691498759,68597.5250917706,33,3.87,TRUE,"","true",5,2,5,2,4,468,510468,710468
"RDMM",3.94142234785438,0.936960901838179,0.016,0.757633601899252,0.099,-30586.7969428176,63252.8282246088,100,4.06,TRUE,"","true",5,2,5,2,4,468,510468,710468
"DGMM",NA,0.875971908143551,0.032,0.348089235924745,0.431,-33885.4420626824,69857.0262196173,14,1.70999999999999,TRUE,"","true",5,2,5,2,4,469,510469,710469
"RDMM",3.77488909774662,0.910025973857732,0.023,0.762950268852152,0.096,-31000.2475695951,64079.7294781638,132,5.32000000000001,TRUE,"","true",5,2,5,2,4,469,510469,710469
"DGMM",NA,0.925369306374546,0.019,0.397792598868674,0.491,-33405.2337532634,68896.6096007795,15,1.87,TRUE,"","true",5,2,5,2,4,470,510470,710470
"RDMM",4.12519954984208,0.9408407951733,0.015,0.726228993500472,0.114,-30878.7585445624,63836.7514280985,100,4.03,TRUE,"","true",5,2,5,2,4,470,510470,710470
"DGMM",NA,-5.28551365391933e-05,0.484,0.000315639191691502,0.719,-32191.6778494887,66469.49779323,25,2.98,TRUE,"","true",5,2,5,2,4,471,510471,710471
"RDMM",4.03409625065926,0.925369369089393,0.019,0.725615665769416,0.114,-30812.7407085644,63704.7157561025,204,8.3,TRUE,"","true",5,2,5,2,4,471,510471,710471
"DGMM",NA,0.247440525048022,0.251,0.110598248811471,0.59,-33511.2820824427,69108.7062591379,34,4.09,TRUE,"","true",5,2,5,2,4,472,510472,710472
"RDMM",3.97006288912952,0.936960897795591,0.016,0.716021886805412,0.119,-31028.5454006656,64136.3251403048,153,6.32000000000001,TRUE,"","true",5,2,5,2,4,472,510472,710472
"DGMM",NA,0.92152155046447,0.02,0.396729895622476,0.383,-32942.2551199435,67970.6523341396,14,1.66999999999999,TRUE,"","true",5,2,5,2,4,473,510473,710473
"RDMM",4.55412795415332,0.948624626359237,0.013,0.741284376021034,0.107,-30565.0228655342,63209.2800700421,122,4.93000000000001,TRUE,"","true",5,2,5,2,4,473,510473,710473
"DGMM",NA,0.788331938350171,0.056,0.280257154745639,0.491,-33247.3552534692,68580.852601191,15,1.91999999999999,TRUE,"","true",5,2,5,2,4,474,510474,710474
"RDMM",4.3350676862762,0.9408408443975,0.015,0.754179623744837,0.101,-30705.7330261523,63490.7003912783,120,4.83000000000001,TRUE,"","true",5,2,5,2,4,474,510474,710474
"DGMM",NA,0.868492493175593,0.034,0.313469518430856,0.483,-33724.6960428555,69535.5341799637,16,2.01000000000001,TRUE,"","true",5,2,5,2,4,475,510475,710475
"RDMM",4.16430163085421,0.933089088374658,0.017,0.74348727880378,0.105,-30874.0048352342,63827.2440094419,168,6.69,TRUE,"","true",5,2,5,2,4,475,510475,710475
"DGMM",NA,0.84993382017005,0.039,0.305887445644561,0.492,-33798.5631783475,69683.2684509476,14,1.78,TRUE,"","true",5,2,5,2,4,476,510476,710476
"RDMM",3.9322579250101,0.913849869626723,0.022,0.710049483442743,0.121,-30965.7330824077,64010.7005037891,115,4.68000000000001,TRUE,"","true",5,2,5,2,4,476,510476,710476
"DGMM",NA,0.838895033787254,0.042,0.302069517539917,0.511,-33672.9118388515,69431.9657719556,13,1.66,TRUE,"","true",5,2,5,2,4,477,510477,710477
"RDMM",3.68627168636401,0.929225228373919,0.018,0.722541122218302,0.115,-30690.2164900282,63459.6673190301,160,6.44,TRUE,"","true",5,2,5,2,4,477,510477,710477
"DGMM",NA,0.894810753894843,0.027,0.416914173292074,0.374,-32781.5927383236,67649.3275708998,14,1.72999999999999,TRUE,"","true",5,2,5,2,4,478,510478,710478
"RDMM",4.09258049395159,0.933089032610389,0.017,0.768828143614356,0.094,-30333.3570768171,62745.9484926078,146,6.03,TRUE,"","true",5,2,5,2,4,478,510478,710478
"DGMM",NA,0.90621023090634,0.024,0.596152502544653,0.183,-32792.003537827,67670.1491699067,17,2.03,TRUE,"","true",5,2,5,2,4,479,510479,710479
"RDMM",4.19087162292828,0.944728728335295,0.014,0.782404125020162,0.088,-30431.4089068096,62942.0521525929,100,4.06999999999999,TRUE,"","true",5,2,5,2,4,479,510479,710479
"DGMM",NA,0.887251294188808,0.029,0.323294860780771,0.442,-32764.592319509,67615.3267332707,18,2.16999999999999,TRUE,"","true",5,2,5,2,4,480,510480,710480
"RDMM",3.90032457275962,0.944728688148329,0.014,0.790296693275294,0.085,-30330.2049869922,62739.644312958,218,8.74000000000001,TRUE,"","true",5,2,5,2,4,480,510480,710480
"DGMM",NA,0.443015529245693,0.167,0.191131202499792,0.536,-33205.3980438675,68496.9381819876,24,2.99000000000001,TRUE,"","true",5,2,5,2,4,481,510481,710481
"RDMM",3.98877899170726,0.936960958914405,0.016,0.740164992908963,0.108,-30820.5740606817,63720.382460337,138,5.47999999999999,TRUE,"","true",5,2,5,2,4,481,510481,710481
"DGMM",NA,0.864764932302146,0.035,0.330544413982968,0.479,-33443.3192951345,68972.7806845216,19,2.28,TRUE,"","true",5,2,5,2,4,482,510482,710482
"RDMM",4.16304029444755,0.933089087640918,0.017,0.734154344593519,0.11,-30510.6915946382,63100.61752825,214,8.56,TRUE,"","true",5,2,5,2,4,482,510482,710482
"DGMM",NA,0.688590975844031,0.085,0.255535182362571,0.469,-33652.7376815959,69391.6174574443,11,1.45000000000002,TRUE,"","true",5,2,5,2,4,483,510483,710483
"RDMM",3.83590038047977,0.925369359096375,0.019,0.733699142413061,0.11,-30766.9108255452,63613.0559900639,300,11.88,TRUE,"","true",5,2,5,2,4,483,510483,710483
"DGMM",NA,0.456482824384086,0.162,0.193097111397883,0.497,-32811.9367374149,67710.0155690823,20,2.49000000000001,TRUE,"","true",5,2,5,2,4,484,510484,710484
"RDMM",4.12772077284995,0.936960901838179,0.016,0.776012947107667,0.091,-30572.243439584,63223.7212181417,174,7,TRUE,"","true",5,2,5,2,4,484,510484,710484
"DGMM",NA,0.77770204436987,0.059,0.392563369223894,0.498,-33952.5515201552,69991.245134563,51,6.12,TRUE,"","true",5,2,5,2,4,485,510485,710485
"RDMM",4.13565526253552,0.964288288374168,0.009,0.774257086876282,0.092,-30922.3159170825,63923.8661731387,268,10.83,TRUE,"","true",5,2,5,2,4,485,510485,710485
"DGMM",NA,0.906210202036409,0.024,0.424539085134815,0.422,-33054.3112771517,68194.764648556,23,2.76999999999998,TRUE,"","true",5,2,5,2,4,486,510486,710486
"RDMM",3.93786268531715,0.936960365786558,0.016,0.777097977039864,0.091,-30349.6091967942,62778.452732562,236,9.43000000000001,TRUE,"","true",5,2,5,2,4,486,510486,710486
"DGMM",NA,0.894810777207631,0.027,0.366328064025891,0.411,-34080.556490323,70247.2550748986,18,2.20999999999998,TRUE,"","true",5,2,5,2,4,487,510487,710487
"RDMM",4.15054715277439,0.929225213369113,0.018,0.745568409816819,0.105,-31189.6372419009,64458.5088227754,100,4.01000000000002,TRUE,"","true",5,2,5,2,4,487,510487,710487
"DGMM",NA,0.437732452619026,0.169,0.20850882412529,0.576,-33250.8855210253,68587.9131363032,27,3.22,TRUE,"","true",5,2,5,2,4,488,510488,710488
"RDMM",4.0619415036662,0.929225168405716,0.018,0.727062708740194,0.113,-30768.4486536788,63616.1316463313,104,4.25,TRUE,"","true",5,2,5,2,4,488,510488,710488
"DGMM",NA,0.872228122581732,0.033,0.303907449643409,0.478,-33785.9493264163,69658.0407470853,21,2.53000000000003,TRUE,"","true",5,2,5,2,4,489,510489,710489
"RDMM",4.14627734955027,0.913849777139825,0.022,0.738963829911562,0.107,-30910.8491723144,63900.9326836024,174,6.94,TRUE,"","true",5,2,5,2,4,489,510489,710489
"DGMM",NA,0.879724017117769,0.031,0.35510793823021,0.457,-33738.1047921956,69562.3516786437,19,2.31,TRUE,"","true",5,2,5,2,4,490,510490,710490
"RDMM",4.01980235588011,0.933089059475597,0.017,0.765561661279759,0.097,-30635.7815626297,63350.797464233,100,4.05000000000001,TRUE,"","true",5,2,5,2,4,490,510490,710490
"DGMM",NA,0.361857227007494,0.199,0.147736047986571,0.551,-33245.7333636551,68577.6088215628,31,3.88999999999999,TRUE,"","true",5,2,5,2,4,491,510491,710491
"RDMM",3.90161650722856,0.921521463902292,0.02,0.776255344786282,0.091,-31037.0118676675,64153.2580743085,100,4.03000000000003,TRUE,"","true",5,2,5,2,4,491,510491,710491
"DGMM",NA,-0.000826153977339424,0.498,-0.000705991254853366,0.735,-32255.1121653783,66596.3664250092,29,3.57999999999998,TRUE,"","true",5,2,5,2,4,492,510492,710492
"RDMM",3.65894184151246,0.891026983692935,0.028,0.721148300334766,0.116,-30858.4308858655,63796.0961107047,300,11.92,TRUE,"","true",5,2,5,2,4,492,510492,710492
"DGMM",NA,0.406448910311812,0.181,0.175370408818409,0.556,-33344.2996467838,68774.7413878203,33,3.99000000000001,TRUE,"","true",5,2,5,2,4,493,510493,710493
"RDMM",3.75720363776701,0.925369369548842,0.019,0.565401506359257,0.217,-30822.0708259577,63723.3759908891,100,4.05000000000001,TRUE,"","true",5,2,5,2,4,493,510493,710493
"DGMM",NA,0.902402442067262,0.025,0.383031244067592,0.444,-33178.8381553193,68443.8184048911,16,1.94999999999999,TRUE,"","true",5,2,5,2,4,494,510494,710494
"RDMM",4.24119903846969,0.94862460986971,0.013,0.729192032057434,0.114,-30798.1253768537,63675.485092681,146,5.82999999999998,TRUE,"","true",5,2,5,2,4,494,510494,710494
"DGMM",NA,0.894810731492701,0.027,0.303232989374192,0.512,-33375.2716729221,68836.6854400968,24,2.88999999999999,TRUE,"","true",5,2,5,2,4,495,510495,710495
"RDMM",3.82587478724162,0.933089026585989,0.017,0.788803458342899,0.086,-30295.038370394,62669.3110797616,100,3.93000000000001,TRUE,"","true",5,2,5,2,4,495,510495,710495
"DGMM",NA,0.38383392931887,0.19,0.149099800204209,0.576,-32693.1596444844,67472.4613832214,32,3.35000000000002,TRUE,"","true",5,2,5,2,4,496,510496,710496
"RDMM",4.24796697942783,0.929225200488394,0.018,0.522288404906243,0.266,-30644.2342171029,63367.7027731794,158,4.89999999999998,TRUE,"","true",5,2,5,2,4,496,510496,710496
"DGMM",NA,0.416395072630377,0.177,0.158923408484037,0.557,-33135.8918402536,68357.9257747598,23,1.91999999999996,TRUE,"","true",5,2,5,2,4,497,510497,710497
"RDMM",4.04436557090404,0.944728003857717,0.014,0.74840089052239,0.103,-30558.2785769929,63195.7914929594,279,6.72000000000003,TRUE,"","true",5,2,5,2,4,497,510497,710497
"DGMM",NA,0.89481107316986,0.027,0.339645878839408,0.422,-33305.0683477271,68696.2787897068,18,1.30000000000001,TRUE,"","true",5,2,5,2,4,498,510498,710498
"RDMM",4.00316784603376,0.936960915254512,0.016,0.777844813227034,0.09,-30610.7649795415,63300.7642980566,101,2.31999999999999,TRUE,"","true",5,2,5,2,4,498,510498,710498
"DGMM",NA,0.879723767399138,0.031,0.352444604388369,0.442,-33657.230522159,69400.6031385706,18,1.23000000000002,TRUE,"","true",5,2,5,2,4,499,510499,710499
"RDMM",3.82874213550218,0.92922522451606,0.018,0.749798935484091,0.103,-30430.3763476108,62939.9870341952,113,2.61000000000001,TRUE,"","true",5,2,5,2,4,499,510499,710499
"DGMM",NA,0.437719332281989,0.169,0.214295422275182,0.547,-32956.168732091,67998.4795584347,24,1.63999999999999,TRUE,"","true",5,2,5,2,4,500,510500,710500
"RDMM",4.27204554779042,0.940840803333711,0.015,0.749194833813053,0.104,-30583.2112379886,63245.6568149509,184,4.25,TRUE,"","true",5,2,5,2,4,500,510500,710500
"DGMM",NA,0.838895386677373,0.042,0.29344402159185,0.467,-33317.6130111562,68983.8628171663,13,1.08,TRUE,"","r1 over",6,2,5,2,4,1,510001,710001
"RDMM",4.01264358036557,0.940840788344503,0.015,0.771707845179956,0.093,-30756.3930161934,63854.5150719618,100,4.06,TRUE,"","r1 over",6,2,5,2,4,1,510001,710001
"DGMM",NA,0.636421631761938,0.101,0.309437054384278,0.547,-32995.7483471308,68340.1334891156,37,4.72,TRUE,"","r1 over",6,2,5,2,4,2,510002,710002
"RDMM",3.84423605382307,0.948623998530735,0.013,0.783447633889985,0.089,-30585.5558649408,63512.8407694565,164,6.78,TRUE,"","r1 over",6,2,5,2,4,2,510002,710002
"DGMM",NA,0.753178396346073,0.066,0.318686220547203,0.507,-32927.4741682494,68203.5851313526,21,2.68,TRUE,"","r1 over",6,2,5,2,4,3,510003,710003
"RDMM",4.08515608290401,0.940840837284181,0.015,0.738605503053893,0.108,-30412.7034851153,63167.1360098055,197,8,TRUE,"","r1 over",6,2,5,2,4,3,510003,710003
"DGMM",NA,0.817034695019265,0.048,0.362304453124596,0.376,-32364.3475441035,67077.3318830609,15,1.92,TRUE,"","r1 over",6,2,5,2,4,4,510004,710004
"RDMM",4.29773806398806,0.956440401057714,0.011,0.774344950335642,0.092,-30179.5872672705,62700.9035741159,136,5.64,TRUE,"","r1 over",6,2,5,2,4,4,510004,710004
"DGMM",NA,0.879723622199957,0.031,0.354549697460871,0.478,-33231.6408985297,68811.9185919132,30,3.77999999999999,TRUE,"","r1 over",6,2,5,2,4,5,510005,710005
"RDMM",4.0385858029275,0.925369358450274,0.019,0.740050458859076,0.108,-30989.9611258869,64321.6512913488,161,6.78,TRUE,"","r1 over",6,2,5,2,4,5,510005,710005
"DGMM",NA,0.688589134524364,0.085,0.247293323194953,0.521,-32835.5474692975,68019.7317334489,19,2.55,TRUE,"","r1 over",6,2,5,2,4,6,510006,710006
"RDMM",4.04392467968538,0.956440439497669,0.011,0.764688572345387,0.097,-30399.6172650175,63140.96356961,126,5.21,TRUE,"","r1 over",6,2,5,2,4,6,510006,710006
"DGMM",NA,0.838894911918423,0.042,0.324105117994354,0.411,-33101.8823973321,68552.4015895182,13,1.78,TRUE,"","r1 over",6,2,5,2,4,7,510007,710007
"RDMM",4.24791300484869,0.910025968982187,0.023,0.726602249850593,0.113,-30613.2997391313,63568.3285178375,118,4.89,TRUE,"","r1 over",6,2,5,2,4,7,510007,710007
"DGMM",NA,0.655740166173841,0.095,0.224921825553473,0.512,-33234.9344253302,68818.5056455143,13,1.66,TRUE,"","r1 over",6,2,5,2,4,8,510008,710008
"RDMM",4.13232779135584,0.921521452629064,0.02,0.781668287847953,0.089,-30715.1321407468,63771.9933210686,103,4.29000000000001,TRUE,"","r1 over",6,2,5,2,4,8,510008,710008
"DGMM",NA,0.906210228216325,0.024,0.413277370835287,0.348,-33057.981647183,68464.6000892199,19,2.42,TRUE,"","r1 over",6,2,5,2,4,9,510009,710009
"RDMM",3.97036375629804,0.936960729076731,0.016,0.759517908420449,0.098,-30543.4412700503,63428.6115796756,124,5.17,TRUE,"","r1 over",6,2,5,2,4,9,510009,710009
"DGMM",NA,0.861045056252766,0.036,0.424781764521881,0.322,-33213.6086856246,68775.854166103,17,2.17,TRUE,"","r1 over",6,2,5,2,4,10,510010,710010
"RDMM",3.56922403961377,0.910025998114279,0.023,0.770346286022955,0.094,-30340.0368235729,63021.8026867207,115,4.78,TRUE,"","r1 over",6,2,5,2,4,10,510010,710010
"DGMM",NA,0.497944267619003,0.147,0.202374015859592,0.531,-33344.1624631328,69036.9617211196,18,2.33,TRUE,"","r1 over",6,2,5,2,4,11,510011,710011
"RDMM",3.99889457731529,0.944728726144827,0.014,0.756931102632488,0.1,-30652.7645311909,63647.2581019567,136,5.75,TRUE,"","r1 over",6,2,5,2,4,11,510011,710011
"DGMM",NA,0.940840636027771,0.015,0.440880003064221,0.475,-32324.4712827173,66997.5793602886,27,3.46000000000001,TRUE,"","r1 over",6,2,5,2,4,12,510012,710012
"RDMM",4.50389811299109,0.952528213966139,0.012,0.717977846445114,0.119,-30192.6514976389,62727.0320348527,100,4.17,TRUE,"","r1 over",6,2,5,2,4,12,510012,710012
"DGMM",NA,0.795459786343086,0.054,0.281850529054689,0.5,-33343.0998515925,69034.8364980389,26,3.22,TRUE,"","r1 over",6,2,5,2,4,13,510013,710013
"RDMM",4.04673350100149,0.872228108873526,0.033,0.693354233125518,0.128,-30748.1378498487,63838.0047392724,139,5.73,TRUE,"","r1 over",6,2,5,2,4,13,510013,710013
"DGMM",NA,0.906210154725772,0.024,0.350570831911383,0.457,-33488.3573655981,69325.3515260502,16,2.23999999999999,TRUE,"","r1 over",6,2,5,2,4,14,510014,710014
"RDMM",4.00246980827733,0.921521511330337,0.02,0.764485981473889,0.096,-30702.1877114942,63746.1044625633,120,4.98,TRUE,"","r1 over",6,2,5,2,4,14,510014,710014
"DGMM",NA,0.910025972149848,0.023,0.314407347045471,0.466,-32321.338864752,66991.3145243579,15,1.92,TRUE,"","r1 over",6,2,5,2,4,15,510015,710015
"RDMM",4.39226188528617,0.921521446019881,0.02,0.776855817400991,0.091,-30213.8699488529,62769.4689372808,196,8.10000000000001,TRUE,"","r1 over",6,2,5,2,4,15,510015,710015
"DGMM",NA,0.838895021257894,0.042,0.285494448213406,0.478,-33646.4998429223,69641.6364806985,24,3.03,TRUE,"","r1 over",6,2,5,2,4,16,510016,710016
"RDMM",3.71319585599049,0.929225221916543,0.018,0.744203349577252,0.105,-31111.5198152971,64564.7686701692,132,5.47999999999999,TRUE,"","r1 over",6,2,5,2,4,16,510016,710016
"DGMM",NA,0.799035005632154,0.053,0.274930268814069,0.502,-33578.49116137,69505.619117594,16,2.05000000000001,TRUE,"","r1 over",6,2,5,2,4,17,510017,710017
"RDMM",3.8794976764031,0.925369264377939,0.019,0.729768245012298,0.112,-30602.9854441277,63547.6999278303,143,6.34999999999999,TRUE,"","r1 over",6,2,5,2,4,17,510017,710017
"DGMM",NA,0.925369388812194,0.019,0.355085573203518,0.45,-32865.9153536672,68080.4675021883,16,2.10999999999999,TRUE,"","r1 over",6,2,5,2,4,18,510018,710018
"RDMM",4.21625988307127,0.9408408443975,0.015,0.764306564125184,0.096,-30449.213004589,63240.1550487529,121,5.13,TRUE,"","r1 over",6,2,5,2,4,18,510018,710018
"DGMM",NA,0.879724025787251,0.031,0.443150317758076,0.476,-33022.7416629679,68394.1201207898,34,4.37,TRUE,"","r1 over",6,2,5,2,4,19,510019,710019
"RDMM",4.04947236318483,0.948624587703552,0.013,0.772920153689993,0.093,-30141.3302027314,62624.3894450377,123,5.11000000000001,TRUE,"","r1 over",6,2,5,2,4,19,510019,710019
"DGMM",NA,0.813418121417435,0.049,0.405631763932463,0.508,-32781.3586857473,67911.3541663485,45,5.78,TRUE,"","r1 over",6,2,5,2,4,20,510020,710020
"RDMM",4.17462764573467,0.940840788344503,0.015,0.778084586948804,0.09,-30647.3358072616,63636.4006540982,116,5.20000000000002,TRUE,"","r1 over",6,2,5,2,4,20,510020,710020
"DGMM",NA,0.898602552064052,0.026,0.410857817896509,0.402,-33118.1785767088,68584.9939482715,28,3.51999999999998,TRUE,"","r1 over",6,2,5,2,4,21,510021,710021
"RDMM",3.79680354311776,0.92536933325235,0.019,0.72190231849727,0.115,-30616.1636140706,63574.0562677161,157,6.54000000000002,TRUE,"","r1 over",6,2,5,2,4,21,510021,710021
"DGMM",NA,0.642859087901611,0.099,0.279542711856369,0.421,-33039.2352607828,68427.1073164196,13,1.70000000000002,TRUE,"","r1 over",6,2,5,2,4,22,510022,710022
"RDMM",4.10210989993986,0.921521451032443,0.02,0.752890880495753,0.101,-30685.3013495518,63712.3317386785,228,10,TRUE,"","r1 over",6,2,5,2,4,22,510022,710022
"DGMM",NA,0.824288415493488,0.046,0.309821206673104,0.503,-33557.6848873657,69464.0065695854,14,1.78,TRUE,"","r1 over",6,2,5,2,4,23,510023,710023
"RDMM",4.00067356873742,0.933089063504733,0.017,0.723313593724412,0.115,-30991.4348306444,64324.5987008638,212,8.63999999999999,TRUE,"","r1 over",6,2,5,2,4,23,510023,710023
"DGMM",NA,0.705312195914229,0.08,0.238381017624355,0.485,-33363.0163543131,69074.6695034802,17,2.24000000000001,TRUE,"","r1 over",6,2,5,2,4,24,510024,710024
"RDMM",4.01423342744246,0.913849769051718,0.022,0.718725013042354,0.117,-30345.6565552103,63033.0421499955,207,8.47,TRUE,"","r1 over",6,2,5,2,4,24,510024,710024
"DGMM",NA,0.317536689961001,0.218,0.150856269956223,0.578,-32581.7512134201,67512.1392216941,38,4.75,TRUE,"","r1 over",6,2,5,2,4,25,510025,710025
"RDMM",3.90337602840262,0.936960902784144,0.016,0.766895624267605,0.095,-30141.6395121221,62625.0080638192,137,5.74000000000001,TRUE,"","r1 over",6,2,5,2,4,25,510025,710025
"DGMM",NA,0.835231638102354,0.043,0.28208465277178,0.505,-33614.4741822284,69577.5851593107,18,2.31,TRUE,"","r1 over",6,2,5,2,4,26,510026,710026
"RDMM",3.77090040344283,0.948624599761839,0.013,0.766928126148736,0.095,-30985.3798270606,64312.4886936962,122,5.19,TRUE,"","r1 over",6,2,5,2,4,26,510026,710026
"DGMM",NA,0.898602517024025,0.026,0.303158955412574,0.492,-33659.1867915705,69667.0103779949,20,2.53,TRUE,"","r1 over",6,2,5,2,4,27,510027,710027
"RDMM",4.15768758253188,0.921521449096114,0.02,0.710269769406738,0.121,-31141.5200370727,64624.7691137203,112,4.66,TRUE,"","r1 over",6,2,5,2,4,27,510027,710027
"DGMM",NA,0.827928083500095,0.045,0.293675852691745,0.451,-33866.6577557389,70081.9523063318,14,1.81,TRUE,"","r1 over",6,2,5,2,4,28,510028,710028
"RDMM",3.47114191437057,0.910025973880811,0.023,0.717353053215044,0.117,-31151.1199112428,64643.9688620605,100,4.16999999999999,TRUE,"","r1 over",6,2,5,2,4,28,510028,710028
"DGMM",NA,0.868492583098113,0.034,0.345363498388021,0.473,-33184.1604757266,68716.9577463071,26,3.31,TRUE,"","r1 over",6,2,5,2,4,29,510029,710029
"RDMM",4.17019693925822,0.936960942541952,0.016,0.713048609926203,0.12,-30765.6313513574,63872.9917422898,134,5.68000000000001,TRUE,"","r1 over",6,2,5,2,4,29,510029,710029
"DGMM",NA,0.53245964269179,0.135,0.220481885433929,0.502,-33387.9976714562,69124.6321377664,23,2.96000000000001,TRUE,"","r1 over",6,2,5,2,4,30,510030,710030
"RDMM",4.04448642706736,0.929225161655584,0.018,0.751567363528797,0.102,-30922.0997588899,64185.9285573548,131,5.39000000000001,TRUE,"","r1 over",6,2,5,2,4,30,510030,710030
"DGMM",NA,0.92152140641257,0.02,0.319011853443551,0.504,-33453.336672484,69255.3101398219,23,2.88999999999999,TRUE,"","r1 over",6,2,5,2,4,31,510031,710031
"RDMM",3.92971866327897,0.952528269331997,0.012,0.74989910906327,0.103,-30860.5279237864,64062.7848871477,219,9.11000000000001,TRUE,"","r1 over",6,2,5,2,4,31,510031,710031
"DGMM",NA,0.497975066938396,0.147,0.192825125047149,0.526,-33160.1500938633,68668.9369825804,21,2.63999999999999,TRUE,"","r1 over",6,2,5,2,4,32,510032,710032
"RDMM",3.8500334398108,0.948624574172566,0.013,0.756672619547786,0.1,-30446.3233795016,63234.3757985781,110,4.70000000000005,TRUE,"","r1 over",6,2,5,2,4,32,510032,710032
"DGMM",NA,0.280176876602148,0.235,0.123310944158815,0.599,-32980.6680989012,68309.9729926563,26,3.32999999999998,TRUE,"","r1 over",6,2,5,2,4,33,510033,710033
"RDMM",3.87321118808022,0.861045047905454,0.036,0.698325652094625,0.125,-30811.1637580012,63964.0565555774,177,7.44,TRUE,"","r1 over",6,2,5,2,4,33,510033,710033
"DGMM",NA,0.63644036206901,0.101,0.406011528461912,0.291,-33106.505618756,68561.648032366,6,0.810000000000002,TRUE,"","r1 over",6,2,5,2,4,34,510034,710034
"RDMM",4.23314648693744,0.917681675909177,0.021,0.764292221074221,0.096,-30443.3896797034,63228.5083989818,127,5.30000000000001,TRUE,"","r1 over",6,2,5,2,4,34,510034,710034
"DGMM",NA,0.824288290079912,0.046,0.300895330828324,0.471,-33719.8996110097,69788.4360168734,20,2.63,TRUE,"","r1 over",6,2,5,2,4,35,510035,710035
"RDMM",3.95665137422863,0.910026000185663,0.023,0.72641151354825,0.113,-30922.5043521649,64186.7377439047,116,4.81,TRUE,"","r1 over",6,2,5,2,4,35,510035,710035
"DGMM",NA,0.917681701564748,0.021,0.314488193434702,0.472,-33552.6103907774,69453.8575764087,17,2.19,TRUE,"","r1 over",6,2,5,2,4,36,510036,710036
"RDMM",3.75140865909322,0.925369381709881,0.019,0.583345196011329,0.195,-31033.291663239,64408.312366053,116,4.93000000000001,TRUE,"","r1 over",6,2,5,2,4,36,510036,710036
"DGMM",NA,0.500751349896943,0.146,0.234035918964833,0.482,-33937.7058176269,70224.0484301078,12,1.56999999999999,TRUE,"","r1 over",6,2,5,2,4,37,510037,710037
"RDMM",4.04694596104464,0.952528500764103,0.012,0.75878465357005,0.099,-30645.0565582676,63631.8421561102,151,6.25,TRUE,"","r1 over",6,2,5,2,4,37,510037,710037
"DGMM",NA,0.891027200551732,0.028,0.305697435943674,0.475,-32837.6655177709,68023.9678303957,21,2.73999999999995,TRUE,"","r1 over",6,2,5,2,4,38,510038,710038
"RDMM",4.21290692332617,0.917681708928844,0.021,0.686203575368882,0.134,-30605.8838937485,63553.4968270719,211,8.73000000000002,TRUE,"","r1 over",6,2,5,2,4,38,510038,710038
"DGMM",NA,0.00493668939400742,0.459,0.00282992128503747,0.718,-31728.4944652083,65805.6257252705,32,4.01999999999998,TRUE,"","r1 over",6,2,5,2,4,39,510039,710039
"RDMM",3.74791098150112,0.910024976835364,0.023,0.730268899572179,0.111,-30592.643730763,63527.016501101,114,4.81,TRUE,"","r1 over",6,2,5,2,4,39,510039,710039
"DGMM",NA,0.902402021007877,0.025,0.302289592565421,0.483,-32359.6666439434,67067.9700827407,21,2.75,TRUE,"","r1 over",6,2,5,2,4,40,510040,710040
"RDMM",3.95598613866605,0.940840650914624,0.015,0.751546380088367,0.102,-30043.0976127445,62427.9242650639,100,4.21999999999997,TRUE,"","r1 over",6,2,5,2,4,40,510040,710040
"DGMM",NA,0.685270120181959,0.086,0.2402317194324,0.521,-34628.7061287438,71606.0490523415,12,1.53000000000003,TRUE,"","r1 over",6,2,5,2,4,41,510041,710041
"RDMM",3.92450070774479,0.913849814037651,0.022,0.726836036605874,0.113,-31121.4282683855,64584.5855763459,217,9.18000000000001,TRUE,"","r1 over",6,2,5,2,4,41,510041,710041
"DGMM",NA,0.802620162185945,0.052,0.306099099783574,0.446,-32857.1336767536,68062.9041483611,10,1.38999999999999,TRUE,"","r1 over",6,2,5,2,4,42,510042,710042
"RDMM",4.17171896166398,0.964288253218386,0.009,0.761241217205252,0.098,-30214.7521023708,62771.2332443166,183,7.10999999999996,TRUE,"","r1 over",6,2,5,2,4,42,510042,710042
"DGMM",NA,0.917681517836723,0.021,0.386421471952416,0.451,-32651.8995946458,67652.4359841456,46,3.81,TRUE,"","r1 over",6,2,5,2,4,43,510043,710043
"RDMM",4.19882396320707,0.952528522859355,0.012,0.776191792227703,0.091,-30732.8432065598,63807.4154526946,197,8.66,TRUE,"","r1 over",6,2,5,2,4,43,510043,710043
"DGMM",NA,0.838895043643372,0.042,0.361035111048255,0.5,-33193.820940279,68736.2786754119,57,7.08,TRUE,"","r1 over",6,2,5,2,4,44,510044,710044
"RDMM",3.82853672731201,0.898601919515915,0.026,0.702574762511603,0.124,-30842.3060760447,64026.3411916643,171,7.05,TRUE,"","r1 over",6,2,5,2,4,44,510044,710044
"DGMM",NA,0.857333319952985,0.037,0.355298820909158,0.462,-33244.9725274776,68838.5818498091,21,2.71,TRUE,"","r1 over",6,2,5,2,4,45,510045,710045
"RDMM",3.94976255474186,0.913849847052994,0.022,0.6574261340508,0.147,-30573.2244874928,63488.1780145606,148,6.14,TRUE,"","r1 over",6,2,5,2,4,45,510045,710045
"DGMM",NA,0.414058693573014,0.178,0.223497741351534,0.565,-32937.3907976552,68223.4183901643,19,2.43,TRUE,"","r1 over",6,2,5,2,4,46,510046,710046
"RDMM",3.52564018746182,0.948624493045803,0.013,0.764227556318677,0.098,-30453.6532525545,63249.035544684,189,7.97,TRUE,"","r1 over",6,2,5,2,4,46,510046,710046
"DGMM",NA,0.872228290062504,0.033,0.363938399983002,0.498,-33165.7688958858,68680.1745866256,44,5.54,TRUE,"","r1 over",6,2,5,2,4,47,510047,710047
"RDMM",3.55219252124864,0.936960860215673,0.016,0.764035635243703,0.096,-30637.8105176852,63617.3500749453,116,4.94,TRUE,"","r1 over",6,2,5,2,4,47,510047,710047
"DGMM",NA,0.864765128679,0.035,0.342038618455642,0.457,-32775.6151435381,67899.8670819301,17,2.2,TRUE,"","r1 over",6,2,5,2,4,48,510048,710048
"RDMM",3.90571537474078,0.921521477359704,0.02,0.72770952971875,0.113,-30464.6146930563,63270.9584256876,222,9.22000000000001,TRUE,"","r1 over",6,2,5,2,4,48,510048,710048
"DGMM",NA,0.887251179768119,0.029,0.358113547571677,0.496,-33374.4422201131,69097.5212350801,58,7.28,TRUE,"","r1 over",6,2,5,2,4,49,510049,710049
"RDMM",3.70543864033707,0.933089046667319,0.017,0.74885384680329,0.103,-30688.4456347297,63718.6203090343,169,6.84,TRUE,"","r1 over",6,2,5,2,4,49,510049,710049
"DGMM",NA,0.894805224910607,0.027,0.29731815552138,0.488,-33254.9880970301,68858.6129889141,28,3.55,TRUE,"","r1 over",6,2,5,2,4,50,510050,710050
"RDMM",3.81050846612233,0.944726213629969,0.014,0.716935012931911,0.118,-30708.0428578696,63757.8147553142,111,4.58,TRUE,"","r1 over",6,2,5,2,4,50,510050,710050
"DGMM",NA,0.906210157432332,0.024,0.449969288209072,0.496,-33413.6519300163,69175.9406548866,24,3.02999999999999,TRUE,"","r1 over",6,2,5,2,4,51,510051,710051
"RDMM",4.15261841632959,0.952528501815135,0.012,0.791752377474999,0.084,-30855.5869365628,64052.9029127006,100,4.16000000000001,TRUE,"","r1 over",6,2,5,2,4,51,510051,710051
"DGMM",NA,0.89860261686731,0.026,0.298314456062809,0.506,-33022.7355470676,68394.1078889892,19,2.44999999999999,TRUE,"","r1 over",6,2,5,2,4,52,510052,710052
"RDMM",3.958454300974,0.925369376368788,0.019,0.759779556250518,0.098,-30596.9943718356,63535.7177832461,116,4.78,TRUE,"","r1 over",6,2,5,2,4,52,510052,710052
"DGMM",NA,0.401416738350436,0.183,0.161465883324414,0.561,-32970.6945942496,68290.0259833531,27,3.63,TRUE,"","r1 over",6,2,5,2,4,53,510053,710053
"RDMM",4.17003929937766,0.933089055369225,0.017,0.703917813580409,0.125,-30750.8405686749,63843.4101769248,135,5.45,TRUE,"","r1 over",6,2,5,2,4,53,510053,710053
"DGMM",NA,0.910025959219556,0.023,0.378577144249581,0.464,-32893.5204388816,68135.6776726172,15,1.99000000000001,TRUE,"","r1 over",6,2,5,2,4,54,510054,710054
"RDMM",4.45826172263506,0.952528495403916,0.012,0.725753838509926,0.115,-30742.4860308202,63826.7011012154,211,8.61,TRUE,"","r1 over",6,2,5,2,4,54,510054,710054
"DGMM",NA,0.000108498234210842,0.485,-0.000365653767551053,0.731,-32186.8771531254,66722.3911011047,35,4.46000000000001,TRUE,"","r1 over",6,2,5,2,4,55,510055,710055
"RDMM",3.88041000029711,0.936960944142815,0.016,0.745173234783448,0.105,-30818.8223785004,63979.3737965758,184,8,TRUE,"","r1 over",6,2,5,2,4,55,510055,710055
"DGMM",NA,0.894810732706909,0.027,0.337736480272596,0.508,-32875.3709234592,68099.3786417723,25,3.21000000000001,TRUE,"","r1 over",6,2,5,2,4,56,510056,710056
"RDMM",4.08262311341836,0.956440423684249,0.011,0.734409758899073,0.11,-30552.1356053113,63446.0002501975,152,6.37,TRUE,"","r1 over",6,2,5,2,4,56,510056,710056
"DGMM",NA,0.722225097299804,0.075,0.279633384235185,0.508,-33542.6241594388,69433.8851137315,26,3.29000000000002,TRUE,"","r1 over",6,2,5,2,4,57,510057,710057
"RDMM",3.61132202137144,0.93696094103508,0.016,0.733933182918808,0.11,-30975.654604416,64293.038248407,218,8.97,TRUE,"","r1 over",6,2,5,2,4,57,510057,710057
"DGMM",NA,0.806210195763369,0.051,0.343777562244351,0.512,-33054.3191233793,68457.2750416126,40,5.25,TRUE,"","r1 over",6,2,5,2,4,58,510058,710058
"RDMM",3.72297223376995,0.894810817134803,0.027,0.680103470329654,0.134,-30633.811403761,63609.351847097,300,12.44,TRUE,"","r1 over",6,2,5,2,4,58,510058,710058
"DGMM",NA,0.523708874260247,0.138,0.201443911328006,0.562,-32983.529564122,68315.6959230978,19,2.47,TRUE,"","r1 over",6,2,5,2,4,59,510059,710059
"RDMM",3.7459184824714,0.940840839560444,0.015,0.687503289534201,0.133,-30672.0914400625,63685.9119196999,125,5.74000000000001,TRUE,"","r1 over",6,2,5,2,4,59,510059,710059
"DGMM",NA,-0.000705678476915194,0.497,-0.000743400952971297,0.74,-32239.3633323875,66827.363459629,39,4.85999999999999,TRUE,"","r1 over",6,2,5,2,4,60,510060,710060
"RDMM",3.59751861884361,0.94472868580456,0.014,0.726490033066158,0.114,-30982.9150438607,64307.5591272963,300,12.28,TRUE,"","r1 over",6,2,5,2,4,60,510060,710060
"DGMM",NA,0.853629614233475,0.038,0.28899127612048,0.482,-33182.4630260205,68713.5628468949,27,3.45999999999998,TRUE,"","r1 over",6,2,5,2,4,61,510061,710061
"RDMM",3.77953859298817,0.925369359096375,0.019,0.738235728098501,0.108,-30673.2069443764,63688.1429283278,188,7.73000000000002,TRUE,"","r1 over",6,2,5,2,4,61,510061,710061
"DGMM",NA,0.898602572234611,0.026,0.344704934462747,0.455,-32541.6587978806,67431.9543906151,43,5.40000000000001,TRUE,"","r1 over",6,2,5,2,4,62,510062,710062
"RDMM",4.10530416329477,0.952528525233878,0.012,0.75227973987977,0.102,-30492.3281223096,63326.3852841941,135,5.61000000000001,TRUE,"","r1 over",6,2,5,2,4,62,510062,710062
"DGMM",NA,0.559060092421187,0.126,0.231372673437543,0.485,-32945.4661170399,68239.5690289337,13,1.78,TRUE,"","r1 over",6,2,5,2,4,63,510063,710063
"RDMM",4.09253057758669,0.917681684461036,0.021,0.702592492981252,0.124,-30501.7531948687,63345.2354293124,136,5.70999999999998,TRUE,"","r1 over",6,2,5,2,4,63,510063,710063
"DGMM",NA,0.000332405184147577,0.468,0.450221686165635,0.502,-32748.1791701716,67844.9951351971,21,2.79999999999998,TRUE,"","r1 over",6,2,5,2,4,64,510064,710064
"RDMM",4.20993206559658,0.000332405184147577,0.468,0.447828602553415,0.5,-30523.0796335283,63387.8883066316,100,4.25,TRUE,"","r1 over",6,2,5,2,4,64,510064,710064
"DGMM",NA,0.853627645019603,0.038,0.340667541899276,0.504,-33532.012272498,69412.66133985,42,5.25,TRUE,"","r1 over",6,2,5,2,4,65,510065,710065
"RDMM",3.50915043697013,0.925369068134702,0.019,0.774338613062518,0.091,-30711.5471718091,63764.8233831932,142,5.95000000000002,TRUE,"","r1 over",6,2,5,2,4,65,510065,710065
"DGMM",NA,0.398904245230362,0.184,0.168193751344528,0.549,-32375.7146158098,67100.0660264736,22,2.84,TRUE,"","r1 over",6,2,5,2,4,66,510066,710066
"RDMM",4.02672766588999,0.906210212429586,0.024,0.713486527333483,0.119,-30091.8189689228,62525.3669774206,300,12.27,TRUE,"","r1 over",6,2,5,2,4,66,510066,710066
"DGMM",NA,0.712050930421117,0.078,0.291192840174361,0.49,-34096.8694811277,70542.3757571093,11,1.5,TRUE,"","r1 over",6,2,5,2,4,67,510067,710067
"RDMM",3.83436193471612,0.925369311758724,0.019,0.771282435018028,0.093,-30897.0685048187,64135.8660492123,128,5.25,TRUE,"","r1 over",6,2,5,2,4,67,510067,710067
"DGMM",NA,0.929225212878938,0.018,0.400350447613997,0.43,-33528.0926039874,69404.8220028287,23,2.97000000000003,TRUE,"","r1 over",6,2,5,2,4,68,510068,710068
"RDMM",3.91273136659339,0.910026025688489,0.023,0.692395575797856,0.129,-31067.4426078524,64476.6142552798,223,9.21999999999997,TRUE,"","r1 over",6,2,5,2,4,68,510068,710068
"DGMM",NA,0.000194565476747722,0.483,0.00164236103425252,0.726,-32747.4914203234,67843.6196355008,25,3.15000000000003,TRUE,"","r1 over",6,2,5,2,4,69,510069,710069
"RDMM",3.63248899767319,0.917681681879641,0.021,0.725114084657045,0.114,-31299.7170057877,64941.1630511504,151,6.38999999999999,TRUE,"","r1 over",6,2,5,2,4,69,510069,710069
"DGMM",NA,-0.00071469075625836,0.496,-0.000323348951607475,0.741,-31954.3416422991,66257.3200794521,38,4.83000000000004,TRUE,"","r1 over",6,2,5,2,4,70,510070,710070
"RDMM",3.85683192427142,0.917681653563478,0.021,0.756903989904215,0.099,-30743.8801109332,63829.4892614414,143,5.89999999999998,TRUE,"","r1 over",6,2,5,2,4,70,510070,710070
"DGMM",NA,0.40895421046319,0.18,0.174342908236973,0.556,-32740.1225524926,67828.881899839,21,2.76999999999998,TRUE,"","r1 over",6,2,5,2,4,71,510071,710071
"RDMM",4.1095937221869,0.929225185398476,0.018,0.725360304820934,0.115,-30509.3023474824,63360.3337345398,142,5.95000000000005,TRUE,"","r1 over",6,2,5,2,4,71,510071,710071
"DGMM",NA,0.891026709976655,0.028,0.302223920147286,0.495,-33710.4007850349,69769.4383649237,16,2.11000000000001,TRUE,"","r1 over",6,2,5,2,4,72,510072,710072
"RDMM",3.87017488048171,0.921521293193064,0.02,0.728686627197522,0.113,-30928.6334889624,64198.9960174997,267,10.87,TRUE,"","r1 over",6,2,5,2,4,72,510072,710072
"DGMM",NA,0.898602604416781,0.026,0.311842398326481,0.478,-33158.5089338694,68665.6546625927,20,2.63999999999999,TRUE,"","r1 over",6,2,5,2,4,73,510073,710073
"RDMM",3.93701292229421,0.921521521929169,0.02,0.751507771447987,0.102,-30720.1702054292,63782.0694504334,143,5.94,TRUE,"","r1 over",6,2,5,2,4,73,510073,710073
"DGMM",NA,0.898602599310746,0.026,0.312798958950812,0.5,-33304.3947775098,68957.4263498735,30,3.80000000000001,TRUE,"","r1 over",6,2,5,2,4,74,510074,710074
"RDMM",3.77723931571909,0.948624617552743,0.013,0.770347957777601,0.094,-30261.4920581572,62864.7131558894,151,6.33999999999997,TRUE,"","r1 over",6,2,5,2,4,74,510074,710074
"DGMM",NA,0.688586596872836,0.085,0.264624697461734,0.519,-33431.048653053,69210.73410096,23,2.95000000000005,TRUE,"","r1 over",6,2,5,2,4,75,510075,710075
"RDMM",3.86762574667416,0.929225228373919,0.018,0.663975019686057,0.145,-30988.5365265195,64318.8020926139,100,4.25,TRUE,"","r1 over",6,2,5,2,4,75,510075,710075
"DGMM",NA,0.84256658133185,0.041,0.297510301347557,0.468,-33156.3518814556,68661.340557765,20,2.67000000000002,TRUE,"","r1 over",6,2,5,2,4,76,510076,710076
"RDMM",3.86176420386133,0.925369339038542,0.019,0.75504045108985,0.101,-30663.4438855108,63668.6168105965,163,6.62,TRUE,"","r1 over",6,2,5,2,4,76,510076,710076
"DGMM",NA,0.626906423381498,0.104,0.243524060029477,0.527,-33565.305550146,69479.2478951459,35,3.81,TRUE,"","r1 over",6,2,5,2,4,77,510077,710077
"RDMM",3.88300785228624,0.929225170260895,0.018,0.736265697545335,0.109,-30820.2432766554,63982.2155928857,264,7.46999999999997,TRUE,"","r1 over",6,2,5,2,4,77,510077,710077
"DGMM",NA,0.427119035289275,0.173,0.210785795368118,0.508,-33185.1223498695,68718.8814945928,19,1.41000000000003,TRUE,"","r1 over",6,2,5,2,4,78,510078,710078
"RDMM",3.84571306183219,0.921521507555824,0.02,0.72333229964092,0.115,-30423.771257267,63189.2715541089,184,4.31,TRUE,"","r1 over",6,2,5,2,4,78,510078,710078
"DGMM",NA,0.788332742601603,0.056,0.344126556826957,0.372,-33084.4140367293,68517.4648683125,10,0.75,TRUE,"","r1 over",6,2,5,2,4,79,510079,710079
"RDMM",4.00300931789383,0.929225173307474,0.018,0.750557633896037,0.102,-30666.7237175922,63675.1764747594,179,4.19,TRUE,"","r1 over",6,2,5,2,4,79,510079,710079
"DGMM",NA,0.809810446806202,0.05,0.302340613157482,0.48,-33626.5139028497,69601.6646005534,25,1.81,TRUE,"","r1 over",6,2,5,2,4,80,510080,710080
"RDMM",3.8716870903141,0.910025937669061,0.023,0.697553930519881,0.127,-30971.6867726399,64285.1025848548,106,2.5,TRUE,"","r1 over",6,2,5,2,4,80,510080,710080
"DGMM",NA,0.421864384162032,0.175,0.174380413034972,0.512,-33321.0956381243,68990.8280711025,18,1.23000000000002,TRUE,"","r1 over",6,2,5,2,4,81,510081,710081
"RDMM",3.87986896559706,0.944728659752824,0.014,0.761938680378469,0.097,-30753.6627297961,63849.0544991672,122,2.85999999999996,TRUE,"","r1 over",6,2,5,2,4,81,510081,710081
"DGMM",NA,0.381307528628407,0.191,0.232770624115549,0.481,-34082.3384178501,70513.3136305541,11,0.779999999999973,TRUE,"","r1 over",6,2,5,2,4,82,510082,710082
"RDMM",3.80676016330526,0.952528528052863,0.012,0.792902659038306,0.084,-31098.3683504165,64538.4657404079,143,3.32000000000005,TRUE,"","r1 over",6,2,5,2,4,82,510082,710082
"DGMM",NA,0.806210944684751,0.051,0.279869268102424,0.473,-33803.1241081279,69954.8850111097,13,0.939999999999998,TRUE,"","r1 over",6,2,5,2,4,83,510083,710083
"RDMM",3.65311496013989,0.913849851391228,0.022,0.746299202496293,0.104,-30689.9889132508,63721.7068660766,108,2.57999999999998,TRUE,"","r1 over",6,2,5,2,4,83,510083,710083
"DGMM",NA,0.434850376089136,0.17,0.185628216441314,0.51,-33282.4502588093,68913.5373124724,27,1.74,TRUE,"","r1 over",6,2,5,2,4,84,510084,710084
"RDMM",3.64138239908968,0.910025274999274,0.023,0.752153762225111,0.1,-30862.5652943027,64066.8596281803,119,5.13,TRUE,"","r1 over",6,2,5,2,4,84,510084,710084
"DGMM",NA,0.891026970909686,0.028,0.341268575963825,0.504,-33636.5098587474,69621.6565123487,15,1.94,TRUE,"","r1 over",6,2,5,2,4,85,510085,710085
"RDMM",3.87054963739014,0.906210205360963,0.024,0.728071320520843,0.112,-30847.8834036122,64037.4958467994,184,7.67,TRUE,"","r1 over",6,2,5,2,4,85,510085,710085
"DGMM",NA,0.872227977805558,0.033,0.308733922641414,0.447,-34057.8767992348,70464.3903933234,24,3,TRUE,"","r1 over",6,2,5,2,4,86,510086,710086
"RDMM",3.87944073544551,0.902402304975356,0.025,0.739724555003666,0.107,-31072.1314455512,64485.9919306773,154,6.35,TRUE,"","r1 over",6,2,5,2,4,86,510086,710086
"DGMM",NA,-0.000852808005808696,0.496,-0.00209738165103111,0.724,-32124.3110422347,66597.2588793234,44,5.51,TRUE,"","r1 over",6,2,5,2,4,87,510087,710087
"RDMM",4.11682668987973,0.929225210152338,0.018,0.525625670256601,0.264,-31021.6097504182,64384.9485404113,100,4.12,TRUE,"","r1 over",6,2,5,2,4,87,510087,710087
"DGMM",NA,0.80261866393005,0.052,0.374247197027228,0.5,-33958.7139426358,70266.0646801255,39,4.86,TRUE,"","r1 over",6,2,5,2,4,88,510088,710088
"RDMM",3.59183873010157,0.891026981727491,0.028,0.743584919226201,0.105,-31140.2818311148,64622.2927018045,235,9.94,TRUE,"","r1 over",6,2,5,2,4,88,510088,710088
"DGMM",NA,0.364031509972686,0.198,0.171254541604711,0.592,-33304.131740319,68956.9002754918,44,5.66,TRUE,"","r1 over",6,2,5,2,4,89,510089,710089
"RDMM",3.9883255742829,0.929224831380954,0.018,0.775785500393673,0.091,-30820.8359933747,63983.4010263244,100,4.22,TRUE,"","r1 over",6,2,5,2,4,89,510089,710089
"DGMM",NA,0.853629536224834,0.038,0.329611794729902,0.402,-33128.9801897119,68606.5971742777,17,2.14,TRUE,"","r1 over",6,2,5,2,4,90,510090,710090
"RDMM",3.91737649917826,0.921521477993822,0.02,0.75119665227455,0.102,-30655.9596204432,63653.6482804613,100,4.21000000000001,TRUE,"","r1 over",6,2,5,2,4,90,510090,710090
"DGMM",NA,0.910025941979161,0.023,0.453791462787167,0.498,-33092.1950960064,68533.0269868667,28,3.56999999999999,TRUE,"","r1 over",6,2,5,2,4,91,510091,710091
"RDMM",4.02769090063425,0.913849772470104,0.022,0.740121451675361,0.107,-30585.245745956,63512.2205314869,130,5.40000000000001,TRUE,"","r1 over",6,2,5,2,4,91,510091,710091
"DGMM",NA,0.366697119361001,0.197,0.14595720853242,0.558,-32505.3550110409,67359.3468169356,30,3.80999999999999,TRUE,"","r1 over",6,2,5,2,4,92,510092,710092
"RDMM",3.92312444969097,0.968224192638976,0.008,0.768558618566251,0.095,-30232.1405524753,62806.0101445255,215,8.82000000000001,TRUE,"","r1 over",6,2,5,2,4,92,510092,710092
"DGMM",NA,0.933089025491814,0.017,0.465108659706716,0.492,-33716.7871450063,69782.2110848666,37,4.66999999999999,TRUE,"","r1 over",6,2,5,2,4,93,510093,710093
"RDMM",3.84958555043319,0.948624574172566,0.013,0.781409894445674,0.089,-30764.2203550939,63870.1697497628,152,6.22000000000001,TRUE,"","r1 over",6,2,5,2,4,93,510093,710093
"DGMM",NA,0.774174151452225,0.06,0.299072594283849,0.485,-32776.6226829886,67901.8821608311,35,4.44,TRUE,"","r1 over",6,2,5,2,4,94,510094,710094
"RDMM",4.10704258771601,0.933089089249997,0.017,0.696950819944773,0.128,-30750.3296686347,63842.3883768443,137,5.83,TRUE,"","r1 over",6,2,5,2,4,94,510094,710094
"DGMM",NA,0.906209868154371,0.024,0.372570602633656,0.422,-32369.576928233,67087.79065132,15,1.89,TRUE,"","r1 over",6,2,5,2,4,95,510095,710095
"RDMM",4.41539894361958,0.944728567920258,0.014,0.734578073234001,0.11,-30028.75572384,62399.240487255,127,5.29000000000001,TRUE,"","r1 over",6,2,5,2,4,95,510095,710095
"DGMM",NA,0.419256147736723,0.176,0.195006789797016,0.581,-33403.3601470998,69155.3570890536,46,5.69,TRUE,"","r1 over",6,2,5,2,4,96,510096,710096
"RDMM",3.87941060112503,0.910025936209281,0.023,0.780346646912978,0.089,-30949.3209095951,64240.3708587652,179,7.40000000000002,TRUE,"","r1 over",6,2,5,2,4,96,510096,710096
"DGMM",NA,0.944727690331657,0.014,0.440630190078552,0.364,-33358.1891871204,69065.0151690946,18,2.36999999999998,TRUE,"","r1 over",6,2,5,2,4,97,510097,710097
"RDMM",4.08149293125846,0.936959642078152,0.016,0.718088347319926,0.119,-30788.757936183,63919.2449119408,100,4.66,TRUE,"","r1 over",6,2,5,2,4,97,510097,710097
"DGMM",NA,0.701945731748475,0.081,0.512349869464079,0.224,-32373.578709725,67095.794214304,6,0.829999999999984,TRUE,"","r1 over",6,2,5,2,4,98,510098,710098
"RDMM",4.62335405745198,0.948624587703552,0.013,0.767879033200973,0.095,-30097.7059200924,62537.1408797598,100,4.14000000000001,TRUE,"","r1 over",6,2,5,2,4,98,510098,710098
"DGMM",NA,0.636451862688909,0.101,0.22576177401162,0.525,-33409.8116148758,69168.2600246056,15,1.98000000000002,TRUE,"","r1 over",6,2,5,2,4,99,510099,710099
"RDMM",3.98721554996375,0.910025995292812,0.023,0.798850439003655,0.08,-30802.047649706,63945.824338987,100,4.34,TRUE,"","r1 over",6,2,5,2,4,99,510099,710099
"DGMM",NA,0.868492371128203,0.034,0.302820945216781,0.46,-33098.7019242022,68546.0406432583,38,4.80000000000001,TRUE,"","r1 over",6,2,5,2,4,100,510100,710100
"RDMM",4.08907764239448,0.92152146676086,0.02,0.76179254403003,0.097,-30540.7255008446,63423.1800412641,114,4.75,TRUE,"","r1 over",6,2,5,2,4,100,510100,710100
"DGMM",NA,0.902402510187476,0.025,0.406471969370632,0.488,-32960.9783060758,68270.5934070056,29,3.71000000000001,TRUE,"","r1 over",6,2,5,2,4,101,510101,710101
"RDMM",4.53649951787072,0.913849819739097,0.022,0.649638135025699,0.153,-30832.3289038989,64006.3868473728,185,8.03999999999999,TRUE,"","r1 over",6,2,5,2,4,101,510101,710101
"DGMM",NA,0.595541019481388,0.114,0.237793438679351,0.527,-33230.9376389813,68810.5120728165,25,3.09,TRUE,"","r1 over",6,2,5,2,4,102,510102,710102
"RDMM",3.92496327011164,0.952526582557233,0.012,0.778516009146291,0.089,-30449.0864041289,63239.9018478327,102,4.29999999999998,TRUE,"","r1 over",6,2,5,2,4,102,510102,710102
"DGMM",NA,0.000148147314774329,0.483,-0.000885579047761196,0.72,-31827.527469854,66003.6917345619,28,3.5,TRUE,"","r1 over",6,2,5,2,4,103,510103,710103
"RDMM",3.89924404994581,0.925369370812327,0.019,0.757214240028641,0.099,-30687.4617991628,63716.6526379005,165,6.66,TRUE,"","r1 over",6,2,5,2,4,103,510103,710103
"DGMM",NA,0.891027234561629,0.028,0.443260899438601,0.506,-33454.9196452821,69258.4760854181,27,3.41,TRUE,"","r1 over",6,2,5,2,4,104,510104,710104
"RDMM",3.96854932433138,0.910025982535623,0.023,0.731148440595524,0.111,-31022.3206736884,64386.3703869517,100,4.15000000000001,TRUE,"","r1 over",6,2,5,2,4,104,510104,710104
"DGMM",NA,0.883483525513432,0.03,0.364138662022238,0.485,-33261.3538941913,68871.3445832364,18,2.28,TRUE,"","r1 over",6,2,5,2,4,105,510105,710105
"RDMM",4.37883679030965,0.952528501815135,0.012,0.736730661730229,0.109,-30813.1299408755,63967.9889213259,151,6.20000000000002,TRUE,"","r1 over",6,2,5,2,4,105,510105,710105
"DGMM",NA,0.00263745801203323,0.471,0.000900122470128371,0.729,-32059.4559766897,66467.5487482334,29,3.66000000000003,TRUE,"","r1 over",6,2,5,2,4,106,510106,710106
"RDMM",3.75655720314276,0.921521449096114,0.02,0.470368094061612,0.293,-30805.3006582016,63952.3303559781,201,8.17999999999998,TRUE,"","r1 over",6,2,5,2,4,106,510106,710106
"DGMM",NA,0.857333492868065,0.037,0.354820538610142,0.439,-32883.675305713,68115.9874062799,19,2.38999999999999,TRUE,"","r1 over",6,2,5,2,4,107,510107,710107
"RDMM",4.22312005671705,0.891026919582735,0.028,0.489303164659382,0.311,-30480.1876234721,63302.1042865192,206,8.5,TRUE,"","r1 over",6,2,5,2,4,107,510107,710107
"DGMM",NA,0.806210616603616,0.051,0.307065283596448,0.483,-33384.500642003,69117.6380788598,13,1.81999999999999,TRUE,"","r1 over",6,2,5,2,4,108,510108,710108
"RDMM",3.90913921863114,0.910026083069793,0.023,0.73098355233196,0.11,-30962.6274971056,64266.9840337862,102,4.31,TRUE,"","r1 over",6,2,5,2,4,108,510108,710108
"DGMM",NA,0.715435496883509,0.077,0.240440853012147,0.527,-33414.865704215,69178.3682032839,11,1.39999999999998,TRUE,"","r1 over",6,2,5,2,4,109,510109,710109
"RDMM",4.12901096706459,0.891026945788679,0.028,0.705454625431653,0.122,-30657.2265653748,63656.1821703245,113,4.74000000000001,TRUE,"","r1 over",6,2,5,2,4,109,510109,710109
"DGMM",NA,0.749706174688651,0.067,0.326740883305206,0.389,-33643.2532437118,69635.1432822776,15,1.91,TRUE,"","r1 over",6,2,5,2,4,110,510110,710110
"RDMM",3.98397099893115,0.913849835418072,0.022,0.722926065937489,0.115,-30938.5603884773,64218.8498165296,142,5.94000000000003,TRUE,"","r1 over",6,2,5,2,4,110,510110,710110
"DGMM",NA,0.255406822790086,0.247,0.183657453864056,0.548,-33283.890395058,68916.4175849699,16,2.08999999999997,TRUE,"","r1 over",6,2,5,2,4,111,510111,710111
"RDMM",4.15711152747994,0.933089066233732,0.017,0.753675098428385,0.101,-30583.3918205492,63508.5126806734,126,5.20000000000002,TRUE,"","r1 over",6,2,5,2,4,111,510111,710111
"DGMM",NA,0.883483564786189,0.03,0.358915790028019,0.443,-32815.8030249452,67980.2428447443,43,5.40000000000001,TRUE,"","r1 over",6,2,5,2,4,112,510112,710112
"RDMM",4.04280398601948,0.902402364859231,0.025,0.730435274970458,0.111,-30516.6080523864,63374.9451443477,101,4.26999999999998,TRUE,"","r1 over",6,2,5,2,4,112,510112,710112
"DGMM",NA,0.929225170260895,0.018,0.329107774155653,0.484,-33292.2207296734,68933.0782542007,15,1.97000000000003,TRUE,"","r1 over",6,2,5,2,4,113,510113,710113
"RDMM",4.09594031817704,0.95252848285774,0.012,0.745762785666432,0.105,-30777.856664217,63897.442368009,102,4.26999999999998,TRUE,"","r1 over",6,2,5,2,4,113,510113,710113
"DGMM",NA,0.879723793430826,0.031,0.314839938354049,0.467,-33092.7311213395,68534.0990375329,18,2.27999999999997,TRUE,"","r1 over",6,2,5,2,4,114,510114,710114
"RDMM",3.85552625419487,0.925369349447941,0.019,0.778514964129555,0.09,-30517.847541862,63377.424123299,113,4.65000000000003,TRUE,"","r1 over",6,2,5,2,4,114,510114,710114
"DGMM",NA,0.913849834821409,0.022,0.30390178812929,0.493,-32888.5904982895,68125.817791433,34,4.44999999999999,TRUE,"","r1 over",6,2,5,2,4,115,510115,710115
"RDMM",3.9692786280177,0.936960964153588,0.016,0.75349793448675,0.101,-30399.4251208198,63140.5792812145,100,4.11000000000001,TRUE,"","r1 over",6,2,5,2,4,115,510115,710115
"DGMM",NA,0.921521505623273,0.02,0.700221779051348,0.126,-32199.1460873701,66746.9289695941,21,2.75,TRUE,"","r1 over",6,2,5,2,4,116,510116,710116
"RDMM",4.50940711925873,0.933089079299455,0.017,0.75056219619872,0.102,-30218.9225042224,62779.5740480198,118,4.88999999999999,TRUE,"","r1 over",6,2,5,2,4,116,510116,710116
"DGMM",NA,0.753176962604579,0.066,0.297405643364765,0.457,-33548.8809694794,69446.3987338127,12,1.63999999999999,TRUE,"","r1 over",6,2,5,2,4,117,510117,710117
"RDMM",3.99658420628678,0.933089028594122,0.017,0.710686726960037,0.121,-30645.6908725582,63633.1107846913,161,6.65999999999997,TRUE,"","r1 over",6,2,5,2,4,117,510117,710117
"DGMM",NA,0.92922515932271,0.018,0.425648960318318,0.419,-33209.5324050383,68767.7016049305,19,2.39999999999998,TRUE,"","r1 over",6,2,5,2,4,118,510118,710118
"RDMM",4.13812073254546,0.925369298434679,0.019,0.7342392614724,0.11,-31031.2916907426,64404.3124210602,100,4.30000000000001,TRUE,"","r1 over",6,2,5,2,4,118,510118,710118
"DGMM",NA,0.887251278137388,0.029,0.313020722942334,0.486,-32879.7837949751,68108.2043848042,45,5.68000000000001,TRUE,"","r1 over",6,2,5,2,4,119,510119,710119
"RDMM",4.19122874668552,0.952528531569744,0.012,0.763856762573571,0.097,-30598.2046742102,63538.1383879953,100,4.22000000000003,TRUE,"","r1 over",6,2,5,2,4,119,510119,710119
"DGMM",NA,0.00975845136654975,0.448,0.00365127142113943,0.713,-32268.762372408,66886.16153967,36,4.48000000000002,TRUE,"","r1 over",6,2,5,2,4,120,510120,710120
"RDMM",3.57124331777754,0.917681670841408,0.021,0.712992233840354,0.121,-30913.5150112361,64168.7590620471,144,6.01999999999998,TRUE,"","r1 over",6,2,5,2,4,120,510120,710120
"DGMM",NA,0.864764751430962,0.035,0.331356993840459,0.406,-33487.1300306335,69322.8968561209,15,1.98000000000002,TRUE,"","r1 over",6,2,5,2,4,121,510121,710121
"RDMM",3.94840156413296,0.906210154725772,0.024,0.749016509159704,0.102,-30810.9357268141,63963.6004932032,143,6,TRUE,"","r1 over",6,2,5,2,4,121,510121,710121
"DGMM",NA,0.879723677456675,0.031,0.306907502779428,0.47,-33482.5348179305,69313.7064307148,15,1.92000000000002,TRUE,"","r1 over",6,2,5,2,4,122,510122,710122
"RDMM",3.93472302396822,0.917681675544931,0.021,0.711362242171023,0.12,-30870.7973301473,64083.3236998696,231,9.47999999999996,TRUE,"","r1 over",6,2,5,2,4,122,510122,710122
"DGMM",NA,0.503606733993681,0.145,0.216493890006692,0.522,-34054.2885573249,70457.2139095038,9,1.38999999999999,TRUE,"","r1 over",6,2,5,2,4,123,510123,710123
"RDMM",3.69651192802763,0.87597185164043,0.032,0.72827237535272,0.112,-31065.4724319968,64472.6739035685,137,5.75999999999999,TRUE,"","r1 over",6,2,5,2,4,123,510123,710123
"DGMM",NA,0.861045145640462,0.036,0.395667189499122,0.488,-33213.0398290017,68774.7164528574,42,5.26999999999998,TRUE,"","r1 over",6,2,5,2,4,124,510124,710124
"RDMM",3.82519596893925,0.925369068134702,0.019,0.71218723942344,0.12,-30950.5898150692,64242.9086697133,101,3.86000000000001,TRUE,"","r1 over",6,2,5,2,4,124,510124,710124
"DGMM",NA,0.827928650271006,0.045,0.300084195742005,0.452,-34811.8364617673,71972.3097183886,19,1.85000000000002,TRUE,"","r1 over",6,2,5,2,4,125,510125,710125
"RDMM",3.60253559927151,0.933089028594122,0.017,0.769200745121308,0.094,-31348.7477587267,65039.2245570283,100,3.14999999999998,TRUE,"","r1 over",6,2,5,2,4,125,510125,710125
"DGMM",NA,0.685278032406705,0.086,0.317249816628046,0.442,-32507.8925662186,67364.4219272911,18,1.2,TRUE,"","r1 over",6,2,5,2,4,126,510126,710126
"RDMM",4.07649000255608,0.944728673788864,0.014,0.787836028568303,0.086,-30370.7215753041,63083.1721901831,100,3.99,TRUE,"","r1 over",6,2,5,2,4,126,510126,710126
"DGMM",NA,0.872228197366376,0.033,0.346480071350244,0.494,-33067.286359236,68483.209513326,14,1.8,TRUE,"","r1 over",6,2,5,2,4,127,510127,710127
"RDMM",4.32401233389532,0.944728719469746,0.014,0.730971404503409,0.112,-30591.7815044643,63525.2920485035,221,9.09,TRUE,"","r1 over",6,2,5,2,4,127,510127,710127
"DGMM",NA,0.486736279572098,0.151,0.216498539551157,0.48,-33629.9965051239,69608.6298051018,24,2.96,TRUE,"","r1 over",6,2,5,2,4,128,510128,710128
"RDMM",3.77454223430852,0.898602505051401,0.026,0.697714718577649,0.127,-31358.1596340835,65058.048307742,139,5.75,TRUE,"","r1 over",6,2,5,2,4,128,510128,710128
"DGMM",NA,0.853629605109826,0.038,0.330548187965539,0.45,-33449.135539059,69246.9078729719,18,2.3,TRUE,"","r1 over",6,2,5,2,4,129,510129,710129
"RDMM",3.90857196464875,0.910026027142495,0.023,0.717372453305069,0.118,-30853.871189863,64049.471419301,140,5.82,TRUE,"","r1 over",6,2,5,2,4,129,510129,710129
"DGMM",NA,0.917681683273277,0.021,0.379255890428416,0.498,-32347.5477923007,67043.7323794553,48,6.03,TRUE,"","r1 over",6,2,5,2,4,130,510130,710130
"RDMM",4.31093640906083,0.960360343882355,0.01,0.780804851360555,0.089,-30202.0388536235,62745.806746822,223,9.41,TRUE,"","r1 over",6,2,5,2,4,130,510130,710130
"DGMM",NA,0.917681499170365,0.021,0.432365117774813,0.471,-33465.9472240883,69280.5312430305,25,3.13,TRUE,"","r1 over",6,2,5,2,4,131,510131,710131
"RDMM",3.85772261099403,0.921521293646008,0.02,0.736043638699312,0.108,-30800.269691545,63942.2684226649,163,6.84,TRUE,"","r1 over",6,2,5,2,4,131,510131,710131
"DGMM",NA,0.668788102199819,0.091,0.250472202314527,0.498,-33667.5754853774,69683.7877656086,10,1.32,TRUE,"","r1 over",6,2,5,2,4,132,510132,710132
"RDMM",4.03453004239321,0.925368598628478,0.019,0.501978034014463,0.296,-31010.9637685524,64363.6565766797,189,7.85,TRUE,"","r1 over",6,2,5,2,4,132,510132,710132
"DGMM",NA,0.846246806042885,0.04,0.341458551729871,0.488,-32594.3890051416,67537.4148051371,23,2.95,TRUE,"","r1 over",6,2,5,2,4,133,510133,710133
"RDMM",4.32855834104014,0.913849838662425,0.022,0.728604468048129,0.113,-30541.9163690762,63425.5617777273,108,4.47,TRUE,"","r1 over",6,2,5,2,4,133,510133,710133
"DGMM",NA,0.784781195346127,0.057,0.376316840486509,0.507,-33367.6489884071,69083.9347716682,35,4.44000000000001,TRUE,"","r1 over",6,2,5,2,4,134,510134,710134
"RDMM",3.8065159463615,0.906210128675129,0.024,0.730742905711778,0.111,-30829.5546421775,64000.83832393,177,7.26000000000001,TRUE,"","r1 over",6,2,5,2,4,134,510134,710134
"DGMM",NA,0.887251238659554,0.029,0.351665324065836,0.496,-33699.646873221,69747.9305412959,16,2.05,TRUE,"","r1 over",6,2,5,2,4,135,510135,710135
"RDMM",3.99932850129156,0.913849838662425,0.022,0.740098926548295,0.107,-30997.3386820871,64336.4064037491,106,4.41,TRUE,"","r1 over",6,2,5,2,4,135,510135,710135
"DGMM",NA,0.85733375997987,0.037,0.381678922249701,0.496,-32008.9260247593,66366.4888443726,17,2.16,TRUE,"","r1 over",6,2,5,2,4,136,510136,710136
"RDMM",4.67097837115263,0.925369307661963,0.019,0.756942535658802,0.099,-29898.3162009571,62138.3614414892,100,4.16999999999999,TRUE,"","r1 over",6,2,5,2,4,136,510136,710136
"DGMM",NA,0.41658088350357,0.177,0.231996189051971,0.521,-33997.863598511,70344.3639918759,35,4.46000000000001,TRUE,"","r1 over",6,2,5,2,4,137,510137,710137
"RDMM",3.50516671561825,0.906209151752791,0.024,0.763921450848451,0.095,-31014.2433317658,64370.2157031066,135,5.7,TRUE,"","r1 over",6,2,5,2,4,137,510137,710137
"DGMM",NA,0.66552526173629,0.092,0.241885242841152,0.486,-33723.5965541297,69795.8299031133,13,1.66,TRUE,"","r1 over",6,2,5,2,4,138,510138,710138
"RDMM",3.92060868967026,0.906210211563488,0.024,0.730797709891211,0.111,-31196.5916071474,64734.9122538698,150,6.28,TRUE,"","r1 over",6,2,5,2,4,138,510138,710138
"DGMM",NA,0.813418991624112,0.049,0.339256166602636,0.443,-33256.5267961543,68861.6903871626,13,1.69000000000001,TRUE,"","r1 over",6,2,5,2,4,139,510139,710139
"RDMM",4.20233143451304,0.925369370582602,0.019,0.53091826619032,0.288,-30913.5939295718,64168.9168987184,187,7.69,TRUE,"","r1 over",6,2,5,2,4,139,510139,710139
"DGMM",NA,0.902402158069286,0.025,0.392340840655867,0.412,-32843.6948003116,68036.026395477,23,2.97,TRUE,"","r1 over",6,2,5,2,4,140,510140,710140
"RDMM",4.05054683503197,0.933089097831747,0.017,0.736367435036357,0.11,-30422.3512429176,63186.4315254101,142,6.31999999999999,TRUE,"","r1 over",6,2,5,2,4,140,510140,710140
"DGMM",NA,0.4297710587192,0.172,0.195021325232177,0.551,-33352.3458058606,69053.3284065752,38,4.69,TRUE,"","r1 over",6,2,5,2,4,141,510141,710141
"RDMM",3.67059773976259,0.921521522748238,0.02,0.748973888603001,0.103,-31072.7292039032,64487.1874473814,100,4.24000000000001,TRUE,"","r1 over",6,2,5,2,4,141,510141,710141
"DGMM",NA,0.515075784914967,0.141,0.206095707980779,0.526,-32310.0829373173,66968.8026694885,27,3.5,TRUE,"","r1 over",6,2,5,2,4,142,510142,710142
"RDMM",4.40570503054256,0.956440401057714,0.011,0.756551799237458,0.1,-30371.9978905903,63085.7248207556,102,4.30000000000001,TRUE,"","r1 over",6,2,5,2,4,142,510142,710142
"DGMM",NA,0.386322535821461,0.189,0.179414007744321,0.519,-33034.9212302988,68418.4792554516,23,2.98999999999998,TRUE,"","r1 over",6,2,5,2,4,143,510143,710143
"RDMM",3.90975371560191,0.921521470277452,0.02,0.717311304519385,0.118,-30790.1344042307,63921.9978480363,113,4.69,TRUE,"","r1 over",6,2,5,2,4,143,510143,710143
"DGMM",NA,0.495153054732639,0.148,0.203351486430574,0.514,-33521.4615805118,69391.5599558775,16,2.28,TRUE,"","r1 over",6,2,5,2,4,144,510144,710144
"RDMM",3.87445604228789,0.910025946185403,0.023,0.752455744099694,0.101,-30630.1196489732,63601.9683375213,147,6.34,TRUE,"","r1 over",6,2,5,2,4,144,510144,710144
"DGMM",NA,0.806209961332787,0.051,0.284634435951886,0.478,-33267.3444042948,68883.3256034434,16,2.04999999999998,TRUE,"","r1 over",6,2,5,2,4,145,510145,710145
"RDMM",3.85830055406957,0.92922522880963,0.018,0.730062417179698,0.112,-30310.5833146128,62962.8956688005,218,9.06,TRUE,"","r1 over",6,2,5,2,4,145,510145,710145
"DGMM",NA,0.872228394508339,0.033,0.445148812121747,0.462,-33202.7393332498,68754.1154613535,48,5.94,TRUE,"","r1 over",6,2,5,2,4,146,510146,710146
"RDMM",3.93516746292673,0.956440403228186,0.011,0.752603238047597,0.103,-30600.728209286,63543.185458147,127,5.28,TRUE,"","r1 over",6,2,5,2,4,146,510146,710146
"DGMM",NA,0.842566679373264,0.041,0.320677067741685,0.439,-33485.5562129614,69319.7492207767,11,1.44,TRUE,"","r1 over",6,2,5,2,4,147,510147,710147
"RDMM",3.81671634086129,0.933089026585989,0.017,0.70470174731886,0.125,-30691.2137017706,63724.1564431162,227,9.22,TRUE,"","r1 over",6,2,5,2,4,147,510147,710147
"DGMM",NA,0.853629522257752,0.038,0.340562927868581,0.5,-33635.2538625288,69619.1445199115,13,1.75999999999999,TRUE,"","r1 over",6,2,5,2,4,148,510148,710148
"RDMM",3.75227977360904,0.917681626815139,0.021,0.689862003975783,0.131,-31065.661415529,64473.0518706329,152,6.27000000000001,TRUE,"","r1 over",6,2,5,2,4,148,510148,710148
"DGMM",NA,0.8062105415549,0.051,0.301978846423146,0.515,-33090.435456034,68529.5077069219,27,3.34,TRUE,"","r1 over",6,2,5,2,4,149,510149,710149
"RDMM",3.85038620342409,0.940840806554625,0.015,0.765353166097829,0.096,-30698.8789639636,63739.4869675022,100,4.16999999999999,TRUE,"","r1 over",6,2,5,2,4,149,510149,710149
"DGMM",NA,0.913849851196484,0.022,0.313582155723408,0.496,-33143.2149792207,68635.0667532954,16,2.03999999999999,TRUE,"","r1 over",6,2,5,2,4,150,510150,710150
"RDMM",3.84098658404984,0.948624617107971,0.013,0.768850862240947,0.094,-30556.5683377994,63454.8657151737,184,7.72999999999999,TRUE,"","r1 over",6,2,5,2,4,150,510150,710150
"DGMM",NA,0.887251253865031,0.029,0.597176096808867,0.179,-32603.0082082624,67554.6532113788,20,2.59,TRUE,"","r1 over",6,2,5,2,4,151,510151,710151
"RDMM",4.27130694835709,0.910025940507842,0.023,0.746892207180537,0.104,-30090.2471611625,62522.2233619,160,6.66,TRUE,"","r1 over",6,2,5,2,4,151,510151,710151
"DGMM",NA,0.887251216274309,0.029,0.328850844563422,0.463,-33695.767751359,69740.1722975719,15,1.94999999999999,TRUE,"","r1 over",6,2,5,2,4,152,510152,710152
"RDMM",3.83255782115346,0.917681694279834,0.021,0.723249026152745,0.116,-31116.3016292995,64574.332298174,128,5.31999999999999,TRUE,"","r1 over",6,2,5,2,4,152,510152,710152
"DGMM",NA,0.813417292231389,0.049,0.341734129850528,0.403,-32832.5763328691,68013.7894605922,12,1.63,TRUE,"","r1 over",6,2,5,2,4,153,510153,710153
"RDMM",3.94814073437055,0.929225185398476,0.018,0.748364995093313,0.103,-30269.7261102667,62881.1812601083,117,4.88,TRUE,"","r1 over",6,2,5,2,4,153,510153,710153
"DGMM",NA,0.614286397411349,0.108,0.241741368495643,0.517,-32603.1977275068,67555.0322498675,24,3.11000000000001,TRUE,"","r1 over",6,2,5,2,4,154,510154,710154
"RDMM",4.20471077632956,0.925369310208081,0.019,0.726796179142317,0.113,-30152.5868681197,62646.9027758144,237,9.66999999999999,TRUE,"","r1 over",6,2,5,2,4,154,510154,710154
"DGMM",NA,0.902402443719573,0.025,0.319163262184265,0.437,-33026.630836232,68401.8984673178,22,2.87,TRUE,"","r1 over",6,2,5,2,4,155,510155,710155
"RDMM",3.77305635422538,0.944728719469746,0.014,0.775735356716687,0.091,-30529.4181914645,63400.565422504,101,4.21999999999997,TRUE,"","r1 over",6,2,5,2,4,155,510155,710155
"DGMM",NA,0.742787538320641,0.069,0.278260702540745,0.474,-33569.4033737279,69487.4435423097,29,3.58000000000004,TRUE,"","r1 over",6,2,5,2,4,156,510156,710156
"RDMM",3.77306606782165,0.917681658805454,0.021,0.691085391355561,0.13,-30809.4304684256,63960.5899764262,123,5.24000000000001,TRUE,"","r1 over",6,2,5,2,4,156,510156,710156
"DGMM",NA,0.898602592808314,0.026,0.309882808712355,0.49,-33414.8384136268,69178.3136221075,48,6.02999999999997,TRUE,"","r1 over",6,2,5,2,4,157,510157,710157
"RDMM",4.02502561767172,0.91002596136595,0.023,0.709456559709208,0.121,-30844.2083765195,64030.1457926139,124,5.30000000000001,TRUE,"","r1 over",6,2,5,2,4,157,510157,710157
"DGMM",NA,0.906210208856932,0.024,0.305176658396481,0.491,-33143.4715938216,68635.5799824971,28,3.58999999999997,TRUE,"","r1 over",6,2,5,2,4,158,510158,710158
"RDMM",3.86887578009234,0.940840852364415,0.015,0.794071116079216,0.083,-30480.7182465362,63303.1655326473,100,4.14999999999998,TRUE,"","r1 over",6,2,5,2,4,158,510158,710158
"DGMM",NA,0.359334372901108,0.2,0.152170620472371,0.576,-33804.3088481319,69957.2544911178,26,3.35000000000002,TRUE,"","r1 over",6,2,5,2,4,159,510159,710159
"RDMM",3.92320343666529,0.940840821259291,0.015,0.763493913628374,0.097,-31034.1312128149,64409.9914652048,152,6.45999999999998,TRUE,"","r1 over",6,2,5,2,4,159,510159,710159
"DGMM",NA,0.864765053047441,0.035,0.33761959074085,0.481,-33244.9338554691,68838.5045057921,13,1.69,TRUE,"","r1 over",6,2,5,2,4,160,510160,710160
"RDMM",4.12013395854841,0.936960910379154,0.016,0.707386262143186,0.123,-30934.6932421433,64211.1155238616,226,9.28000000000003,TRUE,"","r1 over",6,2,5,2,4,160,510160,710160
"DGMM",NA,0.849934243553863,0.039,0.292589352869415,0.468,-32632.9339755038,67614.5047458616,21,2.63999999999999,TRUE,"","r1 over",6,2,5,2,4,161,510161,710161
"RDMM",4.04886537823196,0.929225157135072,0.018,0.75712308033359,0.1,-30045.6737462546,62433.0765320841,138,5.80000000000001,TRUE,"","r1 over",6,2,5,2,4,161,510161,710161
"DGMM",NA,0.831575958437128,0.044,0.323818535557586,0.495,-33213.9442200895,68776.5252350329,15,1.92000000000002,TRUE,"","r1 over",6,2,5,2,4,162,510162,710162
"RDMM",4.27363226620571,0.929225179011441,0.018,0.539209558274517,0.249,-30958.8081378683,64259.3453153115,133,5.52999999999997,TRUE,"","r1 over",6,2,5,2,4,162,510162,710162
"DGMM",NA,0.725632834833127,0.074,0.254062107902792,0.526,-33336.9597458304,69022.5562865148,15,1.96000000000004,TRUE,"","r1 over",6,2,5,2,4,163,510163,710163
"RDMM",3.8883438939913,0.944728697626191,0.014,0.760368316579722,0.098,-30703.2416024118,63748.2122443985,111,4.63,TRUE,"","r1 over",6,2,5,2,4,163,510163,710163
"DGMM",NA,0.842566608590829,0.041,0.396815721062855,0.512,-34317.4392201774,70983.5152352087,30,3.81999999999999,TRUE,"","r1 over",6,2,5,2,4,164,510164,710164
"RDMM",3.49589260434029,0.902402370097815,0.025,0.653228278565313,0.154,-31215.7527338488,64773.2345072726,123,5.25,TRUE,"","r1 over",6,2,5,2,4,164,510164,710164
"DGMM",NA,0.906210154725772,0.024,0.324199614905969,0.478,-32978.0508129983,68304.7384208505,28,3.58999999999997,TRUE,"","r1 over",6,2,5,2,4,165,510165,710165
"RDMM",3.95487236371777,0.929225173307474,0.018,0.786111150036609,0.087,-30482.9061854092,63307.5414103933,153,6.12,TRUE,"","r1 over",6,2,5,2,4,165,510165,710165
"DGMM",NA,0.883483415336994,0.03,0.327686268909969,0.508,-33702.046082544,69752.7289599419,16,1.88999999999999,TRUE,"","r1 over",6,2,5,2,4,166,510166,710166
"RDMM",3.93664654127672,0.902402131638414,0.025,0.74797211579093,0.103,-31089.9938115391,64521.7166626532,100,3.31999999999999,TRUE,"","r1 over",6,2,5,2,4,166,510166,710166
"DGMM",NA,0.894810764256083,0.027,0.29933721200501,0.486,-32990.9702410378,68330.5772769296,17,1.68000000000001,TRUE,"","r1 over",6,2,5,2,4,167,510167,710167
"RDMM",3.89871712630208,0.913849805514484,0.022,0.748332030621435,0.103,-30655.2993775682,63652.3277947114,100,2.76999999999998,TRUE,"","r1 over",6,2,5,2,4,167,510167,710167
"DGMM",NA,0.698594112906188,0.082,0.27095479477982,0.475,-33187.8209079011,68724.2786106561,11,0.91,TRUE,"","r1 over",6,2,5,2,4,168,510168,710168
"RDMM",4.16356790369242,0.913849744489056,0.022,0.562554325092014,0.22,-30489.3030915709,63320.3352227168,132,4.61,TRUE,"","r1 over",6,2,5,2,4,168,510168,710168
"DGMM",NA,0.500747195085663,0.146,0.212800301996116,0.501,-33063.6114769171,68475.859748688,12,1.56,TRUE,"","r1 over",6,2,5,2,4,169,510169,710169
"RDMM",3.94810826731639,0.917681673961253,0.021,0.754622831134442,0.1,-30659.9886436437,63661.7063268624,100,4.17,TRUE,"","r1 over",6,2,5,2,4,169,510169,710169
"DGMM",NA,0.369089851717403,0.196,0.199257054629108,0.555,-33447.812599657,69244.261994168,37,4.54,TRUE,"","r1 over",6,2,5,2,4,170,510170,710170
"RDMM",3.83061733971882,0.929225186681783,0.018,0.718746607297568,0.118,-30948.0245798628,64237.7781993006,100,4.14,TRUE,"","r1 over",6,2,5,2,4,170,510170,710170
"DGMM",NA,0.917681645249165,0.021,0.45740445641381,0.494,-33477.9345701179,69304.5059350897,29,3.7,TRUE,"","r1 over",6,2,5,2,4,171,510171,710171
"RDMM",4.09944746981832,0.944728684355765,0.014,0.735364430769684,0.11,-30833.0090135518,64007.7470666785,100,4.11,TRUE,"","r1 over",6,2,5,2,4,171,510171,710171
"DGMM",NA,0.419394640029815,0.176,0.164396149313861,0.548,-32780.6076745483,67909.8521439505,27,3.45,TRUE,"","r1 over",6,2,5,2,4,172,510172,710172
"RDMM",3.97188379627942,0.92922515932271,0.018,0.769745456577785,0.094,-30348.7144093654,63039.1578583057,114,4.78,TRUE,"","r1 over",6,2,5,2,4,172,510172,710172
"DGMM",NA,0.894810759965882,0.027,0.351586906228303,0.482,-32768.1248349077,67884.8864646693,54,6.72,TRUE,"","r1 over",6,2,5,2,4,173,510173,710173
"RDMM",4.08627493043413,0.960360329575858,0.01,0.776345041616614,0.092,-30210.8491047205,62763.4272490159,105,4.51,TRUE,"","r1 over",6,2,5,2,4,173,510173,710173
"DGMM",NA,0.652518109639306,0.096,0.255259869702508,0.495,-33847.668899148,70043.97459315,20,2.69,TRUE,"","r1 over",6,2,5,2,4,174,510174,710174
"RDMM",3.92316792647706,0.917681665646944,0.021,0.723883548067716,0.114,-30824.4105130991,63990.5500657732,109,4.62,TRUE,"","r1 over",6,2,5,2,4,174,510174,710174
"DGMM",NA,0.529478209999132,0.136,0.233501063047169,0.509,-33456.1379363396,69260.9126675331,23,2.92,TRUE,"","r1 over",6,2,5,2,4,175,510175,710175
"RDMM",3.879991180455,0.913849467404021,0.022,0.724598447267702,0.115,-30669.8996466152,63681.5283328054,282,11.58,TRUE,"","r1 over",6,2,5,2,4,175,510175,710175
"DGMM",NA,0.827928047251259,0.045,0.279662531926208,0.503,-33453.869832815,69256.376460484,12,1.56999999999999,TRUE,"","r1 over",6,2,5,2,4,176,510176,710176
"RDMM",4.26135217131832,0.913849835418072,0.022,0.717965902248886,0.118,-30907.1005930588,64155.9302256925,120,4.93000000000001,TRUE,"","r1 over",6,2,5,2,4,176,510176,710176
"DGMM",NA,0.614265727268167,0.108,0.260187296179544,0.469,-33270.0978778281,68888.8325505102,11,1.44999999999999,TRUE,"","r1 over",6,2,5,2,4,177,510177,710177
"RDMM",4.24037771581179,0.936960991659285,0.016,0.495383244229167,0.276,-30539.872865128,63421.474769831,105,4.40000000000001,TRUE,"","r1 over",6,2,5,2,4,177,510177,710177
"DGMM",NA,0.718823471788869,0.076,0.28136951765062,0.478,-33672.1528495808,69692.9424940155,22,2.78,TRUE,"","r1 over",6,2,5,2,4,178,510178,710178
"RDMM",3.97282843390458,0.948624617107971,0.013,0.744489048127938,0.105,-30747.9837475069,63837.6965345887,265,10.83,TRUE,"","r1 over",6,2,5,2,4,178,510178,710178
"DGMM",NA,0.763639785127495,0.063,0.334091987117977,0.489,-33602.8686905324,69554.3741759187,23,2.98,TRUE,"","r1 over",6,2,5,2,4,179,510179,710179
"RDMM",3.75162885250328,0.906210205825589,0.024,0.558927581665958,0.22,-31081.5635835112,64504.8562065973,153,6.33999999999999,TRUE,"","r1 over",6,2,5,2,4,179,510179,710179
"DGMM",NA,0.906210131052392,0.024,0.362306559163059,0.485,-32899.9025446134,68148.4418840807,20,2.66000000000001,TRUE,"","r1 over",6,2,5,2,4,180,510180,710180
"RDMM",3.88625586427283,0.933089031928139,0.017,0.758019567123797,0.099,-30283.1241711862,62907.9773819473,148,6.04000000000001,TRUE,"","r1 over",6,2,5,2,4,180,510180,710180
"DGMM",NA,0.898602592483192,0.026,0.445892083430453,0.494,-33416.0561298758,69180.7490546055,31,3.98999999999999,TRUE,"","r1 over",6,2,5,2,4,181,510181,710181
"RDMM",4.08863494089626,0.929225228373919,0.018,0.75910973325011,0.098,-31060.4587502106,64462.6465399962,111,4.64,TRUE,"","r1 over",6,2,5,2,4,181,510181,710181
"DGMM",NA,0.89481081333029,0.027,0.343453925615091,0.475,-33982.9124295659,70314.4616539857,19,2.41,TRUE,"","r1 over",6,2,5,2,4,182,510182,710182
"RDMM",3.77163862428802,0.94862462443189,0.013,0.750995446772732,0.103,-31104.8802189567,64551.4894774884,151,6.22999999999999,TRUE,"","r1 over",6,2,5,2,4,182,510182,710182
"DGMM",NA,0.887251528018421,0.029,0.322765899807932,0.464,-32953.5252869165,68255.6873686869,18,2.29999999999998,TRUE,"","r1 over",6,2,5,2,4,183,510183,710183
"RDMM",3.96977848251977,0.929225220431267,0.018,0.761347410523483,0.097,-30405.6360020331,63153.0010436411,151,6.72000000000003,TRUE,"","r1 over",6,2,5,2,4,183,510183,710183
"DGMM",NA,0.853629855559201,0.038,0.356058526298069,0.504,-33166.399542378,68681.4358796099,16,2.13,TRUE,"","r1 over",6,2,5,2,4,184,510184,710184
"RDMM",4.16677571712927,0.944728692928908,0.014,0.730311198502991,0.112,-30673.707933517,63689.1449066089,176,7.41999999999999,TRUE,"","r1 over",6,2,5,2,4,184,510184,710184
"DGMM",NA,0.73933975440615,0.07,0.291344772857179,0.443,-34012.1147052381,70372.8662053302,17,2.20000000000002,TRUE,"","r1 over",6,2,5,2,4,185,510185,710185
"RDMM",3.60905481233465,0.929225193568069,0.018,0.722598487178302,0.116,-31279.0376913703,64899.8044223155,187,7.66999999999999,TRUE,"","r1 over",6,2,5,2,4,185,510185,710185
"DGMM",NA,0.902402333972229,0.025,0.419553887173817,0.489,-33674.5028234293,69697.6424417125,49,6.5,TRUE,"","r1 over",6,2,5,2,4,186,510186,710186
"RDMM",3.83325627239557,0.940840821259291,0.015,0.740698538646233,0.107,-31311.6283012978,64964.9856421705,109,4.71000000000001,TRUE,"","r1 over",6,2,5,2,4,186,510186,710186
"DGMM",NA,0.910026044065516,0.023,0.314065921636027,0.492,-33012.9391052278,68374.5150053095,21,2.66,TRUE,"","r1 over",6,2,5,2,4,187,510187,710187
"RDMM",3.8142048510302,0.921521531390612,0.02,0.758043835214182,0.099,-30670.1128979712,63681.9548355172,110,4.64000000000001,TRUE,"","r1 over",6,2,5,2,4,187,510187,710187
"DGMM",NA,0.8948107705902,0.027,0.300755362894698,0.478,-32418.8286608278,67186.2941165096,18,2.30000000000001,TRUE,"","r1 over",6,2,5,2,4,188,510188,710188
"RDMM",4.16938893168823,0.933089069872396,0.017,0.764035947888568,0.096,-30065.0048476523,62471.7387348795,198,8,TRUE,"","r1 over",6,2,5,2,4,188,510188,710188
"DGMM",NA,0.347394127377775,0.205,0.151933046600838,0.566,-33013.7991739394,68376.2351427328,22,2.84,TRUE,"","r1 over",6,2,5,2,4,189,510189,710189
"RDMM",3.89664525796507,0.936960938221442,0.016,0.703676942216067,0.126,-30734.1298492396,63809.9887380541,225,9.22,TRUE,"","r1 over",6,2,5,2,4,189,510189,710189
"DGMM",NA,0.70531044152538,0.08,0.25512141407775,0.524,-33853.4598593035,70055.5565134608,18,2.29999999999998,TRUE,"","r1 over",6,2,5,2,4,190,510190,710190
"RDMM",3.87106721128274,0.921521470277452,0.02,0.745108850389454,0.105,-31165.6247912995,64672.9786221739,180,7.42000000000002,TRUE,"","r1 over",6,2,5,2,4,190,510190,710190
"DGMM",NA,0.853629778346319,0.038,0.383621707634276,0.492,-32386.6253496193,67121.8874940925,38,4.78,TRUE,"","r1 over",6,2,5,2,4,191,510191,710191
"RDMM",3.96065033131704,0.936960922531165,0.016,0.768206367673968,0.094,-30006.7399352275,62355.20891003,125,5.14000000000001,TRUE,"","r1 over",6,2,5,2,4,191,510191,710191
"DGMM",NA,0.887251409867345,0.029,0.441492002795838,0.506,-33434.1344193433,69216.9056335405,45,5.69,TRUE,"","r1 over",6,2,5,2,4,192,510192,710192
"RDMM",3.83550552053328,0.952528495403916,0.012,0.785125417806993,0.087,-30424.2644359003,63190.2579113756,116,5.00999999999999,TRUE,"","r1 over",6,2,5,2,4,192,510192,710192
"DGMM",NA,0.435038909599978,0.17,0.328617856206891,0.398,-33684.966604775,69718.570004404,6,0.800000000000011,TRUE,"","r1 over",6,2,5,2,4,193,510193,710193
"RDMM",4.17362817115365,0.936960906158693,0.016,0.739681614767178,0.108,-30754.5805156682,63850.8900709114,153,6.32999999999998,TRUE,"","r1 over",6,2,5,2,4,193,510193,710193
"DGMM",NA,-0.00133790533397629,0.493,-0.000519567357174821,0.736,-32187.5551911397,66723.7471771334,26,3.22,TRUE,"","r1 over",6,2,5,2,4,194,510194,710194
"RDMM",3.76233148900594,0.910025295771142,0.023,0.7421430659326,0.108,-30982.271257079,64306.271553733,131,5.53,TRUE,"","r1 over",6,2,5,2,4,194,510194,710194
"DGMM",NA,0.607959154293154,0.11,0.240299750918793,0.494,-33339.9234435262,69028.4836819063,17,2.20000000000002,TRUE,"","r1 over",6,2,5,2,4,195,510195,710195
"RDMM",3.9320146313903,0.925369178230903,0.019,0.771285309173706,0.093,-30745.6519798166,63833.0329992082,134,5.53,TRUE,"","r1 over",6,2,5,2,4,195,510195,710195
"DGMM",NA,0.453744945564733,0.163,0.217669591108848,0.542,-34378.4893984711,71105.6155917961,12,1.63000000000002,TRUE,"","r1 over",6,2,5,2,4,196,510196,710196
"RDMM",3.76352615489514,0.902402381006835,0.025,0.761075252367954,0.098,-31104.7183122963,64551.1656641676,168,6.87,TRUE,"","r1 over",6,2,5,2,4,196,510196,710196
"DGMM",NA,0.910026068685527,0.023,0.391818293648673,0.462,-32805.7731058149,67960.1830064837,24,3.11000000000001,TRUE,"","r1 over",6,2,5,2,4,197,510197,710197
"RDMM",4.24646057503189,0.936960825897076,0.016,0.778331040699655,0.09,-30350.2503194327,63042.2296784403,127,5.25,TRUE,"","r1 over",6,2,5,2,4,197,510197,710197
"DGMM",NA,0.795461383019026,0.054,0.311651922913573,0.436,-32979.4006669517,68307.4381287573,27,3.38,TRUE,"","r1 over",6,2,5,2,4,198,510198,710198
"RDMM",4.11231098231333,0.940840811027485,0.015,0.707381669763378,0.124,-30561.9203080846,63465.5696557442,144,6.05000000000001,TRUE,"","r1 over",6,2,5,2,4,198,510198,710198
"DGMM",NA,0.781237917228021,0.058,0.293023154347104,0.441,-32986.2078209409,68321.0524367357,14,1.80000000000001,TRUE,"","r1 over",6,2,5,2,4,199,510199,710199
"RDMM",4.02433978498398,0.944728693457917,0.014,0.709651692580006,0.122,-30479.7923303347,63301.3137002443,100,4.13,TRUE,"","r1 over",6,2,5,2,4,199,510199,710199
"DGMM",NA,0.85361580394424,0.038,0.333753484798758,0.477,-33217.0419013275,68782.7205975089,23,3.03000000000003,TRUE,"","r1 over",6,2,5,2,4,200,510200,710200
"RDMM",4.05067806139612,0.925367770732467,0.019,0.725008617972968,0.114,-30790.2261642728,63922.1813681205,184,7.56,TRUE,"","r1 over",6,2,5,2,4,200,510200,710200
"DGMM",NA,0.729035645886389,0.073,0.267087382576176,0.512,-33186.6995406298,68722.0358761135,11,1.48000000000002,TRUE,"","r1 over",6,2,5,2,4,201,510201,710201
"RDMM",3.94066756052531,0.910025731683887,0.023,0.753655437213336,0.101,-30501.798869453,63345.3267784809,165,6.81999999999999,TRUE,"","r1 over",6,2,5,2,4,201,510201,710201
"DGMM",NA,0.838895521942598,0.042,0.294832867823215,0.513,-33074.3302059781,68497.2972068102,19,2.54000000000002,TRUE,"","r1 over",6,2,5,2,4,202,510202,710202
"RDMM",3.83716370947175,0.952528481341696,0.012,0.781421711228896,0.089,-30397.5956129105,63136.9202653959,143,5.93000000000001,TRUE,"","r1 over",6,2,5,2,4,202,510202,710202
"DGMM",NA,0.746244030456225,0.068,0.269869002630421,0.464,-33642.2471780397,69633.1311509333,24,3.11000000000001,TRUE,"","r1 over",6,2,5,2,4,203,510203,710203
"RDMM",4.03571044771614,0.921521454209329,0.02,0.481596672519604,0.325,-30862.1462479455,64066.0215354659,100,4.08999999999997,TRUE,"","r1 over",6,2,5,2,4,203,510203,710203
"DGMM",NA,0.933089071228314,0.017,0.759623430233234,0.098,-32540.4567038726,67429.5502025991,26,3.32999999999998,TRUE,"","r1 over",6,2,5,2,4,204,510204,710204
"RDMM",4.43871389376413,0.940840846525805,0.015,0.783641646521076,0.087,-30601.0709373755,63543.8709143259,102,4.33999999999997,TRUE,"","r1 over",6,2,5,2,4,204,510204,710204
"DGMM",NA,0.902402089072349,0.025,0.39520865050286,0.402,-33374.4762214356,69097.5892377252,22,2.77999999999997,TRUE,"","r1 over",6,2,5,2,4,205,510205,710205
"RDMM",4.04471431606387,0.929225143954781,0.018,0.751314365983294,0.102,-30532.5484589439,63406.8259574627,100,4.24000000000001,TRUE,"","r1 over",6,2,5,2,4,205,510205,710205
"DGMM",NA,0.8026203985932,0.052,0.31487445768725,0.438,-33121.3129346532,68591.2626641602,17,2.21000000000004,TRUE,"","r1 over",6,2,5,2,4,206,510206,710206
"RDMM",3.9956651089793,0.940840783697126,0.015,0.780554245183242,0.089,-30732.2247851174,63806.1786098098,145,6,TRUE,"","r1 over",6,2,5,2,4,206,510206,710206
"DGMM",NA,0.781239115682022,0.058,0.28958844129194,0.483,-33382.7858982905,69114.2085914349,24,3.08999999999997,TRUE,"","r1 over",6,2,5,2,4,207,510207,710207
"RDMM",3.89982915048742,0.90621013495435,0.024,0.746736177677957,0.104,-30812.9702428448,63967.6695252645,157,6.69,TRUE,"","r1 over",6,2,5,2,4,207,510207,710207
"DGMM",NA,0.391223332970384,0.187,0.151076804658728,0.567,-33294.8632904344,68938.3633757227,48,6.00999999999999,TRUE,"","r1 over",6,2,5,2,4,208,510208,710208
"RDMM",3.95395927557528,0.906210130262978,0.024,0.748949988927053,0.102,-31116.2547493125,64574.2385381999,109,4.16000000000003,TRUE,"","r1 over",6,2,5,2,4,208,510208,710208
"DGMM",NA,0.898599982217434,0.026,0.361706550624976,0.484,-33139.122314903,68626.8814246599,37,2.19,TRUE,"","r1 over",6,2,5,2,4,209,510209,710209
"RDMM",3.69539101583726,0.921519493423697,0.02,0.77730863556194,0.089,-30728.7711871752,63799.2714139254,104,4.87,TRUE,"","r1 over",6,2,5,2,4,209,510209,710209
"DGMM",NA,0.887251176102315,0.029,0.314429787835735,0.506,-33289.1031722045,68926.8431392629,40,5.08,TRUE,"","r1 over",6,2,5,2,4,210,510210,710210
"RDMM",4.11313145184912,0.925369347935587,0.019,0.727137519113034,0.113,-31062.3699643998,64466.4689683745,100,4.12,TRUE,"","r1 over",6,2,5,2,4,210,510210,710210
"DGMM",NA,0.409080661755648,0.18,0.186479070609798,0.503,-33523.8654058519,69396.3676065577,31,3.91,TRUE,"","r1 over",6,2,5,2,4,211,510211,710211
"RDMM",4.05626713709067,0.891026918707456,0.028,0.703840498389439,0.124,-31101.9644249669,64545.6578895088,100,4.17,TRUE,"","r1 over",6,2,5,2,4,211,510211,710211
"DGMM",NA,0.849934238212862,0.039,0.328557368044874,0.443,-33024.3852463535,68397.4072875609,18,2.26,TRUE,"","r1 over",6,2,5,2,4,212,510212,710212
"RDMM",4.18974229112568,0.948624582145536,0.013,0.779131546845055,0.09,-30302.7664061017,62947.2618517784,100,4.19,TRUE,"","r1 over",6,2,5,2,4,212,510212,710212
"DGMM",NA,0.89481082725319,0.027,0.327531677638532,0.49,-32878.4881192821,68105.6130334181,37,4.65,TRUE,"","r1 over",6,2,5,2,4,213,510213,710213
"RDMM",4.2535878122763,0.960360360979977,0.01,0.754644091053323,0.101,-30596.3276705369,63534.3843806487,193,7.96,TRUE,"","r1 over",6,2,5,2,4,213,510213,710213
"DGMM",NA,0.906210285506547,0.024,0.412986202405121,0.438,-33030.3488783066,68409.3345514672,22,2.95,TRUE,"","r1 over",6,2,5,2,4,214,510214,710214
"RDMM",4.29675954038473,0.940840798451122,0.015,0.703342907694549,0.125,-30854.200203444,64050.1294464629,137,5.77,TRUE,"","r1 over",6,2,5,2,4,214,510214,710214
"DGMM",NA,0.894810790321069,0.027,0.304759237471386,0.463,-33175.319775308,68699.27634547,16,2.11,TRUE,"","r1 over",6,2,5,2,4,215,510215,710215
"RDMM",4.05804100728623,0.917681612197773,0.021,0.520198050021438,0.308,-30635.0643649831,63611.8577695412,166,6.84,TRUE,"","r1 over",6,2,5,2,4,215,510215,710215
"DGMM",NA,0.910025096828184,0.023,0.305149638821199,0.502,-33472.4535918715,69293.543978597,19,2.48,TRUE,"","r1 over",6,2,5,2,4,216,510216,710216
"RDMM",3.91469077505191,0.91384902593798,0.022,0.704680619326938,0.124,-31028.0432421537,64397.8155238823,110,4.66,TRUE,"","r1 over",6,2,5,2,4,216,510216,710216
"DGMM",NA,0.299308091212694,0.226,0.129232775152317,0.586,-32943.977546067,68236.5918869879,28,3.53,TRUE,"","r1 over",6,2,5,2,4,217,510217,710217
"RDMM",3.90389323052801,0.921521350660305,0.02,0.760259008909703,0.097,-30620.2043701338,63582.1377798426,116,4.82000000000001,TRUE,"","r1 over",6,2,5,2,4,217,510217,710217
"DGMM",NA,0.861045187397007,0.036,0.362024323750301,0.385,-32372.3413730865,67093.3195410268,14,1.77999999999999,TRUE,"","r1 over",6,2,5,2,4,218,510218,710218
"RDMM",4.35773558131523,0.933089056746597,0.017,0.786520207043455,0.086,-30205.4101541894,62752.5493479537,100,4.16,TRUE,"","r1 over",6,2,5,2,4,218,510218,710218
"DGMM",NA,0.913849861037272,0.022,0.363407875554915,0.458,-32171.5457201484,66691.7282351507,17,2.16,TRUE,"","r1 over",6,2,5,2,4,219,510219,710219
"RDMM",4.26612252105523,0.936960938221442,0.016,0.745317249408011,0.105,-29979.6334474949,62300.9959345647,106,4.45,TRUE,"","r1 over",6,2,5,2,4,219,510219,710219
"DGMM",NA,0.861045169973945,0.036,0.292914527183326,0.51,-33039.8763349174,68428.3894646888,14,1.78999999999999,TRUE,"","r1 over",6,2,5,2,4,220,510220,710220
"RDMM",4.11452012317682,0.976120107115306,0.006,0.790543158502187,0.085,-30257.3275024805,62856.3840445359,100,4.18000000000001,TRUE,"","r1 over",6,2,5,2,4,220,510220,710220
"DGMM",NA,0.299719287054731,0.226,0.122129882083967,0.572,-32657.2908213887,67663.2184376314,29,3.64,TRUE,"","r1 over",6,2,5,2,4,221,510221,710221
"RDMM",4.16760787407789,0.936960938035484,0.016,0.548870403417268,0.295,-30868.4757758698,64078.6805913146,100,4.17999999999999,TRUE,"","r1 over",6,2,5,2,4,221,510221,710221
"DGMM",NA,0.868492551315004,0.034,0.368256498120299,0.511,-32932.4818610478,68213.6005169496,46,5.92,TRUE,"","r1 over",6,2,5,2,4,222,510222,710222
"RDMM",3.93404149350182,0.925369394071926,0.019,0.741103044810381,0.107,-30584.2683938086,63510.2658271922,200,8.17999999999999,TRUE,"","r1 over",6,2,5,2,4,222,510222,710222
"DGMM",NA,0.817033217172965,0.048,0.274295333714196,0.496,-33206.4932510427,68761.6232969394,16,2.11,TRUE,"","r1 over",6,2,5,2,4,223,510223,710223
"RDMM",3.92336661441766,0.929225106510743,0.018,0.740213776572358,0.107,-30535.0973952675,63411.9238301099,201,8.28,TRUE,"","r1 over",6,2,5,2,4,223,510223,710223
"DGMM",NA,0.835231404323274,0.043,0.325370512193763,0.476,-33227.9188283034,68804.4744514607,25,3.12,TRUE,"","r1 over",6,2,5,2,4,224,510224,710224
"RDMM",3.96854861310281,0.925369343877118,0.019,0.722366033773613,0.116,-30701.7228302443,63745.1747000636,290,12.39,TRUE,"","r1 over",6,2,5,2,4,224,510224,710224
"DGMM",NA,0.61741828853304,0.107,0.458668584264764,0.263,-34455.3060243881,71259.2488436301,6,0.890000000000015,TRUE,"","r1 over",6,2,5,2,4,225,510225,710225
"RDMM",3.74628787620515,0.910025980250753,0.023,0.728271950501084,0.112,-31187.5989483529,64716.9269362806,154,6.53,TRUE,"","r1 over",6,2,5,2,4,225,510225,710225
"DGMM",NA,0.512205166800263,0.142,0.217478862835764,0.519,-32976.6644858858,68301.9657666254,28,3.58000000000001,TRUE,"","r1 over",6,2,5,2,4,226,510226,710226
"RDMM",4.1728267177047,0.913849769630427,0.022,0.757135314120468,0.099,-30668.2220845457,63678.1732086663,114,4.73999999999998,TRUE,"","r1 over",6,2,5,2,4,226,510226,710226
"DGMM",NA,0.813417292231389,0.049,0.275591804808586,0.507,-33335.9040385661,69020.4448719861,15,1.98000000000002,TRUE,"","r1 over",6,2,5,2,4,227,510227,710227
"RDMM",3.99314767733602,0.906210201752221,0.024,0.716478353848067,0.119,-30629.0793447528,63599.8877290805,100,4.44,TRUE,"","r1 over",6,2,5,2,4,227,510227,710227
"DGMM",NA,0.817034417905836,0.048,0.282418711837657,0.487,-32549.5842575462,67447.8053099463,38,4.85999999999999,TRUE,"","r1 over",6,2,5,2,4,228,510228,710228
"RDMM",4.08133730153244,0.921521453297154,0.02,0.737148624270067,0.108,-30234.8060177636,62811.3410751021,203,8.39000000000001,TRUE,"","r1 over",6,2,5,2,4,228,510228,710228
"DGMM",NA,0.883483485881993,0.03,0.324124008552761,0.497,-33629.136021293,69606.90883744,27,3.25,TRUE,"","r1 over",6,2,5,2,4,229,510229,710229
"RDMM",3.76852966186122,0.960360335064719,0.01,0.799154368689501,0.081,-30966.7472784538,64275.2235964826,100,4.21000000000001,TRUE,"","r1 over",6,2,5,2,4,229,510229,710229
"DGMM",NA,0.879723697356485,0.031,0.306763261224555,0.459,-33395.6622778157,69139.9613504854,17,2.19,TRUE,"","r1 over",6,2,5,2,4,230,510230,710230
"RDMM",3.98749149233055,0.944728729292296,0.014,0.745004250164874,0.105,-30646.4150291573,63634.5590978895,250,10.25,TRUE,"","r1 over",6,2,5,2,4,230,510230,710230
"DGMM",NA,0.883483434773537,0.03,0.310248134481806,0.47,-32946.4865274698,68241.6098497935,24,3.09,TRUE,"","r1 over",6,2,5,2,4,231,510231,710231
"RDMM",3.89113848535254,0.921521514319752,0.02,0.758631143956375,0.098,-30600.5709401009,63542.8709197768,124,5.05000000000001,TRUE,"","r1 over",6,2,5,2,4,231,510231,710231
"DGMM",NA,0.705305279622598,0.08,0.270747253936276,0.446,-33533.5460294095,69415.7288536729,10,1.34,TRUE,"","r1 over",6,2,5,2,4,232,510232,710232
"RDMM",3.87134907323257,0.929225224204027,0.018,0.758709082524177,0.098,-30732.3820280249,63806.4930956247,284,11.58,TRUE,"","r1 over",6,2,5,2,4,232,510232,710232
"DGMM",NA,0.715434597182439,0.077,0.270597786031311,0.461,-33291.0472360496,68930.7312669532,21,2.71000000000001,TRUE,"","r1 over",6,2,5,2,4,233,510233,710233
"RDMM",3.91461874193851,0.917681640197229,0.021,0.741234865043295,0.106,-30637.764806947,63617.258653469,111,4.75999999999999,TRUE,"","r1 over",6,2,5,2,4,233,510233,710233
"DGMM",NA,0.898602255161851,0.026,0.316412906933029,0.47,-32889.4663300018,68127.5694548575,27,3.44,TRUE,"","r1 over",6,2,5,2,4,234,510234,710234
"RDMM",3.89150173497458,0.921521494847035,0.02,0.766097419798942,0.095,-30350.7328909259,63043.1948214268,125,5.15000000000001,TRUE,"","r1 over",6,2,5,2,4,234,510234,710234
"DGMM",NA,0.887251224018043,0.029,0.321973811133467,0.456,-33665.9423693888,69680.5215336316,17,2.22,TRUE,"","r1 over",6,2,5,2,4,235,510235,710235
"RDMM",3.64086009253347,0.894810802969059,0.027,0.527163394324522,0.253,-31080.1528294979,64502.0346985707,123,5.12,TRUE,"","r1 over",6,2,5,2,4,235,510235,710235
"DGMM",NA,0.746244247470059,0.068,0.279043595449929,0.456,-32667.3212015125,67683.279197879,12,1.61000000000001,TRUE,"","r1 over",6,2,5,2,4,236,510236,710236
"RDMM",3.97705736584099,0.925369359096375,0.019,0.723281357543879,0.115,-30357.7247258434,63057.1784912617,249,10.22,TRUE,"","r1 over",6,2,5,2,4,236,510236,710236
"DGMM",NA,0.872228368820923,0.033,0.3041353797478,0.486,-33297.979608645,68944.596012144,37,4.64000000000004,TRUE,"","r1 over",6,2,5,2,4,237,510237,710237
"RDMM",3.62935064109811,0.913849786653293,0.022,0.746484186000268,0.104,-30720.3529564437,63782.4349524624,180,7.46999999999997,TRUE,"","r1 over",6,2,5,2,4,237,510237,710237
"DGMM",NA,0.917681620559604,0.021,0.458525231737599,0.493,-33063.7122631939,68476.0613212417,53,6.63,TRUE,"","r1 over",6,2,5,2,4,238,510238,710238
"RDMM",4.12114853539176,0.933089044195771,0.017,0.617214227957073,0.176,-30748.681283916,63839.091607407,100,4.21000000000004,TRUE,"","r1 over",6,2,5,2,4,238,510238,710238
"DGMM",NA,0.917681670841408,0.021,0.379360808105126,0.395,-33514.8726126942,69378.3820202424,22,2.81,TRUE,"","r1 over",6,2,5,2,4,239,510239,710239
"RDMM",4.01122453172782,0.964288283585511,0.009,0.750341120861046,0.104,-30996.793618835,64335.316277245,139,5.62,TRUE,"","r1 over",6,2,5,2,4,239,510239,710239
"DGMM",NA,0.898602597360017,0.026,0.340159842053338,0.487,-33109.1848931227,68567.0065810993,47,6.08000000000004,TRUE,"","r1 over",6,2,5,2,4,240,510240,710240
"RDMM",3.89086100655498,0.906210211676262,0.024,0.737735012071782,0.107,-30703.9061552569,63749.5413500887,100,4.18000000000001,TRUE,"","r1 over",6,2,5,2,4,240,510240,710240
"DGMM",NA,0.636449495103298,0.101,0.26091929497566,0.452,-33021.819688869,68392.2761725919,11,1.46999999999997,TRUE,"","r1 over",6,2,5,2,4,241,510241,710241
"RDMM",4.04010946328803,0.925369313093999,0.019,0.75009080350389,0.102,-30273.1634399391,62888.0559194532,140,5.80000000000001,TRUE,"","r1 over",6,2,5,2,4,241,510241,710241
"DGMM",NA,0.887251253951796,0.029,0.322961538779679,0.497,-33504.6745558555,69357.9859065649,29,3.86000000000001,TRUE,"","r1 over",6,2,5,2,4,242,510242,710242
"RDMM",3.72027593739738,0.936960898299904,0.016,0.734742663406276,0.11,-30929.2511465748,64200.2313327246,207,8.52999999999997,TRUE,"","r1 over",6,2,5,2,4,242,510242,710242
"DGMM",NA,0.406431916813547,0.181,0.189702641932204,0.516,-33158.6836286405,68666.0040521349,38,4.77999999999997,TRUE,"","r1 over",6,2,5,2,4,243,510243,710243
"RDMM",3.7546949473504,0.94084081452155,0.015,0.777945135757646,0.091,-30742.9539639976,63827.6369675702,174,7.30000000000001,TRUE,"","r1 over",6,2,5,2,4,243,510243,710243
"DGMM",NA,0.791891861443908,0.055,0.270356733589108,0.514,-33665.8729377843,69680.3826704225,17,2.23000000000002,TRUE,"","r1 over",6,2,5,2,4,244,510244,710244
"RDMM",3.79442935548908,0.933089085993222,0.017,0.693133884485932,0.13,-30800.5574038142,63942.8438472034,115,4.78000000000003,TRUE,"","r1 over",6,2,5,2,4,244,510244,710244
"DGMM",NA,0.75317645906088,0.066,0.251348583809219,0.528,-33406.2733048671,69161.1834045881,14,1.81,TRUE,"","r1 over",6,2,5,2,4,245,510245,710245
"RDMM",4.12174209380228,0.910026105295292,0.023,0.730442297978364,0.111,-30709.9083026016,63761.5456447781,133,5.54000000000002,TRUE,"","r1 over",6,2,5,2,4,245,510245,710245
"DGMM",NA,0.79545949020199,0.054,0.270602916751106,0.483,-33348.1041340453,69044.8450629446,11,1.45999999999998,TRUE,"","r1 over",6,2,5,2,4,246,510246,710246
"RDMM",4.01977589192943,0.936960855222061,0.016,0.756937055837039,0.099,-30637.7416145064,63617.2122685877,123,5.25,TRUE,"","r1 over",6,2,5,2,4,246,510246,710246
"DGMM",NA,0.770656306787974,0.061,0.374347715933256,0.503,-33326.2033950612,69001.0435849764,48,6.05000000000001,TRUE,"","r1 over",6,2,5,2,4,247,510247,710247
"RDMM",3.85596342654598,0.917681670350468,0.021,0.69374523267041,0.129,-30972.984810849,64287.6986612729,208,8.06,TRUE,"","r1 over",6,2,5,2,4,247,510247,710247
"DGMM",NA,0.781237348678941,0.058,0.326946999326394,0.444,-33465.8480454895,69280.332885833,13,1.33999999999997,TRUE,"","r1 over",6,2,5,2,4,248,510248,710248
"RDMM",3.90066308321859,0.92152151620575,0.02,0.73104011627081,0.112,-30756.8818319707,63855.4927035164,107,3.27000000000004,TRUE,"","r1 over",6,2,5,2,4,248,510248,710248
"DGMM",NA,0.799036210608393,0.053,0.347420904032181,0.461,-33520.5068815994,69389.6505580528,12,1.06999999999999,TRUE,"","r1 over",6,2,5,2,4,249,510249,710249
"RDMM",4.30755296012099,0.9330890616854,0.017,0.750784883335609,0.102,-31071.610526832,64484.9500932389,123,3.13999999999999,TRUE,"","r1 over",6,2,5,2,4,249,510249,710249
"DGMM",NA,0.906210180564387,0.024,0.386577409194426,0.452,-32833.243831851,68015.1244585559,23,1.71999999999997,TRUE,"","r1 over",6,2,5,2,4,250,510250,710250
"RDMM",4.02192212558534,0.944728718772376,0.014,0.72110306115183,0.117,-30427.2388071404,63196.2066538558,172,4.05000000000001,TRUE,"","r1 over",6,2,5,2,4,250,510250,710250
"DGMM",NA,0.891027028138157,0.028,0.307308382369408,0.484,-33542.8272268028,69434.2912484596,14,0.84,TRUE,"","r1 over",6,2,5,2,4,251,510251,710251
"RDMM",3.78261908061694,0.921521507384713,0.02,0.741400076961313,0.106,-30790.9337693006,63923.5965781761,169,5.34,TRUE,"","r1 over",6,2,5,2,4,251,510251,710251
"DGMM",NA,0.308427082915972,0.222,0.131971940076553,0.569,-33824.5005078365,69997.6378105269,44,5.53,TRUE,"","r1 over",6,2,5,2,4,252,510252,710252
"RDMM",3.62601555071327,0.944728729592688,0.014,0.732646909263477,0.111,-31161.3405585308,64664.4101566365,102,4.29,TRUE,"","r1 over",6,2,5,2,4,252,510252,710252
"DGMM",NA,0.41422373156765,0.178,0.173005496059403,0.57,-33529.155697347,69406.948189548,31,3.86,TRUE,"","r1 over",6,2,5,2,4,253,510253,710253
"RDMM",3.88175562163971,0.906210119978046,0.024,0.717828475618633,0.117,-31225.9005655561,64793.5301706872,173,7.1,TRUE,"","r1 over",6,2,5,2,4,253,510253,710253
"DGMM",NA,0.831575789527437,0.044,0.289655661444955,0.485,-32668.1435516463,67684.9238981465,26,3.4,TRUE,"","r1 over",6,2,5,2,4,254,510254,710254
"RDMM",4.26200751073739,0.921521471441262,0.02,0.715291110588591,0.119,-30434.571490668,63210.8720209109,100,4.09,TRUE,"","r1 over",6,2,5,2,4,254,510254,710254
"DGMM",NA,0.445620990584192,0.166,0.185515015023421,0.582,-32662.1205146053,67672.8778240645,33,4.12,TRUE,"","r1 over",6,2,5,2,4,255,510255,710255
"RDMM",4.33561794248112,0.921521507831363,0.02,0.647778097893336,0.169,-30708.9942216192,63759.7174828133,115,4.84,TRUE,"","r1 over",6,2,5,2,4,255,510255,710255
"DGMM",NA,0.598682766959149,0.113,0.239787735075079,0.508,-33945.169850766,70238.9764963858,12,1.69,TRUE,"","r1 over",6,2,5,2,4,256,510256,710256
"RDMM",3.87030550518392,0.917681607256691,0.021,0.769188426070679,0.094,-30922.4711705963,64186.6713807676,110,4.67,TRUE,"","r1 over",6,2,5,2,4,256,510256,710256
"DGMM",NA,0.835231299558332,0.043,0.34089404674715,0.405,-33092.4956942493,68533.6281833525,33,4.12,TRUE,"","r1 over",6,2,5,2,4,257,510257,710257
"RDMM",3.9370082523214,0.944728723656625,0.014,0.767237069164768,0.095,-30455.4488350445,63252.626709664,157,6.49,TRUE,"","r1 over",6,2,5,2,4,257,510257,710257
"DGMM",NA,0.760144255029488,0.064,0.273052308273036,0.506,-33658.9196742932,69666.4761434404,16,2.08,TRUE,"","r1 over",6,2,5,2,4,258,510258,710258
"RDMM",3.98814293588666,0.906209868154371,0.024,0.766159984765243,0.095,-30769.4136907609,63880.5564210968,243,10.02,TRUE,"","r1 over",6,2,5,2,4,258,510258,710258
"DGMM",NA,0.875971875650684,0.032,0.300919599218499,0.487,-33804.7677483168,69958.1722914876,22,2.78999999999999,TRUE,"","r1 over",6,2,5,2,4,259,510259,710259
"RDMM",3.82324513528147,0.91768163397337,0.021,0.756634815273277,0.099,-31036.994889208,64415.7188179908,100,4.16000000000001,TRUE,"","r1 over",6,2,5,2,4,259,510259,710259
"DGMM",NA,0.286642785868325,0.232,0.136167825082493,0.589,-33634.8680954123,69618.3729856785,39,4.90000000000001,TRUE,"","r1 over",6,2,5,2,4,260,510260,710260
"RDMM",3.85013332887337,0.90621018630229,0.024,0.61372800265546,0.181,-31276.0925213201,64893.9140822152,184,7.63,TRUE,"","r1 over",6,2,5,2,4,260,510260,710260
"DGMM",NA,0.887251205074452,0.029,0.319181903415626,0.456,-33991.6795326744,70331.9958602028,28,3.59999999999999,TRUE,"","r1 over",6,2,5,2,4,261,510261,710261
"RDMM",3.50885225800324,0.940840783697126,0.015,0.757863401793362,0.1,-31036.294165009,64414.317369593,193,7.90000000000001,TRUE,"","r1 over",6,2,5,2,4,261,510261,710261
"DGMM",NA,0.868492709547298,0.034,0.348039639740419,0.443,-33341.6109666705,69031.858728195,17,2.25999999999999,TRUE,"","r1 over",6,2,5,2,4,262,510262,710262
"RDMM",4.10139612273467,0.944728736695758,0.014,0.769130227957919,0.094,-30791.1715319225,63924.07210342,167,6.86,TRUE,"","r1 over",6,2,5,2,4,262,510262,710262
"DGMM",NA,0.705307231382239,0.08,0.250077768166785,0.504,-33417.6125712273,69183.8619373086,18,2.34,TRUE,"","r1 over",6,2,5,2,4,263,510263,710263
"RDMM",3.75511981628915,0.929225218730405,0.018,0.785331800647033,0.086,-30749.479775646,63840.6885908669,118,4.86,TRUE,"","r1 over",6,2,5,2,4,263,510263,710263
"DGMM",NA,0.340490012093297,0.208,0.16678357555513,0.551,-33151.9447263461,68652.5262475461,34,4.28,TRUE,"","r1 over",6,2,5,2,4,264,510264,710264
"RDMM",3.76800765768366,0.944728680679281,0.014,0.77158470193913,0.093,-30624.3271222533,63590.3832840815,163,6.69999999999999,TRUE,"","r1 over",6,2,5,2,4,264,510264,710264
"DGMM",NA,0.7497060903253,0.067,0.275620331484989,0.494,-32718.8519626365,67786.3407201268,13,1.69,TRUE,"","r1 over",6,2,5,2,4,265,510265,710265
"RDMM",3.92148838548647,0.91768168959215,0.021,0.742103822487867,0.106,-30373.5558282946,63088.8406961642,108,4.94999999999999,TRUE,"","r1 over",6,2,5,2,4,265,510265,710265
"DGMM",NA,0.678654437860602,0.088,0.334469950067767,0.354,-33680.1475878072,69708.9319704683,6,0.829999999999984,TRUE,"","r1 over",6,2,5,2,4,266,510266,710266
"RDMM",4.03258442358455,0.898602595734409,0.026,0.729478521008939,0.113,-30507.2532148108,63356.2354691966,154,6.47,TRUE,"","r1 over",6,2,5,2,4,266,510266,710266
"DGMM",NA,0.872228276886929,0.033,0.293359569411893,0.484,-33537.7761953263,69424.1891855066,17,2.31999999999999,TRUE,"","r1 over",6,2,5,2,4,267,510267,710267
"RDMM",3.93354212045115,0.9100260141776,0.023,0.722939333194662,0.115,-30934.2613702302,64210.2517800353,203,8.38,TRUE,"","r1 over",6,2,5,2,4,267,510267,710267
"DGMM",NA,0.875972006976166,0.032,0.361238439029817,0.477,-33629.7191096615,69608.0750141769,42,5.39000000000001,TRUE,"","r1 over",6,2,5,2,4,268,510268,710268
"RDMM",3.81898606049935,0.940840839560444,0.015,0.732657683787549,0.112,-30944.249355147,64230.2277498689,240,10.23,TRUE,"","r1 over",6,2,5,2,4,268,510268,710268
"DGMM",NA,0.79187722556224,0.055,0.398571468907276,0.496,-32221.8771307195,66792.391056293,65,8.18000000000001,TRUE,"","r1 over",6,2,5,2,4,269,510269,710269
"RDMM",4.27724376645683,0.933088598387375,0.017,0.760107581360295,0.098,-30138.8709599466,62619.4709594681,225,9.13,TRUE,"","r1 over",6,2,5,2,4,269,510269,710269
"DGMM",NA,0.835232035097335,0.043,0.359403002826033,0.497,-33517.3526462706,69383.3420873952,61,7.69,TRUE,"","r1 over",6,2,5,2,4,270,510270,710270
"RDMM",4.01262349190124,0.933086492058031,0.017,0.770641869134501,0.092,-30917.276185458,64176.2814104909,108,4.40000000000001,TRUE,"","r1 over",6,2,5,2,4,270,510270,710270
"DGMM",NA,0.24544726511652,0.252,0.13421461378236,0.567,-33397.7638636697,69144.1645221934,21,2.69999999999999,TRUE,"","r1 over",6,2,5,2,4,271,510271,710271
"RDMM",3.90775171627765,0.940840782744888,0.015,0.777846072363237,0.09,-30717.4223491603,63776.5737378955,114,4.80000000000001,TRUE,"","r1 over",6,2,5,2,4,271,510271,710271
"DGMM",NA,0.898602550386423,0.026,0.355710008485907,0.483,-33346.5259930231,69041.6887809002,15,1.88999999999999,TRUE,"","r1 over",6,2,5,2,4,272,510272,710272
"RDMM",4.13599570483538,0.936960950400731,0.016,0.762624093398951,0.098,-30749.7210621033,63841.1711637815,132,5.42000000000002,TRUE,"","r1 over",6,2,5,2,4,272,510272,710272
"DGMM",NA,0.344793759702179,0.206,0.126817789650757,0.563,-33607.140739322,69562.9182734979,19,2.40000000000001,TRUE,"","r1 over",6,2,5,2,4,273,510273,710273
"RDMM",4.06685743464241,0.940840650914624,0.015,0.711516689792734,0.12,-30878.2952809834,64098.3196015417,137,5.66999999999999,TRUE,"","r1 over",6,2,5,2,4,273,510273,710273
"DGMM",NA,0.827927685854494,0.045,0.287742534232429,0.482,-33148.943894747,68646.5245843478,34,4.41999999999999,TRUE,"","r1 over",6,2,5,2,4,274,510274,710274
"RDMM",3.75362522235442,0.917681669637813,0.021,0.718003228717127,0.118,-30365.932745027,63073.594529629,173,7.09,TRUE,"","r1 over",6,2,5,2,4,274,510274,710274
"DGMM",NA,0.310570212311598,0.221,0.142262452093228,0.588,-33311.4241974758,68971.4851898055,29,3.65000000000001,TRUE,"","r1 over",6,2,5,2,4,275,510275,710275
"RDMM",3.88512738459811,0.906209830803606,0.024,0.627585173785287,0.173,-30770.3926068938,63882.5142533625,171,7.20999999999998,TRUE,"","r1 over",6,2,5,2,4,275,510275,710275
"DGMM",NA,0.817033824088519,0.048,0.310202780681944,0.507,-33104.6035455262,68557.8438859063,19,2.44999999999999,TRUE,"","r1 over",6,2,5,2,4,276,510276,710276
"RDMM",4.21121397071422,0.925369297281268,0.019,0.76484773900976,0.096,-30565.6167567508,63472.9625530766,135,5.58000000000001,TRUE,"","r1 over",6,2,5,2,4,276,510276,710276
"DGMM",NA,0.891027080093947,0.028,0.369947818080734,0.496,-33402.3178329819,69153.2724608178,62,7.72000000000003,TRUE,"","r1 over",6,2,5,2,4,277,510277,710277
"RDMM",3.88933833822488,0.917681670350468,0.021,0.709528092522203,0.121,-31040.0296458378,64421.7883312506,125,5.25999999999999,TRUE,"","r1 over",6,2,5,2,4,277,510277,710277
"DGMM",NA,0.59867556446555,0.113,0.214768141210892,0.53,-33745.551967402,69839.7407296579,11,1.44999999999999,TRUE,"","r1 over",6,2,5,2,4,278,510278,710278
"RDMM",3.78909261274611,0.91768160478615,0.021,0.768063798862724,0.094,-30639.2095332099,63620.1481059947,100,4.16000000000003,TRUE,"","r1 over",6,2,5,2,4,278,510278,710278
"DGMM",NA,0.366676424958306,0.197,0.149973517034064,0.56,-33049.6496977975,68447.9361904489,23,2.85000000000002,TRUE,"","r1 over",6,2,5,2,4,279,510279,710279
"RDMM",4.06216461766816,0.894810720949323,0.027,0.747431054247927,0.103,-30682.9802593257,63707.6895582263,235,9.77999999999997,TRUE,"","r1 over",6,2,5,2,4,279,510279,710279
"DGMM",NA,0.838895173260511,0.042,0.355512364664098,0.497,-34089.2192298727,70527.0752545993,22,2.91999999999996,TRUE,"","r1 over",6,2,5,2,4,280,510280,710280
"RDMM",3.81387146337323,0.94084080883089,0.015,0.795022895128555,0.083,-30895.3980437535,64132.525127082,123,5.08000000000004,TRUE,"","r1 over",6,2,5,2,4,280,510280,710280
"DGMM",NA,0.906210128675129,0.024,0.351833609671231,0.449,-32925.339768263,68199.31633138,14,1.85999999999996,TRUE,"","r1 over",6,2,5,2,4,281,510281,710281
"RDMM",3.98736305021557,0.929225167782784,0.018,0.736765866451317,0.109,-30221.0699554966,62783.8689505681,160,6.55000000000001,TRUE,"","r1 over",6,2,5,2,4,281,510281,710281
"DGMM",NA,0.910025953541997,0.023,0.329379211750376,0.443,-32837.3062862612,68023.2493673764,20,2.62,TRUE,"","r1 over",6,2,5,2,4,282,510282,710282
"RDMM",3.99205698780254,0.910026047481276,0.023,0.741571265587761,0.106,-30094.4334615741,62530.5959627231,135,5.72000000000003,TRUE,"","r1 over",6,2,5,2,4,282,510282,710282
"DGMM",NA,0.846246167120104,0.04,0.456992615406807,0.267,-33132.1539187145,68612.9446322829,29,3.66999999999996,TRUE,"","r1 over",6,2,5,2,4,283,510283,710283
"RDMM",4.10936904319615,0.891026999248767,0.028,0.742807690919083,0.105,-30680.5057774367,63702.7405944484,100,4.20000000000005,TRUE,"","r1 over",6,2,5,2,4,283,510283,710283
"DGMM",NA,0.89860222207724,0.026,0.34932709604474,0.445,-33424.2707678503,69197.1783305546,16,2.06999999999999,TRUE,"","r1 over",6,2,5,2,4,284,510284,710284
"RDMM",4.10246215299638,0.929225106510743,0.018,0.756149123504074,0.1,-30911.9352431702,64165.5995259152,184,7.60999999999996,TRUE,"","r1 over",6,2,5,2,4,284,510284,710284
"DGMM",NA,0.861045665757611,0.036,0.342022618462156,0.443,-32958.9534969336,68266.543788721,20,2.57999999999998,TRUE,"","r1 over",6,2,5,2,4,285,510285,710285
"RDMM",4.04215726329688,0.956440399750402,0.011,0.708083338626703,0.123,-30666.6845460873,63675.0981317495,115,4.86000000000001,TRUE,"","r1 over",6,2,5,2,4,285,510285,710285
"DGMM",NA,0.853629741232294,0.038,0.506751391007744,0.232,-32884.7736035543,68118.1840019625,21,2.69,TRUE,"","r1 over",6,2,5,2,4,286,510286,710286
"RDMM",4.44630583884296,0.948624573352206,0.013,0.779085785635185,0.09,-30632.9645003067,63607.6580401882,190,7.89000000000004,TRUE,"","r1 over",6,2,5,2,4,286,510286,710286
"DGMM",NA,0.906210216218765,0.024,0.372225853473443,0.501,-33581.4033748056,69511.4435444652,22,2.92999999999995,TRUE,"","r1 over",6,2,5,2,4,287,510287,710287
"RDMM",4.13906915754628,0.948624626359237,0.013,0.761910362968504,0.097,-30708.2693095805,63758.2676587359,100,4.14000000000004,TRUE,"","r1 over",6,2,5,2,4,287,510287,710287
"DGMM",NA,0.902402394031314,0.025,0.310308729202816,0.467,-33036.4336788396,68421.5041525331,16,2.14999999999998,TRUE,"","r1 over",6,2,5,2,4,288,510288,710288
"RDMM",4.18774618295254,0.929225222927529,0.018,0.759440467524571,0.099,-30266.9774624107,62875.6839643964,143,5.73000000000002,TRUE,"","r1 over",6,2,5,2,4,288,510288,710288
"DGMM",NA,0.90621017122225,0.024,0.344983496635063,0.422,-33181.6580007856,68711.9527964251,13,1.56999999999999,TRUE,"","r1 over",6,2,5,2,4,289,510289,710289
"RDMM",4.01499566507344,0.933089068331971,0.017,0.749846670986943,0.103,-30522.0411636803,63385.8113669356,100,3.40000000000003,TRUE,"","r1 over",6,2,5,2,4,289,510289,710289
"DGMM",NA,0.813418807267182,0.049,0.329019355344002,0.51,-32900.8377958476,68150.3123865491,23,2.26999999999998,TRUE,"","r1 over",6,2,5,2,4,290,510290,710290
"RDMM",4.22562377574581,0.906210119978046,0.024,0.699553209528118,0.126,-30591.6360715249,63525.0011826248,100,2.69,TRUE,"","r1 over",6,2,5,2,4,290,510290,710290
"DGMM",NA,0.6048718581007,0.111,0.24755682528324,0.518,-32905.2148327184,68159.0664602906,17,1.35000000000002,TRUE,"","r1 over",6,2,5,2,4,291,510291,710291
"RDMM",3.92429020287408,0.921521346791413,0.02,0.760545192623947,0.097,-30406.3514072822,63154.4318541394,104,2.57999999999998,TRUE,"","r1 over",6,2,5,2,4,291,510291,710291
"DGMM",NA,0.902402100939028,0.025,0.314328170342791,0.488,-32647.4336848485,67643.504164551,14,1.06999999999999,TRUE,"","r1 over",6,2,5,2,4,292,510292,710292
"RDMM",3.97216887409565,0.925369138847284,0.019,0.751165396408921,0.103,-30059.0602468841,62459.8495333432,131,3.02999999999997,TRUE,"","r1 over",6,2,5,2,4,292,510292,710292
"DGMM",NA,0.883483486285481,0.03,0.361471143280427,0.448,-33261.2510607788,68871.1389164115,26,1.59,TRUE,"","r1 over",6,2,5,2,4,293,510293,710293
"RDMM",3.93366691293821,0.913849848606803,0.022,0.774200863491669,0.091,-30597.7154653857,63537.1599703464,139,5.32,TRUE,"","r1 over",6,2,5,2,4,293,510293,710293
"DGMM",NA,0.875971994043467,0.032,0.438879175097162,0.495,-32919.2885689766,68187.2139328072,50,6.24,TRUE,"","r1 over",6,2,5,2,4,294,510294,710294
"RDMM",4.2933834152406,0.921521514631778,0.02,0.73624076796535,0.108,-30302.6605160646,62947.0500717041,210,8.64,TRUE,"","r1 over",6,2,5,2,4,294,510294,710294
"DGMM",NA,0.000599127154167499,0.479,-0.000333801876934914,0.736,-32244.0774385563,66836.7916719666,28,3.5,TRUE,"","r1 over",6,2,5,2,4,295,510295,710295
"RDMM",4.08953851259184,0.902402408269987,0.025,0.770250859745308,0.093,-31010.1781671104,64362.0853737957,217,8.95,TRUE,"","r1 over",6,2,5,2,4,295,510295,710295
"DGMM",NA,0.556094452191014,0.127,0.211091441321687,0.545,-33707.9843726956,69764.6055402451,15,1.86,TRUE,"","r1 over",6,2,5,2,4,296,510296,710296
"RDMM",3.67780044656591,0.921521449096114,0.02,0.739406324733891,0.107,-31037.6243515005,64416.9777425759,237,9.87,TRUE,"","r1 over",6,2,5,2,4,296,510296,710296
"DGMM",NA,0.806211044861122,0.051,0.336219744824626,0.429,-32991.8979436778,68332.4326822095,29,3.77,TRUE,"","r1 over",6,2,5,2,4,297,510297,710297
"RDMM",3.85212764751767,0.92536931929657,0.019,0.740314790290882,0.107,-30250.8468627387,62843.4227650523,137,5.7,TRUE,"","r1 over",6,2,5,2,4,297,510297,710297
"DGMM",NA,0.887251221219887,0.029,0.357724477505739,0.444,-32870.8037873119,68090.2443694778,18,2.36,TRUE,"","r1 over",6,2,5,2,4,298,510298,710298
"RDMM",4.3415288384811,0.940840840618905,0.015,0.778538118777038,0.09,-30426.266746439,63194.262532453,100,4.06,TRUE,"","r1 over",6,2,5,2,4,298,510298,710298
"DGMM",NA,0.646065428304157,0.098,0.259212142611538,0.518,-33725.963340112,69800.5634750779,19,2.49,TRUE,"","r1 over",6,2,5,2,4,299,510299,710299
"RDMM",4.02279764994633,0.913849855368978,0.022,0.74275213907001,0.105,-31168.0624344289,64677.8539084327,151,6.31,TRUE,"","r1 over",6,2,5,2,4,299,510299,710299
"DGMM",NA,0.282395018587301,0.234,0.121694701196265,0.545,-33581.3074765856,69511.2517480252,28,3.61,TRUE,"","r1 over",6,2,5,2,4,300,510300,710300
"RDMM",3.68732517897007,0.925369346217438,0.019,0.746027141481075,0.104,-31334.7266711328,65011.1823818405,147,6.03999999999999,TRUE,"","r1 over",6,2,5,2,4,300,510300,710300
"DGMM",NA,0.824287501221032,0.046,0.375504698639707,0.514,-33495.4751514107,69339.5870976754,41,5.14,TRUE,"","r1 over",6,2,5,2,4,301,510301,710301
"RDMM",3.84909528772847,0.913849825933619,0.022,0.70572922070264,0.124,-31029.7323419492,64401.1937234734,100,4.17,TRUE,"","r1 over",6,2,5,2,4,301,510301,710301
"DGMM",NA,0.846246352179014,0.04,0.288427805857161,0.491,-33069.215812835,68487.0684205239,33,4.14999999999999,TRUE,"","r1 over",6,2,5,2,4,302,510302,710302
"RDMM",3.69887521928478,0.917681618136574,0.021,0.726393483630291,0.113,-30534.8904015969,63411.5098427687,100,4.13000000000001,TRUE,"","r1 over",6,2,5,2,4,302,510302,710302
"DGMM",NA,0.891026701679818,0.028,0.444867301341177,0.506,-33661.5012465431,69671.6392879401,37,4.64,TRUE,"","r1 over",6,2,5,2,4,303,510303,710303
"RDMM",3.93114510075118,0.944728709942269,0.014,0.737180616370737,0.109,-30934.1738746455,64210.0767888659,142,6,TRUE,"","r1 over",6,2,5,2,4,303,510303,710303
"DGMM",NA,0.649290884536951,0.097,0.237326927324232,0.506,-33432.5504840064,69213.7377628667,17,2.17,TRUE,"","r1 over",6,2,5,2,4,304,510304,710304
"RDMM",3.92927928602019,0.902402343961219,0.025,0.680819581204754,0.135,-30835.1913797944,64012.1117991638,184,7.61,TRUE,"","r1 over",6,2,5,2,4,304,510304,710304
"DGMM",NA,0.861045032293503,0.036,0.291512027512568,0.501,-32966.8310500483,68282.2988949506,27,3.39999999999999,TRUE,"","r1 over",6,2,5,2,4,305,510305,710305
"RDMM",4.23693076026299,0.898602582061416,0.026,0.733544500497419,0.109,-30716.7366554149,63775.2023504048,100,4.25,TRUE,"","r1 over",6,2,5,2,4,305,510305,710305
"DGMM",NA,0.87597189282472,0.032,0.304661133040877,0.496,-33223.3656672466,68795.3681293471,12,1.56,TRUE,"","r1 over",6,2,5,2,4,306,510306,710306
"RDMM",3.96118558813005,0.913849794873989,0.022,0.716886018025954,0.118,-30576.5391917434,63494.8074230618,100,4.20000000000002,TRUE,"","r1 over",6,2,5,2,4,306,510306,710306
"DGMM",NA,0.824288482380656,0.046,0.340071003134244,0.43,-32635.6658754202,67619.9685456942,15,1.91999999999999,TRUE,"","r1 over",6,2,5,2,4,307,510307,710307
"RDMM",4.07456327843691,0.936960977030211,0.016,0.724857827135212,0.114,-30175.2322737571,62692.1935870892,188,8.17000000000002,TRUE,"","r1 over",6,2,5,2,4,307,510307,710307
"DGMM",NA,0.913849779928399,0.022,0.389006496760909,0.435,-32746.1968558578,67841.0305065695,15,2.05000000000001,TRUE,"","r1 over",6,2,5,2,4,308,510308,710308
"RDMM",4.21189336216774,0.944728680679281,0.014,0.721807982200458,0.117,-30403.110787036,63147.9506136468,196,8.06999999999999,TRUE,"","r1 over",6,2,5,2,4,308,510308,710308
"DGMM",NA,0.742786015059008,0.069,0.272957959313494,0.478,-33769.7480358868,69888.1328666275,12,1.59999999999999,TRUE,"","r1 over",6,2,5,2,4,309,510309,710309
"RDMM",3.84363066248215,0.9215215160749,0.02,0.748015173609127,0.103,-30891.9934537177,64125.7159470104,214,9.05000000000001,TRUE,"","r1 over",6,2,5,2,4,309,510309,710309
"DGMM",NA,0.894810735216274,0.027,0.307789105883782,0.486,-32680.0410229943,67708.7188408425,14,1.94,TRUE,"","r1 over",6,2,5,2,4,310,510310,710310
"RDMM",4.19209037240844,0.964288253793209,0.009,0.783800786385903,0.088,-30299.9906184786,62941.7102765321,139,5.84,TRUE,"","r1 over",6,2,5,2,4,310,510310,710310
"DGMM",NA,0.403976445004662,0.182,0.159769530496197,0.562,-33139.7121222056,68628.0610392652,31,3.90000000000001,TRUE,"","r1 over",6,2,5,2,4,311,510311,710311
"RDMM",3.90165907719902,0.933089024457711,0.017,0.76027365202303,0.099,-31090.8824898433,64523.4940192616,167,7.44,TRUE,"","r1 over",6,2,5,2,4,311,510311,710311
"DGMM",NA,0.000567240102128002,0.481,-0.000442869590052518,0.712,-32387.7095597262,67124.0559143063,22,2.79000000000002,TRUE,"","r1 over",6,2,5,2,4,312,510312,710312
"RDMM",3.65561161343463,0.883483445807812,0.03,0.769634186751911,0.094,-31128.2811239602,64598.2912874954,129,5.35999999999999,TRUE,"","r1 over",6,2,5,2,4,312,510312,710312
"DGMM",NA,0.898602528221231,0.026,0.397614444234067,0.512,-32668.070769603,67684.77833406,47,5.88999999999999,TRUE,"","r1 over",6,2,5,2,4,313,510313,710313
"RDMM",4.19307369701538,0.929225180061007,0.018,0.570559168123789,0.228,-30758.9804742683,63859.6899881115,100,4.19,TRUE,"","r1 over",6,2,5,2,4,313,510313,710313
"DGMM",NA,0.933089056707979,0.017,0.44580930952182,0.319,-33125.403715289,68599.4442254319,24,2.98000000000002,TRUE,"","r1 over",6,2,5,2,4,314,510314,710314
"RDMM",3.987387309313,0.933089074420727,0.017,0.752567366943763,0.101,-30510.440315017,63362.609669609,100,4.19999999999999,TRUE,"","r1 over",6,2,5,2,4,314,510314,710314
"DGMM",NA,0.00120719054030775,0.477,0.00121030312867751,0.723,-32199.8367033891,66748.3102016321,23,2.91,TRUE,"","r1 over",6,2,5,2,4,315,510315,710315
"RDMM",3.7173414722562,0.898602591936988,0.026,0.734746768880492,0.109,-30810.257629832,63962.244299239,161,6.70000000000002,TRUE,"","r1 over",6,2,5,2,4,315,510315,710315
"DGMM",NA,0.92536931929657,0.019,0.313316020542738,0.486,-33011.8412080659,68372.3192109857,23,2.94,TRUE,"","r1 over",6,2,5,2,4,316,510316,710316
"RDMM",4.06755864360489,0.948624590154745,0.013,0.752228961032796,0.102,-30498.3149042089,63338.3588479927,105,4.26000000000002,TRUE,"","r1 over",6,2,5,2,4,316,510316,710316
"DGMM",NA,0.902402365084547,0.025,0.333045095795883,0.454,-33021.0520937734,68390.7409824008,14,1.88,TRUE,"","r1 over",6,2,5,2,4,317,510317,710317
"RDMM",4.09875485523416,0.940840818220479,0.015,0.768886360533637,0.094,-30468.8176209658,63279.3642815066,110,4.66,TRUE,"","r1 over",6,2,5,2,4,317,510317,710317
"DGMM",NA,0.369125110584801,0.196,0.14762766261822,0.575,-32916.8856477926,68182.4080904391,27,3.41999999999999,TRUE,"","r1 over",6,2,5,2,4,318,510318,710318
"RDMM",4.18662220787024,0.952528484325076,0.012,0.723946416685117,0.116,-30767.6506472023,63877.0303339796,126,5.25,TRUE,"","r1 over",6,2,5,2,4,318,510318,710318
"DGMM",NA,-0.000201630636425933,0.488,0.000105365338221642,0.727,-31842.1135349861,66032.8638648262,43,5.45999999999998,TRUE,"","r1 over",6,2,5,2,4,319,510319,710319
"RDMM",4.14512344888014,0.675363282320173,0.089,0.490008124311808,0.311,-30831.9091126246,64005.5472648242,105,4.39000000000001,TRUE,"","r1 over",6,2,5,2,4,319,510319,710319
"DGMM",NA,0.940840784611426,0.015,0.314314496015152,0.486,-33016.1000987269,68380.8369923078,32,4.05000000000001,TRUE,"","r1 over",6,2,5,2,4,320,510320,710320
"RDMM",4.08360368188829,0.936960906158693,0.016,0.769843868985067,0.094,-30415.8612552244,63173.4515500238,103,4.34,TRUE,"","r1 over",6,2,5,2,4,320,510320,710320
"DGMM",NA,0.921521499735031,0.02,0.321902474705067,0.474,-32660.2692047493,67669.1752043524,13,1.69,TRUE,"","r1 over",6,2,5,2,4,321,510321,710321
"RDMM",4.00116596621528,0.95644040922841,0.011,0.751452034783534,0.103,-29981.0572327135,62303.8435050019,144,6.06999999999999,TRUE,"","r1 over",6,2,5,2,4,321,510321,710321
"DGMM",NA,0.500771302185025,0.146,0.212130960954713,0.515,-33486.7275394254,69322.0918737048,24,3.02999999999997,TRUE,"","r1 over",6,2,5,2,4,322,510322,710322
"RDMM",3.87477306481787,0.929225221916543,0.018,0.735163716279061,0.109,-30878.6385491233,64099.0061378216,102,4.26999999999998,TRUE,"","r1 over",6,2,5,2,4,322,510322,710322
"DGMM",NA,0.846246369682865,0.04,0.318094698075825,0.46,-33013.2796947516,68375.1961843571,12,1.60999999999996,TRUE,"","r1 over",6,2,5,2,4,323,510323,710323
"RDMM",3.97423149226425,0.929225205577368,0.018,0.768042852730014,0.095,-30408.0086684664,63157.7463765077,116,4.88999999999999,TRUE,"","r1 over",6,2,5,2,4,323,510323,710323
"DGMM",NA,0.898602567162711,0.026,0.368386598216619,0.482,-33307.9306562815,68964.498107417,44,5.54000000000002,TRUE,"","r1 over",6,2,5,2,4,324,510324,710324
"RDMM",3.943907066992,0.91768165804001,0.021,0.749419801756905,0.103,-31038.5927620387,64418.9145636524,132,5.57999999999998,TRUE,"","r1 over",6,2,5,2,4,324,510324,710324
"DGMM",NA,0.91384982467814,0.022,0.305872323802982,0.491,-33399.0766787002,69146.7901522543,17,2.13999999999999,TRUE,"","r1 over",6,2,5,2,4,325,510325,710325
"RDMM",4.03835048057942,0.944728680679281,0.014,0.759445756168177,0.098,-30721.2909929801,63784.3110255352,181,7.60999999999996,TRUE,"","r1 over",6,2,5,2,4,325,510325,710325
"DGMM",NA,0.853630166944242,0.038,0.350846116015313,0.477,-33043.7106807834,68436.0581564208,34,4.21999999999997,TRUE,"","r1 over",6,2,5,2,4,326,510326,710326
"RDMM",3.77344658458516,0.925369361034676,0.019,0.741708502292944,0.107,-30547.0396505105,63435.8083405959,112,4.84000000000003,TRUE,"","r1 over",6,2,5,2,4,326,510326,710326
"DGMM",NA,0.902402311234126,0.025,0.344724233015303,0.477,-33569.132316609,69486.9014280719,14,1.81,TRUE,"","r1 over",6,2,5,2,4,327,510327,710327
"RDMM",3.99162511934547,0.933089046667319,0.017,0.752498197652443,0.102,-30864.8706770189,64071.4703936127,117,4.90999999999997,TRUE,"","r1 over",6,2,5,2,4,327,510327,710327
"DGMM",NA,0.891027058830497,0.028,0.352928229266143,0.502,-32952.8532220084,68254.3432388707,21,2.64000000000004,TRUE,"","r1 over",6,2,5,2,4,328,510328,710328
"RDMM",4.25655583278341,0.917681600842785,0.021,0.72904089616838,0.112,-30631.2987435828,63604.3265267405,187,7.69999999999999,TRUE,"","r1 over",6,2,5,2,4,328,510328,710328
"DGMM",NA,0.921521445381987,0.02,0.458928220643518,0.499,-32895.3321700707,68139.3011349953,33,4.23000000000002,TRUE,"","r1 over",6,2,5,2,4,329,510329,710329
"RDMM",4.02198733601596,0.944728675104742,0.014,0.743090739340336,0.106,-30468.5171901362,63278.7634198474,199,8.23000000000002,TRUE,"","r1 over",6,2,5,2,4,329,510329,710329
"DGMM",NA,0.701948812251771,0.081,0.259705682821578,0.491,-33181.4568284123,68711.5504516786,19,2.46999999999997,TRUE,"","r1 over",6,2,5,2,4,330,510330,710330
"RDMM",3.90048318615964,0.90621017742929,0.024,0.693382713612026,0.129,-30551.9687028963,63445.6664453675,187,7.87,TRUE,"","r1 over",6,2,5,2,4,330,510330,710330
"DGMM",NA,0.440397918574989,0.168,0.191391417184094,0.542,-33240.9040471648,68830.4448891834,23,2.97000000000003,TRUE,"","r1 over",6,2,5,2,4,331,510331,710331
"RDMM",3.98782144982021,0.921521477359704,0.02,0.767391041112145,0.095,-30994.6151679739,64330.9593755227,114,4.86000000000001,TRUE,"","r1 over",6,2,5,2,4,331,510331,710331
"DGMM",NA,0.864765190417392,0.035,0.346595948721529,0.478,-33032.9112693616,68414.4593335772,24,2.91999999999996,TRUE,"","r1 over",6,2,5,2,4,332,510332,710332
"RDMM",4.23580116656272,0.948623998530735,0.013,0.756501125928028,0.099,-30745.2750007105,63832.279040996,208,7.10999999999996,TRUE,"","r1 over",6,2,5,2,4,332,510332,710332
"DGMM",NA,-0.00068196845409655,0.491,0.0019906495728665,0.729,-32290.3307749297,66929.2983447133,38,3.26000000000005,TRUE,"","r1 over",6,2,5,2,4,333,510333,710333
"RDMM",3.93770155931409,0.809809809700041,0.05,0.492588038088763,0.298,-31158.3639624276,64658.4569644302,118,3,TRUE,"","r1 over",6,2,5,2,4,333,510333,710333
"DGMM",NA,0.453740671842652,0.163,0.226878134742765,0.503,-33191.7771772304,68732.1911493148,11,0.82,TRUE,"","r1 over",6,2,5,2,4,334,510334,710334
"RDMM",4.3320532897702,0.956440405909851,0.011,0.768787674594115,0.095,-30488.5097205869,63318.7484807487,150,4.33,TRUE,"","r1 over",6,2,5,2,4,334,510334,710334
"DGMM",NA,0.620562135866592,0.106,0.266620496813928,0.446,-34064.0800079596,70476.7968107731,9,1.2,TRUE,"","r1 over",6,2,5,2,4,335,510335,710335
"RDMM",3.77735358949141,0.933089066941727,0.017,0.753260383288615,0.101,-31082.3938119392,64506.5166634533,269,10.96,TRUE,"","r1 over",6,2,5,2,4,335,510335,710335
"DGMM",NA,0.781239923885347,0.058,0.315543603750672,0.414,-33099.7504606436,68548.1377161411,15,1.91,TRUE,"","r1 over",6,2,5,2,4,336,510336,710336
"RDMM",4.20078349202647,0.940840782744888,0.015,0.756568854436604,0.1,-30861.5938148709,64064.9166693167,106,4.34,TRUE,"","r1 over",6,2,5,2,4,336,510336,710336
"DGMM",NA,0.767142944653935,0.062,0.284995930988557,0.464,-33522.8541529348,69394.3451007235,18,2.31,TRUE,"","r1 over",6,2,5,2,4,337,510337,710337
"RDMM",4.15779637838846,0.917681586858883,0.021,0.744999928405529,0.104,-30757.910751673,63857.550542921,134,5.53,TRUE,"","r1 over",6,2,5,2,4,337,510337,710337
"DGMM",NA,0.774174535074584,0.06,0.393939523972823,0.316,-32870.7817447654,68090.2002843847,6,0.850000000000001,TRUE,"","r1 over",6,2,5,2,4,338,510338,710338
"RDMM",4.5601494106046,0.917681619276823,0.021,0.700958805298194,0.125,-30343.8253384888,63029.3797165526,175,7.18,TRUE,"","r1 over",6,2,5,2,4,338,510338,710338
"DGMM",NA,0.8948107663,0.027,0.388499549709868,0.474,-32734.2603616222,67817.1575180984,17,2.22,TRUE,"","r1 over",6,2,5,2,4,339,510339,710339
"RDMM",4.14823505147324,0.940840818220479,0.015,0.765347304184579,0.097,-30300.115699783,62941.960439141,200,8.51,TRUE,"","r1 over",6,2,5,2,4,339,510339,710339
"DGMM",NA,0.861044786404818,0.036,0.353892014335975,0.497,-33344.8869185218,69038.4106318975,39,5,TRUE,"","r1 over",6,2,5,2,4,340,510340,710340
"RDMM",3.65316851761281,0.910025922384647,0.023,0.752199054858748,0.101,-30825.473724752,63992.676489079,260,10.64,TRUE,"","r1 over",6,2,5,2,4,340,510340,710340
"DGMM",NA,0.861045083620451,0.036,0.384826535329995,0.47,-32838.3431575048,68025.3231098635,39,4.92999999999999,TRUE,"","r1 over",6,2,5,2,4,341,510341,710341
"RDMM",3.74850282354433,0.921521505623273,0.02,0.732508023254547,0.112,-30405.3101226923,63152.3492849595,139,5.77000000000001,TRUE,"","r1 over",6,2,5,2,4,341,510341,710341
"DGMM",NA,0.846218628433938,0.04,0.292047896785737,0.486,-32522.3842024309,67393.4051997157,25,3.11,TRUE,"","r1 over",6,2,5,2,4,342,510342,710342
"RDMM",4.04852278235929,0.906204981415714,0.024,0.745699132575512,0.103,-30226.9220230513,62795.5730856775,100,4.14,TRUE,"","r1 over",6,2,5,2,4,342,510342,710342
"DGMM",NA,0.913849933597989,0.022,0.395869406129455,0.367,-33324.0533362219,68996.7434672977,15,2.02000000000001,TRUE,"","r1 over",6,2,5,2,4,343,510343,710343
"RDMM",3.93620165941945,0.929225180061007,0.018,0.766769868049997,0.095,-30431.306053483,63204.3411465409,112,4.63,TRUE,"","r1 over",6,2,5,2,4,343,510343,710343
"DGMM",NA,0.38857813160976,0.188,0.182402996674874,0.568,-33440.2606100695,69229.158014993,37,4.63,TRUE,"","r1 over",6,2,5,2,4,344,510344,710344
"RDMM",3.77361774202638,0.879723139673373,0.031,0.704420784902872,0.123,-31108.3236863123,64558.3764121996,163,6.67999999999999,TRUE,"","r1 over",6,2,5,2,4,344,510344,710344
"DGMM",NA,0.913849791729076,0.022,0.35368124770135,0.446,-32510.6318180745,67369.900431003,15,1.91000000000001,TRUE,"","r1 over",6,2,5,2,4,345,510345,710345
"RDMM",4.57289212099312,0.929225200488394,0.018,0.544994487600514,0.293,-30456.1073129289,63253.9436654327,100,4.31,TRUE,"","r1 over",6,2,5,2,4,345,510345,710345
"DGMM",NA,0.824289115710365,0.046,0.346658920389951,0.502,-33205.3800058304,68759.3968065147,44,5.5,TRUE,"","r1 over",6,2,5,2,4,346,510346,710346
"RDMM",3.92856334301624,0.925369310208081,0.019,0.767527288688887,0.095,-30670.6806434471,63683.0903264691,143,5.78999999999999,TRUE,"","r1 over",6,2,5,2,4,346,510346,710346
"DGMM",NA,0.698595671560106,0.082,0.310079387103873,0.404,-33357.4288753014,69063.4945454568,12,1.63,TRUE,"","r1 over",6,2,5,2,4,347,510347,710347
"RDMM",3.98233723253353,0.88725115120087,0.029,0.529916233369752,0.233,-30731.4768242274,63804.6826880298,114,4.64,TRUE,"","r1 over",6,2,5,2,4,347,510347,710347
"DGMM",NA,0.868492737269693,0.034,0.305439324137134,0.44,-32977.68179654,68304.000387934,13,1.79999999999998,TRUE,"","r1 over",6,2,5,2,4,348,510348,710348
"RDMM",4.06746061719327,0.902402411555834,0.025,0.724700448555001,0.114,-30572.6411406622,63487.0113208993,276,11.77,TRUE,"","r1 over",6,2,5,2,4,348,510348,710348
"DGMM",NA,0.864764877275938,0.035,0.342342710474705,0.469,-33422.916338675,69194.469472204,22,2.72999999999999,TRUE,"","r1 over",6,2,5,2,4,349,510349,710349
"RDMM",3.96758200895654,0.910025965658738,0.023,0.51867174752383,0.297,-30862.3494146721,64066.4278689191,146,6.18000000000001,TRUE,"","r1 over",6,2,5,2,4,349,510349,710349
"DGMM",NA,0.000453225383287425,0.482,0.00186009923765648,0.713,-32068.2723972209,66485.1815892957,25,3.19,TRUE,"","r1 over",6,2,5,2,4,350,510350,710350
"RDMM",3.71731025065021,0.913849818773663,0.022,0.728785428258077,0.113,-30756.5987581629,63854.9265559008,142,5.90000000000001,TRUE,"","r1 over",6,2,5,2,4,350,510350,710350
"DGMM",NA,0.913849899559271,0.022,0.394432366576291,0.383,-33008.3366611265,68365.310117107,15,1.94,TRUE,"","r1 over",6,2,5,2,4,351,510351,710351
"RDMM",4.26685902421959,0.952528487972106,0.012,0.787225840350426,0.086,-30605.159245783,63552.0475311409,103,4.66,TRUE,"","r1 over",6,2,5,2,4,351,510351,710351
"DGMM",NA,0.887250950513912,0.029,0.324850201560382,0.477,-33109.6665629045,68567.969920663,17,2.23999999999998,TRUE,"","r1 over",6,2,5,2,4,352,510352,710352
"RDMM",3.99371870736247,0.948624094050217,0.013,0.765141656497239,0.098,-30668.520912036,63678.7708636469,119,5.06,TRUE,"","r1 over",6,2,5,2,4,352,510352,710352
"DGMM",NA,0.784773095247058,0.057,0.326445843104989,0.488,-34001.3691144507,70351.3750237554,22,2.76000000000002,TRUE,"","r1 over",6,2,5,2,4,353,510353,710353
"RDMM",3.62450326690289,0.88725058108926,0.029,0.702236299967615,0.126,-30952.4101599726,64246.5493595201,182,7.44,TRUE,"","r1 over",6,2,5,2,4,353,510353,710353
"DGMM",NA,0.849934164535872,0.039,0.426858625847309,0.5,-32959.7729228884,68268.1826406308,24,3,TRUE,"","r1 over",6,2,5,2,4,354,510354,710354
"RDMM",4.31457608104286,0.925369358450274,0.019,0.727888902043299,0.112,-30724.6553689079,63791.0397773907,100,4.17000000000002,TRUE,"","r1 over",6,2,5,2,4,354,510354,710354
"DGMM",NA,0.913849842909503,0.022,0.308639235430595,0.497,-33208.1346206954,68764.9060362447,20,2.52000000000001,TRUE,"","r1 over",6,2,5,2,4,355,510355,710355
"RDMM",4.12582415610418,0.936960915254512,0.016,0.766860068808672,0.095,-30792.3635029329,63926.4560454408,100,4.13,TRUE,"","r1 over",6,2,5,2,4,355,510355,710355
"DGMM",NA,0.872228302279407,0.033,0.316738671657186,0.453,-33327.6014501031,69003.8396950602,16,2.05000000000001,TRUE,"","r1 over",6,2,5,2,4,356,510356,710356
"RDMM",4.18111192756933,0.929225163697984,0.018,0.719690376751164,0.117,-30815.8314797058,63973.3919989866,105,4.37,TRUE,"","r1 over",6,2,5,2,4,356,510356,710356
"DGMM",NA,0.301694501814621,0.225,0.129482756068952,0.548,-32583.9974183307,67516.6316315152,30,3.83000000000001,TRUE,"","r1 over",6,2,5,2,4,357,510357,710357
"RDMM",4.25460700764889,0.917681595521618,0.021,0.705434755190022,0.123,-30525.5761133517,63392.8812662784,100,4.06999999999999,TRUE,"","r1 over",6,2,5,2,4,357,510357,710357
"DGMM",NA,0.461850557551296,0.16,0.199547154782847,0.54,-33796.8152888872,69942.2673726283,22,2.84999999999999,TRUE,"","r1 over",6,2,5,2,4,358,510358,710358
"RDMM",3.87039136723491,0.933089091073619,0.017,0.749815416821574,0.102,-31055.8445361471,64453.4181118691,126,5.22,TRUE,"","r1 over",6,2,5,2,4,358,510358,710358
"DGMM",NA,0.652520148129959,0.096,0.269549085831306,0.508,-33955.4103711484,70259.4575371507,16,2.06999999999999,TRUE,"","r1 over",6,2,5,2,4,359,510359,710359
"RDMM",4.12166745770207,0.929225243266388,0.018,0.722581710057115,0.115,-30929.0897242903,64199.9084881555,226,9.44,TRUE,"","r1 over",6,2,5,2,4,359,510359,710359
"DGMM",NA,0.87222843853335,0.033,0.336220717560716,0.485,-33503.834504267,69356.3058033878,14,1.81,TRUE,"","r1 over",6,2,5,2,4,360,510360,710360
"RDMM",3.87331084561762,0.944728680679281,0.014,0.735537569700477,0.11,-30795.6300360515,63932.989111678,168,6.89000000000001,TRUE,"","r1 over",6,2,5,2,4,360,510360,710360
"DGMM",NA,0.781237408824096,0.058,0.31117813516395,0.468,-33258.8688042672,68866.3744033883,18,2.29999999999998,TRUE,"","r1 over",6,2,5,2,4,361,510361,710361
"RDMM",3.90100573629101,0.91384984194407,0.022,0.738798318858151,0.108,-30744.5061031033,63830.7412457816,139,5.84,TRUE,"","r1 over",6,2,5,2,4,361,510361,710361
"DGMM",NA,0.767143352495526,0.062,0.557077461091303,0.2,-33645.1224480249,69638.8816909038,6,0.840000000000003,TRUE,"","r1 over",6,2,5,2,4,362,510362,710362
"RDMM",4.04297087415148,0.913849526544539,0.022,0.748822421744713,0.103,-30248.1342590951,62837.9975577652,137,5.63,TRUE,"","r1 over",6,2,5,2,4,362,510362,710362
"DGMM",NA,0.831575763951313,0.044,0.338759235859799,0.499,-32869.4170746519,68087.4709441577,21,2.69,TRUE,"","r1 over",6,2,5,2,4,363,510363,710363
"RDMM",4.32983722747588,0.940840814658126,0.015,0.796623516804833,0.082,-30449.2908620371,63240.3107636491,141,5.79999999999998,TRUE,"","r1 over",6,2,5,2,4,363,510363,710363
"DGMM",NA,0.846246511909823,0.04,0.365301014713387,0.509,-33091.6822565573,68532.0013079685,37,4.73000000000002,TRUE,"","r1 over",6,2,5,2,4,364,510364,710364
"RDMM",3.85780130705058,0.921521451032443,0.02,0.739146628114391,0.108,-30832.6066356413,64006.9423108576,152,6.29000000000002,TRUE,"","r1 over",6,2,5,2,4,364,510364,710364
"DGMM",NA,0.827927904242004,0.045,0.485249384770394,0.251,-33118.3353236433,68585.3074421405,6,0.829999999999984,TRUE,"","r1 over",6,2,5,2,4,365,510365,710365
"RDMM",4.05883967882954,0.933089076055551,0.017,0.743786272285572,0.106,-30366.7723261719,63075.2736919188,165,6.81,TRUE,"","r1 over",6,2,5,2,4,365,510365,710365
"DGMM",NA,0.411650305429259,0.179,0.180097710007142,0.537,-33195.6741043028,68739.9850034595,26,3.36000000000001,TRUE,"","r1 over",6,2,5,2,4,366,510366,710366
"RDMM",3.76231915753984,0.92922515932271,0.018,0.736735732491153,0.109,-30759.2646705438,63860.2583806625,156,6.60000000000002,TRUE,"","r1 over",6,2,5,2,4,366,510366,710366
"DGMM",NA,0.435070522768812,0.17,0.193885558505096,0.485,-33047.1498226734,68442.9364402007,34,4.26999999999998,TRUE,"","r1 over",6,2,5,2,4,367,510367,710367
"RDMM",3.67000912023513,0.944728690161577,0.014,0.734370053980115,0.11,-30423.927157412,63189.583354399,300,12.52,TRUE,"","r1 over",6,2,5,2,4,367,510367,710367
"DGMM",NA,0.512122934864453,0.142,0.210834906289978,0.507,-32603.8349169012,67556.3066286562,16,2.12,TRUE,"","r1 over",6,2,5,2,4,368,510368,710368
"RDMM",4.20510643252226,0.936960925487305,0.016,0.784722236981886,0.088,-30397.9934675271,63137.7159746291,100,4.12,TRUE,"","r1 over",6,2,5,2,4,368,510368,710368
"DGMM",NA,0.809796963227514,0.05,0.32171974216422,0.43,-33754.3918135151,69857.4204218842,17,2.14000000000004,TRUE,"","r1 over",6,2,5,2,4,369,510369,710369
"RDMM",3.91034878161649,0.91384835573115,0.022,0.740486512955855,0.107,-30959.2162231304,64260.1614858358,131,5.44,TRUE,"","r1 over",6,2,5,2,4,369,510369,710369
"DGMM",NA,0.894810803434505,0.027,0.357372113589831,0.502,-32755.3705272178,67859.3778492895,41,5.18000000000001,TRUE,"","r1 over",6,2,5,2,4,370,510370,710370
"RDMM",3.97919260383444,0.921521505623273,0.02,0.763234942501267,0.096,-30311.2837372816,62964.2965141382,104,4.36000000000001,TRUE,"","r1 over",6,2,5,2,4,370,510370,710370
"DGMM",NA,-0.000161081363037156,0.487,-0.000732582156838189,0.732,-32322.5443639923,66993.7255228386,32,4.06,TRUE,"","r1 over",6,2,5,2,4,371,510371,710371
"RDMM",3.88613888369223,0.910026008500048,0.023,0.73005911720797,0.111,-31084.2451982671,64510.2194361091,195,8.07000000000005,TRUE,"","r1 over",6,2,5,2,4,371,510371,710371
"DGMM",NA,0.875971860570456,0.032,0.341819155589548,0.42,-33169.2727774024,68687.1823496587,15,1.98000000000002,TRUE,"","r1 over",6,2,5,2,4,372,510372,710372
"RDMM",4.0470928508873,0.921521464620709,0.02,0.752795640603084,0.101,-30750.369417132,63842.467873839,101,4.38999999999999,TRUE,"","r1 over",6,2,5,2,4,372,510372,710372
"DGMM",NA,0.267759230830748,0.241,0.10877342639959,0.579,-33430.334541714,69209.305878282,32,4.01000000000005,TRUE,"","r1 over",6,2,5,2,4,373,510373,710373
"RDMM",4.10317444426578,0.913849764216256,0.022,0.714083007701779,0.119,-30972.9095304552,64287.5481004853,103,4.41999999999996,TRUE,"","r1 over",6,2,5,2,4,373,510373,710373
"DGMM",NA,0.708678177241454,0.079,0.3202568735869,0.389,-32931.4823489987,68211.6014928513,25,3.04999999999995,TRUE,"","r1 over",6,2,5,2,4,374,510374,710374
"RDMM",4.20626412954948,0.944728688183773,0.014,0.734731035137131,0.11,-30664.4063161438,63670.5416718626,102,3.89000000000004,TRUE,"","r1 over",6,2,5,2,4,374,510374,710374
"DGMM",NA,0.774174301251915,0.06,0.270650390227672,0.48,-33768.9637262802,69886.5642474143,19,1.87,TRUE,"","r1 over",6,2,5,2,4,375,510375,710375
"RDMM",3.94243103667324,0.929225159909332,0.018,0.757825057680878,0.099,-30871.6289696016,64084.9869787781,138,4.06,TRUE,"","r1 over",6,2,5,2,4,375,510375,710375
"DGMM",NA,0.906210193315281,0.024,0.39609456781978,0.409,-32837.7861629616,68024.2091207771,18,1.23,TRUE,"","r1 over",6,2,5,2,4,376,510376,710376
"RDMM",3.98734426699837,0.929225234125533,0.018,0.726448957021855,0.115,-30304.7450122033,62951.2190639816,135,4.09,TRUE,"","r1 over",6,2,5,2,4,376,510376,710376
"DGMM",NA,0.443045621377857,0.167,0.195556825788994,0.53,-32784.6730535499,67917.9829019537,24,3.04,TRUE,"","r1 over",6,2,5,2,4,377,510377,710377
"RDMM",4.2115150483689,0.921521458517313,0.02,0.72865718756166,0.112,-30665.4128778069,63672.5547951888,106,4.44,TRUE,"","r1 over",6,2,5,2,4,377,510377,710377
"DGMM",NA,0.940840783697126,0.015,0.39018427538501,0.432,-33004.6372332958,68357.9112614455,16,2.05,TRUE,"","r1 over",6,2,5,2,4,378,510378,710378
"RDMM",4.03388761472642,0.972168141284516,0.007,0.798072695086146,0.082,-30405.1435415201,63152.0161226152,232,9.53,TRUE,"","r1 over",6,2,5,2,4,378,510378,710378
"DGMM",NA,0.326287841439536,0.214,0.167612640129705,0.558,-32721.1433326437,67790.9234601413,35,4.42,TRUE,"","r1 over",6,2,5,2,4,379,510379,710379
"RDMM",4.11223686438548,0.8986024861683,0.026,0.735078512988114,0.11,-30661.3516620351,63664.4323636452,112,4.66,TRUE,"","r1 over",6,2,5,2,4,379,510379,710379
"DGMM",NA,0.891026511019948,0.028,0.306639169848327,0.488,-33133.0585664376,68614.7539277291,14,1.78,TRUE,"","r1 over",6,2,5,2,4,380,510380,710380
"RDMM",4.08991647257884,0.929225104637406,0.018,0.753495476359556,0.101,-30853.6944994613,64049.1180384976,142,5.83,TRUE,"","r1 over",6,2,5,2,4,380,510380,710380
"DGMM",NA,0.381392969891639,0.191,0.165982978401145,0.519,-33200.9290207525,68750.4948363588,35,4.56,TRUE,"","r1 over",6,2,5,2,4,381,510381,710381
"RDMM",3.9104745590835,0.910025998685497,0.023,0.728944821047073,0.112,-30772.9453326748,63887.6197049245,100,4.3,TRUE,"","r1 over",6,2,5,2,4,381,510381,710381
"DGMM",NA,0.944728697626191,0.014,0.335969248547431,0.439,-33353.9195857389,69056.4759663318,19,2.4,TRUE,"","r1 over",6,2,5,2,4,382,510382,710382
"RDMM",3.91565683590871,0.952528433428711,0.012,0.78282299366564,0.088,-30833.0353456988,64007.7997309726,100,4.27,TRUE,"","r1 over",6,2,5,2,4,382,510382,710382
"DGMM",NA,0.35945795591802,0.2,0.162368611750759,0.526,-32584.889495873,67518.4157865999,29,3.67,TRUE,"","r1 over",6,2,5,2,4,383,510383,710383
"RDMM",3.95142222933897,0.913849766967539,0.022,0.745891054192881,0.104,-30634.6966900977,63611.1224197703,143,5.92,TRUE,"","r1 over",6,2,5,2,4,383,510383,710383
"DGMM",NA,0.831575703993741,0.044,0.341774057603969,0.436,-33231.4078909961,68811.4525768462,11,1.55,TRUE,"","r1 over",6,2,5,2,4,384,510384,710384
"RDMM",4.01427470245674,0.925369299655092,0.019,0.730134635589879,0.112,-30421.7070747547,63185.1431890843,217,8.87,TRUE,"","r1 over",6,2,5,2,4,384,510384,710384
"DGMM",NA,0.883483309518401,0.03,0.345149964856124,0.481,-33277.2587494753,68903.1542938045,15,2,TRUE,"","r1 over",6,2,5,2,4,385,510385,710385
"RDMM",4.23901952660944,0.913849807076581,0.022,0.562285752626125,0.225,-30804.3743179354,63950.4776754458,151,6.27999999999999,TRUE,"","r1 over",6,2,5,2,4,385,510385,710385
"DGMM",NA,0.887251253084151,0.029,0.583577871138332,0.186,-33672.5867415235,69693.8102779009,21,2.68000000000001,TRUE,"","r1 over",6,2,5,2,4,386,510386,710386
"RDMM",3.90628216406366,0.902402362737511,0.025,0.720154953251731,0.116,-30853.623721789,64048.9764831529,100,4.17,TRUE,"","r1 over",6,2,5,2,4,386,510386,710386
"DGMM",NA,0.868492509030268,0.034,0.312574902437197,0.465,-34001.0379312244,70350.7126573028,18,2.27,TRUE,"","r1 over",6,2,5,2,4,387,510387,710387
"RDMM",3.94331390900684,0.891027034008278,0.028,0.623771787090722,0.168,-31280.9206556627,64903.5703509003,167,6.86,TRUE,"","r1 over",6,2,5,2,4,387,510387,710387
"DGMM",NA,0.583293928445459,0.118,0.236079019010519,0.533,-33078.51484176,68505.6664783739,15,1.95,TRUE,"","r1 over",6,2,5,2,4,388,510388,710388
"RDMM",3.88274833822344,0.940840816797814,0.015,0.752771616413643,0.101,-30687.0276667112,63715.7843729974,195,8.25,TRUE,"","r1 over",6,2,5,2,4,388,510388,710388
"DGMM",NA,0.67206913547581,0.09,0.251101241828825,0.527,-34015.7537393055,70380.1442734649,14,1.8,TRUE,"","r1 over",6,2,5,2,4,389,510389,710389
"RDMM",3.55471679784318,0.940840415910897,0.015,0.748956635255164,0.103,-30916.5257381245,64174.7805158238,111,4.62,TRUE,"","r1 over",6,2,5,2,4,389,510389,710389
"DGMM",NA,0.371448820978534,0.195,0.172201693461873,0.521,-32547.7572724427,67444.1513397394,33,4.11,TRUE,"","r1 over",6,2,5,2,4,390,510390,710390
"RDMM",4.27717182089089,0.902402405297078,0.025,0.700945889614625,0.126,-30326.7047315846,62995.1385027442,129,5.39,TRUE,"","r1 over",6,2,5,2,4,390,510390,710390
"DGMM",NA,0.906209858234769,0.024,0.310099847748305,0.497,-33579.560120487,69507.757035828,18,2.33,TRUE,"","r1 over",6,2,5,2,4,391,510391,710391
"RDMM",4.01550226097222,0.902402169285034,0.025,0.718160181300928,0.117,-31041.6350707475,64424.99918107,189,8.19,TRUE,"","r1 over",6,2,5,2,4,391,510391,710391
"DGMM",NA,0.708677855544139,0.079,0.26421412047146,0.484,-33462.8853765135,69274.4075478809,13,1.68000000000001,TRUE,"","r1 over",6,2,5,2,4,392,510392,710392
"RDMM",4.04416669387165,0.929225210152338,0.018,0.746219314500266,0.105,-30840.9244665189,64023.5779726127,177,7.41,TRUE,"","r1 over",6,2,5,2,4,392,510392,710392
"DGMM",NA,0.788325441739337,0.056,0.363658023408366,0.497,-33373.7407956499,69096.1183861538,32,4.03,TRUE,"","r1 over",6,2,5,2,4,393,510393,710393
"RDMM",3.80699102128683,0.883482611075002,0.03,0.435767335230417,0.383,-31060.3866543563,64462.5023482875,108,4.57999999999998,TRUE,"","r1 over",6,2,5,2,4,393,510393,710393
"DGMM",NA,0.795459709609935,0.054,0.498653733025766,0.232,-33664.4611983075,69677.5591914689,6,0.830000000000013,TRUE,"","r1 over",6,2,5,2,4,394,510394,710394
"RDMM",3.88606969555517,0.933089028594122,0.017,0.770611099874119,0.093,-30672.6109883836,63686.9510163421,140,5.94,TRUE,"","r1 over",6,2,5,2,4,394,510394,710394
"DGMM",NA,0.453785004880459,0.163,0.198011247238752,0.53,-33111.1897949132,68571.0163846804,41,5.5,TRUE,"","r1 over",6,2,5,2,4,395,510395,710395
"RDMM",4.25178575060737,0.91768159952833,0.021,0.528764266438253,0.256,-30775.367121314,63892.463282203,100,4.13999999999999,TRUE,"","r1 over",6,2,5,2,4,395,510395,710395
"DGMM",NA,0.30631236927228,0.223,0.126397394719102,0.599,-33506.7260380667,69362.0888709874,25,3.20999999999998,TRUE,"","r1 over",6,2,5,2,4,396,510396,710396
"RDMM",3.54869972482865,0.906210211563488,0.024,0.751297601070563,0.101,-30846.5704532261,64034.8699460272,100,4.21000000000001,TRUE,"","r1 over",6,2,5,2,4,396,510396,710396
"DGMM",NA,0.293185901562865,0.229,0.125589643916159,0.563,-33147.9785541636,68644.5939031812,29,3.56999999999999,TRUE,"","r1 over",6,2,5,2,4,397,510397,710397
"RDMM",4.31264206326502,0.940840790905302,0.015,0.677521720527394,0.138,-31074.0471687359,64489.8233770468,145,5.98999999999998,TRUE,"","r1 over",6,2,5,2,4,397,510397,710397
"DGMM",NA,0.523728919914811,0.138,0.191257791883343,0.557,-33557.8670484148,69464.3708916835,13,1.68000000000001,TRUE,"","r1 over",6,2,5,2,4,398,510398,710398
"RDMM",4.12512762495611,0.910025951632168,0.023,0.605660845442063,0.182,-31269.2855566529,64880.3001528807,141,5.76999999999998,TRUE,"","r1 over",6,2,5,2,4,398,510398,710398
"DGMM",NA,0.849933549595795,0.039,0.284015360749824,0.506,-34503.9573716717,71356.5515381974,30,3.84999999999999,TRUE,"","r1 over",6,2,5,2,4,399,510399,710399
"RDMM",3.75779909059074,0.910025607348009,0.023,0.732052720766079,0.111,-31442.6189975959,65226.9670347668,100,4.19999999999999,TRUE,"","r1 over",6,2,5,2,4,399,510399,710399
"DGMM",NA,0.611133137991745,0.109,0.239852475687312,0.535,-33824.4462174048,69997.5292296635,19,2.41000000000003,TRUE,"","r1 over",6,2,5,2,4,400,510400,710400
"RDMM",3.72777815274794,0.92152150312077,0.02,0.715202001281799,0.12,-31220.7109899006,64783.1510193761,145,6.00999999999999,TRUE,"","r1 over",6,2,5,2,4,400,510400,710400
"DGMM",NA,0.824288840351775,0.046,0.349269910206315,0.469,-33557.939432348,69464.51565955,14,1.81,TRUE,"","r1 over",6,2,5,2,4,401,510401,710401
"RDMM",4.10634280188405,0.936960912004273,0.016,0.751044871718621,0.102,-31048.1005640625,64437.9301677,240,9.91000000000003,TRUE,"","r1 over",6,2,5,2,4,401,510401,710401
"DGMM",NA,0.328908931674784,0.213,0.13874611531552,0.561,-32627.9195898277,67604.4759745094,37,4.76999999999998,TRUE,"","r1 over",6,2,5,2,4,402,510402,710402
"RDMM",4.21303236174635,0.944728688654299,0.014,0.738915460164583,0.108,-30541.0570255101,63423.8430905951,228,9.36000000000001,TRUE,"","r1 over",6,2,5,2,4,402,510402,710402
"DGMM",NA,0.906209540188377,0.024,0.402375471902739,0.395,-32545.3919404769,67439.4206758076,13,1.66,TRUE,"","r1 over",6,2,5,2,4,403,510403,710403
"RDMM",4.50511553894858,0.944727622020428,0.014,0.795365767104949,0.082,-30292.0987707332,62925.9265810413,137,5.76000000000002,TRUE,"","r1 over",6,2,5,2,4,403,510403,710403
"DGMM",NA,0.712050367800276,0.078,0.275841651582857,0.493,-33323.9807013215,68996.5981974969,16,2.09999999999999,TRUE,"","r1 over",6,2,5,2,4,404,510404,710404
"RDMM",3.94246473999921,0.964288273774599,0.009,0.772666844813588,0.093,-30629.9945445185,63601.7181286119,104,4.34,TRUE,"","r1 over",6,2,5,2,4,404,510404,710404
"DGMM",NA,-0.00168182064426229,0.495,-0.000408802785570604,0.726,-32385.5352817253,67119.7073583046,33,4.13999999999999,TRUE,"","r1 over",6,2,5,2,4,405,510405,710405
"RDMM",3.81041544671677,0.917681071763372,0.021,0.758055545579599,0.098,-31108.940044322,64559.609128219,194,7.95000000000005,TRUE,"","r1 over",6,2,5,2,4,405,510405,710405
"DGMM",NA,0.421922650053057,0.175,0.194752564851571,0.508,-34078.67853997,70505.9938747938,9,1.23000000000002,TRUE,"","r1 over",6,2,5,2,4,406,510406,710406
"RDMM",3.87460654210002,0.910025951632168,0.023,0.651339949496473,0.15,-31073.6772354868,64489.0835105486,144,5.91999999999996,TRUE,"","r1 over",6,2,5,2,4,406,510406,710406
"DGMM",NA,0.795460282864213,0.054,0.339451250360324,0.497,-32516.2788626702,67381.1945201943,16,2.02999999999997,TRUE,"","r1 over",6,2,5,2,4,407,510407,710407
"RDMM",4.12765527152115,0.906210144765632,0.024,0.741375772082302,0.106,-30301.537860371,62944.8047603169,117,4.94,TRUE,"","r1 over",6,2,5,2,4,407,510407,710407
"DGMM",NA,0.842563770971409,0.041,0.308243496944588,0.463,-33112.3749899127,68573.3867746794,15,1.94,TRUE,"","r1 over",6,2,5,2,4,408,510408,710408
"RDMM",3.93363812434309,0.960359914711557,0.01,0.7752558727971,0.091,-30443.3704013593,63228.4698422936,258,10.68,TRUE,"","r1 over",6,2,5,2,4,408,510408,710408
"DGMM",NA,-0.000466734257559397,0.493,-0.000317810145516999,0.737,-31785.2088084199,65919.0544116938,34,4.34999999999997,TRUE,"","r1 over",6,2,5,2,4,409,510409,710409
"RDMM",3.77502730833215,0.913849789736054,0.022,0.733530579457499,0.11,-30382.5653639409,63106.8597674567,140,5.86000000000001,TRUE,"","r1 over",6,2,5,2,4,409,510409,710409
"DGMM",NA,0.753179565977139,0.066,0.282942343571876,0.497,-33764.8903737239,69878.4175423017,18,2.26999999999998,TRUE,"","r1 over",6,2,5,2,4,410,510410,710410
"RDMM",3.68873902639733,0.898602502627615,0.026,0.706034836940233,0.122,-30818.7763009132,63979.2816414014,240,10.14,TRUE,"","r1 over",6,2,5,2,4,410,510410,710410
"DGMM",NA,0.00069251010832168,0.481,0.000987219784571658,0.723,-32327.9398089649,67004.5164127837,28,3.51999999999998,TRUE,"","r1 over",6,2,5,2,4,411,510411,710411
"RDMM",3.69052164640806,0.910025953541997,0.023,0.743550334919717,0.105,-30992.0923641872,64325.9137679494,100,4.16000000000003,TRUE,"","r1 over",6,2,5,2,4,411,510411,710411
"DGMM",NA,0.887251214647474,0.029,0.303608736055352,0.491,-33210.7990352736,68770.2348654011,27,3.52999999999997,TRUE,"","r1 over",6,2,5,2,4,412,510412,710412
"RDMM",4.36540289546058,0.933089022312268,0.017,0.735063408979868,0.11,-30853.3967328535,64048.5225052819,121,5.08000000000004,TRUE,"","r1 over",6,2,5,2,4,412,510412,710412
"DGMM",NA,0.917681683463319,0.021,0.323146947024183,0.478,-32873.0814889965,68094.799772847,31,3.90999999999997,TRUE,"","r1 over",6,2,5,2,4,413,510413,710413
"RDMM",3.9571196999914,0.944728728696829,0.014,0.762898154240993,0.097,-30610.97926703,63563.6875736349,102,4.25999999999999,TRUE,"","r1 over",6,2,5,2,4,413,510413,710413
"DGMM",NA,0.91002594916266,0.023,0.424586083443357,0.494,-32503.9738285972,67356.5844520483,45,5.58999999999997,TRUE,"","r1 over",6,2,5,2,4,414,510414,710414
"RDMM",4.17892029017793,0.956440421161811,0.011,0.747593143086673,0.104,-30327.7359542028,62997.2009479805,100,4.31,TRUE,"","r1 over",6,2,5,2,4,414,510414,710414
"DGMM",NA,0.853629822155206,0.038,0.395302456456127,0.498,-32576.4844239913,67501.6056428365,42,5.43000000000001,TRUE,"","r1 over",6,2,5,2,4,415,510415,710415
"RDMM",4.04168240740543,0.917681678184394,0.021,0.739416216053822,0.107,-30322.6543492862,62987.0377381474,100,4.13999999999999,TRUE,"","r1 over",6,2,5,2,4,415,510415,710415
"DGMM",NA,0.898602620646848,0.026,0.358961978746841,0.434,-33283.436783585,68915.5103620239,17,2.10999999999996,TRUE,"","r1 over",6,2,5,2,4,416,510416,710416
"RDMM",4.19460152912054,0.936960943460629,0.016,0.780237424038698,0.089,-30749.5736392925,63840.8763181599,148,5.23000000000002,TRUE,"","r1 over",6,2,5,2,4,416,510416,710416
"DGMM",NA,0.427188761499784,0.173,0.246568495059708,0.546,-33937.3363920118,70223.3095788776,34,3.24000000000001,TRUE,"","r1 over",6,2,5,2,4,417,510417,710417
"RDMM",3.8776493831112,0.887251212738654,0.029,0.743484651452566,0.105,-31151.4193323563,64644.5677042875,114,3.02999999999997,TRUE,"","r1 over",6,2,5,2,4,417,510417,710417
"DGMM",NA,0.917681603440021,0.021,0.41221390860635,0.498,-32653.0293715723,67654.6955379986,35,1.89,TRUE,"","r1 over",6,2,5,2,4,418,510418,710418
"RDMM",3.99205650053827,0.940840782744888,0.015,0.749727481303898,0.103,-30383.610211231,63108.9494620369,103,3.47,TRUE,"","r1 over",6,2,5,2,4,418,510418,710418
"DGMM",NA,0.620564908893581,0.106,0.252774302041383,0.474,-33978.7815142866,70306.1998234272,13,1.71,TRUE,"","r1 over",6,2,5,2,4,419,510419,710419
"RDMM",3.87362439056055,0.917681663635673,0.021,0.764422964131569,0.096,-30933.638808856,64209.006657287,154,6.35,TRUE,"","r1 over",6,2,5,2,4,419,510419,710419
"DGMM",NA,0.838895098874804,0.042,0.296608917531127,0.475,-33205.2151522999,68759.0670994538,19,2.48,TRUE,"","r1 over",6,2,5,2,4,420,510420,710420
"RDMM",4.0611852713368,0.902402383391423,0.025,0.678902769642453,0.136,-30819.6015765893,63980.9321927536,123,5.06,TRUE,"","r1 over",6,2,5,2,4,420,510420,710420
"DGMM",NA,-8.93079816473143e-05,0.487,0.00188334021240611,0.712,-32089.6021334435,66527.8410617409,30,3.73,TRUE,"","r1 over",6,2,5,2,4,421,510421,710421
"RDMM",3.65051223325371,0.921521522653875,0.02,0.735541033599674,0.109,-30782.386950983,63906.502941541,166,6.85,TRUE,"","r1 over",6,2,5,2,4,421,510421,710421
"DGMM",NA,0.887251346420961,0.029,0.378936043223295,0.47,-33408.0136578873,69164.6641106285,18,2.41,TRUE,"","r1 over",6,2,5,2,4,422,510422,710422
"RDMM",4.24279942024762,0.913849774222803,0.022,0.736022401018578,0.108,-30836.1144544042,64013.9579483833,258,10.5,TRUE,"","r1 over",6,2,5,2,4,422,510422,710422
"DGMM",NA,0.868491650736592,0.034,0.301221865018091,0.481,-33396.7224924697,69142.0817797933,12,1.75,TRUE,"","r1 over",6,2,5,2,4,423,510423,710423
"RDMM",3.89224034254537,0.940838785936579,0.015,0.79100965119861,0.085,-30719.5498335397,63780.8287066543,251,10.55,TRUE,"","r1 over",6,2,5,2,4,423,510423,710423
"DGMM",NA,0.652503948035633,0.096,0.423874035936158,0.285,-34205.4559297853,70759.5486544246,6,0.789999999999999,TRUE,"","r1 over",6,2,5,2,4,424,510424,710424
"RDMM",3.93566877589525,0.936957776637018,0.016,0.754334746949005,0.101,-31058.8791022861,64459.4872441471,116,4.78,TRUE,"","r1 over",6,2,5,2,4,424,510424,710424
"DGMM",NA,0.835232083532874,0.043,0.312844475971191,0.499,-33250.582168913,68849.80113268,30,3.77,TRUE,"","r1 over",6,2,5,2,4,425,510425,710425
"RDMM",3.56041518591606,0.917681656144874,0.021,0.739904554140922,0.107,-30840.5725007814,64022.8740411377,117,4.95,TRUE,"","r1 over",6,2,5,2,4,425,510425,710425
"DGMM",NA,0.891026752912633,0.028,0.352629782787565,0.462,-33016.6552969374,68381.9473887287,21,2.66000000000001,TRUE,"","r1 over",6,2,5,2,4,426,510426,710426
"RDMM",4.10447730834039,0.925369302067204,0.019,0.773687792171795,0.091,-30663.7711518987,63669.2713433723,191,7.77,TRUE,"","r1 over",6,2,5,2,4,426,510426,710426
"DGMM",NA,0.879723928263223,0.031,0.380304576006178,0.369,-33447.2924245014,69243.2216438568,26,3.27999999999999,TRUE,"","r1 over",6,2,5,2,4,427,510427,710427
"RDMM",3.812332228467,0.910025987953534,0.023,0.736266666624511,0.109,-30518.604550941,63378.9381414569,100,4.21000000000001,TRUE,"","r1 over",6,2,5,2,4,427,510427,710427
"DGMM",NA,0.917681640197229,0.021,0.662680810694835,0.146,-33477.3430309169,69303.3228566878,18,2.28,TRUE,"","r1 over",6,2,5,2,4,428,510428,710428
"RDMM",4.14972648702303,0.956440409136228,0.011,0.736986466084569,0.109,-30931.3425960899,64204.4142317548,161,6.67,TRUE,"","r1 over",6,2,5,2,4,428,510428,710428
"DGMM",NA,0.742787223010972,0.069,0.471912518555207,0.247,-33216.4738143337,68781.5844235213,17,2.22999999999999,TRUE,"","r1 over",6,2,5,2,4,429,510429,710429
"RDMM",4.05406690544527,0.948624623512694,0.013,0.765241747655373,0.096,-30545.7008241151,63433.1306878051,100,4.07000000000001,TRUE,"","r1 over",6,2,5,2,4,429,510429,710429
"DGMM",NA,0.894810813087448,0.027,0.329446275856868,0.448,-32990.4015296626,68329.4398541791,11,1.63,TRUE,"","r1 over",6,2,5,2,4,430,510430,710430
"RDMM",4.23186958906667,0.94862462443189,0.013,0.727097598422062,0.114,-30592.9169881643,63527.5630159036,159,6.47,TRUE,"","r1 over",6,2,5,2,4,430,510430,710430
"DGMM",NA,0.662263314930767,0.093,0.250519816957381,0.515,-33549.7914061817,69448.2196072173,13,1.66,TRUE,"","r1 over",6,2,5,2,4,431,510431,710431
"RDMM",3.95315467056849,0.8948107498205,0.027,0.717152373525797,0.117,-30874.872742789,64091.4745251529,132,5.50999999999999,TRUE,"","r1 over",6,2,5,2,4,431,510431,710431
"DGMM",NA,0.887251284557957,0.029,0.311511578032017,0.465,-33041.9811784439,68432.5991517418,14,1.82000000000001,TRUE,"","r1 over",6,2,5,2,4,432,510432,710432
"RDMM",4.03852635400516,0.960360356880337,0.01,0.784389596462677,0.087,-30528.3213549425,63398.37174946,114,4.7,TRUE,"","r1 over",6,2,5,2,4,432,510432,710432
"DGMM",NA,0.000181380673610006,0.485,0.0013839398156899,0.731,-32353.8554694444,67056.3477337426,32,4.09,TRUE,"","r1 over",6,2,5,2,4,433,510433,710433
"RDMM",3.82573238759655,0.929225179383611,0.018,0.755054842713396,0.1,-31027.9171098529,64397.5632592807,175,7.66,TRUE,"","r1 over",6,2,5,2,4,433,510433,710433
"DGMM",NA,0.00114415738077126,0.473,0.00135539259168511,0.719,-31345.9037469976,65040.4442888492,27,3.46000000000001,TRUE,"","r1 over",6,2,5,2,4,434,510434,710434
"RDMM",4.26340174504298,0.925369283402049,0.019,0.734739673061698,0.109,-30010.6589865136,62363.0470126021,106,4.44999999999999,TRUE,"","r1 over",6,2,5,2,4,434,510434,710434
"DGMM",NA,0.80621192564072,0.051,0.300917131953769,0.43,-33123.8777706137,68596.3923360813,17,2.27000000000001,TRUE,"","r1 over",6,2,5,2,4,435,510435,710435
"RDMM",4.05730653230085,0.933089044195771,0.017,0.757858019464147,0.099,-30490.8945949233,63323.5182294216,112,4.59,TRUE,"","r1 over",6,2,5,2,4,435,510435,710435
"DGMM",NA,-0.000970347505976164,0.477,0.00187839500457144,0.725,-32438.4074336174,67225.4516620886,31,3.91999999999999,TRUE,"","r1 over",6,2,5,2,4,436,510436,710436
"RDMM",3.61062625246494,0.898600823967737,0.026,0.683342798322814,0.134,-31148.8342960402,64639.3976316554,112,4.80000000000001,TRUE,"","r1 over",6,2,5,2,4,436,510436,710436
"DGMM",NA,0.827927795097974,0.045,0.296712248615559,0.459,-33754.4327026475,69857.5022001489,11,1.53,TRUE,"","r1 over",6,2,5,2,4,437,510437,710437
"RDMM",3.85134824000078,0.940840801148496,0.015,0.733858358102984,0.11,-30687.1563396874,63716.0417189497,126,5.51999999999998,TRUE,"","r1 over",6,2,5,2,4,437,510437,710437
"DGMM",NA,0.83523133569512,0.043,0.289574755131063,0.482,-33322.784010075,68994.2048150039,19,2.41,TRUE,"","r1 over",6,2,5,2,4,438,510438,710438
"RDMM",3.97109438165469,0.936960834674563,0.016,0.751664164852067,0.102,-31022.9701536099,64387.6693467947,127,5.28999999999999,TRUE,"","r1 over",6,2,5,2,4,438,510438,710438
"DGMM",NA,0.795461747239249,0.054,0.355363147424973,0.404,-32693.0353426285,67734.707480111,24,3.22,TRUE,"","r1 over",6,2,5,2,4,439,510439,710439
"RDMM",4.50433834332684,0.925369313093999,0.019,0.774388510236801,0.091,-30470.4473624581,63282.6237644911,105,4.78,TRUE,"","r1 over",6,2,5,2,4,439,510439,710439
"DGMM",NA,0.315156460916747,0.219,0.168955474978011,0.57,-32620.3625716546,67589.3619381632,36,4.59999999999999,TRUE,"","r1 over",6,2,5,2,4,440,510440,710440
"RDMM",4.06156908291197,0.93308908961043,0.017,0.782314291879563,0.088,-30365.6293761535,63072.9877918819,119,4.94,TRUE,"","r1 over",6,2,5,2,4,440,510440,710440
"DGMM",NA,0.902402398255975,0.025,0.314244408517006,0.487,-33662.0563106564,69672.7494161668,54,6.69999999999999,TRUE,"","r1 over",6,2,5,2,4,441,510441,710441
"RDMM",3.66955892585961,0.929225199486484,0.018,0.745985017355009,0.105,-30888.6617819607,64119.0526034964,100,4.22,TRUE,"","r1 over",6,2,5,2,4,441,510441,710441
"DGMM",NA,0.678654543560683,0.088,0.260467859401977,0.52,-33668.9591082879,69686.5550114298,11,1.43000000000001,TRUE,"","r1 over",6,2,5,2,4,442,510442,710442
"RDMM",3.67484107518366,0.929225226818294,0.018,0.747972724600903,0.103,-30928.8006199398,64199.3302794546,256,10.45,TRUE,"","r1 over",6,2,5,2,4,442,510442,710442
"DGMM",NA,0.729045701616065,0.073,0.31143613965293,0.43,-33398.2645067184,69145.1658082908,19,2.36000000000001,TRUE,"","r1 over",6,2,5,2,4,443,510443,710443
"RDMM",3.93090888250246,0.917681682323071,0.021,0.728462900958579,0.112,-30777.3387221648,63896.4064839046,115,4.80000000000001,TRUE,"","r1 over",6,2,5,2,4,443,510443,710443
"DGMM",NA,0.809810663259782,0.05,0.331435800413242,0.47,-33312.863441158,68974.3636771699,13,1.65000000000001,TRUE,"","r1 over",6,2,5,2,4,444,510444,710444
"RDMM",4.11357930340535,0.929225193568069,0.018,0.761588649227133,0.098,-30537.7729960584,63417.2750316918,169,7.14000000000001,TRUE,"","r1 over",6,2,5,2,4,444,510444,710444
"DGMM",NA,0.891027034008278,0.028,0.448099263779365,0.5,-32998.1859484969,68345.0086918477,29,3.67000000000002,TRUE,"","r1 over",6,2,5,2,4,445,510445,710445
"RDMM",4.26095720220031,0.921521517852695,0.02,0.728617830531738,0.113,-30728.8954444747,63799.5199285243,103,4.33000000000001,TRUE,"","r1 over",6,2,5,2,4,445,510445,710445
"DGMM",NA,0.894810931978377,0.027,0.378185763472009,0.462,-32810.8827778686,67970.4023505911,21,2.70000000000002,TRUE,"","r1 over",6,2,5,2,4,446,510446,710446
"RDMM",4.0942307919881,0.94472856956046,0.014,0.762147052619987,0.098,-30321.5394431104,62984.8079257957,180,7.45999999999998,TRUE,"","r1 over",6,2,5,2,4,446,510446,710446
"DGMM",NA,0.345020947971974,0.206,0.145379765596967,0.582,-32916.8175423909,68182.2718796358,26,3.29999999999998,TRUE,"","r1 over",6,2,5,2,4,447,510447,710447
"RDMM",3.68371573988126,0.933089073927276,0.017,0.75510144742297,0.101,-30261.07789619,62863.884831955,100,4.10999999999999,TRUE,"","r1 over",6,2,5,2,4,447,510447,710447
"DGMM",NA,0.429753652099874,0.172,0.170210979689175,0.549,-33205.0891665093,68758.8151278726,21,2.70999999999998,TRUE,"","r1 over",6,2,5,2,4,448,510448,710448
"RDMM",3.90096152339626,0.952528522859355,0.012,0.772820520545275,0.092,-30743.1143918146,63827.9578232041,196,8.14999999999998,TRUE,"","r1 over",6,2,5,2,4,448,510448,710448
"DGMM",NA,0.827928108030121,0.045,0.285130371837238,0.506,-32896.2878180587,68141.2124309714,19,2.46999999999997,TRUE,"","r1 over",6,2,5,2,4,449,510449,710449
"RDMM",4.08576523784094,0.940840796231763,0.015,0.707825340417332,0.123,-30230.5020104588,62802.7330604925,255,10.71,TRUE,"","r1 over",6,2,5,2,4,449,510449,710449
"DGMM",NA,0.529467330304897,0.136,0.251734017524597,0.443,-32998.9220295534,68346.4808539607,17,2.14999999999998,TRUE,"","r1 over",6,2,5,2,4,450,510450,710450
"RDMM",4.25878695372843,0.94862424785521,0.013,0.750622472101704,0.104,-30686.8483354212,63715.4257104174,101,4.36000000000001,TRUE,"","r1 over",6,2,5,2,4,450,510450,710450
"DGMM",NA,0.849934323322398,0.039,0.360612607702037,0.382,-33708.191536428,69765.0198677098,12,1.53000000000003,TRUE,"","r1 over",6,2,5,2,4,451,510451,710451
"RDMM",3.78633620332521,0.933089026585989,0.017,0.746001488285085,0.104,-31071.1567986674,64484.0426369097,145,6.07999999999998,TRUE,"","r1 over",6,2,5,2,4,451,510451,710451
"DGMM",NA,0.562020792602408,0.125,0.229240728581233,0.509,-33201.792354199,68752.2215032519,21,2.69,TRUE,"","r1 over",6,2,5,2,4,452,510452,710452
"RDMM",3.95234869416862,0.917681524826046,0.021,0.741379954302137,0.106,-30749.8542143777,63841.4374683302,169,6.94999999999999,TRUE,"","r1 over",6,2,5,2,4,452,510452,710452
"DGMM",NA,0.891026941595729,0.028,0.298033899701692,0.51,-33562.050516046,69472.737826946,21,2.86000000000001,TRUE,"","r1 over",6,2,5,2,4,453,510453,710453
"RDMM",3.63429739424594,0.933089028748594,0.017,0.717945557796611,0.118,-30859.9294541625,64061.5879479,214,8.75,TRUE,"","r1 over",6,2,5,2,4,453,510453,710453
"DGMM",NA,0.913849774222803,0.022,0.658404766305577,0.147,-32852.3504785879,68053.3377520297,21,2.70000000000005,TRUE,"","r1 over",6,2,5,2,4,454,510454,710454
"RDMM",4.09746415003268,0.921521458517313,0.02,0.775669461605901,0.091,-30231.9694847893,62805.6680091536,100,4.10999999999996,TRUE,"","r1 over",6,2,5,2,4,454,510454,710454
"DGMM",NA,0.86104504576683,0.036,0.340648446757172,0.474,-32770.6499005358,67889.9365959254,24,3.14999999999998,TRUE,"","r1 over",6,2,5,2,4,455,510455,710455
"RDMM",4.17239045385333,0.921521520389168,0.02,0.700940523320733,0.125,-30407.4454969058,63156.6200333866,132,5.56999999999999,TRUE,"","r1 over",6,2,5,2,4,455,510455,710455
"DGMM",NA,0.868492361773504,0.034,0.333708029900999,0.472,-33402.7121597739,69154.0611144018,18,2.30000000000001,TRUE,"","r1 over",6,2,5,2,4,456,510456,710456
"RDMM",4.06094974825687,0.887251145929918,0.029,0.670377835803856,0.141,-30664.92783935,63671.5847182749,174,7.15000000000003,TRUE,"","r1 over",6,2,5,2,4,456,510456,710456
"DGMM",NA,0.340071766369671,0.208,0.181001931608826,0.542,-32658.3396986792,67665.3161922123,19,2.53999999999996,TRUE,"","r1 over",6,2,5,2,4,457,510457,710457
"RDMM",4.06300083555688,0.933087662915334,0.017,0.740466880361392,0.109,-30541.2460171954,63424.2210739657,123,5.15000000000003,TRUE,"","r1 over",6,2,5,2,4,457,510457,710457
"DGMM",NA,0.894810932221218,0.027,0.359733452454201,0.423,-33873.2073523768,70095.0514996075,15,1.90999999999997,TRUE,"","r1 over",6,2,5,2,4,458,510458,710458
"RDMM",3.9717389995798,0.921521441124329,0.02,0.712322221612683,0.119,-31228.6045963446,64798.9382322642,154,6.47000000000003,TRUE,"","r1 over",6,2,5,2,4,458,510458,710458
"DGMM",NA,0.655766053823336,0.095,0.259368261696169,0.508,-32733.1934639329,67815.0237227197,17,1.19,TRUE,"","r1 over",6,2,5,2,4,459,510459,710459
"RDMM",4.04917854139531,0.964288253218386,0.009,0.794236039854053,0.084,-30311.4786731758,62964.6863859265,100,2.07,TRUE,"","r1 over",6,2,5,2,4,459,510459,710459
"DGMM",NA,0.906210157432332,0.024,0.315827477768429,0.47,-33067.2405800132,68483.1179548802,17,2.15,TRUE,"","r1 over",6,2,5,2,4,460,510460,710460
"RDMM",3.96538960606464,0.910026002008943,0.023,0.722488639632888,0.115,-30604.5725478255,63550.874135226,142,5.88,TRUE,"","r1 over",6,2,5,2,4,460,510460,710460
"DGMM",NA,0.849933529617375,0.039,0.321587865381078,0.498,-33271.0689215404,68890.7746379348,13,1.67,TRUE,"","r1 over",6,2,5,2,4,461,510461,710461
"RDMM",3.87530469530314,0.913849832832533,0.022,0.521888107504868,0.24,-30594.3815420574,63530.4921236898,153,6.36,TRUE,"","r1 over",6,2,5,2,4,461,510461,710461
"DGMM",NA,0.887250986890103,0.029,0.351362542063887,0.473,-33148.6714405591,68645.979675972,17,2.17,TRUE,"","r1 over",6,2,5,2,4,462,510462,710462
"RDMM",3.97141749730271,0.929225243266388,0.018,0.746706447411246,0.104,-30538.2791356891,63418.2873109532,130,5.32,TRUE,"","r1 over",6,2,5,2,4,462,510462,710462
"DGMM",NA,0.396350006333338,0.185,0.163403306509964,0.543,-33017.4971933787,68383.6311816113,24,3.02,TRUE,"","r1 over",6,2,5,2,4,463,510463,710463
"RDMM",4.22652675579096,0.913849880926014,0.022,0.538140592184509,0.257,-30702.6869398363,63747.1029192475,105,4.33,TRUE,"","r1 over",6,2,5,2,4,463,510463,710463
"DGMM",NA,0.38871302912326,0.188,0.163620028684784,0.581,-33122.1739687178,68592.9847322895,27,3.46,TRUE,"","r1 over",6,2,5,2,4,464,510464,710464
"RDMM",3.86927994375353,0.929225201169193,0.018,0.711866480514002,0.121,-30765.7592041532,63873.2474478813,120,5,TRUE,"","r1 over",6,2,5,2,4,464,510464,710464
"DGMM",NA,0.763639643482031,0.063,0.34361504953742,0.409,-33225.5882998955,68799.813394645,15,1.92,TRUE,"","r1 over",6,2,5,2,4,465,510465,710465
"RDMM",4.05214748624534,0.910025989459471,0.023,0.734032568254971,0.109,-30694.5446497194,63730.8183390137,100,4.44,TRUE,"","r1 over",6,2,5,2,4,465,510465,710465
"DGMM",NA,0.701946778104929,0.081,0.251055061162954,0.529,-33636.2999494767,69621.2366938073,15,1.9,TRUE,"","r1 over",6,2,5,2,4,466,510466,710466
"RDMM",3.96477683841747,0.952528485889829,0.012,0.703537039699511,0.125,-30524.0239480763,63389.7769357276,123,5.22,TRUE,"","r1 over",6,2,5,2,4,466,510466,710466
"DGMM",NA,0.902401915233934,0.025,0.332417993837927,0.501,-32926.6347995561,68201.9063939661,21,2.68,TRUE,"","r1 over",6,2,5,2,4,467,510467,710467
"RDMM",3.88188412309356,0.952528313078446,0.012,0.757708636227904,0.099,-30573.6896162933,63489.1082721615,133,5.49999999999999,TRUE,"","r1 over",6,2,5,2,4,467,510467,710467
"DGMM",NA,0.756656911356151,0.065,0.294888479798441,0.482,-33246.7087858727,68842.0543665993,12,1.60000000000001,TRUE,"","r1 over",6,2,5,2,4,468,510468,710468
"RDMM",3.85857318222611,0.929225159909332,0.018,0.738591050954969,0.107,-30585.8813943812,63513.4918283373,216,9.00999999999999,TRUE,"","r1 over",6,2,5,2,4,468,510468,710468
"DGMM",NA,0.824288159280009,0.046,0.575235627159869,0.188,-34030.6726441774,70409.9820832088,6,0.830000000000013,TRUE,"","r1 over",6,2,5,2,4,469,510469,710469
"RDMM",3.82827818624313,0.898602537896863,0.026,0.76285116262217,0.096,-30946.8411946668,64235.4114289086,184,7.48999999999999,TRUE,"","r1 over",6,2,5,2,4,469,510469,710469
"DGMM",NA,0.917681618136574,0.021,0.404666876501933,0.367,-33278.6511529188,68905.9391006915,15,1.97,TRUE,"","r1 over",6,2,5,2,4,470,510470,710470
"RDMM",4.13650502168365,0.936960909797021,0.016,0.731782326857091,0.111,-30848.2101120894,64038.1492637537,100,4.14,TRUE,"","r1 over",6,2,5,2,4,470,510470,710470
"DGMM",NA,0.732468004282156,0.072,0.25539155269435,0.526,-33692.8610020975,69734.3587990489,10,1.31,TRUE,"","r1 over",6,2,5,2,4,471,510471,710471
"RDMM",4.07271452545829,0.933089088838073,0.017,0.753302512896667,0.101,-30796.6879147048,63935.1048689846,153,6.26000000000001,TRUE,"","r1 over",6,2,5,2,4,471,510471,710471
"DGMM",NA,0.864765150143049,0.035,0.293346917661907,0.491,-33565.3981140683,69479.4330229906,15,1.92,TRUE,"","r1 over",6,2,5,2,4,472,510472,710472
"RDMM",3.98285469132178,0.940840781800237,0.015,0.725110290892477,0.115,-31008.8253952337,64359.3798300424,100,4.19,TRUE,"","r1 over",6,2,5,2,4,472,510472,710472
"DGMM",NA,0.929225239562844,0.018,0.410696596810366,0.368,-32845.8225467423,68040.2818883385,13,1.68000000000001,TRUE,"","r1 over",6,2,5,2,4,473,510473,710473
"RDMM",4.58088718563805,0.944728729015829,0.014,0.733770622385609,0.11,-30527.3622708012,63396.4535811774,155,6.53,TRUE,"","r1 over",6,2,5,2,4,473,510473,710473
"DGMM",NA,0.813417331716606,0.049,0.284614937554148,0.472,-33106.5715555304,68561.7799059148,17,2.22999999999999,TRUE,"","r1 over",6,2,5,2,4,474,510474,710474
"RDMM",4.34871036637427,0.936960969147184,0.016,0.732296948139085,0.112,-30684.9402003117,63711.6094401984,214,8.8,TRUE,"","r1 over",6,2,5,2,4,474,510474,710474
"DGMM",NA,0.838894871432329,0.042,0.343035981442347,0.486,-33685.0010787904,69718.6389524347,22,2.89,TRUE,"","r1 over",6,2,5,2,4,475,510475,710475
"RDMM",4.12998219457113,0.913849847910696,0.022,0.733283214752141,0.109,-30848.8426982466,64039.4144360682,242,9.86,TRUE,"","r1 over",6,2,5,2,4,475,510475,710475
"DGMM",NA,0.864764809527297,0.035,0.294742025383618,0.48,-33516.8582261992,69382.3532472523,20,3.03,TRUE,"","r1 over",6,2,5,2,4,476,510476,710476
"RDMM",3.8805693593953,0.929225241472484,0.018,0.70409489293347,0.124,-30951.8234675648,64245.3759747046,110,4.63,TRUE,"","r1 over",6,2,5,2,4,476,510476,710476
"DGMM",NA,0.879723735004132,0.031,0.300476043528591,0.483,-33507.2657541687,69363.1683031914,13,1.70999999999998,TRUE,"","r1 over",6,2,5,2,4,477,510477,710477
"RDMM",3.76682149840281,0.898602613941217,0.026,0.490258941923526,0.26,-30790.9894586645,63923.707956904,300,12.33,TRUE,"","r1 over",6,2,5,2,4,477,510477,710477
"DGMM",NA,0.906210166566969,0.024,0.420935442121151,0.364,-32700.9364143438,67750.5096235415,13,1.69999999999999,TRUE,"","r1 over",6,2,5,2,4,478,510478,710478
"RDMM",4.07712028762364,0.92536931929657,0.019,0.753076413971133,0.101,-30305.7014256559,62953.1318908868,117,5.13,TRUE,"","r1 over",6,2,5,2,4,478,510478,710478
"DGMM",NA,0.887251284557957,0.029,0.419263651963325,0.403,-32749.4965137926,67847.6298224392,19,2.61999999999998,TRUE,"","r1 over",6,2,5,2,4,479,510479,710479
"RDMM",4.21971474994212,0.944728723876381,0.014,0.764560486465843,0.096,-30411.2827010003,63164.2944415756,144,5.97999999999999,TRUE,"","r1 over",6,2,5,2,4,479,510479,710479
"DGMM",NA,0.340499451186397,0.208,0.15819632459567,0.555,-32560.5704062285,67469.777607311,23,2.88999999999999,TRUE,"","r1 over",6,2,5,2,4,480,510480,710480
"RDMM",3.96596865339786,0.944728682080226,0.014,0.798743933157974,0.081,-30298.9066972031,62939.5424339811,121,5.12,TRUE,"","r1 over",6,2,5,2,4,480,510480,710480
"DGMM",NA,0.887251215233134,0.029,0.320336014508537,0.497,-33287.2393704521,68923.1155357582,23,2.75999999999999,TRUE,"","r1 over",6,2,5,2,4,481,510481,710481
"RDMM",4.00875117984306,0.93308908961043,0.017,0.704015065444312,0.125,-30821.3714239899,63984.4718875547,211,8.67000000000002,TRUE,"","r1 over",6,2,5,2,4,481,510481,710481
"DGMM",NA,0.817033490174583,0.048,0.299881786770181,0.509,-33148.3907801265,68645.4183551069,36,4.45999999999998,TRUE,"","r1 over",6,2,5,2,4,482,510482,710482
"RDMM",4.2048107242951,0.929225221916543,0.018,0.726287512960543,0.114,-30508.2017256938,63358.1324909626,205,8.5,TRUE,"","r1 over",6,2,5,2,4,482,510482,710482
"DGMM",NA,0.414177334511089,0.178,0.196479022437456,0.561,-33087.69739196,68524.031578774,34,4.25,TRUE,"","r1 over",6,2,5,2,4,483,510483,710483
"RDMM",3.85226464111472,0.925369359096375,0.019,0.769064484189413,0.094,-30765.4995793221,63872.7281982192,178,7.25,TRUE,"","r1 over",6,2,5,2,4,483,510483,710483
"DGMM",NA,0.820657409523877,0.047,0.335857553865294,0.517,-32955.3842665062,68259.4053278663,20,2.59,TRUE,"","r1 over",6,2,5,2,4,484,510484,710484
"RDMM",4.05914340048779,0.948624578175524,0.013,0.745299638590441,0.105,-30541.4864960049,63424.7020315847,150,6.22,TRUE,"","r1 over",6,2,5,2,4,484,510484,710484
"DGMM",NA,0.601778006176616,0.112,0.238492328194738,0.547,-33799.7053597352,69948.0475143244,11,1.43000000000001,TRUE,"","r1 over",6,2,5,2,4,485,510485,710485
"RDMM",4.11757833339643,0.944728728174909,0.014,0.583367217546514,0.207,-31029.1637913511,64400.0566222771,127,5.40000000000001,TRUE,"","r1 over",6,2,5,2,4,485,510485,710485
"DGMM",NA,0.87222827462545,0.033,0.376318528332777,0.466,-33011.1365146544,68370.9098241628,15,1.94,TRUE,"","r1 over",6,2,5,2,4,486,510486,710486
"RDMM",3.95934984696048,0.910024929544396,0.023,0.495902514805751,0.294,-30436.1536385659,63214.0363167067,151,6.30000000000001,TRUE,"","r1 over",6,2,5,2,4,486,510486,710486
"DGMM",NA,0.82792792926864,0.045,0.309869606087899,0.476,-34006.5057542206,70361.6483032952,16,2.03,TRUE,"","r1 over",6,2,5,2,4,487,510487,710487
"RDMM",4.18765364007491,0.921521504298419,0.02,0.732110806632144,0.111,-31173.0754683117,64687.8799761984,169,7,TRUE,"","r1 over",6,2,5,2,4,487,510487,710487
"DGMM",NA,0.583296220650906,0.118,0.233605879452182,0.483,-33483.2938077881,69315.2244104302,15,1.94,TRUE,"","r1 over",6,2,5,2,4,488,510488,710488
"RDMM",4.03600917625196,0.925369311758724,0.019,0.733759921859615,0.11,-30750.8043399603,63843.3377194955,100,4.14999999999998,TRUE,"","r1 over",6,2,5,2,4,488,510488,710488
"DGMM",NA,0.857333223202697,0.037,0.305278764548811,0.473,-33349.1684324735,69046.9736598009,26,3.32999999999998,TRUE,"","r1 over",6,2,5,2,4,489,510489,710489
"RDMM",4.15716321968999,0.910025951632168,0.023,0.725567347902193,0.113,-30921.7918384264,64185.3127164278,145,6.03000000000003,TRUE,"","r1 over",6,2,5,2,4,489,510489,710489
"DGMM",NA,0.883483441109792,0.03,0.360861099550211,0.459,-33150.7539769442,68650.1447487423,51,6.42000000000002,TRUE,"","r1 over",6,2,5,2,4,490,510490,710490
"RDMM",3.9910750405425,0.933089070494574,0.017,0.747563684927737,0.105,-30620.3421538262,63582.4133472274,100,4.19,TRUE,"","r1 over",6,2,5,2,4,490,510490,710490
"DGMM",NA,0.357054928111104,0.201,0.143370374101211,0.552,-33250.5485913034,68849.7339774607,34,4.47000000000003,TRUE,"","r1 over",6,2,5,2,4,491,510491,710491
"RDMM",3.91249758225726,0.898602515632503,0.026,0.742866726096648,0.106,-31053.5018298395,64448.732699254,161,6.62,TRUE,"","r1 over",6,2,5,2,4,491,510491,710491
"DGMM",NA,0.842566532053651,0.041,0.35867667779573,0.489,-33383.5025161646,69115.6418271831,40,5.06,TRUE,"","r1 over",6,2,5,2,4,492,510492,710492
"RDMM",3.61818755473905,0.891026983692935,0.028,0.720792375014427,0.116,-30826.7639804543,63995.2570004835,268,11.02,TRUE,"","r1 over",6,2,5,2,4,492,510492,710492
"DGMM",NA,0.802618606277349,0.052,0.280357045168887,0.485,-33511.976902365,69372.5905995839,17,2.25,TRUE,"","r1 over",6,2,5,2,4,493,510493,710493
"RDMM",3.77307716349028,0.925369370295446,0.019,0.735308560831397,0.109,-30687.8812777985,63717.491595172,142,6.07999999999998,TRUE,"","r1 over",6,2,5,2,4,493,510493,710493
"DGMM",NA,0.879723747838727,0.031,0.345306087557582,0.461,-33138.0943343774,68624.8254636086,11,1.43000000000001,TRUE,"","r1 over",6,2,5,2,4,494,510494,710494
"RDMM",4.27679062630875,0.952528518110309,0.012,0.729849996569006,0.113,-30802.9272797357,63947.5835990463,179,7.34999999999997,TRUE,"","r1 over",6,2,5,2,4,494,510494,710494
"DGMM",NA,0.894810722021874,0.027,0.380427482094081,0.487,-32732.3924059777,67813.4216068093,26,3.28000000000003,TRUE,"","r1 over",6,2,5,2,4,495,510495,710495
"RDMM",3.84306784940544,0.940840787354327,0.015,0.764848102032904,0.097,-30266.4447011037,62874.6184417823,100,4.13999999999999,TRUE,"","r1 over",6,2,5,2,4,495,510495,710495
"DGMM",NA,0.324295250921398,0.215,0.130972441449719,0.566,-32571.0146770541,67490.6661489622,42,5.27999999999997,TRUE,"","r1 over",6,2,5,2,4,496,510496,710496
"RDMM",4.18587142086304,0.925369361034676,0.019,0.707891995252508,0.122,-30506.658770496,63355.046580567,100,4.17000000000002,TRUE,"","r1 over",6,2,5,2,4,496,510496,710496
"DGMM",NA,0.480882460128458,0.153,0.185665351549625,0.56,-32998.0969711824,68344.8307372187,32,4.10000000000002,TRUE,"","r1 over",6,2,5,2,4,497,510497,710497
"RDMM",4.0091484244094,0.944727896798233,0.014,0.751577677778574,0.102,-30525.1471562654,63392.0233521058,100,4.18000000000001,TRUE,"","r1 over",6,2,5,2,4,497,510497,710497
"DGMM",NA,0.902402404289418,0.025,0.302154755370963,0.497,-33056.2020880187,68461.0409708914,27,3.56,TRUE,"","r1 over",6,2,5,2,4,498,510498,710498
"RDMM",3.99003100342141,0.933089038634788,0.017,0.757582579697201,0.099,-30592.0409933263,63525.8110262276,127,5.36000000000001,TRUE,"","r1 over",6,2,5,2,4,498,510498,710498
"DGMM",NA,0.861045107365834,0.036,0.309284344440117,0.482,-33477.2843231697,69303.2054411933,20,2.62,TRUE,"","r1 over",6,2,5,2,4,499,510499,710499
"RDMM",3.76952102051099,0.925369369548842,0.019,0.740574648523413,0.107,-30397.4774239492,63136.6838874734,129,5.09999999999997,TRUE,"","r1 over",6,2,5,2,4,499,510499,710499
"DGMM",NA,0.917681629491557,0.021,0.34416087897768,0.47,-33153.4707134489,68655.5782217517,22,2.47000000000003,TRUE,"","r1 over",6,2,5,2,4,500,510500,710500
"RDMM",4.26144811569265,0.94084080653945,0.015,0.519961293898127,0.287,-30649.5820617416,63640.8931630582,111,3.5,TRUE,"","r1 over",6,2,5,2,4,500,510500,710500
"DGMM",NA,0.879723856068807,0.031,0.335764573430747,0.44,-33456.8664527732,69068.9525525889,17,1.26,TRUE,"","r2 over",5,3,5,2,4,1,510001,710001
"RDMM",4.03701222520586,0.936960902784144,0.016,0.771800705237683,0.093,-30778.9551039344,63678.5910785164,100,4.16,TRUE,"","r2 over",5,3,5,2,4,1,510001,710001
"DGMM",NA,0.827928497298511,0.045,0.281198173984112,0.489,-33632.880639071,69420.9809251843,22,2.83,TRUE,"","r2 over",5,3,5,2,4,2,510002,710002
"RDMM",3.87900803590168,0.944728003857717,0.014,0.810626481412438,0.076,-30588.2818867061,63297.2446440598,100,4.38,TRUE,"","r2 over",5,3,5,2,4,2,510002,710002
"DGMM",NA,0.712048498152149,0.078,0.385369838635122,0.314,-33367.2651386745,68889.7499243915,6,0.860000000000001,TRUE,"","r2 over",5,3,5,2,4,3,510003,710003
"RDMM",4.09569643306927,0.952528529213487,0.012,0.744161215053245,0.106,-30433.9605267595,62988.6019241664,262,10.56,TRUE,"","r2 over",5,3,5,2,4,3,510003,710003
"DGMM",NA,0.791894395742613,0.055,0.351021985131571,0.394,-32451.2174196715,67057.6544863854,14,1.81,TRUE,"","r2 over",5,3,5,2,4,4,510004,710004
"RDMM",4.35446097807699,0.956440399038085,0.011,0.773902004000722,0.092,-30196.8173455405,62514.3155617285,188,7.75,TRUE,"","r2 over",5,3,5,2,4,4,510004,710004
"DGMM",NA,0.849933835788956,0.039,0.320794445390321,0.459,-33751.8044366277,69658.8285202978,18,2.19,TRUE,"","r2 over",5,3,5,2,4,5,510005,710005
"RDMM",4.04929669603382,0.917681673961253,0.021,0.51782943208056,0.262,-31140.2243945472,64401.1296597418,117,4.76,TRUE,"","r2 over",5,3,5,2,4,5,510005,710005
"DGMM",NA,0.64928610535054,0.097,0.251404812538082,0.512,-32974.29974332,68103.8191336824,15,1.84,TRUE,"","r2 over",5,3,5,2,4,6,510006,710006
"RDMM",3.97354306217709,0.960360359073464,0.01,0.743409311696926,0.107,-30412.8133596239,62946.3075898953,100,4.25,TRUE,"","r2 over",5,3,5,2,4,6,510006,710006
"DGMM",NA,0.846246145849702,0.04,0.352090115139997,0.505,-33355.7802263973,68866.780099837,16,2,TRUE,"","r2 over",5,3,5,2,4,7,510007,710007
"RDMM",4.22107800463867,0.917681640197229,0.021,0.738103830994509,0.108,-30637.9183959606,63396.5176625687,275,11.41,TRUE,"","r2 over",5,3,5,2,4,7,510007,710007
"DGMM",NA,0.718813765709465,0.076,0.257220210619008,0.499,-33466.7775228621,69088.7746927666,13,1.63,TRUE,"","r2 over",5,3,5,2,4,8,510008,710008
"RDMM",4.15313968093098,0.929225163095476,0.018,0.787184829733183,0.087,-30731.9120600438,63584.5049907351,152,6.32,TRUE,"","r2 over",5,3,5,2,4,8,510008,710008
"DGMM",NA,0.917681634902462,0.021,0.416007881907677,0.397,-33196.8114197255,68548.8424864935,21,2.77999999999999,TRUE,"","r2 over",5,3,5,2,4,9,510009,710009
"RDMM",3.98197187914165,0.92536892577587,0.019,0.581964378328935,0.245,-30681.4261322352,63483.533135118,126,5.2,TRUE,"","r2 over",5,3,5,2,4,9,510009,710009
"DGMM",NA,0.87222820021781,0.033,0.297034583866115,0.471,-33128.5970650014,68412.4137770453,23,2.86,TRUE,"","r2 over",5,3,5,2,4,10,510010,710010
"RDMM",3.57837629041794,0.917681639801309,0.021,0.776223150453854,0.091,-30355.6560541861,62831.9929790197,100,4.02999999999999,TRUE,"","r2 over",5,3,5,2,4,10,510010,710010
"DGMM",NA,0.456445914303108,0.162,0.18203360061184,0.554,-33513.1691758999,69181.5579988423,20,2.49000000000001,TRUE,"","r2 over",5,3,5,2,4,11,510011,710011
"RDMM",4.04210763088961,0.936960949281946,0.016,0.714955021216429,0.12,-30731.8457803973,63584.3724314421,176,7.39999999999999,TRUE,"","r2 over",5,3,5,2,4,11,510011,710011
"DGMM",NA,0.630063353097239,0.103,0.369735550729077,0.319,-32742.7261171373,67640.671881317,6,0.780000000000001,TRUE,"","r2 over",5,3,5,2,4,12,510012,710012
"RDMM",4.50613433248664,0.948624319256944,0.013,0.761029223466369,0.098,-30153.012800016,62426.7064706794,145,5.88,TRUE,"","r2 over",5,3,5,2,4,12,510012,710012
"DGMM",NA,0.838895152362783,0.042,0.313999650045577,0.458,-33571.1598982649,69297.5394435722,15,1.80999999999999,TRUE,"","r2 over",5,3,5,2,4,13,510013,710013
"RDMM",4.06215643920718,0.868492371128203,0.034,0.698032591427932,0.126,-30759.9471086427,63640.5750879328,251,10.22,TRUE,"","r2 over",5,3,5,2,4,13,510013,710013
"DGMM",NA,0.898602541642268,0.026,0.35297540473152,0.435,-33574.1251433564,69303.4699337553,14,1.72000000000001,TRUE,"","r2 over",5,3,5,2,4,14,510014,710014
"RDMM",4.00056042849503,0.940840822488473,0.015,0.771975736121586,0.093,-30724.8604106575,63570.4016919626,110,4.55999999999999,TRUE,"","r2 over",5,3,5,2,4,14,510014,710014
"DGMM",NA,0.91384978072395,0.022,0.393076829999576,0.499,-32588.1492795404,67331.5182061232,13,1.60000000000001,TRUE,"","r2 over",5,3,5,2,4,15,510015,710015
"RDMM",4.35449540984727,0.936960900313113,0.016,0.790450783037871,0.085,-30239.1057374035,62598.8923454546,165,6.64999999999999,TRUE,"","r2 over",5,3,5,2,4,15,510015,710015
"DGMM",NA,0.88348354905019,0.03,0.329726777017846,0.426,-33960.3374048497,70075.8944567418,18,2.19999999999999,TRUE,"","r2 over",5,3,5,2,4,16,510016,710016
"RDMM",3.74164141849279,0.936960955176029,0.016,0.780240698179711,0.089,-31134.3057586257,64389.2923878988,156,6.52000000000001,TRUE,"","r2 over",5,3,5,2,4,16,510016,710016
"DGMM",NA,0.760144009171209,0.064,0.281444809165027,0.522,-33930.2860009349,70015.7916489121,11,1.41,TRUE,"","r2 over",5,3,5,2,4,17,510017,710017
"RDMM",3.87708305333108,0.936960860215673,0.016,0.733893754929914,0.11,-30620.9818966938,63362.644664035,150,6.13,TRUE,"","r2 over",5,3,5,2,4,17,510017,710017
"DGMM",NA,0.933089106520767,0.017,0.400486947753237,0.432,-33078.1027656901,68311.4251784227,16,1.97,TRUE,"","r2 over",5,3,5,2,4,18,510018,710018
"RDMM",4.17436697741071,0.9369609637655,0.016,0.780221304195925,0.089,-30466.9403064863,63054.5614836201,100,4.16,TRUE,"","r2 over",5,3,5,2,4,18,510018,710018
"DGMM",NA,0.910026107372441,0.023,0.449899180881405,0.286,-33500.1789972032,69155.5776414488,13,1.59999999999999,TRUE,"","r2 over",5,3,5,2,4,19,510019,710019
"RDMM",4.06096031027779,0.944728692638263,0.014,0.775217298323723,0.092,-30153.6736072404,62428.0280851283,100,4.17000000000002,TRUE,"","r2 over",5,3,5,2,4,19,510019,710019
"DGMM",NA,0.688593501941662,0.085,0.310541341186823,0.386,-33891.0558433934,69937.3313338292,17,2.11000000000001,TRUE,"","r2 over",5,3,5,2,4,20,510020,710020
"RDMM",4.19542927790346,0.92536930314404,0.019,0.75521638866591,0.1,-30673.5202594823,63467.7213896122,110,4.55000000000001,TRUE,"","r2 over",5,3,5,2,4,20,510020,710020
"DGMM",NA,0.906210161911687,0.024,0.411259030147746,0.46,-33201.7767364337,68558.7731199098,28,3.41,TRUE,"","r2 over",5,3,5,2,4,21,510021,710021
"RDMM",3.85811675304569,0.929225195804495,0.018,0.702474172052374,0.124,-30631.3053151222,63383.2915008919,300,12.25,TRUE,"","r2 over",5,3,5,2,4,21,510021,710021
"DGMM",NA,0.403970516265261,0.182,0.182550098157437,0.517,-32988.8653524686,68132.9503519797,25,3.04000000000002,TRUE,"","r2 over",5,3,5,2,4,22,510022,710022
"RDMM",4.13657116961624,0.921521446019881,0.02,0.738486643788906,0.107,-30692.8675126476,63506.4158959427,100,4.19,TRUE,"","r2 over",5,3,5,2,4,22,510022,710022
"DGMM",NA,0.849933943879785,0.039,0.541868690041924,0.21,-33679.0739415531,69513.3675301487,14,1.81,TRUE,"","r2 over",5,3,5,2,4,23,510023,710023
"RDMM",3.92625587391316,0.93696094103508,0.016,0.756924185210954,0.1,-30963.6846763772,64048.0502234019,100,4.22,TRUE,"","r2 over",5,3,5,2,4,23,510023,710023
"DGMM",NA,0.894810739560441,0.027,0.3150149551292,0.488,-33125.441027189,68406.1017014204,58,7.01999999999998,TRUE,"","r2 over",5,3,5,2,4,24,510024,710024
"RDMM",3.96187030348111,0.921521444143945,0.02,0.775088226364584,0.091,-30299.9224790664,62720.5258287802,100,4.17000000000002,TRUE,"","r2 over",5,3,5,2,4,24,510024,710024
"DGMM",NA,0.414217672438956,0.178,0.164517342331491,0.549,-32761.5457300547,67678.3111071517,23,2.82000000000002,TRUE,"","r2 over",5,3,5,2,4,25,510025,710025
"RDMM",3.91504961721184,0.936960901838179,0.016,0.758122982313258,0.099,-30164.2741744838,62449.2292196152,128,5.22,TRUE,"","r2 over",5,3,5,2,4,25,510025,710025
"DGMM",NA,0.361822537218853,0.199,0.143650216078259,0.568,-33481.3531078819,69117.9258628062,31,3.81999999999999,TRUE,"","r2 over",5,3,5,2,4,26,510026,710026
"RDMM",3.82047611845665,0.944728709410601,0.014,0.779012518128635,0.09,-31037.7618174673,64196.2045055822,194,7.91999999999999,TRUE,"","r2 over",5,3,5,2,4,26,510026,710026
"DGMM",NA,0.817033686800715,0.048,0.300453939003909,0.509,-33902.0323575639,69959.2843621702,15,1.95999999999998,TRUE,"","r2 over",5,3,5,2,4,27,510027,710027
"RDMM",4.10809165907686,0.936960907756526,0.016,0.721072711150303,0.116,-31154.9776837156,64430.6362380787,100,4.04000000000002,TRUE,"","r2 over",5,3,5,2,4,27,510027,710027
"DGMM",NA,0.842566825693109,0.041,0.3199020724297,0.425,-33998.1052036169,70151.4300542763,13,1.70999999999998,TRUE,"","r2 over",5,3,5,2,4,28,510028,710028
"RDMM",3.43904932174559,0.921521482406232,0.02,0.722088380689233,0.115,-31196.4842609847,64513.649392617,100,4.06,TRUE,"","r2 over",5,3,5,2,4,28,510028,710028
"DGMM",NA,0.902402314388546,0.025,0.355039042904504,0.482,-33329.6149702295,68814.4495875015,15,1.92000000000002,TRUE,"","r2 over",5,3,5,2,4,29,510029,710029
"RDMM",4.1124123697894,0.936960931626979,0.016,0.677181227439257,0.139,-30742.0725961561,63604.8260629597,241,9.84,TRUE,"","r2 over",5,3,5,2,4,29,510029,710029
"DGMM",NA,0.45648026887399,0.162,0.184641509058442,0.546,-33455.846304943,69066.9122569284,27,3.36000000000001,TRUE,"","r2 over",5,3,5,2,4,30,510030,710030
"RDMM",4.03777203538443,0.936960904339529,0.016,0.758354464470639,0.099,-30946.8402519002,64014.361374448,100,4.19999999999999,TRUE,"","r2 over",5,3,5,2,4,30,510030,710030
"DGMM",NA,0.906209940117663,0.024,0.362939468692255,0.491,-33750.5385670653,69656.296781173,16,2.04000000000002,TRUE,"","r2 over",5,3,5,2,4,31,510031,710031
"RDMM",3.94373579400573,0.944728426944913,0.014,0.750408317500437,0.103,-30879.6178556893,63879.916582026,224,9.07999999999998,TRUE,"","r2 over",5,3,5,2,4,31,510031,710031
"DGMM",NA,0.820657555642284,0.047,0.299973734328074,0.504,-33451.6345650974,69058.4887772372,13,1.61000000000001,TRUE,"","r2 over",5,3,5,2,4,32,510032,710032
"RDMM",3.79216443575475,0.929225159909332,0.018,0.745164133681997,0.105,-30443.2483520363,63007.17757472,120,4.91000000000003,TRUE,"","r2 over",5,3,5,2,4,32,510032,710032
"DGMM",NA,0.662258093250859,0.093,0.268219732520972,0.485,-33479.798519679,69114.8166864003,12,1.54000000000002,TRUE,"","r2 over",5,3,5,2,4,33,510033,710033
"RDMM",3.87543452157258,0.87222823030535,0.033,0.711048823882537,0.119,-30829.6444848255,63779.9698402986,100,4.19,TRUE,"","r2 over",5,3,5,2,4,33,510033,710033
"DGMM",NA,0.695252232433036,0.083,0.459336231341999,0.256,-33091.7283416076,68338.6763302577,6,0.819999999999993,TRUE,"","r2 over",5,3,5,2,4,34,510034,710034
"RDMM",4.29887200579585,0.933089095518966,0.017,0.769863884197883,0.094,-30461.5065470705,63043.6939647885,100,4.11000000000001,TRUE,"","r2 over",5,3,5,2,4,34,510034,710034
"DGMM",NA,0.799034966389637,0.053,0.520055608897115,0.22,-34296.2819400433,70747.783527129,6,0.800000000000011,TRUE,"","r2 over",5,3,5,2,4,35,510035,710035
"RDMM",3.96611253415908,0.910026013641002,0.023,0.73185614182809,0.11,-30920.7610096382,63962.2028899239,126,5.21999999999997,TRUE,"","r2 over",5,3,5,2,4,35,510035,710035
"DGMM",NA,0.88348347279106,0.03,0.354506525916529,0.404,-33802.5971493705,69760.4139457834,13,1.61000000000001,TRUE,"","r2 over",5,3,5,2,4,36,510036,710036
"RDMM",3.63906331776019,0.948624623512694,0.013,0.76646255416697,0.096,-30894.6562218762,63909.9933143999,178,7.19,TRUE,"","r2 over",5,3,5,2,4,36,510036,710036
"DGMM",NA,0.00017996842366226,0.48,-0.000273905429333065,0.736,-32154.9952422173,66465.2101314771,30,3.69,TRUE,"","r2 over",5,3,5,2,4,37,510037,710037
"RDMM",4.01887826323623,0.956440420432734,0.011,0.768853952370097,0.094,-30677.8436787146,63476.3682280767,146,5.92000000000002,TRUE,"","r2 over",5,3,5,2,4,37,510037,710037
"DGMM",NA,0.913849822618825,0.022,0.387613861979269,0.486,-33167.0056633828,68489.2309738081,23,2.81999999999999,TRUE,"","r2 over",5,3,5,2,4,38,510038,710038
"RDMM",4.21991990239817,0.933089096870591,0.017,0.746429828121453,0.105,-30605.8099366508,63332.3007439492,205,8.51999999999998,TRUE,"","r2 over",5,3,5,2,4,38,510038,710038
"DGMM",NA,0.352027649628254,0.203,0.157217857230291,0.59,-32970.820636446,68096.8609199345,25,3.04000000000002,TRUE,"","r2 over",5,3,5,2,4,39,510039,710039
"RDMM",3.83703119385307,0.936960533960597,0.016,0.749963260607627,0.102,-30598.3025899555,63317.2860505585,100,4.09999999999997,TRUE,"","r2 over",5,3,5,2,4,39,510039,710039
"DGMM",NA,0.902401948249198,0.025,0.317592402135755,0.479,-32665.9521701601,67487.1239873626,14,1.63999999999999,TRUE,"","r2 over",5,3,5,2,4,40,510040,710040
"RDMM",3.98180651862842,0.940840689326766,0.015,0.75582981222914,0.1,-29991.6430493969,62103.9669694412,146,4.59000000000003,TRUE,"","r2 over",5,3,5,2,4,40,510040,710040
"DGMM",NA,0.371520251385852,0.195,0.153895744647625,0.557,-34742.9380990999,71641.0958452422,12,1,TRUE,"","r2 over",5,3,5,2,4,41,510041,710041
"RDMM",3.88253865014258,0.917681653563478,0.021,0.750264939431107,0.102,-31141.7232903579,64404.1274513632,209,6.07999999999998,TRUE,"","r2 over",5,3,5,2,4,41,510041,710041
"DGMM",NA,0.817034078230131,0.048,0.311009602366807,0.443,-32967.8486533955,68090.9169538334,10,0.810000000000002,TRUE,"","r2 over",5,3,5,2,4,42,510042,710042
"RDMM",4.18339766576372,0.964288254929115,0.009,0.74455436247065,0.106,-30272.8491835863,62666.3792378201,300,7.26999999999998,TRUE,"","r2 over",5,3,5,2,4,42,510042,710042
"DGMM",NA,0.894810561503238,0.027,0.327502992713778,0.48,-33132.8362260246,68420.8920990916,25,1.6,TRUE,"","r2 over",5,3,5,2,4,43,510043,710043
"RDMM",4.2222884437511,0.94472869640247,0.014,0.78023633432222,0.089,-30731.492513827,63583.6658983016,132,5.64,TRUE,"","r2 over",5,3,5,2,4,43,510043,710043
"DGMM",NA,0.824288690870312,0.046,0.278370970768043,0.511,-33792.3138594646,69739.8473659717,17,2.4,TRUE,"","r2 over",5,3,5,2,4,44,510044,710044
"RDMM",3.79628880605222,0.90620969811342,0.024,0.718487179517201,0.117,-30856.8977166496,63834.4763039467,100,4.23,TRUE,"","r2 over",5,3,5,2,4,44,510044,710044
"DGMM",NA,0.894810802969059,0.027,0.388968796249062,0.472,-33301.7632209413,68758.746088925,16,2,TRUE,"","r2 over",5,3,5,2,4,45,510045,710045
"RDMM",3.85938056327006,0.921521522748238,0.02,0.704811733930625,0.123,-30530.6548286398,63181.990527927,148,6.11,TRUE,"","r2 over",5,3,5,2,4,45,510045,710045
"DGMM",NA,0.41148493513774,0.179,0.201836101069145,0.559,-33125.1334395038,68405.48652605,16,2,TRUE,"","r2 over",5,3,5,2,4,46,510046,710046
"RDMM",3.52927319325041,0.940840602054307,0.015,0.794232614102486,0.084,-30431.0190524267,62982.7189755009,215,8.86,TRUE,"","r2 over",5,3,5,2,4,46,510046,710046
"DGMM",NA,0.894810899599598,0.027,0.302303424766771,0.499,-33647.1843289122,69449.5883048668,18,2.22,TRUE,"","r2 over",5,3,5,2,4,47,510047,710047
"RDMM",3.47303335258338,0.936960860215673,0.016,0.757703754789008,0.099,-30656.2292146538,63433.139299955,169,6.81,TRUE,"","r2 over",5,3,5,2,4,47,510047,710047
"DGMM",NA,0.864765081848323,0.035,0.380751279584217,0.452,-32897.1844915238,67949.5886300901,14,1.83,TRUE,"","r2 over",5,3,5,2,4,48,510048,710048
"RDMM",3.95419182523861,0.921521486418542,0.02,0.72886189731619,0.113,-30472.7540761447,63066.1890229369,151,6.29,TRUE,"","r2 over",5,3,5,2,4,48,510048,710048
"DGMM",NA,0.756658865353175,0.065,0.254364831601699,0.51,-33921.6453623422,69998.5103717269,20,2.45,TRUE,"","r2 over",5,3,5,2,4,49,510049,710049
"RDMM",3.63307399767186,0.948624598733919,0.013,0.776243090898877,0.091,-30696.0702201307,63512.8213109088,208,8.8,TRUE,"","r2 over",5,3,5,2,4,49,510049,710049
"DGMM",NA,0.879718541550522,0.031,0.298071553245633,0.485,-33616.6069711985,69388.4335894395,15,1.94,TRUE,"","r2 over",5,3,5,2,4,50,510050,710050
"RDMM",3.86022484177366,0.92922234303143,0.018,0.74301263273431,0.106,-30714.6850508734,63550.0509723942,113,4.63,TRUE,"","r2 over",5,3,5,2,4,50,510050,710050
"DGMM",NA,0.718822656483206,0.076,0.41885335490248,0.314,-34041.1562945661,70237.5322361746,6,0.959999999999994,TRUE,"","r2 over",5,3,5,2,4,51,510051,710051
"RDMM",4.07386211179895,0.94084080883089,0.015,0.762494030525599,0.097,-30895.770546833,63912.2219643136,196,8.09,TRUE,"","r2 over",5,3,5,2,4,51,510051,710051
"DGMM",NA,0.887251267747346,0.029,0.505603899164102,0.246,-33470.5032392688,69096.22612558,15,1.92,TRUE,"","r2 over",5,3,5,2,4,52,510052,710052
"RDMM",3.95222651652749,0.940840846389229,0.015,0.714907720638752,0.12,-30668.7389988025,63458.1588682524,134,5.42999999999999,TRUE,"","r2 over",5,3,5,2,4,52,510052,710052
"DGMM",NA,0.419376771092456,0.176,0.167927731053204,0.561,-32991.3987057494,68138.0170585412,21,2.68000000000001,TRUE,"","r2 over",5,3,5,2,4,53,510053,710053
"RDMM",4.17294059078644,0.936960932095919,0.016,0.710877218565998,0.121,-30673.3505007586,63467.3818721647,100,4.17999999999999,TRUE,"","r2 over",5,3,5,2,4,53,510053,710053
"DGMM",NA,0.925369315735835,0.019,0.412396334848778,0.495,-32956.0825788989,68067.3848048402,18,2.33000000000001,TRUE,"","r2 over",5,3,5,2,4,54,510054,710054
"RDMM",4.44746944810471,0.956440409136228,0.011,0.746255683855433,0.105,-30730.7991072328,63582.2790851131,158,6.48999999999999,TRUE,"","r2 over",5,3,5,2,4,54,510054,710054
"DGMM",NA,0.00112358497923096,0.478,0.167183895873643,0.585,-32330.2494574873,66815.7185620171,39,4.73,TRUE,"","r2 over",5,3,5,2,4,55,510055,710055
"RDMM",3.9005359676842,0.929225206343267,0.018,0.751528750255913,0.102,-30840.2338582967,63801.1485872409,100,4.11,TRUE,"","r2 over",5,3,5,2,4,55,510055,710055
"DGMM",NA,0.917681661798606,0.021,0.347065225424989,0.409,-32888.9078325767,67933.0353121957,21,2.58,TRUE,"","r2 over",5,3,5,2,4,56,510056,710056
"RDMM",4.08466400418839,0.956440418488528,0.011,0.746410638462941,0.106,-30505.749876487,63132.1806236216,100,4.11999999999999,TRUE,"","r2 over",5,3,5,2,4,56,510056,710056
"DGMM",NA,0.00039413910027064,0.483,0.00202406436882274,0.718,-32280.878500303,66716.9766476484,29,3.54000000000001,TRUE,"","r2 over",5,3,5,2,4,57,510057,710057
"RDMM",3.59661945196742,0.929225193568069,0.018,0.743745020736745,0.106,-30983.830432479,64088.3417356056,190,7.73,TRUE,"","r2 over",5,3,5,2,4,57,510057,710057
"DGMM",NA,0.85362962487773,0.038,0.40555171496288,0.479,-33725.0181258929,69605.2558988281,22,2.92000000000002,TRUE,"","r2 over",5,3,5,2,4,58,510058,710058
"RDMM",3.77900583605448,0.898602601586598,0.026,0.726801894557331,0.112,-30629.0732457959,63378.8273622392,172,6.97999999999999,TRUE,"","r2 over",5,3,5,2,4,58,510058,710058
"DGMM",NA,0.520814159993401,0.139,0.196862537114482,0.552,-33091.6975729977,68338.6147930379,18,2.22999999999999,TRUE,"","r2 over",5,3,5,2,4,59,510059,710059
"RDMM",3.72609164705526,0.929225225592857,0.018,0.698652499279939,0.127,-30720.8705552872,63562.4219812218,166,6.72999999999999,TRUE,"","r2 over",5,3,5,2,4,59,510059,710059
"DGMM",NA,-0.000580858850309242,0.494,-0.000743096732798578,0.741,-32294.3798063407,66743.9792597238,34,4.24000000000001,TRUE,"","r2 over",5,3,5,2,4,60,510060,710060
"RDMM",3.62258583339291,0.940840793181568,0.015,0.736926182735128,0.109,-31011.4140828021,64143.5090362518,135,5.67000000000002,TRUE,"","r2 over",5,3,5,2,4,60,510060,710060
"DGMM",NA,0.8986025708691,0.026,0.369981841541534,0.411,-33540.2382477769,69235.6961425962,14,1.73999999999998,TRUE,"","r2 over",5,3,5,2,4,61,510061,710061
"RDMM",3.81857175863654,0.925369364135957,0.019,0.7376167636783,0.108,-30720.7873969741,63562.2556645957,175,7.13999999999999,TRUE,"","r2 over",5,3,5,2,4,61,510061,710061
"DGMM",NA,0.898602613316983,0.026,0.387794385729093,0.373,-33203.789000717,68562.7976484764,12,1.47999999999999,TRUE,"","r2 over",5,3,5,2,4,62,510062,710062
"RDMM",4.13116542667369,0.948624619806257,0.013,0.763055057833069,0.097,-30520.1037249966,63160.8883206408,100,4.13999999999999,TRUE,"","r2 over",5,3,5,2,4,62,510062,710062
"DGMM",NA,0.408999283529914,0.18,0.16845552167196,0.534,-32807.4561669532,67770.1319809489,24,3,TRUE,"","r2 over",5,3,5,2,4,63,510063,710063
"RDMM",4.13173380787558,0.92536937188916,0.019,0.750107482548696,0.102,-30518.7667461354,63158.2143629182,100,4.22,TRUE,"","r2 over",5,3,5,2,4,63,510063,710063
"DGMM",NA,0.000582112484962942,0.467,0.104795347132756,0.612,-33007.1192331805,68169.4581134034,25,3.06,TRUE,"","r2 over",5,3,5,2,4,64,510064,710064
"RDMM",4.33211083260862,0.000582112484962942,0.467,0.279232433453061,0.523,-30887.5097364958,63895.7003436391,100,4.10999999999999,TRUE,"","r2 over",5,3,5,2,4,64,510064,710064
"DGMM",NA,0.872227291193796,0.033,0.296930926416569,0.473,-33983.0907910566,70121.4012291556,34,4.10999999999999,TRUE,"","r2 over",5,3,5,2,4,65,510065,710065
"RDMM",3.49602495199676,0.921521082063927,0.02,0.772897863718936,0.092,-30769.4306552578,63659.5421811631,153,6.34999999999999,TRUE,"","r2 over",5,3,5,2,4,65,510065,710065
"DGMM",NA,0.571131859144315,0.122,0.243923042525538,0.52,-32697.0690059264,67549.3576588952,12,1.51999999999998,TRUE,"","r2 over",5,3,5,2,4,66,510066,710066
"RDMM",4.08544218397326,0.906210171001214,0.024,0.69865501352544,0.126,-30124.9474887801,62370.5758482077,222,9.01000000000002,TRUE,"","r2 over",5,3,5,2,4,66,510066,710066
"DGMM",NA,0.695250980824938,0.083,0.239899970764432,0.5,-34738.7211334165,71632.6619138754,10,1.22,TRUE,"","r2 over",5,3,5,2,4,67,510067,710067
"RDMM",3.86651370638063,0.929225161655584,0.018,0.775723476649815,0.091,-30922.2301361964,63965.1411430402,127,5.19,TRUE,"","r2 over",5,3,5,2,4,67,510067,710067
"DGMM",NA,0.936960953432666,0.016,0.39757331135036,0.481,-33610.7102241957,69376.6400954339,16,2.03,TRUE,"","r2 over",5,3,5,2,4,68,510068,710068
"RDMM",3.83517191399794,0.917681684461036,0.021,0.736648223437616,0.109,-31030.8191459025,64182.3191624525,161,6.56,TRUE,"","r2 over",5,3,5,2,4,68,510068,710068
"DGMM",NA,-5.96672673169448e-05,0.485,0.000793549564858546,0.729,-32757.5985109077,67670.4166688578,23,2.84,TRUE,"","r2 over",5,3,5,2,4,69,510069,710069
"RDMM",3.64652092079464,0.887251254595299,0.029,0.72439048543824,0.114,-31329.9786605624,64780.6381917723,225,9.16,TRUE,"","r2 over",5,3,5,2,4,69,510069,710069
"DGMM",NA,-0.000718069549737548,0.496,-0.000523759865060175,0.742,-31976.7151007471,66108.6498485365,29,3.59999999999999,TRUE,"","r2 over",5,3,5,2,4,70,510070,710070
"RDMM",3.8197301830187,0.929225186681783,0.018,0.764520715714274,0.096,-30788.204159373,63697.0891893936,204,8.33000000000001,TRUE,"","r2 over",5,3,5,2,4,70,510070,710070
"DGMM",NA,0.40895421046319,0.18,0.168400548050337,0.554,-32845.0618349107,67845.3433168638,20,2.45999999999998,TRUE,"","r2 over",5,3,5,2,4,71,510071,710071
"RDMM",4.11866239199525,0.921521452629064,0.02,0.730020514281235,0.112,-30531.1786008382,63183.0380723239,113,4.82999999999998,TRUE,"","r2 over",5,3,5,2,4,71,510071,710071
"DGMM",NA,0.902402152442634,0.025,0.355900319266679,0.485,-34064.8233830654,70284.8664131732,13,1.59999999999999,TRUE,"","r2 over",5,3,5,2,4,72,510072,710072
"RDMM",3.80893439186848,0.940840689326766,0.015,0.756894259466591,0.1,-30875.9796624183,63872.640195484,187,7.65000000000001,TRUE,"","r2 over",5,3,5,2,4,72,510072,710072
"DGMM",NA,0.910026028111833,0.023,0.39629945055129,0.464,-33406.122454497,68967.4645560365,23,2.88999999999999,TRUE,"","r2 over",5,3,5,2,4,73,510073,710073
"RDMM",3.93472609398537,0.925369369950859,0.019,0.791815361388368,0.084,-30751.0657055473,63622.8122817422,191,7.88999999999999,TRUE,"","r2 over",5,3,5,2,4,73,510073,710073
"DGMM",NA,0.784780962444444,0.057,0.43862124485393,0.292,-34185.0594716622,70525.3385903668,6,0.810000000000002,TRUE,"","r2 over",5,3,5,2,4,74,510074,710074
"RDMM",3.77624521526381,0.952528518110309,0.012,0.759435462809722,0.099,-30295.598387569,62711.8776457855,155,6.39999999999998,TRUE,"","r2 over",5,3,5,2,4,74,510074,710074
"DGMM",NA,0.633245130303668,0.102,0.258211576217576,0.519,-33675.8433421806,69506.9063314036,20,2.48000000000002,TRUE,"","r2 over",5,3,5,2,4,75,510075,710075
"RDMM",3.80347510017398,0.944728731187689,0.014,0.731438386494917,0.112,-30907.8624800316,63936.4058307108,162,6.58999999999997,TRUE,"","r2 over",5,3,5,2,4,75,510075,710075
"DGMM",NA,0.411614683468486,0.179,0.169362439334806,0.584,-33192.0271370254,68539.2739210933,28,3.48000000000002,TRUE,"","r2 over",5,3,5,2,4,76,510076,710076
"RDMM",3.82636756330338,0.921521486418542,0.02,0.745887004355641,0.106,-30711.4185414848,63543.517953617,100,4.05000000000001,TRUE,"","r2 over",5,3,5,2,4,76,510076,710076
"DGMM",NA,0.898602514453935,0.026,0.329180191460905,0.428,-33754.6751428875,69664.5699328175,13,1.65000000000003,TRUE,"","r2 over",5,3,5,2,4,77,510077,710077
"RDMM",3.87434289602916,0.913849793596411,0.022,0.741449912196721,0.106,-30834.307664143,63789.2961989335,100,4.13999999999999,TRUE,"","r2 over",5,3,5,2,4,77,510077,710077
"DGMM",NA,0.33337757775017,0.211,0.149201240741241,0.524,-33409.8618085552,68974.9432641529,19,2.32999999999998,TRUE,"","r2 over",5,3,5,2,4,78,510078,710078
"RDMM",3.86000242360226,0.913849834518934,0.022,0.742915245960708,0.105,-30443.5511700232,63007.783210694,100,4.07000000000005,TRUE,"","r2 over",5,3,5,2,4,78,510078,710078
"DGMM",NA,0.784781160069318,0.057,0.350248215383432,0.465,-33277.9259670121,68711.0715810666,14,1.75,TRUE,"","r2 over",5,3,5,2,4,79,510079,710079
"RDMM",4.17558345765778,0.921521463952619,0.02,0.569150936241226,0.215,-30817.8508615744,63756.3825937963,167,7.06999999999999,TRUE,"","r2 over",5,3,5,2,4,79,510079,710079
"DGMM",NA,0.47011701475464,0.157,0.187841593637153,0.532,-33603.1823419885,69361.5843310194,20,2.42000000000002,TRUE,"","r2 over",5,3,5,2,4,80,510080,710080
"RDMM",3.89420301111864,0.91768159952833,0.021,0.739995867776214,0.107,-30947.8244687294,64016.3298081064,101,4.07999999999998,TRUE,"","r2 over",5,3,5,2,4,80,510080,710080
"DGMM",NA,0.275804415503816,0.237,0.126890568663189,0.599,-33151.4713361955,68458.1623194334,40,4.25999999999999,TRUE,"","r2 over",5,3,5,2,4,81,510081,710081
"RDMM",3.88801465873827,0.952528469286401,0.012,0.779717792849245,0.089,-30726.185177848,63573.0512263435,153,4.30000000000001,TRUE,"","r2 over",5,3,5,2,4,81,510081,710081
"DGMM",NA,-0.000943747347454112,0.498,0.000358905730751038,0.725,-32466.4741384717,67088.1679239859,27,2.19,TRUE,"","r2 over",5,3,5,2,4,82,510082,710082
"RDMM",3.8444015309771,0.948624624748173,0.013,0.788915257993715,0.086,-31139.4123291687,64399.5055289849,169,4.92000000000002,TRUE,"","r2 over",5,3,5,2,4,82,510082,710082
"DGMM",NA,0.88348348556817,0.03,0.334036911450817,0.439,-34094.7768182478,70344.7732835381,12,0.939999999999998,TRUE,"","r2 over",5,3,5,2,4,83,510083,710083
"RDMM",3.6570941281547,0.929225240842745,0.018,0.760144101964103,0.098,-30714.7637839944,63550.2084386364,111,2.67000000000002,TRUE,"","r2 over",5,3,5,2,4,83,510083,710083
"DGMM",NA,0.434850376089136,0.17,0.174663743452945,0.534,-33350.8313976959,68856.8824424343,20,1.15,TRUE,"","r2 over",5,3,5,2,4,84,510084,710084
"RDMM",3.65947917583632,0.898601816120874,0.026,0.727921255304747,0.111,-30894.2068927983,63909.094656244,193,7.66,TRUE,"","r2 over",5,3,5,2,4,84,510084,710084
"DGMM",NA,0.842566778202036,0.041,0.324646895022296,0.442,-33756.9119802134,69669.0436074693,12,1.65,TRUE,"","r2 over",5,3,5,2,4,85,510085,710085
"RDMM",3.87706694035274,0.906210231740861,0.024,0.743446930327238,0.105,-30834.018976729,63788.7188241054,100,4.21,TRUE,"","r2 over",5,3,5,2,4,85,510085,710085
"DGMM",NA,0.774171749880017,0.06,0.276494853172683,0.469,-34365.2527541384,70885.7251553191,12,1.51,TRUE,"","r2 over",5,3,5,2,4,86,510086,710086
"RDMM",3.81192634489551,0.917681633925859,0.021,0.7398667206695,0.107,-31079.2190520903,64279.1189748281,174,7.08,TRUE,"","r2 over",5,3,5,2,4,86,510086,710086
"DGMM",NA,0.456446236165773,0.162,0.184712532074013,0.534,-33409.31196827,68973.8435835825,23,2.87,TRUE,"","r2 over",5,3,5,2,4,87,510087,710087
"RDMM",4.00273125818762,0.940840830546444,0.015,0.700770042665039,0.126,-30854.0767388602,63828.8343483679,205,8.45,TRUE,"","r2 over",5,3,5,2,4,87,510087,710087
"DGMM",NA,0.835231413198967,0.043,0.368669819758254,0.494,-34390.5605475718,70936.3407421861,40,4.83,TRUE,"","r2 over",5,3,5,2,4,88,510088,710088
"RDMM",3.63270122810371,0.902402359207568,0.025,0.777614766084622,0.09,-31154.0324800116,64428.7458306708,107,4.49,TRUE,"","r2 over",5,3,5,2,4,88,510088,710088
"DGMM",NA,0.88348353734906,0.03,0.301383138440215,0.478,-33966.4675030327,70088.1546531078,14,1.76,TRUE,"","r2 over",5,3,5,2,4,89,510089,710089
"RDMM",3.97677253011986,0.925368833310538,0.019,0.780436309410735,0.089,-30856.3424701326,63833.3658109128,226,9.28,TRUE,"","r2 over",5,3,5,2,4,89,510089,710089
"DGMM",NA,0.879723663110295,0.031,0.395964143096767,0.382,-33274.3803482338,68703.98034351,20,2.56,TRUE,"","r2 over",5,3,5,2,4,90,510090,710090
"RDMM",3.97358044673229,0.933089072927502,0.017,0.772027637968793,0.093,-30677.6009043524,63475.8826793524,101,4.4,TRUE,"","r2 over",5,3,5,2,4,90,510090,710090
"DGMM",NA,0.910025959219556,0.023,0.356415928307723,0.426,-33544.1401789594,69243.5000049611,16,2.03,TRUE,"","r2 over",5,3,5,2,4,91,510091,710091
"RDMM",4.04778903046271,0.925369296079998,0.019,0.757400469345116,0.099,-30610.5755151272,63341.8319009018,149,6.33,TRUE,"","r2 over",5,3,5,2,4,91,510091,710091
"DGMM",NA,0.369126212628893,0.196,0.14336666226526,0.56,-32571.1824790259,67297.5846050942,26,3.22,TRUE,"","r2 over",5,3,5,2,4,92,510092,710092
"RDMM",3.87719956391221,0.9603603209584,0.01,0.770637441299077,0.094,-30274.0069820512,62668.6948347499,161,6.69,TRUE,"","r2 over",5,3,5,2,4,92,510092,710092
"DGMM",NA,0.917681608634493,0.021,0.308727034490396,0.491,-33831.5523734954,69818.3243940333,17,2.09999999999999,TRUE,"","r2 over",5,3,5,2,4,93,510093,710093
"RDMM",3.83517409061024,0.936960902784144,0.016,0.778823652828766,0.09,-30815.9148622355,63752.5105951185,139,5.72000000000001,TRUE,"","r2 over",5,3,5,2,4,93,510093,710093
"DGMM",NA,0.406449057388973,0.181,0.167052736517806,0.554,-32903.1616952047,67961.5430374518,26,3.22,TRUE,"","r2 over",5,3,5,2,4,94,510094,710094
"RDMM",4.07425676656105,0.933089088838073,0.017,0.711312093061181,0.122,-30736.4814713299,63593.6438133072,128,5.3,TRUE,"","r2 over",5,3,5,2,4,94,510094,710094
"DGMM",NA,0.898602440555241,0.026,0.361210459937593,0.441,-32469.7822476181,67094.7841422787,14,1.75999999999999,TRUE,"","r2 over",5,3,5,2,4,95,510095,710095
"RDMM",4.38248402249117,0.933089001806126,0.017,0.736329066885196,0.109,-30013.7813134456,62148.2434975388,138,5.66000000000001,TRUE,"","r2 over",5,3,5,2,4,95,510095,710095
"DGMM",NA,0.86104468805222,0.036,0.372599451055864,0.373,-34129.1895550421,70413.5987571265,12,1.5,TRUE,"","r2 over",5,3,5,2,4,96,510096,710096
"RDMM",3.82356671768469,0.921521475622168,0.02,0.76821911506033,0.094,-30972.7003033129,64066.0814772734,150,6.15000000000001,TRUE,"","r2 over",5,3,5,2,4,96,510096,710096
"DGMM",NA,0.944727909811172,0.014,0.41550272746358,0.428,-33360.4460429283,68876.1117328991,20,2.48,TRUE,"","r2 over",5,3,5,2,4,97,510097,710097
"RDMM",3.99605285370828,0.936959642078152,0.016,0.744074597745587,0.107,-30784.4230994539,63689.5270695553,271,10.99,TRUE,"","r2 over",5,3,5,2,4,97,510097,710097
"DGMM",NA,0.595579190499595,0.114,0.366877496860598,0.334,-32461.4503397864,67078.1203266152,6,0.799999999999997,TRUE,"","r2 over",5,3,5,2,4,98,510098,710098
"RDMM",4.56657494960813,0.948624582145536,0.013,0.75484359550673,0.101,-30138.3948049879,62397.4704806233,192,8.09,TRUE,"","r2 over",5,3,5,2,4,98,510098,710098
"DGMM",NA,0.887251487412829,0.029,0.714117279457643,0.118,-33565.8785773611,69286.9768017646,29,3.48000000000002,TRUE,"","r2 over",5,3,5,2,4,99,510099,710099
"RDMM",3.99835352694031,0.910025995292812,0.023,0.764756780779585,0.095,-30835.0279138998,63790.7366984471,100,4.13,TRUE,"","r2 over",5,3,5,2,4,99,510099,710099
"DGMM",NA,0.842566447853584,0.041,0.339688540362704,0.421,-33415.6087467081,68986.4371404585,13,1.59999999999999,TRUE,"","r2 over",5,3,5,2,4,100,510100,710100
"RDMM",4.18304474539886,0.925369299655092,0.019,0.522839195204077,0.307,-30681.0212098451,63482.7232903378,222,9.13999999999999,TRUE,"","r2 over",5,3,5,2,4,100,510100,710100
"DGMM",NA,0.887251431731929,0.029,0.72883050292469,0.111,-32930.5927711683,68016.4051893789,26,3.25,TRUE,"","r2 over",5,3,5,2,4,101,510101,710101
"RDMM",4.43379163638755,0.940840822488473,0.015,0.781113824574421,0.089,-30706.6290879409,63533.9390465294,100,4.13,TRUE,"","r2 over",5,3,5,2,4,101,510101,710101
"DGMM",NA,-0.000240744267695853,0.472,0.000119414534785593,0.713,-31775.4797678652,65706.1791827729,42,5.17999999999998,TRUE,"","r2 over",5,3,5,2,4,102,510102,710102
"RDMM",3.89517796299415,0.952526368356775,0.012,0.784544658896949,0.086,-30473.2517595676,63067.1843897828,100,4.07000000000002,TRUE,"","r2 over",5,3,5,2,4,102,510102,710102
"DGMM",NA,0.478341608015327,0.154,0.196738082480131,0.529,-33348.6099608846,68852.4395688116,19,2.41,TRUE,"","r2 over",5,3,5,2,4,103,510103,710103
"RDMM",3.83279976451533,0.93308909053726,0.017,0.76203487232899,0.097,-30624.116158153,63368.9131869536,136,5.57000000000002,TRUE,"","r2 over",5,3,5,2,4,103,510103,710103
"DGMM",NA,0.906210388829056,0.024,0.381686332382344,0.429,-33783.3533597517,69721.9263665458,23,2.81,TRUE,"","r2 over",5,3,5,2,4,104,510104,710104
"RDMM",3.94845850674038,0.913849827363123,0.022,0.713836432722788,0.119,-31048.2906876728,64217.2622459931,214,8.80000000000001,TRUE,"","r2 over",5,3,5,2,4,104,510104,710104
"DGMM",NA,0.88348354905019,0.03,0.380757532004824,0.388,-33295.8451362738,68746.90991959,23,3.03,TRUE,"","r2 over",5,3,5,2,4,105,510105,710105
"RDMM",4.32212112927571,0.944728685397834,0.014,0.746910968647913,0.104,-30754.9746242569,63630.6301191613,100,4.13999999999999,TRUE,"","r2 over",5,3,5,2,4,105,510105,710105
"DGMM",NA,0.459199277759687,0.161,0.19360404095637,0.502,-33428.1647035166,69011.5490540757,18,2.22,TRUE,"","r2 over",5,3,5,2,4,106,510106,710106
"RDMM",3.6181335320221,0.933089023380699,0.017,0.704304677666856,0.124,-30724.1662991948,63569.0134690372,108,4.43000000000001,TRUE,"","r2 over",5,3,5,2,4,106,510106,710106
"DGMM",NA,0.691922008321879,0.084,0.265730175971299,0.441,-32937.4904380341,68030.2005231107,12,1.48000000000002,TRUE,"","r2 over",5,3,5,2,4,107,510107,710107
"RDMM",4.06307289853207,0.894810705832422,0.027,0.743933549225214,0.105,-30359.5272212868,62839.7353132211,218,8.85999999999999,TRUE,"","r2 over",5,3,5,2,4,107,510107,710107
"DGMM",NA,0.831575794158249,0.044,0.326404012672075,0.475,-33456.2890933668,69067.7978337761,14,1.78,TRUE,"","r2 over",5,3,5,2,4,108,510108,710108
"RDMM",3.90531604519668,0.913849858953097,0.022,0.74080838357249,0.106,-30960.514547018,64041.7099646835,108,4.47999999999999,TRUE,"","r2 over",5,3,5,2,4,108,510108,710108
"DGMM",NA,0.753179642806203,0.066,0.261484000288772,0.524,-33537.6726666251,69230.5649802926,15,1.87,TRUE,"","r2 over",5,3,5,2,4,109,510109,710109
"RDMM",4.14656105676489,0.913849786653293,0.022,0.741573674866428,0.106,-30650.8392927472,63422.3594561418,102,4.22,TRUE,"","r2 over",5,3,5,2,4,109,510109,710109
"DGMM",NA,0.526611760453041,0.137,0.25275147463274,0.465,-33684.9025671506,69525.0247813436,24,2.95000000000002,TRUE,"","r2 over",5,3,5,2,4,110,510110,710110
"RDMM",3.96344680211044,0.913849826865904,0.022,0.746090162150302,0.104,-30968.6209067126,64057.9226840728,100,4.10999999999999,TRUE,"","r2 over",5,3,5,2,4,110,510110,710110
"DGMM",NA,0.459166158632603,0.161,0.416374280271939,0.339,-33535.9252742344,69227.0701955113,6,0.800000000000011,TRUE,"","r2 over",5,3,5,2,4,111,510111,710111
"RDMM",4.16699073349367,0.944728714301941,0.014,0.748655878136736,0.103,-30604.8795587108,63330.4399880692,183,7.53,TRUE,"","r2 over",5,3,5,2,4,111,510111,710111
"DGMM",NA,0.891027103066011,0.028,0.329186563970109,0.429,-33262.5330050958,68680.2856572341,38,4.56,TRUE,"","r2 over",5,3,5,2,4,112,510112,710112
"RDMM",4.07286952001682,0.894810757800545,0.027,0.720400069981743,0.116,-30539.3968093294,63199.4744893064,100,4.12,TRUE,"","r2 over",5,3,5,2,4,112,510112,710112
"DGMM",NA,0.902402362430831,0.025,0.368281428323923,0.489,-33522.8116049011,69200.8428568447,14,1.88999999999999,TRUE,"","r2 over",5,3,5,2,4,113,510113,710113
"RDMM",4.13667938714562,0.948624574999514,0.013,0.746158702143279,0.105,-30804.0040816223,63728.6890338921,154,6.30000000000001,TRUE,"","r2 over",5,3,5,2,4,113,510113,710113
"DGMM",NA,0.891027091493501,0.028,0.361474910901967,0.468,-33292.9929980045,68741.2056430514,20,2.5,TRUE,"","r2 over",5,3,5,2,4,114,510114,710114
"RDMM",3.82947934314855,0.925369373856176,0.019,0.760033079711625,0.098,-30543.5458166101,63207.7725038678,134,5.44999999999999,TRUE,"","r2 over",5,3,5,2,4,114,510114,710114
"DGMM",NA,0.925369378048648,0.019,0.337626181953393,0.492,-33150.55831741,68456.3362818625,15,1.94,TRUE,"","r2 over",5,3,5,2,4,115,510115,710115
"RDMM",3.99369168655922,0.944728733186756,0.014,0.773876748240645,0.092,-30416.9827512581,62954.6463731638,100,4.13,TRUE,"","r2 over",5,3,5,2,4,115,510115,710115
"DGMM",NA,0.853629630389933,0.038,0.534874525423338,0.21,-32397.2033897528,66949.626426548,12,1.61000000000001,TRUE,"","r2 over",5,3,5,2,4,116,510116,710116
"RDMM",4.50683258994918,0.940840830546444,0.015,0.746255790991207,0.104,-30263.2562689688,62647.193408585,100,4.11000000000001,TRUE,"","r2 over",5,3,5,2,4,116,510116,710116
"DGMM",NA,0.333458967796566,0.211,0.149703874501945,0.534,-33252.2246950665,68659.6690371754,29,3.61000000000001,TRUE,"","r2 over",5,3,5,2,4,117,510117,710117
"RDMM",4.05065933962709,0.940840783697126,0.015,0.741538392076267,0.107,-30660.4966529683,63441.6741765842,102,4.25,TRUE,"","r2 over",5,3,5,2,4,117,510117,710117
"DGMM",NA,0.925369298434679,0.019,0.755603658028285,0.1,-33196.3745665783,68547.9687801991,16,1.94999999999999,TRUE,"","r2 over",5,3,5,2,4,118,510118,710118
"RDMM",4.11862336374079,0.933089025491814,0.017,0.782439291840061,0.088,-30977.2175559411,64075.1159825297,100,4.14000000000004,TRUE,"","r2 over",5,3,5,2,4,118,510118,710118
"DGMM",NA,0.00178371927991408,0.473,0.00136199116778047,0.723,-31961.28190066,66077.7834483625,28,3.37,TRUE,"","r2 over",5,3,5,2,4,119,510119,710119
"RDMM",4.19406693412517,0.956440441732386,0.011,0.779951198314323,0.09,-30621.222586693,63363.1260440335,122,5.02999999999997,TRUE,"","r2 over",5,3,5,2,4,119,510119,710119
"DGMM",NA,0.00854683890490155,0.451,0.00318728884474496,0.714,-32301.6851741419,66758.5899953262,31,3.78000000000003,TRUE,"","r2 over",5,3,5,2,4,120,510120,710120
"RDMM",3.57116224928989,0.929225205577368,0.018,0.72982954159076,0.113,-30939.0222540199,63998.7253786873,145,5.96999999999997,TRUE,"","r2 over",5,3,5,2,4,120,510120,710120
"DGMM",NA,0.665531876483383,0.092,0.285671150270216,0.427,-33553.3158268232,69261.8513006888,21,2.80000000000001,TRUE,"","r2 over",5,3,5,2,4,121,510121,710121
"RDMM",3.91340840714647,0.898602542617634,0.026,0.759573627555606,0.097,-30832.3236451161,63785.3281608798,133,5.46000000000004,TRUE,"","r2 over",5,3,5,2,4,121,510121,710121
"DGMM",NA,0.906210195107623,0.024,0.481686036429304,0.27,-33775.0998323426,69705.4193117276,14,1.71999999999997,TRUE,"","r2 over",5,3,5,2,4,122,510122,710122
"RDMM",3.95675638507408,0.913849835977443,0.022,0.740957216376751,0.106,-30905.0968896364,63930.8746499204,100,4.03000000000003,TRUE,"","r2 over",5,3,5,2,4,122,510122,710122
"DGMM",NA,0.742789382658888,0.069,0.306464826921335,0.437,-34086.0831903684,70327.3860277792,12,1.46999999999997,TRUE,"","r2 over",5,3,5,2,4,123,510123,710123
"RDMM",3.75424425709394,0.879723616993605,0.031,0.751572055473171,0.101,-31064.5726124099,64249.8260954674,100,3.30000000000001,TRUE,"","r2 over",5,3,5,2,4,123,510123,710123
"DGMM",NA,0.906209868154371,0.024,0.337244487452486,0.495,-34078.1464292734,70311.5125055892,14,1.23000000000002,TRUE,"","r2 over",5,3,5,2,4,124,510124,710124
"RDMM",3.89495663195961,0.925368941727552,0.019,0.614658671504795,0.178,-31025.5882962738,64171.8574631952,146,3.97000000000003,TRUE,"","r2 over",5,3,5,2,4,124,510124,710124
"DGMM",NA,0.781239792830872,0.058,0.292867607966111,0.423,-34716.0443154926,71587.3082780277,17,1.88999999999999,TRUE,"","r2 over",5,3,5,2,4,125,510125,710125
"RDMM",3.58624208806031,0.913849801370989,0.022,0.751400576080937,0.102,-31386.8856539741,64894.4521785957,100,2.61000000000001,TRUE,"","r2 over",5,3,5,2,4,125,510125,710125
"DGMM",NA,0.342851578368676,0.207,0.137102072494053,0.571,-32302.4973394989,66760.2143260402,29,1.61,TRUE,"","r2 over",5,3,5,2,4,126,510126,710126
"RDMM",4.09958738394447,0.944728679084277,0.014,0.796757104365282,0.082,-30388.5597171725,62897.8003049925,100,4.37,TRUE,"","r2 over",5,3,5,2,4,126,510126,710126
"DGMM",NA,0.891026992922659,0.028,0.413555767588451,0.475,-33202.1906884729,68559.6010239882,21,2.86,TRUE,"","r2 over",5,3,5,2,4,127,510127,710127
"RDMM",4.31952863294127,0.936960954330119,0.016,0.650944156093304,0.152,-30678.0105924339,63476.7020555153,164,6.86,TRUE,"","r2 over",5,3,5,2,4,127,510127,710127
"DGMM",NA,0.47286684666792,0.156,0.19647799467236,0.53,-33717.9608816413,69591.1414103249,23,2.9,TRUE,"","r2 over",5,3,5,2,4,128,510128,710128
"RDMM",3.76143330195353,0.910025937669061,0.023,0.722472598626431,0.115,-31355.1283350641,64830.9375407757,253,10.3,TRUE,"","r2 over",5,3,5,2,4,128,510128,710128
"DGMM",NA,0.887251196687212,0.029,0.337814971957571,0.435,-33481.4399653412,69118.0995777247,15,1.96,TRUE,"","r2 over",5,3,5,2,4,129,510129,710129
"RDMM",3.94536485848773,0.910026027142495,0.023,0.719244731267742,0.117,-30861.8370402529,63844.3549511533,100,4.03,TRUE,"","r2 over",5,3,5,2,4,129,510129,710129
"DGMM",NA,0.813418770223455,0.049,0.293673824840631,0.472,-32970.5382510156,68096.2961490736,29,3.6,TRUE,"","r2 over",5,3,5,2,4,130,510130,710130
"RDMM",4.3273723079531,0.952528497780725,0.012,0.800886323982315,0.08,-30209.4441440912,62539.56915883,135,5.51,TRUE,"","r2 over",5,3,5,2,4,130,510130,710130
"DGMM",NA,0.749705353588139,0.067,0.432605422015146,0.295,-34149.4757481784,70454.1711433993,6,0.800000000000004,TRUE,"","r2 over",5,3,5,2,4,131,510131,710131
"RDMM",3.87847123355037,0.944728593950814,0.014,0.778862923604894,0.089,-30828.2131673747,63777.1072053969,138,5.64,TRUE,"","r2 over",5,3,5,2,4,131,510131,710131
"DGMM",NA,0.81341802719212,0.049,0.280741199822944,0.496,-34086.3808687266,70327.9813844955,11,1.46,TRUE,"","r2 over",5,3,5,2,4,132,510132,710132
"RDMM",3.99434813139517,0.933088273669013,0.017,0.760781186163059,0.098,-30891.0409459148,63902.7627624771,104,4.2,TRUE,"","r2 over",5,3,5,2,4,132,510132,710132
"DGMM",NA,0.774176262792747,0.06,0.262484088186499,0.513,-33241.6840904992,68638.5878280407,14,1.91,TRUE,"","r2 over",5,3,5,2,4,133,510133,710133
"RDMM",4.31496152713161,0.92152149321267,0.02,0.746492732618967,0.105,-30566.908677659,63254.4982259655,159,6.81,TRUE,"","r2 over",5,3,5,2,4,133,510133,710133
"DGMM",NA,0.443053857357794,0.167,0.189469990085076,0.511,-34041.0403772634,70237.3004015692,24,2.91,TRUE,"","r2 over",5,3,5,2,4,134,510134,710134
"RDMM",3.89524594581415,0.898602514453935,0.026,0.751466201792931,0.101,-30840.6866664431,63802.0542035337,104,4.51000000000001,TRUE,"","r2 over",5,3,5,2,4,134,510134,710134
"DGMM",NA,0.802618906720362,0.052,0.534984220749246,0.213,-34083.978406611,70323.1764602645,6,0.789999999999992,TRUE,"","r2 over",5,3,5,2,4,135,510135,710135
"RDMM",3.98356020887496,0.913849838662425,0.022,0.750641190161688,0.102,-31023.5775904904,64167.8360516284,182,7.38000000000001,TRUE,"","r2 over",5,3,5,2,4,135,510135,710135
"DGMM",NA,0.872228549116048,0.033,0.539359818367064,0.215,-32102.1201818434,66359.4600107292,15,1.89,TRUE,"","r2 over",5,3,5,2,4,136,510136,710136
"RDMM",4.64281707724101,0.944728680679281,0.014,0.776025514860781,0.091,-29906.0467722538,61932.7744151551,230,9.44,TRUE,"","r2 over",5,3,5,2,4,136,510136,710136
"DGMM",NA,0.344911105043713,0.206,0.18929604735152,0.517,-34167.6442259579,70490.5080989582,18,2.17999999999999,TRUE,"","r2 over",5,3,5,2,4,137,510137,710137
"RDMM",3.52529729753389,0.913848720008885,0.022,0.754621166303033,0.099,-31043.0827223999,64206.8463154474,100,4.14,TRUE,"","r2 over",5,3,5,2,4,137,510137,710137
"DGMM",NA,0.623729434283629,0.105,0.264736364846264,0.501,-34083.1301284861,70321.4799040146,12,1.47,TRUE,"","r2 over",5,3,5,2,4,138,510138,710138
"RDMM",4.04449423855611,0.902402383391423,0.025,0.503296207833959,0.286,-31307.7169259239,64736.1147224953,100,4.11999999999999,TRUE,"","r2 over",5,3,5,2,4,138,510138,710138
"DGMM",NA,0.688589039146752,0.085,0.424533129160143,0.285,-33717.1883843182,69589.5964156788,6,0.810000000000002,TRUE,"","r2 over",5,3,5,2,4,139,510139,710139
"RDMM",4.00841759002525,0.944728745351293,0.014,0.749626564819648,0.103,-30742.2704718616,63605.2218143708,159,6.5,TRUE,"","r2 over",5,3,5,2,4,139,510139,710139
"DGMM",NA,0.906210001389901,0.024,0.405489862100388,0.407,-32914.0226015634,67983.2648501691,24,2.94,TRUE,"","r2 over",5,3,5,2,4,140,510140,710140
"RDMM",4.04406256163683,0.933089097831747,0.017,0.745973374891978,0.105,-30445.9761512365,63012.6331731206,121,4.84999999999999,TRUE,"","r2 over",5,3,5,2,4,140,510140,710140
"DGMM",NA,0.427148530926351,0.173,0.191326169934615,0.536,-33437.3379471079,69029.8955412581,19,2.38000000000001,TRUE,"","r2 over",5,3,5,2,4,141,510141,710141
"RDMM",3.66110847887347,0.921521520735165,0.02,0.741944466869833,0.106,-31081.9832953047,64284.6474612569,100,4.03,TRUE,"","r2 over",5,3,5,2,4,141,510141,710141
"DGMM",NA,0.532464913971804,0.135,0.21821915679292,0.509,-32364.4499677029,66884.1195824483,27,3.33,TRUE,"","r2 over",5,3,5,2,4,142,510142,710142
"RDMM",4.33678755619589,0.952528486855622,0.012,0.77026086768057,0.094,-30383.4577774838,62887.5964256151,128,5.47,TRUE,"","r2 over",5,3,5,2,4,142,510142,710142
"DGMM",NA,0.3788895458632,0.192,0.161674308798506,0.584,-33128.5289529427,68412.2775529279,23,2.78999999999999,TRUE,"","r2 over",5,3,5,2,4,143,510143,710143
"RDMM",3.97006765750177,0.906210146935391,0.024,0.49246787419826,0.324,-30941.4652046056,64003.6112798587,149,6.06,TRUE,"","r2 over",5,3,5,2,4,143,510143,710143
"DGMM",NA,0.207373637565543,0.272,0.0868286134832649,0.582,-33518.7533492296,69192.7263455016,19,2.31999999999999,TRUE,"","r2 over",5,3,5,2,4,144,510144,710144
"RDMM",3.87679403713823,0.929225173307474,0.018,0.77549890419987,0.091,-30674.8881271172,63470.4571248819,138,5.66999999999999,TRUE,"","r2 over",5,3,5,2,4,144,510144,710144
"DGMM",NA,0.806209912865834,0.051,0.431785010841697,0.277,-33449.3291990552,69053.8780451528,19,2.48000000000002,TRUE,"","r2 over",5,3,5,2,4,145,510145,710145
"RDMM",3.87156343151585,0.92922522880963,0.018,0.735517316146559,0.109,-30338.2396203812,62797.16011141,100,4.07999999999998,TRUE,"","r2 over",5,3,5,2,4,145,510145,710145
"DGMM",NA,0.894810788135497,0.027,0.451862375526084,0.328,-33568.2550876023,69291.729822247,15,1.91,TRUE,"","r2 over",5,3,5,2,4,146,510146,710146
"RDMM",3.9967500950437,0.925369305613583,0.019,0.737854204739344,0.11,-30664.7520666621,63450.1850039716,100,4.04999999999998,TRUE,"","r2 over",5,3,5,2,4,146,510146,710146
"DGMM",NA,0.879724102293058,0.031,0.366146251983407,0.452,-33533.4305281204,69222.0807032832,19,2.37,TRUE,"","r2 over",5,3,5,2,4,147,510147,710147
"RDMM",3.79740526668414,0.936960902784144,0.016,0.7380859907804,0.108,-30699.6683612916,63520.0175932306,224,9.06999999999999,TRUE,"","r2 over",5,3,5,2,4,147,510147,710147
"DGMM",NA,0.913849777139825,0.022,0.389759176070821,0.476,-33636.5555084295,69428.3306639014,22,2.75,TRUE,"","r2 over",5,3,5,2,4,148,510148,710148
"RDMM",3.69714263220359,0.936960902784144,0.016,0.754612572275332,0.101,-30958.0975352369,64036.8759411214,199,8.16,TRUE,"","r2 over",5,3,5,2,4,148,510148,710148
"DGMM",NA,0.335799227409296,0.21,0.137943653252802,0.57,-33127.0112157171,68409.2420784765,33,4.16,TRUE,"","r2 over",5,3,5,2,4,149,510149,710149
"RDMM",3.87714118035785,0.933089049023013,0.017,0.747654353607514,0.104,-30716.7835481523,63554.2479669522,100,4.13,TRUE,"","r2 over",5,3,5,2,4,149,510149,710149
"DGMM",NA,0.872228064135428,0.033,0.351391499622806,0.435,-33371.9851884563,68899.1900239549,14,1.69999999999999,TRUE,"","r2 over",5,3,5,2,4,150,510150,710150
"RDMM",3.80645828775728,0.948624614152705,0.013,0.747427306355471,0.104,-30599.7405248679,63320.1619203832,217,8.85999999999999,TRUE,"","r2 over",5,3,5,2,4,150,510150,710150
"DGMM",NA,0.88348337138666,0.03,0.647919670190857,0.152,-32775.1488828102,67705.5174126628,14,1.81,TRUE,"","r2 over",5,3,5,2,4,151,510151,710151
"RDMM",4.23237571403708,0.894810715707988,0.027,0.740195842329509,0.107,-30116.0659539573,62352.8127785621,105,4.31,TRUE,"","r2 over",5,3,5,2,4,151,510151,710151
"DGMM",NA,0.432423222991662,0.171,0.18244144965931,0.555,-33543.5357206099,69242.2910882623,32,4.01999999999998,TRUE,"","r2 over",5,3,5,2,4,152,510152,710152
"RDMM",3.8601956868293,0.910026015977799,0.023,0.712865508475342,0.121,-31155.3528520157,64431.3865746789,243,9.92000000000002,TRUE,"","r2 over",5,3,5,2,4,152,510152,710152
"DGMM",NA,0.746241318337812,0.068,0.320244736814121,0.43,-32861.8678150297,67878.9552771019,16,2,TRUE,"","r2 over",5,3,5,2,4,153,510153,710153
"RDMM",3.96345563032058,0.925369335090148,0.019,0.746285364980603,0.104,-30275.3675752852,62671.4160212178,116,4.75,TRUE,"","r2 over",5,3,5,2,4,153,510153,710153
"DGMM",NA,0.883483663332223,0.03,0.299770691209282,0.469,-32655.3210075184,67465.8616620793,17,2.07999999999998,TRUE,"","r2 over",5,3,5,2,4,154,510154,710154
"RDMM",4.14525095556278,0.933089035184919,0.017,0.768178708847386,0.094,-30087.1190776467,62294.9190259409,100,4.12,TRUE,"","r2 over",5,3,5,2,4,154,510154,710154
"DGMM",NA,0.846246600649017,0.04,0.350411096127364,0.366,-33294.3423743593,68743.904395761,14,1.75,TRUE,"","r2 over",5,3,5,2,4,155,510155,710155
"RDMM",3.74998803624278,0.925369364135957,0.019,0.775278202943033,0.091,-30497.5963530949,63115.8735768372,100,4.12,TRUE,"","r2 over",5,3,5,2,4,155,510155,710155
"DGMM",NA,0.295272522164204,0.228,0.132315397706237,0.591,-33248.9355482913,68653.0907436249,40,4.84,TRUE,"","r2 over",5,3,5,2,4,156,510156,710156
"RDMM",3.75580987169757,0.906210180857597,0.024,0.66724800507813,0.142,-30789.7720177837,63700.2249062149,223,9.29999999999998,TRUE,"","r2 over",5,3,5,2,4,156,510156,710156
"DGMM",NA,0.887251353188579,0.029,0.30583918368065,0.501,-33655.1588282061,69465.5373034547,25,3.03999999999996,TRUE,"","r2 over",5,3,5,2,4,157,510157,710157
"RDMM",3.96512759840055,0.921521453297154,0.02,0.704880687856385,0.123,-30849.0636294591,63818.8081295658,122,5.03000000000003,TRUE,"","r2 over",5,3,5,2,4,157,510157,710157
"DGMM",NA,0.872228280156242,0.033,0.341667102154596,0.497,-33497.9251450153,69151.0699370731,26,3.19,TRUE,"","r2 over",5,3,5,2,4,158,510158,710158
"RDMM",3.87926570687537,0.9408408443975,0.015,0.805299361169305,0.078,-30523.5539006296,63167.7886719067,147,6.18000000000001,TRUE,"","r2 over",5,3,5,2,4,158,510158,710158
"DGMM",NA,0.369009501880763,0.196,0.138767696062168,0.586,-34075.6717584875,70306.5631640174,20,2.51999999999998,TRUE,"","r2 over",5,3,5,2,4,159,510159,710159
"RDMM",3.91773678679395,0.936960929101375,0.016,0.781924881513105,0.089,-31061.9120597877,64244.5049902229,125,5.09999999999997,TRUE,"","r2 over",5,3,5,2,4,159,510159,710159
"DGMM",NA,0.898602618388879,0.026,0.389313754481561,0.383,-33295.9809887828,68747.181624608,14,1.72000000000003,TRUE,"","r2 over",5,3,5,2,4,160,510160,710160
"RDMM",4.18590177566777,0.948624576633644,0.013,0.756380228964527,0.1,-30899.1804740281,63919.0418187038,113,4.61000000000001,TRUE,"","r2 over",5,3,5,2,4,160,510160,710160
"DGMM",NA,0.898602552064052,0.026,0.352323471680101,0.504,-32593.2211160063,67341.661879055,38,4.69,TRUE,"","r2 over",5,3,5,2,4,161,510161,710161
"RDMM",4.04157654408151,0.929225157135072,0.018,0.76909840652905,0.094,-29958.2330116551,62037.1468939578,100,4.00999999999999,TRUE,"","r2 over",5,3,5,2,4,161,510161,710161
"DGMM",NA,0.84256679434537,0.041,0.675690178605281,0.137,-33215.6630283235,68586.5457036895,12,1.51000000000005,TRUE,"","r2 over",5,3,5,2,4,162,510162,710162
"RDMM",4.2426431525448,0.917681629491557,0.021,0.769242457925182,0.094,-30789.6390281794,63699.9589270064,100,4.15999999999997,TRUE,"","r2 over",5,3,5,2,4,162,510162,710162
"DGMM",NA,0.388841815239511,0.188,0.16770625506976,0.555,-33127.1602868124,68409.5402206673,22,2.69,TRUE,"","r2 over",5,3,5,2,4,163,510163,710163
"RDMM",3.94078049218148,0.940840803333711,0.015,0.767054483451582,0.095,-30725.666012407,63572.0128954615,100,4.08999999999997,TRUE,"","r2 over",5,3,5,2,4,163,510163,710163
"DGMM",NA,0.84624620356251,0.04,0.287951856134448,0.491,-34449.9855916651,71055.1908303726,12,1.69,TRUE,"","r2 over",5,3,5,2,4,164,510164,710164
"RDMM",3.47331582309455,0.906210201976264,0.024,0.762545173124586,0.097,-31173.3505862722,64467.3820431919,194,7.88999999999999,TRUE,"","r2 over",5,3,5,2,4,164,510164,710164
"DGMM",NA,0.902402337351963,0.025,0.361844774316415,0.481,-33164.4127089724,68484.0450649872,21,2.56,TRUE,"","r2 over",5,3,5,2,4,165,510165,710165
"RDMM",3.96358493221144,0.944728696031188,0.014,0.780080252702691,0.09,-30510.4105948555,63141.5020603584,232,7.60000000000002,TRUE,"","r2 over",5,3,5,2,4,165,510165,710165
"DGMM",NA,0.910025936209281,0.023,0.602252417341832,0.18,-33837.4116869087,69830.0430208598,19,1.54000000000002,TRUE,"","r2 over",5,3,5,2,4,166,510166,710166
"RDMM",3.87497653482379,0.906210006013622,0.024,0.735303011073538,0.109,-31104.8712905881,64330.4234518236,100,3.13999999999999,TRUE,"","r2 over",5,3,5,2,4,166,510166,710166
"DGMM",NA,0.913849833889123,0.022,0.711944357773453,0.12,-33166.0083697122,68487.2363864669,20,1.63999999999999,TRUE,"","r2 over",5,3,5,2,4,167,510167,710167
"RDMM",3.88743154597715,0.917681645249165,0.021,0.750063129888152,0.102,-30678.1602393549,63477.0013493574,100,2.67000000000002,TRUE,"","r2 over",5,3,5,2,4,167,510167,710167
"DGMM",NA,0.712048106381619,0.078,0.278022614200397,0.491,-33348.8929474341,68853.0055419105,13,0.91,TRUE,"","r2 over",5,3,5,2,4,168,510168,710168
"RDMM",4.00013596486099,0.898602478594574,0.026,0.762072195457626,0.096,-30384.5977319879,62889.8763346234,203,7.5,TRUE,"","r2 over",5,3,5,2,4,168,510168,710168
"DGMM",NA,0.333359333969475,0.211,0.138529059014834,0.581,-32810.3202611432,67775.8601693287,29,3.8,TRUE,"","r2 over",5,3,5,2,4,169,510169,710169
"RDMM",3.91670544621946,0.913849848606803,0.022,0.759028140378923,0.098,-30681.6263454905,63483.9335616285,100,4.15,TRUE,"","r2 over",5,3,5,2,4,169,510169,710169
"DGMM",NA,-0.000580622258100052,0.493,0.00126432766672251,0.712,-32249.8528734531,66654.9253939485,45,5.49,TRUE,"","r2 over",5,3,5,2,4,170,510170,710170
"RDMM",3.79224588321576,0.925369326097381,0.019,0.721050558784177,0.117,-30983.1533174891,64086.9875056257,100,4.15,TRUE,"","r2 over",5,3,5,2,4,170,510170,710170
"DGMM",NA,0.71205135754985,0.078,0.494076542855614,0.233,-34373.8992720545,70903.0181911515,6,0.780000000000001,TRUE,"","r2 over",5,3,5,2,4,171,510171,710171
"RDMM",4.05240693021802,0.944728684355765,0.014,0.743658794322235,0.106,-30861.7596561154,63844.2001828784,100,4.2,TRUE,"","r2 over",5,3,5,2,4,171,510171,710171
"DGMM",NA,0.411650305429259,0.179,0.16227588331323,0.577,-32889.1341769777,67933.4880009979,29,3.48,TRUE,"","r2 over",5,3,5,2,4,172,510172,710172
"RDMM",4.03485773578035,0.936960906158693,0.016,0.776045262310751,0.091,-30373.8592690631,62868.3994087737,101,4.21,TRUE,"","r2 over",5,3,5,2,4,172,510172,710172
"DGMM",NA,0.891026942397631,0.028,0.417941479947944,0.329,-33344.2266251802,68843.6728974028,27,3.24,TRUE,"","r2 over",5,3,5,2,4,173,510173,710173
"RDMM",4.06976711292092,0.960360329575858,0.01,0.775815729746441,0.092,-30222.8064839798,62566.2938386071,127,5.23,TRUE,"","r2 over",5,3,5,2,4,173,510173,710173
"DGMM",NA,0.34518016826878,0.206,0.169609797295495,0.548,-33914.8610238183,69984.9416946791,33,4.03,TRUE,"","r2 over",5,3,5,2,4,174,510174,710174
"RDMM",3.98321341509383,0.910025991623173,0.023,0.742776379522149,0.105,-30857.1174206232,63834.9157118939,100,4.04,TRUE,"","r2 over",5,3,5,2,4,174,510174,710174
"DGMM",NA,0.722219810954542,0.075,0.268389303930102,0.48,-33811.4530260632,69778.1256991688,16,2.16,TRUE,"","r2 over",5,3,5,2,4,175,510175,710175
"RDMM",3.95357352650127,0.913849467404021,0.022,0.723405416553763,0.116,-30763.7128889928,63648.1066486331,154,6.59999999999999,TRUE,"","r2 over",5,3,5,2,4,175,510175,710175
"DGMM",NA,0.85733332332895,0.037,0.331177578974214,0.509,-33652.0742472751,69459.3681415927,12,1.52,TRUE,"","r2 over",5,3,5,2,4,176,510176,710176
"RDMM",4.3197833598288,0.913849840788036,0.022,0.748501358392973,0.103,-30921.0135560263,63962.7079827002,100,4.29000000000001,TRUE,"","r2 over",5,3,5,2,4,176,510176,710176
"DGMM",NA,0.559054497771539,0.126,0.255926982978324,0.51,-33445.9316352605,69047.0829175634,14,1.84999999999999,TRUE,"","r2 over",5,3,5,2,4,177,510177,710177
"RDMM",4.05655696415092,0.956440421061248,0.011,0.753917468858431,0.101,-30362.1965005352,62845.0738717179,125,5.15000000000001,TRUE,"","r2 over",5,3,5,2,4,177,510177,710177
"DGMM",NA,0.749705948178703,0.067,0.277145607845366,0.472,-34050.9663756422,70257.1523983268,17,2.08,TRUE,"","r2 over",5,3,5,2,4,178,510178,710178
"RDMM",4.04861285996775,0.936960955176029,0.016,0.364814474997261,0.385,-30983.5131274474,64087.7071255423,100,4.14,TRUE,"","r2 over",5,3,5,2,4,178,510178,710178
"DGMM",NA,0.781237265645676,0.058,0.295192301313832,0.446,-34175.6899880009,70506.5996230443,13,1.59,TRUE,"","r2 over",5,3,5,2,4,179,510179,710179
"RDMM",3.68175217330659,0.925369376541081,0.019,0.763695732541782,0.097,-30975.1650779169,64071.0110264814,174,7.25,TRUE,"","r2 over",5,3,5,2,4,179,510179,710179
"DGMM",NA,0.388841536929553,0.188,0.163315463541117,0.514,-32649.996678631,67455.2130043044,32,3.89,TRUE,"","r2 over",5,3,5,2,4,180,510180,710180
"RDMM",3.93569541590802,0.929225168405716,0.018,0.736719248373306,0.108,-30295.6634533211,62712.0077772897,100,4.11,TRUE,"","r2 over",5,3,5,2,4,180,510180,710180
"DGMM",NA,0.868492512258127,0.034,0.355300002149397,0.419,-33898.2918149832,69951.8032770088,14,1.73999999999999,TRUE,"","r2 over",5,3,5,2,4,181,510181,710181
"RDMM",4.08298152664076,0.944728732959912,0.014,0.77568561641915,0.091,-31099.0443551797,64318.769581007,108,4.48,TRUE,"","r2 over",5,3,5,2,4,181,510181,710181
"DGMM",NA,0.902402404664943,0.025,0.381329028845661,0.455,-34116.2919748108,70387.803596664,19,2.39,TRUE,"","r2 over",5,3,5,2,4,182,510182,710182
"RDMM",3.78892971561526,0.933089089249997,0.017,0.685364172619915,0.134,-31176.5397485056,64473.7603676588,187,7.58,TRUE,"","r2 over",5,3,5,2,4,182,510182,710182
"DGMM",NA,0.894811069021341,0.027,0.348117341849402,0.494,-33079.586738929,68314.3931249004,14,1.77,TRUE,"","r2 over",5,3,5,2,4,183,510183,710183
"RDMM",3.95280514268886,0.929225246510392,0.018,0.767499545858494,0.094,-30427.6758883678,62976.032647383,228,9.28,TRUE,"","r2 over",5,3,5,2,4,183,510183,710183
"DGMM",NA,0.269786097304383,0.24,0.130245611756192,0.591,-33817.2380731411,69789.6957933245,44,5.52000000000001,TRUE,"","r2 over",5,3,5,2,4,184,510184,710184
"RDMM",4.12428871224447,0.940840800044508,0.015,0.789567887229743,0.085,-30644.4572563597,63409.5953833669,248,10.06,TRUE,"","r2 over",5,3,5,2,4,184,510184,710184
"DGMM",NA,0.00346476601669035,0.467,0.00466439214926148,0.704,-32575.5218590225,67306.2633650873,52,6.37,TRUE,"","r2 over",5,3,5,2,4,185,510185,710185
"RDMM",3.57474360913022,0.92536931929657,0.019,0.730792310184026,0.112,-31296.4359511406,64713.5527729286,208,8.61000000000001,TRUE,"","r2 over",5,3,5,2,4,185,510185,710185
"DGMM",NA,0.623721188581328,0.105,0.238739219936286,0.516,-34782.7236041697,71720.6668553817,14,1.73000000000002,TRUE,"","r2 over",5,3,5,2,4,186,510186,710186
"RDMM",3.77379244548625,0.940840827435552,0.015,0.776420109716209,0.091,-31339.9082236915,64800.4973180306,256,10.42,TRUE,"","r2 over",5,3,5,2,4,186,510186,710186
"DGMM",NA,0.894810751034709,0.027,0.676986798112435,0.137,-33463.2982636881,69081.8161744186,17,2.06999999999999,TRUE,"","r2 over",5,3,5,2,4,187,510187,710187
"RDMM",3.82850305470562,0.917681694279834,0.021,0.761868068477337,0.097,-30698.8995157912,63518.4799022299,100,4.07000000000002,TRUE,"","r2 over",5,3,5,2,4,187,510187,710187
"DGMM",NA,0.879723707167552,0.031,0.320995168148823,0.515,-32664.3128208759,67483.8452887942,26,3.29999999999998,TRUE,"","r2 over",5,3,5,2,4,188,510188,710188
"RDMM",4.13064800773937,0.925369353008673,0.019,0.703692427547891,0.125,-30164.8781119103,62450.4370944682,146,6,TRUE,"","r2 over",5,3,5,2,4,188,510188,710188
"DGMM",NA,0.391226804264067,0.187,0.175019468300196,0.546,-33034.7908930963,68224.8014332349,20,2.49000000000001,TRUE,"","r2 over",5,3,5,2,4,189,510189,710189
"RDMM",3.96171146472997,0.948624619806257,0.013,0.74046563443086,0.108,-30717.926024096,63556.5329188395,100,4.19999999999999,TRUE,"","r2 over",5,3,5,2,4,189,510189,710189
"DGMM",NA,0.732472056281591,0.072,0.271328031445758,0.51,-33945.8469388129,70046.9135246682,29,3.47999999999999,TRUE,"","r2 over",5,3,5,2,4,190,510190,710190
"RDMM",3.88364364471369,0.913849793596411,0.022,0.749210965199222,0.103,-31158.1447092146,64436.9702890768,100,4.12,TRUE,"","r2 over",5,3,5,2,4,190,510190,710190
"DGMM",NA,0.910025973857732,0.023,0.391417095179099,0.361,-33021.990826668,68199.2013003784,11,1.38999999999999,TRUE,"","r2 over",5,3,5,2,4,191,510191,710191
"RDMM",3.92791225091684,0.948624594836391,0.013,0.782380562803017,0.088,-30044.6299665683,62209.9408037842,127,5.22,TRUE,"","r2 over",5,3,5,2,4,191,510191,710191
"DGMM",NA,0.753179645750208,0.066,0.282436578656139,0.427,-33848.0680975531,69851.3558421485,10,1.25999999999999,TRUE,"","r2 over",5,3,5,2,4,192,510192,710192
"RDMM",3.87112199792075,0.948624599761839,0.013,0.801174510625623,0.08,-30470.8026496063,63062.28616986,146,5.97999999999999,TRUE,"","r2 over",5,3,5,2,4,192,510192,710192
"DGMM",NA,0.49511938020962,0.148,0.305281146094925,0.403,-33814.6216386131,69784.4629242686,6,0.860000000000014,TRUE,"","r2 over",5,3,5,2,4,193,510193,710193
"RDMM",4.20074024834363,0.933089033764637,0.017,0.756376932466495,0.1,-30778.6739871721,63678.0288449918,266,10.86,TRUE,"","r2 over",5,3,5,2,4,193,510193,710193
"DGMM",NA,-0.00135122486591544,0.494,0.0537041447575645,0.644,-32263.8711538479,66682.9619547381,25,3.06,TRUE,"","r2 over",5,3,5,2,4,194,510194,710194
"RDMM",3.7789569613913,0.929224810361052,0.018,0.782816860227738,0.089,-31002.9797929771,64126.6404566018,125,5.09,TRUE,"","r2 over",5,3,5,2,4,194,510194,710194
"DGMM",NA,0.777692605672766,0.059,0.33212968821102,0.445,-33474.225336528,69103.6703200983,14,1.72,TRUE,"","r2 over",5,3,5,2,4,195,510195,710195
"RDMM",3.97763113337868,0.917681524826046,0.021,0.766584058247927,0.095,-30780.6024426049,63681.8857558574,170,6.98000000000002,TRUE,"","r2 over",5,3,5,2,4,195,510195,710195
"DGMM",NA,0.23549687834852,0.257,0.216616511637251,0.523,-34586.7904762323,71328.800599507,24,2.96000000000001,TRUE,"","r2 over",5,3,5,2,4,196,510196,710196
"RDMM",3.7915682453004,0.902402388967978,0.025,0.762367228079863,0.097,-31123.5262221425,64367.7333149325,145,6.04999999999998,TRUE,"","r2 over",5,3,5,2,4,196,510196,710196
"DGMM",NA,0.91384992730404,0.022,0.514189002516751,0.239,-32917.8703450555,67990.9603371535,16,1.95999999999998,TRUE,"","r2 over",5,3,5,2,4,197,510197,710197
"RDMM",4.20072176087306,0.933088929268603,0.017,0.786594415890489,0.086,-30337.9516221216,62796.5841148907,100,4.16999999999999,TRUE,"","r2 over",5,3,5,2,4,197,510197,710197
"DGMM",NA,0.838894943346466,0.042,0.498408597347692,0.244,-33587.8516726594,69330.9229923612,6,0.760000000000048,TRUE,"","r2 over",5,3,5,2,4,198,510198,710198
"RDMM",4.10571302647695,0.925369347935587,0.019,0.730678991477282,0.112,-30572.3221344097,63265.3251394669,173,6.95999999999998,TRUE,"","r2 over",5,3,5,2,4,198,510198,710198
"DGMM",NA,0.589428888417156,0.116,0.236413492164936,0.46,-33107.1630106092,68369.5456682609,18,2.25999999999999,TRUE,"","r2 over",5,3,5,2,4,199,510199,710199
"RDMM",4.06313246232469,0.944728693457917,0.014,0.739516678818294,0.108,-30506.7887059739,63134.2582825952,100,4.20999999999998,TRUE,"","r2 over",5,3,5,2,4,199,510199,710199
"DGMM",NA,0.883476011197539,0.03,0.342769744694107,0.484,-33379.1209412954,68913.4615296333,16,1.96999999999997,TRUE,"","r2 over",5,3,5,2,4,200,510200,710200
"RDMM",4.08151522048176,0.933087655813631,0.017,0.773448329967397,0.092,-30822.9050097664,63766.4908901803,129,5.34000000000003,TRUE,"","r2 over",5,3,5,2,4,200,510200,710200
"DGMM",NA,0.364055745258216,0.198,0.156944234577247,0.556,-32672.4875126831,67500.1946724086,45,5.44,TRUE,"","r2 over",5,3,5,2,4,201,510201,710201
"RDMM",3.99788981326933,0.902402008465227,0.025,0.740592197886736,0.107,-30522.0177595708,63164.7163897891,187,7.67000000000002,TRUE,"","r2 over",5,3,5,2,4,201,510201,710201
"DGMM",NA,0.712054575901608,0.078,0.299661483072273,0.423,-33259.1608026241,68673.5412522906,18,2.19999999999999,TRUE,"","r2 over",5,3,5,2,4,202,510202,710202
"RDMM",3.82474090116098,0.940840782744888,0.015,0.780538010583713,0.089,-30399.7386989368,62920.1582685211,141,5.73000000000002,TRUE,"","r2 over",5,3,5,2,4,202,510202,710202
"DGMM",NA,0.753178757322222,0.066,0.261407143463032,0.5,-33954.6059388895,70064.4315248214,17,2.12,TRUE,"","r2 over",5,3,5,2,4,203,510203,710203
"RDMM",3.88285479795053,0.925369317903863,0.019,0.742995604642028,0.106,-30675.7064986546,63472.0938679567,100,4.18000000000001,TRUE,"","r2 over",5,3,5,2,4,203,510203,710203
"DGMM",NA,0.948624624076072,0.013,0.418999651681041,0.426,-32659.5107647581,67474.2411765586,17,2.11000000000001,TRUE,"","r2 over",5,3,5,2,4,204,510204,710204
"RDMM",4.42179655338376,0.952528530640484,0.012,0.809586103186927,0.076,-30602.8799314101,63326.4407334676,131,5.46999999999997,TRUE,"","r2 over",5,3,5,2,4,204,510204,710204
"DGMM",NA,0.910025607348009,0.023,0.34244235705688,0.457,-33415.9989710063,68987.2175890551,14,1.76999999999998,TRUE,"","r2 over",5,3,5,2,4,205,510205,710205
"RDMM",4.03074770901019,0.921521389885187,0.02,0.720337420758988,0.117,-30564.6610188887,63250.002908425,100,4.11000000000001,TRUE,"","r2 over",5,3,5,2,4,205,510205,710205
"DGMM",NA,0.43246234215893,0.171,0.179498610866552,0.543,-33267.5664233432,68690.3524937288,24,2.89999999999998,TRUE,"","r2 over",5,3,5,2,4,206,510206,710206
"RDMM",4.01739962632002,0.936960898806238,0.016,0.78268493429856,0.088,-30762.4161998534,63645.5132703542,144,5.07999999999998,TRUE,"","r2 over",5,3,5,2,4,206,510206,710206
"DGMM",NA,0.342845126037844,0.207,0.159635752133713,0.582,-33321.6635756148,68798.546798272,40,3.38999999999999,TRUE,"","r2 over",5,3,5,2,4,207,510207,710207
"RDMM",3.92575173210196,0.917681600842785,0.021,0.768298773144162,0.094,-30827.9648993633,63776.6106693742,100,2.67000000000002,TRUE,"","r2 over",5,3,5,2,4,207,510207,710207
"DGMM",NA,0.396253588842454,0.185,0.156291138235371,0.547,-33282.0930579354,68719.4057629132,19,2.02999999999997,TRUE,"","r2 over",5,3,5,2,4,208,510208,710208
"RDMM",3.98984625488951,0.913849807076581,0.022,0.757866705744229,0.098,-31122.3719622647,64365.4247951769,100,2.61000000000001,TRUE,"","r2 over",5,3,5,2,4,208,510208,710208
"DGMM",NA,0.906208086868682,0.024,0.306033816230914,0.472,-33660.8234170932,69476.8664812289,20,1.21,TRUE,"","r2 over",5,3,5,2,4,209,510209,710209
"RDMM",3.7491645123159,0.913848160515833,0.022,0.742676562262351,0.105,-30766.5581245848,63653.7971198171,175,6.33,TRUE,"","r2 over",5,3,5,2,4,209,510209,710209
"DGMM",NA,0.88725117488038,0.029,0.309157715975108,0.462,-33660.4132746353,69476.046196313,13,1.94,TRUE,"","r2 over",5,3,5,2,4,210,510210,710210
"RDMM",4.12570456564719,0.921521494092132,0.02,0.748765055886361,0.103,-31074.5555976049,64269.7920658573,100,4.25,TRUE,"","r2 over",5,3,5,2,4,210,510210,710210
"DGMM",NA,0.295372928910297,0.228,0.124918607669727,0.559,-33684.6495128455,69524.5186727333,32,4,TRUE,"","r2 over",5,3,5,2,4,211,510211,710211
"RDMM",4.05358553473706,0.891026922187606,0.028,0.711515205660082,0.12,-31104.2197262134,64329.1203230742,100,4.01,TRUE,"","r2 over",5,3,5,2,4,211,510211,710211
"DGMM",NA,0.917681618136574,0.021,0.35524576808557,0.473,-33172.3984143795,68500.0164758014,19,2.36,TRUE,"","r2 over",5,3,5,2,4,212,510212,710212
"RDMM",4.1934323918337,0.952528487811521,0.012,0.780692237811454,0.089,-30315.8150028874,62752.3108764223,135,5.61,TRUE,"","r2 over",5,3,5,2,4,212,510212,710212
"DGMM",NA,0.861044960335465,0.036,0.307745728535543,0.435,-32984.6351909485,68124.4900289395,17,2.16,TRUE,"","r2 over",5,3,5,2,4,213,510213,710213
"RDMM",4.19751936191583,0.940840840618905,0.015,0.778418229650203,0.09,-30595.5040149555,63311.6889005586,100,4.08,TRUE,"","r2 over",5,3,5,2,4,213,510213,710213
"DGMM",NA,0.76363978949281,0.063,0.401938057604065,0.301,-33447.5101930438,69050.24003313,6,0.810000000000002,TRUE,"","r2 over",5,3,5,2,4,214,510214,710214
"RDMM",4.32002258668388,0.94084077892076,0.015,0.717186631838586,0.118,-30860.9794194244,63842.6397094963,109,4.45,TRUE,"","r2 over",5,3,5,2,4,214,510214,710214
"DGMM",NA,0.891027102106876,0.028,0.314555909914129,0.48,-33427.8216900618,69010.863027166,16,2.01,TRUE,"","r2 over",5,3,5,2,4,215,510215,710215
"RDMM",4.05436657771229,0.91002595008007,0.023,0.697070482463151,0.13,-30604.6395960457,63329.9600627389,129,5.41,TRUE,"","r2 over",5,3,5,2,4,215,510215,710215
"DGMM",NA,0.921520649316418,0.02,0.63163624234824,0.164,-33804.4421596952,69764.1039664329,27,3.29,TRUE,"","r2 over",5,3,5,2,4,216,510216,710216
"RDMM",3.92075897495106,0.925368479528023,0.019,0.727559639475637,0.114,-31058.4847397401,64237.6503501277,100,4.12,TRUE,"","r2 over",5,3,5,2,4,216,510216,710216
"DGMM",NA,0.310398814200559,0.221,0.129434800201278,0.591,-33019.0463039403,68193.312254923,24,3.22,TRUE,"","r2 over",5,3,5,2,4,217,510217,710217
"RDMM",3.87330290779372,0.910025872186649,0.023,0.757827753039358,0.098,-30637.2504094792,63395.181689606,111,4.67000000000001,TRUE,"","r2 over",5,3,5,2,4,217,510217,710217
"DGMM",NA,0.925369324680745,0.019,0.741800104053505,0.106,-32402.5468439275,66960.3133348974,12,1.58,TRUE,"","r2 over",5,3,5,2,4,218,510218,710218
"RDMM",4.31373973968407,0.944728708791209,0.014,0.784663202087076,0.087,-30225.7698406061,62572.2205518596,100,4.25,TRUE,"","r2 over",5,3,5,2,4,218,510218,710218
"DGMM",NA,0.906210262988029,0.024,0.4148738073338,0.417,-32307.1374400118,66769.494527066,15,1.92999999999999,TRUE,"","r2 over",5,3,5,2,4,219,510219,710219
"RDMM",4.33715189871859,0.936960938221442,0.016,0.749350121337154,0.103,-30003.9848722483,62128.6506151441,116,4.71000000000001,TRUE,"","r2 over",5,3,5,2,4,219,510219,710219
"DGMM",NA,0.952528491661754,0.012,0.76134953554111,0.098,-33148.6075269308,68452.4347009041,24,2.95999999999999,TRUE,"","r2 over",5,3,5,2,4,220,510220,710220
"RDMM",4.09166290385993,0.968224206919361,0.008,0.783432978424026,0.088,-30277.2330955474,62675.1470617423,100,4.20999999999999,TRUE,"","r2 over",5,3,5,2,4,220,510220,710220
"DGMM",NA,0.315265153987215,0.219,0.130231017178051,0.547,-32670.5117468539,67496.2431407503,24,2.91,TRUE,"","r2 over",5,3,5,2,4,221,510221,710221
"RDMM",4.0772468707047,0.94084080653945,0.015,0.740086485859315,0.108,-30726.5777556505,63573.8363819485,129,5.41,TRUE,"","r2 over",5,3,5,2,4,221,510221,710221
"DGMM",NA,0.891026947088494,0.028,0.316782022226442,0.449,-33652.2080808317,69459.6358087059,14,1.74000000000001,TRUE,"","r2 over",5,3,5,2,4,222,510222,710222
"RDMM",3.93704471223768,0.940840818083903,0.015,0.749417352881388,0.103,-30607.0344884731,63334.7498475936,122,5.08,TRUE,"","r2 over",5,3,5,2,4,222,510222,710222
"DGMM",NA,0.846246219424712,0.04,0.29529702732659,0.496,-33492.0401828505,69139.3000127434,12,1.5,TRUE,"","r2 over",5,3,5,2,4,223,510223,710223
"RDMM",3.91220318860241,0.933089019055487,0.017,0.747479090680799,0.104,-30579.6146752504,63279.9102211484,300,12.09,TRUE,"","r2 over",5,3,5,2,4,223,510223,710223
"DGMM",NA,0.767144757172742,0.062,0.306902641520467,0.489,-33218.0388836387,68591.2974143197,20,2.45,TRUE,"","r2 over",5,3,5,2,4,224,510224,710224
"RDMM",4.02733624286177,0.913849827363123,0.022,0.722057456573593,0.116,-30743.3496316009,63607.3801338493,173,7.04000000000001,TRUE,"","r2 over",5,3,5,2,4,224,510224,710224
"DGMM",NA,-0.000457745935449972,0.493,0.00121245575678682,0.73,-32456.8208700578,67068.861387158,30,3.75,TRUE,"","r2 over",5,3,5,2,4,225,510225,710225
"RDMM",3.77494068500472,0.910025980250753,0.023,0.750716068387068,0.102,-31196.5801471801,64513.8411650078,300,12.35,TRUE,"","r2 over",5,3,5,2,4,225,510225,710225
"DGMM",NA,0.601796349600766,0.112,0.247946119074406,0.514,-33084.089482643,68323.3986123285,16,1.95000000000002,TRUE,"","r2 over",5,3,5,2,4,226,510226,710226
"RDMM",4.14380961336051,0.917681603440021,0.021,0.775415649996407,0.091,-30700.6671712917,63522.0152132308,103,4.17000000000002,TRUE,"","r2 over",5,3,5,2,4,226,510226,710226
"DGMM",NA,0.799035204666873,0.053,0.309150997486175,0.468,-33484.4170738615,69124.0537947654,14,1.73000000000002,TRUE,"","r2 over",5,3,5,2,4,227,510227,710227
"RDMM",4.03195285771871,0.917681683463319,0.021,0.729711798214157,0.113,-30650.1014533183,63420.883777284,100,4.14000000000001,TRUE,"","r2 over",5,3,5,2,4,227,510227,710227
"DGMM",NA,0.512195291498297,0.142,0.242519732373014,0.505,-33261.8250660953,68678.8697792331,13,1.59999999999999,TRUE,"","r2 over",5,3,5,2,4,228,510228,710228
"RDMM",4.17359021343395,0.913849769630427,0.022,0.507431114464118,0.287,-30397.0345837419,62914.7500381313,146,6.03,TRUE,"","r2 over",5,3,5,2,4,228,510228,710228
"DGMM",NA,0.846246190330448,0.04,0.287107411127286,0.479,-34065.0121257985,70285.2438986394,13,1.64000000000001,TRUE,"","r2 over",5,3,5,2,4,229,510229,710229
"RDMM",3.75605101128296,0.952528504098332,0.012,0.808234656001582,0.077,-30984.4335149093,64089.5479004661,173,7.04999999999998,TRUE,"","r2 over",5,3,5,2,4,229,510229,710229
"DGMM",NA,0.90621020160336,0.024,0.345715305017598,0.426,-33601.4648253064,69358.1492976552,14,1.73999999999998,TRUE,"","r2 over",5,3,5,2,4,230,510230,710230
"RDMM",3.97703430759595,0.940840844761702,0.015,0.766231027512893,0.096,-30679.6817844417,63480.0444395309,159,6.53,TRUE,"","r2 over",5,3,5,2,4,230,510230,710230
"DGMM",NA,0.906210193315281,0.024,0.314313327706997,0.442,-33180.4470930488,68516.11383314,17,2.19,TRUE,"","r2 over",5,3,5,2,4,231,510231,710231
"RDMM",3.88033791120889,0.925369359096375,0.019,0.750428718089561,0.102,-30614.7948546231,63350.2705798938,124,5.07999999999998,TRUE,"","r2 over",5,3,5,2,4,231,510231,710231
"DGMM",NA,0.620564531496683,0.106,0.280597706103442,0.45,-33671.2898024467,69497.7992519358,10,1.25999999999999,TRUE,"","r2 over",5,3,5,2,4,232,510232,710232
"RDMM",3.9086449516974,0.929225223632156,0.018,0.559233982078268,0.226,-30866.0395553592,63852.759981366,148,6.05000000000001,TRUE,"","r2 over",5,3,5,2,4,232,510232,710232
"DGMM",NA,0.315240513993633,0.219,0.138523938514191,0.544,-33479.8742802038,69114.9682074501,33,4.13,TRUE,"","r2 over",5,3,5,2,4,233,510233,710233
"RDMM",3.93611222461917,0.92152147367955,0.02,0.732422942790842,0.11,-30671.0923444381,63462.8655595238,110,4.59,TRUE,"","r2 over",5,3,5,2,4,233,510233,710233
"DGMM",NA,0.933088979678015,0.017,0.377355207670184,0.467,-33078.155119353,68311.5298857484,17,2.10999999999999,TRUE,"","r2 over",5,3,5,2,4,234,510234,710234
"RDMM",3.8736120197158,0.929225164760032,0.018,0.779251804826687,0.089,-30359.2730392185,62839.2269490845,100,4.08000000000001,TRUE,"","r2 over",5,3,5,2,4,234,510234,710234
"DGMM",NA,0.87597189282472,0.032,0.348710884045198,0.385,-33724.9349395528,69605.089526148,15,1.84,TRUE,"","r2 over",5,3,5,2,4,235,510235,710235
"RDMM",3.61352742781058,0.894810845628175,0.027,0.736290785540625,0.108,-30961.3284986434,64043.3378679343,113,4.66999999999999,TRUE,"","r2 over",5,3,5,2,4,235,510235,710235
"DGMM",NA,0.475599030159966,0.155,0.188525174356962,0.539,-32688.2971883437,67531.8140237297,25,3.08000000000001,TRUE,"","r2 over",5,3,5,2,4,236,510236,710236
"RDMM",3.99146445729817,0.929225234125533,0.018,0.738674998880771,0.108,-30395.3707198041,62911.4223102557,100,4.16999999999999,TRUE,"","r2 over",5,3,5,2,4,236,510236,710236
"DGMM",NA,0.835231256574554,0.043,0.387170827191732,0.328,-34250.168868412,70655.5573838664,6,0.810000000000002,TRUE,"","r2 over",5,3,5,2,4,237,510237,710237
"RDMM",3.65843424259882,0.906210123654458,0.024,0.751341878250621,0.102,-30748.4590743218,63617.5990192912,128,5.25,TRUE,"","r2 over",5,3,5,2,4,237,510237,710237
"DGMM",NA,0.883483431366305,0.03,0.516596284533049,0.237,-33463.8229591956,69082.8655654337,17,2.09999999999999,TRUE,"","r2 over",5,3,5,2,4,238,510238,710238
"RDMM",4.04216740115112,0.944728693457917,0.014,0.773345073976728,0.092,-30655.1836307524,63431.0481321523,100,4.13999999999999,TRUE,"","r2 over",5,3,5,2,4,238,510238,710238
"DGMM",NA,0.451016942956764,0.164,0.191424047656602,0.561,-33300.0291870407,68755.2780211239,23,2.81999999999999,TRUE,"","r2 over",5,3,5,2,4,239,510239,710239
"RDMM",4.01767132862002,0.956440434704201,0.011,0.731474717646738,0.112,-31011.6778113779,64144.0364934032,133,5.47000000000003,TRUE,"","r2 over",5,3,5,2,4,239,510239,710239
"DGMM",NA,0.338071775815856,0.209,0.163336915714573,0.561,-33301.3864267186,68757.9925004796,41,5.00999999999999,TRUE,"","r2 over",5,3,5,2,4,240,510240,710240
"RDMM",3.89445129785075,0.925369371582861,0.019,0.743440864031092,0.105,-30760.8980101835,63642.4768910146,235,9.66,TRUE,"","r2 over",5,3,5,2,4,240,510240,710240
"DGMM",NA,0.718824989439207,0.076,0.494332631866776,0.234,-33167.0652705598,68489.350188162,6,0.820000000000022,TRUE,"","r2 over",5,3,5,2,4,241,510241,710241
"RDMM",4.09818455021485,0.929225168405716,0.018,0.768211637995357,0.094,-30289.9232623346,62700.5273953167,100,4.13999999999999,TRUE,"","r2 over",5,3,5,2,4,241,510241,710241
"DGMM",NA,0.8834833676656,0.03,0.297504212409913,0.488,-33967.2051498797,70089.6299468018,18,2.20000000000005,TRUE,"","r2 over",5,3,5,2,4,242,510242,710242
"RDMM",3.69881383276581,0.948624574172566,0.013,0.756835823344217,0.1,-30950.421836124,64021.5245428955,100,4.07999999999998,TRUE,"","r2 over",5,3,5,2,4,242,510242,710242
"DGMM",NA,0.398803817775142,0.184,0.176142635319024,0.519,-33268.5662103514,68692.3520677453,30,3.63999999999999,TRUE,"","r2 over",5,3,5,2,4,243,510243,710243
"RDMM",3.80504722269009,0.936960936580154,0.016,0.782377299684681,0.089,-30766.0076358769,63652.6961424014,131,5.38999999999999,TRUE,"","r2 over",5,3,5,2,4,243,510243,710243
"DGMM",NA,0.831575589160223,0.044,0.311258755352991,0.472,-33946.7265212397,70048.6726895219,19,2.38999999999999,TRUE,"","r2 over",5,3,5,2,4,244,510244,710244
"RDMM",3.78134687224978,0.948624622247563,0.013,0.7102051166321,0.122,-30824.0305406178,63768.7419518831,113,4.68000000000001,TRUE,"","r2 over",5,3,5,2,4,244,510244,710244
"DGMM",NA,0.190682616313686,0.281,0.0827926494938063,0.599,-33224.0866821898,68603.3930114219,24,2.96999999999997,TRUE,"","r2 over",5,3,5,2,4,245,510245,710245
"RDMM",4.06686432685438,0.910026075799767,0.023,0.741324532046518,0.106,-30750.0246700564,63620.7302107602,207,8.42000000000002,TRUE,"","r2 over",5,3,5,2,4,245,510245,710245
"DGMM",NA,0.746241157538698,0.068,0.259516019756935,0.472,-33545.4767027347,69246.1730525117,11,1.37,TRUE,"","r2 over",5,3,5,2,4,246,510246,710246
"RDMM",4.02871745978218,0.933089028748594,0.017,0.749673572234894,0.102,-30662.2574599246,63445.1957904968,111,4.56999999999999,TRUE,"","r2 over",5,3,5,2,4,246,510246,710246
"DGMM",NA,0.813418297304437,0.049,0.281501146918456,0.487,-33898.1367161747,69951.4930793917,16,1.96999999999997,TRUE,"","r2 over",5,3,5,2,4,247,510247,710247
"RDMM",3.92306141906195,0.925369347935587,0.019,0.546067414125244,0.227,-31095.5245596937,64311.729990035,100,4.11000000000001,TRUE,"","r2 over",5,3,5,2,4,247,510247,710247
"DGMM",NA,0.784780847546094,0.057,0.28792314028334,0.509,-33598.839755618,69352.8991582784,17,2.10000000000002,TRUE,"","r2 over",5,3,5,2,4,248,510248,710248
"RDMM",3.89621586188227,0.92152151620575,0.02,0.743188478730518,0.106,-30779.8679171019,63680.4167048513,100,4.11000000000001,TRUE,"","r2 over",5,3,5,2,4,248,510248,710248
"DGMM",NA,0.883483447018275,0.03,0.595595583389935,0.18,-33548.8292429961,69252.8781330346,15,2,TRUE,"","r2 over",5,3,5,2,4,249,510249,710249
"RDMM",4.28042023457254,0.940840806554625,0.015,0.762030077274013,0.097,-31089.6622173048,64300.005305257,100,4.12,TRUE,"","r2 over",5,3,5,2,4,249,510249,710249
"DGMM",NA,0.875971987569162,0.032,0.384699770339097,0.457,-32908.3915152666,67972.0026775756,24,2.91000000000003,TRUE,"","r2 over",5,3,5,2,4,250,510250,710250
"RDMM",3.97902346718747,0.940840832697513,0.015,0.727865020554613,0.113,-30327.650898457,62775.9826675615,149,5.94,TRUE,"","r2 over",5,3,5,2,4,250,510250,710250
"DGMM",NA,0.861045227816891,0.036,0.371263213043151,0.374,-33686.1728505959,69527.5653482343,21,1.31,TRUE,"","r2 over",5,3,5,2,4,251,510251,710251
"RDMM",3.75252932809064,0.921521496715419,0.02,0.711341890988778,0.12,-30804.3181257697,63729.3171221868,100,3.3,TRUE,"","r2 over",5,3,5,2,4,251,510251,710251
"DGMM",NA,0.278041308736446,0.236,0.110617440087872,0.603,-33971.3715279182,70097.9627028789,29,3.67,TRUE,"","r2 over",5,3,5,2,4,252,510252,710252
"RDMM",3.62468405046634,0.940840842838261,0.015,0.71735942421888,0.118,-31174.3609415099,64469.4027536673,253,10.68,TRUE,"","r2 over",5,3,5,2,4,252,510252,710252
"DGMM",NA,0.419394640029815,0.176,0.170500131624831,0.559,-33583.7446498315,69322.7089467053,26,3.15,TRUE,"","r2 over",5,3,5,2,4,253,510253,710253
"RDMM",3.80041418721507,0.90240231416323,0.025,0.709823212526778,0.121,-31207.3209386943,64535.3227480361,182,7.58,TRUE,"","r2 over",5,3,5,2,4,253,510253,710253
"DGMM",NA,0.906210140290786,0.024,0.324787299181127,0.461,-33095.4154596968,68346.0505664361,20,2.56,TRUE,"","r2 over",5,3,5,2,4,254,510254,710254
"RDMM",4.23447678573394,0.933089044195771,0.017,0.728571149516633,0.113,-30457.1690722111,63035.0190150698,130,5.31,TRUE,"","r2 over",5,3,5,2,4,254,510254,710254
"DGMM",NA,0.437631589190557,0.169,0.188776174977427,0.56,-32694.6660978286,67544.5518426997,29,3.45,TRUE,"","r2 over",5,3,5,2,4,255,510255,710255
"RDMM",4.29883475221119,0.925369344666797,0.019,0.786187056180752,0.087,-30594.5626736385,63309.8062179244,100,4.25,TRUE,"","r2 over",5,3,5,2,4,255,510255,710255
"DGMM",NA,-0.000300517135230324,0.491,0.000243184252198951,0.724,-32228.4546683254,66612.1289836933,32,3.9,TRUE,"","r2 over",5,3,5,2,4,256,510256,710256
"RDMM",3.88589994519472,0.925369299655092,0.019,0.764162763610607,0.096,-30938.8792512604,63998.4393731684,106,4.41,TRUE,"","r2 over",5,3,5,2,4,256,510256,710256
"DGMM",NA,0.324247713339339,0.215,0.153334694236608,0.542,-32957.0606354437,68069.3409179298,30,3.74,TRUE,"","r2 over",5,3,5,2,4,257,510257,710257
"RDMM",3.96744891426666,0.933089084397016,0.017,0.744008074808641,0.106,-30485.8376136079,63092.3560978634,155,6.63,TRUE,"","r2 over",5,3,5,2,4,257,510257,710257
"DGMM",NA,0.715429991615844,0.077,0.523365842790014,0.216,-33915.6993347003,69986.618316443,6,0.859999999999999,TRUE,"","r2 over",5,3,5,2,4,258,510258,710258
"RDMM",3.98818809307374,0.91002565706163,0.023,0.751377922279139,0.102,-30785.3727781745,63691.4264269966,100,4.22,TRUE,"","r2 over",5,3,5,2,4,258,510258,710258
"DGMM",NA,0.872228201569783,0.033,0.313403794587649,0.447,-34003.1043854334,70161.4284179092,11,1.44,TRUE,"","r2 over",5,3,5,2,4,259,510259,710259
"RDMM",3.72241514079691,0.906210148968318,0.024,0.762988398586243,0.096,-31032.8168704373,64186.3146115221,170,6.93000000000001,TRUE,"","r2 over",5,3,5,2,4,259,510259,710259
"DGMM",NA,0.838894822833493,0.042,0.305207382303619,0.493,-34298.5931287248,70752.4059044921,22,2.75,TRUE,"","r2 over",5,3,5,2,4,260,510260,710260
"RDMM",3.83843391138794,0.925369346217438,0.019,0.633126862906757,0.172,-31271.4480515655,64663.5769737784,157,6.41000000000001,TRUE,"","r2 over",5,3,5,2,4,260,510260,710260
"DGMM",NA,0.781237047058332,0.058,0.47900837145015,0.257,-34670.1521061258,71495.5238592939,6,0.810000000000002,TRUE,"","r2 over",5,3,5,2,4,261,510261,710261
"RDMM",3.51350944266433,0.95252848285774,0.012,0.769204441192075,0.095,-31080.4213147927,64281.5235002329,172,7.07000000000001,TRUE,"","r2 over",5,3,5,2,4,261,510261,710261
"DGMM",NA,0.898602696222904,0.026,0.386299629492316,0.454,-33462.2084789699,69079.6366049822,24,3.03,TRUE,"","r2 over",5,3,5,2,4,262,510262,710262
"RDMM",4.10056016973875,0.956440444626344,0.011,0.783385489095384,0.088,-30813.7263841113,63748.13363887,289,11.71,TRUE,"","r2 over",5,3,5,2,4,262,510262,710262
"DGMM",NA,0.40903643192704,0.18,0.16384676740655,0.567,-33617.9118023485,69391.0432517394,22,2.66,TRUE,"","r2 over",5,3,5,2,4,263,510263,710263
"RDMM",3.78930799366288,0.891027125917518,0.028,0.56905580759718,0.262,-30884.9641991529,63890.6092689532,123,5.05,TRUE,"","r2 over",5,3,5,2,4,263,510263,710263
"DGMM",NA,0.322048107351732,0.216,0.144454989586768,0.54,-33290.2958450304,68735.8113371032,33,4.04000000000001,TRUE,"","r2 over",5,3,5,2,4,264,510264,710264
"RDMM",3.72752350100301,0.956440403672337,0.011,0.764908623765426,0.096,-30591.2984547589,63303.2777801653,100,4.05999999999999,TRUE,"","r2 over",5,3,5,2,4,264,510264,710264
"DGMM",NA,0.467332770366792,0.158,0.183829535377026,0.544,-32604.1767095693,67363.5730661811,20,2.55,TRUE,"","r2 over",5,3,5,2,4,265,510265,710265
"RDMM",3.89896218415658,0.929225229759345,0.018,0.76918411769594,0.094,-30376.2595720366,62873.2000147207,102,4.32000000000002,TRUE,"","r2 over",5,3,5,2,4,265,510265,710265
"DGMM",NA,0.297503392647664,0.227,0.110008320173314,0.602,-33239.9838394295,68635.1873259015,28,3.44999999999999,TRUE,"","r2 over",5,3,5,2,4,266,510266,710266
"RDMM",4.00943675772287,0.906210189626845,0.024,0.730687727736798,0.112,-30545.6877521316,63212.0563749108,219,8.88,TRUE,"","r2 over",5,3,5,2,4,266,510266,710266
"DGMM",NA,0.879723584598519,0.031,0.325273932102215,0.44,-33835.1272198928,69825.4740868279,12,1.5,TRUE,"","r2 over",5,3,5,2,4,267,510267,710267
"RDMM",3.92294781472752,0.9215215160749,0.02,0.74157842191341,0.107,-30944.3863188029,64009.4535082533,110,4.51999999999998,TRUE,"","r2 over",5,3,5,2,4,267,510267,710267
"DGMM",NA,0.898602593297622,0.026,0.310845666640985,0.494,-34342.5836412345,70840.3869295114,15,1.88000000000002,TRUE,"","r2 over",5,3,5,2,4,268,510268,710268
"RDMM",3.79202182190216,0.94084083423399,0.015,0.755938191522505,0.101,-30975.9620839116,64072.6050384706,262,10.72,TRUE,"","r2 over",5,3,5,2,4,268,510268,710268
"DGMM",NA,0.91384823132251,0.022,0.317122799027018,0.444,-33023.346018642,68201.9116843264,18,2.22999999999999,TRUE,"","r2 over",5,3,5,2,4,269,510269,710269
"RDMM",4.28949986614892,0.936960252244318,0.016,0.785208655767315,0.087,-30182.7282097028,62486.1372900531,217,8.82999999999998,TRUE,"","r2 over",5,3,5,2,4,269,510269,710269
"DGMM",NA,0.708674263694919,0.079,0.285890946601773,0.413,-34373.1962311262,70901.6121092949,13,1.60999999999999,TRUE,"","r2 over",5,3,5,2,4,270,510270,710270
"RDMM",4.00545320845177,0.936958381079159,0.016,0.758020931921731,0.098,-30947.5820719262,64015.8450145,131,5.47,TRUE,"","r2 over",5,3,5,2,4,270,510270,710270
"DGMM",NA,0.227919293215376,0.261,0.121845569212066,0.59,-33463.2485140771,69081.7166751967,22,2.69,TRUE,"","r2 over",5,3,5,2,4,271,510271,710271
"RDMM",3.87726197625109,0.944728675554002,0.014,0.780214612084785,0.089,-30747.3181824566,63615.3172355607,100,4.08000000000001,TRUE,"","r2 over",5,3,5,2,4,271,510271,710271
"DGMM",NA,0.925369380790983,0.019,0.669097725236873,0.142,-33476.9973042588,69109.2142555601,20,2.59999999999999,TRUE,"","r2 over",5,3,5,2,4,272,510272,710272
"RDMM",4.14712278284998,0.933089074420727,0.017,0.758700469803782,0.099,-30756.0208167178,63632.7225040832,100,4.15000000000001,TRUE,"","r2 over",5,3,5,2,4,272,510272,710272
"DGMM",NA,0.413946679819534,0.178,0.141779997801541,0.539,-33692.9209611585,69541.0615693594,15,1.84999999999999,TRUE,"","r2 over",5,3,5,2,4,273,510273,710273
"RDMM",4.02968562214562,0.952528355397807,0.012,0.747326903867526,0.104,-30909.535455566,63939.7517817796,159,6.54000000000002,TRUE,"","r2 over",5,3,5,2,4,273,510273,710273
"DGMM",NA,0.849933955889867,0.039,0.290699159904291,0.492,-33462.2297297569,69079.6791065561,12,1.54999999999998,TRUE,"","r2 over",5,3,5,2,4,274,510274,710274
"RDMM",3.73701267051564,0.925369349491014,0.019,0.746731658346445,0.104,-30364.2438591145,62849.1685888766,100,4.11000000000001,TRUE,"","r2 over",5,3,5,2,4,274,510274,710274
"DGMM",NA,0.846246186780863,0.04,0.568039488930169,0.191,-34118.9075729735,70393.0347929894,6,0.810000000000002,TRUE,"","r2 over",5,3,5,2,4,275,510275,710275
"RDMM",3.82214167835659,0.921521302493515,0.02,0.741440009041272,0.107,-30696.2651422766,63513.2111552008,133,5.51999999999998,TRUE,"","r2 over",5,3,5,2,4,275,510275,710275
"DGMM",NA,0.906210122877074,0.024,0.344639068914205,0.48,-33277.014348669,68709.2483443804,15,1.92000000000002,TRUE,"","r2 over",5,3,5,2,4,276,510276,710276
"RDMM",4.16199579478232,0.933089025491814,0.017,0.775541375478875,0.091,-30601.2867203244,63323.2543112964,152,6.19999999999999,TRUE,"","r2 over",5,3,5,2,4,276,510276,710276
"DGMM",NA,0.87222840178439,0.033,0.320799902212515,0.409,-34030.118965413,70215.4575778684,12,1.52000000000001,TRUE,"","r2 over",5,3,5,2,4,277,510277,710277
"RDMM",3.86281793865948,0.913849840788036,0.022,0.70980072451415,0.121,-31053.0394030518,64226.7596767512,144,5.81999999999999,TRUE,"","r2 over",5,3,5,2,4,277,510277,710277
"DGMM",NA,-0.000615812839006172,0.498,0.000236112126712777,0.734,-31913.9395659551,65983.0987789527,45,5.48000000000002,TRUE,"","r2 over",5,3,5,2,4,278,510278,710278
"RDMM",3.7980444999163,0.929225159909332,0.018,0.786004814703348,0.087,-30629.3687998812,63379.4184704098,158,6.5,TRUE,"","r2 over",5,3,5,2,4,278,510278,710278
"DGMM",NA,-0.000129182777086579,0.487,-0.00109990205455788,0.721,-32088.1642975635,66331.5482421694,26,3.12,TRUE,"","r2 over",5,3,5,2,4,279,510279,710279
"RDMM",4.08078535831528,0.898602537896863,0.026,0.738355979497354,0.107,-30719.2566737147,63559.1942180769,300,12.36,TRUE,"","r2 over",5,3,5,2,4,279,510279,710279
"DGMM",NA,0.359444849894935,0.2,0.145593746913197,0.549,-33832.763378692,69820.7464044265,27,3.32999999999998,TRUE,"","r2 over",5,3,5,2,4,280,510280,710280
"RDMM",3.84129090308213,0.944728695034312,0.014,0.799184221795144,0.081,-30915.3306653403,63951.3422013281,193,7.86000000000001,TRUE,"","r2 over",5,3,5,2,4,280,510280,710280
"DGMM",NA,0.913849779928399,0.022,0.68386520560485,0.134,-33025.1212078279,68205.4620626982,15,1.85000000000002,TRUE,"","r2 over",5,3,5,2,4,281,510281,710281
"RDMM",3.97990273368413,0.936960906158693,0.016,0.760347296262938,0.098,-30234.0095554574,62588.6999815624,100,4.22000000000003,TRUE,"","r2 over",5,3,5,2,4,281,510281,710281
"DGMM",NA,0.802619986752656,0.052,0.290560011666131,0.453,-33007.2256284373,68169.670903917,19,2.38999999999999,TRUE,"","r2 over",5,3,5,2,4,282,510282,710282
"RDMM",3.94854046286023,0.944728705752729,0.014,0.754410960178903,0.101,-30089.0703734344,62298.8216175162,100,4.13,TRUE,"","r2 over",5,3,5,2,4,282,510282,710282
"DGMM",NA,0.849933924911934,0.039,0.377442848383694,0.452,-33396.2317484389,68947.6831439202,19,2.35999999999996,TRUE,"","r2 over",5,3,5,2,4,283,510283,710283
"RDMM",4.10983875978496,0.887251205428741,0.029,0.721238010540801,0.115,-30707.1867212144,63535.0543130762,184,7.58999999999997,TRUE,"","r2 over",5,3,5,2,4,283,510283,710283
"DGMM",NA,0.913849622110604,0.022,0.45353801386299,0.5,-33451.6367498353,69058.493146713,39,4.65000000000003,TRUE,"","r2 over",5,3,5,2,4,284,510284,710284
"RDMM",4.01287061150423,0.933088991520868,0.017,0.757859446593436,0.099,-30936.4504655997,63993.5818018469,129,5.26999999999998,TRUE,"","r2 over",5,3,5,2,4,284,510284,710284
"DGMM",NA,0.791894106683542,0.055,0.588805636672819,0.183,-33075.937572505,68307.0947920525,23,2.85000000000002,TRUE,"","r2 over",5,3,5,2,4,285,510285,710285
"RDMM",3.95642085079134,0.956440399750402,0.011,0.712189391917102,0.121,-30695.4988974168,63511.6786654811,100,4.13999999999999,TRUE,"","r2 over",5,3,5,2,4,285,510285,710285
"DGMM",NA,0.872228200684855,0.033,0.556278157234525,0.202,-32979.1691436096,68113.5579342617,15,1.96000000000004,TRUE,"","r2 over",5,3,5,2,4,286,510286,710286
"RDMM",4.44964801674265,0.944728675554002,0.014,0.780849112337063,0.089,-30654.5241245872,63429.729119822,186,7.69,TRUE,"","r2 over",5,3,5,2,4,286,510286,710286
"DGMM",NA,0.913849874163843,0.022,0.390455287712544,0.486,-33674.9038840785,69505.0274151994,27,3.25,TRUE,"","r2 over",5,3,5,2,4,287,510287,710287
"RDMM",4.12011320085905,0.956440441911163,0.011,0.767645633654577,0.095,-30739.610276921,63599.9014244896,208,7.22000000000003,TRUE,"","r2 over",5,3,5,2,4,287,510287,710287
"DGMM",NA,0.352197299997877,0.203,0.157897924466071,0.53,-33062.4776881171,68280.1750232765,42,3.39999999999998,TRUE,"","r2 over",5,3,5,2,4,288,510288,710288
"RDMM",4.17208291381683,0.921521517463921,0.02,0.766095785509501,0.096,-30299.6503124898,62719.9814956271,139,4.25,TRUE,"","r2 over",5,3,5,2,4,288,510288,710288
"DGMM",NA,0.910025998114279,0.023,0.59202423479281,0.184,-33275.7037391201,68706.6271252826,13,1.03000000000003,TRUE,"","r2 over",5,3,5,2,4,289,510289,710289
"RDMM",3.94928546290271,0.94084083423399,0.015,0.770344617042714,0.094,-30530.9298096152,63182.5404898778,100,2.61000000000001,TRUE,"","r2 over",5,3,5,2,4,289,510289,710289
"DGMM",NA,0.435100411706795,0.17,0.186009054889631,0.511,-32751.7134889515,67658.6466249455,27,1.88999999999999,TRUE,"","r2 over",5,3,5,2,4,290,510290,710290
"RDMM",4.17971969344123,0.913849766967539,0.022,0.73852067879149,0.108,-30599.8389384693,63320.3587475861,100,2.33999999999997,TRUE,"","r2 over",5,3,5,2,4,290,510290,710290
"DGMM",NA,0.470028571451354,0.157,0.194239555136721,0.538,-33076.7826854449,68308.7850179323,16,1.08000000000004,TRUE,"","r2 over",5,3,5,2,4,291,510291,710291
"RDMM",3.92511578115183,0.921521396101829,0.02,0.767312205061739,0.094,-30431.4695677359,62983.6200061194,100,2.32999999999998,TRUE,"","r2 over",5,3,5,2,4,291,510291,710291
"DGMM",NA,0.448252962451457,0.165,0.200823659142772,0.496,-32466.8286853261,67088.8770176947,28,1.87,TRUE,"","r2 over",5,3,5,2,4,292,510292,710292
"RDMM",3.94047208116064,0.952528403036965,0.012,0.762235297125924,0.098,-30065.875982105,62252.4328348574,125,2.90999999999997,TRUE,"","r2 over",5,3,5,2,4,292,510292,710292
"DGMM",NA,0.842566567793221,0.041,0.326529337093879,0.463,-33368.701572957,68892.6227929565,15,1.09,TRUE,"","r2 over",5,3,5,2,4,293,510293,710293
"RDMM",3.9173810350075,0.910026026242396,0.023,0.774056552338141,0.091,-30605.7416055201,63332.1640816877,140,4.46,TRUE,"","r2 over",5,3,5,2,4,293,510293,710293
"DGMM",NA,0.506439445695108,0.144,0.201934354767024,0.544,-33420.4691639401,68996.1579749225,11,1.39,TRUE,"","r2 over",5,3,5,2,4,294,510294,710294
"RDMM",4.34202938311376,0.913849849236613,0.022,0.742968676038509,0.105,-30314.1870054471,62749.0548815418,102,4.63,TRUE,"","r2 over",5,3,5,2,4,294,510294,710294
"DGMM",NA,0.000767513734330994,0.478,-0.000210645551231701,0.736,-32266.5610979568,66688.341842956,27,3.25,TRUE,"","r2 over",5,3,5,2,4,295,510295,710295
"RDMM",4.08289208100669,0.898602628449762,0.026,0.760300464774218,0.097,-31017.3646111396,64155.4100929268,129,5.26,TRUE,"","r2 over",5,3,5,2,4,295,510295,710295
"DGMM",NA,0.391341502296082,0.187,0.155629026635631,0.565,-33842.400337414,69840.0203218705,19,2.34,TRUE,"","r2 over",5,3,5,2,4,296,510296,710296
"RDMM",3.70489343884874,0.933089028594122,0.017,0.763270387161251,0.096,-31046.3605610294,64213.4019927063,244,10.02,TRUE,"","r2 over",5,3,5,2,4,296,510296,710296
"DGMM",NA,0.371557990847501,0.195,0.156183866285024,0.534,-32754.8080020832,67664.8356512088,32,3.9,TRUE,"","r2 over",5,3,5,2,4,297,510297,710297
"RDMM",3.82683839850056,0.921521485003099,0.02,0.755198132619778,0.1,-30259.8931929974,62640.4672566422,119,4.79,TRUE,"","r2 over",5,3,5,2,4,297,510297,710297
"DGMM",NA,0.774174185611177,0.06,0.370914847818933,0.327,-33202.3830720967,68559.9857912359,6,0.810000000000002,TRUE,"","r2 over",5,3,5,2,4,298,510298,710298
"RDMM",4.36120391353119,0.93696095942377,0.016,0.769617908952769,0.094,-30428.8287555998,62978.3383818472,206,8.52,TRUE,"","r2 over",5,3,5,2,4,298,510298,710298
"DGMM",NA,0.299637796694938,0.226,0.116419464668515,0.575,-33462.7856636393,69080.7909743209,31,3.76,TRUE,"","r2 over",5,3,5,2,4,299,510299,710299
"RDMM",3.96980135200557,0.898602615770025,0.026,0.736807439632236,0.108,-31158.0951359174,64436.8711424823,146,6.27,TRUE,"","r2 over",5,3,5,2,4,299,510299,710299
"DGMM",NA,0.263557340578049,0.243,0.112989786584611,0.547,-33661.6544210425,69478.5284891274,29,3.73,TRUE,"","r2 over",5,3,5,2,4,300,510300,710300
"RDMM",3.7619963251254,0.925369340660973,0.019,0.779678737908731,0.089,-31343.4836292598,64807.6481291671,100,4.11999999999999,TRUE,"","r2 over",5,3,5,2,4,300,510300,710300
"DGMM",NA,0.846245938230642,0.04,0.282955830832448,0.495,-34216.9458840887,70589.1114152197,15,2.08,TRUE,"","r2 over",5,3,5,2,4,301,510301,710301
"RDMM",3.83279030742515,0.921521425543107,0.02,0.742510694002331,0.106,-31031.7939373178,64184.2687452831,135,5.44,TRUE,"","r2 over",5,3,5,2,4,301,510301,710301
"DGMM",NA,0.887251229288988,0.029,0.340140663985343,0.426,-33390.3812252401,68935.9820975226,21,2.66,TRUE,"","r2 over",5,3,5,2,4,302,510302,710302
"RDMM",3.70237390566166,0.92536931929657,0.019,0.748593684212363,0.103,-30551.8416787017,63224.3642280509,103,4.28,TRUE,"","r2 over",5,3,5,2,4,302,510302,710302
"DGMM",NA,0.910025812779843,0.023,0.359384635153423,0.48,-33909.5208085937,69974.2612642299,22,2.7,TRUE,"","r2 over",5,3,5,2,4,303,510303,710303
"RDMM",3.9926267675721,0.948624587812274,0.013,0.746448802012268,0.105,-30947.7966956047,64016.2742618568,100,4.16,TRUE,"","r2 over",5,3,5,2,4,303,510303,710303
"DGMM",NA,0.617421140731937,0.107,0.222708745568292,0.514,-33497.0996048699,69149.4188567823,17,2.2,TRUE,"","r2 over",5,3,5,2,4,304,510304,710304
"RDMM",3.94280600818414,0.898602545543732,0.026,0.703785896412428,0.124,-30841.9753870836,63804.6316448148,139,5.66,TRUE,"","r2 over",5,3,5,2,4,304,510304,710304
"DGMM",NA,0.857333338150258,0.037,0.288804573766483,0.509,-33119.9451234323,68395.1098939069,23,2.83,TRUE,"","r2 over",5,3,5,2,4,305,510305,710305
"RDMM",4.24516865024539,0.894810790321069,0.027,0.740115059726016,0.106,-30728.4541389962,63577.58914864,102,4.19999999999999,TRUE,"","r2 over",5,3,5,2,4,305,510305,710305
"DGMM",NA,0.879723802539986,0.031,0.350865478139139,0.481,-33388.7124747312,68932.6445965049,13,1.61,TRUE,"","r2 over",5,3,5,2,4,306,510306,710306
"RDMM",3.98234758245723,0.902402359207568,0.025,0.724860488029527,0.114,-30596.6752443912,63314.0313594299,100,4.09999999999999,TRUE,"","r2 over",5,3,5,2,4,306,510306,710306
"DGMM",NA,0.347488474757613,0.205,0.149237854845856,0.568,-32411.3170669499,66977.8537809422,25,3.07000000000001,TRUE,"","r2 over",5,3,5,2,4,307,510307,710307
"RDMM",4.03668090867167,0.929225243266388,0.018,0.72502438770195,0.114,-30184.1635150193,62489.0079006862,146,5.97,TRUE,"","r2 over",5,3,5,2,4,307,510307,710307
"DGMM",NA,0.913849779928399,0.022,0.410744101326733,0.369,-32798.9745793041,67753.1688056506,14,1.81999999999999,TRUE,"","r2 over",5,3,5,2,4,308,510308,710308
"RDMM",4.10749294926158,0.929225163697984,0.018,0.774202226785334,0.092,-30291.6736837569,62704.0282381614,100,4.05000000000001,TRUE,"","r2 over",5,3,5,2,4,308,510308,710308
"DGMM",NA,0.269615372140445,0.24,0.113813837640101,0.56,-33616.427118807,69388.0738846565,26,3.18999999999998,TRUE,"","r2 over",5,3,5,2,4,309,510309,710309
"RDMM",3.83134629429328,0.921521525012945,0.02,0.786423652177027,0.086,-30901.3138852958,63923.3086412392,179,7.53,TRUE,"","r2 over",5,3,5,2,4,309,510309,710309
"DGMM",NA,0.944728680679281,0.014,0.358617226604868,0.472,-32844.2822364688,67843.78411998,14,1.77000000000001,TRUE,"","r2 over",5,3,5,2,4,310,510310,710310
"RDMM",4.31204884231964,0.948624575793517,0.013,0.551269532841509,0.256,-30458.6890066334,63038.0588839143,100,4.11000000000001,TRUE,"","r2 over",5,3,5,2,4,310,510310,710310
"DGMM",NA,0.398901728998115,0.184,0.1592477653793,0.549,-33194.8071064392,68544.8338599209,32,3.89000000000001,TRUE,"","r2 over",5,3,5,2,4,311,510311,710311
"RDMM",3.83466800970964,0.929225157135072,0.018,0.757493641539917,0.1,-31092.7707847343,64306.2224401162,100,4.13999999999999,TRUE,"","r2 over",5,3,5,2,4,311,510311,710311
"DGMM",NA,0.000277393192577624,0.483,-2.59550561985538e-05,0.71,-32418.3837755413,66991.9871981251,24,2.98999999999998,TRUE,"","r2 over",5,3,5,2,4,312,510312,710312
"RDMM",3.63982518876855,0.891026991790564,0.028,0.774398112297585,0.092,-31152.6125058918,64425.9058824312,138,5.62,TRUE,"","r2 over",5,3,5,2,4,312,510312,710312
"DGMM",NA,0.898602528221231,0.026,0.321689167888892,0.472,-33250.4069157401,68656.0334785225,25,3.09,TRUE,"","r2 over",5,3,5,2,4,313,510313,710313
"RDMM",4.18358099772426,0.921521463952619,0.02,0.762174682991207,0.097,-30662.1358819535,63444.9526345545,100,4.12,TRUE,"","r2 over",5,3,5,2,4,313,510313,710313
"DGMM",NA,0.944728703009325,0.014,0.71830431797974,0.118,-33233.7451986387,68622.7100443198,17,2.10999999999999,TRUE,"","r2 over",5,3,5,2,4,314,510314,710314
"RDMM",3.96537984899203,0.929225213369113,0.018,0.776927832570139,0.09,-30536.2864237067,63193.253718061,100,4.09,TRUE,"","r2 over",5,3,5,2,4,314,510314,710314
"DGMM",NA,0.00139881736423684,0.476,0.00149716222394574,0.721,-32231.5661984136,66618.3520438695,23,2.81999999999999,TRUE,"","r2 over",5,3,5,2,4,315,510315,710315
"RDMM",3.7388968411027,0.898602576136073,0.026,0.712962036990981,0.119,-30824.7142366815,63770.1093440106,134,5.58000000000001,TRUE,"","r2 over",5,3,5,2,4,315,510315,710315
"DGMM",NA,0.93696092599667,0.016,0.428762539986719,0.346,-33349.3902357825,68854.0001186074,18,2.28,TRUE,"","r2 over",5,3,5,2,4,316,510316,710316
"RDMM",4.04556450377873,0.940840798325927,0.015,0.771634300995084,0.093,-30513.7935618736,63148.2679943946,100,4.02000000000001,TRUE,"","r2 over",5,3,5,2,4,316,510316,710316
"DGMM",NA,0.875972096795119,0.032,0.372217809987946,0.468,-33209.456518692,68574.1326844263,18,2.25,TRUE,"","r2 over",5,3,5,2,4,317,510317,710317
"RDMM",4.12731268105106,0.936960931626979,0.016,0.764543712441384,0.096,-30487.4744567174,63095.6297840823,100,4.22,TRUE,"","r2 over",5,3,5,2,4,317,510317,710317
"DGMM",NA,0.345194779269859,0.206,0.135514178602145,0.58,-32961.5143706648,68078.248388372,23,2.87,TRUE,"","r2 over",5,3,5,2,4,318,510318,710318
"RDMM",4.15428312896347,0.940840787354327,0.015,0.706502404603732,0.124,-30764.572267379,63649.8254054055,232,9.47999999999999,TRUE,"","r2 over",5,3,5,2,4,318,510318,710318
"DGMM",NA,-0.000473155378353453,0.491,-0.00032128377874711,0.733,-31874.6028506432,65904.4253483288,38,4.66,TRUE,"","r2 over",5,3,5,2,4,319,510319,710319
"RDMM",4.00957410522662,0.883483382191183,0.03,0.753425249504773,0.1,-30673.991124155,63468.6631189576,207,8.47,TRUE,"","r2 over",5,3,5,2,4,319,510319,710319
"DGMM",NA,0.933089025491814,0.017,0.393975044454131,0.397,-33410.334379174,68975.8884053904,14,1.78999999999999,TRUE,"","r2 over",5,3,5,2,4,320,510320,710320
"RDMM",4.10270380723151,0.940840787354327,0.015,0.765089465127929,0.096,-30415.1653645843,62951.0115998161,172,7.03,TRUE,"","r2 over",5,3,5,2,4,320,510320,710320
"DGMM",NA,0.917681565875103,0.021,0.352336932494833,0.425,-32847.4713528196,67850.1623526815,13,1.61000000000001,TRUE,"","r2 over",5,3,5,2,4,321,510321,710321
"RDMM",4.10639742323639,0.944728739925634,0.014,0.576966434639505,0.198,-30108.8649761279,62338.4108229032,220,8.91,TRUE,"","r2 over",5,3,5,2,4,321,510321,710321
"DGMM",NA,0.470073350933862,0.157,0.200298007602915,0.516,-33616.5646858015,69388.3490186454,18,2.33000000000001,TRUE,"","r2 over",5,3,5,2,4,322,510322,710322
"RDMM",3.9326066895442,0.925369361034676,0.019,0.728622641719529,0.112,-30879.7730905869,63880.2270518212,223,8.98999999999998,TRUE,"","r2 over",5,3,5,2,4,322,510322,710322
"DGMM",NA,0.583268639000843,0.118,0.263452206085288,0.476,-33041.6358089173,68238.491264877,21,2.75,TRUE,"","r2 over",5,3,5,2,4,323,510323,710323
"RDMM",4.01861875373838,0.917681669637813,0.021,0.77362248857707,0.092,-30435.1808138282,62991.042498304,100,4.16999999999999,TRUE,"","r2 over",5,3,5,2,4,323,510323,710323
"DGMM",NA,0.868492703070515,0.034,0.318454637462308,0.457,-33771.4548037497,69698.1292545419,21,2.58000000000004,TRUE,"","r2 over",5,3,5,2,4,324,510324,710324
"RDMM",3.96863143637439,0.921521494092132,0.02,0.762571769539769,0.097,-31059.425148388,64239.5311674236,100,4.08999999999997,TRUE,"","r2 over",5,3,5,2,4,324,510324,710324
"DGMM",NA,0.917681618136574,0.021,0.306129250710702,0.494,-33529.595794828,69214.4112366984,16,2.10000000000002,TRUE,"","r2 over",5,3,5,2,4,325,510325,710325
"RDMM",4.06627040691993,0.936960904339529,0.016,0.773248704430449,0.092,-30719.7170905487,63560.1150517449,100,4.03999999999996,TRUE,"","r2 over",5,3,5,2,4,325,510325,710325
"DGMM",NA,0.813418364356782,0.049,0.296592495441185,0.437,-33530.5887982774,69216.3972435973,18,2.27000000000004,TRUE,"","r2 over",5,3,5,2,4,326,510326,710326
"RDMM",3.80211670970799,0.910026015977799,0.023,0.759582875155844,0.098,-30573.9095907309,63268.5000521094,150,6.27999999999997,TRUE,"","r2 over",5,3,5,2,4,326,510326,710326
"DGMM",NA,0.495148827207406,0.148,0.203136123599937,0.559,-33302.9473070546,68761.1142611517,28,3.44,TRUE,"","r2 over",5,3,5,2,4,327,510327,710327
"RDMM",4.00901790788388,0.944728684355765,0.014,0.765379144770739,0.096,-30873.5566407237,63867.7941520949,103,4.28000000000003,TRUE,"","r2 over",5,3,5,2,4,327,510327,710327
"DGMM",NA,0.883483486240649,0.03,0.368509709122985,0.47,-33116.067565493,68387.3547780283,15,1.85000000000002,TRUE,"","r2 over",5,3,5,2,4,328,510328,710328
"RDMM",4.36787866777964,0.913849766267288,0.022,0.51809033407674,0.265,-30788.8078211721,63698.2965129918,118,4.77999999999997,TRUE,"","r2 over",5,3,5,2,4,328,510328,710328
"DGMM",NA,0.90240241741403,0.025,0.383197756849087,0.47,-33762.601417027,69680.4224810964,29,3.50999999999999,TRUE,"","r2 over",5,3,5,2,4,329,510329,710329
"RDMM",4.08706494340699,0.929225159909332,0.018,0.525220348056974,0.303,-30627.4455423632,63375.5719553739,128,5.27999999999997,TRUE,"","r2 over",5,3,5,2,4,329,510329,710329
"DGMM",NA,0.271833664350715,0.239,0.124865972288499,0.579,-33404.6612623213,68964.542171685,26,3.21999999999997,TRUE,"","r2 over",5,3,5,2,4,330,510330,710330
"RDMM",3.91748902369428,0.910025998114279,0.023,0.713595676076477,0.119,-30580.016221554,63280.7133137556,182,7.56,TRUE,"","r2 over",5,3,5,2,4,330,510330,710330
"DGMM",NA,0.853630203994693,0.038,0.634798923391537,0.157,-33880.3014721236,69915.8225912896,16,2.03000000000003,TRUE,"","r2 over",5,3,5,2,4,331,510331,710331
"RDMM",4.0789911896902,0.925369322053268,0.019,0.776164173669718,0.091,-31017.8226878289,64156.3262463053,100,4.13,TRUE,"","r2 over",5,3,5,2,4,331,510331,710331
"DGMM",NA,0.853630119862053,0.038,0.392595456534595,0.42,-33134.436499039,68424.0926451204,23,2.76999999999998,TRUE,"","r2 over",5,3,5,2,4,332,510332,710332
"RDMM",4.23548729506886,0.933088273669013,0.017,0.761826471674961,0.097,-30787.5041907879,63695.6892522233,144,5.55000000000001,TRUE,"","r2 over",5,3,5,2,4,332,510332,710332
"DGMM",NA,0.824288290823605,0.046,0.339327585908726,0.504,-33862.6815709724,69880.5827889871,14,1.44999999999999,TRUE,"","r2 over",5,3,5,2,4,333,510333,710333
"RDMM",3.78140574027165,0.93696096128841,0.016,0.726506644056946,0.114,-30987.6996849859,64096.0802406193,256,7.46000000000004,TRUE,"","r2 over",5,3,5,2,4,333,510333,710333
"DGMM",NA,0.626896550190126,0.104,0.470832894561011,0.251,-33591.5128775811,69338.2454022047,6,0.64,TRUE,"","r2 over",5,3,5,2,4,334,510334,710334
"RDMM",4.31396926726255,0.952528488462993,0.012,0.772903312307296,0.093,-30497.5718041585,63115.8244789646,143,3.58,TRUE,"","r2 over",5,3,5,2,4,334,510334,710334
"DGMM",NA,0.883482821070675,0.03,0.517642871299175,0.225,-34164.9450035565,70485.1096541555,13,1.65,TRUE,"","r2 over",5,3,5,2,4,335,510335,710335
"RDMM",3.78243015398358,0.952528533836956,0.012,0.773259434782862,0.092,-31063.8872403354,64248.4553513184,100,4.55,TRUE,"","r2 over",5,3,5,2,4,335,510335,710335
"DGMM",NA,0.940840788344503,0.015,0.660644835872872,0.148,-33234.1897059749,68623.5990589923,16,2,TRUE,"","r2 over",5,3,5,2,4,336,510336,710336
"RDMM",4.21136974881425,0.944728675104742,0.014,0.770099853352567,0.094,-30864.275480077,63849.2318308015,100,4.15,TRUE,"","r2 over",5,3,5,2,4,336,510336,710336
"DGMM",NA,0.194173341504125,0.279,0.0754383425015162,0.569,-33582.1924323184,69319.6045116792,33,3.97,TRUE,"","r2 over",5,3,5,2,4,337,510337,710337
"RDMM",4.14281585337945,0.913849776414713,0.022,0.754086233049667,0.1,-30774.7646371594,63670.2101449664,131,5.39,TRUE,"","r2 over",5,3,5,2,4,337,510337,710337
"DGMM",NA,0.791892245796498,0.055,0.543881429547127,0.203,-32818.1151865495,67791.4500201413,6,0.800000000000001,TRUE,"","r2 over",5,3,5,2,4,338,510338,710338
"RDMM",4.54859050269409,0.917681727220303,0.021,0.700680555377314,0.125,-30370.575244311,62861.8313592695,100,4.27,TRUE,"","r2 over",5,3,5,2,4,338,510338,710338
"DGMM",NA,0.883483441109792,0.03,0.521712279989872,0.228,-32817.6165766952,67790.4528004329,13,1.59,TRUE,"","r2 over",5,3,5,2,4,339,510339,710339
"RDMM",4.12695017122437,0.925369343877118,0.019,0.75829943040064,0.1,-30317.8357902358,62756.3524511191,115,4.72000000000001,TRUE,"","r2 over",5,3,5,2,4,339,510339,710339
"DGMM",NA,0.872227884396114,0.033,0.294996894698316,0.488,-33826.3551834218,69807.9300138859,18,2.19,TRUE,"","r2 over",5,3,5,2,4,340,510340,710340
"RDMM",3.67296883524735,0.91002594488718,0.023,0.744798269490328,0.104,-30863.4855929593,63847.6520565661,136,5.64,TRUE,"","r2 over",5,3,5,2,4,340,510340,710340
"DGMM",NA,0.806210116426874,0.051,0.519448012290299,0.227,-33840.7336323072,69836.6869116567,6,0.780000000000001,TRUE,"","r2 over",5,3,5,2,4,341,510341,710341
"RDMM",3.7875511830261,0.913849851789003,0.022,0.739208552632221,0.109,-30437.9384185785,62996.5577078045,125,5.13,TRUE,"","r2 over",5,3,5,2,4,341,510341,710341
"DGMM",NA,0.906199599872976,0.024,0.663784310704406,0.144,-32763.7757312325,67682.7711095074,24,2.98,TRUE,"","r2 over",5,3,5,2,4,342,510342,710342
"RDMM",4.0711694274893,0.925366153865314,0.019,0.742269799022478,0.105,-30249.8871966852,62620.4552640178,100,4.33,TRUE,"","r2 over",5,3,5,2,4,342,510342,710342
"DGMM",NA,0.921521486418542,0.02,0.390091684463215,0.455,-33489.1638588739,69133.5473647903,19,2.42,TRUE,"","r2 over",5,3,5,2,4,343,510343,710343
"RDMM",3.9688648110203,0.929225193568069,0.018,0.744848557488577,0.105,-30467.3476667002,63055.3762040479,101,4.3,TRUE,"","r2 over",5,3,5,2,4,343,510343,710343
"DGMM",NA,0.835229620891975,0.043,0.341337844610132,0.503,-34115.1354872933,70385.4906216291,13,1.61,TRUE,"","r2 over",5,3,5,2,4,344,510344,710344
"RDMM",3.78158448614535,0.891026352734588,0.028,0.72431796953281,0.113,-31116.5714678936,64353.8238064347,106,4.62,TRUE,"","r2 over",5,3,5,2,4,344,510344,710344
"DGMM",NA,0.921521468576403,0.02,0.373712334124796,0.447,-32627.3626476712,67409.9449423849,16,2.06,TRUE,"","r2 over",5,3,5,2,4,345,510345,710345
"RDMM",4.56244259278399,0.929225232703799,0.018,0.546269439099229,0.298,-30483.1272138137,63086.935298275,100,4.08000000000001,TRUE,"","r2 over",5,3,5,2,4,345,510345,710345
"DGMM",NA,0.853629716219739,0.038,0.297783873387817,0.457,-33972.9188779971,70101.0574030365,14,1.83,TRUE,"","r2 over",5,3,5,2,4,346,510346,710346
"RDMM",3.97385706226561,0.936960907756526,0.016,0.772347728416378,0.093,-30705.4373140824,63531.5554988124,182,7.33999999999999,TRUE,"","r2 over",5,3,5,2,4,346,510346,710346
"DGMM",NA,0.861045085598676,0.036,0.381438263678397,0.408,-33313.2494515112,68781.7185500648,28,3.47999999999999,TRUE,"","r2 over",5,3,5,2,4,347,510347,710347
"RDMM",4.00289059897938,0.902402315796769,0.025,0.758667033646606,0.098,-30662.549869058,63445.7806087636,100,4.18000000000001,TRUE,"","r2 over",5,3,5,2,4,347,510347,710347
"DGMM",NA,0.879723755829495,0.031,0.359958042540225,0.397,-33200.1208462939,68555.4613396302,12,1.48999999999999,TRUE,"","r2 over",5,3,5,2,4,348,510348,710348
"RDMM",4.00418805737746,0.906210226900638,0.024,0.727054040144161,0.113,-30598.668442959,63318.0177565655,186,7.61,TRUE,"","r2 over",5,3,5,2,4,348,510348,710348
"DGMM",NA,0.902402395126596,0.025,0.373154868519671,0.469,-33500.8478692323,69156.9153855071,20,2.53999999999999,TRUE,"","r2 over",5,3,5,2,4,349,510349,710349
"RDMM",3.95367250345684,0.917681622523367,0.021,0.565870215952844,0.22,-30856.6214237871,63833.9237182218,110,4.46000000000001,TRUE,"","r2 over",5,3,5,2,4,349,510349,710349
"DGMM",NA,0.000600122349556307,0.481,0.00158657754509992,0.722,-32114.2752771788,66383.7702013999,25,3.05999999999999,TRUE,"","r2 over",5,3,5,2,4,350,510350,710350
"RDMM",3.72918222223838,0.913849818773663,0.022,0.73106475127327,0.112,-30784.9918759273,63690.6646225021,100,4.15000000000001,TRUE,"","r2 over",5,3,5,2,4,350,510350,710350
"DGMM",NA,0.940840754576077,0.015,0.415908238769489,0.379,-33109.5464350588,68374.3125171601,19,2.34,TRUE,"","r2 over",5,3,5,2,4,351,510351,710351
"RDMM",4.25033698963426,0.952528487972106,0.012,0.797561866196941,0.082,-30621.7203050838,63364.1214808151,100,4.14,TRUE,"","r2 over",5,3,5,2,4,351,510351,710351
"DGMM",NA,0.902401808326912,0.025,0.353807227912709,0.445,-33193.1517875705,68541.5232221835,16,1.95999999999999,TRUE,"","r2 over",5,3,5,2,4,352,510352,710352
"RDMM",3.93965256661064,0.948624094050217,0.013,0.796917352588408,0.083,-30666.2278591003,63453.1365888481,112,4.82000000000001,TRUE,"","r2 over",5,3,5,2,4,352,510352,710352
"DGMM",NA,0.883482203051782,0.03,0.314118002176398,0.462,-34159.7665983262,70474.7528436949,17,2.09999999999999,TRUE,"","r2 over",5,3,5,2,4,353,510353,710353
"RDMM",3.69386196691089,0.902401723363171,0.025,0.750372449917751,0.103,-30960.2086295862,64041.0981298199,138,5.61000000000001,TRUE,"","r2 over",5,3,5,2,4,353,510353,710353
"DGMM",NA,0.802619150734704,0.052,0.300280294966574,0.48,-33436.2318244158,69027.683295874,12,1.5,TRUE,"","r2 over",5,3,5,2,4,354,510354,710354
"RDMM",4.36310998540336,0.940840832185354,0.015,0.724992065420124,0.114,-30767.8514134201,63656.3836974877,129,5.28999999999999,TRUE,"","r2 over",5,3,5,2,4,354,510354,710354
"DGMM",NA,0.910026093870971,0.023,0.637654885166118,0.158,-33357.9573201594,68871.1342873613,25,3.05000000000001,TRUE,"","r2 over",5,3,5,2,4,355,510355,710355
"RDMM",4.08462190521904,0.933089036047386,0.017,0.764928299588719,0.096,-30804.0282249656,63728.7373205786,100,4.16999999999999,TRUE,"","r2 over",5,3,5,2,4,355,510355,710355
"DGMM",NA,0.910025973880811,0.023,0.37392590370504,0.488,-33504.8302344841,69164.8801160106,15,1.87,TRUE,"","r2 over",5,3,5,2,4,356,510356,710356
"RDMM",4.19867480891909,0.921521448445639,0.02,0.732057337940439,0.111,-30836.6296830998,63793.940236847,252,10.26,TRUE,"","r2 over",5,3,5,2,4,356,510356,710356
"DGMM",NA,0.286465203795341,0.232,0.127508838590345,0.545,-32619.8737373434,67394.9671217292,28,3.40000000000001,TRUE,"","r2 over",5,3,5,2,4,357,510357,710357
"RDMM",4.20807501300728,0.929225112117139,0.018,0.699273243278528,0.126,-30550.4877126491,63221.6562959456,100,4.18000000000001,TRUE,"","r2 over",5,3,5,2,4,357,510357,710357
"DGMM",NA,0.756656663874047,0.065,0.444834439087897,0.264,-34474.03654256,71103.2927321625,6,0.759999999999991,TRUE,"","r2 over",5,3,5,2,4,358,510358,710358
"RDMM",3.88799531904453,0.944728723876381,0.014,0.770961690780588,0.093,-31062.6931067043,64246.0670840561,100,4.19999999999999,TRUE,"","r2 over",5,3,5,2,4,358,510358,710358
"DGMM",NA,0.735901145344393,0.071,0.306660894156659,0.493,-34142.1625405742,70439.5447281909,14,1.72,TRUE,"","r2 over",5,3,5,2,4,359,510359,710359
"RDMM",4.1039437750748,0.948624628029604,0.013,0.752477938495453,0.102,-30961.0341219418,64042.7491145312,225,9.19,TRUE,"","r2 over",5,3,5,2,4,359,510359,710359
"DGMM",NA,0.326623506708145,0.214,0.135952488087527,0.587,-33106.9838821386,68369.1874113196,34,4.25,TRUE,"","r2 over",5,3,5,2,4,360,510360,710360
"RDMM",3.90047874322777,0.952528484325076,0.012,0.737867969272038,0.109,-30831.3775124812,63783.4358956098,300,12.12,TRUE,"","r2 over",5,3,5,2,4,360,510360,710360
"DGMM",NA,0.383799432407499,0.19,0.1579046852443,0.575,-33040.5443147373,68236.308276517,32,3.97,TRUE,"","r2 over",5,3,5,2,4,361,510361,710361
"RDMM",3.95976180001517,0.917681684461036,0.021,0.551168175433787,0.264,-30844.0929055259,63808.8666816993,115,4.66,TRUE,"","r2 over",5,3,5,2,4,361,510361,710361
"DGMM",NA,0.725629905758935,0.074,0.546273930737625,0.205,-33719.7226007362,69594.6648485147,6,0.920000000000016,TRUE,"","r2 over",5,3,5,2,4,362,510362,710362
"RDMM",3.99877885860201,0.925369191109898,0.019,0.748868459817916,0.103,-30273.3903065168,62667.4614836811,100,4.06,TRUE,"","r2 over",5,3,5,2,4,362,510362,710362
"DGMM",NA,0.906210150359189,0.024,0.380022136591966,0.423,-32874.4530164386,67904.1256799196,18,2.26000000000002,TRUE,"","r2 over",5,3,5,2,4,363,510363,710363
"RDMM",4.27182064678066,0.936960928519243,0.016,0.778468173573895,0.09,-30476.5604023393,63073.8016753262,131,5.34999999999999,TRUE,"","r2 over",5,3,5,2,4,363,510363,710363
"DGMM",NA,0.40396520685313,0.182,0.159574951360514,0.538,-33394.0001887973,68943.2200246371,26,3.14000000000001,TRUE,"","r2 over",5,3,5,2,4,364,510364,710364
"RDMM",3.89312383739604,0.925369311758724,0.019,0.752488418885996,0.102,-30830.5667324511,63781.8143355497,101,4.16,TRUE,"","r2 over",5,3,5,2,4,364,510364,710364
"DGMM",NA,0.898602576136073,0.026,0.375692699829486,0.448,-32786.7852243748,67728.7900957919,13,1.59,TRUE,"","r2 over",5,3,5,2,4,365,510365,710365
"RDMM",4.06416976187553,0.925369359096375,0.019,0.755552947216351,0.1,-30383.461906681,62887.6046840096,100,4.17000000000002,TRUE,"","r2 over",5,3,5,2,4,365,510365,710365
"DGMM",NA,0.835231991353172,0.043,0.319617597426169,0.508,-33659.6741617549,69474.5679705521,16,1.98000000000002,TRUE,"","r2 over",5,3,5,2,4,366,510366,710366
"RDMM",3.72725965520055,0.933089033764637,0.017,0.75583225109269,0.1,-30770.5700726005,63661.8210158485,100,4.16,TRUE,"","r2 over",5,3,5,2,4,366,510366,710366
"DGMM",NA,0.675359544259805,0.089,0.432154372964135,0.274,-33900.8025579156,69956.8247628736,6,0.77000000000001,TRUE,"","r2 over",5,3,5,2,4,367,510367,710367
"RDMM",3.71067027950314,0.933089055369225,0.017,0.752761907172108,0.101,-30431.3555727973,62983.3920162421,104,4.38,TRUE,"","r2 over",5,3,5,2,4,367,510367,710367
"DGMM",NA,0.517873217749106,0.14,0.216371672269882,0.498,-32665.6050911792,67486.4298294008,15,1.93000000000001,TRUE,"","r2 over",5,3,5,2,4,368,510368,710368
"RDMM",4.18499872096916,0.929225205577368,0.018,0.78322288455052,0.088,-30438.2878117094,62997.2564940663,109,4.40000000000003,TRUE,"","r2 over",5,3,5,2,4,368,510368,710368
"DGMM",NA,0.375915730745316,0.193,0.151309934041383,0.53,-33359.2328684419,68873.6853839262,31,3.81999999999999,TRUE,"","r2 over",5,3,5,2,4,369,510369,710369
"RDMM",3.94320112346929,0.906208785222728,0.024,0.759540302308547,0.098,-30974.3525047216,64069.3858800907,198,8.01999999999998,TRUE,"","r2 over",5,3,5,2,4,369,510369,710369
"DGMM",NA,0.894810788135497,0.027,0.300452985698803,0.491,-33209.5078083769,68574.2352637962,39,4.85000000000002,TRUE,"","r2 over",5,3,5,2,4,370,510370,710370
"RDMM",3.97158933842133,0.910026007253756,0.023,0.755210513036098,0.1,-30326.8794259073,62774.4397224622,100,4.21999999999997,TRUE,"","r2 over",5,3,5,2,4,370,510370,710370
"DGMM",NA,6.06058302187667e-05,0.485,-0.000636007861739502,0.731,-32358.3868021756,66871.9932513936,25,3.04999999999995,TRUE,"","r2 over",5,3,5,2,4,371,510371,710371
"RDMM",3.85464906663405,0.929225199695263,0.018,0.656269623424644,0.152,-31142.3118868467,64405.3046443409,300,12.12,TRUE,"","r2 over",5,3,5,2,4,371,510371,710371
"DGMM",NA,0.864764674029811,0.035,0.357309876510884,0.452,-33354.227597767,68863.6748425764,15,1.86000000000001,TRUE,"","r2 over",5,3,5,2,4,372,510372,710372
"RDMM",4.11797318528361,0.933089032610389,0.017,0.75824793924808,0.099,-30767.0253411446,63654.7315529368,151,6.18000000000001,TRUE,"","r2 over",5,3,5,2,4,372,510372,710372
"DGMM",NA,0.284593441818933,0.233,0.113564163591395,0.58,-33568.3890910877,69291.9978292178,27,3.33999999999997,TRUE,"","r2 over",5,3,5,2,4,373,510373,710373
"RDMM",4.09577286553217,0.925369294888299,0.019,0.733874340204077,0.11,-30996.7557996391,64114.1924699256,100,4.08000000000004,TRUE,"","r2 over",5,3,5,2,4,373,510373,710373
"DGMM",NA,0.678662448660174,0.088,0.310185430264198,0.405,-33019.0472500689,68193.3141471802,19,2.43000000000001,TRUE,"","r2 over",5,3,5,2,4,374,510374,710374
"RDMM",4.13274958129841,0.948624579035419,0.013,0.743318799346603,0.106,-30672.7171483451,63466.1151673377,101,4.29999999999995,TRUE,"","r2 over",5,3,5,2,4,374,510374,710374
"DGMM",NA,0.411647334003788,0.179,0.19511364651559,0.575,-33692.3350481656,69539.8897433737,39,4.72000000000003,TRUE,"","r2 over",5,3,5,2,4,375,510375,710375
"RDMM",3.89727165919436,0.940840787354327,0.015,0.762885076849742,0.097,-30855.9694542262,63832.6197790999,100,4.13,TRUE,"","r2 over",5,3,5,2,4,375,510375,710375
"DGMM",NA,0.902402500423835,0.025,0.707979838185445,0.122,-32821.837110736,67798.8938685145,17,1.06,TRUE,"","r2 over",5,3,5,2,4,376,510376,710376
"RDMM",3.98031482905012,0.913849884108212,0.022,0.765567194340146,0.095,-30285.2956540137,62691.272178675,102,2.47,TRUE,"","r2 over",5,3,5,2,4,376,510376,710376
"DGMM",NA,0.445715473333295,0.166,0.189812394194372,0.546,-32837.235351766,67829.6903505743,24,2.91,TRUE,"","r2 over",5,3,5,2,4,377,510377,710377
"RDMM",4.22336221968618,0.929225164520618,0.018,0.73062245552477,0.111,-30675.1550752234,63470.9910210943,105,4.81,TRUE,"","r2 over",5,3,5,2,4,377,510377,710377
"DGMM",NA,0.944728681321713,0.014,0.459375510799794,0.301,-32973.4550397432,68102.1297265287,15,1.88,TRUE,"","r2 over",5,3,5,2,4,378,510378,710378
"RDMM",4.08835152897529,0.968224194422497,0.008,0.781512917696844,0.089,-30420.1323069081,62960.9454844638,100,4.17,TRUE,"","r2 over",5,3,5,2,4,378,510378,710378
"DGMM",NA,0.51496323924189,0.141,0.198138804354521,0.544,-33282.8035554798,68720.8267580019,21,2.53,TRUE,"","r2 over",5,3,5,2,4,379,510379,710379
"RDMM",4.09200102897564,0.906210052891358,0.024,0.713879306383211,0.12,-30682.6894493412,63486.0597693298,146,5.98,TRUE,"","r2 over",5,3,5,2,4,379,510379,710379
"DGMM",NA,0.906209766098297,0.024,0.392004309896435,0.404,-33327.6121338862,68810.4439148147,15,1.89,TRUE,"","r2 over",5,3,5,2,4,380,510380,710380
"RDMM",4.12194278972393,0.936960820606327,0.016,0.756607994804764,0.1,-30875.7236836541,63872.1282379557,100,4.19,TRUE,"","r2 over",5,3,5,2,4,380,510380,710380
"DGMM",NA,0.393859298397203,0.186,0.171768557226699,0.509,-33262.8006728824,68680.8209928072,32,3.82,TRUE,"","r2 over",5,3,5,2,4,381,510381,710381
"RDMM",3.90422071940269,0.891026983692935,0.028,0.729190407189824,0.112,-30801.5012257189,63723.6833220854,100,4.1,TRUE,"","r2 over",5,3,5,2,4,381,510381,710381
"DGMM",NA,0.936960973731467,0.016,0.704149435717976,0.125,-33616.0087256988,69387.23709844,15,1.85,TRUE,"","r2 over",5,3,5,2,4,382,510382,710382
"RDMM",3.93696183486498,0.952528452662413,0.012,0.787842835812352,0.086,-30860.3046409795,63841.2901526066,100,4.21,TRUE,"","r2 over",5,3,5,2,4,382,510382,710382
"DGMM",NA,0.403975540788951,0.182,0.170138264910835,0.533,-32669.2709210813,67493.761489205,21,2.56,TRUE,"","r2 over",5,3,5,2,4,383,510383,710383
"RDMM",3.95234007206345,0.921521446019881,0.02,0.666952983284532,0.144,-30683.1125752003,63486.9060210481,114,4.72000000000001,TRUE,"","r2 over",5,3,5,2,4,383,510383,710383
"DGMM",NA,0.76014659436103,0.064,0.337514104722,0.408,-33205.3055554733,68565.830757989,15,1.83,TRUE,"","r2 over",5,3,5,2,4,384,510384,710384
"RDMM",3.97360665254953,0.929225161655584,0.018,0.727610467586401,0.113,-30462.1158261924,63044.9125230323,177,7.51,TRUE,"","r2 over",5,3,5,2,4,384,510384,710384
"DGMM",NA,0.824287350528776,0.046,0.327711165876906,0.481,-33326.2130526532,68807.6457523488,14,1.82,TRUE,"","r2 over",5,3,5,2,4,385,510385,710385
"RDMM",4.25082585836254,0.921521494847035,0.02,0.552764226374133,0.28,-30838.0577693187,63796.7964092849,186,7.87,TRUE,"","r2 over",5,3,5,2,4,385,510385,710385
"DGMM",NA,0.891027083420346,0.028,0.385212442910084,0.381,-33691.8766674094,69538.9729818612,18,2.22,TRUE,"","r2 over",5,3,5,2,4,386,510386,710386
"RDMM",3.93622619668622,0.910025989459471,0.023,0.735326224401549,0.109,-30874.006536008,63868.6939426636,156,6.33999999999999,TRUE,"","r2 over",5,3,5,2,4,386,510386,710386
"DGMM",NA,0.872228265972831,0.033,0.396424723307091,0.358,-34183.4983379911,70522.2163230246,17,2.11999999999999,TRUE,"","r2 over",5,3,5,2,4,387,510387,710387
"RDMM",3.90617759556574,0.902402397886709,0.025,0.729388542259172,0.112,-31194.6593818301,64509.9996343078,100,4.11,TRUE,"","r2 over",5,3,5,2,4,387,510387,710387
"DGMM",NA,0.486720804625418,0.151,0.200350686250456,0.542,-33185.2839718448,68525.787590732,18,2.32000000000001,TRUE,"","r2 over",5,3,5,2,4,388,510388,710388
"RDMM",3.98192969378998,0.940840832185354,0.015,0.761950664696981,0.097,-30697.7285441631,63516.1379589737,100,4.25,TRUE,"","r2 over",5,3,5,2,4,388,510388,710388
"DGMM",NA,0.809810054045472,0.05,0.27133628463727,0.498,-34207.5587549052,70570.3371568529,14,1.69,TRUE,"","r2 over",5,3,5,2,4,389,510389,710389
"RDMM",3.56234259629472,0.9292246762657,0.018,0.759918071616568,0.098,-30945.8199685002,64012.3208076479,100,4.06,TRUE,"","r2 over",5,3,5,2,4,389,510389,710389
"DGMM",NA,0.842566545834589,0.041,0.364507452075369,0.409,-32752.5659056812,67660.3514584048,19,2.39,TRUE,"","r2 over",5,3,5,2,4,390,510390,710390
"RDMM",4.17736098219697,0.906210216218765,0.024,0.739318350667926,0.107,-30253.0356451512,62626.7521609498,100,4.08,TRUE,"","r2 over",5,3,5,2,4,390,510390,710390
"DGMM",NA,0.902402118645159,0.025,0.302411529247542,0.49,-33678.528638392,69512.2769238265,21,2.61,TRUE,"","r2 over",5,3,5,2,4,391,510391,710391
"RDMM",4.03113703606597,0.913849622110604,0.022,0.76374684962207,0.096,-31066.0491856448,64252.7792419371,156,6.37,TRUE,"","r2 over",5,3,5,2,4,391,510391,710391
"DGMM",NA,0.520839801125006,0.139,0.21718211702757,0.521,-33506.1509409628,69167.521528968,21,2.58,TRUE,"","r2 over",5,3,5,2,4,392,510392,710392
"RDMM",4.0883757449974,0.913849851888447,0.022,0.746841075333588,0.104,-30871.8527721451,63864.3864149377,162,6.55999999999999,TRUE,"","r2 over",5,3,5,2,4,392,510392,710392
"DGMM",NA,-0.00168738173148087,0.499,0.000636075305400904,0.727,-32260.9592416092,66677.1381302608,42,5.23999999999999,TRUE,"","r2 over",5,3,5,2,4,393,510393,710393
"RDMM",3.71895892542558,0.917681192393697,0.021,0.734908225364281,0.109,-30911.4613996099,63943.6036698674,166,6.80000000000001,TRUE,"","r2 over",5,3,5,2,4,393,510393,710393
"DGMM",NA,0.857333534038261,0.037,0.645859002483863,0.152,-33328.1594826268,68811.538612296,19,2.41,TRUE,"","r2 over",5,3,5,2,4,394,510394,710394
"RDMM",3.85917893277833,0.936960901838179,0.016,0.780140048808863,0.089,-30700.1921110628,63521.065092773,100,4.04000000000002,TRUE,"","r2 over",5,3,5,2,4,394,510394,710394
"DGMM",NA,0.887251183737599,0.029,0.613427411575933,0.17,-33359.6204249446,68874.4604969316,17,2.11000000000001,TRUE,"","r2 over",5,3,5,2,4,395,510395,710395
"RDMM",4.00490892053659,0.929225157135072,0.018,0.776875697854692,0.09,-30536.4561081235,63193.5930868946,100,4.10999999999999,TRUE,"","r2 over",5,3,5,2,4,395,510395,710395
"DGMM",NA,0.30631236927228,0.223,0.121609574803315,0.589,-33598.769823769,69352.7592945805,25,3.13999999999999,TRUE,"","r2 over",5,3,5,2,4,396,510396,710396
"RDMM",3.55841139968015,0.910025998114279,0.023,0.760165490064714,0.097,-30851.8524001781,63824.3856710037,175,7.21000000000001,TRUE,"","r2 over",5,3,5,2,4,396,510396,710396
"DGMM",NA,0.887251298201662,0.029,0.550798627679357,0.208,-33359.2909355323,68873.8015181069,11,1.36000000000001,TRUE,"","r2 over",5,3,5,2,4,397,510397,710397
"RDMM",4.26426004241797,0.929225159909332,0.018,0.748027802664295,0.104,-31015.4839356855,64151.6487420185,104,4.34,TRUE,"","r2 over",5,3,5,2,4,397,510397,710397
"DGMM",NA,0.157841999233242,0.301,0.0644590900916958,0.612,-33610.4682437781,69376.1561345986,26,3.14000000000001,TRUE,"","r2 over",5,3,5,2,4,398,510398,710398
"RDMM",4.09311238125864,0.933089028594122,0.017,0.752950651060765,0.101,-31122.9865220986,64366.6539148446,100,4.13999999999999,TRUE,"","r2 over",5,3,5,2,4,398,510398,710398
"DGMM",NA,0.824288424561458,0.046,0.284070336985602,0.5,-34798.2267478615,71751.6731427654,14,1.74000000000001,TRUE,"","r2 over",5,3,5,2,4,399,510399,710399
"RDMM",3.72197207033674,0.913849344859041,0.022,0.73389095770241,0.11,-31468.8033315557,65058.287533759,100,4.21000000000001,TRUE,"","r2 over",5,3,5,2,4,399,510399,710399
"DGMM",NA,0.369020771755797,0.196,0.170195339820422,0.542,-33879.5463536827,69914.3123544079,22,2.67000000000002,TRUE,"","r2 over",5,3,5,2,4,400,510400,710400
"RDMM",3.7175510603361,0.948624617107971,0.013,0.725881040132044,0.115,-31250.5231157139,64621.7271020753,165,6.76999999999998,TRUE,"","r2 over",5,3,5,2,4,400,510400,710400
"DGMM",NA,0.90240234390489,0.025,0.395092255218394,0.414,-33668.0944767365,69491.4086005155,14,1.75,TRUE,"","r2 over",5,3,5,2,4,401,510401,710401
"RDMM",4.03654019738835,0.936960910379154,0.016,0.764140061426588,0.096,-31055.732269777,64232.1454102016,165,6.87,TRUE,"","r2 over",5,3,5,2,4,401,510401,710401
"DGMM",NA,0.419384042194384,0.176,0.176124965940508,0.566,-32659.6274363722,67474.4745197869,34,4.18000000000001,TRUE,"","r2 over",5,3,5,2,4,402,510402,710402
"RDMM",4.1685387077205,0.952528489999586,0.012,0.745530296469049,0.105,-30554.1612941072,63229.0034588619,102,4.16999999999999,TRUE,"","r2 over",5,3,5,2,4,402,510402,710402
"DGMM",NA,0.933087833475899,0.017,0.432928765981284,0.403,-32616.3896644372,67387.9989759169,20,2.48000000000002,TRUE,"","r2 over",5,3,5,2,4,403,510403,710403
"RDMM",4.44368334153903,0.936959698717011,0.016,0.787112673446176,0.086,-30323.9839499253,62768.648770498,206,8.44,TRUE,"","r2 over",5,3,5,2,4,403,510403,710403
"DGMM",NA,0.286665180667877,0.232,0.131904603114996,0.591,-33394.7071758954,68944.6339988333,34,4.19,TRUE,"","r2 over",5,3,5,2,4,404,510404,710404
"RDMM",3.9728661976068,0.952528507294808,0.012,0.763069375250117,0.097,-30650.8944214361,63422.4697135197,100,4.09,TRUE,"","r2 over",5,3,5,2,4,404,510404,710404
"DGMM",NA,-0.00173400442325342,0.497,-5.13246774825522e-05,0.724,-32387.8075227834,66930.8346926091,32,3.87,TRUE,"","r2 over",5,3,5,2,4,405,510405,710405
"RDMM",3.84198124717058,0.933088593328358,0.017,0.753687638730516,0.1,-31108.8532877463,64338.3874461401,176,7.24000000000001,TRUE,"","r2 over",5,3,5,2,4,405,510405,710405
"DGMM",NA,0.391348037482663,0.187,0.157174621889715,0.568,-33923.5909325568,70002.401512156,22,2.68000000000001,TRUE,"","r2 over",5,3,5,2,4,406,510406,710406
"RDMM",3.74295280346257,0.917681603440021,0.021,0.744542608517642,0.105,-30945.2700800421,64011.2210307317,123,5.06,TRUE,"","r2 over",5,3,5,2,4,406,510406,710406
"DGMM",NA,0.861045180125703,0.036,0.635538997607934,0.156,-32547.2553277702,67249.7303025828,16,1.97,TRUE,"","r2 over",5,3,5,2,4,407,510407,710407
"RDMM",4.16037187384252,0.910025959219556,0.023,0.728420756672071,0.112,-30310.7876867395,62742.2562441264,100,4.12,TRUE,"","r2 over",5,3,5,2,4,407,510407,710407
"DGMM",NA,0.898599514835341,0.026,0.351354995592677,0.465,-33203.1520267411,68561.5237005247,18,2.37,TRUE,"","r2 over",5,3,5,2,4,408,510408,710408
"RDMM",3.92303496701027,0.956439986937686,0.011,0.749758810890414,0.103,-30482.7963422428,63086.2735551332,105,4.37,TRUE,"","r2 over",5,3,5,2,4,408,510408,710408
"DGMM",NA,-0.000470742545231834,0.493,-0.00068896332101408,0.737,-31809.9150479368,65775.049742916,30,3.63999999999999,TRUE,"","r2 over",5,3,5,2,4,409,510409,710409
"RDMM",3.76786469009072,0.91768163234218,0.021,0.719977345915012,0.116,-30396.0051446823,62912.6911600121,183,7.5,TRUE,"","r2 over",5,3,5,2,4,409,510409,710409
"DGMM",NA,0.831575420141783,0.044,0.290730526575376,0.483,-34332.4467824438,70820.11321193,11,1.42999999999995,TRUE,"","r2 over",5,3,5,2,4,410,510410,710410
"RDMM",3.66843175715699,0.913849766267288,0.022,0.710291399333832,0.121,-30834.6045092388,63789.8898891251,158,6.5,TRUE,"","r2 over",5,3,5,2,4,410,510410,710410
"DGMM",NA,0.00069251010832168,0.481,0.000323206620737809,0.726,-32370.7120026461,66896.6436523346,32,3.96999999999997,TRUE,"","r2 over",5,3,5,2,4,411,510411,710411
"RDMM",3.67228003886484,0.90621013495435,0.024,0.741347765355133,0.106,-31023.6960898338,64168.0730503152,100,4.13999999999999,TRUE,"","r2 over",5,3,5,2,4,411,510411,710411
"DGMM",NA,0.842567095969669,0.041,0.403888994736857,0.344,-33651.4187065526,69458.0570601476,15,1.87,TRUE,"","r2 over",5,3,5,2,4,412,510412,710412
"RDMM",4.40874378935705,0.925369294888299,0.019,0.747114104185802,0.104,-30868.2072313234,63857.0953332944,107,4.38999999999999,TRUE,"","r2 over",5,3,5,2,4,412,510412,710412
"DGMM",NA,0.933089090382788,0.017,0.392234913955727,0.425,-33417.9761199439,68991.1718869302,25,3.09000000000003,TRUE,"","r2 over",5,3,5,2,4,413,510413,710413
"RDMM",3.97425000826201,0.944728728696829,0.014,0.771073661992205,0.093,-30649.824572127,63420.3300149015,227,9.27999999999997,TRUE,"","r2 over",5,3,5,2,4,413,510413,710413
"DGMM",NA,0.872228276886929,0.033,0.613674021811248,0.168,-33708.4847218689,69572.1890907803,11,1.38999999999999,TRUE,"","r2 over",5,3,5,2,4,414,510414,710414
"RDMM",4.22735758688036,0.960360345944569,0.01,0.75862998864625,0.099,-30341.1548025966,62802.9904758408,103,4.24000000000001,TRUE,"","r2 over",5,3,5,2,4,414,510414,710414
"DGMM",NA,0.598684489256273,0.113,0.209113766844921,0.502,-33262.128964834,68679.4775767103,18,2.22000000000003,TRUE,"","r2 over",5,3,5,2,4,415,510415,710415
"RDMM",4.07685598958679,0.913849834331096,0.022,0.74062986650654,0.106,-30325.7053199944,62772.0915106364,158,6.56999999999999,TRUE,"","r2 over",5,3,5,2,4,415,510415,710415
"DGMM",NA,0.891027007634658,0.028,0.395208081048024,0.425,-33464.5609752879,69084.3415976183,20,2.44,TRUE,"","r2 over",5,3,5,2,4,416,510416,710416
"RDMM",4.25472248136379,0.956440441732386,0.011,0.796442422609982,0.082,-30783.4828175449,63687.6465057374,108,4.38999999999999,TRUE,"","r2 over",5,3,5,2,4,416,510416,710416
"DGMM",NA,-0.000617798732105041,0.496,-0.000584045471812068,0.733,-32702.9648588723,67561.149364787,26,3,TRUE,"","r2 over",5,3,5,2,4,417,510417,710417
"RDMM",3.8457171302472,0.894810747763092,0.027,0.75205235864024,0.101,-31189.6955084384,64500.0718875243,100,3.23000000000002,TRUE,"","r2 over",5,3,5,2,4,417,510417,710417
"DGMM",NA,0.853630004852696,0.038,0.288772908247738,0.493,-33301.4678237244,68758.1552944911,13,0.98,TRUE,"","r2 over",5,3,5,2,4,418,510418,710418
"RDMM",3.98014748374055,0.944728674232807,0.014,0.737469933752092,0.109,-30425.2643897567,62971.2096501609,112,2.26,TRUE,"","r2 over",5,3,5,2,4,418,510418,710418
"DGMM",NA,0.515050114420331,0.141,0.209528038001823,0.525,-34067.3652301429,70289.9501073283,18,2.21,TRUE,"","r2 over",5,3,5,2,4,419,510419,710419
"RDMM",3.88107352173931,0.91768165804001,0.021,0.755355111319119,0.1,-30965.5446368244,64051.7701442964,109,4.92,TRUE,"","r2 over",5,3,5,2,4,419,510419,710419
"DGMM",NA,0.34748676961801,0.205,0.142470690588363,0.543,-33037.322523108,68229.8646932584,39,4.72,TRUE,"","r2 over",5,3,5,2,4,420,510420,710420
"RDMM",4.02939490740318,0.898602599310746,0.026,0.696967952401871,0.128,-30808.4490411127,63737.5789528729,120,4.94,TRUE,"","r2 over",5,3,5,2,4,420,510420,710420
"DGMM",NA,0.56808719904647,0.123,0.255575569755266,0.436,-34699.0874792074,71553.3946054573,6,0.800000000000001,TRUE,"","r2 over",5,3,5,2,4,421,510421,710421
"RDMM",3.68639731717838,0.921521522653875,0.02,0.757339425621875,0.099,-30783.6275667271,63687.9360041017,185,7.62,TRUE,"","r2 over",5,3,5,2,4,421,510421,710421
"DGMM",NA,0.887251353188579,0.029,0.398726492550862,0.477,-33453.6061170439,69062.4318811302,17,2.14,TRUE,"","r2 over",5,3,5,2,4,422,510422,710422
"RDMM",4.26551058266673,0.913849801370989,0.022,0.741512128274455,0.106,-30857.7076417776,63836.0961542027,184,7.48,TRUE,"","r2 over",5,3,5,2,4,422,510422,710422
"DGMM",NA,0.940838052977139,0.015,0.374321392491637,0.444,-33749.1894076052,69653.5984622528,19,2.39,TRUE,"","r2 over",5,3,5,2,4,423,510423,710423
"RDMM",3.92660731475827,0.964286906906659,0.009,0.792169207037176,0.085,-30737.5145882106,63595.7100470687,175,7.22,TRUE,"","r2 over",5,3,5,2,4,423,510423,710423
"DGMM",NA,0.824267089849315,0.046,0.331675303504982,0.502,-33896.9808590214,69949.1813650852,35,4.26,TRUE,"","r2 over",5,3,5,2,4,424,510424,710424
"RDMM",3.89402482410746,0.92151714633487,0.02,0.732846758220142,0.109,-31098.3540835844,64317.3890378164,153,6.46,TRUE,"","r2 over",5,3,5,2,4,424,510424,710424
"DGMM",NA,0.35463993416307,0.202,0.139003728381479,0.587,-33527.3176401729,69209.8549273883,29,3.7,TRUE,"","r2 over",5,3,5,2,4,425,510425,710425
"RDMM",3.54532338759785,0.917681665646944,0.021,0.742048417087924,0.106,-30860.6082254927,63841.897321633,100,4.11,TRUE,"","r2 over",5,3,5,2,4,425,510425,710425
"DGMM",NA,0.913849739218524,0.022,0.376148597224221,0.396,-33092.8973267735,68341.0143005894,16,2.07000000000001,TRUE,"","r2 over",5,3,5,2,4,426,510426,710426
"RDMM",4.16745977761256,0.936960896380685,0.016,0.773818102317768,0.091,-30661.2969223287,63443.2747153049,149,6.34,TRUE,"","r2 over",5,3,5,2,4,426,510426,710426
"DGMM",NA,0.820657740575747,0.047,0.358444058537231,0.359,-33618.7803839856,69392.7804150136,15,1.86,TRUE,"","r2 over",5,3,5,2,4,427,510427,710427
"RDMM",3.84727637312645,0.917681646848681,0.021,0.735841744794796,0.109,-30536.3009247176,63193.2827200826,111,4.56,TRUE,"","r2 over",5,3,5,2,4,427,510427,710427
"DGMM",NA,0.879723792227584,0.031,0.317691995425113,0.479,-33498.2970449644,69151.8137369713,14,1.72,TRUE,"","r2 over",5,3,5,2,4,428,510428,710428
"RDMM",4.23232017666345,0.944728711258145,0.014,0.603814037268805,0.192,-31019.0932220381,64158.8673147237,133,5.47,TRUE,"","r2 over",5,3,5,2,4,428,510428,710428
"DGMM",NA,0.712047986722987,0.078,0.425107185403346,0.283,-33586.3367280512,69327.8931031449,6,0.790000000000006,TRUE,"","r2 over",5,3,5,2,4,429,510429,710429
"RDMM",4.13674311464105,0.956440437385862,0.011,0.769336377962117,0.095,-30572.008773208,63264.6984170636,100,4.11,TRUE,"","r2 over",5,3,5,2,4,429,510429,710429
"DGMM",NA,0.917681681879641,0.021,0.379049676464112,0.405,-33041.4871882795,68238.1940236015,14,1.76000000000001,TRUE,"","r2 over",5,3,5,2,4,430,510430,710430
"RDMM",4.20507198072783,0.944728727931228,0.014,0.747575175197853,0.104,-30598.7498504033,63318.1805714542,100,4.05,TRUE,"","r2 over",5,3,5,2,4,430,510430,710430
"DGMM",NA,0.760145417231391,0.064,0.311608006863923,0.467,-33714.9690936116,69585.1578342657,14,1.83,TRUE,"","r2 over",5,3,5,2,4,431,510431,710431
"RDMM",3.95530687667742,0.917681633952254,0.021,0.74325137869117,0.105,-30907.6672875167,63936.0154456809,115,4.64999999999999,TRUE,"","r2 over",5,3,5,2,4,431,510431,710431
"DGMM",NA,0.894810841884374,0.027,0.369387662700988,0.408,-33192.4848203142,68540.1892876708,20,2.52000000000001,TRUE,"","r2 over",5,3,5,2,4,432,510432,710432
"RDMM",4.07135058772746,0.944728728335295,0.014,0.762396763467387,0.097,-30520.3256064779,63161.3320836033,100,4.18000000000001,TRUE,"","r2 over",5,3,5,2,4,432,510432,710432
"DGMM",NA,0.235582317881939,0.257,0.0993137423509879,0.616,-33887.0009093499,69929.2214657423,36,4.33,TRUE,"","r2 over",5,3,5,2,4,433,510433,710433
"RDMM",3.83900558655219,0.925369313093999,0.019,0.765861865744703,0.095,-31086.6048648904,64293.8906004282,118,4.83,TRUE,"","r2 over",5,3,5,2,4,433,510433,710433
"DGMM",NA,0.00205417249469016,0.469,0.00124494248609721,0.722,-31409.4890121846,64974.1976714116,21,2.59,TRUE,"","r2 over",5,3,5,2,4,434,510434,710434
"RDMM",4.17664600759043,0.933089012014145,0.017,0.75215723534414,0.101,-30036.1211411467,62192.9231529408,124,5.28,TRUE,"","r2 over",5,3,5,2,4,434,510434,710434
"DGMM",NA,0.827929086146778,0.045,0.327019585182877,0.418,-33293.0428557551,68741.3053585526,15,1.95000000000002,TRUE,"","r2 over",5,3,5,2,4,435,510435,710435
"RDMM",4.02266492087313,0.9408407951733,0.015,0.782227531333073,0.088,-30513.114037927,63146.9089465016,101,4.06999999999999,TRUE,"","r2 over",5,3,5,2,4,435,510435,710435
"DGMM",NA,-0.000656996111706116,0.475,0.00124344073422329,0.725,-32575.7999865325,67306.8196201074,27,3.40000000000001,TRUE,"","r2 over",5,3,5,2,4,436,510436,710436
"RDMM",3.59695955998857,0.917679927106477,0.021,0.713029883766691,0.119,-31152.4644570002,64425.6097846478,175,7.10999999999999,TRUE,"","r2 over",5,3,5,2,4,436,510436,710436
"DGMM",NA,0.913849779928399,0.022,0.380678562285705,0.436,-33847.3901950171,69850.0000370767,20,2.45000000000002,TRUE,"","r2 over",5,3,5,2,4,437,510437,710437
"RDMM",3.84861982855904,0.929225163697984,0.018,0.696106545757066,0.128,-30731.6441136658,63583.9690979791,168,6.86000000000001,TRUE,"","r2 over",5,3,5,2,4,437,510437,710437
"DGMM",NA,0.33565197946501,0.21,0.146363362502877,0.553,-33255.2246782474,68665.6690035371,24,2.91,TRUE,"","r2 over",5,3,5,2,4,438,510438,710438
"RDMM",4.03236619405455,0.94084077892076,0.015,0.74389338229126,0.106,-31062.1294976008,64244.9398658491,143,5.91,TRUE,"","r2 over",5,3,5,2,4,438,510438,710438
"DGMM",NA,0.739343854066417,0.07,0.328921840837303,0.439,-32701.3136720682,67557.8469911789,26,3.16999999999999,TRUE,"","r2 over",5,3,5,2,4,439,510439,710439
"RDMM",4.49527638837094,0.936960910379154,0.016,0.781502823878729,0.088,-30496.1100141641,63112.9008989758,100,4.18000000000001,TRUE,"","r2 over",5,3,5,2,4,439,510439,710439
"DGMM",NA,0.868492493175593,0.034,0.627231015876372,0.162,-33347.1370951092,68849.4938372609,16,1.97999999999999,TRUE,"","r2 over",5,3,5,2,4,440,510440,710440
"RDMM",4.06884587353836,0.933089089249997,0.017,0.779527221678125,0.089,-30391.4244652313,62903.52980111,100,4.13,TRUE,"","r2 over",5,3,5,2,4,440,510440,710440
"DGMM",NA,0.891027040730964,0.028,0.36365984753066,0.451,-34135.7014944808,70426.622636004,19,2.40000000000001,TRUE,"","r2 over",5,3,5,2,4,441,510441,710441
"RDMM",3.70507349438513,0.936960944891703,0.016,0.749214841116755,0.104,-30907.0553445791,63934.7915598057,100,4.05000000000001,TRUE,"","r2 over",5,3,5,2,4,441,510441,710441
"DGMM",NA,0.675359218490123,0.089,0.263753220826369,0.509,-33925.1232321161,70005.4661112746,16,2.02000000000001,TRUE,"","r2 over",5,3,5,2,4,442,510442,710442
"RDMM",3.73360573044644,0.913849851391228,0.022,0.583046153812221,0.212,-31074.6472257975,64269.9753222425,186,7.72,TRUE,"","r2 over",5,3,5,2,4,442,510442,710442
"DGMM",NA,0.853629591424351,0.038,0.294818586271735,0.506,-33531.3696818363,69217.959010715,20,2.5,TRUE,"","r2 over",5,3,5,2,4,443,510443,710443
"RDMM",3.89162409459732,0.921521513266662,0.02,0.743530774365222,0.105,-30801.2068066557,63723.0944839589,100,4.19,TRUE,"","r2 over",5,3,5,2,4,443,510443,710443
"DGMM",NA,0.774174464171886,0.06,0.503057544568796,0.229,-33625.6787245481,69406.5770961387,6,0.780000000000001,TRUE,"","r2 over",5,3,5,2,4,444,510444,710444
"RDMM",4.09355650053195,0.917681641891766,0.021,0.756476567761529,0.1,-30545.7481836667,63212.1772379809,100,4.00999999999999,TRUE,"","r2 over",5,3,5,2,4,444,510444,710444
"DGMM",NA,0.887251248811,0.029,0.30628570189309,0.462,-33297.1240394925,68749.4677260274,15,1.84,TRUE,"","r2 over",5,3,5,2,4,445,510445,710445
"RDMM",4.32681973063867,0.925369358450274,0.019,0.738631077571836,0.108,-30747.2892618977,63615.2593944429,100,4.08000000000001,TRUE,"","r2 over",5,3,5,2,4,445,510445,710445
"DGMM",NA,0.742784428339883,0.069,0.319041384884103,0.504,-32834.7082637037,67824.6361744499,25,3.19,TRUE,"","r2 over",5,3,5,2,4,446,510446,710446
"RDMM",4.11618142600326,0.9408405455418,0.015,0.759119932006619,0.101,-30334.9496542294,62790.5801791063,178,7.31,TRUE,"","r2 over",5,3,5,2,4,446,510446,710446
"DGMM",NA,0.328731114890659,0.213,0.149167959794998,0.565,-33305.3770844225,68765.9738158874,25,3.00999999999999,TRUE,"","r2 over",5,3,5,2,4,447,510447,710447
"RDMM",3.71444507402334,0.929225230643248,0.018,0.747813171666087,0.104,-30287.4037122768,62695.4882952012,100,4.06999999999999,TRUE,"","r2 over",5,3,5,2,4,447,510447,710447
"DGMM",NA,0.435023293304606,0.17,0.170852169124152,0.544,-33233.8252366048,68622.870120252,30,3.66999999999999,TRUE,"","r2 over",5,3,5,2,4,448,510448,710448
"RDMM",3.93681314746997,0.944728722128082,0.014,0.75724031486179,0.099,-30768.4164294727,63657.5137295929,234,9.56999999999999,TRUE,"","r2 over",5,3,5,2,4,448,510448,710448
"DGMM",NA,0.883483389941521,0.03,0.303543627453526,0.488,-33125.9691253982,68407.1578978387,16,1.97,TRUE,"","r2 over",5,3,5,2,4,449,510449,710449
"RDMM",4.09587147309898,0.944728684355765,0.014,0.718223534723309,0.118,-30255.5779738722,62631.8368183919,293,12.03,TRUE,"","r2 over",5,3,5,2,4,449,510449,710449
"DGMM",NA,0.45364353775931,0.163,0.214533285252649,0.471,-33136.1791446711,68427.5779363847,17,2.09000000000003,TRUE,"","r2 over",5,3,5,2,4,450,510450,710450
"RDMM",4.3038972392479,0.92922466259845,0.018,0.751995057177627,0.103,-30704.6516891235,63529.9842488945,261,10.56,TRUE,"","r2 over",5,3,5,2,4,450,510450,710450
"DGMM",NA,0.872228394508339,0.033,0.377186168923017,0.468,-33901.2515621699,69957.7227713823,17,2.13,TRUE,"","r2 over",5,3,5,2,4,451,510451,710451
"RDMM",3.89581602860839,0.929225157135072,0.018,0.538234411628101,0.272,-31203.1862346622,64527.0533399719,158,6.64999999999998,TRUE,"","r2 over",5,3,5,2,4,451,510451,710451
"DGMM",NA,0.547101463588023,0.13,0.223303560794812,0.496,-33337.9994901333,68831.2186273091,16,1.94999999999999,TRUE,"","r2 over",5,3,5,2,4,452,510452,710452
"RDMM",3.98506012283959,0.92922507358719,0.018,0.737020466039716,0.108,-30801.9004907183,63724.4818520842,100,4.07999999999998,TRUE,"","r2 over",5,3,5,2,4,452,510452,710452
"DGMM",NA,0.902402235527995,0.025,0.312383221297173,0.488,-33673.5882561683,69502.3961593791,26,3.13999999999999,TRUE,"","r2 over",5,3,5,2,4,453,510453,710453
"RDMM",3.60104196936572,0.936960925487305,0.016,0.760422767114419,0.098,-30861.6119412329,63843.9047531133,101,4.19,TRUE,"","r2 over",5,3,5,2,4,453,510453,710453
"DGMM",NA,0.929225158847284,0.018,0.695992647533831,0.128,-32901.0009176873,67957.221482417,19,2.32000000000005,TRUE,"","r2 over",5,3,5,2,4,454,510454,710454
"RDMM",4.09094962053603,0.925369322053268,0.019,0.782319128676522,0.088,-30248.0705930836,62616.8220568146,100,4.07999999999998,TRUE,"","r2 over",5,3,5,2,4,454,510454,710454
"DGMM",NA,0.535358789678147,0.134,0.229451603960743,0.475,-32688.1675155489,67531.5546781402,22,2.67000000000002,TRUE,"","r2 over",5,3,5,2,4,455,510455,710455
"RDMM",4.20326518366294,0.925369367366459,0.019,0.712567435307518,0.119,-30417.6353251338,62955.9515209151,126,5.21999999999997,TRUE,"","r2 over",5,3,5,2,4,455,510455,710455
"DGMM",NA,0.842566570337393,0.041,0.323171171873855,0.445,-33510.082144977,69175.3839369964,12,1.48999999999995,TRUE,"","r2 over",5,3,5,2,4,456,510456,710456
"RDMM",4.01549208703792,0.891026918707456,0.028,0.716443861969681,0.118,-30679.5963367062,63479.87354406,158,6.56,TRUE,"","r2 over",5,3,5,2,4,456,510456,710456
"DGMM",NA,0.363909773524407,0.198,0.159499730086149,0.575,-32753.1385705882,67661.4967882189,16,2,TRUE,"","r2 over",5,3,5,2,4,457,510457,710457
"RDMM",4.09417391735272,0.917680335731774,0.021,0.733036196062903,0.113,-30574.8171246581,63270.3151199637,119,4.87,TRUE,"","r2 over",5,3,5,2,4,457,510457,710457
"DGMM",NA,0.857333568154611,0.037,0.368993665663505,0.423,-33871.7975081373,69898.8146633171,18,2.21999999999997,TRUE,"","r2 over",5,3,5,2,4,458,510458,710458
"RDMM",4.00394450107551,0.929225112117139,0.018,0.734248755483811,0.109,-31262.8822732642,64646.4454171758,127,4.75,TRUE,"","r2 over",5,3,5,2,4,458,510458,710458
"DGMM",NA,0.781239290338197,0.058,0.304788531702867,0.48,-32995.755019374,68146.7296857904,15,1.06,TRUE,"","r2 over",5,3,5,2,4,459,510459,710459
"RDMM",4.04600129178959,0.964288253218386,0.009,0.800366967747187,0.081,-30337.1079560472,62794.896782742,100,1.7,TRUE,"","r2 over",5,3,5,2,4,459,510459,710459
"DGMM",NA,0.913849834518934,0.022,0.309416670094464,0.483,-33164.4805823491,68484.1808117407,15,1.88,TRUE,"","r2 over",5,3,5,2,4,460,510460,710460
"RDMM",3.99008479702147,0.929225169740083,0.018,0.711908267666152,0.12,-30664.1743697293,63449.029610106,100,4.48,TRUE,"","r2 over",5,3,5,2,4,460,510460,710460
"DGMM",NA,0.894810665925402,0.027,0.330121006559724,0.44,-33306.0700561105,68767.3597592634,14,1.81,TRUE,"","r2 over",5,3,5,2,4,461,510461,710461
"RDMM",3.77550020425117,0.929225201169193,0.018,0.790622113768114,0.085,-30456.6234360947,63033.9277428369,137,5.63,TRUE,"","r2 over",5,3,5,2,4,461,510461,710461
"DGMM",NA,0.835231329894216,0.043,0.612354799486978,0.169,-33605.7654051092,69366.7504572608,6,0.780000000000001,TRUE,"","r2 over",5,3,5,2,4,462,510462,710462
"RDMM",4.03902117809179,0.929225250755169,0.018,0.749953944877982,0.102,-30553.9015851514,63228.4840409504,100,3.98,TRUE,"","r2 over",5,3,5,2,4,462,510462,710462
"DGMM",NA,0.453767811817505,0.163,0.195493345613853,0.504,-33036.1794828756,68227.5786127936,25,3.11,TRUE,"","r2 over",5,3,5,2,4,463,510463,710463
"RDMM",4.11003765710503,0.89102701287584,0.028,0.729636762015475,0.113,-30595.443361559,63311.5675937656,151,6.3,TRUE,"","r2 over",5,3,5,2,4,463,510463,710463
"DGMM",NA,0.364123730928797,0.198,0.151362114782443,0.59,-33239.7483031391,68634.7162533207,24,2.92,TRUE,"","r2 over",5,3,5,2,4,464,510464,710464
"RDMM",3.84828442876652,0.936960907104659,0.016,0.739503831319446,0.108,-30811.2444269226,63743.1697244927,129,5.28,TRUE,"","r2 over",5,3,5,2,4,464,510464,710464
"DGMM",NA,0.54714817656997,0.13,0.282532342170825,0.442,-33393.5444667658,68942.308580574,13,1.63,TRUE,"","r2 over",5,3,5,2,4,465,510465,710465
"RDMM",4.09197300743445,0.910026027488688,0.023,0.775978680389072,0.09,-30716.5363482553,63553.753567158,127,5.25,TRUE,"","r2 over",5,3,5,2,4,465,510465,710465
"DGMM",NA,0.626892396928127,0.104,0.23259607591732,0.509,-33943.5475338818,70042.314714806,10,1.28,TRUE,"","r2 over",5,3,5,2,4,466,510466,710466
"RDMM",3.93813451469999,0.936960904339529,0.016,0.529131073886649,0.298,-30557.9078368602,63236.4965443679,190,7.72,TRUE,"","r2 over",5,3,5,2,4,466,510466,710466
"DGMM",NA,0.902401915233934,0.025,0.299412443180887,0.498,-33292.2803813417,68739.7804097259,18,2.33000000000001,TRUE,"","r2 over",5,3,5,2,4,467,510467,710467
"RDMM",3.86369240649293,0.948624496007672,0.013,0.757820120002158,0.099,-30582.0768665622,63284.8346037719,100,4.37,TRUE,"","r2 over",5,3,5,2,4,467,510467,710467
"DGMM",NA,0.864764784550822,0.035,0.371116336383288,0.45,-33229.5976895944,68614.4150262312,18,2.3,TRUE,"","r2 over",5,3,5,2,4,468,510468,710468
"RDMM",3.96067010702513,0.929225158847284,0.018,0.763941597378859,0.096,-30575.9372189149,63272.5553084773,101,4.17,TRUE,"","r2 over",5,3,5,2,4,468,510468,710468
"DGMM",NA,0.879723653985688,0.031,0.339931100231898,0.435,-33853.0441281347,69861.3079033117,18,2.41000000000001,TRUE,"","r2 over",5,3,5,2,4,469,510469,710469
"RDMM",3.81626648567238,0.898602521198594,0.026,0.765006538961348,0.095,-30979.4089456414,64079.4987619303,120,4.87,TRUE,"","r2 over",5,3,5,2,4,469,510469,710469
"DGMM",NA,0.921521451032443,0.02,0.392069315617112,0.491,-33407.8548807388,68970.9294085201,14,1.77,TRUE,"","r2 over",5,3,5,2,4,470,510470,710470
"RDMM",4.16583710245481,0.936960909797021,0.016,0.736620690358246,0.109,-30866.8196775952,63854.320225838,116,4.78,TRUE,"","r2 over",5,3,5,2,4,470,510470,710470
"DGMM",NA,-5.19796739132343e-05,0.484,-2.67301562042423e-05,0.721,-32197.7701842229,66550.7600154883,26,3.14999999999999,TRUE,"","r2 over",5,3,5,2,4,471,510471,710471
"RDMM",4.06769355192798,0.917681681372865,0.021,0.745415184262865,0.105,-30800.3722848915,63721.4254404304,199,8.22000000000001,TRUE,"","r2 over",5,3,5,2,4,471,510471,710471
"DGMM",NA,0.35229451821723,0.203,0.146235830151131,0.531,-33699.5245321234,69554.2687112892,26,3.25,TRUE,"","r2 over",5,3,5,2,4,472,510472,710472
"RDMM",3.97197555857631,0.936960901838179,0.016,0.712810925053947,0.121,-31022.2952416053,64165.2713538581,171,7,TRUE,"","r2 over",5,3,5,2,4,472,510472,710472
"DGMM",NA,0.913849889677058,0.022,0.392718552833345,0.39,-32942.3421678805,68039.9039828035,15,1.86,TRUE,"","r2 over",5,3,5,2,4,473,510473,710473
"RDMM",4.54640147069571,0.940840842838261,0.015,0.744782221936015,0.105,-30558.1401785197,63236.9612276869,162,6.61,TRUE,"","r2 over",5,3,5,2,4,473,510473,710473
"DGMM",NA,0.770654037489424,0.061,0.278594367102987,0.508,-33256.0760203017,68667.3716876457,18,2.20999999999999,TRUE,"","r2 over",5,3,5,2,4,474,510474,710474
"RDMM",4.26031120667098,0.944728727931228,0.014,0.754143628083267,0.101,-30693.1260712475,63506.9330131426,144,5.86,TRUE,"","r2 over",5,3,5,2,4,474,510474,710474
"DGMM",NA,0.868492493175593,0.034,0.341176172120356,0.48,-33780.2580258695,69715.7356987815,13,1.64,TRUE,"","r2 over",5,3,5,2,4,475,510475,710475
"RDMM",4.16336834969943,0.925369368572512,0.019,0.736346544843809,0.108,-30873.6453099498,63867.971490547,267,11.03,TRUE,"","r2 over",5,3,5,2,4,475,510475,710475
"DGMM",NA,0.831575324109348,0.044,0.290646911738993,0.475,-33776.5075380582,69708.2347231588,16,1.98999999999998,TRUE,"","r2 over",5,3,5,2,4,476,510476,710476
"RDMM",3.95342726492302,0.902402434706969,0.025,0.699213594459735,0.126,-30960.8851316697,64042.451133987,100,4.18000000000001,TRUE,"","r2 over",5,3,5,2,4,476,510476,710476
"DGMM",NA,0.846246355629992,0.04,0.2905686711772,0.507,-33626.7243813855,69408.6684098134,17,2.11000000000001,TRUE,"","r2 over",5,3,5,2,4,477,510477,710477
"RDMM",3.69006617989909,0.917681681879641,0.021,0.719052812172302,0.116,-30674.6882448707,63470.057360389,177,7.25,TRUE,"","r2 over",5,3,5,2,4,477,510477,710477
"DGMM",NA,0.894810753894843,0.027,0.405653275110905,0.364,-32762.5101374511,67680.2399219446,14,1.72999999999999,TRUE,"","r2 over",5,3,5,2,4,478,510478,710478
"RDMM",4.08076272908002,0.925369311758724,0.019,0.75252014528783,0.101,-30344.2768282905,62809.2345272285,160,6.59,TRUE,"","r2 over",5,3,5,2,4,478,510478,710478
"DGMM",NA,0.898602628345724,0.026,0.425000582131772,0.369,-32778.1460108159,67711.5116686743,21,2.60999999999999,TRUE,"","r2 over",5,3,5,2,4,479,510479,710479
"RDMM",4.29067096139544,0.948624622247563,0.013,0.778674613824389,0.09,-30424.116514717,62968.9139000815,100,4.08000000000001,TRUE,"","r2 over",5,3,5,2,4,479,510479,710479
"DGMM",NA,0.883483577025296,0.03,0.331437879055391,0.447,-32811.7824229282,67778.7844928989,15,1.86000000000001,TRUE,"","r2 over",5,3,5,2,4,480,510480,710480
"RDMM",3.96787472913855,0.940840791925828,0.015,0.786634954440574,0.087,-30319.3980994012,62759.4770694499,206,8.44,TRUE,"","r2 over",5,3,5,2,4,480,510480,710480
"DGMM",NA,0.443015529245693,0.167,0.191609674816893,0.53,-33201.1478607014,68557.5153684452,22,2.78,TRUE,"","r2 over",5,3,5,2,4,481,510481,710481
"RDMM",3.9402653157817,0.925369376541081,0.019,0.720539691011027,0.117,-30822.042761117,63764.7663928816,154,6.28,TRUE,"","r2 over",5,3,5,2,4,481,510481,710481
"DGMM",NA,0.601782822831628,0.112,0.247773334941228,0.527,-33324.2411056378,68803.701858318,20,2.48000000000002,TRUE,"","r2 over",5,3,5,2,4,482,510482,710482
"RDMM",4.15051982303798,0.929225225592857,0.018,0.736053860433994,0.109,-30509.5606408434,63139.8021523342,115,4.88999999999999,TRUE,"","r2 over",5,3,5,2,4,482,510482,710482
"DGMM",NA,0.483916382820508,0.152,0.183720056871157,0.531,-33536.5831911491,69228.3860293407,22,2.67000000000002,TRUE,"","r2 over",5,3,5,2,4,483,510483,710483
"RDMM",3.9087900029796,0.917681670350468,0.021,0.52660736955061,0.244,-30876.1801254967,63873.041121641,101,4.19,TRUE,"","r2 over",5,3,5,2,4,483,510483,710483
"DGMM",NA,0.749709197719353,0.067,0.517298590066709,0.226,-33076.6936397481,68308.6069265387,16,1.97,TRUE,"","r2 over",5,3,5,2,4,484,510484,710484
"RDMM",4.08233538951636,0.933089028594122,0.017,0.768918001265647,0.094,-30561.3391112991,63243.3590932458,187,7.57999999999998,TRUE,"","r2 over",5,3,5,2,4,484,510484,710484
"DGMM",NA,0.817033053493044,0.048,0.279484253506103,0.502,-34038.4562959975,70232.1322390374,22,2.73000000000002,TRUE,"","r2 over",5,3,5,2,4,485,510485,710485
"RDMM",4.14261888792746,0.96036035996317,0.01,0.739457642494714,0.108,-30942.906645882,64006.4941624115,161,6.63999999999999,TRUE,"","r2 over",5,3,5,2,4,485,510485,710485
"DGMM",NA,0.902402347115637,0.025,0.416328579464133,0.431,-33053.6331950577,68262.4860371578,20,2.53,TRUE,"","r2 over",5,3,5,2,4,486,510486,710486
"RDMM",3.93288821398126,0.940840429238599,0.015,0.780007022747402,0.089,-30356.1200933891,62832.9210574258,187,7.69999999999999,TRUE,"","r2 over",5,3,5,2,4,486,510486,710486
"DGMM",NA,0.91768168959215,0.021,0.357209451472227,0.409,-33977.744267182,70110.7081814064,18,2.22,TRUE,"","r2 over",5,3,5,2,4,487,510487,710487
"RDMM",4.20320254452612,0.944728716598743,0.014,0.758760167105507,0.099,-31184.0618322583,64488.804535164,100,4.08000000000001,TRUE,"","r2 over",5,3,5,2,4,487,510487,710487
"DGMM",NA,0.432448921774334,0.171,0.205418395909262,0.578,-33247.0583131528,68649.3362733481,28,3.38999999999999,TRUE,"","r2 over",5,3,5,2,4,488,510488,710488
"RDMM",4.03883647285282,0.925369307661963,0.019,0.731226443551838,0.111,-30765.4190487429,63651.5189681333,100,4.12,TRUE,"","r2 over",5,3,5,2,4,488,510488,710488
"DGMM",NA,0.872228122581732,0.033,0.309345926241299,0.486,-33811.6221945606,69778.4640361636,26,3.26000000000002,TRUE,"","r2 over",5,3,5,2,4,489,510489,710489
"RDMM",4.07908876624438,0.913849780686659,0.022,0.736618047340181,0.108,-30912.1196011804,63944.9200730084,196,8.09999999999999,TRUE,"","r2 over",5,3,5,2,4,489,510489,710489
"DGMM",NA,0.875972248561037,0.032,0.377443748721144,0.371,-33701.1073389147,69557.4343248719,17,2.09,TRUE,"","r2 over",5,3,5,2,4,490,510490,710490
"RDMM",4.01896048666552,0.925369348629547,0.019,0.763248984299469,0.098,-30631.4200980823,63383.5210668122,101,4.13999999999999,TRUE,"","r2 over",5,3,5,2,4,490,510490,710490
"DGMM",NA,0.352284701398906,0.203,0.146479618650169,0.552,-33226.762489134,68608.7446253104,24,2.98000000000002,TRUE,"","r2 over",5,3,5,2,4,491,510491,710491
"RDMM",3.86125411882503,0.921521463902292,0.02,0.769615085466491,0.094,-31029.0601134186,64178.8010974846,102,4.07999999999998,TRUE,"","r2 over",5,3,5,2,4,491,510491,710491
"DGMM",NA,-0.000805094730309017,0.497,-0.000491142568530669,0.727,-32241.2093910873,66637.6384292171,36,4.40999999999997,TRUE,"","r2 over",5,3,5,2,4,492,510492,710492
"RDMM",3.66152559243064,0.898602565727298,0.026,0.74041252382754,0.107,-30861.714103512,63844.1090776714,268,10.98,TRUE,"","r2 over",5,3,5,2,4,492,510492,710492
"DGMM",NA,0.398821243750694,0.184,0.172966954207854,0.556,-33351.7190626664,68858.6577723751,33,4.07000000000005,TRUE,"","r2 over",5,3,5,2,4,493,510493,710493
"RDMM",3.75888851332276,0.910026027142495,0.023,0.715216083888309,0.118,-30712.3808723543,63545.4426153561,178,7.21999999999997,TRUE,"","r2 over",5,3,5,2,4,493,510493,710493
"DGMM",NA,0.91768165804001,0.021,0.372018869027217,0.454,-33147.3246290667,68449.8689051758,14,1.72000000000003,TRUE,"","r2 over",5,3,5,2,4,494,510494,710494
"RDMM",4.23612831883854,0.952528518110309,0.012,0.728669834196282,0.114,-30806.6847454332,63734.0503615139,136,5.54000000000002,TRUE,"","r2 over",5,3,5,2,4,494,510494,710494
"DGMM",NA,0.891026950987937,0.028,0.297865573215907,0.51,-33415.6824411844,68986.5845294112,21,2.59999999999997,TRUE,"","r2 over",5,3,5,2,4,495,510495,710495
"RDMM",3.85878408718644,0.952528484006189,0.012,0.7983984330944,0.082,-30297.7773544009,62716.2355794493,125,5.16000000000003,TRUE,"","r2 over",5,3,5,2,4,495,510495,710495
"DGMM",NA,0.391315312216536,0.187,0.15180657058887,0.576,-32707.2132804656,67569.6462079736,32,3.96999999999997,TRUE,"","r2 over",5,3,5,2,4,496,510496,710496
"RDMM",4.24898922251348,0.940840822488473,0.015,0.573792323118839,0.209,-30635.2107941344,63391.1024589163,167,7.01000000000005,TRUE,"","r2 over",5,3,5,2,4,496,510496,710496
"DGMM",NA,0.442706996466698,0.167,0.166964483279782,0.562,-33124.7091439319,68404.6379349063,22,2.67000000000002,TRUE,"","r2 over",5,3,5,2,4,497,510497,710497
"RDMM",4.01714834324582,0.940839890708149,0.015,0.744567323865093,0.104,-30550.1088102088,63220.8984910652,224,8.14999999999998,TRUE,"","r2 over",5,3,5,2,4,497,510497,710497
"DGMM",NA,0.891027321648672,0.028,0.343854199925142,0.428,-33316.6332032275,68788.4860534973,20,1.72999999999996,TRUE,"","r2 over",5,3,5,2,4,498,510498,710498
"RDMM",4.00441819009855,0.948624593831534,0.013,0.77831341405034,0.09,-30610.0599623295,63340.8007953065,100,2.74000000000001,TRUE,"","r2 over",5,3,5,2,4,498,510498,710498
"DGMM",NA,0.879723767399138,0.031,0.35378902519366,0.442,-33664.3004543083,69483.820555659,20,1.99000000000001,TRUE,"","r2 over",5,3,5,2,4,499,510499,710499
"RDMM",3.81911947922565,0.921521522748238,0.02,0.728492989955525,0.113,-30435.17068474,62991.0222401275,120,3.24000000000001,TRUE,"","r2 over",5,3,5,2,4,499,510499,710499
"DGMM",NA,0.90621017742929,0.024,0.345732710743157,0.471,-33359.6842537937,68874.5881546298,15,1.19,TRUE,"","r2 over",5,3,5,2,4,500,510500,710500
"RDMM",4.31560331124194,0.936960919798378,0.016,0.757864191826174,0.1,-30584.9097924054,63290.5004554583,124,3.03000000000003,TRUE,"","r2 over",5,3,5,2,4,500,510500,710500
