"Model","Estimated_nu","FirstLayer_ARI","FirstLayer_MR","Pathway_ARI","Pathway_MR","LogLik","BIC","Iterations","Elapsed_seconds","Success","Error","Contamination","Replication","Data_seed","Contamination_seed","Fit_seed"
"DGMM",NA,0.972168165557891,0.007,0.625557846761105,0.178,-27383.6894347087,56853.5209636699,17,0.94,TRUE,"",0,1,910001,920001,930001
"RDMM",199.999948989507,0.984048047659064,0.004,0.870141661517544,0.051,-27161.9972984167,56403.228935807,182,7.09,TRUE,"",0,1,910001,920001,930001
"DGMM",NA,0.929225208630752,0.018,0.604029010057574,0.179,-31538.8750409451,65163.8921761428,15,1.81,TRUE,"",0.1,1,910001,920001,930001
"RDMM",7.9703411279209,0.944728729592688,0.014,0.793800532243504,0.083,-29359.665082281,60798.5645035356,208,8.53,TRUE,"",0.1,1,910001,920001,930001
"DGMM",NA,-0.00066982395789113,0.49,0.283355826549777,0.536,-31636.9909344952,65360.123963243,23,2.76,TRUE,"",0.2,1,910001,920001,930001
"RDMM",4.98243189751467,0.9138498477491,0.022,0.782105046928119,0.088,-31169.4447957301,64418.1239304339,143,5.71,TRUE,"",0.2,1,910001,920001,930001
"DGMM",NA,-0.000717526029441089,0.491,0.240281832568729,0.545,-33455.086350881,68996.3147960146,19,2.29,TRUE,"",0.3,1,910001,920001,930001
"RDMM",3.92037173556312,0.887251255058043,0.029,0.554945375608819,0.218,-32962.2678888301,68003.7701166337,113,4.55,TRUE,"",0.3,1,910001,920001,930001
"DGMM",NA,-0.000347708044013708,0.487,-0.000603312004541032,0.73,-35238.2897021346,72562.7214985218,18,2.14,TRUE,"",0.4,1,910001,920001,930001
"RDMM",3.40137885187478,0.883483480642258,0.03,0.693755260552546,0.129,-34568.4707716979,71216.1758823694,100,4.03,TRUE,"",0.4,1,910001,920001,930001
"DGMM",NA,0.000756221563423321,0.479,-0.000448147268742257,0.729,-36783.4575845816,75653.0572634158,20,2.37,TRUE,"",0.5,1,910001,920001,930001
"RDMM",3.17669019967051,0.853629619471125,0.038,0.651877292814096,0.147,-36039.3147006727,74157.8637403191,100,4.08,TRUE,"",0.5,1,910001,920001,930001
"DGMM",NA,0.995999997133853,0.001,0.8514193524606,0.059,-27093.5499122312,56273.2419187151,19,2.34,TRUE,"",0,2,910002,920002,930002
"RDMM",199.99995185714,0.995999997133853,0.001,0.868158371183824,0.052,-27057.2263550476,56193.6870490687,100,4.03,TRUE,"",0,2,910002,920002,930002
"DGMM",NA,0.936960973731467,0.016,0.467238771965487,0.308,-31406.3906933344,64898.9234809213,16,1.95,TRUE,"",0.1,2,910002,920002,930002
"RDMM",7.94676705133759,0.960360311881468,0.01,0.538474300144222,0.293,-29337.3471267887,60753.928592551,131,5.23,TRUE,"",0.1,2,910002,920002,930002
"DGMM",NA,-0.000942033133179092,0.489,0.00362961019815356,0.703,-31497.0265253645,65080.1951449815,29,3.41,TRUE,"",0.2,2,910002,920002,930002
"RDMM",5.02944192631553,0.917681622697572,0.021,0.697920080850593,0.128,-31277.7676366097,64634.7696121929,200,8.09,TRUE,"",0.2,2,910002,920002,930002
"DGMM",NA,-0.00119690106766711,0.497,-0.000668923536712276,0.73,-33408.0457610081,68902.2336162688,29,3.41999999999999,TRUE,"",0.3,2,910002,920002,930002
"RDMM",3.79000295750184,0.88348334098492,0.03,0.48754198585629,0.319,-33165.9177427276,68411.0698244289,156,6.35000000000001,TRUE,"",0.3,2,910002,920002,930002
"DGMM",NA,0.831574722581719,0.044,0.428535485466853,0.288,-38918.8922778476,79923.9266499478,7,0.909999999999997,TRUE,"",0.4,2,910002,920002,930002
"RDMM",3.14810257223948,0.849933776864377,0.039,0.659194057710902,0.145,-34757.3433842711,71593.9211075159,104,4.25,TRUE,"",0.4,2,910002,920002,930002
"DGMM",NA,0.739338019210486,0.07,0.344172826719355,0.359,-40435.2321884035,82956.6064710596,7,0.890000000000001,TRUE,"",0.5,2,910002,920002,930002
"RDMM",2.91258899289518,0.831575003122874,0.044,0.65538695708143,0.146,-36404.0573042345,74887.3489474426,137,5.47,TRUE,"",0.5,2,910002,920002,930002
"DGMM",NA,0.984048046940939,0.004,0.672477431547261,0.148,-27202.3148700729,56490.7718343984,20,2.41,TRUE,"",0,3,910003,920003,930003
"RDMM",199.999948794798,0.988024023979096,0.003,0.862477365972921,0.054,-27024.9159619546,56129.0662628829,164,6.53999999999999,TRUE,"",0,3,910003,920003,930003
"DGMM",NA,0.929225212878938,0.018,0.560384628898198,0.206,-31227.4100615083,64540.9622172693,17,2.04000000000001,TRUE,"",0.1,3,910003,920003,930003
"RDMM",8.38341402587271,0.940840840618905,0.015,0.792806535269499,0.083,-29233.5780686809,60546.3904763354,141,5.7,TRUE,"",0.1,3,910003,920003,930003
"DGMM",NA,0.515037872845269,0.141,0.225248426468937,0.506,-34207.3366884904,70500.8154712334,19,2.34,TRUE,"",0.2,3,910003,920003,930003
"RDMM",4.77854428479093,0.906210217775035,0.024,0.714238159632735,0.118,-31313.3661499661,64705.9666389058,145,5.81,TRUE,"",0.2,3,910003,920003,930003
"DGMM",NA,-0.000464308240963123,0.488,0.000270022708811154,0.727,-33594.9785174862,69276.099129225,34,4.09,TRUE,"",0.3,3,910003,920003,930003
"RDMM",3.68091607279661,0.883483492881383,0.03,0.694731065141226,0.127,-33131.6332019579,68342.5007428895,103,4.19,TRUE,"",0.3,3,910003,920003,930003
"DGMM",NA,-0.000619604333042324,0.49,0.00104217246323138,0.729,-35399.9798769971,72886.1018482469,21,2.58999999999999,TRUE,"",0.4,3,910003,920003,930003
"RDMM",3.16589598790572,0.824288306855256,0.046,0.638720851263808,0.154,-34829.3414505653,71737.9172401042,108,4.28999999999999,TRUE,"",0.4,3,910003,920003,930003
"DGMM",NA,-0.000990962664329074,0.498,-0.000773683492351529,0.738,-37034.295835645,76154.7337655427,22,2.69,TRUE,"",0.5,3,910003,920003,930003
"RDMM",2.98700587108718,0.781237240656772,0.058,0.43019011597368,0.306,-36427.3011410262,74933.836621026,100,4.16,TRUE,"",0.5,3,910003,920003,930003
"DGMM",NA,0.992008,0.002,0.828009780713526,0.069,-27283.4032863411,56652.9486669349,46,5.45999999999998,TRUE,"",0,4,910004,920004,930004
"RDMM",199.999951406862,0.992008,0.002,0.835336591010316,0.066,-27262.3429543281,56603.9202476298,120,4.82999999999998,TRUE,"",0,4,910004,920004,930004
"DGMM",NA,0.781239767663682,0.058,0.433182559142377,0.281,-31451.2657336551,64988.6735615627,16,2.05000000000001,TRUE,"",0.1,4,910004,920004,930004
"RDMM",8.52966041508276,0.968224192894201,0.008,0.810616134588068,0.076,-29371.0823321739,60821.3990033214,104,4.13999999999999,TRUE,"",0.1,4,910004,920004,930004
"DGMM",NA,-0.000515936268746399,0.497,0.218255175200026,0.543,-31800.8570460812,65687.8561864151,24,2.90000000000001,TRUE,"",0.2,4,910004,920004,930004
"RDMM",5.07502482027159,0.891027003441713,0.028,0.705952278752729,0.122,-31374.4830263161,64828.2003916059,195,7.78,TRUE,"",0.2,4,910004,920004,930004
"DGMM",NA,-0.000272927250426357,0.489,-0.000517777474349495,0.736,-33537.5886821503,69161.3194585532,23,2.75,TRUE,"",0.3,4,910004,920004,930004
"RDMM",3.92963684727602,0.879723684676141,0.031,0.685656158390506,0.132,-33110.2256073323,68299.6855536382,100,4.21000000000001,TRUE,"",0.3,4,910004,920004,930004
"DGMM",NA,-0.000859387442625477,0.497,-0.000827525920771678,0.74,-35212.1720368749,72510.4861680025,21,2.60999999999999,TRUE,"",0.4,4,910004,920004,930004
"RDMM",3.51062616674028,0.835231119624366,0.043,0.469543215172183,0.285,-34757.526034602,71594.2864081776,114,4.61000000000001,TRUE,"",0.4,4,910004,920004,930004
"DGMM",NA,-0.000972961634254329,0.499,0.0018444471022915,0.728,-37000.7574694812,76087.6570332149,24,2.90000000000001,TRUE,"",0.5,4,910004,920004,930004
"RDMM",3.21858957393268,0.820656684690253,0.047,0.611405162627738,0.168,-36376.7381795871,74832.7106981478,100,3.98999999999998,TRUE,"",0.5,4,910004,920004,930004
"DGMM",NA,0.995999999719503,0.001,0.834758521618193,0.066,-27317.4084454669,56720.9589851864,21,2.60999999999999,TRUE,"",0,5,910005,920005,930005
"RDMM",199.999947128971,0.995999999719503,0.001,0.897411773862629,0.04,-27141.2132314666,56361.6608019069,112,4.53,TRUE,"",0,5,910005,920005,930005
"DGMM",NA,0.94084082808808,0.015,0.649388739481901,0.153,-31851.6076664785,65789.3574272095,22,2.72,TRUE,"",0.1,5,910005,920005,930005
"RDMM",7.47138768008667,0.948624621021968,0.013,0.822018447985917,0.071,-29454.6289749653,60988.4922889042,178,7.22999999999999,TRUE,"",0.1,5,910005,920005,930005
"DGMM",NA,0.652519950122914,0.096,0.349945419230093,0.534,-34085.4093588115,70256.9608118756,45,5.25,TRUE,"",0.2,5,910005,920005,930005
"RDMM",4.80076421962991,0.921521521929169,0.02,0.798286826967027,0.081,-31343.5053896434,64766.2451182604,136,5.39000000000001,TRUE,"",0.2,5,910005,920005,930005
"DGMM",NA,0.000499614983674119,0.481,-0.000642519031864119,0.731,-33707.1205609987,69500.38321625,26,3.14000000000001,TRUE,"",0.3,5,910005,920005,930005
"RDMM",3.84777154049566,0.90621021069739,0.024,0.754387762228509,0.1,-33035.3574078477,68149.9491546691,169,6.72,TRUE,"",0.3,5,910005,920005,930005
"DGMM",NA,0.00216591109246181,0.472,0.00111374940300869,0.717,-35451.9081408424,72989.9583759373,18,2.21000000000001,TRUE,"",0.4,5,910005,920005,930005
"RDMM",3.36792589050265,0.872228232542249,0.033,0.63004460108571,0.163,-34763.948824296,71607.1319875657,168,6.84,TRUE,"",0.4,5,910005,920005,930005
"DGMM",NA,-0.000314625956987346,0.487,-0.000349973331469842,0.728,-37220.7975555318,76527.7372053163,21,2.57999999999998,TRUE,"",0.5,5,910005,920005,930005
"RDMM",3.05546853410923,0.827927944463381,0.045,0.439040827406148,0.295,-36413.373623915,74905.9815868036,117,4.62,TRUE,"",0.5,5,910005,920005,930005
"DGMM",NA,0.980079961679004,0.005,0.681509387397341,0.138,-27118.3966450665,56322.9353843856,14,1.75999999999999,TRUE,"",0,6,910006,920006,930006
"RDMM",199.999949313422,0.980079961679004,0.005,0.838306139245607,0.064,-26953.7506137803,55986.7355665342,222,8.82999999999998,TRUE,"",0,6,910006,920006,930006
"DGMM",NA,0.824288406028319,0.046,0.583824164236524,0.184,-30750.242624542,63586.6273433366,15,1.82999999999998,TRUE,"",0.1,6,910006,920006,930006
"RDMM",8.37519596812859,0.940840489207494,0.015,0.80221696292199,0.079,-29143.3222814561,60365.8789018859,100,4.04000000000002,TRUE,"",0.1,6,910006,920006,930006
"DGMM",NA,0.611107730050585,0.109,0.304277808373041,0.373,-33389.9026924168,68865.9474790863,15,1.97000000000003,TRUE,"",0.2,6,910006,920006,930006
"RDMM",5.03349381182815,0.917680824657771,0.021,0.681455770467676,0.134,-31102.9737375488,64285.1818140712,100,4.09999999999997,TRUE,"",0.2,6,910006,920006,930006
"DGMM",NA,-0.000184450740218064,0.48,-0.000394699207466076,0.72,-33311.9954340475,68710.1329623476,29,3.44,TRUE,"",0.3,6,910006,920006,930006
"RDMM",3.87421449825659,0.820655341413974,0.047,0.559774655848336,0.198,-33094.0844754073,68267.4032897883,103,4.17999999999995,TRUE,"",0.3,6,910006,920006,930006
"DGMM",NA,0.00114216871787024,0.475,0.000439713851555636,0.718,-35147.5838242159,72381.3097426844,31,3.65000000000003,TRUE,"",0.4,6,910006,920006,930006
"RDMM",3.32807973043421,0.806210404990694,0.051,0.536567393960227,0.207,-34777.3798901488,71633.9941192713,107,4.31,TRUE,"",0.4,6,910006,920006,930006
"DGMM",NA,0.000353656518274893,0.481,-9.95957779113359e-05,0.723,-36912.186135681,75910.5143656146,23,2.75,TRUE,"",0.5,6,910006,920006,930006
"RDMM",3.06652719569752,0.777702167879835,0.059,0.576586835675886,0.184,-36371.1776575453,74821.5896540642,160,6.44,TRUE,"",0.5,6,910006,920006,930006
"DGMM",NA,0.988024013915246,0.003,0.712104496253984,0.123,-27343.6831450906,56773.5083844339,12,1.49000000000001,TRUE,"",0,7,910007,920007,930007
"RDMM",176.163617486439,0.992008001591865,0.002,0.860683603982918,0.055,-27117.6432907499,56314.5209204734,147,5.88,TRUE,"",0,7,910007,920007,930007
"DGMM",NA,0.944728680208755,0.014,0.703316466109713,0.125,-31637.4119801028,65360.9660544581,13,1.64000000000004,TRUE,"",0.1,7,910007,920007,930007
"RDMM",7.73979011525887,0.964288261359804,0.009,0.799224946283506,0.081,-29345.5469524557,60770.3282438849,100,4.19,TRUE,"",0.1,7,910007,920007,930007
"DGMM",NA,0.910025944679464,0.023,0.519038974332189,0.229,-34331.762243994,70749.6665822405,19,2.31999999999999,TRUE,"",0.2,7,910007,920007,930007
"RDMM",5.19867430121447,0.940840812211142,0.015,0.786620727779411,0.086,-31114.9701945874,64309.1747281485,117,4.84000000000003,TRUE,"",0.2,7,910007,920007,930007
"DGMM",NA,-0.000672255917182941,0.496,-0.000931449657582327,0.741,-33245.852237813,68577.8465698786,36,4.65999999999997,TRUE,"",0.3,7,910007,920007,930007
"RDMM",4.10769051949326,0.925369322053268,0.019,0.755061950379692,0.1,-32749.8713969,67578.9771327736,100,4.32000000000005,TRUE,"",0.3,7,910007,920007,930007
"DGMM",NA,0.795460053374006,0.054,0.470811894364731,0.249,-38192.1139891208,78470.3700724942,6,1.01999999999998,TRUE,"",0.4,7,910007,920007,930007
"RDMM",3.47638003475765,0.872228189402024,0.033,0.669440662824118,0.14,-34472.0844133158,71023.4031656053,137,6.08999999999997,TRUE,"",0.4,7,910007,920007,930007
"DGMM",NA,0.732469004413472,0.072,0.37302779949173,0.318,-39992.933082356,82072.0082589646,6,0.819999999999993,TRUE,"",0.5,7,910007,920007,930007
"RDMM",3.09889048417042,0.84624618510467,0.04,0.651937455878347,0.147,-36110.6622995509,74300.5589380754,154,6.68000000000001,TRUE,"",0.5,7,910007,920007,930007
"DGMM",NA,0.995999996383551,0.001,0.653523726825829,0.153,-27429.5186081392,56945.1793105309,16,2.22999999999996,TRUE,"",0,8,910008,920008,930008
"RDMM",199.999951119282,0.988024012641135,0.003,0.820703407275631,0.072,-27250.1804211134,56579.5951812004,155,7.10999999999996,TRUE,"",0,8,910008,920008,930008
"DGMM",NA,0.936960970460011,0.016,0.602791943416365,0.178,-31157.6956282471,64401.5333507469,17,2.25,TRUE,"",0.1,8,910008,920008,930008
"RDMM",8.90648650807548,0.956440415195111,0.011,0.771300397394166,0.093,-29344.8499394628,60768.9342178991,101,4.16000000000003,TRUE,"",0.1,8,910008,920008,930008
"DGMM",NA,0.608025622932387,0.11,0.283181541245714,0.533,-33190.2872592712,68466.716612795,24,2.81,TRUE,"",0.2,8,910008,920008,930008
"RDMM",5.62796968033537,0.929225157135072,0.018,0.693767474650721,0.129,-31019.6140312747,64118.4624015231,185,7.44,TRUE,"",0.2,8,910008,920008,930008
"DGMM",NA,0.00025115004996419,0.484,0.00124886393233077,0.725,-33164.5897304271,68415.3215551069,38,4.51999999999998,TRUE,"",0.3,8,910008,920008,930008
"RDMM",4.35276489987017,0.875971852648563,0.032,0.477827370302625,0.307,-32878.8008050862,67836.8359491461,126,5.11000000000001,TRUE,"",0.3,8,910008,920008,930008
"DGMM",NA,0.718822865192061,0.076,0.346052402614506,0.401,-37892.2306715405,77870.6034373335,6,0.75,TRUE,"",0.4,8,910008,920008,930008
"RDMM",3.61786963875828,0.846246098324665,0.04,0.444298596830074,0.313,-34537.9284480973,71155.0912351682,108,4.35000000000002,TRUE,"",0.4,8,910008,920008,930008
"DGMM",NA,-0.000980213130149874,0.5,0.00140739718169365,0.729,-36501.0452055731,75088.2325053988,21,2.54000000000002,TRUE,"",0.5,8,910008,920008,930008
"RDMM",3.44004136798704,0.802618447027372,0.052,0.423978511148833,0.335,-36085.3404499998,74249.9152389733,146,5.85999999999996,TRUE,"",0.5,8,910008,920008,930008
"DGMM",NA,1,0,0.639954910667601,0.163,-27269.4324347759,56625.0069638044,26,3.08999999999997,TRUE,"",0,9,910009,920009,930009
"RDMM",199.999947456659,0.995999996912225,0.001,0.850133009657656,0.06,-27133.5337844039,56346.3019077814,166,6.80000000000001,TRUE,"",0,9,910009,920009,930009
"DGMM",NA,0.933089029714043,0.017,0.470080522713245,0.473,-31788.2584252702,65662.658944793,23,2.83999999999997,TRUE,"",0.1,9,910009,920009,930009
"RDMM",7.32576061696629,0.972168149494633,0.007,0.814602517219414,0.075,-29486.0149556176,61051.2642502089,197,7.77000000000004,TRUE,"",0.1,9,910009,920009,930009
"DGMM",NA,0.00101382371135525,0.48,0.0022226446473007,0.717,-32257.9620219107,66602.0661380741,27,3.20999999999998,TRUE,"",0.2,9,910009,920009,930009
"RDMM",4.8108768233545,0.936960922531165,0.016,0.776363134609863,0.091,-31314.6759797424,64708.5862984585,202,8.13999999999999,TRUE,"",0.2,9,910009,920009,930009
"DGMM",NA,-9.97530516915101e-05,0.487,0.00063792016661714,0.725,-33449.9785216473,68986.0991375472,26,3.19,TRUE,"",0.3,9,910009,920009,930009
"RDMM",3.933509803059,0.917681612197773,0.021,0.738479329181008,0.109,-32928.7663871772,67936.767113328,134,5.50999999999999,TRUE,"",0.3,9,910009,920009,930009
"DGMM",NA,-0.0001015277343353,0.486,-6.30561923002709e-05,0.718,-35291.6220300727,72669.3861543979,27,3.25,TRUE,"",0.4,9,910009,920009,930009
"RDMM",3.37974676185466,0.883483388915988,0.03,0.699725118600277,0.126,-34505.9906080632,71091.2155551,100,4.11000000000001,TRUE,"",0.4,9,910009,920009,930009
"DGMM",NA,-0.000649626677840624,0.491,-0.000827269877385394,0.731,-36965.4741651138,76017.0904244803,40,4.67000000000002,TRUE,"",0.5,9,910009,920009,930009
"RDMM",3.15349760834023,0.861044920236219,0.036,0.661689604778761,0.144,-36075.7242799572,74230.6828988881,141,5.63999999999999,TRUE,"",0.5,9,910009,920009,930009
"DGMM",NA,0.988024019417188,0.003,0.506583212491219,0.286,-27322.5187578974,56731.1796100474,17,2.08000000000004,TRUE,"",0,10,910010,920010,930010
"RDMM",199.99995550462,0.988024019417188,0.003,0.859058302341692,0.056,-27015.5821615281,56110.3986620299,181,7.26999999999998,TRUE,"",0,10,910010,920010,930010
"DGMM",NA,0.944728703009325,0.014,0.63856395283005,0.16,-31491.2191772443,65068.5804487413,17,2.12,TRUE,"",0.1,10,910010,920010,930010
"RDMM",8.08219230054151,0.960360341914831,0.01,0.80202626676597,0.08,-29300.3804039837,60679.9951469411,100,4.06,TRUE,"",0.1,10,910010,920010,930010
"DGMM",NA,-0.000198309775004373,0.488,0.00105018996116573,0.727,-31571.6465491947,65229.435192642,22,2.70000000000005,TRUE,"",0.2,10,910010,920010,930010
"RDMM",5.02981484235784,0.933089063350261,0.017,0.5152403819118,0.295,-31263.1437131074,64605.5217651884,113,4.48000000000002,TRUE,"",0.2,10,910010,920010,930010
"DGMM",NA,0.00106657600858141,0.478,0.140873715417158,0.561,-33590.6755356088,69267.4931654702,17,2.12,TRUE,"",0.3,10,910010,920010,930010
"RDMM",3.88724209147036,0.929225195804495,0.018,0.734138261381142,0.111,-32920.0735278315,67919.3813946367,140,5.63,TRUE,"",0.3,10,910010,920010,930010
"DGMM",NA,0.00342124470509574,0.467,0.00276518244769685,0.716,-35467.7182594783,73021.5786132093,16,1.89999999999998,TRUE,"",0.4,10,910010,920010,930010
"RDMM",3.38494097077559,0.887251192956335,0.029,0.693009115959666,0.129,-34669.3683710114,71417.9710809965,300,12.01,TRUE,"",0.4,10,910010,920010,930010
"DGMM",NA,0.00421490912639128,0.464,0.00399083803904778,0.714,-37363.7143601779,76813.5708146084,17,2.06999999999999,TRUE,"",0.5,10,910010,920010,930010
"RDMM",3.14769497654421,0.824288241410269,0.046,0.455296465924757,0.298,-36409.9068493907,74899.048037755,101,4.06,TRUE,"",0.5,10,910010,920010,930010
"DGMM",NA,0.980080074762783,0.005,0.724724201163227,0.116,-27310.9109071462,56707.963908545,21,2.5,TRUE,"",0,11,910011,920011,930011
"RDMM",199.999948591245,0.98404804262605,0.004,0.845948887731166,0.061,-27144.4779977188,56368.1903344113,170,6.76000000000005,TRUE,"",0,11,910011,920011,930011
"DGMM",NA,0.936960918892839,0.016,0.700814938179291,0.127,-31625.5828069964,65337.3077082454,21,2.48000000000002,TRUE,"",0.1,11,910011,920011,930011
"RDMM",8.04237365714503,0.948624610910807,0.013,0.812551404064837,0.075,-29380.2555748384,60839.7454886505,100,4.07999999999998,TRUE,"",0.1,11,910011,920011,930011
"DGMM",NA,0.00110863513875329,0.476,0.000146503612742857,0.72,-31590.716954551,65267.5760033545,27,3.20999999999998,TRUE,"",0.2,11,910011,920011,930011
"RDMM",5.06205212949764,0.9100260141776,0.023,0.76143589406655,0.097,-31225.3416230324,64529.9175850383,143,5.96000000000004,TRUE,"",0.2,11,910011,920011,930011
"DGMM",NA,0.00159950280997531,0.474,-0.000302256791093976,0.722,-33414.4311328179,68915.0043598885,35,4.25,TRUE,"",0.3,11,910011,920011,930011
"RDMM",3.93032537958865,0.872228211402314,0.033,0.717866605131714,0.116,-33072.6499162153,68224.5341714041,100,3.95999999999992,TRUE,"",0.3,11,910011,920011,930011
"DGMM",NA,0.749705809932315,0.067,0.411925036124123,0.29,-38441.5719446346,78969.2859835218,6,0.780000000000086,TRUE,"",0.4,11,910011,920011,930011
"RDMM",3.436794309022,0.838894814906735,0.042,0.662414428377185,0.142,-34769.3634708061,71617.9612805858,100,4.07999999999993,TRUE,"",0.4,11,910011,920011,930011
"DGMM",NA,0.63644043655859,0.101,0.287266926346058,0.396,-39846.5362636689,81779.2146215905,6,0.790000000000077,TRUE,"",0.5,11,910011,920011,930011
"RDMM",3.23238606103317,0.777701642362801,0.059,0.43451605314262,0.332,-36408.8635947766,74896.9615285267,115,4.68999999999994,TRUE,"",0.5,11,910011,920011,930011
"DGMM",NA,0.988024023896152,0.003,0.715225530127968,0.122,-27405.1476070948,56896.4373084422,12,1.45000000000005,TRUE,"",0,12,910012,920012,930012
"RDMM",199.999950370997,0.988024023896152,0.003,0.842508611180449,0.063,-27198.9631910967,56477.1607211671,207,8.27999999999997,TRUE,"",0,12,910012,920012,930012
"DGMM",NA,0.698592599828057,0.082,0.434806439506658,0.277,-31931.326355217,65948.7948046865,13,1.59000000000003,TRUE,"",0.1,12,910012,920012,930012
"RDMM",7.73269644266286,0.925369368572512,0.019,0.751871778901557,0.103,-29455.9691144563,60991.1725678863,107,4.33000000000004,TRUE,"",0.1,12,910012,920012,930012
"DGMM",NA,0.791891947442924,0.055,0.49757796591752,0.239,-35408.9012132831,72903.9445208189,6,0.799999999999955,TRUE,"",0.2,12,910012,920012,930012
"RDMM",4.876961652599,0.887251262085965,0.029,0.713134270168674,0.121,-31307.21282322,64693.6599854136,100,4.00999999999999,TRUE,"",0.2,12,910012,920012,930012
"DGMM",NA,-0.00113528741592966,0.5,0.0543751417352016,0.618,-33542.8098172441,69171.7617287409,17,2.04000000000008,TRUE,"",0.3,12,910012,920012,930012
"RDMM",3.88672196222628,0.849933914172145,0.039,0.457643795140049,0.324,-33047.8365578032,68174.90745458,100,4.02999999999997,TRUE,"",0.3,12,910012,920012,930012
"DGMM",NA,-0.00107542195662721,0.5,-0.00030878824838013,0.726,-35229.7509999562,72545.6440941651,21,2.5,TRUE,"",0.4,12,910012,920012,930012
"RDMM",3.33969738618189,0.857333331810032,0.037,0.61933154503301,0.166,-34631.495266774,71342.2248725216,100,4.04000000000008,TRUE,"",0.4,12,910012,920012,930012
"DGMM",NA,-0.00083633999908536,0.493,-0.000854599594093138,0.73,-36985.647288639,76057.4366715306,19,2.29999999999995,TRUE,"",0.5,12,910012,920012,930012
"RDMM",3.10929227378685,0.824288313616099,0.046,0.601342171633123,0.173,-36280.1029928748,74639.4403247233,117,4.88999999999999,TRUE,"",0.5,12,910012,920012,930012
"DGMM",NA,1,0,0.553383426995358,0.24,-27458.1270160515,57002.3961263556,17,2.06000000000006,TRUE,"",0,13,910013,920013,930013
"RDMM",199.999947218255,1,0,0.861543785316742,0.055,-27178.4597313161,56436.1538016058,124,5.52999999999997,TRUE,"",0,13,910013,920013,930013
"DGMM",NA,0.956440415183938,0.011,0.751046245880209,0.103,-30838.2391257672,63762.6203457871,16,1.91999999999996,TRUE,"",0.1,13,910013,920013,930013
"RDMM",8.83053033623136,0.968224198713949,0.008,0.8372140552289,0.065,-29175.1811565435,60429.5966520606,100,4.08000000000004,TRUE,"",0.1,13,910013,920013,930013
"DGMM",NA,0.64929409166909,0.097,0.382945023293331,0.298,-33945.2518722922,69976.6458388371,30,3.58000000000004,TRUE,"",0.2,13,910013,920013,930013
"RDMM",5.07777159108751,0.913849775957547,0.022,0.55199657794354,0.235,-31260.4144009237,64600.0631408209,100,4.02999999999997,TRUE,"",0.2,13,910013,920013,930013
"DGMM",NA,0.00695944199104912,0.456,0.00289405635353582,0.694,-33763.4685071415,69613.0791085357,26,3.09000000000003,TRUE,"",0.3,13,910013,920013,930013
"RDMM",3.76670204110563,0.87597189282472,0.032,0.738322406340323,0.107,-33111.9843706975,68303.2030803686,103,4.13999999999999,TRUE,"",0.3,13,910013,920013,930013
"DGMM",NA,0.00549632158898745,0.46,0.00125140594725854,0.701,-35470.0828011393,73026.3076965311,34,4.12,TRUE,"",0.4,13,910013,920013,930013
"RDMM",3.25813059080491,0.820656724955108,0.047,0.469456574622613,0.331,-34885.4860643286,71850.2064676308,100,4.01999999999998,TRUE,"",0.4,13,910013,920013,930013
"DGMM",NA,0.608010044129058,0.11,0.241574994993275,0.5,-40411.507003621,82909.1561014946,11,1.36000000000001,TRUE,"",0.5,13,910013,920013,930013
"RDMM",3.01527576277773,0.795459758404356,0.054,0.665040444885775,0.14,-36439.3734100469,74957.9811590675,102,4.13,TRUE,"",0.5,13,910013,920013,930013
"DGMM",NA,1,0,0.847009864777008,0.061,-27275.6214532487,56637.3850007501,19,2.28999999999996,TRUE,"",0,14,910014,920014,930014
"RDMM",195.276250073593,1,0,0.859185278380911,0.056,-27246.6026331843,56572.4396053422,100,4.06000000000006,TRUE,"",0,14,910014,920014,930014
"DGMM",NA,0.964288253218386,0.009,0.728879598625811,0.114,-31677.9138866227,65441.9698674979,19,2.27999999999997,TRUE,"",0.1,14,910014,920014,930014
"RDMM",7.83954238259398,0.972168140836529,0.007,0.825473571810658,0.07,-29451.4235417019,60982.0814223775,100,4,TRUE,"",0.1,14,910014,920014,930014
"DGMM",NA,0.929225188778645,0.018,0.624247272402587,0.167,-33880.6615130149,69847.4651202824,23,2.75,TRUE,"",0.2,14,910014,920014,930014
"RDMM",5.28100112325057,0.940840781800237,0.015,0.790419145459259,0.085,-31135.6992902793,64350.6329195323,100,4.25,TRUE,"",0.2,14,910014,920014,930014
"DGMM",NA,0.78123821445173,0.058,0.422863928837019,0.381,-36881.1972987561,75848.5366917648,27,3.16999999999996,TRUE,"",0.3,14,910014,920014,930014
"RDMM",3.92463029759792,0.872228108873526,0.033,0.726032935629628,0.113,-32964.9856952003,68009.2057293741,170,6.71999999999991,TRUE,"",0.3,14,910014,920014,930014
"DGMM",NA,0.000703006675557038,0.48,0.000915252495046409,0.719,-35528.5927623793,73143.3276190111,27,3.25,TRUE,"",0.4,14,910014,920014,930014
"RDMM",3.41221518478749,0.857333193230667,0.037,0.713056399820932,0.119,-34613.8520862694,71306.9385115124,142,5.69000000000005,TRUE,"",0.4,14,910014,920014,930014
"DGMM",NA,0.000970433039387994,0.478,0.00306900620868958,0.723,-37340.7513883259,76767.6448709045,43,5.14999999999998,TRUE,"",0.5,14,910014,920014,930014
"RDMM",3.06441731900596,0.824288130464679,0.046,0.68052103958202,0.134,-36247.3240374981,74573.8824139698,114,4.48000000000002,TRUE,"",0.5,14,910014,920014,930014
"DGMM",NA,1,0,0.83256192560446,0.067,-27025.2011939246,56136.5444821018,17,2.12,TRUE,"",0,15,910015,920015,930015
"RDMM",199.999955775777,1,0,0.847339235969269,0.061,-27008.2014104252,56095.6371598241,100,4.10000000000002,TRUE,"",0,15,910015,920015,930015
"DGMM",NA,0.944728738564567,0.014,0.662549566767471,0.146,-31316.0504948701,64718.2430839927,13,1.61000000000001,TRUE,"",0.1,15,910015,920015,930015
"RDMM",8.66244914046297,0.97216816899364,0.007,0.788787289093857,0.086,-29171.9691018276,60423.1725426289,148,5.92999999999995,TRUE,"",0.1,15,910015,920015,930015
"DGMM",NA,0.824288287037532,0.046,0.37777634354955,0.345,-34164.3458065923,70414.8337074371,14,1.69000000000005,TRUE,"",0.2,15,910015,920015,930015
"RDMM",5.32944803512708,0.933089073927276,0.017,0.521034614217533,0.309,-31087.1604345458,64253.5552080652,117,4.70000000000005,TRUE,"",0.2,15,910015,920015,930015
"DGMM",NA,0.000358924711282975,0.481,0.000503778486649599,0.73,-33215.9681369287,68518.0783681099,26,3.05999999999995,TRUE,"",0.3,15,910015,920015,930015
"RDMM",4.1858163198448,0.913849842286599,0.022,0.520977907605279,0.305,-32674.0793157164,67427.3929704064,133,5.38999999999999,TRUE,"",0.3,15,910015,920015,930015
"DGMM",NA,0.777701735722657,0.059,0.379714603346867,0.328,-37937.6973988016,77961.5368918558,9,1.29000000000008,TRUE,"",0.4,15,910015,920015,930015
"RDMM",3.63112678279072,0.879723718158722,0.031,0.552913142833779,0.22,-34315.454750342,70710.1438396577,155,6.22000000000003,TRUE,"",0.4,15,910015,920015,930015
"DGMM",NA,0.698594403647394,0.082,0.266900895359031,0.448,-39538.2848018941,81162.7116980407,6,0.799999999999955,TRUE,"",0.5,15,910015,920015,930015
"RDMM",3.29946190313417,0.842566433769751,0.041,0.445976019190714,0.348,-35974.4330742204,74028.1004874145,117,4.68999999999994,TRUE,"",0.5,15,910015,920015,930015
"DGMM",NA,0.995999992160313,0.001,0.780086231075063,0.09,-27471.9697707287,57030.0816357099,29,3.5,TRUE,"",0,16,910016,920016,930016
"RDMM",199.999951346348,1,0,0.7231104733225,0.122,-27437.1481312348,56953.5306014433,114,4.57999999999993,TRUE,"",0,16,910016,920016,930016
"DGMM",NA,0.791891078641411,0.055,0.529274938331831,0.219,-31131.7745438182,64349.691181889,23,2.74000000000001,TRUE,"",0.1,16,910016,920016,930016
"RDMM",8.43198347833682,0.952528421503534,0.012,0.794269343897422,0.082,-29470.5970192079,61020.4283773895,106,4.27999999999997,TRUE,"",0.1,16,910016,920016,930016
"DGMM",NA,0.589395346003886,0.116,0.286739781987151,0.543,-33400.5343990511,68887.2108923549,23,2.90000000000009,TRUE,"",0.2,16,910016,920016,930016
"RDMM",5.22002337852401,0.925369223099176,0.019,0.721666774978154,0.115,-31305.2484075411,64689.7311540557,129,5.25,TRUE,"",0.2,16,910016,920016,930016
"DGMM",NA,0.767143480528103,0.062,0.417252041059598,0.287,-36453.8591464128,74993.8603870783,6,0.799999999999955,TRUE,"",0.3,16,910016,920016,930016
"RDMM",4.1026585798856,0.891026844240574,0.028,0.699582094263569,0.125,-32995.5040470883,68070.2424331502,109,4.45000000000005,TRUE,"",0.3,16,910016,920016,930016
"DGMM",NA,0.655756198650143,0.095,0.341739921428408,0.337,-38018.5511626743,78123.2444196012,6,0.779999999999973,TRUE,"",0.4,16,910016,920016,930016
"RDMM",3.6298776688113,0.875971614800407,0.032,0.655267344395658,0.146,-34516.9746175525,71113.1835740787,140,5.63,TRUE,"",0.4,16,910016,920016,930016
"DGMM",NA,0.642845932132535,0.099,0.310410700936131,0.367,-39438.4942105477,80963.130515348,6,0.759999999999991,TRUE,"",0.5,16,910016,920016,930016
"RDMM",3.30528139139046,0.838894430950064,0.042,0.626523115751137,0.16,-36160.8956965518,74401.0257320771,100,4.02999999999997,TRUE,"",0.5,16,910016,920016,930016
"DGMM",NA,0.995999999814926,0.001,0.700283712841194,0.129,-27290.4003826115,56666.9428594755,15,1.79999999999995,TRUE,"",0,17,910017,920017,930017
"RDMM",199.999950888361,0.995999999814926,0.001,0.839803746993168,0.064,-27054.0311829054,56187.2967047845,232,9.38,TRUE,"",0,17,910017,920017,930017
"DGMM",NA,0.824287879704142,0.046,0.650439185678389,0.148,-31005.2641590677,64096.6704123879,26,3.09000000000003,TRUE,"",0.1,17,910017,920017,930017
"RDMM",8.59990510166856,0.956440436355099,0.011,0.797358282342007,0.082,-29242.3634816441,60563.9613022618,100,4.03999999999996,TRUE,"",0.1,17,910017,920017,930017
"DGMM",NA,-0.00081314700968182,0.492,-0.00138055169145518,0.734,-31357.3078082106,64800.7577106738,25,2.99000000000001,TRUE,"",0.2,17,910017,920017,930017
"RDMM",5.51858370737657,0.91384982404833,0.022,0.720898605475264,0.116,-30963.2492221814,64005.7327833363,195,7.78999999999996,TRUE,"",0.2,17,910017,920017,930017
"DGMM",NA,-0.000843136151935802,0.493,0.19885294302111,0.541,-33265.2692043256,68616.6805029037,19,2.32000000000005,TRUE,"",0.3,17,910017,920017,930017
"RDMM",4.00125178519614,0.891027001476269,0.028,0.726591374773495,0.113,-32834.6641494447,67748.562637863,100,4.03999999999996,TRUE,"",0.3,17,910017,920017,930017
"DGMM",NA,-0.000873737708782541,0.494,-0.00138189484021784,0.729,-35301.5131442249,72689.1683827025,25,2.97000000000003,TRUE,"",0.4,17,910017,920017,930017
"RDMM",3.29655249725862,0.827927844654744,0.045,0.62957873063879,0.16,-34781.0150535682,71641.2644461099,136,5.43000000000006,TRUE,"",0.4,17,910017,920017,930017
"DGMM",NA,-0.000989565717270836,0.498,-0.00109074784481974,0.73,-37000.3844766328,76086.9110475183,21,2.59999999999991,TRUE,"",0.5,17,910017,920017,930017
"RDMM",3.01652878150035,0.82428818117109,0.046,0.62268812641049,0.163,-36392.5279355012,74864.290209976,147,5.87,TRUE,"",0.5,17,910017,920017,930017
"DGMM",NA,0.99599999837435,0.001,0.703893602654247,0.127,-27159.1167476424,56404.3755895375,14,1.7299999999999,TRUE,"",0,18,910018,920018,930018
"RDMM",199.999953474497,1,0,0.851758044282181,0.059,-26993.5489319511,56066.3322028758,115,4.63,TRUE,"",0,18,910018,920018,930018
"DGMM",NA,0.956440431955499,0.011,0.644502764770603,0.156,-31386.3499915613,64858.8420773752,12,1.5,TRUE,"",0.1,18,910018,920018,930018
"RDMM",8.28756900766958,0.960360350255835,0.01,0.806070330018905,0.078,-29218.7212738585,60516.6768866907,194,7.72000000000003,TRUE,"",0.1,18,910018,920018,930018
"DGMM",NA,0.583292981995243,0.118,0.275527149594443,0.402,-33422.4114849063,68930.9650640651,14,1.88999999999999,TRUE,"",0.2,18,910018,920018,930018
"RDMM",5.39722272237938,0.925369376368788,0.019,0.549773920710716,0.251,-31068.9369662307,64217.1082714351,140,5.67000000000007,TRUE,"",0.2,18,910018,920018,930018
"DGMM",NA,-0.000791894057932193,0.496,0.000787601549596233,0.729,-33203.3654234573,68492.8729411672,21,2.52999999999997,TRUE,"",0.3,18,910018,920018,930018
"RDMM",4.16957463217694,0.894810859126095,0.027,0.73095389235536,0.11,-32757.2983287303,67593.8309964342,240,9.59000000000003,TRUE,"",0.3,18,910018,920018,930018
"DGMM",NA,9.12899596405969e-05,0.484,0.000977087582257642,0.725,-34956.8536911573,71999.8494765673,21,2.5,TRUE,"",0.4,18,910018,920018,930018
"RDMM",3.58122208225734,0.853629631741585,0.038,0.496194105098771,0.312,-34497.0380802325,71073.3104994386,118,4.76999999999998,TRUE,"",0.4,18,910018,920018,930018
"DGMM",NA,0.000625993887577849,0.48,0.00202887784352716,0.72,-36684.0985652274,75454.3392247074,26,3.07000000000005,TRUE,"",0.5,18,910018,920018,930018
"RDMM",3.25182586889004,0.817032986392991,0.048,0.637024009340141,0.155,-36044.3854528741,74168.0052447219,151,6.01999999999998,TRUE,"",0.5,18,910018,920018,930018
"DGMM",NA,0.992007998034384,0.002,0.836550694779076,0.066,-27082.8026752879,56251.7474448284,18,2.24000000000001,TRUE,"",0,19,910019,920019,930019
"RDMM",199.999953721096,0.992008001180189,0.002,0.878571435773216,0.048,-27047.9754483205,56175.1852356146,100,4.03999999999996,TRUE,"",0,19,910019,920019,930019
"DGMM",NA,0.92922507358719,0.018,0.527539434955639,0.245,-31353.576502952,64793.2951001567,23,2.73000000000002,TRUE,"",0.1,19,910019,920019,930019
"RDMM",8.32362962536974,0.933089133982347,0.017,0.784592049485288,0.087,-29224.6267253828,60528.4877897391,113,4.52999999999997,TRUE,"",0.1,19,910019,920019,930019
"DGMM",NA,0.544169116272355,0.131,0.402748730792096,0.302,-33819.5017337345,69725.1455617216,27,3.23000000000002,TRUE,"",0.2,19,910019,920019,930019
"RDMM",5.17169868060737,0.917681720711395,0.021,0.774767936597767,0.091,-31255.3478527856,64589.9300445448,100,3.98000000000002,TRUE,"",0.2,19,910019,920019,930019
"DGMM",NA,0.875972096795119,0.032,0.439784540351552,0.306,-36190.9457409762,74468.0335762051,30,3.69000000000005,TRUE,"",0.3,19,910019,920019,930019
"RDMM",4.05716173648857,0.891027008017265,0.028,0.703727129027091,0.124,-32870.6454403887,67820.5252197511,100,4.12,TRUE,"",0.3,19,910019,920019,930019
"DGMM",NA,0.00270662496464358,0.469,0.000778365684690466,0.714,-35485.3869179713,73056.9159301951,21,2.57999999999993,TRUE,"",0.4,19,910019,920019,930019
"RDMM",3.42930526126283,0.838895016678517,0.042,0.652622937717114,0.147,-34666.8737303621,71412.9817996977,131,5.21000000000004,TRUE,"",0.4,19,910019,920019,930019
"DGMM",NA,0.00280855003335269,0.469,0.00123738640854798,0.723,-36936.0150345964,75958.1721634455,25,3.03999999999996,TRUE,"",0.5,19,910019,920019,930019
"RDMM",3.07162224274449,0.824288201047996,0.046,0.653074479757228,0.148,-36299.306403765,74677.8471465037,123,4.95000000000005,TRUE,"",0.5,19,910019,920019,930019
"DGMM",NA,0.995999999449395,0.001,0.835116088983893,0.066,-27072.2705936796,56230.6832816118,19,2.31000000000006,TRUE,"",0,20,910020,920020,930020
"RDMM",153.279397296531,0.988024022375517,0.003,0.811701216545982,0.076,-27036.6712825983,56152.5769041703,100,3.95999999999992,TRUE,"",0,20,910020,920020,930020
"DGMM",NA,0.956440427930214,0.011,0.576394650318919,0.199,-31361.7945974155,64809.7312890836,20,2.47000000000003,TRUE,"",0.1,20,910020,920020,930020
"RDMM",7.80554254143413,0.956440434444416,0.011,0.754047168657614,0.101,-29249.5167921008,60578.2679231753,108,4.30999999999995,TRUE,"",0.1,20,910020,920020,930020
"DGMM",NA,0.60801347968816,0.11,0.288384546847378,0.541,-33441.9357155217,68970.013525296,24,2.88,TRUE,"",0.2,20,910020,920020,930020
"RDMM",4.88973513047473,0.910026055230205,0.023,0.74610817161374,0.104,-31109.9715199922,64299.177378958,107,4.29999999999995,TRUE,"",0.2,20,910020,920020,930020
"DGMM",NA,-0.000331766355741354,0.488,-0.000217764362911665,0.734,-33214.6791822603,68515.5004587733,40,4.80999999999995,TRUE,"",0.3,20,910020,920020,930020
"RDMM",3.8731414751994,0.883483529817297,0.03,0.721331327616412,0.115,-32820.1767031513,67719.5877452762,100,4.04999999999995,TRUE,"",0.3,20,910020,920020,930020
"DGMM",NA,-0.00047714140066025,0.489,-0.000875536013792253,0.737,-34984.1432524993,72054.4285992512,25,3,TRUE,"",0.4,20,910020,920020,930020
"RDMM",3.3645452261286,0.857333360244981,0.037,0.653515704800568,0.147,-34528.6277459694,71136.4898309123,117,4.68000000000006,TRUE,"",0.4,20,910020,920020,930020
"DGMM",NA,-0.000849417380106513,0.494,-0.00110777757949876,0.739,-36673.5106738112,75433.1634418749,24,2.94999999999993,TRUE,"",0.5,20,910020,920020,930020
"RDMM",3.11768446271465,0.838894935962117,0.042,0.622970284628323,0.163,-36165.2785869529,74409.7915128795,140,5.72000000000003,TRUE,"",0.5,20,910020,920020,930020
"DGMM",NA,0.995999999913427,0.001,0.823573128633291,0.071,-27157.1247370141,56400.3915682808,43,5.15000000000009,TRUE,"",0,21,910021,920021,930021
"RDMM",199.999946740467,0.995999999913427,0.001,0.880043530069396,0.047,-27133.0680107904,56345.3703605545,140,5.51999999999998,TRUE,"",0,21,910021,920021,930021
"DGMM",NA,0.681959200006102,0.087,0.354694152300339,0.36,-31860.4477521658,65807.0375985842,15,1.88999999999999,TRUE,"",0.1,21,910021,920021,930021
"RDMM",7.4995811589696,0.948624618887061,0.013,0.578103118919736,0.222,-29519.8110663389,61118.8564716515,100,3.95000000000005,TRUE,"",0.1,21,910021,920021,930021
"DGMM",NA,0.515041826377569,0.141,0.262722216909984,0.512,-34079.2583777784,70244.6588498094,16,2.00999999999999,TRUE,"",0.2,21,910021,920021,930021
"RDMM",4.85195165899815,0.8910270219326,0.028,0.545763601752605,0.286,-31344.3835941185,64768.0015272107,144,5.70000000000005,TRUE,"",0.2,21,910021,920021,930021
"DGMM",NA,-0.000803784770688674,0.494,-0.000645939284883877,0.732,-33299.0399328815,68684.2219600157,24,2.93999999999994,TRUE,"",0.3,21,910021,920021,930021
"RDMM",3.95507731146469,0.846246226279844,0.04,0.518977136139907,0.261,-33084.3507000275,68247.9357390285,146,5.83000000000004,TRUE,"",0.3,21,910021,920021,930021
"DGMM",NA,-0.00077968684022293,0.493,-5.97615769500927e-05,0.73,-34885.1923887642,71856.5268717811,22,2.64999999999998,TRUE,"",0.4,21,910021,920021,930021
"RDMM",3.37309721859607,0.835231271029278,0.043,0.650944273403738,0.148,-34454.8071274657,70988.848593905,124,5.06000000000006,TRUE,"",0.4,21,910021,920021,930021
"DGMM",NA,-0.000736640735405786,0.492,-0.000526644246465364,0.733,-36550.2683947718,75186.6788837962,22,2.63999999999999,TRUE,"",0.5,21,910021,920021,930021
"RDMM",3.15070030208732,0.806210309362082,0.051,0.6055261522113,0.17,-36034.6257751879,74148.4858893493,133,5.26999999999998,TRUE,"",0.5,21,910021,920021,930021
"DGMM",NA,0.992007943236089,0.002,0.857097824424388,0.056,-26975.6577414084,56037.4575770695,33,3.95000000000005,TRUE,"",0,22,910022,920022,930022
"RDMM",193.879789624387,0.992007943236089,0.002,0.857462165028239,0.056,-26964.9062771036,56009.0468931808,100,4.08999999999992,TRUE,"",0,22,910022,920022,930022
"DGMM",NA,0.92536930641762,0.019,0.716023485797236,0.118,-31930.1421029012,65946.4263000551,23,2.88,TRUE,"",0.1,22,910022,920022,930022
"RDMM",7.69279082186708,0.948624375150606,0.013,0.794036731556912,0.083,-29256.5255794544,60592.2854978824,100,4.00999999999999,TRUE,"",0.1,22,910022,920022,930022
"DGMM",NA,0.595561254389223,0.114,0.447298883724477,0.252,-33789.0299521432,69664.2019985391,19,2.28000000000009,TRUE,"",0.2,22,910022,920022,930022
"RDMM",5.12180746729637,0.910025872186649,0.023,0.749029316462499,0.103,-31057.6829664203,64194.6002718142,100,4.07999999999993,TRUE,"",0.2,22,910022,920022,930022
"DGMM",NA,0.000407832065021829,0.477,0.141310562183614,0.564,-33359.9244217008,68805.9909376543,33,3.88999999999999,TRUE,"",0.3,22,910022,920022,930022
"RDMM",4.05578459724563,0.879723715497702,0.031,0.721541301791308,0.115,-32746.3908917951,67572.0161225639,100,4.10000000000002,TRUE,"",0.3,22,910022,920022,930022
"DGMM",NA,-0.00117227723508298,0.494,0.000388631980431247,0.714,-35044.016832986,72174.1757602245,37,4.33999999999992,TRUE,"",0.4,22,910022,920022,930022
"RDMM",3.51803990636577,0.846246388207214,0.04,0.659690061586001,0.144,-34449.9016222187,70979.0375834111,100,4.14999999999986,TRUE,"",0.4,22,910022,920022,930022
"DGMM",NA,-0.000601990443632048,0.489,0.00113638891509432,0.716,-36848.8379946339,75783.8180835205,28,3.27999999999997,TRUE,"",0.5,22,910022,920022,930022
"RDMM",3.20736607126619,0.806209269185112,0.051,0.458645992774661,0.283,-36144.4392484901,74368.1128359538,100,4.07000000000016,TRUE,"",0.5,22,910022,920022,930022
"DGMM",NA,0.984048035241478,0.004,0.521419042036683,0.25,-27403.5300352085,56893.2021646696,19,2.29999999999995,TRUE,"",0,23,910023,920023,930023
"RDMM",199.999953309054,0.984048035241478,0.004,0.61851833266355,0.218,-27274.2920617963,56627.8184625663,131,5.33999999999992,TRUE,"",0,23,910023,920023,930023
"DGMM",NA,0.725633746927148,0.074,0.413315756129673,0.3,-30989.4557927168,64065.0536796863,12,1.5,TRUE,"",0.1,23,910023,920023,930023
"RDMM",8.85080730368359,0.956440415183938,0.011,0.810211693919435,0.076,-29224.3165630411,60527.8674650558,107,4.30999999999995,TRUE,"",0.1,23,910023,920023,930023
"DGMM",NA,0.672078991132711,0.09,0.360702118816847,0.341,-33232.2147710237,68550.5716363,14,1.69000000000005,TRUE,"",0.2,23,910023,920023,930023
"RDMM",5.34842580792976,0.917681624914723,0.021,0.762087959946698,0.097,-31053.2964313855,64185.8272017446,100,4.11000000000013,TRUE,"",0.2,23,910023,920023,930023
"DGMM",NA,0.00384037836274141,0.466,0.00181303089047156,0.722,-33240.758212697,68567.6585196465,27,3.16999999999985,TRUE,"",0.3,23,910023,920023,930023
"RDMM",4.00380250701637,0.872228129595613,0.033,0.734454721777654,0.109,-32905.7434483443,67890.7212356623,100,4.18000000000006,TRUE,"",0.3,23,910023,920023,930023
"DGMM",NA,0.00223389856978802,0.472,0.000761053517105657,0.725,-35176.3220758931,72438.7862460389,22,2.61000000000013,TRUE,"",0.4,23,910023,920023,930023
"RDMM",3.34380484042114,0.827927809266512,0.045,0.667828182452352,0.14,-34677.1024553337,71433.4392496409,141,5.72999999999979,TRUE,"",0.4,23,910023,920023,930023
"DGMM",NA,0.00078530289542519,0.479,-0.00043550115138084,0.733,-36644.9680518453,75376.0781979431,23,2.73000000000002,TRUE,"",0.5,23,910023,920023,930023
"RDMM",3.1051369062443,0.79545928682891,0.054,0.620763046806084,0.161,-36205.1974180925,74489.6291751586,122,4.88000000000011,TRUE,"",0.5,23,910023,920023,930023
"DGMM",NA,0.995999997984193,0.001,0.616914394316197,0.183,-27326.0594935132,56738.261081279,16,1.93000000000006,TRUE,"",0,24,910024,920024,930024
"RDMM",199.999949549622,0.992008004433235,0.002,0.837181469410106,0.065,-27036.8453787628,56152.9250964993,147,5.91999999999985,TRUE,"",0,24,910024,920024,930024
"DGMM",NA,0.929225173307474,0.018,0.670223329457509,0.142,-31837.1520736812,65760.446241615,16,1.93000000000006,TRUE,"",0.1,24,910024,920024,930024
"RDMM",7.64919677000183,0.964288270291312,0.009,0.778604793199165,0.09,-29317.2090066258,60713.6523522253,100,4.02999999999997,TRUE,"",0.1,24,910024,920024,930024
"DGMM",NA,-0.000272573041089003,0.49,0.000499178306033468,0.724,-31707.481723645,65501.1055415426,23,2.76999999999998,TRUE,"",0.2,24,910024,920024,930024
"RDMM",4.85698177162924,0.933089055369225,0.017,0.746073279947338,0.104,-31255.3855083164,64590.0053556064,102,4.23000000000002,TRUE,"",0.2,24,910024,920024,930024
"DGMM",NA,-0.000674076696592039,0.494,-0.000848645682161609,0.741,-33481.4689428768,69049.0799800061,21,2.49000000000001,TRUE,"",0.3,24,910024,920024,930024
"RDMM",3.84740417327262,0.91002597209792,0.023,0.690891322729256,0.13,-32991.3447695453,68061.9238780642,125,5.03999999999996,TRUE,"",0.3,24,910024,920024,930024
"DGMM",NA,0.000236575522754854,0.483,-0.000486772342483595,0.737,-35231.360112187,72548.8623186266,25,3,TRUE,"",0.4,24,910024,920024,930024
"RDMM",3.36695029264384,0.887251194431333,0.029,0.675833932229004,0.137,-34662.7918176541,71404.8179742817,100,4.11000000000013,TRUE,"",0.4,24,910024,920024,930024
"DGMM",NA,-0.000722381786528681,0.492,-0.000396274152663845,0.736,-37004.2147138192,76094.571521891,25,2.99000000000001,TRUE,"",0.5,24,910024,920024,930024
"RDMM",3.14437845993987,0.835231120681,0.043,0.432886134029312,0.311,-36440.9814788894,74961.1972967524,123,5.14999999999986,TRUE,"",0.5,24,910024,920024,930024
"DGMM",NA,0.995999996071888,0.001,0.720036097948178,0.119,-27463.578836204,57013.2997666607,16,1.97000000000003,TRUE,"",0,25,910025,920025,930025
"RDMM",199.999948784136,0.995999996071888,0.001,0.82581020938395,0.07,-27284.8753220127,56648.984982999,260,10.3800000000001,TRUE,"",0,25,910025,920025,930025
"DGMM",NA,0.956440397663732,0.011,0.595036108207252,0.187,-30825.8891262382,63737.9203467291,19,2.23000000000002,TRUE,"",0.1,25,910025,920025,930025
"RDMM",9.32513870530132,0.968224192638976,0.008,0.729725193543915,0.115,-29321.6300606346,60722.4944602429,142,5.75,TRUE,"",0.1,25,910025,920025,930025
"DGMM",NA,-0.000430812959662696,0.494,-0.000139881489605176,0.737,-31533.5775449826,65153.2971842178,34,4,TRUE,"",0.2,25,910025,920025,930025
"RDMM",5.43116931591621,0.9215214435136,0.02,0.729567624127473,0.112,-31182.5628551082,64444.3600491901,104,4.21000000000004,TRUE,"",0.2,25,910025,920025,930025
"DGMM",NA,1.46405973795114e-05,0.486,0.000497559250383896,0.728,-33292.7073048566,68671.5567039658,23,2.75,TRUE,"",0.3,25,910025,920025,930025
"RDMM",4.17956034537712,0.883483389991957,0.03,0.682405433458937,0.133,-32902.3158667119,67883.8660723974,136,5.45000000000005,TRUE,"",0.3,25,910025,920025,930025
"DGMM",NA,0.000111642193323788,0.484,0.000941721158096448,0.725,-35029.125586255,72144.3932667626,21,2.54999999999995,TRUE,"",0.4,25,910025,920025,930025
"RDMM",3.51926143447168,0.849933844074771,0.039,0.481456878168926,0.284,-34625.9821947003,71331.1987283743,128,5.11999999999989,TRUE,"",0.4,25,910025,920025,930025
"DGMM",NA,0.00574818573469403,0.459,0.00327817789764277,0.715,-36811.5946973846,75709.3314890218,22,2.69000000000005,TRUE,"",0.5,25,910025,920025,930025
"RDMM",3.21118678468949,0.806210326250885,0.051,0.506373740054365,0.225,-36404.2585008194,74887.7513406123,100,4.10000000000014,TRUE,"",0.5,25,910025,920025,930025
"DGMM",NA,0.992008001180189,0.002,0.564821931057354,0.247,-27388.8231601923,56863.7884146373,19,2.43999999999983,TRUE,"",0,26,910026,920026,930026
"RDMM",188.13625937573,0.988024015442796,0.003,0.573015161669042,0.254,-27331.5519643539,56742.3382676815,129,5.80000000000018,TRUE,"",0,26,910026,920026,930026
"DGMM",NA,0.767142447931052,0.062,0.578411794814216,0.186,-31611.6916659957,65309.525426244,14,1.7199999999998,TRUE,"",0.1,26,910026,920026,930026
"RDMM",7.34457599948027,0.933089058355677,0.017,0.779435677011644,0.089,-29559.8326036428,61198.8995462592,100,4.16000000000008,TRUE,"",0.1,26,910026,920026,930026
"DGMM",NA,-0.000677779404776944,0.487,-0.00109485376329172,0.736,-31706.5042112403,65499.1505167332,20,2.53999999999996,TRUE,"",0.2,26,910026,920026,930026
"RDMM",5.04554001330632,0.89102693392787,0.028,0.524755729316698,0.297,-31421.4011262201,64922.0365914138,115,4.79999999999995,TRUE,"",0.2,26,910026,920026,930026
"DGMM",NA,-0.00100807100916645,0.493,-0.000636282913746587,0.733,-33582.1860116581,69250.5141175688,30,3.58999999999992,TRUE,"",0.3,26,910026,920026,930026
"RDMM",3.87592651001046,0.875971790052845,0.032,0.703697404824018,0.123,-33185.5299690825,68450.2942771386,133,5.32999999999993,TRUE,"",0.3,26,910026,920026,930026
"DGMM",NA,0.000201147774899417,0.482,-0.000248879931807896,0.724,-35361.7395078863,72809.6211100252,23,2.83000000000015,TRUE,"",0.4,26,910026,920026,930026
"RDMM",3.43782731997538,0.838894875655282,0.042,0.623547815588333,0.162,-34857.9440862548,71795.1225114832,100,4.00999999999999,TRUE,"",0.4,26,910026,920026,930026
"DGMM",NA,0.00505163354367003,0.461,0.00177046353072975,0.714,-37155.917114476,76397.9763232045,20,2.43999999999983,TRUE,"",0.5,26,910026,920026,930026
"RDMM",3.18336805077178,0.820656739032276,0.047,0.621567334632051,0.164,-36456.449512107,74992.1333631876,100,4.37000000000012,TRUE,"",0.5,26,910026,920026,930026
"DGMM",NA,0.988024021691231,0.003,0.83996149434685,0.064,-27029.6669933234,56145.4760808995,25,3.11999999999989,TRUE,"",0,27,910027,920027,930027
"RDMM",199.999949964929,0.988024021691231,0.003,0.837404254446253,0.065,-27008.9684190186,56097.1711770108,101,4.13000000000011,TRUE,"",0,27,910027,920027,930027
"DGMM",NA,0.842566633214764,0.041,0.438843279857303,0.496,-31229.5441708242,64545.2304359011,43,5.16000000000008,TRUE,"",0.1,27,910027,920027,930027
"RDMM",7.89890409071194,0.925369345528264,0.019,0.582227263800949,0.212,-29350.0162949096,60779.2669287927,178,7.13999999999987,TRUE,"",0.1,27,910027,920027,930027
"DGMM",NA,0.517929856636793,0.14,0.291191588913265,0.526,-34098.8587406045,70283.8595754616,46,5.70000000000005,TRUE,"",0.2,27,910027,920027,930027
"RDMM",4.84104861066187,0.887251214647474,0.029,0.509654065086151,0.306,-31311.3044472822,64701.843233538,102,4.05999999999995,TRUE,"",0.2,27,910027,920027,930027
"DGMM",NA,-0.000593171609533846,0.491,0.19347506604525,0.542,-33611.0594211594,69308.2609365715,24,2.97000000000003,TRUE,"",0.3,27,910027,920027,930027
"RDMM",3.67566580227987,0.861045000113893,0.036,0.698337966356189,0.126,-33042.9642798133,68165.1628986002,171,6.77999999999997,TRUE,"",0.3,27,910027,920027,930027
"DGMM",NA,-0.000711384774666299,0.492,-0.00126646286665422,0.733,-35384.9309547873,72856.0040038272,26,3.08000000000015,TRUE,"",0.4,27,910027,920027,930027
"RDMM",3.20680294736111,0.802618556845804,0.052,0.501984768715905,0.251,-34897.0672369571,71873.3688128878,120,4.83999999999992,TRUE,"",0.4,27,910027,920027,930027
"DGMM",NA,-0.000928307555511624,0.496,-0.000672217163473737,0.729,-37218.7742566238,76523.6906075003,22,2.6400000000001,TRUE,"",0.5,27,910027,920027,930027
"RDMM",2.97804900504515,0.79189182541078,0.055,0.326311512409529,0.41,-36709.7330946091,75498.7005281918,100,4.09999999999991,TRUE,"",0.5,27,910027,920027,930027
"DGMM",NA,0.992008007634387,0.002,0.863841528854022,0.054,-27312.4130908177,56710.9682758879,24,2.88000000000011,TRUE,"",0,28,910028,920028,930028
"RDMM",199.999954599672,0.988024024428375,0.003,0.883067638384528,0.046,-27279.6115462294,56638.4574314324,100,4.03999999999996,TRUE,"",0,28,910028,920028,930028
"DGMM",NA,0.60177835903076,0.112,0.495332521105113,0.25,-31255.5986742083,64597.3394426692,14,1.74000000000001,TRUE,"",0.1,28,910028,920028,930028
"RDMM",9.58422170579757,0.956440441911163,0.011,0.859918368634582,0.055,-29294.4408837047,60668.116106383,165,6.58999999999992,TRUE,"",0.1,28,910028,920028,930028
"DGMM",NA,-0.000762723484646587,0.494,-0.0005049746854062,0.735,-31758.9610247558,65604.0641437642,29,3.47000000000003,TRUE,"",0.2,28,910028,920028,930028
"RDMM",5.3047967974412,0.917681695293387,0.021,0.536431102205144,0.259,-31344.1787213909,64767.5917817553,178,7.17000000000007,TRUE,"",0.2,28,910028,920028,930028
"DGMM",NA,-0.000545809788467545,0.49,-0.000438947331837676,0.732,-33502.7009008413,69091.5438959352,26,3.08999999999992,TRUE,"",0.3,28,910028,920028,930028
"RDMM",4.11315388572933,0.846246317326595,0.04,0.488581442016627,0.279,-33089.8694979578,68258.9733348893,131,5.56999999999994,TRUE,"",0.3,28,910028,920028,930028
"DGMM",NA,-0.000575783137786968,0.49,-0.00113546890706916,0.74,-35181.385055575,72448.9122054027,30,3.55000000000018,TRUE,"",0.4,28,910028,920028,930028
"RDMM",3.48908088283652,0.824288369519799,0.046,0.496941896293673,0.299,-34702.7319610553,71484.6982610842,104,4.2199999999998,TRUE,"",0.4,28,910028,920028,930028
"DGMM",NA,0.526603330057919,0.137,0.250203375295402,0.462,-40006.3828829074,82098.9078600674,6,0.8900000000001,TRUE,"",0.5,28,910028,920028,930028
"RDMM",3.30189334296226,0.770655007082639,0.061,0.400721762232749,0.353,-36327.828231982,74734.8908029376,109,4.66000000000008,TRUE,"",0.5,28,910028,920028,930028
"DGMM",NA,0.988024023979096,0.003,0.491055415469836,0.485,-27445.3538212278,56976.8497367082,23,3.11999999999989,TRUE,"",0,29,910029,920029,930029
"RDMM",199.999949267087,0.984048047934498,0.004,0.849497535980285,0.06,-27182.9282414528,56445.0908218791,159,6.76999999999998,TRUE,"",0,29,910029,920029,930029
"DGMM",NA,0.000428226542881522,0.481,0.000113337953849207,0.733,-30054.3527274525,62194.8475491576,25,2.97000000000003,TRUE,"",0.1,29,910029,920029,930029
"RDMM",6.96894555739212,0.956440440545193,0.011,0.810405412116035,0.076,-29666.1557186285,61411.5457762307,100,4.03999999999996,TRUE,"",0.1,29,910029,920029,930029
"DGMM",NA,0.753177169437138,0.066,0.531050715898649,0.216,-35448.2214847676,72982.5850637877,10,1.23000000000002,TRUE,"",0.2,29,910029,920029,930029
"RDMM",4.56184303038343,0.906210211563488,0.024,0.729777421302436,0.112,-31625.5388024971,65330.3119439679,100,4.01999999999998,TRUE,"",0.2,29,910029,920029,930029
"DGMM",NA,-0.000810942902533337,0.493,-0.000764015103085385,0.735,-33561.4378425961,69209.0177794448,23,2.84000000000015,TRUE,"",0.3,29,910029,920029,930029
"RDMM",3.65065811089356,0.864764766963216,0.035,0.48100176445565,0.308,-33290.1820366983,68659.5984123702,127,5.07999999999993,TRUE,"",0.3,29,910029,920029,930029
"DGMM",NA,0.604888898048489,0.111,0.292206958444553,0.406,-39017.9033851743,80121.9488646013,6,0.799999999999955,TRUE,"",0.4,29,910029,920029,930029
"RDMM",3.17008747803015,0.827927924766495,0.045,0.468596291964931,0.297,-34952.3804788269,71983.9952966275,100,3.97000000000003,TRUE,"",0.4,29,910029,920029,930029
"DGMM",NA,-0.000965669676185443,0.497,0.000237843380144725,0.729,-37156.9202415217,76399.982577296,22,2.76999999999998,TRUE,"",0.5,29,910029,920029,930029
"RDMM",2.86408902170576,0.846246245151792,0.04,0.646257713838359,0.152,-36607.6551282697,75294.5445955131,100,3.98000000000002,TRUE,"",0.5,29,910029,920029,930029
"DGMM",NA,0.992008008049521,0.002,0.738360727017883,0.11,-27210.4259104668,56506.9939151863,16,1.95000000000005,TRUE,"",0,30,910030,920030,930030
"RDMM",199.999954820261,0.992008008049521,0.002,0.816458071728096,0.074,-27012.7617420781,56104.7578231299,158,6.55999999999995,TRUE,"",0,30,910030,920030,930030
"DGMM",NA,0.956440440980962,0.011,0.481481476592098,0.301,-31756.1014564502,65598.3450071529,11,1.38000000000011,TRUE,"",0.1,30,910030,920030,930030
"RDMM",7.72613144106191,0.968224224205885,0.008,0.542992934377614,0.295,-29464.0971048307,61007.4285486351,100,4.08999999999992,TRUE,"",0.1,30,910030,920030,930030
"DGMM",NA,0.00092558848809586,0.478,0.140863874869601,0.583,-31599.042282593,65284.2266594386,26,3.13000000000011,TRUE,"",0.2,30,910030,920030,930030
"RDMM",4.94912107364327,0.917681683019889,0.021,0.532949554977964,0.258,-31265.1686704338,64609.5716798413,108,4.39999999999986,TRUE,"",0.2,30,910030,920030,930030
"DGMM",NA,-0.00075083386023808,0.492,-0.00099703517091772,0.733,-33227.4006286805,68540.9433516136,27,3.27999999999997,TRUE,"",0.3,30,910030,920030,930030
"RDMM",4.01094876854654,0.8986026031293,0.026,0.50328106437146,0.286,-32931.2098852111,67941.6541093959,128,5.11000000000013,TRUE,"",0.3,30,910030,920030,930030
"DGMM",NA,2.1460939315187e-05,0.484,0.000123577923451479,0.72,-34786.2925905721,71658.7272753968,33,3.98000000000002,TRUE,"",0.4,30,910030,920030,930030
"RDMM",3.5223923936392,0.86104504576683,0.036,0.469822642049023,0.291,-34485.0004627627,71049.2352644991,166,6.67000000000007,TRUE,"",0.4,30,910030,920030,930030
"DGMM",NA,-0.000324963152455061,0.487,-0.000285330297214207,0.727,-36514.4550207982,75115.052135849,25,2.99000000000001,TRUE,"",0.5,30,910030,920030,930030
"RDMM",3.29429392499584,0.846246245151792,0.04,0.487165899060508,0.29,-36043.2905441677,74165.815427309,111,4.42999999999984,TRUE,"",0.5,30,910030,920030,930030
"DGMM",NA,0.988024014993516,0.003,0.86308249685156,0.054,-27093.2988922815,56272.7398788157,19,2.27999999999997,TRUE,"",0,31,910031,920031,930031
"RDMM",197.960025040781,0.992008001591865,0.002,0.853686863752923,0.058,-27085.7320725887,56250.6984841511,100,4.06999999999994,TRUE,"",0,31,910031,920031,930031
"DGMM",NA,0.795460753175868,0.054,0.381972342424869,0.484,-31408.8998136891,64903.9417216308,26,3.25,TRUE,"",0.1,31,910031,920031,930031
"RDMM",7.89097870167067,0.960360332700638,0.01,0.816903924866933,0.073,-29343.8186243299,60766.8715876335,120,4.86999999999989,TRUE,"",0.1,31,910031,920031,930031
"DGMM",NA,-0.000444106254914746,0.494,-0.000629673698154397,0.741,-31515.5136244347,65117.1693431219,35,4.44000000000005,TRUE,"",0.2,31,910031,920031,930031
"RDMM",4.89524093252836,0.933089032610389,0.017,0.790799418312652,0.084,-31199.9050350387,64479.0444090511,100,4.13000000000011,TRUE,"",0.2,31,910031,920031,930031
"DGMM",NA,-8.51121257090794e-05,0.487,-0.000310718364468831,0.738,-33253.0969556166,68592.3360054858,31,3.66999999999985,TRUE,"",0.3,31,910031,920031,930031
"RDMM",3.87843310054511,0.883483402180665,0.03,0.660438250028034,0.143,-32983.2154229742,68045.6651849221,165,6.62000000000012,TRUE,"",0.3,31,910031,920031,930031
"DGMM",NA,0.000126449509172095,0.484,-0.000771461136885995,0.737,-35024.7535903857,72135.6492750239,22,2.65999999999985,TRUE,"",0.4,31,910031,920031,930031
"RDMM",3.3580747657533,0.849933838791482,0.039,0.455282209461364,0.278,-34684.8749256689,71448.9841903114,215,8.61000000000013,TRUE,"",0.4,31,910031,920031,930031
"DGMM",NA,-7.13202969386782e-05,0.485,-0.000316449132224045,0.728,-36918.9182716382,75923.9786375291,21,2.51999999999998,TRUE,"",0.5,31,910031,920031,930031
"RDMM",3.01662835958135,0.784780676626809,0.057,0.428580783177795,0.328,-36485.045882381,75049.3261037355,100,4.03999999999996,TRUE,"",0.5,31,910031,920031,930031
"DGMM",NA,0.995999997602502,0.001,0.839894600920493,0.064,-27074.8671238366,56235.8763419257,42,5.00999999999999,TRUE,"",0,32,910032,920032,930032
"RDMM",199.999950815594,0.992008002907998,0.002,0.828032275910763,0.069,-27041.2545159513,56161.7433708762,154,6.07000000000016,TRUE,"",0,32,910032,920032,930032
"DGMM",NA,0.872228712490653,0.033,0.60712698117792,0.171,-31455.912932591,64997.9679594345,12,1.4699999999998,TRUE,"",0.1,32,910032,920032,930032
"RDMM",7.65281081346811,0.960360342629774,0.01,0.774617469906405,0.092,-29412.0720631156,60903.3784652048,128,5.22000000000003,TRUE,"",0.1,32,910032,920032,930032
"DGMM",NA,0.611144874202274,0.109,0.476247485657278,0.247,-33652.7811817047,69391.704457662,14,1.70000000000005,TRUE,"",0.2,32,910032,920032,930032
"RDMM",5.06900185046383,0.917681650016038,0.021,0.749106899687356,0.103,-31125.2158259054,64329.6659907843,160,6.61000000000013,TRUE,"",0.2,32,910032,920032,930032
"DGMM",NA,-0.000420814117729375,0.49,0.178538565127326,0.569,-33360.2740085268,68806.6901113061,24,3.00999999999999,TRUE,"",0.3,32,910032,920032,930032
"RDMM",4.03172940268452,0.861045047531194,0.036,0.717819697027177,0.117,-32804.5309678201,67688.2962746139,148,6,TRUE,"",0.3,32,910032,920032,930032
"DGMM",NA,-0.000861279120687394,0.496,-0.000570012775800181,0.735,-35091.5894985863,72269.3210914253,19,2.26999999999998,TRUE,"",0.4,32,910032,920032,930032
"RDMM",3.40385379617056,0.82792788636583,0.045,0.653577525857107,0.148,-34544.3905442141,71168.0154274018,146,5.82999999999993,TRUE,"",0.4,32,910032,920032,930032
"DGMM",NA,-0.000964670180628416,0.498,-0.00126921028651842,0.74,-36757.6207318978,75601.3835580482,22,2.6400000000001,TRUE,"",0.5,32,910032,920032,930032
"RDMM",3.14610294458009,0.820656643286785,0.047,0.617088894942341,0.165,-36208.02350588,74495.2813507336,115,4.63999999999987,TRUE,"",0.5,32,910032,920032,930032
"DGMM",NA,0.995999997241588,0.001,0.818967365838147,0.073,-27243.0965382838,56572.3351708202,18,2.18000000000006,TRUE,"",0,33,910033,920033,930033
"RDMM",194.866007634796,0.995999997241588,0.001,0.835312806911132,0.066,-27194.6265860843,56468.4875111423,100,4.00999999999999,TRUE,"",0,33,910033,920033,930033
"DGMM",NA,0.887251631289244,0.029,0.712415234144522,0.12,-30809.495526738,63705.1331477287,20,2.40000000000009,TRUE,"",0.1,33,910033,920033,930033
"RDMM",8.81193779973992,0.968224199546869,0.008,0.777448927511864,0.091,-29217.1161137234,60513.4665664205,100,4.06999999999994,TRUE,"",0.1,33,910033,920033,930033
"DGMM",NA,-0.000606444131693611,0.498,-0.000227086444480316,0.74,-31441.4638311205,64969.0697564935,30,3.55999999999995,TRUE,"",0.2,33,910033,920033,930033
"RDMM",5.38552625882802,0.925369310208081,0.019,0.735199341848006,0.11,-31031.0150200066,64141.2643789868,204,8.15000000000009,TRUE,"",0.2,33,910033,920033,930033
"DGMM",NA,-0.000209020411359582,0.488,0.000547674107028525,0.733,-33211.2237972987,68508.58968885,27,3.29999999999995,TRUE,"",0.3,33,910033,920033,930033
"RDMM",4.10197995270777,0.891026939588354,0.028,0.508798772657625,0.278,-32897.1848101276,67873.6039592288,100,4.05999999999995,TRUE,"",0.3,33,910033,920033,930033
"DGMM",NA,0.725629664111183,0.074,0.347421390456311,0.373,-38236.0043817314,78558.1508577153,6,0.779999999999973,TRUE,"",0.4,33,910033,920033,930033
"RDMM",3.42297833088867,0.827927791522735,0.045,0.471683340864126,0.299,-34590.1293147084,71259.4929683904,135,5.48000000000002,TRUE,"",0.4,33,910033,920033,930033
"DGMM",NA,-0.000827318095934655,0.494,0.000303667846771874,0.731,-36477.2690249621,75040.6801441769,22,2.77000000000021,TRUE,"",0.5,33,910033,920033,930033
"RDMM",3.28146955489829,0.791891724237697,0.055,0.462957267445942,0.285,-36092.4624412755,74264.1592215246,138,5.56999999999994,TRUE,"",0.5,33,910033,920033,930033
"DGMM",NA,0.988024017080169,0.003,0.834612384910348,0.066,-27059.93082133,56206.0037369125,19,2.27999999999997,TRUE,"",0,34,910034,920034,930034
"RDMM",154.026640561985,0.988024017080169,0.003,0.85334875130539,0.058,-27032.7693918055,56144.7731225845,100,4.04999999999995,TRUE,"",0,34,910034,920034,930034
"DGMM",NA,0.777703866341768,0.059,0.398261018059348,0.346,-31697.4293665797,65481.0008274119,12,1.47000000000003,TRUE,"",0.1,34,910034,920034,930034
"RDMM",7.25548254623968,0.948624592052443,0.013,0.580775832419163,0.218,-29497.096959312,61073.4282575976,115,4.63000000000011,TRUE,"",0.1,34,910034,920034,930034
"DGMM",NA,0.887251205428741,0.029,0.422703695945912,0.493,-35256.9425795231,72600.0272532989,25,2.92999999999984,TRUE,"",0.2,34,910034,920034,930034
"RDMM",4.53370393406526,0.898602540788823,0.026,0.522203981078711,0.286,-31456.9270801928,64993.0884993592,135,5.41000000000008,TRUE,"",0.2,34,910034,920034,930034
"DGMM",NA,-0.000841555973305957,0.5,-0.000835648198591782,0.741,-33594.5255123297,69275.1931189121,24,2.8900000000001,TRUE,"",0.3,34,910034,920034,930034
"RDMM",3.63345795206946,0.864764679025115,0.035,0.494498100763904,0.321,-33237.2695265349,68553.7733920434,100,4.03999999999996,TRUE,"",0.3,34,910034,920034,930034
"DGMM",NA,-0.000915569584226106,0.499,-0.000823891934839877,0.734,-35512.8961671621,73111.9344285767,24,2.8599999999999,TRUE,"",0.4,34,910034,920034,930034
"RDMM",3.16552421982826,0.853629540399471,0.038,0.36533064438534,0.385,-35067.9447212403,72215.1237814542,136,5.47000000000003,TRUE,"",0.4,34,910034,920034,930034
"DGMM",NA,0.652519558403214,0.096,0.291650832141274,0.411,-41047.4093138635,84180.9607219796,7,0.910000000000082,TRUE,"",0.5,34,910034,920034,930034
"RDMM",2.99567505326604,0.777701746271789,0.059,0.460415848103376,0.259,-36924.2317113986,75927.6977617708,182,7.29999999999995,TRUE,"",0.5,34,910034,920034,930034
"DGMM",NA,0.995999996008016,0.001,0.825802073790848,0.07,-27080.4084454039,56246.9589850604,31,3.78999999999996,TRUE,"",0,35,910035,920035,930035
"RDMM",199.999950866912,0.995999996008016,0.001,0.830373524450102,0.068,-27046.4547801432,56172.14389926,119,4.91000000000008,TRUE,"",0,35,910035,920035,930035
"DGMM",NA,0.940840781800237,0.015,0.51961129406046,0.26,-31853.57210609,65793.2863064326,14,1.69000000000005,TRUE,"",0.1,35,910035,920035,930035
"RDMM",7.60077955645619,0.94084078557884,0.015,0.538170582950263,0.285,-29448.1226939234,60975.4797268204,162,6.47999999999979,TRUE,"",0.1,35,910035,920035,930035
"DGMM",NA,-0.000552420217078201,0.499,-0.000764723924220231,0.741,-31681.6847203805,65449.5115350135,27,3.25999999999999,TRUE,"",0.2,35,910035,920035,930035
"RDMM",4.79358315534262,0.902402311234126,0.025,0.738469810166476,0.107,-31238.4963808278,64556.2271006292,171,6.9699999999998,TRUE,"",0.2,35,910035,920035,930035
"DGMM",NA,0.753177097366898,0.066,0.408694125090155,0.293,-37036.8722570393,76159.8866083311,6,0.800000000000182,TRUE,"",0.3,35,910035,920035,930035
"RDMM",3.83104930986053,0.879723634417527,0.031,0.702092496612743,0.123,-32974.3581057596,68027.9505504928,151,6.02999999999997,TRUE,"",0.3,35,910035,920035,930035
"DGMM",NA,-0.000393810636162818,0.489,4.38793773339036e-05,0.733,-35232.5846134695,72551.3113211916,23,2.79999999999995,TRUE,"",0.4,35,910035,920035,930035
"RDMM",3.34014929660456,0.868492374372936,0.034,0.664124004232383,0.142,-34603.3628716242,71285.9600822221,116,4.77999999999997,TRUE,"",0.4,35,910035,920035,930035
"DGMM",NA,-0.000765853191728929,0.493,-4.77723104174544e-05,0.732,-36963.5749778336,76013.2920499199,20,2.38000000000011,TRUE,"",0.5,35,910035,920035,930035
"RDMM",3.0737522786682,0.835231069423681,0.043,0.629241244335794,0.159,-36158.8869550771,74397.0082491279,100,4.01999999999998,TRUE,"",0.5,35,910035,920035,930035
"DGMM",NA,1,0,0.527600551949427,0.26,-27352.9454195685,56792.0329333896,12,1.52999999999997,TRUE,"",0,36,910036,920036,930036
"RDMM",199.999951468421,1,0,0.819454582702209,0.073,-27185.1333255526,56449.5009900789,122,4.86000000000013,TRUE,"",0,36,910036,920036,930036
"DGMM",NA,0.95644043156163,0.011,0.670832873775701,0.142,-31743.7117144695,65573.5655231916,15,1.88999999999987,TRUE,"",0.1,36,910036,920036,930036
"RDMM",7.88129025464722,0.933089093523709,0.017,0.756890659527485,0.099,-29393.8792505693,60866.9928401123,107,4.25,TRUE,"",0.1,36,910036,920036,930036
"DGMM",NA,0.891027040722228,0.028,0.510177532713018,0.232,-34604.2177137301,71294.5775217129,22,2.65000000000009,TRUE,"",0.2,36,910036,920036,930036
"RDMM",4.97118726739089,0.898602615345742,0.026,0.72682778961225,0.112,-31268.4670411914,64616.1684213565,111,4.61999999999989,TRUE,"",0.2,36,910036,920036,930036
"DGMM",NA,0.857333319952985,0.037,0.406020700754781,0.485,-36769.3200500383,75624.7821943292,22,2.6400000000001,TRUE,"",0.3,36,910036,920036,930036
"RDMM",3.87259337989276,0.87597198755922,0.032,0.635981654496357,0.156,-33045.4314671928,68170.0972733592,119,4.90999999999985,TRUE,"",0.3,36,910036,920036,930036
"DGMM",NA,0.598674733391961,0.113,0.345534572269827,0.332,-38659.802603215,79405.7473006826,6,0.7800000000002,TRUE,"",0.4,36,910036,920036,930036
"RDMM",3.29765099381894,0.842566587631704,0.041,0.639119951333066,0.152,-34734.963237251,71549.1608134756,269,10.7199999999998,TRUE,"",0.4,36,910036,920036,930036
"DGMM",NA,0.649285308529423,0.097,0.301252689930304,0.385,-40146.8604232638,82379.8629407801,6,0.789999999999964,TRUE,"",0.5,36,910036,920036,930036
"RDMM",3.00293015528691,0.781237254882035,0.058,0.55264500047767,0.195,-36348.9865900788,74777.2075191311,100,3.97000000000003,TRUE,"",0.5,36,910036,920036,930036
"DGMM",NA,0.992008007813125,0.002,0.811956467727931,0.076,-27119.146452598,56324.4349994486,19,2.38999999999987,TRUE,"",0,37,910037,920037,930037
"RDMM",199.999948289649,0.995999999984994,0.001,0.835239802188255,0.066,-27086.9848067925,56253.2039525585,100,3.98000000000002,TRUE,"",0,37,910037,920037,930037
"DGMM",NA,0.820656596776866,0.047,0.414675558536026,0.483,-31487.6263521368,65061.3947985262,35,4.17000000000007,TRUE,"",0.1,37,910037,920037,930037
"RDMM",7.58630064545097,0.933089075450538,0.017,0.789069293688687,0.085,-29380.6915812481,60840.6175014699,138,5.59999999999991,TRUE,"",0.1,37,910037,920037,930037
"DGMM",NA,0.586339923015259,0.117,0.29180417265636,0.519,-33572.7854683725,69231.7130309976,35,4.1400000000001,TRUE,"",0.2,37,910037,920037,930037
"RDMM",5.03649647557311,0.875971942891274,0.032,0.724163949605585,0.113,-31115.7780242418,64310.7903874573,111,4.52999999999997,TRUE,"",0.2,37,910037,920037,930037
"DGMM",NA,-0.000893653778575262,0.494,0.00141997604145502,0.718,-33386.8882011812,68859.918496615,24,2.86999999999989,TRUE,"",0.3,37,910037,920037,930037
"RDMM",3.91944403658147,0.849933848925003,0.039,0.685316777483385,0.131,-32873.40982601,67826.0539909936,100,4.08000000000015,TRUE,"",0.3,37,910037,920037,930037
"DGMM",NA,0.000139905684769879,0.483,0.00141687971825152,0.719,-35193.1214383901,72472.3849710329,21,2.52999999999997,TRUE,"",0.4,37,910037,920037,930037
"RDMM",3.38711868236374,0.813417355120563,0.049,0.650886608685398,0.147,-34597.6864128333,71274.6071646401,117,4.88999999999987,TRUE,"",0.4,37,910037,920037,930037
"DGMM",NA,-0.000327973228442618,0.487,0.000811024254475239,0.729,-36968.8503774224,76023.8428490973,21,2.60000000000014,TRUE,"",0.5,37,910037,920037,930037
"RDMM",3.0730756312239,0.802618584186474,0.052,0.603730797758969,0.17,-36289.6857809139,74658.6059008013,111,4.54999999999995,TRUE,"",0.5,37,910037,920037,930037
"DGMM",NA,0.988024024379223,0.003,0.762538527793819,0.1,-27193.9786171483,56474.0993285491,13,1.6400000000001,TRUE,"",0,38,910038,920038,930038
"RDMM",199.999953121933,0.980080081277669,0.005,0.844228847571228,0.062,-27004.831978566,56088.8982961055,150,5.93999999999983,TRUE,"",0,38,910038,920038,930038
"DGMM",NA,0.82428832202208,0.046,0.588648958268841,0.177,-31745.5143501366,65577.1707945259,19,2.36000000000013,TRUE,"",0.1,38,910038,920038,930038
"RDMM",7.4800216588398,0.944728731187689,0.014,0.788436819318517,0.086,-29305.5918445143,60690.4180280023,100,3.94000000000005,TRUE,"",0.1,38,910038,920038,930038
"DGMM",NA,-0.000857316516741141,0.495,-3.68055205246321e-05,0.727,-31513.870676998,65113.8834482486,40,4.76999999999998,TRUE,"",0.2,38,910038,920038,930038
"RDMM",4.84086658495089,0.910026024078695,0.023,0.752772076150248,0.101,-31191.398430334,64462.0311996417,246,9.80999999999995,TRUE,"",0.2,38,910038,920038,930038
"DGMM",NA,0.0006249376621517,0.48,0.229569168744518,0.552,-33323.5672591911,68733.2766126348,19,2.30999999999995,TRUE,"",0.3,38,910038,920038,930038
"RDMM",3.85182211768357,0.887251261825671,0.029,0.721382568511872,0.115,-32900.1039571748,67879.4422533232,134,5.41000000000008,TRUE,"",0.3,38,910038,920038,930038
"DGMM",NA,-0.0005068579257216,0.489,0.131284229586793,0.586,-35003.3678572541,72092.8778087607,19,2.26999999999998,TRUE,"",0.4,38,910038,920038,930038
"RDMM",3.37367299912859,0.849933934294814,0.039,0.664806797997348,0.141,-34512.5675077456,71104.3693544647,114,5.1400000000001,TRUE,"",0.4,38,910038,920038,930038
"DGMM",NA,2.68195374287992e-05,0.484,0.000202640220191995,0.732,-36600.8193506563,75287.7807955653,31,3.7199999999998,TRUE,"",0.5,38,910038,920038,930038
"RDMM",3.1531942643681,0.827927957307734,0.045,0.508455149185702,0.25,-36143.1928944914,74365.6201279565,103,4.33000000000015,TRUE,"",0.5,38,910038,920038,930038
"DGMM",NA,0.995999994167276,0.001,0.554250292675826,0.268,-27265.9880629852,56618.1182202229,15,1.81999999999994,TRUE,"",0,39,910039,920039,930039
"RDMM",199.999949575875,0.995999994167276,0.001,0.574946142297339,0.28,-27171.6047117979,56422.4437625694,147,5.8900000000001,TRUE,"",0,39,910039,920039,930039
"DGMM",NA,0.875970432465828,0.032,0.615206942424551,0.166,-30975.0116939339,64036.1654821204,29,3.54999999999995,TRUE,"",0.1,39,910039,920039,930039
"RDMM",8.44405888012017,0.972168127584319,0.007,0.826118449010157,0.069,-29209.5978134793,60498.4299659321,129,5.16000000000008,TRUE,"",0.1,39,910039,920039,930039
"DGMM",NA,0.78833229540802,0.056,0.51752513507804,0.224,-34346.3071345242,70778.7563633011,11,1.41999999999985,TRUE,"",0.2,39,910039,920039,930039
"RDMM",5.09108813458911,0.936960907104659,0.016,0.777630822571628,0.09,-31075.8830663739,64231.0004717214,154,6.10000000000014,TRUE,"",0.2,39,910039,920039,930039
"DGMM",NA,-0.00124831778011539,0.498,-3.06579135483791e-05,0.719,-33352.1064556528,68790.3550055582,35,4.14999999999986,TRUE,"",0.3,39,910039,920039,930039
"RDMM",3.93949841992905,0.898602515975507,0.026,0.734968664005643,0.109,-32923.6275925019,67926.4895239773,130,5.32000000000016,TRUE,"",0.3,39,910039,920039,930039
"DGMM",NA,0.67865425363102,0.088,0.42411517753112,0.29,-38305.5870174894,78697.3161292315,6,0.789999999999964,TRUE,"",0.4,39,910039,920039,930039
"RDMM",3.40819566129536,0.875971763932835,0.032,0.705112030624619,0.122,-34611.8249053242,71302.884149622,100,3.93999999999983,TRUE,"",0.4,39,910039,920039,930039
"DGMM",NA,-0.000927020231809054,0.495,-0.00121084455648648,0.733,-36973.2718434743,76032.6857812012,29,3.44000000000005,TRUE,"",0.5,39,910039,920039,930039
"RDMM",3.03256090814783,0.842566021521214,0.041,0.672919142376411,0.138,-36368.1971459839,74815.6286309414,122,4.90000000000009,TRUE,"",0.5,39,910039,920039,930039
"DGMM",NA,0.995999996623648,0.001,0.663706513000705,0.148,-27494.5778249678,57075.2977441882,15,1.82999999999993,TRUE,"",0,40,910040,920040,930040
"RDMM",199.99995298667,0.995999996623648,0.001,0.835375777594035,0.066,-27310.3667271524,56699.9677932783,166,6.61000000000013,TRUE,"",0,40,910040,920040,930040
"DGMM",NA,0.952528506438609,0.012,0.513747009227598,0.236,-31253.7937534793,64593.7296012111,24,2.97000000000003,TRUE,"",0.1,40,910040,920040,930040
"RDMM",8.62426540081336,0.956440406814912,0.011,0.791345728240696,0.085,-29391.0642197143,60861.3627784022,102,4.13999999999987,TRUE,"",0.1,40,910040,920040,930040
"DGMM",NA,0.67536583043736,0.089,0.455312641487901,0.272,-34512.6824773773,71111.5070490072,6,0.779999999999973,TRUE,"",0.2,40,910040,920040,930040
"RDMM",5.29888154813324,0.936960904339529,0.016,0.759873475545551,0.099,-31242.2544529088,64563.7432447911,110,4.44000000000005,TRUE,"",0.2,40,910040,920040,930040
"DGMM",NA,-0.000572850995708833,0.493,0.000385207089106533,0.728,-33343.5172416458,68773.1765775441,23,2.78999999999996,TRUE,"",0.3,40,910040,920040,930040
"RDMM",4.24210804806698,0.894810790321069,0.027,0.621510014595255,0.165,-33044.6853575512,68168.605054076,125,5.21000000000004,TRUE,"",0.3,40,910040,920040,930040
"DGMM",NA,0.659006416352189,0.094,0.429245938004246,0.285,-38027.2031080009,78140.5483102545,6,0.789999999999964,TRUE,"",0.4,40,910040,920040,930040
"RDMM",3.65271153107133,0.84624623238069,0.04,0.641737418671034,0.153,-34526.3052483932,71131.84483576,133,5.35000000000014,TRUE,"",0.4,40,910040,920040,930040
"DGMM",NA,-0.000571614531157147,0.49,0.143014139703299,0.582,-36858.0605094527,75802.2631131579,18,2.14999999999986,TRUE,"",0.5,40,910040,920040,930040
"RDMM",3.25604221773642,0.835231320384536,0.043,0.641391146099922,0.154,-36134.8870321323,74349.0084032383,111,4.44000000000005,TRUE,"",0.5,40,910040,920040,930040
"DGMM",NA,0.992008004348543,0.002,0.852118942480653,0.059,-27141.4699785278,56369.0820513081,16,1.95000000000005,TRUE,"",0,41,910041,920041,930041
"RDMM",168.464371646799,0.99599999837435,0.001,0.882630457048709,0.046,-27112.7303458619,56304.6950306974,100,4.05999999999995,TRUE,"",0,41,910041,920041,930041
"DGMM",NA,0.96822421311812,0.008,0.711554311722141,0.123,-31774.948957671,65636.0400095946,23,2.75,TRUE,"",0.1,41,910041,920041,930041
"RDMM",7.62977818178123,0.960360342209705,0.01,0.840554880772691,0.063,-29388.1898139169,60855.6139668073,123,4.96000000000004,TRUE,"",0.1,41,910041,920041,930041
"DGMM",NA,-2.99374496504073e-05,0.487,-0.000136521470291569,0.733,-32385.7899753545,66857.7220449617,37,4.36999999999989,TRUE,"",0.2,41,910041,920041,930041
"RDMM",4.63800619298913,0.906210220120716,0.024,0.344755193847834,0.408,-31484.3852212318,65048.0047814371,100,4.05999999999995,TRUE,"",0.2,41,910041,920041,930041
"DGMM",NA,0.000324762534978535,0.483,0.00039346697614488,0.725,-33721.2437039736,69528.6295021998,30,3.57999999999993,TRUE,"",0.3,41,910041,920041,930041
"RDMM",3.6860809658868,0.887251253084151,0.029,0.72411408902301,0.113,-33031.9558784751,68143.1460959239,113,4.67000000000007,TRUE,"",0.3,41,910041,920041,930041
"DGMM",NA,0.756656515562442,0.065,0.268925938309599,0.486,-39329.2712843535,80744.6846629597,11,1.30999999999995,TRUE,"",0.4,41,910041,920041,930041
"RDMM",3.19951796421147,0.849933994922622,0.039,0.71980094036174,0.115,-34900.8664641485,71880.9672672706,127,4.3900000000001,TRUE,"",0.4,41,910041,920041,930041
"DGMM",NA,-0.000953241607534784,0.499,0.0025655126721244,0.722,-37373.5287606238,76833.1996155001,31,3.05999999999995,TRUE,"",0.5,41,910041,920041,930041
"RDMM",3.04939182844712,0.791892192988138,0.055,0.282151606015093,0.457,-36498.3502731101,75075.9348851938,127,4.22000000000003,TRUE,"",0.5,41,910041,920041,930041
"DGMM",NA,0.992008006429343,0.002,0.482438841949186,0.301,-27422.5891399455,56931.3203741436,14,1.48000000000002,TRUE,"",0,42,910042,920042,930042
"RDMM",199.999953873544,0.995999999473251,0.001,0.770146775767061,0.095,-27197.8680769806,56474.9704929349,113,3.82999999999993,TRUE,"",0,42,910042,920042,930042
"DGMM",NA,0.795459104567015,0.054,0.386978372261585,0.496,-31241.3449468821,64568.8319880167,24,2.36000000000013,TRUE,"",0.1,42,910042,920042,930042
"RDMM",8.09922969119523,0.929225220313262,0.018,0.728212134099937,0.112,-29458.5281269236,60996.2905928208,110,3.72999999999979,TRUE,"",0.1,42,910042,920042,930042
"DGMM",NA,0.626886259649269,0.104,0.303331385775522,0.528,-33142.5644569534,68371.2710081594,24,2.41000000000008,TRUE,"",0.2,42,910042,920042,930042
"RDMM",5.51750263711619,0.925369383447172,0.019,0.490575315289032,0.286,-31218.923804202,64517.0819473777,102,3.40000000000009,TRUE,"",0.2,42,910042,920042,930042
"DGMM",NA,0.00139614596269083,0.475,0.00179096363679003,0.715,-33128.4611745991,68343.0644434508,30,3.01999999999998,TRUE,"",0.3,42,910042,920042,930042
"RDMM",4.223008417367,0.883483500278655,0.03,0.443843855032314,0.34,-32844.8813130271,67768.9969650277,115,3.72000000000003,TRUE,"",0.3,42,910042,920042,930042
"DGMM",NA,0.00107318433576275,0.477,0.000224177869323637,0.714,-34911.491068044,71909.1242303407,25,2.56999999999994,TRUE,"",0.4,42,910042,920042,930042
"RDMM",3.5608445277485,0.872228240506596,0.033,0.594732522164728,0.179,-34500.1788938795,71079.5921267326,102,3.42000000000007,TRUE,"",0.4,42,910042,920042,930042
"DGMM",NA,0.626890243519942,0.104,0.27637449717656,0.436,-39232.0562322318,80550.2545587162,7,0.759999999999991,TRUE,"",0.5,42,910042,920042,930042
"RDMM",3.35554152557024,0.817033059406646,0.048,0.358655874703041,0.377,-35997.3391366585,74073.9126122905,100,3.34999999999991,TRUE,"",0.5,42,910042,920042,930042
"DGMM",NA,0.995999997133853,0.001,0.758226487087621,0.102,-27193.3083235442,56472.7587413411,11,0.72,TRUE,"",0,43,910043,920043,930043
"RDMM",199.999948562846,0.988024018523238,0.003,0.816968861824343,0.074,-27089.3035608136,56257.8414606008,102,3.3,TRUE,"",0,43,910043,920043,930043
"DGMM",NA,0.933089001806126,0.017,0.462237203439575,0.502,-31234.7897699,64555.7216340527,45,5.36,TRUE,"",0.1,43,910043,920043,930043
"RDMM",8.4247347648041,0.948624573339028,0.013,0.764774611350586,0.097,-29214.6928448976,60508.6200287688,104,4.26,TRUE,"",0.1,43,910043,920043,930043
"DGMM",NA,0.000253692120857587,0.48,-0.000378181720855539,0.727,-31632.3975958905,65350.9372860336,28,3.46,TRUE,"",0.2,43,910043,920043,930043
"RDMM",5.12831281646781,0.921521431404939,0.02,0.743473101511332,0.106,-31056.2912751817,64191.816889337,100,4.06,TRUE,"",0.2,43,910043,920043,930043
"DGMM",NA,-0.00105855465076218,0.494,-0.00089575688728214,0.731,-33535.3591771211,69156.8604484948,21,2.53,TRUE,"",0.3,43,910043,920043,930043
"RDMM",3.92636048109778,0.868492341482848,0.034,0.684320663981055,0.132,-32890.7009796919,67860.6362983575,212,8.44,TRUE,"",0.3,43,910043,920043,930043
"DGMM",NA,-0.000621753521394323,0.489,0.215975477816267,0.551,-35418.5619891587,72923.2660725701,22,2.62,TRUE,"",0.4,43,910043,920043,930043
"RDMM",3.41026226543127,0.817033047039708,0.048,0.459888712633236,0.273,-34736.4457735032,71552.12588598,100,4.04,TRUE,"",0.4,43,910043,920043,930043
"DGMM",NA,0.000555064589024758,0.48,0.193879594057359,0.554,-37156.782911561,76399.7079173746,19,2.24,TRUE,"",0.5,43,910043,920043,930043
"RDMM",3.16280554691802,0.827927848892061,0.045,0.483695451908297,0.267,-36370.4808845061,74820.1961079859,112,4.57,TRUE,"",0.5,43,910043,920043,930043
"DGMM",NA,1,0,0.768087572468213,0.096,-27305.2651802493,56696.6724547512,19,2.35,TRUE,"",0,44,910044,920044,930044
"RDMM",193.063635450414,1,0,0.863438033588659,0.054,-27165.1286418058,56409.4916225851,159,6.36,TRUE,"",0,44,910044,920044,930044
"DGMM",NA,0.760148072516789,0.064,0.473542137337565,0.252,-31640.7151764138,65367.5724470802,12,1.46,TRUE,"",0.1,44,910044,920044,930044
"RDMM",7.44889341991057,0.960360322224328,0.01,0.788409784067446,0.086,-29470.2376206503,61019.7095802742,175,7.06000000000001,TRUE,"",0.1,44,910044,920044,930044
"DGMM",NA,0.672082247217001,0.09,0.316691603723857,0.529,-33785.5378935718,69657.2178813961,18,2.17,TRUE,"",0.2,44,910044,920044,930044
"RDMM",4.88999110227384,0.898602505051401,0.026,0.70857669877623,0.123,-31294.3499641136,64667.9342672009,149,5.91,TRUE,"",0.2,44,910044,920044,930044
"DGMM",NA,0.500802628265241,0.146,0.244346812526475,0.546,-35366.0260158183,72818.1941258892,23,2.78999999999999,TRUE,"",0.3,44,910044,920044,930044
"RDMM",3.92340141756465,0.868492378167945,0.034,0.72388643145617,0.114,-32920.1641943986,67919.5627277709,106,4.45,TRUE,"",0.3,44,910044,920044,930044
"DGMM",NA,-0.000835162668802947,0.496,0.000408545040384137,0.733,-34997.8756910437,72081.89347634,29,3.39999999999999,TRUE,"",0.4,44,910044,920044,930044
"RDMM",3.46933801320775,0.87222810678411,0.033,0.681052165718635,0.135,-34469.1668358282,71017.56801063,125,5.08999999999999,TRUE,"",0.4,44,910044,920044,930044
"DGMM",NA,0.583284867839482,0.118,0.327251995256153,0.383,-39701.7314137026,81489.6049216578,6,0.77000000000001,TRUE,"",0.5,44,910044,920044,930044
"RDMM",3.18102110801925,0.824288119241656,0.046,0.442146536673879,0.298,-36173.5043982469,74426.2431354674,100,3.96000000000001,TRUE,"",0.5,44,910044,920044,930044
"DGMM",NA,1,0,0.81284604987564,0.076,-27251.4643529487,56589.0708001501,37,4.44000000000001,TRUE,"",0,45,910045,920045,930045
"RDMM",179.836959403401,1,0,0.826082968371684,0.07,-27228.9895758964,56537.2134907665,100,4.08,TRUE,"",0,45,910045,920045,930045
"DGMM",NA,0.910026078171181,0.023,0.710493072061036,0.12,-31887.2536029081,65860.6493000687,14,1.69000000000001,TRUE,"",0.1,45,910045,920045,930045
"RDMM",7.54512226855779,0.964288254345131,0.009,0.76803886648654,0.095,-29560.9996892933,61201.2337175602,100,4.02999999999999,TRUE,"",0.1,45,910045,920045,930045
"DGMM",NA,0.672079267337065,0.09,0.335356094094909,0.524,-34170.713097247,70427.5682887466,31,3.78,TRUE,"",0.2,45,910045,920045,930045
"RDMM",4.87844836684948,0.921521448445639,0.02,0.720835723224059,0.116,-31430.7539753673,64940.7422897082,105,4.25,TRUE,"",0.2,45,910045,920045,930045
"DGMM",NA,0.00017639327148647,0.485,-0.000557848642760682,0.74,-33465.2793768232,69016.7008478991,34,4.11,TRUE,"",0.3,45,910045,920045,930045
"RDMM",3.89581152684329,0.913849766967539,0.022,0.733241003807109,0.11,-32969.7317800484,68018.6978990705,192,7.73,TRUE,"",0.3,45,910045,920045,930045
"DGMM",NA,-0.000197283217107408,0.487,-0.000499615215712991,0.74,-35148.1448685229,72382.4318312985,30,3.58,TRUE,"",0.4,45,910045,920045,930045
"RDMM",3.4148778778788,0.84624610307717,0.04,0.364280382667484,0.362,-34825.4966500667,71730.2276391069,115,4.60999999999999,TRUE,"",0.4,45,910045,920045,930045
"DGMM",NA,0.0011578939505174,0.477,0.000179755703857179,0.736,-36947.4318101376,75981.0057145278,22,2.69,TRUE,"",0.5,45,910045,920045,930045
"RDMM",3.01960105163162,0.842566416929724,0.041,0.443292408420109,0.284,-36452.2326631448,74983.6996652632,100,4.11000000000001,TRUE,"",0.5,45,910045,920045,930045
"DGMM",NA,0.995999997241588,0.001,0.842013956195432,0.063,-27132.8541457594,56351.8503857713,44,5.31,TRUE,"",0,46,910046,920046,930046
"RDMM",199.999952818104,0.995999997241588,0.001,0.847039224390737,0.061,-27103.1158672872,56285.466073548,122,4.97,TRUE,"",0,46,910046,920046,930046
"DGMM",NA,0.940840830546444,0.015,0.612866763215877,0.174,-30700.6817156534,63487.5055255594,15,1.80000000000001,TRUE,"",0.1,46,910046,920046,930046
"RDMM",9.36294646212064,0.968224203642699,0.008,0.794224842251659,0.083,-29132.4767424785,60344.1878239306,160,6.37,TRUE,"",0.1,46,910046,920046,930046
"DGMM",NA,0.872228719840411,0.033,0.628818667497857,0.16,-33435.2675835662,68956.6772613851,16,1.95999999999998,TRUE,"",0.2,46,910046,920046,930046
"RDMM",5.62464473583067,0.91002597209792,0.023,0.757464791076272,0.098,-30911.0525917245,63901.3395224226,100,4.03,TRUE,"",0.2,46,910046,920046,930046
"DGMM",NA,0.732468322772686,0.072,0.40954709124718,0.289,-35977.3773441256,74040.8967825039,6,0.780000000000001,TRUE,"",0.3,46,910046,920046,930046
"RDMM",4.22392328339505,0.861044955042365,0.036,0.688806280388535,0.129,-32686.2348365053,67451.7040119843,112,4.53,TRUE,"",0.3,46,910046,920046,930046
"DGMM",NA,0.742787428318627,0.069,0.409581356996297,0.29,-37764.4474288392,77615.0369519309,6,0.780000000000001,TRUE,"",0.4,46,910046,920046,930046
"RDMM",3.5795377211261,0.813417353684738,0.049,0.655168730288232,0.145,-34262.8011161165,70604.8365712067,100,4.28999999999999,TRUE,"",0.4,46,910046,920046,930046
"DGMM",NA,0.00172497805187702,0.474,0.000674648346671614,0.717,-36518.0380637925,75122.2182218376,32,3.86000000000001,TRUE,"",0.5,46,910046,920046,930046
"RDMM",3.21425027423158,0.781237264730293,0.058,0.60447511727572,0.169,-36038.2381381808,74155.7106153352,181,7.25,TRUE,"",0.5,46,910046,920046,930046
"DGMM",NA,0.992007998034384,0.002,0.784827776099063,0.088,-27169.4867027805,56425.1154998137,12,1.48000000000002,TRUE,"",0,47,910047,920047,930047
"RDMM",195.236654550635,0.992007998034384,0.002,0.828425483652892,0.069,-27040.4237506208,56160.0818402151,113,4.66,TRUE,"",0,47,910047,920047,930047
"DGMM",NA,0.913849899559271,0.022,0.575046217570131,0.198,-31102.9791956752,64292.1004856029,20,2.41999999999999,TRUE,"",0.1,47,910047,920047,930047
"RDMM",8.57392601575159,0.940840754576077,0.015,0.796968783147468,0.082,-29128.1932852937,60335.620909561,151,6.19,TRUE,"",0.1,47,910047,920047,930047
"DGMM",NA,0.574123184500096,0.121,0.34441424355251,0.508,-33822.1646234063,69730.4713410652,25,3.06,TRUE,"",0.2,47,910047,920047,930047
"RDMM",4.93111494794033,0.898602334557025,0.026,0.750213844155229,0.103,-31204.0641013026,64487.3625415789,117,4.61000000000001,TRUE,"",0.2,47,910047,920047,930047
"DGMM",NA,0.698594919502906,0.082,0.374278271705172,0.393,-37655.7947186032,77397.731531459,7,0.909999999999997,TRUE,"",0.3,47,910047,920047,930047
"RDMM",3.62657209683288,0.831575039940186,0.044,0.458431708079823,0.3,-33244.3382411391,68567.9108212517,127,5.06999999999999,TRUE,"",0.3,47,910047,920047,930047
"DGMM",NA,-0.000632859737898244,0.489,-0.000266187084651598,0.722,-35438.7682400275,72963.6785743076,39,4.71000000000001,TRUE,"",0.4,47,910047,920047,930047
"RDMM",3.21282816150611,0.799034094776514,0.053,0.418119492446833,0.354,-34841.7773473793,71762.7890337322,100,4.05000000000001,TRUE,"",0.4,47,910047,920047,930047
"DGMM",NA,0.611135507359907,0.109,0.310893478926836,0.419,-40595.5376254001,83277.2173450528,6,0.780000000000001,TRUE,"",0.5,47,910047,920047,930047
"RDMM",2.97914750666192,0.781237050341091,0.058,0.411720255493823,0.339,-36556.6532420308,75192.5408230353,100,4.03,TRUE,"",0.5,47,910047,920047,930047
"DGMM",NA,0.995999998759119,0.001,0.85132897631113,0.059,-27145.0018788557,56376.145851964,23,2.77000000000001,TRUE,"",0,48,910048,920048,930048
"RDMM",199.99995249505,0.995999998759119,0.001,0.846621223555654,0.061,-27135.1663836417,56349.5671062571,100,4.13,TRUE,"",0,48,910048,920048,930048
"DGMM",NA,0.795460135861865,0.054,0.45609516997241,0.29,-31366.0058691718,64818.1538325962,15,1.84,TRUE,"",0.1,48,910048,920048,930048
"RDMM",7.75948160043278,0.95252852057616,0.012,0.660255004292626,0.153,-29616.9444553321,61313.1232496378,113,4.5,TRUE,"",0.1,48,910048,920048,930048
"DGMM",NA,0.604899679782011,0.111,0.275416497472008,0.549,-34212.2067890774,70510.5556724073,25,3.06,TRUE,"",0.2,48,910048,920048,930048
"RDMM",4.81028727930638,0.906210231740861,0.024,0.531874052649071,0.258,-31502.4359072635,65084.1061535006,149,5.94,TRUE,"",0.2,48,910048,920048,930048
"DGMM",NA,0.000756368309006373,0.48,0.000901533167247789,0.729,-33677.5369053921,69441.2159050369,20,2.39000000000001,TRUE,"",0.3,48,910048,920048,930048
"RDMM",3.81111350694977,0.87972368641159,0.031,0.681377186121791,0.135,-33198.0275085929,68475.2893561595,134,5.38,TRUE,"",0.3,48,910048,920048,930048
"DGMM",NA,-0.00093339219269409,0.499,-0.000733965524958893,0.734,-35396.3054597373,72878.7530137271,25,3.10000000000002,TRUE,"",0.4,48,910048,920048,930048
"RDMM",3.29176943581421,0.849933917174667,0.039,0.583875344012281,0.186,-34874.3361425859,71827.9066241454,117,4.76999999999998,TRUE,"",0.4,48,910048,920048,930048
"DGMM",NA,-0.000728123465444457,0.492,-0.000620107889411277,0.739,-37233.1183866499,76552.3788675523,22,2.61000000000001,TRUE,"",0.5,48,910048,920048,930048
"RDMM",2.99290354499022,0.813417334839527,0.049,0.473511127199365,0.256,-36666.7933128975,75412.8209647686,100,4.03000000000003,TRUE,"",0.5,48,910048,920048,930048
"DGMM",NA,0.988024012641135,0.003,0.849273757441165,0.06,-27068.1563323117,56222.4547588761,19,2.31,TRUE,"",0,49,910049,920049,930049
"RDMM",199.999949891448,0.988024012641135,0.003,0.854002331700616,0.058,-27054.1831217611,56187.6005824957,100,4.02999999999997,TRUE,"",0,49,910049,920049,930049
"DGMM",NA,0.940840801410267,0.015,0.732567840009189,0.112,-31086.9932331903,64260.1285606332,18,2.14000000000004,TRUE,"",0.1,49,910049,920049,930049
"RDMM",8.34332520929202,0.956440401786792,0.011,0.817982192774215,0.073,-29183.0051946792,60445.2447283321,109,4.38999999999999,TRUE,"",0.1,49,910049,920049,930049
"DGMM",NA,0.586363508904446,0.117,0.287968706982352,0.537,-33292.2044520456,68670.5509983438,41,4.88,TRUE,"",0.2,49,910049,920049,930049
"RDMM",5.32779923281018,0.906210131052392,0.024,0.781535206074022,0.089,-30976.0847458446,64031.4038306627,101,4.05000000000001,TRUE,"",0.2,49,910049,920049,930049
"DGMM",NA,-0.000716626657063312,0.499,-0.000695094615697044,0.738,-33414.8602439427,68915.862582138,28,3.40000000000003,TRUE,"",0.3,49,910049,920049,930049
"RDMM",4.01266747775508,0.883483375953925,0.03,0.72905720072121,0.112,-32847.1203487877,67773.4750365491,190,7.81,TRUE,"",0.3,49,910049,920049,930049
"DGMM",NA,-0.000827923896770739,0.497,-0.0010525204308281,0.742,-35094.9295400318,72276.0011743163,30,3.73999999999995,TRUE,"",0.4,49,910049,920049,930049
"RDMM",3.41002476816706,0.831575409513821,0.044,0.655246817735779,0.147,-34558.9209307296,71197.0762004327,149,6.35999999999996,TRUE,"",0.4,49,910049,920049,930049
"DGMM",NA,0.617416658980415,0.107,0.378041802309759,0.318,-39855.1106564413,81796.3634071352,6,0.860000000000014,TRUE,"",0.5,49,910049,920049,930049
"RDMM",3.17770704575625,0.791891687523895,0.055,0.495310122302846,0.247,-36173.7938952428,74426.8221294591,122,5.81999999999999,TRUE,"",0.5,49,910049,920049,930049
"DGMM",NA,0.992008007306379,0.002,0.75171128770615,0.104,-27308.9535480521,56704.0491903568,10,1.31999999999999,TRUE,"",0,50,910050,920050,930050
"RDMM",199.999951141434,0.992008007306379,0.002,0.812775506547426,0.076,-27150.8016216218,56380.8375822172,158,6.49000000000001,TRUE,"",0,50,910050,920050,930050
"DGMM",NA,0.929225160236116,0.018,0.622045092080878,0.167,-31384.83356946,64855.8092331726,10,1.47000000000003,TRUE,"",0.1,50,910050,920050,930050
"RDMM",8.1192819946151,0.968224226259909,0.008,0.803800712182142,0.08,-29364.5765353764,60808.3874097264,102,4.72999999999996,TRUE,"",0.1,50,910050,920050,930050
"DGMM",NA,0.846246028449496,0.04,0.392134997682775,0.384,-34522.982713855,71132.1075219627,13,1.81,TRUE,"",0.2,50,910050,920050,930050
"RDMM",5.13691047386959,0.940840846525805,0.015,0.75738750931671,0.1,-31285.3713194513,64649.9769778763,100,4.66999999999996,TRUE,"",0.2,50,910050,920050,930050
"DGMM",NA,0.784780127389429,0.057,0.326138614642018,0.405,-36722.8070300154,75531.7561542835,13,1.66999999999996,TRUE,"",0.3,50,910050,920050,930050
"RDMM",4.02905140103429,0.902402428454474,0.025,0.534156690249844,0.279,-33033.5553122344,68146.3449634424,152,6.06999999999999,TRUE,"",0.3,50,910050,920050,930050
"DGMM",NA,-0.000775607205586208,0.492,-0.000312620315688252,0.728,-35258.8425341334,72603.8271625194,34,4.00999999999999,TRUE,"",0.4,50,910050,920050,930050
"RDMM",3.4324378606822,0.872228265972831,0.033,0.512434443237247,0.285,-34678.9977710279,71437.2298810295,177,7.15999999999997,TRUE,"",0.4,50,910050,920050,930050
"DGMM",NA,-0.000910874311862491,0.495,0.00174407866709969,0.724,-37006.0000134036,76098.1421210599,26,3.11000000000001,TRUE,"",0.5,50,910050,920050,930050
"RDMM",3.21358327734381,0.861045062519377,0.036,0.644215692631341,0.153,-36180.8513821524,74440.9371032784,124,4.94999999999999,TRUE,"",0.5,50,910050,920050,930050
"DGMM",NA,0.995999996008016,0.001,0.821157154982032,0.072,-27092.7154117449,56271.5729177423,15,1.82999999999998,TRUE,"",0,51,910051,920051,930051
"RDMM",198.250624643864,0.995999996008016,0.001,0.841939632404496,0.063,-27067.2769245207,56213.7881880151,100,4.06999999999999,TRUE,"",0,51,910051,920051,930051
"DGMM",NA,0.929225155443284,0.018,0.627242626897892,0.167,-31441.2536807667,64968.6494557859,13,1.57999999999998,TRUE,"",0.1,51,910051,920051,930051
"RDMM",8.30682742119378,0.960360321276788,0.01,0.784790831264135,0.087,-29261.7253149884,60602.6849689505,129,5.17000000000002,TRUE,"",0.1,51,910051,920051,930051
"DGMM",NA,-0.000222391756275102,0.491,0.154966881016108,0.568,-31907.403816638,65900.9497275286,28,3.28000000000003,TRUE,"",0.2,51,910051,920051,930051
"RDMM",4.71391811276107,0.91768159952833,0.021,0.727144204206126,0.113,-31328.310830776,64735.8560005256,105,4.19999999999999,TRUE,"",0.2,51,910051,920051,930051
"DGMM",NA,-0.000743230660243284,0.5,-0.000880117317222981,0.739,-33631.2067295128,69348.5555532782,25,3.11000000000001,TRUE,"",0.3,51,910051,920051,930051
"RDMM",3.77202283172338,0.902402308129777,0.025,0.705287126395776,0.123,-33004.9006980658,68089.0357351052,132,5.31999999999999,TRUE,"",0.3,51,910051,920051,930051
"DGMM",NA,-0.000813686554089425,0.496,-0.00105711511646943,0.739,-35604.9115606748,73295.9652156022,21,2.50999999999999,TRUE,"",0.4,51,910051,920051,930051
"RDMM",3.23455375319734,0.842566515455947,0.041,0.457623962206517,0.322,-34904.9629402134,71889.1602194005,100,3.99000000000001,TRUE,"",0.4,51,910051,920051,930051
"DGMM",NA,-0.000628265567695099,0.491,-0.0011453186495798,0.739,-37447.3547115138,76980.8515172801,23,2.75,TRUE,"",0.5,51,910051,920051,930051
"RDMM",2.98039723717589,0.861044914722571,0.036,0.636543357814902,0.156,-36479.5285811447,75038.2915012631,133,5.36000000000001,TRUE,"",0.5,51,910051,920051,930051
"DGMM",NA,1,0,0.856686111933801,0.057,-27294.4018295145,56674.9457532815,16,1.99000000000001,TRUE,"",0,52,910052,920052,930052
"RDMM",199.999948929272,0.99599999837435,0.001,0.865843190894073,0.053,-27272.930150086,56625.0946391456,100,4.10000000000002,TRUE,"",0,52,910052,920052,930052
"DGMM",NA,0.968224207871488,0.008,0.498389276124138,0.273,-31968.3560847202,66022.8542636929,20,2.49000000000001,TRUE,"",0.1,52,910052,920052,930052
"RDMM",7.83159591740445,0.944728729526229,0.014,0.549648625193854,0.258,-29615.097230571,61309.4288001156,106,4.42000000000002,TRUE,"",0.1,52,910052,920052,930052
"DGMM",NA,0.58635264687614,0.117,0.232797221526899,0.509,-34804.7495267499,71695.6411477523,31,3.64999999999998,TRUE,"",0.2,52,910052,920052,930052
"RDMM",4.70931818173472,0.944728708791209,0.014,0.758980122652589,0.099,-31467.9754757148,65015.1852904033,235,9.41000000000003,TRUE,"",0.2,52,910052,920052,930052
"DGMM",NA,-0.000796591300188947,0.496,-0.000719892564870293,0.732,-33690.9403350781,69468.0227644087,22,2.62,TRUE,"",0.3,52,910052,920052,930052
"RDMM",3.88813739464432,0.894810881386526,0.027,0.457356701799047,0.308,-33202.9483641725,68485.1310673186,100,4.04999999999995,TRUE,"",0.3,52,910052,920052,930052
"DGMM",NA,-0.000680622638564389,0.492,-0.00121047361482065,0.737,-35408.9960278998,72904.1341500521,25,3,TRUE,"",0.4,52,910052,920052,930052
"RDMM",3.41328931506499,0.842566884208856,0.041,0.412912125632455,0.326,-34846.1197015666,71771.4737421067,114,4.72999999999996,TRUE,"",0.4,52,910052,920052,930052
"DGMM",NA,-0.000659892077669835,0.491,-0.000699612587661899,0.729,-37195.2376154013,76476.6173250551,35,4.19,TRUE,"",0.5,52,910052,920052,930052
"RDMM",3.0654094269922,0.791892872288176,0.055,0.438500395080306,0.32,-36499.8179167828,75078.8701725393,100,4.09000000000003,TRUE,"",0.5,52,910052,920052,930052
"DGMM",NA,0.995999999913427,0.001,0.722440572386992,0.121,-27239.3806932023,56564.9034806571,10,1.25,TRUE,"",0,53,910053,920053,930053
"RDMM",199.999948136479,1,0,0.848963422461691,0.06,-27064.2686619593,56207.7716628922,263,10.46,TRUE,"",0,53,910053,920053,930053
"DGMM",NA,0.952528525313029,0.012,0.578520842276539,0.197,-31363.2854072389,64812.7129087303,13,1.65000000000003,TRUE,"",0.1,53,910053,920053,930053
"RDMM",8.31636086096391,0.964288290435283,0.009,0.717615296448356,0.125,-29347.3981745201,60774.0306880137,100,3.98999999999995,TRUE,"",0.1,53,910053,920053,930053
"DGMM",NA,0.598675824117435,0.113,0.273161898855827,0.511,-33627.5824270109,69341.3069482744,33,4.07999999999998,TRUE,"",0.2,53,910053,920053,930053
"RDMM",5.24190474605435,0.93696096578679,0.016,0.776796619226437,0.09,-31117.5105524192,64314.255443812,119,4.87,TRUE,"",0.2,53,910053,920053,930053
"DGMM",NA,0.000178754898761198,0.483,0.000279672446831351,0.725,-33379.7960159784,68845.7341262094,43,5.03000000000003,TRUE,"",0.3,53,910053,920053,930053
"RDMM",4.08764485714654,0.898602631497776,0.026,0.705406979252337,0.122,-32811.7830285135,67702.8003960006,108,4.34999999999997,TRUE,"",0.3,53,910053,920053,930053
"DGMM",NA,-0.000794891530189107,0.493,0.000339611196892951,0.729,-35247.6786658365,72581.4994259255,31,3.69999999999999,TRUE,"",0.4,53,910053,920053,930053
"RDMM",3.35375781467268,0.857333337564725,0.037,0.672677298879573,0.138,-34679.4342338735,71438.1028067206,222,8.80000000000001,TRUE,"",0.4,53,910053,920053,930053
"DGMM",NA,0.580224192930348,0.119,0.222456970444377,0.511,-40095.4004857259,82276.9430657045,11,1.37,TRUE,"",0.5,53,910053,920053,930053
"RDMM",3.14813384302885,0.849933953541742,0.039,0.637986304722382,0.155,-36469.1731674446,75017.5806738627,100,4.27999999999997,TRUE,"",0.5,53,910053,920053,930053
"DGMM",NA,0.988024020827233,0.003,0.845693546698339,0.062,-26978.9164387364,56043.9749717253,17,2.07999999999993,TRUE,"",0,54,910054,920054,930054
"RDMM",199.999947890126,0.984048044897045,0.004,0.861063049928872,0.055,-26955.6331938155,55990.5007266046,100,4.03000000000009,TRUE,"",0,54,910054,920054,930054
"DGMM",NA,0.933089080277775,0.017,0.640956302256524,0.157,-31063.6682218594,64213.4785379714,21,2.5,TRUE,"",0.1,54,910054,920054,930054
"RDMM",8.24141175855793,0.933089080277775,0.017,0.790834570330392,0.084,-29171.6767029185,60422.5877448106,142,5.71999999999991,TRUE,"",0.1,54,910054,920054,930054
"DGMM",NA,0.655752554265997,0.095,0.351848572848102,0.357,-33747.1294184557,69580.400931164,11,1.34000000000003,TRUE,"",0.2,54,910054,920054,930054
"RDMM",5.04706391880595,0.887251262085965,0.029,0.565432531112125,0.247,-31131.3200437757,64341.8744265251,100,4.02999999999997,TRUE,"",0.2,54,910054,920054,930054
"DGMM",NA,0.00325419985050361,0.467,0.000729252367789865,0.729,-33349.526134473,68785.1943631985,24,2.84000000000003,TRUE,"",0.3,54,910054,920054,930054
"RDMM",4.00860032178305,0.853629681984979,0.038,0.521994560434015,0.262,-32783.5679662324,67646.3702714384,142,5.70000000000005,TRUE,"",0.3,54,910054,920054,930054
"DGMM",NA,0.00504306455685934,0.461,0.00124580085994358,0.728,-35056.0262888086,72198.1946718698,31,3.70999999999992,TRUE,"",0.4,54,910054,920054,930054
"RDMM",3.36352550909196,0.809809818271168,0.05,0.368377404777314,0.373,-34634.6585020224,71348.5513430185,114,4.59000000000003,TRUE,"",0.4,54,910054,920054,930054
"DGMM",NA,0.00309008865676391,0.468,0.126141457186175,0.585,-36885.5906146874,75857.3233236274,19,2.30000000000007,TRUE,"",0.5,54,910054,920054,930054
"RDMM",3.03684463238114,0.7812373248299,0.058,0.448756681106799,0.313,-36161.7861509626,74402.8066408988,123,4.94999999999993,TRUE,"",0.5,54,910054,920054,930054
"DGMM",NA,0.995999996623648,0.001,0.712580608942486,0.124,-27101.2843976883,56288.7108896293,14,1.72000000000003,TRUE,"",0,55,910055,920055,930055
"RDMM",199.999947606253,1,0,0.846029496885056,0.062,-26905.7871517629,55890.8086424995,115,4.62,TRUE,"",0,55,910055,920055,930055
"DGMM",NA,0.763642294611349,0.063,0.527654701109406,0.209,-30997.7129020099,64081.5678982723,21,2.48000000000002,TRUE,"",0.1,55,910055,920055,930055
"RDMM",8.46819742173495,0.964288256083341,0.009,0.793075494441501,0.085,-29178.8734257111,60436.9811903958,161,6.62,TRUE,"",0.1,55,910055,920055,930055
"DGMM",NA,0.598689970120664,0.113,0.284710778007264,0.526,-33433.5261275063,68953.1943492652,21,2.53000000000009,TRUE,"",0.2,55,910055,920055,930055
"RDMM",5.0603987659765,0.913849772470104,0.022,0.756655932996044,0.1,-31039.0060264549,64157.2463918834,183,7.75999999999999,TRUE,"",0.2,55,910055,920055,930055
"DGMM",NA,0.00134862548759366,0.477,0.240867734072124,0.524,-33307.6682051027,68701.478504458,22,2.71999999999991,TRUE,"",0.3,55,910055,920055,930055
"RDMM",3.91166652454187,0.887251149574033,0.029,0.70492015099001,0.124,-32840.4081438788,67760.0506267312,135,5.46999999999991,TRUE,"",0.3,55,910055,920055,930055
"DGMM",NA,0.000266961726894465,0.483,0.184748582507661,0.554,-35065.9998501341,72218.1417945207,21,2.49000000000001,TRUE,"",0.4,55,910055,920055,930055
"RDMM",3.32217717261272,0.842566433678888,0.041,0.66249165471109,0.144,-34588.1817832362,71255.5979054459,111,4.47000000000003,TRUE,"",0.4,55,910055,920055,930055
"DGMM",NA,-0.000568929317227973,0.49,5.09703221178408e-05,0.73,-36780.2588378097,75646.659769872,21,2.51999999999998,TRUE,"",0.5,55,910055,920055,930055
"RDMM",2.98534604053839,0.806210046634566,0.051,0.640769516715804,0.155,-36180.8386343287,74440.911607631,100,4.15000000000009,TRUE,"",0.5,55,910055,920055,930055
"DGMM",NA,0.995999992160313,0.001,0.825559889957126,0.07,-27195.2843012099,56476.7106966724,14,1.69999999999993,TRUE,"",0,56,910056,920056,930056
"RDMM",199.999950971334,0.995999992160313,0.001,0.864224358856888,0.054,-27155.4983051088,56390.2309491912,100,4.08000000000004,TRUE,"",0,56,910056,920056,930056
"DGMM",NA,0.948624614152705,0.013,0.696676954063725,0.129,-31573.3416324987,65232.8253592501,15,1.79999999999995,TRUE,"",0.1,56,910056,920056,930056
"RDMM",7.93830221537577,0.968224170083868,0.008,0.823490599761569,0.071,-29399.8530665933,60878.9404721603,100,4.04000000000008,TRUE,"",0.1,56,910056,920056,930056
"DGMM",NA,-0.00153363432680063,0.496,-0.00109513583940706,0.728,-31943.6112734921,65973.3646412369,30,3.63999999999999,TRUE,"",0.2,56,910056,920056,930056
"RDMM",4.78534404966886,0.91002569168111,0.023,0.49416860247614,0.313,-31497.5744456277,65074.383230229,176,7,TRUE,"",0.2,56,910056,920056,930056
"DGMM",NA,-0.000198638535480616,0.483,0.000927693901248329,0.724,-33698.2243521115,69482.5907984756,35,4.36000000000001,TRUE,"",0.3,56,910056,920056,930056
"RDMM",3.72881728897098,0.88725103027253,0.029,0.721673390260723,0.115,-33083.1196937317,68245.473726437,100,4.04999999999995,TRUE,"",0.3,56,910056,920056,930056
"DGMM",NA,-0.00116922775923827,0.5,0.00279539393695485,0.708,-35820.8359185285,73727.8139313096,21,2.5,TRUE,"",0.4,56,910056,920056,930056
"RDMM",3.19576954666769,0.849933470403849,0.039,0.44623236986732,0.341,-35022.5733753596,72124.3810896929,133,5.27999999999997,TRUE,"",0.4,56,910056,920056,930056
"DGMM",NA,-0.000581984494069534,0.489,0.00756722687420716,0.694,-37785.538926427,77657.2199471065,20,2.46000000000004,TRUE,"",0.5,56,910056,920056,930056
"RDMM",2.9066290276035,0.824287048509652,0.046,0.477653467429194,0.256,-36713.9539040712,75507.142147116,100,4,TRUE,"",0.5,56,910056,920056,930056
"DGMM",NA,0.995999997241588,0.001,0.788206527934523,0.087,-27168.2819652552,56422.706024763,35,4.15999999999997,TRUE,"",0,57,910057,920057,930057
"RDMM",199.999947240282,0.992008002831505,0.002,0.841985395207635,0.064,-27096.8488610854,56272.9320611444,136,5.42000000000007,TRUE,"",0,57,910057,920057,930057
"DGMM",NA,0.802619986752656,0.052,0.413986133546709,0.311,-32030.3755590837,66146.89321242,11,1.37,TRUE,"",0.1,57,910057,920057,930057
"RDMM",7.56634334780939,0.964288259518538,0.009,0.77963696874104,0.091,-29437.8100431841,60954.8544253417,131,5.29999999999995,TRUE,"",0.1,57,910057,920057,930057
"DGMM",NA,-0.000157782831923465,0.489,-0.00132588244167681,0.728,-31759.0524382063,65604.2469706653,22,2.67000000000007,TRUE,"",0.2,57,910057,920057,930057
"RDMM",5.04419662457922,0.910025954701743,0.023,0.746382559988846,0.105,-31317.1537540454,64713.5418470643,124,4.91999999999996,TRUE,"",0.2,57,910057,920057,930057
"DGMM",NA,0.00169222388575179,0.475,-0.000184220015220088,0.72,-33648.7027676155,69383.5476294835,62,7.28999999999996,TRUE,"",0.3,57,910057,920057,930057
"RDMM",3.99444444906635,0.898602536926373,0.026,0.700697477068533,0.126,-33027.4017389707,68134.0378169151,100,4.07000000000005,TRUE,"",0.3,57,910057,920057,930057
"DGMM",NA,0.626893477068312,0.104,0.366211031590531,0.342,-38581.4030561763,79248.9482066053,6,0.840000000000032,TRUE,"",0.4,57,910057,920057,930057
"RDMM",3.34884178478107,0.846246134767103,0.04,0.658502071176847,0.146,-34691.3925817181,71462.0195024098,196,7.91999999999996,TRUE,"",0.4,57,910057,920057,930057
"DGMM",NA,0.000314590785399594,0.482,-0.000781215968127589,0.727,-37011.782570158,76109.7072345686,21,2.5,TRUE,"",0.5,57,910057,920057,930057
"RDMM",3.04458359853537,0.813417384949831,0.049,0.62792344880833,0.163,-36478.2726039496,75035.7795468728,219,8.69000000000005,TRUE,"",0.5,57,910057,920057,930057
"DGMM",NA,0.988024024117336,0.003,0.834353070283281,0.066,-27170.5891231624,56427.3203405773,15,1.86000000000001,TRUE,"",0,58,910058,920058,930058
"RDMM",199.999953282952,0.988024024117336,0.003,0.850851849708466,0.059,-27133.1151908903,56345.4647207543,100,4.04999999999995,TRUE,"",0,58,910058,920058,930058
"DGMM",NA,-0.000198892684433458,0.488,-0.000391956439439656,0.74,-29963.3662182539,62012.8745307605,22,2.62,TRUE,"",0.1,58,910058,920058,930058
"RDMM",7.47885097476896,0.940840852364415,0.015,0.57079775296925,0.27,-29706.8240965635,61492.8825321007,235,9.51999999999998,TRUE,"",0.1,58,910058,920058,930058
"DGMM",NA,-0.000711343145114508,0.494,-0.000672660859370728,0.742,-32157.4132116263,66400.9685175052,25,2.97000000000003,TRUE,"",0.2,58,910058,920058,930058
"RDMM",4.69657700530718,0.891027008771995,0.028,0.743883777869794,0.105,-31432.7021986366,64944.6387362468,215,8.59000000000003,TRUE,"",0.2,58,910058,920058,930058
"DGMM",NA,-0.000765918010837476,0.494,-1.90533662238815e-05,0.724,-34703.2607593219,71492.6636128964,29,3.45999999999992,TRUE,"",0.3,58,910058,920058,930058
"RDMM",3.79508054450186,0.868492511448527,0.034,0.456230969585765,0.303,-33208.9102557375,68497.0548504487,100,4,TRUE,"",0.3,58,910058,920058,930058
"DGMM",NA,-0.00091836754790263,0.497,-0.000376827253419959,0.728,-35520.6412395815,73127.4245734157,35,4.18999999999994,TRUE,"",0.4,58,910058,920058,930058
"RDMM",3.33738506889488,0.82428829718725,0.046,0.675376013146896,0.136,-34759.5998139297,71598.4339668331,135,5.56000000000006,TRUE,"",0.4,58,910058,920058,930058
"DGMM",NA,-0.000199955843522906,0.486,-0.000733461879474867,0.732,-37163.5503020222,76413.242698297,29,3.55999999999995,TRUE,"",0.5,58,910058,920058,930058
"RDMM",3.08541386041037,0.756656730601726,0.065,0.327219458863122,0.369,-36590.9019352545,75261.0382094826,152,6.08000000000004,TRUE,"",0.5,58,910058,920058,930058
"DGMM",NA,0.992008000128128,0.002,0.582440809135771,0.195,-27498.705672624,57083.5534395005,17,2.06000000000006,TRUE,"",0,59,910059,920059,930059
"RDMM",199.999949440197,0.992008000128128,0.002,0.877894871393243,0.048,-27273.1868699637,56625.608078901,116,4.7399999999999,TRUE,"",0,59,910059,920059,930059
"DGMM",NA,0.824289581391725,0.046,0.403522651307984,0.331,-31395.9486904501,64878.0394751529,17,2.08000000000004,TRUE,"",0.1,59,910059,920059,930059
"RDMM",8.60473127603736,0.948624575793517,0.013,0.54784051092768,0.268,-29447.541941941,60974.3182228556,134,5.32000000000005,TRUE,"",0.1,59,910059,920059,930059
"DGMM",NA,0.617429043232223,0.107,0.298496784698507,0.538,-33557.5867182089,69201.3155306705,21,2.51999999999998,TRUE,"",0.2,59,910059,920059,930059
"RDMM",5.27567637828187,0.929225165491892,0.018,0.772389363125808,0.092,-31199.3362674745,64477.9068739227,100,4.03999999999996,TRUE,"",0.2,59,910059,920059,930059
"DGMM",NA,-0.00072326111520853,0.498,-0.000322787943617719,0.738,-33538.4732699995,69163.0886342517,23,2.74000000000001,TRUE,"",0.3,59,910059,920059,930059
"RDMM",3.92615748683175,0.91384977034449,0.022,0.727286070226549,0.113,-33073.0520570679,68225.3384531095,125,5.18000000000006,TRUE,"",0.3,59,910059,920059,930059
"DGMM",NA,-0.000396673525677731,0.489,-0.000378251415663438,0.737,-35261.2871865534,72608.7164673594,23,2.73000000000002,TRUE,"",0.4,59,910059,920059,930059
"RDMM",3.4535862754771,0.846246155288151,0.04,0.49230909184917,0.29,-34795.6705323221,71670.5754036178,104,4.25,TRUE,"",0.4,59,910059,920059,930059
"DGMM",NA,0.000203753077797135,0.483,0.232773553845506,0.533,-37055.7380897799,76197.6182738123,23,2.71999999999991,TRUE,"",0.5,59,910059,920059,930059
"RDMM",3.22466835268738,0.853629487621629,0.038,0.647120714341117,0.15,-36317.481348171,74714.1970353157,100,4.07000000000005,TRUE,"",0.5,59,910059,920059,930059
"DGMM",NA,0.992008000319167,0.002,0.84194968644444,0.063,-27159.1332416988,56404.4085776502,19,2.29999999999995,TRUE,"",0,60,910060,920060,930060
"RDMM",199.999917393021,0.995999996071888,0.001,0.83023175371457,0.068,-27128.6889819986,56336.6123029709,104,4.25,TRUE,"",0,60,910060,920060,930060
"DGMM",NA,0.968224193653764,0.008,0.679370731855963,0.139,-31179.9083437251,64445.9587817027,22,2.79000000000008,TRUE,"",0.1,60,910060,920060,930060
"RDMM",8.48364297697502,0.960360324756183,0.01,0.788186857498765,0.086,-29434.728107822,60948.6905546177,100,4.10000000000002,TRUE,"",0.1,60,910060,920060,930060
"DGMM",NA,0.917681646848681,0.021,0.456566503931512,0.499,-34321.2743220121,70728.6907382768,25,2.96999999999991,TRUE,"",0.2,60,910060,920060,930060
"RDMM",5.19086452320401,0.917681611358423,0.021,0.50436328683632,0.281,-31491.4017254109,65062.0377897953,100,4.04000000000008,TRUE,"",0.2,60,910060,920060,930060
"DGMM",NA,0.000113741909138011,0.485,0.00174267776700292,0.719,-33417.9427834705,68922.0276611937,25,3.01999999999998,TRUE,"",0.3,60,910060,920060,930060
"RDMM",3.89259198379196,0.887251154931749,0.029,0.685652431208291,0.132,-33161.528408733,68402.2911564397,129,5.18999999999994,TRUE,"",0.3,60,910060,920060,930060
"DGMM",NA,0.672071850837112,0.09,0.390766819954518,0.309,-39127.3167241804,80340.7755426133,6,0.780000000000086,TRUE,"",0.4,60,910060,920060,930060
"RDMM",3.30344913828625,0.849933784168602,0.039,0.629821652426302,0.159,-34928.9859186599,71937.2061762934,159,6.36000000000001,TRUE,"",0.4,60,910060,920060,930060
"DGMM",NA,-0.000868082312917862,0.495,0.00129407826055488,0.724,-37195.8645770294,76477.8712483113,24,2.8599999999999,TRUE,"",0.5,60,910060,920060,930060
"RDMM",3.08795501575582,0.817032851163136,0.048,0.58956148643536,0.181,-36518.4496820836,75116.1337031408,100,4.05999999999995,TRUE,"",0.5,60,910060,920060,930060
"DGMM",NA,0.995999996912225,0.001,0.828245977015133,0.069,-27429.9842438994,56946.1105820515,21,2.48000000000002,TRUE,"",0,61,910061,920061,930061
"RDMM",199.999950016728,0.995999996912225,0.001,0.816952679461403,0.074,-27368.4850843858,56816.2045077452,100,4.13,TRUE,"",0,61,910061,920061,930061
"DGMM",NA,0.960360324756183,0.01,0.475831382460581,0.472,-31515.4879323474,65117.1179589474,20,2.39999999999998,TRUE,"",0.1,61,910061,920061,930061
"RDMM",8.50962062001774,0.964288256083341,0.009,0.584778067502024,0.233,-29557.4143090243,61194.0629570223,100,4.01999999999998,TRUE,"",0.1,61,910061,920061,930061
"DGMM",NA,0.000207178989417645,0.486,0.00102330044966008,0.727,-31680.9573226879,65448.0567396283,26,3.06999999999994,TRUE,"",0.2,61,910061,920061,930061
"RDMM",5.37040359545134,0.956440401786792,0.011,0.775483775652794,0.092,-31290.1109581775,64659.4562553286,157,6.25,TRUE,"",0.2,61,910061,920061,930061
"DGMM",NA,0.000414231715604598,0.483,0.000699337795946671,0.725,-33495.4583610041,69077.0588162608,26,3.18000000000006,TRUE,"",0.3,61,910061,920061,930061
"RDMM",4.23395076438868,0.917681618136574,0.021,0.516940080735294,0.31,-32978.7694012978,68036.7731415691,132,5.40999999999997,TRUE,"",0.3,61,910061,920061,930061
"DGMM",NA,-0.000541744433956734,0.491,-0.000824440867705692,0.734,-35294.059704126,72674.2615025046,23,2.80999999999995,TRUE,"",0.4,61,910061,920061,930061
"RDMM",3.61429043179428,0.85733337141585,0.037,0.671966095781039,0.14,-34618.5377465394,71316.3098320525,209,8.38,TRUE,"",0.4,61,910061,920061,930061
"DGMM",NA,0.722221987753321,0.075,0.294212643869618,0.47,-39527.2348824456,81140.6118591437,12,1.49000000000001,TRUE,"",0.5,61,910061,920061,930061
"RDMM",3.34522486250549,0.842566481382183,0.041,0.438274249964936,0.318,-36233.6827945978,74546.5999281692,108,4.36000000000001,TRUE,"",0.5,61,910061,920061,930061
"DGMM",NA,1,0,0.870839460008121,0.051,-27131.1451851288,56348.4324645101,15,1.84000000000003,TRUE,"",0,62,910062,920062,930062
"RDMM",199.999953311185,0.995999996071888,0.001,0.868191462055492,0.052,-27104.4748215002,56288.1839819739,100,4.13,TRUE,"",0,62,910062,920062,930062
"DGMM",NA,0.906210367785656,0.024,0.740440590983234,0.106,-30714.1960796525,63514.5342535576,21,2.50999999999999,TRUE,"",0.1,62,910062,920062,930062
"RDMM",9.11270813654154,0.988024012641135,0.003,0.841623743693071,0.063,-29172.6997849973,60424.6339089682,110,4.41999999999996,TRUE,"",0.1,62,910062,920062,930062
"DGMM",NA,0.608020706201427,0.11,0.459267696390625,0.275,-33677.6752398798,69441.4925740121,24,2.88,TRUE,"",0.2,62,910062,920062,930062
"RDMM",5.15327649309412,0.933089025491814,0.017,0.761468052557449,0.097,-31163.2359329112,64405.7062047961,109,4.47000000000003,TRUE,"",0.2,62,910062,920062,930062
"DGMM",NA,-0.000276823744980742,0.489,-0.000786865554851176,0.741,-33317.835787552,68721.8136693566,24,2.89999999999998,TRUE,"",0.3,62,910062,920062,930062
"RDMM",4.01507063720882,0.883483434773537,0.03,0.716114189282911,0.117,-32839.0124799632,67757.2592989,100,4.08000000000004,TRUE,"",0.3,62,910062,920062,930062
"DGMM",NA,-0.000331846535155765,0.488,-0.000473060194707218,0.739,-35042.4033690678,72170.9488323882,25,2.99000000000001,TRUE,"",0.4,62,910062,920062,930062
"RDMM",3.40982176330845,0.842566441765734,0.041,0.487743922036032,0.275,-34607.8320641954,71294.8984673645,100,4.10000000000002,TRUE,"",0.4,62,910062,920062,930062
"DGMM",NA,0.646067430573987,0.098,0.336556490234005,0.35,-39928.1620125636,81942.4661193799,6,0.799999999999955,TRUE,"",0.5,62,910062,920062,930062
"RDMM",3.20072125451485,0.806210019903203,0.051,0.603855680370306,0.171,-36231.2870212491,74541.8083814719,100,4.06000000000006,TRUE,"",0.5,62,910062,920062,930062
"DGMM",NA,0.995999999473251,0.001,0.820743739299703,0.072,-27173.0612962103,56432.2646866731,16,2.13999999999999,TRUE,"",0,63,910063,920063,930063
"RDMM",199.999948154175,0.995999999473251,0.001,0.843606002804846,0.062,-27150.8340931803,56380.9025253341,100,3.89999999999998,TRUE,"",0,63,910063,920063,930063
"DGMM",NA,0.864764777760342,0.035,0.623788035907811,0.163,-31516.8312540339,65119.8046023203,14,1.72000000000003,TRUE,"",0.1,63,910063,920063,930063
"RDMM",7.88810784089248,0.940840833050333,0.015,0.782501499434685,0.088,-29417.2857470046,60913.8058329829,127,5.04000000000008,TRUE,"",0.1,63,910063,920063,930063
"DGMM",NA,0.665518836446173,0.092,0.414773399498689,0.287,-33546.8249210084,69179.7919362694,21,2.52999999999997,TRUE,"",0.2,63,910063,920063,930063
"RDMM",5.05213369767066,0.917681680802741,0.021,0.746941347077383,0.104,-31220.124641893,64519.4836227597,106,4.23000000000002,TRUE,"",0.2,63,910063,920063,930063
"DGMM",NA,0.725628274707529,0.074,0.372722266562953,0.337,-36815.8675132272,75717.8771207071,6,0.799999999999955,TRUE,"",0.3,63,910063,920063,930063
"RDMM",3.85090167049085,0.875972000444199,0.032,0.706264339754586,0.122,-32939.7292838834,67958.6929067404,116,4.63,TRUE,"",0.3,63,910063,920063,930063
"DGMM",NA,0.784780617624813,0.057,0.436618801542163,0.275,-38545.2147727841,79176.5716398207,6,0.779999999999973,TRUE,"",0.4,63,910063,920063,930063
"RDMM",3.33123617240857,0.824288341132724,0.046,0.469773210742675,0.282,-34716.1169664425,71511.4682718587,100,4,TRUE,"",0.4,63,910063,920063,930063
"DGMM",NA,-0.00101403878856611,0.5,0.00237953307829443,0.72,-36736.0319362989,75558.2059668504,29,3.45000000000005,TRUE,"",0.5,63,910063,920063,930063
"RDMM",3.15679248627455,0.8026187060802,0.052,0.585715919998798,0.182,-36184.8034524416,74448.8412438567,100,3.98000000000002,TRUE,"",0.5,63,910063,920063,930063
"DGMM",NA,0.995999996623648,0.001,0.819456507869902,0.073,-27235.5896963704,56557.3214869934,22,2.67000000000007,TRUE,"",0,64,910064,920064,930064
"RDMM",199.999950401414,0.995999996383551,0.001,0.851550936637694,0.059,-27201.2458012717,56481.7259415171,100,4.16999999999996,TRUE,"",0,64,910064,920064,930064
"DGMM",NA,0.956440419360069,0.011,0.735060568548277,0.11,-31133.8948299063,64353.9317540653,19,2.29999999999995,TRUE,"",0.1,64,910064,920064,930064
"RDMM",8.34137191140838,0.972168144675652,0.007,0.801693447568175,0.08,-29377.0770537222,60833.388446418,103,4.15000000000009,TRUE,"",0.1,64,910064,920064,930064
"DGMM",NA,-0.000311874347521369,0.492,-0.000629020149264367,0.725,-31623.0996796593,65332.3414535711,27,3.18999999999994,TRUE,"",0.2,64,910064,920064,930064
"RDMM",5.11708793411064,0.891026939541183,0.028,0.704136851717641,0.122,-31335.9724770577,64751.1792930889,100,4.09000000000003,TRUE,"",0.2,64,910064,920064,930064
"DGMM",NA,0.000406770618248254,0.483,0.245953207675091,0.536,-33382.7248243046,68851.5917428618,23,2.73000000000002,TRUE,"",0.3,64,910064,920064,930064
"RDMM",4.06594646077836,0.879723611370745,0.031,0.707907356118567,0.12,-32979.9584698451,68039.1512786637,158,6.5,TRUE,"",0.3,64,910064,920064,930064
"DGMM",NA,0.000726581882022015,0.48,0.000707666055429625,0.721,-35004.1749812961,72094.4920568448,23,2.80999999999995,TRUE,"",0.4,64,910064,920064,930064
"RDMM",3.58830261493383,0.835231077316739,0.043,0.455238721153331,0.323,-34589.9286317365,71259.0916024465,127,5.03000000000009,TRUE,"",0.4,64,910064,920064,930064
"DGMM",NA,0.00116924320372293,0.477,0.0030179658610405,0.717,-36766.4258066958,75618.9937076442,25,3.06999999999994,TRUE,"",0.5,64,910064,920064,930064
"RDMM",3.28713227193216,0.827927844654744,0.045,0.602999040218382,0.171,-36124.3523359531,74327.9390108797,160,6.39999999999998,TRUE,"",0.5,64,910064,920064,930064
"DGMM",NA,1,0,0.851556545799256,0.059,-27270.8051036347,56627.7523015219,23,2.83999999999992,TRUE,"",0,65,910065,920065,930065
"RDMM",199.999949361838,1,0,0.856206146333169,0.057,-27253.4678093417,56586.169957657,100,4.10000000000014,TRUE,"",0,65,910065,920065,930065
"DGMM",NA,0.695258543786383,0.083,0.481857402261109,0.233,-31582.5924231817,65251.326940616,16,1.89999999999986,TRUE,"",0.1,65,910065,920065,930065
"RDMM",7.96915548632731,0.968224212668293,0.008,0.788178220108029,0.086,-29400.6007483603,60880.4358356942,100,4.01999999999998,TRUE,"",0.1,65,910065,920065,930065
"DGMM",NA,-4.25330697540708e-05,0.488,0.223287659887975,0.536,-31715.7907106951,65517.7235156428,24,2.82000000000016,TRUE,"",0.2,65,910065,920065,930065
"RDMM",5.05064580799531,0.936960928519243,0.016,0.759590685565404,0.098,-31271.6629456107,64622.560230195,112,4.52999999999997,TRUE,"",0.2,65,910065,920065,930065
"DGMM",NA,-0.000294217286020605,0.489,-0.000161585813910085,0.731,-33630.5977942178,69347.3376826883,21,2.56999999999994,TRUE,"",0.3,65,910065,920065,930065
"RDMM",3.87841632127521,0.89481080178858,0.027,0.522763372596392,0.251,-33181.6647501413,68442.5638392562,106,4.25,TRUE,"",0.3,65,910065,920065,930065
"DGMM",NA,-0.000217673469653212,0.487,-0.000109476524862926,0.727,-35505.8285863115,73097.7992668756,20,2.3900000000001,TRUE,"",0.4,65,910065,920065,930065
"RDMM",3.26082964620433,0.853629793338822,0.038,0.645372983117347,0.15,-34925.3545876068,71929.9435141871,113,4.69999999999982,TRUE,"",0.4,65,910065,920065,930065
"DGMM",NA,0.00047324658621721,0.481,-0.000368468291731126,0.73,-37130.7118712191,76347.5658366908,36,4.36000000000013,TRUE,"",0.5,65,910065,920065,930065
"RDMM",3.03907950391887,0.846246325372306,0.04,0.615407924406709,0.165,-36476.3170836067,75031.868506187,100,4.05999999999995,TRUE,"",0.5,65,910065,920065,930065
"DGMM",NA,1,0,0.844682309420368,0.062,-27187.0389680878,56460.2200304282,44,5.33999999999992,TRUE,"",0,66,910066,920066,930066
"RDMM",199.999949663058,1,0,0.849288298240225,0.06,-27172.3788011736,56423.9919413209,100,3.95000000000005,TRUE,"",0,66,910066,920066,930066
"DGMM",NA,0.806211875049702,0.051,0.369815552717665,0.346,-31928.2200463035,65942.5821868596,13,1.6400000000001,TRUE,"",0.1,66,910066,920066,930066
"RDMM",7.45956431337053,0.960360350013707,0.01,0.783649262046474,0.088,-29577.7697734359,61234.7738858455,207,8.17000000000007,TRUE,"",0.1,66,910066,920066,930066
"DGMM",NA,0.520831323059827,0.139,0.240548684554601,0.478,-34546.2161482426,71178.5743907378,17,2.02999999999997,TRUE,"",0.2,66,910066,920066,930066
"RDMM",4.99756794995785,0.917681641891766,0.021,0.545544768941542,0.229,-31410.2180370448,64899.6704130632,113,4.59999999999991,TRUE,"",0.2,66,910066,920066,930066
"DGMM",NA,-0.000769460276152064,0.498,-0.00120223125196997,0.738,-33617.5921825812,69321.3264594151,44,5.1400000000001,TRUE,"",0.3,66,910066,920066,930066
"RDMM",4.03647461390132,0.883483555197766,0.03,0.473986678159337,0.32,-33062.5382194792,68204.3107779319,100,4.03999999999996,TRUE,"",0.3,66,910066,920066,930066
"DGMM",NA,-0.00088860739224847,0.499,0.001092385315791,0.722,-35807.9232093224,73701.9885128975,31,3.65999999999985,TRUE,"",0.4,66,910066,920066,930066
"RDMM",3.50398486662394,0.849933882674527,0.039,0.505905648216775,0.251,-34598.1234021929,71275.4811433593,100,4.06000000000017,TRUE,"",0.4,66,910066,920066,930066
"DGMM",NA,-0.000478312318032663,0.489,0.000936992079582504,0.72,-37457.7191981962,77001.5804906449,28,3.41999999999985,TRUE,"",0.5,66,910066,920066,930066
"RDMM",3.22109195436735,0.824288242424396,0.046,0.441537143371766,0.34,-36247.3025093343,74573.8393576421,105,4.19999999999982,TRUE,"",0.5,66,910066,920066,930066
"DGMM",NA,1,0,0.686858220870724,0.136,-27381.4707140374,56849.0835223274,11,1.40000000000009,TRUE,"",0,67,910067,920067,930067
"RDMM",199.999953832855,0.995999997602502,0.001,0.810677018559699,0.077,-27209.6941409571,56498.6226208879,158,6.50999999999999,TRUE,"",0,67,910067,920067,930067
"DGMM",NA,0.960360328553965,0.01,0.597917453409355,0.182,-31497.9538389721,65082.0497721967,11,1.40000000000009,TRUE,"",0.1,67,910067,920067,930067
"RDMM",8.38971658879878,0.976120101574789,0.006,0.759548811664188,0.1,-29432.6816457084,60944.5976303904,173,6.89999999999986,TRUE,"",0.1,67,910067,920067,930067
"DGMM",NA,0.910025995292812,0.023,0.55812253170244,0.204,-33957.9090697936,70001.9602338398,14,1.72000000000003,TRUE,"",0.2,67,910067,920067,930067
"RDMM",5.49016420007891,0.913849860676788,0.022,0.695727680436083,0.128,-31136.1024397646,64351.4392185028,106,4.29999999999995,TRUE,"",0.2,67,910067,920067,930067
"DGMM",NA,0.802618460242045,0.052,0.318903124920992,0.397,-36618.3094893224,75322.7610728975,13,1.58000000000015,TRUE,"",0.3,67,910067,920067,930067
"RDMM",3.97546013833272,0.857333402293552,0.037,0.524408295428241,0.225,-33061.7219806548,68202.6783002832,112,4.52999999999997,TRUE,"",0.3,67,910067,920067,930067
"DGMM",NA,-0.000602986587600591,0.491,-0.00030364540440567,0.725,-35201.1562542983,72488.4546028493,22,2.58999999999992,TRUE,"",0.4,67,910067,920067,930067
"RDMM",3.33839753642607,0.842566539171279,0.041,0.57011029530919,0.192,-34727.7799291004,71534.7941971744,135,5.42000000000007,TRUE,"",0.4,67,910067,920067,930067
"DGMM",NA,0.614273192521268,0.108,0.326363363017073,0.363,-40019.5227098123,82125.1875138771,6,0.769999999999982,TRUE,"",0.5,67,910067,920067,930067
"RDMM",3.10085741831262,0.77417488368973,0.06,0.523186103967078,0.214,-36480.9796389321,75041.1936168379,123,4.96000000000004,TRUE,"",0.5,67,910067,920067,930067
"DGMM",NA,0.992008008132933,0.002,0.543026260581891,0.237,-27460.5163167897,57007.1747278319,18,2.17000000000007,TRUE,"",0,68,910068,920068,930068
"RDMM",199.99995223715,0.995999999984994,0.001,0.56137431293391,0.289,-27347.6664164079,56774.5671717895,179,7.1099999999999,TRUE,"",0,68,910068,920068,930068
"DGMM",NA,0.813417327121964,0.049,0.55406604638849,0.199,-31507.7352839909,65101.6126622344,20,2.38000000000011,TRUE,"",0.1,68,910068,920068,930068
"RDMM",7.73686342595477,0.968224224720919,0.008,0.8064245888629,0.078,-29523.9129249915,61127.0601889567,138,5.72000000000003,TRUE,"",0.1,68,910068,920068,930068
"DGMM",NA,0.925369374315625,0.019,0.64970050833225,0.152,-34040.1829406575,70166.5079755676,17,2.04999999999995,TRUE,"",0.2,68,910068,920068,930068
"RDMM",5.24431166745317,0.940840844761702,0.015,0.767684202698675,0.095,-31148.7898674712,64376.8140739161,100,4.63999999999987,TRUE,"",0.2,68,910068,920068,930068
"DGMM",NA,0.891027042357476,0.028,0.534204213252486,0.219,-36226.6246655315,74539.3914253156,21,2.63000000000011,TRUE,"",0.3,68,910068,920068,930068
"RDMM",4.09071534660219,0.906210224342943,0.024,0.742019325798454,0.106,-32880.1880410317,67839.6104210371,100,4.03999999999996,TRUE,"",0.3,68,910068,920068,930068
"DGMM",NA,-0.000116762453566033,0.485,0.206534625812488,0.532,-35125.1849152525,72336.5119247575,23,3.00999999999999,TRUE,"",0.4,68,910068,920068,930068
"RDMM",3.45250287175026,0.864764785903715,0.035,0.684687652351091,0.132,-34546.9313156604,71173.0969702945,100,4.05000000000018,TRUE,"",0.4,68,910068,920068,930068
"DGMM",NA,-0.000680524580216985,0.491,0.227797520098458,0.525,-36894.7238459441,75875.5897861408,27,3.25999999999999,TRUE,"",0.5,68,910068,920068,930068
"RDMM",3.10905304254304,0.849933957015812,0.039,0.67406460566443,0.137,-36189.519663181,74458.2736653356,100,4.02999999999997,TRUE,"",0.5,68,910068,920068,930068
"DGMM",NA,0.995999999719503,0.001,0.666442740880672,0.147,-27336.4497786239,56759.0416515004,10,1.23000000000002,TRUE,"",0,69,910069,920069,930069
"RDMM",199.999952105655,0.995999999719503,0.001,0.81468966907487,0.075,-27136.2034077242,56351.6411544221,147,5.91999999999985,TRUE,"",0,69,910069,920069,930069
"DGMM",NA,0.936960969147184,0.016,0.622680111488193,0.167,-31873.3934762945,65832.9290468416,11,1.35000000000014,TRUE,"",0.1,69,910069,920069,930069
"RDMM",7.57353546623775,0.948624626359237,0.013,0.768681125646069,0.095,-29490.5023170879,61060.2389731495,203,8.48000000000002,TRUE,"",0.1,69,910069,920069,930069
"DGMM",NA,0.639642318236988,0.1,0.317556314900146,0.52,-34085.5597462619,70257.2615867764,31,3.75,TRUE,"",0.2,69,910069,920069,930069
"RDMM",4.77419157827312,0.917681679900044,0.021,0.728196352649611,0.113,-31362.0172375581,64803.2688140898,100,3.96000000000004,TRUE,"",0.2,69,910069,920069,930069
"DGMM",NA,-0.000888892970324215,0.496,0.00224192076854582,0.719,-33749.1850994897,69584.5122932321,48,5.69999999999982,TRUE,"",0.3,69,910069,920069,930069
"RDMM",3.71527647196093,0.894810795420739,0.027,0.685034056999443,0.133,-33279.0082930599,68637.2509250935,234,9.62000000000012,TRUE,"",0.3,69,910069,920069,930069
"DGMM",NA,0.000173640012029721,0.483,0.00282584074446077,0.712,-35463.9940278741,73014.1301500008,21,2.51999999999998,TRUE,"",0.4,69,910069,920069,930069
"RDMM",3.26023503470185,0.864764744978701,0.035,0.494563572733806,0.261,-34962.7668175196,72004.7679740127,110,4.47000000000003,TRUE,"",0.4,69,910069,920069,930069
"DGMM",NA,0.00170860094792027,0.474,0.00181408814812525,0.721,-37299.631491833,76685.4050779186,22,2.61999999999989,TRUE,"",0.5,69,910069,920069,930069
"RDMM",2.96675666825689,0.849933901584648,0.039,0.598526048598858,0.176,-36666.3990749754,75412.0324889243,205,8.19000000000005,TRUE,"",0.5,69,910069,920069,930069
"DGMM",NA,0.984048035241478,0.004,0.697336314580275,0.131,-27407.2660773065,56900.6742488656,18,2.24000000000001,TRUE,"",0,70,910070,920070,930070
"RDMM",199.999950322715,0.988024014779245,0.003,0.856097856612454,0.057,-27185.676227666,56450.5867943056,162,6.43000000000006,TRUE,"",0,70,910070,920070,930070
"DGMM",NA,0.827928503522024,0.045,0.595920659883454,0.177,-31166.0480222248,64418.2381387023,19,2.3599999999999,TRUE,"",0.1,70,910070,920070,930070
"RDMM",8.34125425652598,0.944728693457917,0.014,0.798538726581785,0.081,-29386.153023909,60851.5403867917,100,3.92000000000007,TRUE,"",0.1,70,910070,920070,930070
"DGMM",NA,0.00169112419482591,0.476,0.000295671207015272,0.725,-31668.9416431117,65424.025380476,23,2.75,TRUE,"",0.2,70,910070,920070,930070
"RDMM",5.13774333329334,0.913849794873989,0.022,0.747412197229595,0.104,-31269.9286547887,64619.0916485511,195,7.81999999999994,TRUE,"",0.2,70,910070,920070,930070
"DGMM",NA,0.00384726689181008,0.466,0.00214576038619583,0.712,-33323.3074274025,68732.7569490577,20,2.40000000000009,TRUE,"",0.3,70,910070,920070,930070
"RDMM",4.10242052210011,0.906210141349352,0.024,0.730081514257044,0.111,-32846.2646342404,67771.7636074544,100,3.98000000000002,TRUE,"",0.3,70,910070,920070,930070
"DGMM",NA,-0.000552304596773072,0.491,-0.000171166851595898,0.727,-35009.6154786312,72105.3730515151,27,3.32999999999993,TRUE,"",0.4,70,910070,920070,930070
"RDMM",3.58213490392724,0.872228217269056,0.033,0.682926791446222,0.132,-34417.4528756617,70914.140090297,225,9.35000000000014,TRUE,"",0.4,70,910070,920070,930070
"DGMM",NA,-0.000821991286166695,0.494,-0.000195689283900814,0.732,-36685.3858442494,75456.9137827514,31,3.64999999999986,TRUE,"",0.5,70,910070,920070,930070
"RDMM",3.32792117372096,0.813417365566193,0.049,0.466760019447066,0.311,-36148.3397557843,74375.9138505422,100,4.07000000000016,TRUE,"",0.5,70,910070,920070,930070
"DGMM",NA,0.995999996071888,0.001,0.844694577153318,0.062,-27129.0738733118,56344.2898408763,38,4.80999999999995,TRUE,"",0,71,910071,920071,930071
"RDMM",199.999948354794,0.995999996071888,0.001,0.849475771450071,0.06,-27101.295233424,56281.8248058216,115,5.04999999999995,TRUE,"",0,71,910071,920071,930071
"DGMM",NA,0.795461548917249,0.054,0.394260772876475,0.506,-31735.4516918803,65557.0454780132,29,3.81999999999994,TRUE,"",0.1,71,910071,920071,930071
"RDMM",7.4104899575847,0.9603603209584,0.01,0.796358163857064,0.082,-29424.2009957674,60927.6363305084,118,4.85000000000014,TRUE,"",0.1,71,910071,920071,930071
"DGMM",NA,-0.000461684210070761,0.495,-0.000163818847186931,0.727,-31686.8918217826,65459.9257378178,30,3.53999999999996,TRUE,"",0.2,71,910071,920071,930071
"RDMM",4.86829000441546,0.948624574172566,0.013,0.780030520006166,0.089,-31254.4058301851,64588.0459993439,100,4.05999999999995,TRUE,"",0.2,71,910071,920071,930071
"DGMM",NA,-0.000506003399324185,0.492,-0.000936096052978378,0.735,-33470.2196027582,69026.5812997691,28,3.27999999999997,TRUE,"",0.3,71,910071,920071,930071
"RDMM",3.80655304323263,0.86104495129977,0.036,0.591404076739973,0.181,-33123.6382846778,68326.5109083292,106,4.32000000000016,TRUE,"",0.3,71,910071,920071,930071
"DGMM",NA,-0.000695723962405846,0.493,-0.00127705044475803,0.73,-35017.856163156,72121.8544205646,21,2.5,TRUE,"",0.4,71,910071,920071,930071
"RDMM",3.43147026453232,0.85733320006495,0.037,0.690227310203128,0.128,-34526.0385821636,71131.3115033008,115,4.63999999999987,TRUE,"",0.4,71,910071,920071,930071
"DGMM",NA,0.00239482473879718,0.471,0.186452565042935,0.576,-36889.6040393603,75865.3501729732,19,2.36000000000013,TRUE,"",0.5,71,910071,920071,930071
"RDMM",3.18773791936999,0.831575408161024,0.044,0.663638383925796,0.141,-36170.4310211281,74420.0963812298,138,5.49000000000001,TRUE,"",0.5,71,910071,920071,930071
"DGMM",NA,0.992008001521523,0.002,0.825499358094189,0.07,-27229.1760754013,56544.4942450551,20,2.59999999999991,TRUE,"",0,72,910072,920072,930072
"RDMM",189.402159077854,0.988024013915246,0.003,0.823135013201434,0.071,-27199.4722273235,56478.1787936206,100,4.1400000000001,TRUE,"",0,72,910072,920072,930072
"DGMM",NA,0.891027356827269,0.028,0.694280393591229,0.127,-31088.2924605943,64262.7270154413,14,1.72000000000003,TRUE,"",0.1,72,910072,920072,930072
"RDMM",8.45391072812867,0.968224201185201,0.008,0.799284832359491,0.081,-29356.8458174782,60792.9259739301,100,4.07999999999993,TRUE,"",0.1,72,910072,920072,930072
"DGMM",NA,0.617420625525746,0.107,0.402506050162887,0.293,-34293.3373489073,70672.8167920672,14,1.67000000000007,TRUE,"",0.2,72,910072,920072,930072
"RDMM",4.87091654535445,0.948624614617245,0.013,0.734702374585997,0.11,-31378.6749112383,64836.5841614502,100,4.1099999999999,TRUE,"",0.2,72,910072,920072,930072
"DGMM",NA,0.000529829578367786,0.482,0.000510430128739172,0.725,-33885.870396294,69857.8828868406,19,2.27999999999997,TRUE,"",0.3,72,910072,920072,930072
"RDMM",3.84621815111473,0.913849884344391,0.022,0.70413625555136,0.124,-33177.6874356605,68434.6092102947,275,10.9000000000001,TRUE,"",0.3,72,910072,920072,930072
"DGMM",NA,0.00141471932437125,0.476,0.000528424640225265,0.724,-35662.095548919,73410.3331920906,18,2.24000000000001,TRUE,"",0.4,72,910072,920072,930072
"RDMM",3.35565485918646,0.864764767691697,0.035,0.460901353271224,0.268,-34880.8901880276,71841.0147150289,143,5.69000000000005,TRUE,"",0.4,72,910072,920072,930072
"DGMM",NA,0.00221083910310657,0.472,0.000976979780536521,0.723,-37539.3015371041,77164.7451684609,27,3.24000000000001,TRUE,"",0.5,72,910072,920072,930072
"RDMM",3.11171482577535,0.835231484426364,0.043,0.445984205056255,0.315,-36463.7871757379,75006.8086904494,108,4.3599999999999,TRUE,"",0.5,72,910072,920072,930072
"DGMM",NA,1,0,0.854700205133752,0.058,-27155.9040873388,56397.9502689302,21,2.5,TRUE,"",0,73,910073,920073,930073
"RDMM",171.063204546702,1,0,0.85274274588678,0.059,-27134.8673687173,56348.9690764081,100,4.1400000000001,TRUE,"",0,73,910073,920073,930073
"DGMM",NA,0.972168170842698,0.007,0.747925359217482,0.105,-30996.8923715202,64079.926837293,15,1.87999999999988,TRUE,"",0.1,73,910073,920073,930073
"RDMM",8.51115164337461,0.976120123123143,0.006,0.82108391170784,0.072,-29238.6551296288,60556.5445982312,100,4.07999999999993,TRUE,"",0.1,73,910073,920073,930073
"DGMM",NA,-0.000806464723052391,0.491,-0.000704309299765555,0.734,-31464.1589939555,65014.4600821635,25,3.23000000000002,TRUE,"",0.2,73,910073,920073,930073
"RDMM",5.2381730963279,0.952528528190616,0.012,0.781699125781673,0.089,-31051.9989410658,64183.2322211052,166,6.7800000000002,TRUE,"",0.2,73,910073,920073,930073
"DGMM",NA,-0.00106682887743591,0.499,-0.000348130469496836,0.732,-33384.4307498721,68855.0035939968,19,2.30999999999995,TRUE,"",0.3,73,910073,920073,930073
"RDMM",3.82451462069574,0.902402397886709,0.025,0.746034477257315,0.104,-32945.589968232,67970.4142754376,161,6.43000000000006,TRUE,"",0.3,73,910073,920073,930073
"DGMM",NA,-0.00101433471191843,0.498,0.166986730669953,0.537,-35054.9061754027,72195.9544450579,18,2.16999999999985,TRUE,"",0.4,73,910073,920073,930073
"RDMM",3.31267655880295,0.864764777760342,0.035,0.678476730374287,0.136,-34533.0884218891,71145.4111827518,100,4.10000000000014,TRUE,"",0.4,73,910073,920073,930073
"DGMM",NA,-0.000867963808470323,0.494,-0.000957646943154295,0.734,-36615.4393118487,75317.0207179499,21,2.50999999999999,TRUE,"",0.5,73,910073,920073,930073
"RDMM",3.11429668326326,0.827927944463381,0.045,0.655819649361194,0.145,-36077.312125855,74233.8585906836,203,8.09999999999991,TRUE,"",0.5,73,910073,920073,930073
"DGMM",NA,0.988024019417188,0.003,0.587620572516793,0.207,-27231.6868677258,56549.5158297042,21,2.54999999999995,TRUE,"",0,74,910074,920074,930074
"RDMM",199.999917847964,0.992008005214688,0.002,0.842489510449331,0.063,-27090.7576462182,56260.7496314099,179,7.14999999999986,TRUE,"",0,74,910074,920074,930074
"DGMM",NA,0.71882443650974,0.076,0.543260804776912,0.212,-31729.3230944447,65544.7882831421,13,1.61000000000013,TRUE,"",0.1,74,910074,920074,930074
"RDMM",7.7451935121679,0.964288277209793,0.009,0.800725055928808,0.081,-29317.4189741382,60714.07228725,145,5.73000000000002,TRUE,"",0.1,74,910074,920074,930074
"DGMM",NA,0.61114174092482,0.109,0.293269623314084,0.549,-33547.7920153289,69181.7261249103,17,2.04999999999995,TRUE,"",0.2,74,910074,920074,930074
"RDMM",5.11240050892788,0.925369340660973,0.019,0.559164573568005,0.286,-31083.2133011901,64245.6609413538,100,4.12999999999988,TRUE,"",0.2,74,910074,920074,930074
"DGMM",NA,0.604889743618411,0.111,0.407472624693881,0.293,-36614.1578572251,75314.4578087029,6,0.779999999999973,TRUE,"",0.3,74,910074,920074,930074
"RDMM",3.95065076312688,0.891026976318589,0.028,0.723539209476027,0.115,-32813.0134951392,67705.261329252,129,5.22999999999979,TRUE,"",0.3,74,910074,920074,930074
"DGMM",NA,-0.000617388050334594,0.491,-0.00103207561274605,0.738,-34987.1124869743,72060.3670682013,26,3.25,TRUE,"",0.4,74,910074,920074,930074
"RDMM",3.30858120441721,0.864764695962314,0.035,0.674881312201093,0.137,-34499.0715122106,71077.3773633949,100,4.19999999999982,TRUE,"",0.4,74,910074,920074,930074
"DGMM",NA,-0.000883898231222341,0.495,-0.00140627935704796,0.739,-36768.450419175,75623.0429326027,22,2.61000000000013,TRUE,"",0.5,74,910074,920074,930074
"RDMM",3.13092899374233,0.809809711868389,0.05,0.460570847725193,0.336,-36290.3714219191,74659.9771828118,112,4.47000000000003,TRUE,"",0.5,74,910074,920074,930074
"DGMM",NA,1,0,0.864356218824109,0.054,-27082.152380673,56250.4468555987,16,1.96000000000004,TRUE,"",0,75,910075,920075,930075
"RDMM",199.999946960723,1,0,0.869672843282608,0.052,-27058.8757267519,56196.9857924775,100,4.05999999999995,TRUE,"",0,75,910075,920075,930075
"DGMM",NA,0.968224226656756,0.008,0.761579333735325,0.098,-31308.6669285709,64703.4759513944,16,1.91999999999985,TRUE,"",0.1,75,910075,920075,930075
"RDMM",7.94363893688961,0.980080079648948,0.005,0.840274083377044,0.064,-29323.467253294,60726.1688455616,100,4.05000000000018,TRUE,"",0.1,75,910075,920075,930075
"DGMM",NA,-0.000470806073714352,0.489,-4.59291932726019e-05,0.724,-31672.6144446876,65431.3709836277,24,2.84999999999991,TRUE,"",0.2,75,910075,920075,930075
"RDMM",4.88822640231278,0.940840839560444,0.015,0.774291130698505,0.092,-31278.9087622063,64637.0518633863,100,4.03999999999996,TRUE,"",0.2,75,910075,920075,930075
"DGMM",NA,-0.000912562433752682,0.496,0.00193822138852625,0.714,-33501.0226435032,69088.1873812589,21,2.54999999999995,TRUE,"",0.3,75,910075,920075,930075
"RDMM",3.71304350624718,0.898602599310746,0.026,0.732257031762251,0.111,-33148.8610822648,68376.9565035031,147,5.88000000000011,TRUE,"",0.3,75,910075,920075,930075
"DGMM",NA,-0.000890731540331393,0.495,9.8643446182835e-05,0.723,-35324.7826415549,72735.7073773625,20,2.3900000000001,TRUE,"",0.4,75,910075,920075,930075
"RDMM",3.28055535820365,0.853629631917581,0.038,0.690312098955292,0.13,-34828.1080289887,71735.4503969511,100,4.03999999999996,TRUE,"",0.4,75,910075,920075,930075
"DGMM",NA,-0.000998469019033865,0.5,0.000696154678220118,0.721,-36894.8386196069,75875.8193334664,25,3.02999999999997,TRUE,"",0.5,75,910075,920075,930075
"RDMM",3.08018504032752,0.799035040995513,0.053,0.473420101442331,0.323,-36470.2782559025,75019.7908507785,100,4.02999999999997,TRUE,"",0.5,75,910075,920075,930075
"DGMM",NA,0.995999996008016,0.001,0.493923491701889,0.49,-27290.7846082178,56667.7113106883,20,2.42000000000007,TRUE,"",0,76,910076,920076,930076
"RDMM",199.999947848659,0.992008000128128,0.002,0.631457187213742,0.187,-27176.7487360759,56432.7318111255,116,4.82999999999993,TRUE,"",0,76,910076,920076,930076
"DGMM",NA,0.784783174472534,0.057,0.602299060747156,0.169,-31011.0917511228,64108.3255964982,13,1.61000000000013,TRUE,"",0.1,76,910076,920076,930076
"RDMM",8.27069493771085,0.960360326360835,0.01,0.833421837228156,0.066,-29253.6104275275,60586.4551940287,100,4.1099999999999,TRUE,"",0.1,76,910076,920076,930076
"DGMM",NA,-0.000238452404473425,0.491,-4.42533436589377e-05,0.731,-31450.386900036,64986.9158943247,25,3,TRUE,"",0.2,76,910076,920076,930076
"RDMM",5.29134843802877,0.917681654957116,0.021,0.785353079693638,0.086,-31078.3525843512,64235.939507676,100,4.03999999999996,TRUE,"",0.2,76,910076,920076,930076
"DGMM",NA,0.86849237969649,0.034,0.43051699748988,0.516,-36425.88198785,74937.9060699526,22,2.60000000000014,TRUE,"",0.3,76,910076,920076,930076
"RDMM",4.05754204009657,0.857333236697426,0.037,0.501980198917902,0.296,-32933.6347613369,67946.5038616474,154,6.16999999999985,TRUE,"",0.3,76,910076,920076,930076
"DGMM",NA,0.639639977612228,0.1,0.326219450025316,0.369,-38095.0840103356,78276.3101149238,7,0.900000000000091,TRUE,"",0.4,76,910076,920076,930076
"RDMM",3.48289735107103,0.846246180924048,0.04,0.499759911677603,0.289,-34533.735348622,71146.7050362177,105,4.30999999999995,TRUE,"",0.4,76,910076,920076,930076
"DGMM",NA,0.681958435975862,0.087,0.371033592209656,0.322,-39588.2902173456,81262.7225289438,6,0.759999999999991,TRUE,"",0.5,76,910076,920076,930076
"RDMM",3.25956484116862,0.824288137577664,0.046,0.680784426572682,0.133,-36087.6821123556,74254.5985636849,104,4.16000000000008,TRUE,"",0.5,76,910076,920076,930076
"DGMM",NA,0.995999999814926,0.001,0.712907557989503,0.122,-27400.4836213577,56887.1093369681,17,2.13000000000011,TRUE,"",0,77,910077,920077,930077
"RDMM",199.999948586483,0.995999999814926,0.001,0.857887121784263,0.056,-27153.8475801675,56386.9294993085,196,7.75,TRUE,"",0,77,910077,920077,930077
"DGMM",NA,-0.000434509945671773,0.487,3.71719340989559e-05,0.73,-29796.1132152287,61678.3685247101,27,3.22999999999979,TRUE,"",0.1,77,910077,920077,930077
"RDMM",7.76352656872723,0.960360359393758,0.01,0.795916927049775,0.082,-29356.9854591485,60793.2052572706,127,5.11999999999989,TRUE,"",0.1,77,910077,920077,930077
"DGMM",NA,8.98693706495864e-05,0.483,0.00081131198387322,0.726,-31471.7776794061,65029.6974530649,22,2.66000000000008,TRUE,"",0.2,77,910077,920077,930077
"RDMM",5.13239335569114,0.944728731527955,0.014,0.765759183408647,0.095,-31039.0597832608,64157.3539054952,100,4.08999999999992,TRUE,"",0.2,77,910077,920077,930077
"DGMM",NA,0.831575388654822,0.044,0.413794103593689,0.515,-36456.1424188231,74998.4269318987,20,2.52999999999997,TRUE,"",0.3,77,910077,920077,930077
"RDMM",3.99510570696912,0.921521531384321,0.02,0.737320509258605,0.108,-32746.7616661971,67572.7576713679,135,5.50999999999999,TRUE,"",0.3,77,910077,920077,930077
"DGMM",NA,1.06694544421123e-05,0.484,-0.00048988414529735,0.734,-34760.3718584844,71606.8858112215,26,3.11000000000013,TRUE,"",0.4,77,910077,920077,930077
"RDMM",3.56605467362725,0.872228222316421,0.033,0.490437972379688,0.266,-34280.9130826084,70641.0605041904,100,4.02999999999997,TRUE,"",0.4,77,910077,920077,930077
"DGMM",NA,-0.000903638215160572,0.495,-0.000439120745845889,0.735,-36435.7814396408,74957.7049735341,30,3.58999999999992,TRUE,"",0.5,77,910077,920077,930077
"RDMM",3.28836974136852,0.868492489285715,0.034,0.634683393665998,0.155,-35778.2088900938,73635.6521191612,100,4.21000000000004,TRUE,"",0.5,77,910077,920077,930077
"DGMM",NA,0.995999999123111,0.001,0.691634836545063,0.134,-27300.195005588,56686.5321054285,12,1.49000000000001,TRUE,"",0,78,910078,920078,930078
"RDMM",199.999953731394,0.992008006669198,0.002,0.828510878558398,0.069,-27114.1663795734,56307.5670981205,300,12.1200000000001,TRUE,"",0,78,910078,920078,930078
"DGMM",NA,0.817033401972525,0.048,0.407091828536262,0.503,-31151.8964519413,64389.9349981352,58,6.82999999999993,TRUE,"",0.1,78,910078,920078,930078
"RDMM",7.88611659797112,0.960360353719972,0.01,0.761330316741829,0.099,-29456.9430796809,60993.1204983355,169,6.77999999999997,TRUE,"",0.1,78,910078,920078,930078
"DGMM",NA,0.646070259441138,0.098,0.327340166396272,0.52,-33254.7848404107,68595.711775074,40,4.77999999999997,TRUE,"",0.2,78,910078,920078,930078
"RDMM",5.32130689047737,0.917681682703154,0.021,0.539153840563554,0.255,-31239.568322934,64558.3709848417,100,4.07000000000016,TRUE,"",0.2,78,910078,920078,930078
"DGMM",NA,-0.000207669743637565,0.487,0.00366712786013616,0.713,-33469.7531221693,69025.6483385912,40,4.88999999999987,TRUE,"",0.3,78,910078,920078,930078
"RDMM",4.06257747699608,0.86849252268173,0.034,0.503877359336148,0.285,-32979.0146946033,68037.2637281803,100,4.07999999999993,TRUE,"",0.3,78,910078,920078,930078
"DGMM",NA,-0.00094239487554457,0.5,0.000827088830294192,0.725,-35389.9527060727,72866.0475063981,27,3.36000000000013,TRUE,"",0.4,78,910078,920078,930078
"RDMM",3.33212313799318,0.802618908856345,0.052,0.593379260457871,0.175,-34823.398874945,71726.0320888636,109,4.31999999999994,TRUE,"",0.4,78,910078,920078,930078
"DGMM",NA,0.7290451291007,0.073,0.280362643676974,0.432,-40334.3736408078,82754.8893758681,16,1.99000000000001,TRUE,"",0.5,78,910078,920078,930078
"RDMM",3.08737538214118,0.770654907939628,0.061,0.419977754912534,0.344,-36570.8010211788,75220.8363813313,185,7.43000000000006,TRUE,"",0.5,78,910078,920078,930078
"DGMM",NA,0.980080060838795,0.005,0.609382133800554,0.192,-27252.1229516059,56590.3879974645,15,1.92000000000007,TRUE,"",0,79,910079,920079,930079
"RDMM",199.999948625922,0.980080060838795,0.005,0.600984108272334,0.217,-27161.7595307078,56402.7534003893,131,5.23000000000002,TRUE,"",0,79,910079,920079,930079
"DGMM",NA,-0.000333069803477109,0.498,-0.00142945849612736,0.731,-29694.2862292191,61474.7145526909,26,3.07999999999993,TRUE,"",0.1,79,910079,920079,930079
"RDMM",7.76016564852892,0.929225163697984,0.018,0.781197611211729,0.088,-29403.1664825824,60885.5673041384,111,4.46000000000004,TRUE,"",0.1,79,910079,920079,930079
"DGMM",NA,0.000110860432336939,0.487,0.204971772173059,0.558,-31922.0781505604,65930.2983953734,18,2.15999999999985,TRUE,"",0.2,79,910079,920079,930079
"RDMM",4.56955148612955,0.887251205074452,0.029,0.536531022684955,0.25,-31433.4506137272,64946.135566428,102,4.13999999999987,TRUE,"",0.2,79,910079,920079,930079
"DGMM",NA,-0.000708564451601484,0.497,-0.00153148114286487,0.73,-33687.3391146862,69460.8203236249,23,2.80999999999995,TRUE,"",0.3,79,910079,920079,930079
"RDMM",3.68127166718513,0.868492406622073,0.034,0.70146602750944,0.123,-33013.2839012721,68105.8021415179,123,4.94000000000005,TRUE,"",0.3,79,910079,920079,930079
"DGMM",NA,-0.000728337011033282,0.494,-0.000210121444163681,0.727,-35448.3954942537,72982.93308276,28,3.30999999999995,TRUE,"",0.4,79,910079,920079,930079
"RDMM",3.22295188539675,0.838895013785736,0.042,0.66106856303977,0.142,-34670.8993145643,71421.0329681021,100,4.1400000000001,TRUE,"",0.4,79,910079,920079,930079
"DGMM",NA,0.000648939166983082,0.48,-0.000599300156269833,0.729,-37229.1865634076,76544.5152210679,45,5.53999999999996,TRUE,"",0.5,79,910079,920079,930079
"RDMM",3.03320946792858,0.79903536581202,0.053,0.616645615370242,0.165,-36200.3338665012,74479.9020719759,100,4.07000000000016,TRUE,"",0.5,79,910079,920079,930079
"DGMM",NA,1,0,0.745340888855067,0.107,-27227.0215304495,56540.1851551516,20,2.43999999999983,TRUE,"",0,80,910080,920080,930080
"RDMM",199.999952171653,1,0,0.671320518049263,0.153,-27152.0469842918,56383.3283075572,100,4.02999999999997,TRUE,"",0,80,910080,920080,930080
"DGMM",NA,0.849934540416716,0.039,0.412991207491605,0.496,-31063.5314892146,64213.2050726818,19,2.2800000000002,TRUE,"",0.1,80,910080,920080,930080
"RDMM",8.29250125769519,0.956440404423762,0.011,0.805359500767238,0.078,-29212.1400776507,60503.514494275,171,6.8599999999999,TRUE,"",0.1,80,910080,920080,930080
"DGMM",NA,0.675367073254514,0.089,0.434706588925681,0.264,-33255.5851155749,68597.3123254025,18,2.22000000000003,TRUE,"",0.2,80,910080,920080,930080
"RDMM",5.36599658966981,0.913849766967539,0.022,0.753697039445514,0.1,-30897.3976707841,63874.0296805418,100,3.95000000000005,TRUE,"",0.2,80,910080,920080,930080
"DGMM",NA,-0.000174108154789744,0.488,0.000904900167737842,0.73,-33110.1384406536,68306.4189755599,34,4.05999999999995,TRUE,"",0.3,80,910080,920080,930080
"RDMM",4.11895075684656,0.872228136404648,0.033,0.693126942432944,0.127,-32636.7164868348,67352.6673126432,100,3.99000000000001,TRUE,"",0.3,80,910080,920080,930080
"DGMM",NA,0.000709908824971117,0.48,0.00157594775199459,0.73,-35028.1481634306,72142.4384211139,27,3.25999999999999,TRUE,"",0.4,80,910080,920080,930080
"RDMM",3.4418736717835,0.849933809853679,0.039,0.657912140758681,0.144,-34479.8996800427,71039.0336990591,101,4.05999999999995,TRUE,"",0.4,80,910080,920080,930080
"DGMM",NA,-0.000289672143810518,0.487,-0.000378887346241471,0.737,-36804.6985416046,75695.5391774619,25,3,TRUE,"",0.5,80,910080,920080,930080
"RDMM",3.06478586211518,0.809809626833895,0.05,0.624614278400003,0.161,-36181.856028457,74442.9463958876,132,5.8900000000001,TRUE,"",0.5,80,910080,920080,930080
"DGMM",NA,0.992008006669198,0.002,0.830265572827422,0.068,-27217.8733717529,56521.8888377584,16,1.98000000000002,TRUE,"",0,81,910081,920081,930081
"RDMM",180.551545133671,0.992008006669198,0.002,0.846279186866408,0.061,-27187.3296828638,56453.8937047013,100,4.21000000000004,TRUE,"",0,81,910081,920081,930081
"DGMM",NA,0.95252855592,0.012,0.747476856262066,0.105,-31219.0251228661,64524.1923399849,17,2.06999999999994,TRUE,"",0.1,81,910081,920081,930081
"RDMM",8.16556252984833,0.972168162066811,0.007,0.808220659952379,0.077,-29316.2730468051,60711.7804325838,100,4.03999999999996,TRUE,"",0.1,81,910081,920081,930081
"DGMM",NA,0.906210247258441,0.024,0.461198557332679,0.276,-34443.3282603992,70972.798615051,16,1.92000000000007,TRUE,"",0.2,81,910081,920081,930081
"RDMM",5.11968257927347,0.929225230933722,0.018,0.76684541253445,0.095,-31157.6097251343,64394.4537892423,101,4.18000000000006,TRUE,"",0.2,81,910081,920081,930081
"DGMM",NA,0.470095991055624,0.157,0.195668142127506,0.545,-35842.2320111805,73770.6061166136,19,2.25,TRUE,"",0.3,81,910081,920081,930081
"RDMM",3.92599051593533,0.86849243129805,0.034,0.488119632415403,0.279,-33018.1060163009,68115.4463715754,197,7.88999999999987,TRUE,"",0.3,81,910081,920081,930081
"DGMM",NA,-0.000806355761465163,0.494,-0.00103825368650665,0.73,-35225.0226497739,72536.1873938003,33,3.98000000000002,TRUE,"",0.4,81,910081,920081,930081
"RDMM",3.33580129549925,0.857333302057622,0.037,0.626214648518336,0.162,-34696.0338042876,71471.3019475489,114,4.55999999999995,TRUE,"",0.4,81,910081,920081,930081
"DGMM",NA,-0.000974470695489359,0.498,-0.00109135116853192,0.733,-36961.3860188358,76008.9141319241,25,3.13000000000011,TRUE,"",0.5,81,910081,920081,930081
"RDMM",3.11390520245654,0.827928011201032,0.045,0.592069148981322,0.18,-36372.9013604955,74825.0370599647,100,3.97000000000003,TRUE,"",0.5,81,910081,920081,930081
"DGMM",NA,0.995999979761425,0.001,0.58261894099648,0.205,-27231.3364289243,56548.8149521013,17,2.09999999999991,TRUE,"",0,82,910082,920082,930082
"RDMM",183.625894544301,0.995999979761425,0.001,0.693308417258168,0.151,-27156.2426399277,56391.719618829,100,3.96000000000004,TRUE,"",0,82,910082,920082,930082
"DGMM",NA,0.788331371675013,0.056,0.472821834452916,0.253,-31074.0448557903,64234.2318058333,6,0.779999999999973,TRUE,"",0.1,82,910082,920082,930082
"RDMM",8.84729512011125,0.976119959247864,0.006,0.794685203575288,0.083,-29144.363072423,60367.9604838196,159,6.36000000000013,TRUE,"",0.1,82,910082,920082,930082
"DGMM",NA,0.598651287730621,0.113,0.297467435988595,0.527,-33031.1467675148,68148.4356292821,25,3.01999999999998,TRUE,"",0.2,82,910082,920082,930082
"RDMM",5.39331584805063,0.956440066509077,0.011,0.781950850514749,0.089,-30963.5169040392,64006.2681470521,100,3.91999999999985,TRUE,"",0.2,82,910082,920082,930082
"DGMM",NA,0.562047148481718,0.125,0.33451321188732,0.368,-36253.539615947,74593.2213261466,6,0.769999999999982,TRUE,"",0.3,82,910082,920082,930082
"RDMM",4.20492083455056,0.913848681755164,0.022,0.668502084310002,0.142,-32756.3172671818,67591.8688733371,145,5.98000000000002,TRUE,"",0.3,82,910082,920082,930082
"DGMM",NA,0.64284172339002,0.099,0.354779608791883,0.349,-37701.8596225127,77489.861339278,6,0.770000000000209,TRUE,"",0.4,82,910082,920082,930082
"RDMM",3.7183221226533,0.864763603855509,0.035,0.481765320587822,0.267,-34232.9543230229,70545.1429850194,100,4.03999999999996,TRUE,"",0.4,82,910082,920082,930082
"DGMM",NA,-0.00108423374907771,0.5,-0.00107331846392887,0.734,-36277.441149772,74641.0243937965,23,2.79999999999995,TRUE,"",0.5,82,910082,920082,930082
"RDMM",3.47147888496396,0.861043571765307,0.036,0.550249613777177,0.203,-35828.2288987872,73735.692136548,102,4.11999999999989,TRUE,"",0.5,82,910082,920082,930082
"DGMM",NA,0.992008006669198,0.002,0.654904764944525,0.162,-27580.6730649718,57247.4882241961,12,1.5,TRUE,"",0,83,910083,920083,930083
"RDMM",199.999950486437,0.992008006669198,0.002,0.719951513841248,0.121,-27502.9400437208,57085.1144264153,112,4.52000000000021,TRUE,"",0,83,910083,920083,930083
"DGMM",NA,0.936960997335061,0.016,0.658533159932232,0.148,-31095.1192279586,64276.3805501698,19,2.25999999999999,TRUE,"",0.1,83,910083,920083,930083
"RDMM",8.83005301290259,0.980080072417423,0.005,0.81105601987231,0.076,-29410.0161294161,60899.2665978059,100,4.05999999999995,TRUE,"",0.1,83,910083,920083,930083
"DGMM",NA,0.614280256929358,0.108,0.435291760881436,0.268,-33371.7977468219,68829.7375878965,26,3.07999999999993,TRUE,"",0.2,83,910083,920083,930083
"RDMM",5.56769487847365,0.936960938927884,0.016,0.769715894692247,0.094,-31057.1817262565,64193.5977914866,104,4.19000000000005,TRUE,"",0.2,83,910083,920083,930083
"DGMM",NA,0.000921645200571575,0.479,-0.000164979771191121,0.733,-33396.4865276095,68879.1151494715,41,4.79999999999995,TRUE,"",0.3,83,910083,920083,930083
"RDMM",4.26796100775467,0.917681641844255,0.021,0.722763413935911,0.115,-32653.9793203138,67387.1929796012,119,4.77999999999997,TRUE,"",0.3,83,910083,920083,930083
"DGMM",NA,0.00158523966004235,0.475,-7.06512965126246e-05,0.733,-35175.5906374759,72437.3233692045,34,4.12000000000012,TRUE,"",0.4,83,910083,920083,930083
"RDMM",3.57847309909088,0.853629561519045,0.038,0.476386462013563,0.325,-34520.4336989901,71120.1017369538,114,4.49000000000001,TRUE,"",0.4,83,910083,920083,930083
"DGMM",NA,0.000638875909050228,0.48,-0.000314853895025613,0.733,-36810.2893654415,75706.7208251355,36,4.27999999999997,TRUE,"",0.5,83,910083,920083,930083
"RDMM",3.26789798424078,0.827927890205897,0.045,0.48552907333085,0.292,-36052.4672414482,74184.16882187,115,4.53999999999996,TRUE,"",0.5,83,910083,920083,930083
"DGMM",NA,0.992007984755783,0.002,0.832952666120614,0.067,-27050.0866781784,56186.3154506095,17,1.02,TRUE,"",0,84,910084,920084,930084
"RDMM",199.999952129176,0.992007984755783,0.002,0.835875120637702,0.066,-27021.8065713122,56122.8474815981,100,3.62,TRUE,"",0,84,910084,920084,930084
"DGMM",NA,0.948624330238008,0.013,0.702417416802714,0.125,-31397.6226412888,64881.3873768303,13,1.58,TRUE,"",0.1,84,910084,920084,930084
"RDMM",7.99774428296121,0.960360297010618,0.01,0.797856745540374,0.082,-29275.6352072116,60630.5047533967,104,4.28,TRUE,"",0.1,84,910084,920084,930084
"DGMM",NA,0.665492402384118,0.092,0.295639655947723,0.522,-34204.4122725842,70494.9666394209,17,2.02,TRUE,"",0.2,84,910084,920084,930084
"RDMM",4.98139892774696,0.936960777552633,0.016,0.759700944586902,0.099,-31187.29700729,64453.8283535536,198,8.05,TRUE,"",0.2,84,910084,920084,930084
"DGMM",NA,0.71203890301293,0.078,0.310968881119272,0.382,-37222.4424288771,76531.0269520068,6,0.760000000000002,TRUE,"",0.3,84,910084,920084,930084
"RDMM",3.90059328797646,0.89860237684417,0.026,0.693613476528615,0.128,-32906.4485446643,67892.1314283022,162,6.43,TRUE,"",0.3,84,910084,920084,930084
"DGMM",NA,0.715429256633355,0.077,0.337667074316982,0.363,-38768.75280997,79623.6477141926,7,0.899999999999999,TRUE,"",0.4,84,910084,920084,930084
"RDMM",3.40116322036267,0.853629623631677,0.038,0.666035954266466,0.141,-34556.7388695995,71192.7120781727,153,6.12,TRUE,"",0.4,84,910084,920084,930084
"DGMM",NA,-0.000288399135759756,0.486,-0.000779226079416379,0.727,-36699.4696352668,75485.0813647861,30,3.52,TRUE,"",0.5,84,910084,920084,930084
"RDMM",3.10467362160663,0.813417275970654,0.049,0.630680579515035,0.158,-36149.8593260786,74378.9529911309,100,4.01,TRUE,"",0.5,84,910084,920084,930084
"DGMM",NA,0.995999996912225,0.001,0.858456525913033,0.056,-27345.6275625106,56777.3972192737,15,1.92,TRUE,"",0,85,910085,920085,930085
"RDMM",199.999952159774,1,0,0.863410380853939,0.054,-27313.3534480458,56705.9412350652,102,4.21,TRUE,"",0,85,910085,920085,930085
"DGMM",NA,0.820657438701574,0.047,0.553192088961354,0.202,-31639.1812762867,65364.504646826,16,1.94,TRUE,"",0.1,85,910085,920085,930085
"RDMM",7.97678665757501,0.936960920733226,0.016,0.771725401977437,0.093,-29607.3142516302,61293.8628422341,244,9.66999999999999,TRUE,"",0.1,85,910085,920085,930085
"DGMM",NA,0.571126538469243,0.122,0.283272866792352,0.388,-33912.4562138161,69911.0545218849,13,1.58000000000001,TRUE,"",0.2,85,910085,920085,930085
"RDMM",5.37219953276469,0.917681618136574,0.021,0.752087037553256,0.101,-31180.7876628819,64440.8096647374,136,5.45,TRUE,"",0.2,85,910085,920085,930085
"DGMM",NA,-0.000739243205296323,0.498,-0.000878841711945541,0.742,-33211.4886624967,68509.119419246,24,2.93000000000001,TRUE,"",0.3,85,910085,920085,930085
"RDMM",4.0682291901496,0.864764660370775,0.035,0.547777817619905,0.215,-32832.9564273931,67745.1471937598,168,6.73,TRUE,"",0.3,85,910085,920085,930085
"DGMM",NA,-0.000861746075018852,0.5,-0.000508348810198438,0.737,-35091.1945739793,72268.5312422111,27,3.41,TRUE,"",0.4,85,910085,920085,930085
"RDMM",3.39669934650765,0.861044973534794,0.036,0.68240626526977,0.133,-34528.0159105329,71135.2661600394,111,4.47,TRUE,"",0.4,85,910085,920085,930085
"DGMM",NA,0.695251292027687,0.083,0.337154831123222,0.402,-40073.1095995617,82232.361293376,7,0.890000000000001,TRUE,"",0.5,85,910085,920085,930085
"RDMM",3.09265574518377,0.791891714108373,0.055,0.437922206564275,0.316,-36261.3657326465,74601.9658042667,100,4.02,TRUE,"",0.5,85,910085,920085,930085
"DGMM",NA,0.995999998932265,0.001,0.787074764553548,0.09,-27362.8560338591,56811.8541619707,23,2.75,TRUE,"",0,86,910086,920086,930086
"RDMM",199.999953359366,1,0,0.901058144743099,0.039,-27278.7194249808,56636.6731889353,144,5.72,TRUE,"",0,86,910086,920086,930086
"DGMM",NA,0.809809682889345,0.05,0.40138854957943,0.374,-31671.6706939945,65429.4834822416,28,3.39,TRUE,"",0.1,86,910086,920086,930086
"RDMM",8.02620025052931,0.948624624076072,0.013,0.828604542814421,0.068,-29557.6250585486,61194.4844560709,169,6.84999999999999,TRUE,"",0.1,86,910086,920086,930086
"DGMM",NA,-0.000788269271715206,0.49,0.00082243165799439,0.727,-31692.6901580899,65471.5224104324,36,4.42999999999999,TRUE,"",0.2,86,910086,920086,930086
"RDMM",5.1556489102905,0.910026025065343,0.023,0.785611436623328,0.086,-31345.6926936732,64770.61972632,116,4.55,TRUE,"",0.2,86,910086,920086,930086
"DGMM",NA,-0.00104694142975027,0.496,0.000542821470168142,0.723,-33355.628759816,68797.3996138846,28,3.42,TRUE,"",0.3,86,910086,920086,930086
"RDMM",4.05696663329296,0.872228252330206,0.033,0.736447474873068,0.107,-32952.8056252657,67984.8455895051,100,4.03,TRUE,"",0.3,86,910086,920086,930086
"DGMM",NA,-0.000487577879879745,0.488,-0.00090340251716012,0.735,-35394.3507952803,72874.8436848132,24,2.88000000000001,TRUE,"",0.4,86,910086,920086,930086
"RDMM",3.38616182059846,0.831575626228396,0.044,0.70267808312546,0.122,-34688.2341769459,71455.7026928655,112,4.56999999999999,TRUE,"",0.4,86,910086,920086,930086
"DGMM",NA,0.642846799814327,0.099,0.313876720075756,0.361,-40152.6730077521,82391.4881097568,6,0.769999999999982,TRUE,"",0.5,86,910086,920086,930086
"RDMM",3.1336341899484,0.802618647069985,0.052,0.636384016641185,0.154,-36217.0340414183,74513.3024218103,100,4.03,TRUE,"",0.5,86,910086,920086,930086
"DGMM",NA,0.992008005125127,0.002,0.79912283745799,0.082,-27169.8891625507,56425.9204193541,22,2.78,TRUE,"",0,87,910087,920087,930087
"RDMM",196.478466220135,0.992008005125127,0.002,0.833665093290906,0.067,-27140.1012696394,56359.4368782524,100,4.09,TRUE,"",0,87,910087,920087,930087
"DGMM",NA,0.948624608686944,0.013,0.656644971247656,0.151,-31381.6562769033,64849.4546480592,30,3.54999999999998,TRUE,"",0.1,87,910087,920087,930087
"RDMM",8.23771984219087,0.936960944891703,0.016,0.77307085060978,0.093,-29278.7009463532,60636.6362316801,115,4.67000000000002,TRUE,"",0.1,87,910087,920087,930087
"DGMM",NA,0.00218660739931873,0.473,0.000282161871748766,0.725,-31579.6936144373,65245.5293231273,43,5.14999999999998,TRUE,"",0.2,87,910087,920087,930087
"RDMM",5.19671147435355,0.913849801370989,0.022,0.660776974139706,0.147,-31205.7734233274,64490.7811856284,155,6.20000000000002,TRUE,"",0.2,87,910087,920087,930087
"DGMM",NA,0.00108408130817563,0.478,-0.000278330119093719,0.729,-33326.9323588582,68740.006811969,27,3.17999999999998,TRUE,"",0.3,87,910087,920087,930087
"RDMM",4.04130777730448,0.887251216274309,0.029,0.497131561078461,0.319,-32969.1285946643,68017.4915283023,157,6.40000000000001,TRUE,"",0.3,87,910087,920087,930087
"DGMM",NA,0.000512492049617501,0.481,-0.000604733863950854,0.727,-35281.035887474,72648.2138692006,29,3.69,TRUE,"",0.4,87,910087,920087,930087
"RDMM",3.33700591682977,0.842566481382183,0.041,0.4126824077979,0.35,-34881.1869675958,71841.6082741652,100,4.08000000000001,TRUE,"",0.4,87,910087,920087,930087
"DGMM",NA,0.649285520594083,0.097,0.345038195854304,0.349,-40318.3020619491,82722.7462181509,6,0.759999999999991,TRUE,"",0.5,87,910087,920087,930087
"RDMM",3.14141127505589,0.795459344359342,0.054,0.565120126872336,0.192,-36627.0293988988,75333.2931367712,128,5.22,TRUE,"",0.5,87,910087,920087,930087
"DGMM",NA,0.992007998034384,0.002,0.584638434898158,0.208,-27590.6829175581,57267.5079293687,15,1.84,TRUE,"",0,88,910088,920088,930088
"RDMM",199.999952637659,1,0,0.630260830515411,0.253,-27454.6422800777,56988.518899129,140,5.66999999999999,TRUE,"",0,88,910088,920088,930088
"DGMM",NA,0.795454263622564,0.054,0.463462263778831,0.285,-31350.0480479134,64786.2381900793,22,2.64000000000001,TRUE,"",0.1,88,910088,920088,930088
"RDMM",8.3267287170403,0.96428818445933,0.009,0.581926360484852,0.277,-29683.1899164829,61445.6141719395,100,4.20999999999998,TRUE,"",0.1,88,910088,920088,930088
"DGMM",NA,0.910025714529953,0.023,0.613812201672769,0.171,-34429.553179226,70945.2484527046,16,1.94000000000003,TRUE,"",0.2,88,910088,920088,930088
"RDMM",5.12487794624642,0.948624475254812,0.013,0.75159059951026,0.102,-31383.4023869138,64846.0391128013,102,4.09999999999999,TRUE,"",0.2,88,910088,920088,930088
"DGMM",NA,-0.000261240750648865,0.484,0.000537592886340788,0.73,-33600.6203941827,69287.382882618,28,3.32999999999998,TRUE,"",0.3,88,910088,920088,930088
"RDMM",4.07300797834089,0.917681348086586,0.021,0.71674679875158,0.118,-33079.9176332258,68239.0696054253,100,4.07000000000002,TRUE,"",0.3,88,910088,920088,930088
"DGMM",NA,0.00118182378374838,0.476,0.00246219166904769,0.726,-35545.3406931473,73176.8234805473,24,2.86999999999998,TRUE,"",0.4,88,910088,920088,930088
"RDMM",3.36131343648137,0.883483175470282,0.03,0.692000553463393,0.129,-34865.7201985579,71810.6747360895,115,4.63999999999999,TRUE,"",0.4,88,910088,920088,930088
"DGMM",NA,0.00127103698348666,0.476,0.00184510284439279,0.726,-37298.4247975754,76682.9916894034,21,2.46000000000001,TRUE,"",0.5,88,910088,920088,930088
"RDMM",3.11016368555791,0.824287911818298,0.046,0.624257650222566,0.161,-36510.7203204128,75100.6749797991,125,5.06,TRUE,"",0.5,88,910088,920088,930088
"DGMM",NA,0.995999999449395,0.001,0.842160470232225,0.063,-27211.5140418744,56509.1701780014,19,2.28,TRUE,"",0,89,910089,920089,930089
"RDMM",199.999954085978,0.995999999449395,0.001,0.865366765780918,0.053,-27198.3647208897,56475.963780753,100,4.14000000000001,TRUE,"",0,89,910089,920089,930089
"DGMM",NA,0.96036037612341,0.01,0.597099045818758,0.182,-31409.7985955941,64905.7392854409,15,1.84,TRUE,"",0.1,89,910089,920089,930089
"RDMM",8.29352928664535,0.952528516427593,0.012,0.793369956481896,0.083,-29397.8720220234,60874.9783830203,110,4.44,TRUE,"",0.1,89,910089,920089,930089
"DGMM",NA,0.63007422281008,0.103,0.292551081607052,0.494,-33395.6705924376,68877.4832791278,28,3.38,TRUE,"",0.2,89,910089,920089,930089
"RDMM",5.3315810811514,0.910026006301727,0.023,0.773675302729489,0.091,-31157.3894506822,64394.0132403381,100,4.09999999999999,TRUE,"",0.2,89,910089,920089,930089
"DGMM",NA,0.813418099449485,0.049,0.540556567125995,0.205,-35977.0861326613,74040.3143595751,13,1.57000000000002,TRUE,"",0.3,89,910089,920089,930089
"RDMM",4.1860142094736,0.879723718613795,0.031,0.723585440853825,0.113,-32738.0867855796,67555.4079101328,100,4.03999999999999,TRUE,"",0.3,89,910089,920089,930089
"DGMM",NA,-0.000755500362226294,0.493,0.195658003016373,0.584,-35036.9807114954,72160.1035172433,21,2.47000000000003,TRUE,"",0.4,89,910089,920089,930089
"RDMM",3.54299485853618,0.868492450924553,0.034,0.685189885249617,0.131,-34510.4531394887,71100.1406179511,100,4.18000000000001,TRUE,"",0.4,89,910089,920089,930089
"DGMM",NA,-0.000840947328598489,0.494,-0.000749686881450098,0.737,-36790.8468716678,75667.8358375882,23,2.75,TRUE,"",0.5,89,910089,920089,930089
"RDMM",3.20157016223409,0.806210136111876,0.051,0.441059133832519,0.321,-36288.3644514571,74655.9632418879,100,3.97000000000003,TRUE,"",0.5,89,910089,920089,930089
"DGMM",NA,1,0,0.806535133349784,0.079,-27116.5961752734,56319.3344447994,11,1.44,TRUE,"",0,90,910090,920090,930090
"RDMM",199.999948929351,1,0,0.810239455090281,0.079,-27059.293429102,56197.8211971776,103,4.08999999999997,TRUE,"",0,90,910090,920090,930090
"DGMM",NA,0.853626880178475,0.038,0.620181369419427,0.162,-31232.4716448782,64551.0853840089,15,1.90000000000003,TRUE,"",0.1,90,910090,920090,930090
"RDMM",7.76380716755163,0.960360311881468,0.01,0.775922574941084,0.093,-29324.266870297,60727.7680795677,100,3.94999999999999,TRUE,"",0.1,90,910090,920090,930090
"DGMM",NA,0.688569657107763,0.085,0.52913647215765,0.224,-33697.2743899931,69480.6908742388,18,2.19999999999999,TRUE,"",0.2,90,910090,920090,930090
"RDMM",4.94467096284602,0.925369326073452,0.019,0.725838078330546,0.115,-31177.175093268,64433.5845255097,100,3.97000000000003,TRUE,"",0.2,90,910090,920090,930090
"DGMM",NA,-0.00105492679577109,0.492,0.000510731757220827,0.713,-33389.8240834869,68865.7902612263,22,2.75999999999999,TRUE,"",0.3,90,910090,920090,930090
"RDMM",3.89738366850613,0.898602563386421,0.026,0.694669444695996,0.129,-32961.1356452814,68001.5056295364,124,4.88,TRUE,"",0.3,90,910090,920090,930090
"DGMM",NA,-0.000992848022201555,0.494,-0.00066859111493818,0.722,-35355.8236694768,72797.7894332062,20,2.47000000000003,TRUE,"",0.4,90,910090,920090,930090
"RDMM",3.29706964662721,0.831575510436204,0.044,0.378817098991305,0.353,-34769.9389142993,71619.1121675722,100,4.19999999999999,TRUE,"",0.4,90,910090,920090,930090
"DGMM",NA,0.000121461984617201,0.483,-0.000691492568612955,0.729,-37221.9445283838,76530.0311510203,21,2.56,TRUE,"",0.5,90,910090,920090,930090
"RDMM",2.92489661559317,0.849934091580569,0.039,0.628535378792574,0.16,-36313.3751302827,74705.984599539,100,4.08999999999997,TRUE,"",0.5,90,910090,920090,930090
"DGMM",NA,0.992008003575289,0.002,0.632715422052855,0.175,-27333.1690410473,56752.4801763472,16,2.06,TRUE,"",0,91,910091,920091,930091
"RDMM",199.999952497045,0.992008003575289,0.002,0.825787536324332,0.07,-27109.1870160187,56297.6083710111,130,5.64999999999998,TRUE,"",0,91,910091,920091,930091
"DGMM",NA,0.547152691778623,0.13,0.404830537788067,0.314,-31629.8143432487,65345.7707807501,10,1.30000000000001,TRUE,"",0.1,91,910091,920091,930091
"RDMM",7.69250657552151,0.960360338374431,0.01,0.790698834004246,0.085,-29440.7582748071,60960.7508885879,129,6.17000000000002,TRUE,"",0.1,91,910091,920091,930091
"DGMM",NA,0.00163667222157045,0.476,0.00115896542370985,0.725,-31693.5148053949,65473.1717050423,27,3.26999999999998,TRUE,"",0.2,91,910091,920091,930091
"RDMM",4.73909618903904,0.906210141409497,0.024,0.75540650692139,0.1,-31367.4168084424,64814.0679558584,177,7.59000000000003,TRUE,"",0.2,91,910091,920091,930091
"DGMM",NA,0.00257135168421618,0.471,0.00222167321102181,0.728,-33989.3440365914,70064.8301674354,43,5.84999999999997,TRUE,"",0.3,91,910091,920091,930091
"RDMM",3.7181035850195,0.879723637286805,0.031,0.731508707042807,0.111,-33111.050201348,68301.3347416696,100,4.67000000000002,TRUE,"",0.3,91,910091,920091,930091
"DGMM",NA,0.000702947036310974,0.48,0.000684003366213764,0.736,-35714.7526122781,73515.6473188089,64,7.52999999999997,TRUE,"",0.4,91,910091,920091,930091
"RDMM",3.2177146384447,0.857333227402074,0.037,0.681223100346735,0.135,-34814.1712257619,71707.5767904973,103,4.09999999999997,TRUE,"",0.4,91,910091,920091,930091
"DGMM",NA,0.708672998444825,0.079,0.422311223250451,0.281,-40786.9720351349,83660.0861645225,6,0.800000000000011,TRUE,"",0.5,91,910091,920091,930091
"RDMM",2.88754820231976,0.820656527771007,0.047,0.650932801503841,0.15,-36507.9602492895,75095.1548375526,112,4.60000000000002,TRUE,"",0.5,91,910091,920091,930091
"DGMM",NA,0.99599999837435,0.001,0.769748417334451,0.097,-27357.3396424935,56800.8213792396,31,3.77999999999997,TRUE,"",0,92,910092,920092,930092
"RDMM",199.999948362295,0.99599999837435,0.001,0.84535255799756,0.062,-27203.5735683491,56486.3814756718,172,6.97000000000003,TRUE,"",0,92,910092,920092,930092
"DGMM",NA,0.883483791282106,0.03,0.480410311180097,0.255,-31448.1012279981,64982.3445502487,22,2.63,TRUE,"",0.1,92,910092,920092,930092
"RDMM",8.22008828696454,0.960360351660936,0.01,0.780809575434073,0.09,-29403.4201388081,60886.0746165899,180,7.16000000000003,TRUE,"",0.1,92,910092,920092,930092
"DGMM",NA,0.91768165804001,0.021,0.442940959439529,0.307,-34281.068757243,70648.2796087385,17,2.03999999999996,TRUE,"",0.2,92,910092,920092,930092
"RDMM",5.158995523839,0.944728709410601,0.014,0.570218478695932,0.22,-31289.5068888441,64658.2481166617,133,5.30000000000001,TRUE,"",0.2,92,910092,920092,930092
"DGMM",NA,-2.66197761408239e-05,0.486,0.24052849809145,0.53,-33643.2820697744,69372.7062338014,23,2.89000000000004,TRUE,"",0.3,92,910092,920092,930092
"RDMM",3.7057427214846,0.917681698186237,0.021,0.703242261786814,0.125,-33132.7991922175,68344.8327234086,100,4.03999999999996,TRUE,"",0.3,92,910092,920092,930092
"DGMM",NA,0.000255333388351125,0.483,-0.000207835546473832,0.734,-35418.4521897856,72923.0464738239,27,3.22000000000003,TRUE,"",0.4,92,910092,920092,930092
"RDMM",3.23702912712978,0.875972009272794,0.032,0.68141208991753,0.135,-34796.719911654,71672.6741622817,243,9.72000000000003,TRUE,"",0.4,92,910092,920092,930092
"DGMM",NA,-0.000392898823993092,0.488,0.000769169868325049,0.724,-37176.1377787059,76438.4176516645,21,2.63,TRUE,"",0.5,92,910092,920092,930092
"RDMM",2.98930092920759,0.802618677980102,0.052,0.419122236087869,0.338,-36545.7946059412,75170.8235508561,194,7.77999999999997,TRUE,"",0.5,92,910092,920092,930092
"DGMM",NA,0.995999996071888,0.001,0.589435684143316,0.244,-27226.1178108756,56538.3777160037,25,3.20999999999998,TRUE,"",0,93,910093,920093,930093
"RDMM",199.999913821754,0.992008000128128,0.002,0.583209023616761,0.256,-27160.9670225462,56401.1683840661,117,4.69,TRUE,"",0,93,910093,920093,930093
"DGMM",NA,-0.000331557610193942,0.499,0.00020496814260916,0.737,-29663.9299613233,61414.0020168993,32,3.86000000000001,TRUE,"",0.1,93,910093,920093,930093
"RDMM",7.79290366434811,0.972168143470906,0.007,0.725316382041034,0.116,-29432.8212886854,60944.8769163444,161,6.42000000000002,TRUE,"",0.1,93,910093,920093,930093
"DGMM",NA,0.659011709356053,0.094,0.442505474144675,0.28,-34559.2606697919,71204.6634338364,15,1.80000000000001,TRUE,"",0.2,93,910093,920093,930093
"RDMM",5.17263620262168,0.944728674232807,0.014,0.781303634702068,0.089,-31115.8751762607,64310.984691495,116,4.65000000000003,TRUE,"",0.2,93,910093,920093,930093
"DGMM",NA,-0.000374334195748942,0.49,-0.000527618648655178,0.734,-33318.0022522819,68722.1465988164,27,3.20999999999998,TRUE,"",0.3,93,910093,920093,930093
"RDMM",3.88174462154343,0.91384976490822,0.022,0.708208126441616,0.122,-32958.8488530423,67996.9320450582,111,4.47000000000003,TRUE,"",0.3,93,910093,920093,930093
"DGMM",NA,-1.38060781476902e-06,0.485,-0.000357311313717149,0.73,-35104.4057574395,72294.9536091315,26,3.25999999999999,TRUE,"",0.4,93,910093,920093,930093
"RDMM",3.31165824362426,0.894810727425102,0.027,0.660358943559099,0.145,-34616.5740187918,71312.3823765572,100,4.03000000000003,TRUE,"",0.4,93,910093,920093,930093
"DGMM",NA,0.639640563429879,0.1,0.361362801356387,0.345,-40297.3036162234,82680.7493266994,6,0.769999999999982,TRUE,"",0.5,93,910093,920093,930093
"RDMM",3.03398162034024,0.861044986954668,0.036,0.594346035220246,0.178,-36288.4203830077,74656.075104989,210,8.41000000000003,TRUE,"",0.5,93,910093,920093,930093
"DGMM",NA,1,0,0.772484097484267,0.094,-27262.6848542384,56611.5118027294,18,2.19999999999999,TRUE,"",0,94,910094,920094,930094
"RDMM",191.795826576549,1,0,0.845179270479298,0.062,-27213.1977574067,56505.6298537871,100,4.02000000000004,TRUE,"",0,94,910094,920094,930094
"DGMM",NA,0.956440404423762,0.011,0.704961897651313,0.125,-31075.2214267768,64236.5849478061,14,1.75,TRUE,"",0.1,94,910094,920094,930094
"RDMM",8.26719539388566,0.976120099965696,0.006,0.800169847061896,0.081,-29320.6540548249,60720.5424486235,100,4.06,TRUE,"",0.1,94,910094,920094,930094
"DGMM",NA,0.620576741110039,0.106,0.360299700134078,0.398,-33927.6582272935,69941.4585488396,35,4.21999999999997,TRUE,"",0.2,94,910094,920094,930094
"RDMM",4.81701988779474,0.929225164520618,0.018,0.750190168879977,0.103,-31374.6217151125,64828.4777691987,140,5.56999999999999,TRUE,"",0.2,94,910094,920094,930094
"DGMM",NA,-0.000749513814007763,0.497,-0.000684017848930477,0.733,-33676.192333625,69438.5267615026,43,5.06,TRUE,"",0.3,94,910094,920094,930094
"RDMM",3.70977255660768,0.883483389941521,0.03,0.705729838435473,0.123,-33167.268751634,68413.7718422417,148,5.94,TRUE,"",0.3,94,910094,920094,930094
"DGMM",NA,-0.000852074457673208,0.496,-0.00127668365163498,0.736,-35369.1584542572,72824.4590027669,33,3.86000000000001,TRUE,"",0.4,94,910094,920094,930094
"RDMM",3.1690094671875,0.835231094994229,0.043,0.642631096705881,0.154,-34894.7629525594,71868.7602440924,110,4.39999999999998,TRUE,"",0.4,94,910094,920094,930094
"DGMM",NA,0.000171630101632333,0.483,0.211813061318378,0.554,-37232.5501544287,76551.2424031101,25,2.99999999999994,TRUE,"",0.5,94,910094,920094,930094
"RDMM",3.05988594746781,0.83889475671258,0.042,0.641464205966787,0.154,-36402.2310603778,74883.6964597293,100,4.28000000000009,TRUE,"",0.5,94,910094,920094,930094
"DGMM",NA,1,0,0.840555737809505,0.064,-27274.1835745432,56634.5092433389,13,1.6099999999999,TRUE,"",0,95,910095,920095,930095
"RDMM",199.999914072206,1,0,0.862051897002747,0.055,-27241.911098017,56563.0565350075,100,4.04999999999995,TRUE,"",0,95,910095,920095,930095
"DGMM",NA,0.838894343290342,0.042,0.428390099815352,0.495,-31753.7037859176,65593.5496660878,56,6.63,TRUE,"",0.1,95,910095,920095,930095
"RDMM",7.78927109684574,0.968224215402919,0.008,0.801373057746502,0.081,-29573.3851691898,61226.0046773532,130,5.16999999999996,TRUE,"",0.1,95,910095,920095,930095
"DGMM",NA,0.662254107488584,0.093,0.325154382239605,0.53,-34142.3805706496,70370.9032355518,26,3.1400000000001,TRUE,"",0.2,95,910095,920095,930095
"RDMM",5.08786113895568,0.913849806310034,0.022,0.543319862295362,0.275,-31448.1362696694,64975.5068783124,110,4.40999999999997,TRUE,"",0.2,95,910095,920095,930095
"DGMM",NA,-0.000397613083312135,0.487,-0.00037612825023413,0.724,-33709.5041385051,69505.1503712628,26,3.23000000000002,TRUE,"",0.3,95,910095,920095,930095
"RDMM",4.01974130477517,0.906210150792239,0.024,0.471902752951092,0.332,-33286.6484775337,68652.5312940411,100,4.09000000000003,TRUE,"",0.3,95,910095,920095,930095
"DGMM",NA,-0.000356338100732219,0.487,3.38210469625183e-05,0.723,-35493.2142857929,73072.5706658385,25,2.96999999999991,TRUE,"",0.4,95,910095,920095,930095
"RDMM",3.42552513443577,0.864764687914327,0.035,0.550194883042949,0.222,-34936.8680299357,71952.970398845,125,4.98000000000002,TRUE,"",0.4,95,910095,920095,930095
"DGMM",NA,-0.000436965103738735,0.488,-0.000443201618604473,0.724,-37187.5565938989,76461.2552820505,29,3.45000000000005,TRUE,"",0.5,95,910095,920095,930095
"RDMM",3.09510241001662,0.846245999993594,0.04,0.633288515677947,0.159,-36350.1864168172,74779.6071726081,114,4.56000000000006,TRUE,"",0.5,95,910095,920095,930095
"DGMM",NA,0.992008007634387,0.002,0.748074421875946,0.105,-27320.797747311,56727.7375888745,22,2.64999999999998,TRUE,"",0,96,910096,920096,930096
"RDMM",199.999950476384,0.988024023764825,0.003,0.836671430409625,0.065,-27143.5847364352,56366.4038118441,172,7.06000000000006,TRUE,"",0,96,910096,920096,930096
"DGMM",NA,0.763640739490648,0.063,0.540104739715987,0.208,-31232.6662584446,64551.4746111418,22,2.67999999999995,TRUE,"",0.1,96,910096,920096,930096
"RDMM",8.07556144338807,0.956440441911163,0.011,0.80735592265469,0.077,-29332.2152806037,60743.664900181,236,9.81000000000006,TRUE,"",0.1,96,910096,920096,930096
"DGMM",NA,0.630069652658029,0.103,0.299773584635765,0.535,-33692.5638694215,69471.2698330955,20,2.45000000000005,TRUE,"",0.2,96,910096,920096,930096
"RDMM",4.96503916253831,0.91002604775823,0.023,0.769328603881177,0.093,-31169.9779532948,64419.1902455631,154,6.13999999999999,TRUE,"",0.2,96,910096,920096,930096
"DGMM",NA,-0.000621444257087826,0.491,-0.000396772796414641,0.73,-33565.1467872189,69216.4356686904,31,3.76999999999998,TRUE,"",0.3,96,910096,920096,930096
"RDMM",3.80444626135108,0.883483516367718,0.03,0.724342862591877,0.113,-33087.7175343653,68254.6694077041,106,4.25999999999999,TRUE,"",0.3,96,910096,920096,930096
"DGMM",NA,0.000792265401047019,0.479,0.00297170343034513,0.725,-36144.5463289271,74375.2347521068,31,3.76999999999998,TRUE,"",0.4,96,910096,920096,930096
"RDMM",3.31596308469116,0.831575637690688,0.044,0.650720539339966,0.149,-34697.1886515201,71473.6116420137,186,7.45000000000005,TRUE,"",0.4,96,910096,920096,930096
"DGMM",NA,0.00131480371663896,0.476,-0.000125332320708363,0.728,-37081.0816482792,76248.3053908111,21,2.55999999999995,TRUE,"",0.5,96,910096,920096,930096
"RDMM",3.01636194310372,0.760144159510284,0.064,0.464153579944177,0.27,-36368.1786097209,74815.5915584155,116,4.71000000000004,TRUE,"",0.5,96,910096,920096,930096
"DGMM",NA,0.995999999123111,0.001,0.800810587070691,0.081,-27033.4813659586,56153.1048261698,15,1.85000000000002,TRUE,"",0,97,910097,920097,930097
"RDMM",197.444895375114,0.988024020308834,0.003,0.832381542964401,0.067,-26984.0314623284,56047.2972636303,100,4.05999999999995,TRUE,"",0,97,910097,920097,930097
"DGMM",NA,0.809811175079112,0.05,0.527157843176368,0.219,-30907.8259905131,63901.7940752788,13,1.58000000000004,TRUE,"",0.1,97,910097,920097,930097
"RDMM",8.33245672672901,0.968224215746785,0.008,0.77923041155866,0.09,-29131.2156079978,60341.6655549692,161,6.63999999999999,TRUE,"",0.1,97,910097,920097,930097
"DGMM",NA,0.672075923518748,0.09,0.473823743650382,0.243,-33525.8764533515,69137.8950009555,34,4.04000000000008,TRUE,"",0.2,97,910097,920097,930097
"RDMM",5.14948676364913,0.929225221565932,0.018,0.724117693453885,0.114,-30928.3376974354,63935.9097338444,100,4.06999999999994,TRUE,"",0.2,97,910097,920097,930097
"DGMM",NA,-0.000375015500841939,0.489,-0.000878349249816993,0.739,-33127.2774261664,68340.6969465855,26,3.17000000000007,TRUE,"",0.3,97,910097,920097,930097
"RDMM",4.0800037682141,0.894810770347358,0.027,0.668812335735306,0.141,-32698.2231912739,67475.6807215214,100,3.96999999999991,TRUE,"",0.3,97,910097,920097,930097
"DGMM",NA,-0.000262210244148412,0.487,0.219824322850927,0.539,-34736.2080768328,71558.5582479181,27,3.25,TRUE,"",0.4,97,910097,920097,930097
"RDMM",3.45468263683078,0.87222820021781,0.033,0.627987739589205,0.16,-34243.791410995,70566.8171609636,100,4.03000000000009,TRUE,"",0.4,97,910097,920097,930097
"DGMM",NA,-0.000977632757062078,0.499,-0.00024223596778413,0.727,-36559.5912427373,75205.3245797272,27,3.2299999999999,TRUE,"",0.5,97,910097,920097,930097
"RDMM",3.18423177066534,0.831575672758003,0.044,0.530848939226819,0.215,-35869.8163927584,73818.8671244905,153,6.19000000000005,TRUE,"",0.5,97,910097,920097,930097
"DGMM",NA,0.98404804091283,0.004,0.756528424603987,0.101,-27377.1020096367,56840.346113526,15,1.84000000000003,TRUE,"",0,98,910098,920098,930098
"RDMM",199.999913311242,0.988024019156837,0.003,0.828223616969361,0.069,-27232.5175836476,56544.2695062688,189,7.52999999999997,TRUE,"",0,98,910098,920098,930098
"DGMM",NA,0.929225183356077,0.018,0.659681236521088,0.147,-31557.2279023546,65200.5978989618,11,1.33000000000004,TRUE,"",0.1,98,910098,920098,930098
"RDMM",8.39329262227142,0.960360342629774,0.01,0.773727920490413,0.093,-29458.6458220524,60996.5259830783,100,4.03999999999996,TRUE,"",0.1,98,910098,920098,930098
"DGMM",NA,0.60178829821715,0.112,0.367579687174755,0.311,-33780.8298300914,69647.8017544353,19,2.28000000000009,TRUE,"",0.2,98,910098,920098,930098
"RDMM",5.39934904526344,0.925369354832112,0.019,0.734708264180984,0.11,-31257.7278640934,64594.6900671605,106,4.29999999999995,TRUE,"",0.2,98,910098,920098,930098
"DGMM",NA,0.00163804126758612,0.475,0.000491756547303949,0.735,-33431.4100944053,68948.9622830632,29,3.45000000000005,TRUE,"",0.3,98,910098,920098,930098
"RDMM",4.19296169994726,0.913849838662425,0.022,0.713712379309534,0.12,-32987.4744125503,68054.1831640743,100,4.26999999999998,TRUE,"",0.3,98,910098,920098,930098
"DGMM",NA,0.760144057623049,0.064,0.431260900330239,0.279,-38381.3857821019,78848.9136584564,7,0.889999999999986,TRUE,"",0.4,98,910098,920098,930098
"RDMM",3.59626677108389,0.887251326898983,0.029,0.6802931058279,0.136,-34699.2044433667,71477.6432257071,106,4.22000000000003,TRUE,"",0.4,98,910098,920098,930098
"DGMM",NA,0.00391607008877951,0.465,0.00109960207954181,0.727,-36757.4703849545,75601.0828641615,31,3.70000000000005,TRUE,"",0.5,98,910098,920098,930098
"RDMM",3.41261356642848,0.838895021195906,0.042,0.600759609110992,0.177,-36281.3268890681,74641.8881171098,109,4.3599999999999,TRUE,"",0.5,98,910098,920098,930098
"DGMM",NA,0.995999934597794,0.001,0.830116804616244,0.068,-26986.7893954029,56059.7208850584,21,2.55999999999995,TRUE,"",0,99,910099,920099,930099
"RDMM",199.999951073038,0.995999934597794,0.001,0.832660180985042,0.067,-26952.2253611358,55983.6850612453,100,4.06000000000006,TRUE,"",0,99,910099,920099,930099
"DGMM",NA,0.940840468811937,0.015,0.747568061294056,0.104,-31180.0101933565,64446.1624809657,19,2.29999999999995,TRUE,"",0.1,99,910099,920099,930099
"RDMM",8.57615891787455,0.96035984584661,0.01,0.801167808153736,0.079,-29106.728366249,60292.6910714717,104,4.36000000000001,TRUE,"",0.1,99,910099,920099,930099
"DGMM",NA,0.611103890140063,0.109,0.489936484073382,0.23,-33303.0244970123,68692.1910882772,15,1.86000000000001,TRUE,"",0.2,99,910099,920099,930099
"RDMM",5.29043977678178,0.913847899464932,0.022,0.757205624930296,0.098,-30939.7819629829,63958.7982649394,100,4.02999999999997,TRUE,"",0.2,99,910099,920099,930099
"DGMM",NA,0.00225843355896518,0.467,0.000349047646611162,0.729,-33363.3462013497,68812.8344969521,28,3.45000000000005,TRUE,"",0.3,99,910099,920099,930099
"RDMM",3.98147554139836,0.872226139089287,0.033,0.519544668030237,0.276,-32849.4664483384,67778.1672356504,100,4.06999999999994,TRUE,"",0.3,99,910099,920099,930099
"DGMM",NA,-0.00152494728642233,0.498,-0.000823443396359968,0.715,-35044.7601321229,72175.6623584983,21,2.59000000000003,TRUE,"",0.4,99,910099,920099,930099
"RDMM",3.43689492893014,0.81703172594126,0.048,0.488371068773764,0.29,-34460.4185399863,71000.0714189462,100,3.98000000000002,TRUE,"",0.4,99,910099,920099,930099
"DGMM",NA,-0.000445624848455815,0.486,0.00088581862991223,0.706,-36838.1830186603,75762.5081315732,19,2.36000000000001,TRUE,"",0.5,99,910099,920099,930099
"RDMM",3.16642208343164,0.813415918661907,0.049,0.470348157920028,0.282,-36096.7403741607,74272.715087295,100,3.9899999999999,TRUE,"",0.5,99,910099,920099,930099
"DGMM",NA,0.988024019156837,0.003,0.811478063377757,0.076,-27287.0557580706,56660.2536103937,16,2,TRUE,"",0,100,910100,920100,930100
"RDMM",199.999950346062,0.99599999837435,0.001,0.860695565983035,0.055,-27098.118289799,56275.4709185717,108,4.54999999999995,TRUE,"",0,100,910100,920100,930100
"DGMM",NA,0.936960928519243,0.016,0.652896854748599,0.151,-31589.7627951904,65265.6676846335,18,2.16999999999996,TRUE,"",0.1,100,910100,920100,930100
"RDMM",8.09478671670942,0.952528507294808,0.012,0.833153199691334,0.066,-29335.7122188136,60750.6587766007,108,4.37,TRUE,"",0.1,100,910100,920100,930100
"DGMM",NA,0.57415095865631,0.121,0.27756496338128,0.542,-33391.0318198553,68868.2057339632,31,3.65999999999997,TRUE,"",0.2,100,910100,920100,930100
"RDMM",5.18859926303069,0.917681637140728,0.021,0.791490513266564,0.084,-31108.3521768399,64295.9386926534,100,4.02999999999997,TRUE,"",0.2,100,910100,920100,930100
"DGMM",NA,0.547158204824857,0.13,0.334803394560444,0.405,-36634.8431773861,75355.8284490248,6,0.769999999999982,TRUE,"",0.3,100,910100,920100,930100
"RDMM",3.93080443833293,0.838894853827652,0.042,0.737390613657898,0.107,-32960.2817917792,67999.7979225319,223,8.81000000000006,TRUE,"",0.3,100,910100,920100,930100
"DGMM",NA,0.672076429836801,0.09,0.365722267802427,0.352,-38295.7160196746,78677.5741336018,6,0.799999999999955,TRUE,"",0.4,100,910100,920100,930100
"RDMM",3.45285635481057,0.767143184581349,0.062,0.436351131287059,0.327,-34729.8135466563,71538.8614322863,102,4.13,TRUE,"",0.4,100,910100,920100,930100
"DGMM",NA,-0.00097168310768217,0.498,6.43623544109799e-05,0.732,-36830.6706985696,75747.4834913918,25,2.95000000000005,TRUE,"",0.5,100,910100,920100,930100
"RDMM",3.10793007239669,0.795459432897905,0.054,0.638397145730968,0.154,-36303.6319194286,74686.4981778309,183,7.37,TRUE,"",0.5,100,910100,920100,930100
"DGMM",NA,0.99200800716736,0.002,0.707930879436124,0.136,-27263.3638202579,56612.8697347684,15,1.89999999999998,TRUE,"",0,101,910101,920101,930101
"RDMM",199.999953830144,0.995999999719503,0.001,0.824363781021068,0.071,-27137.7510871751,56354.7365133239,102,4.04999999999995,TRUE,"",0,101,910101,920101,930101
"DGMM",NA,0.817033232379343,0.048,0.515873598895983,0.228,-31407.5928586648,64901.3278115822,41,4.84000000000003,TRUE,"",0.1,101,910101,920101,930101
"RDMM",7.71011505377663,0.960360366074182,0.01,0.788124333554726,0.086,-29360.4251699508,60800.0846788753,100,4.04999999999995,TRUE,"",0.1,101,910101,920101,930101
"DGMM",NA,0.875972107103084,0.032,0.473522902695778,0.259,-34834.7437835473,71755.6296613473,13,1.63999999999999,TRUE,"",0.2,101,910101,920101,930101
"RDMM",4.79585676127527,0.913849881062749,0.022,0.74997483240804,0.102,-31248.8621554318,64576.9586498373,100,4.24000000000001,TRUE,"",0.2,101,910101,920101,930101
"DGMM",NA,0.000682033213841401,0.48,-0.000306840228233373,0.737,-33411.9940444171,68910.1301830868,30,3.69000000000005,TRUE,"",0.3,101,910101,920101,930101
"RDMM",3.80808417417874,0.906210268549996,0.024,0.726052678613458,0.113,-33028.9102908895,68137.0549207526,119,4.73000000000002,TRUE,"",0.3,101,910101,920101,930101
"DGMM",NA,-0.000926836647034589,0.497,0.000225341479886264,0.726,-35174.3779173117,72434.8979288759,25,3.11000000000001,TRUE,"",0.4,101,910101,920101,930101
"RDMM",3.30023731500937,0.883483540223907,0.03,0.685824382327093,0.132,-34710.9777853168,71501.1899096071,118,4.79999999999995,TRUE,"",0.4,101,910101,920101,930101
"DGMM",NA,-0.000957381703392175,0.497,0.204161846941739,0.534,-36886.5680679057,75859.278230064,29,3.43000000000006,TRUE,"",0.5,101,910101,920101,930101
"RDMM",3.10411271431096,0.864764822015531,0.035,0.650971664019758,0.149,-36304.7125798832,74688.6594987399,116,4.7399999999999,TRUE,"",0.5,101,910101,920101,930101
"DGMM",NA,0.992008004348543,0.002,0.719454237050534,0.119,-27311.2318266134,56708.6057474795,13,1.54999999999995,TRUE,"",0,102,910102,920102,930102
"RDMM",189.399105343771,0.992008005214688,0.002,0.835083813125587,0.066,-27131.9591077766,56343.1525545268,115,4.63,TRUE,"",0,102,910102,920102,930102
"DGMM",NA,0.774175049736906,0.06,0.425709798996031,0.307,-31221.4842099179,64529.1105140885,6,0.779999999999973,TRUE,"",0.1,102,910102,920102,930102
"RDMM",8.49660954020396,0.956440422737287,0.011,0.738828349876717,0.11,-29229.6999689235,60538.6342768206,196,7.87,TRUE,"",0.1,102,910102,920102,930102
"DGMM",NA,0.00104821365088575,0.479,-2.26541787908596e-05,0.729,-31575.2783491178,65236.6987924882,26,3.12,TRUE,"",0.2,102,910102,920102,930102
"RDMM",5.03940590012674,0.925369347935587,0.019,0.746363684339168,0.105,-31211.528285024,64502.2909090217,160,6.30000000000007,TRUE,"",0.2,102,910102,920102,930102
"DGMM",NA,-5.68961934228848e-05,0.486,-0.000753161635784439,0.726,-33295.4582468898,68677.0585880322,23,2.77999999999997,TRUE,"",0.3,102,910102,920102,930102
"RDMM",3.8910701271366,0.906210203857321,0.024,0.744679034939614,0.105,-32860.1298478773,67799.4940347283,100,3.98000000000002,TRUE,"",0.3,102,910102,920102,930102
"DGMM",NA,0.00177340482943378,0.474,0.155776435594974,0.583,-35199.2699865391,72484.6820673308,24,2.97000000000003,TRUE,"",0.4,102,910102,920102,930102
"RDMM",3.30638275785913,0.835231264266834,0.043,0.486196563151172,0.249,-34737.4363374604,71554.1070138945,100,4.13999999999999,TRUE,"",0.4,102,910102,920102,930102
"DGMM",NA,0.000175514245553047,0.483,0.00014188519358361,0.719,-36748.296693381,75582.7354810145,22,2.63999999999999,TRUE,"",0.5,102,910102,920102,930102
"RDMM",3.0775731607392,0.81703344895262,0.048,0.458539467293149,0.263,-36259.3388246517,74597.911988277,124,5,TRUE,"",0.5,102,910102,920102,930102
"DGMM",NA,0.992008001591865,0.002,0.787444790559106,0.087,-27116.3340309626,56318.8101561779,12,1.53000000000009,TRUE,"",0,103,910103,920103,930103
"RDMM",199.999952665904,0.995999996912225,0.001,0.821447076482748,0.072,-27087.4843014947,56254.2029419629,100,4,TRUE,"",0,103,910103,920103,930103
"DGMM",NA,0.806211390338942,0.051,0.576366347326452,0.184,-31492.6129015024,65071.3678972574,16,2.03999999999996,TRUE,"",0.1,103,910103,920103,930103
"RDMM",7.79008861327545,0.952528493674774,0.012,0.745794338150642,0.105,-29371.997690422,60823.2297198176,100,3.96000000000004,TRUE,"",0.1,103,910103,920103,930103
"DGMM",NA,-0.000292393991030218,0.491,2.55977211695223e-05,0.73,-31726.7741243856,65539.6903430238,20,2.42999999999995,TRUE,"",0.2,103,910103,920103,930103
"RDMM",4.72380623131623,0.917681624914723,0.021,0.513273785892145,0.285,-31457.6100653249,64994.4544696234,117,4.85000000000002,TRUE,"",0.2,103,910103,920103,930103
"DGMM",NA,-0.000544568724402625,0.492,0.120332172602361,0.577,-33459.0664378959,69004.2749700444,17,2.05999999999995,TRUE,"",0.3,103,910103,920103,930103
"RDMM",3.8649926077137,0.872228154144189,0.033,0.66021643726352,0.144,-32962.2231555609,68003.6806500955,153,6.12,TRUE,"",0.3,103,910103,920103,930103
"DGMM",NA,-0.000513583675526059,0.49,0.194612846130736,0.541,-35204.8577972574,72495.8576887674,18,2.25,TRUE,"",0.4,103,910103,920103,930103
"RDMM",3.31289320084786,0.857333321096604,0.037,0.654481773327247,0.146,-34597.4587717965,71274.1518825666,100,4.05000000000007,TRUE,"",0.4,103,910103,920103,930103
"DGMM",NA,-0.000950407734524141,0.497,0.193105089467297,0.543,-36940.5582621514,75967.2586185555,20,2.43999999999994,TRUE,"",0.5,103,910103,920103,930103
"RDMM",3.00912977263104,0.835231217098773,0.043,0.581609075528028,0.183,-36252.0937349597,74583.421808893,134,5.36000000000001,TRUE,"",0.5,103,910103,920103,930103
"DGMM",NA,0.988024023184218,0.003,0.777364232589639,0.092,-27511.9459069751,57110.0339082028,13,1.69000000000005,TRUE,"",0,104,910104,920104,930104
"RDMM",199.999949386961,0.988024023184218,0.003,0.823895090188513,0.071,-27337.9077577633,56755.0498545002,247,10.03,TRUE,"",0,104,910104,920104,930104
"DGMM",NA,0.626897177405457,0.104,0.282954711462798,0.443,-32750.2164619429,67586.5750181385,21,2.54000000000008,TRUE,"",0.1,104,910104,920104,930104
"RDMM",7.21329015305122,0.933089102122622,0.017,0.767253995046736,0.095,-29690.0586948429,61459.3517286593,170,6.78999999999996,TRUE,"",0.1,104,910104,920104,930104
"DGMM",NA,0.583287872051788,0.118,0.24746261399042,0.496,-34911.1688966258,71908.4798875041,22,2.72000000000003,TRUE,"",0.2,104,910104,920104,930104
"RDMM",4.90088340526449,0.898602639339703,0.026,0.721467952346873,0.116,-31497.2328482987,65073.7000355711,151,6,TRUE,"",0.2,104,910104,920104,930104
"DGMM",NA,0.556081080012393,0.127,0.27518380770325,0.448,-37187.2671978752,76460.6764900029,6,0.759999999999991,TRUE,"",0.3,104,910104,920104,930104
"RDMM",4.01609562456512,0.891027080093947,0.028,0.687164858502725,0.133,-33014.4264230074,68108.0871849884,100,4,TRUE,"",0.3,104,910104,920104,930104
"DGMM",NA,0.00263420358053222,0.47,0.000621324596840136,0.717,-35105.5770232958,72297.2961408442,29,3.44000000000005,TRUE,"",0.4,104,910104,920104,930104
"RDMM",3.52771540118374,0.846246268408946,0.04,0.514153934611474,0.268,-34622.749925302,71324.7341895775,127,5.11000000000001,TRUE,"",0.4,104,910104,920104,930104
"DGMM",NA,0.763640157133603,0.063,0.38504142342038,0.499,-39239.4351025762,80565.0122994051,41,4.82999999999993,TRUE,"",0.5,104,910104,920104,930104
"RDMM",3.26374815801182,0.813417453761717,0.049,0.314770873210364,0.467,-36349.7544490577,74778.743237089,109,4.46000000000004,TRUE,"",0.5,104,910104,920104,930104
"DGMM",NA,0.992008000632441,0.002,0.839735782937243,0.064,-27111.9145365776,56309.9711674078,22,2.69000000000005,TRUE,"",0,105,910105,920105,930105
"RDMM",199.999950526369,0.992008000632441,0.002,0.842030587579128,0.063,-27076.7657441112,56232.765827196,100,4,TRUE,"",0,105,910105,920105,930105
"DGMM",NA,0.964288254345131,0.009,0.670264411802302,0.144,-30912.7416910453,63911.6254763431,15,1.83999999999992,TRUE,"",0.1,105,910105,920105,930105
"RDMM",8.67034131044628,0.956440401786792,0.011,0.791115823434095,0.085,-29183.9960570263,60447.2264530262,124,4.97000000000003,TRUE,"",0.1,105,910105,920105,930105
"DGMM",NA,-0.000464350920224171,0.495,-2.32385032795304e-05,0.736,-31619.7391710837,65325.6204364199,39,4.81000000000006,TRUE,"",0.2,105,910105,920105,930105
"RDMM",5.05154030424209,0.925369310208081,0.019,0.749817244502307,0.103,-31130.3344640323,64339.9032670381,127,5.12,TRUE,"",0.2,105,910105,920105,930105
"DGMM",NA,0.000716058342929464,0.481,0.00062530184331579,0.72,-33833.2554141907,69752.6529226339,19,2.25,TRUE,"",0.3,105,910105,920105,930105
"RDMM",3.73800559527347,0.891026947088494,0.028,0.699791604781663,0.125,-33097.0642596594,68273.3628582924,100,4.02999999999997,TRUE,"",0.3,105,910105,920105,930105
"DGMM",NA,0.00181320213059261,0.474,0.000503222041114314,0.733,-35287.7524429694,72661.6469801914,33,3.90999999999997,TRUE,"",0.4,105,910105,920105,930105
"RDMM",3.28396926818044,0.857333287757797,0.037,0.688425522843932,0.131,-34754.0021901284,71587.2387192303,110,4.42000000000007,TRUE,"",0.4,105,910105,920105,930105
"DGMM",NA,-0.000370475777753379,0.488,-0.00105823952810521,0.736,-37477.5870247334,77041.3161437193,18,2.14999999999998,TRUE,"",0.5,105,910105,920105,930105
"RDMM",3.03932245364417,0.824288583500074,0.046,0.410330677554397,0.304,-36462.4502586592,75004.1348562919,138,5.57999999999993,TRUE,"",0.5,105,910105,920105,930105
"DGMM",NA,0.995999997133853,0.001,0.793998700621226,0.084,-27329.4283649574,56744.9988241675,19,2.31000000000017,TRUE,"",0,106,910106,920106,930106
"RDMM",134.087378958427,0.995999997133853,0.001,0.811707582538492,0.076,-27317.8591798961,56714.9526987659,100,4.04999999999995,TRUE,"",0,106,910106,920106,930106
"DGMM",NA,0.940840850623075,0.015,0.666699410618628,0.143,-31826.7560951078,65739.6542844681,16,1.92000000000007,TRUE,"",0.1,106,910106,920106,930106
"RDMM",7.90305665523246,0.952528500764103,0.012,0.787134820172189,0.086,-29482.6606518687,61044.5556427111,175,7,TRUE,"",0.1,106,910106,920106,930106
"DGMM",NA,0.604880654286912,0.111,0.461981144298327,0.255,-33521.76122283,69129.6645399126,21,2.6099999999999,TRUE,"",0.2,106,910106,920106,930106
"RDMM",5.15431727734329,0.925369367998201,0.019,0.742452919474176,0.106,-31197.5390391576,64474.3124172888,127,5.05999999999995,TRUE,"",0.2,106,910106,920106,930106
"DGMM",NA,0.000545716107060624,0.479,-0.00096900751551915,0.738,-33518.2570692108,69122.6562326742,28,3.44000000000005,TRUE,"",0.3,106,910106,920106,930106
"RDMM",3.88614124495801,0.887251269894766,0.029,0.489404489837148,0.313,-33157.6890435607,68394.6124260951,143,5.82999999999993,TRUE,"",0.3,106,910106,920106,930106
"DGMM",NA,0.767143303576113,0.062,0.385720971931268,0.35,-38867.2107667976,79820.5636278478,6,0.800000000000182,TRUE,"",0.4,106,910106,920106,930106
"RDMM",3.38442446663651,0.864764853383536,0.035,0.485410594045962,0.325,-34850.525829188,71780.2859973496,134,5.39999999999986,TRUE,"",0.4,106,910106,920106,930106
"DGMM",NA,0.550107316907856,0.129,0.319259019866735,0.37,-40667.4834746,83421.1090434526,6,0.779999999999973,TRUE,"",0.5,106,910106,920106,930106
"RDMM",3.11686332561349,0.795459600383145,0.054,0.544582924877724,0.204,-36628.2720763854,75335.7784917445,111,4.49000000000001,TRUE,"",0.5,106,910106,920106,930106
"DGMM",NA,0.995999989755495,0.001,0.642721017058769,0.162,-27311.7239584482,56709.5900111491,15,1.84000000000015,TRUE,"",0,107,910107,920107,930107
"RDMM",199.999947022122,0.995999989755495,0.001,0.859384594579876,0.056,-27158.9253728033,56397.0850845802,160,6.48000000000002,TRUE,"",0,107,910107,920107,930107
"DGMM",NA,0.972168096887333,0.007,0.610142534036279,0.191,-32292.0184706919,66670.1790356365,23,2.75,TRUE,"",0.1,107,910107,920107,930107
"RDMM",7.46422959050697,0.964288196826086,0.009,0.820071625257782,0.072,-29429.5421837435,60938.3187064606,107,4.32999999999993,TRUE,"",0.1,107,910107,920107,930107
"DGMM",NA,0.57711966304119,0.12,0.257196289074376,0.497,-34512.6876392203,71111.5173726932,23,2.77999999999997,TRUE,"",0.2,107,910107,920107,930107
"RDMM",4.75672283509608,0.917681412384363,0.021,0.769958415406758,0.093,-31344.5875280248,64768.4093950233,180,7.26999999999998,TRUE,"",0.2,107,910107,920107,930107
"DGMM",NA,0.00105259021580011,0.475,-0.000143531014673059,0.72,-33667.648889865,69421.4398739826,33,3.87000000000012,TRUE,"",0.3,107,910107,920107,930107
"RDMM",3.84090614371641,0.894810300021944,0.027,0.581936295996727,0.211,-33116.5273172157,68312.288973405,205,8.13999999999987,TRUE,"",0.3,107,910107,920107,930107
"DGMM",NA,0.000418693875877936,0.48,-0.000287469377813443,0.727,-35258.2611239527,72602.664342158,35,4.28999999999996,TRUE,"",0.4,107,910107,920107,930107
"RDMM",3.29997398744312,0.853628583979094,0.038,0.512407389691121,0.256,-34742.1057219828,71563.4457829392,156,6.35000000000014,TRUE,"",0.4,107,910107,920107,930107
"DGMM",NA,-4.25679221702173e-05,0.484,-0.00054585456902036,0.715,-37132.2297000932,76350.6014944389,26,3.25,TRUE,"",0.5,107,910107,920107,930107
"RDMM",2.95830451359169,0.842565664455477,0.041,0.642934856867499,0.151,-36401.6317250973,74882.4977891683,170,6.73000000000002,TRUE,"",0.5,107,910107,920107,930107
"DGMM",NA,0.995999999449395,0.001,0.855786751984871,0.057,-27281.3690391599,56648.8801725723,20,2.43000000000006,TRUE,"",0,108,910108,920108,930108
"RDMM",199.999948246643,0.995999999449395,0.001,0.853422002196471,0.058,-27259.1806781825,56597.5956953386,100,4.04999999999995,TRUE,"",0,108,910108,920108,930108
"DGMM",NA,0.842566694719042,0.041,0.565500394972776,0.196,-31345.6468159605,64777.4357261736,31,3.67000000000007,TRUE,"",0.1,108,910108,920108,930108
"RDMM",8.04586175555891,0.940840838327468,0.015,0.680984528227821,0.139,-29595.4036403212,61270.041619616,100,4.02999999999997,TRUE,"",0.1,108,910108,920108,930108
"DGMM",NA,0.608011894288884,0.11,0.280136386114222,0.515,-33565.7414035744,69217.6249014013,26,3.08999999999992,TRUE,"",0.2,108,910108,920108,930108
"RDMM",5.24629729986971,0.902402388967978,0.025,0.735403646823052,0.108,-31307.2736891714,64693.7817173164,247,9.86000000000013,TRUE,"",0.2,108,910108,920108,930108
"DGMM",NA,-0.000858234576706737,0.497,-0.000897909919561093,0.738,-33375.702434649,68837.5469635506,31,3.64999999999986,TRUE,"",0.3,108,910108,920108,930108
"RDMM",4.21349954498365,0.872228236696492,0.033,0.717539105640099,0.116,-32955.7099314434,67990.6542018604,100,4.08000000000015,TRUE,"",0.3,108,910108,920108,930108
"DGMM",NA,-0.000919081596495898,0.497,-0.00141360076945234,0.738,-35275.7504809589,72637.6430561704,32,3.75999999999999,TRUE,"",0.4,108,910108,920108,930108
"RDMM",3.48980223899723,0.831575532642568,0.044,0.489498286943073,0.276,-34891.7042084554,71862.6427558845,126,5.15999999999985,TRUE,"",0.4,108,910108,920108,930108
"DGMM",NA,0.695252265792696,0.083,0.31323944260858,0.42,-39704.7969972713,81495.7360887953,6,0.830000000000155,TRUE,"",0.5,108,910108,920108,930108
"RDMM",3.27882973222024,0.820656595396749,0.047,0.454063465166332,0.315,-36383.737755494,74846.7098499616,119,4.82999999999993,TRUE,"",0.5,108,910108,920108,930108
"DGMM",NA,0.992008002213415,0.002,0.641506484499646,0.16,-27155.7822438944,56397.7065820415,14,2.33999999999992,TRUE,"",0,109,910109,920109,930109
"RDMM",199.999945427383,1,0,0.821870951177897,0.072,-26967.5028336449,56014.2400062635,262,10.8600000000001,TRUE,"",0,109,910109,920109,930109
"DGMM",NA,0.913849802933086,0.022,0.647071855421118,0.154,-31030.2815698591,64146.7052339709,24,2.8599999999999,TRUE,"",0.1,109,910109,920109,930109
"RDMM",8.0910262683104,0.956440405909851,0.011,0.776557831112109,0.092,-29122.9947399497,60325.223818873,100,4.07000000000016,TRUE,"",0.1,109,910109,920109,930109
"DGMM",NA,0.849934139938366,0.039,0.47927718636786,0.253,-34455.1792279419,70996.5005501365,13,1.59999999999991,TRUE,"",0.2,109,910109,920109,930109
"RDMM",5.04470166713224,0.917681616426199,0.021,0.707881267808001,0.123,-31040.8033702197,64160.841079413,168,6.65000000000009,TRUE,"",0.2,109,910109,920109,930109
"DGMM",NA,-0.000799451753765087,0.499,-0.000717059854758764,0.724,-33236.5946463144,68559.3313868814,30,3.57999999999993,TRUE,"",0.3,109,910109,920109,930109
"RDMM",3.96081295444747,0.887251160419612,0.029,0.558215311421387,0.21,-32821.3955813175,67722.0255016085,112,4.70000000000005,TRUE,"",0.3,109,910109,920109,930109
"DGMM",NA,-0.000836702876544196,0.496,-0.000783303627388269,0.719,-34860.8887810027,71807.919656258,26,3.34999999999991,TRUE,"",0.4,109,910109,920109,930109
"RDMM",3.41872065877856,0.864764657560916,0.035,0.498435605821079,0.251,-34433.6951610966,70946.6246611669,100,4.07000000000016,TRUE,"",0.4,109,910109,920109,930109
"DGMM",NA,-0.000958774451617974,0.499,-0.00019677912819449,0.72,-36470.9192474996,75027.9805892518,30,3.52999999999997,TRUE,"",0.5,109,910109,920109,930109
"RDMM",3.14337116599166,0.809809662106388,0.05,0.471292112678876,0.266,-35996.3256257808,74071.8855905352,100,4.05999999999995,TRUE,"",0.5,109,910109,920109,930109
"DGMM",NA,0.99200800716736,0.002,0.834796416947108,0.066,-27033.3768016115,56152.8956974757,20,2.43000000000006,TRUE,"",0,110,910110,920110,930110
"RDMM",199.99995322194,0.995999999719503,0.001,0.839633452818622,0.064,-26997.3662175289,56073.9667740314,100,4.06999999999994,TRUE,"",0,110,910110,920110,930110
"DGMM",NA,0.82792862375491,0.045,0.410993218523619,0.498,-31122.0030799427,64330.148254138,43,5.45000000000005,TRUE,"",0.1,110,910110,920110,930110
"RDMM",7.81898034758147,0.936960950400731,0.016,0.610877460540586,0.19,-29375.1476858357,60829.529710645,142,5.66999999999985,TRUE,"",0.1,110,910110,920110,930110
"DGMM",NA,0.636445829103447,0.101,0.415491792366685,0.268,-33504.6840640055,69095.5102222636,13,1.63000000000011,TRUE,"",0.2,110,910110,920110,930110
"RDMM",5.2389482888832,0.89860258034965,0.026,0.726949056224538,0.113,-31048.3446307814,64175.9236005365,100,4.00999999999999,TRUE,"",0.2,110,910110,920110,930110
"DGMM",NA,-0.000526709254791531,0.49,-0.000550834050361778,0.735,-33263.3013568472,68612.744807947,36,4.26999999999998,TRUE,"",0.3,110,910110,920110,930110
"RDMM",4.12945321377962,0.857333376685645,0.037,0.52828940679826,0.246,-32843.8470708045,67766.9284805827,113,4.57999999999993,TRUE,"",0.3,110,910110,920110,930110
"DGMM",NA,-0.000488382987815609,0.489,0.000396343773579515,0.717,-34986.689238743,72059.5205717387,23,2.75999999999999,TRUE,"",0.4,110,910110,920110,930110
"RDMM",3.51669957046705,0.849933963165205,0.039,0.647186331928876,0.149,-34480.5056936632,71040.2457263,137,5.49000000000001,TRUE,"",0.4,110,910110,920110,930110
"DGMM",NA,0.0004504801951362,0.481,0.000959146249617449,0.716,-36729.4605888468,75545.0632719461,22,2.70000000000005,TRUE,"",0.5,110,910110,920110,930110
"RDMM",3.28234195006796,0.835231263326432,0.043,0.609391977748128,0.167,-36056.5168370946,74192.2680131628,111,4.3900000000001,TRUE,"",0.5,110,910110,920110,930110
"DGMM",NA,0.988024022900827,0.003,0.784188258167764,0.088,-27198.6857262215,56483.5135466956,14,1.82999999999993,TRUE,"",0,111,910111,920111,930111
"RDMM",199.999952790653,0.992008007453342,0.002,0.83008154781995,0.068,-27027.3263786581,56133.8870962897,160,6.36000000000013,TRUE,"",0,111,910111,920111,930111
"DGMM",NA,0.791891822408019,0.055,0.536921621012392,0.233,-31526.6229333111,65139.3879608747,36,4.2199999999998,TRUE,"",0.1,111,910111,920111,930111
"RDMM",7.77510634660696,0.944728719086946,0.014,0.784932542018041,0.087,-29315.0453801038,60709.3250991813,101,4.13999999999987,TRUE,"",0.1,111,910111,920111,930111
"DGMM",NA,-4.10540292707049e-05,0.484,0.261873047097188,0.533,-31507.3793219095,65100.9007380716,24,2.87000000000012,TRUE,"",0.2,111,910111,920111,930111
"RDMM",5.20703015564166,0.921521519607844,0.02,0.756616508657654,0.099,-31003.0199023323,64085.2741436381,100,4.07999999999993,TRUE,"",0.2,111,910111,920111,930111
"DGMM",NA,-0.000970757614744778,0.496,-0.000714116971244048,0.737,-33312.1912829954,68710.5246602434,22,2.94000000000005,TRUE,"",0.3,111,910111,920111,930111
"RDMM",3.97052352973072,0.887251234755152,0.029,0.725492995789817,0.112,-32776.5669809381,67632.3683008499,100,4.02999999999997,TRUE,"",0.3,111,910111,920111,930111
"DGMM",NA,-0.000819488941994609,0.493,9.90135380994815e-06,0.735,-35061.5462965955,72209.2346874435,22,2.69000000000005,TRUE,"",0.4,111,910111,920111,930111
"RDMM",3.41913777398863,0.84256658133185,0.041,0.686270589472833,0.13,-34458.105758995,70995.4458569636,117,4.86999999999989,TRUE,"",0.4,111,910111,920111,930111
"DGMM",NA,-0.000220793430443383,0.486,0.000544551489636981,0.729,-36926.9059313066,75939.9539568658,33,4.28999999999996,TRUE,"",0.5,111,910111,920111,930111
"RDMM",3.07955739097739,0.784780749292381,0.057,0.427204101288703,0.322,-36204.4754604694,74488.1852599125,143,6.1400000000001,TRUE,"",0.5,111,910111,920111,930111
"DGMM",NA,0.995999996623648,0.001,0.851547800853749,0.059,-27045.3690622911,56176.8802188348,56,6.67000000000007,TRUE,"",0,112,910112,920112,930112
"RDMM",199.999950555128,0.995999996623648,0.001,0.851506369816756,0.059,-27034.3624967653,56147.9593325043,125,5.05999999999995,TRUE,"",0,112,910112,920112,930112
"DGMM",NA,0.80980965544706,0.05,0.474917334602384,0.255,-31449.693452783,64985.5289998186,6,0.8599999999999,TRUE,"",0.1,112,910112,920112,930112
"RDMM",8.83509077093387,0.972168153108867,0.007,0.793277816763056,0.084,-29210.7200022014,60500.6743433763,163,6.45000000000005,TRUE,"",0.1,112,910112,920112,930112
"DGMM",NA,0.636440369622884,0.101,0.444909494561033,0.273,-34133.0418054079,70352.2257050684,6,0.769999999999982,TRUE,"",0.2,112,910112,920112,930112
"RDMM",5.43535659734295,0.948624604980505,0.013,0.749505460056108,0.103,-30996.7537169908,64072.7417729552,174,6.87000000000012,TRUE,"",0.2,112,910112,920112,930112
"DGMM",NA,-0.000781659162481222,0.5,-0.00021380685217546,0.728,-33118.4303584578,68323.0028111682,23,2.84999999999991,TRUE,"",0.3,112,910112,920112,930112
"RDMM",4.15451530966535,0.92922519229157,0.018,0.72126187065013,0.116,-32712.2082712456,67503.6508814648,171,6.81999999999994,TRUE,"",0.3,112,910112,920112,930112
"DGMM",NA,-0.000905471404016405,0.499,-0.00035969860518507,0.728,-34801.3424450934,71688.8269844395,23,3.00999999999999,TRUE,"",0.4,112,910112,920112,930112
"RDMM",3.50414658511914,0.8948107705902,0.027,0.691732847111831,0.129,-34288.3657076725,70655.9657543186,161,6.47000000000003,TRUE,"",0.4,112,910112,920112,930112
"DGMM",NA,-0.000830433756478417,0.494,-0.00126502014118527,0.733,-36565.684319781,75217.5107338146,24,2.93000000000006,TRUE,"",0.5,112,910112,920112,930112
"RDMM",3.22792144535766,0.864764674029811,0.035,0.651828826605365,0.149,-35994.9847121772,74069.203763328,176,6.99000000000001,TRUE,"",0.5,112,910112,920112,930112
"DGMM",NA,1,0,0.872871593097197,0.05,-27260.6698160377,56607.4817263279,19,2.36000000000013,TRUE,"",0,113,910113,920113,930113
"RDMM",183.673265182487,1,0,0.877617981567525,0.048,-27235.5930751457,56550.4204892651,100,4.02999999999997,TRUE,"",0,113,910113,920113,930113
"DGMM",NA,0.96822422258131,0.008,0.659190537154865,0.149,-31304.5215971384,64695.1852885293,21,2.52999999999997,TRUE,"",0.1,113,910113,920113,930113
"RDMM",8.6164798916452,0.96822422678717,0.008,0.836133810066279,0.065,-29309.968522305,60699.1713835835,100,4.04999999999995,TRUE,"",0.1,113,910113,920113,930113
"DGMM",NA,0.00173684692137181,0.475,0.241273984480731,0.525,-31780.7902077492,65647.722509751,20,2.42000000000007,TRUE,"",0.2,113,910113,920113,930113
"RDMM",5.13500279554841,0.913849869626723,0.022,0.77021851353377,0.093,-31309.9582011198,64699.1507412132,231,9.23000000000002,TRUE,"",0.2,113,910113,920113,930113
"DGMM",NA,0.00126495450993441,0.477,0.000640073125213413,0.731,-33518.7143787916,69123.5708518357,29,3.41999999999985,TRUE,"",0.3,113,910113,920113,930113
"RDMM",4.15009680901301,0.875971981975729,0.032,0.516597844795881,0.258,-32993.0940389402,68065.422416854,105,4.28999999999996,TRUE,"",0.3,113,910113,920113,930113
"DGMM",NA,0.000835737537783526,0.479,1.79091892852078e-05,0.735,-35134.879151203,72355.9003966586,28,3.5,TRUE,"",0.4,113,910113,920113,930113
"RDMM",3.62195121136539,0.879723829690057,0.031,0.695597036531052,0.127,-34491.0343232587,71061.302985491,261,10.6900000000001,TRUE,"",0.4,113,910113,920113,930113
"DGMM",NA,0.002629366087333,0.47,0.00157715925403952,0.724,-36728.5013516832,75543.1447976191,26,3.06999999999994,TRUE,"",0.5,113,910113,920113,930113
"RDMM",3.31075138282483,0.817033105307451,0.048,0.447384861582633,0.325,-36038.5004217444,74156.2351824625,105,4.24000000000001,TRUE,"",0.5,113,910113,920113,930113
"DGMM",NA,0.995999997241588,0.001,0.608686424960797,0.224,-27327.7387784319,56741.6196511163,15,1.8599999999999,TRUE,"",0,114,910114,920114,930114
"RDMM",199.999947629847,0.995999997241588,0.001,0.616684593274875,0.229,-27273.9725585287,56627.1794560311,109,4.41000000000008,TRUE,"",0,114,910114,920114,930114
"DGMM",NA,0.767145225394715,0.062,0.47953521895845,0.26,-31275.8310004176,64637.8040950878,27,3.22000000000003,TRUE,"",0.1,114,910114,920114,930114
"RDMM",8.29323101313232,0.948624589196012,0.013,0.782897385405087,0.088,-29329.4597833697,60738.153905713,181,7.21000000000004,TRUE,"",0.1,114,910114,920114,930114
"DGMM",NA,-0.000322177702582663,0.491,-0.00108465844723211,0.73,-31587.5957430532,65261.3335803591,25,2.98000000000002,TRUE,"",0.2,114,910114,920114,930114
"RDMM",5.22450713582814,0.913849794049433,0.022,0.731653637497931,0.11,-31227.7240871961,64534.6825133659,100,4.05999999999995,TRUE,"",0.2,114,910114,920114,930114
"DGMM",NA,8.16114439717555e-05,0.485,0.00056599982429053,0.717,-33250.6894912935,68587.5210768395,27,3.25,TRUE,"",0.3,114,910114,920114,930114
"RDMM",4.14932923436369,0.887251166232841,0.029,0.507452857499837,0.273,-32951.8481924814,67982.9307239365,125,5.07999999999993,TRUE,"",0.3,114,910114,920114,930114
"DGMM",NA,-0.000599014453888608,0.491,-0.000255916024510934,0.726,-35039.4072305283,72164.9565553091,23,2.88000000000011,TRUE,"",0.4,114,910114,920114,930114
"RDMM",3.53025885112368,0.864764662790376,0.035,0.537598213274881,0.229,-34627.1279644458,71333.4902678653,100,4.08999999999992,TRUE,"",0.4,114,910114,920114,930114
"DGMM",NA,-0.000201676850221655,0.486,-0.000258678969986863,0.726,-36770.3875468928,75626.9171880383,21,2.54999999999995,TRUE,"",0.5,114,910114,920114,930114
"RDMM",3.17906399605253,0.84256647220498,0.041,0.624642772800334,0.16,-36276.4132769157,74632.0608928051,100,3.98000000000002,TRUE,"",0.5,114,910114,920114,930114
"DGMM",NA,0.992008001521523,0.002,0.795281902048748,0.084,-27081.7104443486,56249.5629829498,28,3.58000000000015,TRUE,"",0,115,910115,920115,930115
"RDMM",199.999950933463,0.995999996912225,0.001,0.842297285614478,0.063,-26989.4013609548,56058.0370608832,184,7.52999999999997,TRUE,"",0,115,910115,920115,930115
"DGMM",NA,0.838896033340262,0.042,0.65803059181637,0.147,-30805.6159569247,63697.3740081019,28,3.44000000000005,TRUE,"",0.1,115,910115,920115,930115
"RDMM",8.61828495526747,0.940840790905302,0.015,0.770975227591828,0.094,-29155.6539645244,60390.5422680225,105,4.16999999999985,TRUE,"",0.1,115,910115,920115,930115
"DGMM",NA,0.887251383838068,0.029,0.548554558721379,0.21,-33974.0476578719,70034.2374099965,27,3.32000000000016,TRUE,"",0.2,115,910115,920115,930115
"RDMM",5.24549826445283,0.921521464620709,0.02,0.763542297592876,0.098,-31044.9378436707,64169.110026315,140,5.6099999999999,TRUE,"",0.2,115,910115,920115,930115
"DGMM",NA,0.732471362600018,0.072,0.249018847437065,0.533,-37021.5834656664,76129.3090255854,15,1.80999999999995,TRUE,"",0.3,115,910115,920115,930115
"RDMM",3.76919276284938,0.89860255541931,0.026,0.704993446629936,0.124,-33096.3552798258,68271.9448986252,124,4.97000000000003,TRUE,"",0.3,115,910115,920115,930115
"DGMM",NA,0.538294837236815,0.133,0.228184629328018,0.514,-38428.6999670959,78943.5420284443,14,1.69000000000005,TRUE,"",0.4,115,910115,920115,930115
"RDMM",3.33509114321905,0.849933818091378,0.039,0.46907869813287,0.287,-34698.7688946143,71476.7721282023,120,4.82999999999993,TRUE,"",0.4,115,910115,920115,930115
"DGMM",NA,0.0031348819262143,0.468,0.0059734014435346,0.696,-37128.5259784654,76343.1940511835,23,2.73000000000002,TRUE,"",0.5,115,910115,920115,930115
"RDMM",3.02284363639186,0.817032884532818,0.048,0.643322224184705,0.153,-36267.7419654003,74614.7182697742,108,4.36000000000013,TRUE,"",0.5,115,910115,920115,930115
"DGMM",NA,0.992008002213415,0.002,0.676514262403418,0.145,-27299.9989092881,56686.1399128289,13,1.68999999999983,TRUE,"",0,116,910116,920116,930116
"RDMM",199.999954823984,0.984048039360728,0.004,0.825562132179659,0.07,-27068.5736070011,56216.3815529759,221,8.8900000000001,TRUE,"",0,116,910116,920116,930116
"DGMM",NA,0.933089066233732,0.017,0.62280043520845,0.168,-31658.5614109414,65403.2649161354,14,1.68000000000006,TRUE,"",0.1,116,910116,920116,930116
"RDMM",8.1612195930993,0.948624593831534,0.013,0.791420396365115,0.084,-29336.747260538,60752.7288600497,100,4.22000000000003,TRUE,"",0.1,116,910116,920116,930116
"DGMM",NA,-0.000619594864759269,0.498,-0.000200785873626604,0.727,-31771.7072347853,65629.5565638231,24,2.90999999999985,TRUE,"",0.2,116,910116,920116,930116
"RDMM",4.88616497029548,0.940840805382349,0.015,0.770269987784116,0.093,-31315.3314322464,64709.8972034664,157,6.40000000000009,TRUE,"",0.2,116,910116,920116,930116
"DGMM",NA,0.649287606613852,0.097,0.330315213986156,0.366,-37524.0389409791,77134.2199762109,6,0.809999999999945,TRUE,"",0.3,116,910116,920116,930116
"RDMM",3.72273095594346,0.887251183672525,0.029,0.687756046792959,0.131,-33168.2302424031,68415.6948237799,100,4.01999999999998,TRUE,"",0.3,116,910116,920116,930116
"DGMM",NA,0.000530264093718243,0.481,-0.000361701674899617,0.722,-35365.6166316256,72817.3753575037,23,2.77999999999997,TRUE,"",0.4,116,910116,920116,930116
"RDMM",3.2664166651898,0.85733324782257,0.037,0.63986401193839,0.153,-34817.1811114275,71713.5965618286,125,5.0300000000002,TRUE,"",0.4,116,910116,920116,930116
"DGMM",NA,-7.48020408572313e-05,0.485,-0.000751273533823963,0.729,-37071.2658859044,76228.6738660615,34,4.04999999999995,TRUE,"",0.5,116,910116,920116,930116
"RDMM",3.00048925155813,0.831575483852824,0.044,0.619005598455693,0.164,-36411.6479836017,74902.5303061769,112,4.51999999999998,TRUE,"",0.5,116,910116,920116,930116
"DGMM",NA,0.984048032571522,0.004,0.787115718529088,0.087,-27301.5838844232,56689.3098630989,16,1.93000000000006,TRUE,"",0,117,910117,920117,930117
"RDMM",199.999950486603,0.988024013396847,0.003,0.837456384458143,0.065,-27144.0587499666,56367.3518389068,170,6.79999999999995,TRUE,"",0,117,910117,920117,930117
"DGMM",NA,0.940840782744888,0.015,0.493073076051815,0.263,-32127.9743798733,66342.0908539991,28,3.33999999999992,TRUE,"",0.1,117,910117,920117,930117
"RDMM",7.48048345424148,0.936960899800715,0.016,0.785953962759864,0.087,-29656.907101614,61393.0485422016,119,4.77999999999997,TRUE,"",0.1,117,910117,920117,930117
"DGMM",NA,0.00102866279298288,0.48,-0.00015724923185765,0.733,-31775.2719255728,65636.6859453982,29,3.45000000000005,TRUE,"",0.2,117,910117,920117,930117
"RDMM",4.75922461859672,0.891026935054726,0.028,0.510909401479454,0.31,-31569.5030309609,65218.2404008955,125,5.05000000000018,TRUE,"",0.2,117,910117,920117,930117
"DGMM",NA,0.00193145058415002,0.474,0.00037141545923876,0.723,-33405.038192957,68896.2184801666,42,5.05999999999995,TRUE,"",0.3,117,910117,920117,930117
"RDMM",3.78981997239791,0.861044943112841,0.036,0.654544958134791,0.148,-33229.4933800974,68538.2210991683,102,4.17000000000007,TRUE,"",0.3,117,910117,920117,930117
"DGMM",NA,0.586351606956211,0.117,0.292536197117559,0.4,-39437.0714968933,80960.2850880392,6,0.789999999999964,TRUE,"",0.4,117,910117,920117,930117
"RDMM",3.17973655354132,0.84993381497337,0.039,0.651294706570359,0.148,-34781.5132060651,71642.2607511038,100,4.07999999999993,TRUE,"",0.4,117,910117,920117,930117
"DGMM",NA,-0.000710858487011229,0.492,-0.000931422970162199,0.73,-37345.0628341075,76776.2677624676,31,3.66000000000008,TRUE,"",0.5,117,910117,920117,930117
"RDMM",2.88936395952359,0.788332394106973,0.056,0.586722114439044,0.182,-36560.6661138837,75200.566566741,100,4.04999999999995,TRUE,"",0.5,117,910117,920117,930117
"DGMM",NA,1,0,0.749480363731381,0.106,-27297.1282228089,56680.3985398703,12,1.55999999999995,TRUE,"",0,118,910118,920118,930118
"RDMM",199.999948853027,1,0,0.849140328265405,0.06,-27070.7296925815,56220.6937241366,243,9.70000000000005,TRUE,"",0,118,910118,920118,930118
"DGMM",NA,0.960360353719972,0.01,0.748800647902158,0.104,-30814.2023138431,63714.5467219387,14,1.77999999999997,TRUE,"",0.1,118,910118,920118,930118
"RDMM",8.82649132565031,0.964288280459486,0.009,0.793374722601039,0.084,-29141.9289542271,60363.0922474278,100,4.16000000000008,TRUE,"",0.1,118,910118,920118,930118
"DGMM",NA,0.913849806910841,0.022,0.652671351349032,0.151,-34060.0859434727,70206.313981198,16,1.94000000000005,TRUE,"",0.2,118,910118,920118,930118
"RDMM",5.24487257984295,0.940840827871836,0.015,0.756951775216349,0.1,-31132.8525953016,64344.9395295768,100,4.02999999999997,TRUE,"",0.2,118,910118,920118,930118
"DGMM",NA,-0.000539456440891496,0.491,0.00049896524906867,0.727,-33573.0924186697,69232.326931592,40,4.73000000000002,TRUE,"",0.3,118,910118,920118,930118
"RDMM",4.05081923373794,0.891026976318589,0.028,0.49837214468838,0.28,-33156.5960638621,68392.4264666978,118,4.8599999999999,TRUE,"",0.3,118,910118,920118,930118
"DGMM",NA,9.42822587484681e-05,0.484,0.00207747657824666,0.719,-35407.6921116444,72901.5263175415,31,3.69000000000005,TRUE,"",0.4,118,910118,920118,930118
"RDMM",3.43955054020531,0.857333289075248,0.037,0.661232744522057,0.144,-34657.944147564,71395.1226341017,100,4.00999999999999,TRUE,"",0.4,118,910118,920118,930118
"DGMM",NA,0.000624640044099339,0.48,0.001508572190861,0.724,-37182.8230127508,76451.7881197542,53,6.42000000000007,TRUE,"",0.5,118,910118,920118,930118
"RDMM",3.17218334352864,0.849933876207554,0.039,0.63668399227703,0.156,-36186.1564716673,74451.5472823082,100,4.18000000000006,TRUE,"",0.5,118,910118,920118,930118
"DGMM",NA,0.992008000319167,0.002,0.659050070688821,0.152,-27329.4956796926,56745.1334536377,16,2.04999999999995,TRUE,"",0,119,910119,920119,930119
"RDMM",199.999951240631,0.992008000319167,0.002,0.809798514593776,0.077,-27137.9098343023,56355.0540075781,134,5.37999999999988,TRUE,"",0,119,910119,920119,930119
"DGMM",NA,0.820657824934262,0.047,0.516952940427804,0.219,-30893.9110553818,63873.9642050162,16,2,TRUE,"",0.1,119,910119,920119,930119
"RDMM",8.36571604790777,0.952528484325076,0.012,0.757845234483592,0.099,-29279.011710231,60637.2577594356,100,4.05000000000018,TRUE,"",0.1,119,910119,920119,930119
"DGMM",NA,0.000591131882829951,0.483,0.209441274912515,0.52,-31472.2618542476,65030.6658027479,23,2.75999999999999,TRUE,"",0.2,119,910119,920119,930119
"RDMM",5.23097968351124,0.921521448445639,0.02,0.586687933539246,0.194,-31110.6749295691,64300.5841981118,146,5.84999999999991,TRUE,"",0.2,119,910119,920119,930119
"DGMM",NA,0.000534757504149085,0.482,0.000268903637958996,0.734,-33200.751955101,68487.6460044546,26,3.17000000000007,TRUE,"",0.3,119,910119,920119,930119
"RDMM",3.91391959348289,0.875971852648563,0.032,0.652489859454282,0.148,-32864.7301950345,67808.6947290427,100,3.95000000000005,TRUE,"",0.3,119,910119,920119,930119
"DGMM",NA,0.000542336717901877,0.481,0.00276345244007047,0.726,-34973.6919998895,72033.5260940316,20,2.38999999999987,TRUE,"",0.4,119,910119,920119,930119
"RDMM",3.41633888498613,0.827927764377397,0.045,0.445904265311071,0.328,-34495.674230444,71070.5827998615,148,5.92000000000007,TRUE,"",0.4,119,910119,920119,930119
"DGMM",NA,-0.000836071979459132,0.494,0.00220906470924193,0.721,-36733.3182760214,75552.7786462954,67,7.94000000000005,TRUE,"",0.5,119,910119,920119,930119
"RDMM",3.11337965235109,0.82428827131575,0.046,0.606552423462721,0.169,-36137.1663175491,74353.5669740718,141,5.75999999999999,TRUE,"",0.5,119,910119,920119,930119
"DGMM",NA,0.992008003575289,0.002,0.730244350444579,0.114,-27515.7328277989,57117.6077498503,21,2.75,TRUE,"",0,120,910120,920120,930120
"RDMM",199.999914342317,0.992008003575289,0.002,0.837551060169528,0.065,-27380.1175747039,56839.4694883814,142,5.73000000000002,TRUE,"",0,120,910120,920120,930120
"DGMM",NA,0.956440429919113,0.011,0.724918398327818,0.115,-31874.1814039526,65834.5049021579,19,2.38999999999987,TRUE,"",0.1,120,910120,920120,930120
"RDMM",8.40395204855406,0.952528513523368,0.012,0.78143866721536,0.089,-29594.7631555766,61268.7606501268,106,4.26999999999998,TRUE,"",0.1,120,910120,920120,930120
"DGMM",NA,0.875971932768206,0.032,0.594153682282981,0.18,-34467.1120922051,71020.3662786627,17,2.05000000000018,TRUE,"",0.2,120,910120,920120,930120
"RDMM",5.38027374968891,0.921521508884453,0.02,0.762112896186655,0.097,-31387.8203647253,64854.8750684242,100,4.07999999999993,TRUE,"",0.2,120,910120,920120,930120
"DGMM",NA,0.760144068328596,0.064,0.496672845058665,0.234,-37088.6989298293,76263.5399539111,6,0.779999999999973,TRUE,"",0.3,120,910120,920120,930120
"RDMM",4.06221086901675,0.894810747763092,0.027,0.719111811937799,0.116,-33137.5248538425,68354.2840466586,100,3.98000000000002,TRUE,"",0.3,120,910120,920120,930120
"DGMM",NA,-0.000648812498843512,0.492,0.000216774840584282,0.727,-35456.7323855822,72999.606865417,33,3.94000000000005,TRUE,"",0.4,120,910120,920120,930120
"RDMM",3.39890871735703,0.864764712743406,0.035,0.639079850311594,0.156,-34900.5556309465,71880.3456008667,102,4.15999999999985,TRUE,"",0.4,120,910120,920120,930120
"DGMM",NA,-0.000775108311320412,0.493,-0.000219275210926161,0.721,-37225.1960501413,76536.5341945352,22,2.72000000000003,TRUE,"",0.5,120,910120,920120,930120
"RDMM",3.13167078466755,0.817033036306635,0.048,0.442660016519643,0.321,-36596.510352957,75272.2550448876,105,4.16000000000008,TRUE,"",0.5,120,910120,920120,930120
"DGMM",NA,0.992008002831505,0.002,0.846467395078332,0.061,-27140.6467664451,56367.4356271428,43,5.1099999999999,TRUE,"",0,121,910121,920121,930121
"RDMM",199.999928839395,0.995999997241588,0.001,0.870337353989646,0.051,-27104.7148646566,56288.6640682868,154,6.17000000000007,TRUE,"",0,121,910121,920121,930121
"DGMM",NA,0.944728692928908,0.014,0.751450136675524,0.102,-30870.7219882315,63827.5860707156,14,2.19000000000005,TRUE,"",0.1,121,910121,920121,930121
"RDMM",8.72647526010857,0.968224211015188,0.008,0.82194514694346,0.071,-29143.3743958907,60365.983130755,107,4.3599999999999,TRUE,"",0.1,121,910121,920121,930121
"DGMM",NA,0.574155628946793,0.121,0.328848616128086,0.355,-33056.6739821968,68199.4900586462,25,3.20000000000005,TRUE,"",0.2,121,910121,920121,930121
"RDMM",5.59612163093817,0.921521470690133,0.02,0.783536103106501,0.087,-30862.4826596112,63804.1996581959,100,4,TRUE,"",0.2,121,910121,920121,930121
"DGMM",NA,-0.000793003032527988,0.499,0.24217650603137,0.52,-33294.7580993435,68675.6582929395,21,2.60000000000014,TRUE,"",0.3,121,910121,920121,930121
"RDMM",4.06443790109505,0.891026939588354,0.028,0.729232183372714,0.111,-32727.8626637363,67534.9596664462,135,5.48000000000002,TRUE,"",0.3,121,910121,920121,930121
"DGMM",NA,0.000255143636157318,0.483,0.000334308031862246,0.738,-35044.2160253996,72174.5741450517,18,2.2199999999998,TRUE,"",0.4,121,910121,920121,930121
"RDMM",3.46918191913095,0.835231151587531,0.043,0.433066982571924,0.331,-34600.0780063394,71279.3903516524,100,4.0300000000002,TRUE,"",0.4,121,910121,920121,930121
"DGMM",NA,-0.000862682024900912,0.495,0.000237521293403666,0.73,-36639.0929435441,75364.3279813408,20,2.4699999999998,TRUE,"",0.5,121,910121,920121,930121
"RDMM",3.22901353175432,0.831575483852824,0.044,0.633037441834601,0.157,-35995.6297357892,74070.4938105521,106,4.2800000000002,TRUE,"",0.5,121,910121,920121,930121
"DGMM",NA,0.992008005970772,0.002,0.76630312399377,0.097,-27266.5850402266,56619.3121747058,28,3.41999999999985,TRUE,"",0,122,910122,920122,930122
"RDMM",199.999949450393,0.992008005970772,0.002,0.85823814597084,0.056,-27143.0494510813,56365.3332411362,122,4.90000000000009,TRUE,"",0,122,910122,920122,930122
"DGMM",NA,0.925369455336492,0.019,0.733070874851504,0.109,-31065.6336690009,64217.4094322543,19,2.23000000000002,TRUE,"",0.1,122,910122,920122,930122
"RDMM",8.5657423195609,0.960360355212772,0.01,0.821698594725035,0.071,-29262.6904061077,60604.6151511891,100,4.02999999999997,TRUE,"",0.1,122,910122,920122,930122
"DGMM",NA,0.639646133801966,0.1,0.471240220902252,0.243,-32973.1928374937,68032.5277692401,25,3.07999999999993,TRUE,"",0.2,122,910122,920122,930122
"RDMM",5.59884360744424,0.940840829317262,0.015,0.778463078190842,0.09,-30943.9486836503,63967.1317062743,100,4.05000000000018,TRUE,"",0.2,122,910122,920122,930122
"DGMM",NA,0.000757481919241502,0.48,0.00059317988866237,0.717,-33329.7964368587,68745.7349679701,26,3.12999999999988,TRUE,"",0.3,122,910122,920122,930122
"RDMM",4.18255696612567,0.921521522653875,0.02,0.743982593528579,0.105,-32769.4728558714,67618.1800507165,100,4.00999999999999,TRUE,"",0.3,122,910122,920122,930122
"DGMM",NA,0.0034272085233571,0.467,0.00123999197653967,0.716,-35053.8410314973,72193.8241572472,37,4.44000000000005,TRUE,"",0.4,122,910122,920122,930122
"RDMM",3.6069561594017,0.86476472281206,0.035,0.69627808566869,0.126,-34444.7332029019,70968.7007447775,129,5.41000000000008,TRUE,"",0.4,122,910122,920122,930122
"DGMM",NA,0.000312658296849713,0.482,-0.000488529961044694,0.727,-36651.8706164717,75389.8833271961,25,2.94999999999982,TRUE,"",0.5,122,910122,920122,930122
"RDMM",3.2745757374433,0.846246155288151,0.04,0.644111617712337,0.15,-35987.2028254095,74053.6399897926,100,4.03999999999996,TRUE,"",0.5,122,910122,920122,930122
"DGMM",NA,1,0,0.821505484793984,0.072,-27136.2110343995,56358.5641630516,12,1.48000000000002,TRUE,"",0,123,910123,920123,930123
"RDMM",199.999948267926,1,0,0.87834426886233,0.048,-26914.6076325379,55908.4496040495,140,5.79999999999995,TRUE,"",0,123,910123,920123,930123
"DGMM",NA,0.960360328553965,0.01,0.620176683413383,0.173,-30846.5134842025,63779.1690626576,16,1.95000000000005,TRUE,"",0.1,123,910123,920123,930123
"RDMM",8.50242380630428,0.956440407594271,0.011,0.831881038669511,0.067,-28971.7961321263,60022.8266032263,142,5.6099999999999,TRUE,"",0.1,123,910123,920123,930123
"DGMM",NA,0.589432453137677,0.116,0.279715666659759,0.524,-33046.7441211136,68179.6303364797,24,2.85000000000014,TRUE,"",0.2,123,910123,920123,930123
"RDMM",5.3794726196562,0.929225170260895,0.018,0.654030291237258,0.154,-30930.7357957697,63940.7059305131,100,4.03999999999996,TRUE,"",0.2,123,910123,920123,930123
"DGMM",NA,-0.000535899225955266,0.492,0.000221679534056166,0.733,-33032.8570514197,68151.856197092,23,2.75999999999999,TRUE,"",0.3,123,910123,920123,930123
"RDMM",4.14512302053372,0.875971882045463,0.032,0.528580722319218,0.264,-32608.7483561765,67296.7310513266,126,5.01999999999998,TRUE,"",0.3,123,910123,920123,930123
"DGMM",NA,-0.000765556468861165,0.494,0.00122882697817673,0.728,-34708.8043630463,71503.7508203452,29,3.5,TRUE,"",0.4,123,910123,920123,930123
"RDMM",3.55035439880407,0.835231100615522,0.043,0.495536902438545,0.294,-34286.9249409768,70653.0842209272,103,4.1400000000001,TRUE,"",0.4,123,910123,920123,930123
"DGMM",NA,0.791891941517482,0.055,0.476263622293885,0.247,-39544.6025044772,81175.347103207,6,0.789999999999964,TRUE,"",0.5,123,910123,920123,930123
"RDMM",3.1294547186225,0.838894769779213,0.042,0.67439372208661,0.137,-35913.0541899066,73905.3427187868,110,4.41999999999985,TRUE,"",0.5,123,910123,920123,930123
"DGMM",NA,0.995999989755495,0.001,0.719311308283355,0.122,-27269.8391090811,56625.8203124149,18,2.14999999999986,TRUE,"",0,124,910124,920124,930124
"RDMM",199.999949542156,0.995999989755495,0.001,0.829351242674992,0.068,-27108.6526950612,56296.5397290961,124,5.11000000000013,TRUE,"",0,124,910124,920124,930124
"DGMM",NA,0.781236080818124,0.058,0.553902515255387,0.199,-31353.2946363856,64792.7313670238,15,1.64999999999986,TRUE,"",0.1,124,910124,920124,930124
"RDMM",7.27955016346409,0.944728726463827,0.014,0.756336173311044,0.099,-29494.2307043812,61067.6957477361,100,3.47000000000003,TRUE,"",0.1,124,910124,920124,930124
"DGMM",NA,0.633219565201832,0.102,0.278371357250633,0.502,-34035.9155981955,70157.9732906435,20,1.97000000000003,TRUE,"",0.2,124,910124,920124,930124
"RDMM",4.68071161678211,0.906210162809363,0.024,0.72633281085325,0.112,-31340.9919645438,64761.2182680612,147,4.91000000000008,TRUE,"",0.2,124,910124,920124,930124
"DGMM",NA,0.791891051896622,0.055,0.347205378419148,0.374,-37076.255860363,76238.6538149787,10,1.02999999999997,TRUE,"",0.3,124,910124,920124,930124
"RDMM",3.72686221554515,0.846246470964045,0.04,0.460537393526104,0.297,-33195.0442106461,68469.3227602658,100,3.3599999999999,TRUE,"",0.3,124,910124,920124,930124
"DGMM",NA,-0.00101309986409572,0.494,-6.30928390671966e-05,0.717,-35425.2858832806,72936.7138608138,24,2.43000000000006,TRUE,"",0.4,124,910124,920124,930124
"RDMM",3.21800965972988,0.817033265458486,0.048,0.471242759318923,0.295,-34958.8361048416,71996.9065486568,100,3.3900000000001,TRUE,"",0.4,124,910124,920124,930124
"DGMM",NA,-0.000709420754546566,0.491,-0.000908533118597403,0.726,-36990.9611600311,76068.0644143148,35,3.41999999999985,TRUE,"",0.5,124,910124,920124,930124
"RDMM",2.99138952159881,0.784780899840385,0.057,0.446031986038524,0.307,-36525.4405290964,75130.1153971665,100,3.34000000000015,TRUE,"",0.5,124,910124,920124,930124
"DGMM",NA,1,0,0.853400280332401,0.058,-27028.8462115359,56143.8345173243,19,1.91999999999985,TRUE,"",0,125,910125,920125,930125
"RDMM",199.999951341496,1,0,0.868144392172383,0.052,-26995.4446718627,56070.123682699,100,3.36000000000013,TRUE,"",0,125,910125,920125,930125
"DGMM",NA,0.784780155048039,0.057,0.41902408884524,0.3,-31358.7877771226,64803.7176484977,12,1.22000000000003,TRUE,"",0.1,125,910125,920125,930125
"RDMM",8.27656348887443,0.968224225833516,0.008,0.813309929484183,0.075,-29166.699662302,60412.6336635776,154,5.18999999999983,TRUE,"",0.1,125,910125,920125,930125
"DGMM",NA,0.639637018978675,0.1,0.288063021348921,0.501,-33411.8722661116,68909.8866264757,17,1.70000000000005,TRUE,"",0.2,125,910125,920125,930125
"RDMM",5.42366317878633,0.936960964153588,0.016,0.773765792079001,0.092,-30918.2254606297,63915.685260233,104,3.46000000000004,TRUE,"",0.2,125,910125,920125,930125
"DGMM",NA,-0.00103289211482781,0.499,-0.00100545830557122,0.738,-33200.231794627,68486.6056835067,24,2.22000000000003,TRUE,"",0.3,125,910125,920125,930125
"RDMM",4.15068670377632,0.921521519607844,0.02,0.744939938488809,0.104,-32689.8024421477,67458.839223269,100,3.01999999999998,TRUE,"",0.3,125,910125,920125,930125
"DGMM",NA,-0.000615865467606799,0.49,-0.000933001741759205,0.733,-34910.9635815514,71908.0692573554,21,1.80999999999995,TRUE,"",0.4,125,910125,920125,930125
"RDMM",3.58578860476561,0.872228236696492,0.033,0.695055995024971,0.126,-34347.191762253,70773.6178634797,100,2.70000000000005,TRUE,"",0.4,125,910125,920125,930125
"DGMM",NA,0.00170069286379174,0.474,0.00011356522123904,0.731,-36475.6915999141,75037.5252940809,24,1.91000000000008,TRUE,"",0.5,125,910125,920125,930125
"RDMM",3.39779889738976,0.84256655180128,0.041,0.661267791950587,0.142,-35837.1679294488,73753.5701978712,106,2.98000000000002,TRUE,"",0.5,125,910125,920125,930125
"DGMM",NA,0.988024018523238,0.003,0.655356159474352,0.152,-27640.0415382579,57366.2251707685,12,0.92,TRUE,"",0,126,910126,920126,930126
"RDMM",199.999949742829,0.992008005125127,0.002,0.657927842653598,0.155,-27529.1833764809,57137.6010919354,100,3.18,TRUE,"",0,126,910126,920126,930126
"DGMM",NA,0.936960911540386,0.016,0.46400136147196,0.489,-32241.8799116129,66569.9019174783,40,4.8,TRUE,"",0.1,126,910126,920126,930126
"RDMM",7.30507190351852,0.944728685397834,0.014,0.785554466360988,0.087,-29792.6682352867,61664.5708095471,100,4.11,TRUE,"",0.1,126,910126,920126,930126
"DGMM",NA,0.846245804765705,0.04,0.389311913751824,0.322,-35348.1677346478,72782.4775635483,20,2.36,TRUE,"",0.2,126,910126,920126,930126
"RDMM",4.78632447005793,0.92152149321267,0.02,0.746458264112704,0.104,-31649.3458124731,65377.9259639198,100,4.22,TRUE,"",0.2,126,910126,920126,930126
"DGMM",NA,-0.000564737547410028,0.488,7.29684761416835e-05,0.738,-33896.5006457658,69879.1433857841,23,2.73,TRUE,"",0.3,126,910126,920126,930126
"RDMM",3.7585708782601,0.879723668478618,0.031,0.706572719032245,0.122,-33433.9958531931,68947.2260453599,216,8.55,TRUE,"",0.3,126,910126,920126,930126
"DGMM",NA,0.000879065667891767,0.478,0.000979877125384046,0.732,-35538.637314591,73163.4167234346,25,3.05,TRUE,"",0.4,126,910126,920126,930126
"RDMM",3.24372677229552,0.857333319952985,0.037,0.664676122191989,0.142,-35005.3590483223,72089.9524356182,187,7.42,TRUE,"",0.4,126,910126,920126,930126
"DGMM",NA,0.00148555970416278,0.475,0.00312540600569614,0.722,-37355.0125595656,76796.1672133838,28,3.35,TRUE,"",0.5,126,910126,920126,930126
"RDMM",2.9726684554193,0.802618547418968,0.052,0.612853346954927,0.167,-36737.971505436,75555.1773498455,101,4.18,TRUE,"",0.5,126,910126,920126,930126
"DGMM",NA,0.992008000128128,0.002,0.654868625854762,0.155,-27482.74559731,57051.6332888725,16,1.9,TRUE,"",0,127,910127,920127,930127
"RDMM",199.999948657392,0.992008000128128,0.002,0.653468522256032,0.177,-27377.6913692533,56834.6170774803,111,4.55,TRUE,"",0,127,910127,920127,930127
"DGMM",NA,0.940840800769119,0.015,0.650976466341057,0.156,-31200.6480364111,64487.4381670748,21,2.51,TRUE,"",0.1,127,910127,920127,930127
"RDMM",8.42434184497976,0.940840781800237,0.015,0.838201865502988,0.064,-29293.4224347308,60666.0792084353,114,4.53,TRUE,"",0.1,127,910127,920127,930127
"DGMM",NA,3.24500712387168e-05,0.488,0.0887145443808164,0.606,-31642.5732929264,65371.2886801053,30,3.60999999999999,TRUE,"",0.2,127,910127,920127,930127
"RDMM",5.23663896242277,0.917681602167798,0.021,0.788844871604307,0.085,-31116.692981858,64312.6203026896,251,9.97999999999999,TRUE,"",0.2,127,910127,920127,930127
"DGMM",NA,0.0013804762361726,0.477,-9.79394685982787e-05,0.732,-33425.3944140424,68936.9309223373,27,3.41000000000001,TRUE,"",0.3,127,910127,920127,930127
"RDMM",3.91372939504849,0.902402314388546,0.025,0.746704417207959,0.103,-33040.4404082656,68160.1151555048,113,4.55,TRUE,"",0.3,127,910127,920127,930127
"DGMM",NA,0.00402515723270432,0.465,0.214162955836677,0.56,-35293.2555132179,72672.6531206885,21,2.59999999999999,TRUE,"",0.4,127,910127,920127,930127
"RDMM",3.45216985095047,0.835231098491688,0.043,0.484776178892562,0.258,-34735.4552463806,71550.1448317347,181,7.16999999999999,TRUE,"",0.4,127,910127,920127,930127
"DGMM",NA,0.00339750982367218,0.467,0.000808029909787186,0.725,-37034.9005436718,76155.9431815961,18,2.11999999999999,TRUE,"",0.5,127,910127,920127,930127
"RDMM",3.07841817198422,0.791891824329786,0.055,0.438379915226169,0.344,-36474.7589958667,75028.752330707,142,5.71000000000001,TRUE,"",0.5,127,910127,920127,930127
"DGMM",NA,0.995999996383551,0.001,0.846981422357287,0.061,-26966.8089947659,56019.7600837845,18,2.16999999999999,TRUE,"",0,128,910128,920128,930128
"RDMM",199.999950457191,0.995999996383551,0.001,0.86096407103555,0.055,-26938.8456521134,55956.9256432004,100,4.08000000000001,TRUE,"",0,128,910128,920128,930128
"DGMM",NA,0.000580099996019249,0.485,-3.71351726751035e-05,0.724,-29708.259673882,61502.6614420166,19,2.3,TRUE,"",0.1,128,910128,920128,930128
"RDMM",7.57472368574958,0.964288258760505,0.009,0.788148666155889,0.086,-29228.7950409371,60536.8244208479,152,6.11,TRUE,"",0.1,128,910128,920128,930128
"DGMM",NA,-0.000498885215628125,0.496,0.000578748174287908,0.727,-31547.3389439335,65180.8199821196,26,3.08000000000001,TRUE,"",0.2,128,910128,920128,930128
"RDMM",4.93985685094231,0.921521482406232,0.02,0.607708480637915,0.183,-31062.793657217,64204.8216534076,156,6.23999999999999,TRUE,"",0.2,128,910128,920128,930128
"DGMM",NA,0.715434604536568,0.077,0.394741552769584,0.311,-37576.8799926564,77239.9020795654,6,0.789999999999992,TRUE,"",0.3,128,910128,920128,930128
"RDMM",3.73571739696255,0.902402332263586,0.025,0.583990285072097,0.189,-32919.0096234934,67917.2535859605,100,4.11,TRUE,"",0.3,128,910128,920128,930128
"DGMM",NA,-0.000101533121032879,0.486,0.000310614299641488,0.723,-35565.5782782314,73217.2986507154,44,5.18000000000001,TRUE,"",0.4,128,910128,920128,930128
"RDMM",3.12106009632085,0.864764636226797,0.035,0.459106619037643,0.307,-34864.9737427618,71809.1818244972,167,6.78,TRUE,"",0.4,128,910128,920128,930128
"DGMM",NA,-0.000713693035062276,0.492,-0.00118119930140807,0.734,-37251.1489705801,76588.4400354128,30,3.63,TRUE,"",0.5,128,910128,920128,930128
"RDMM",2.89264449021075,0.831575444775644,0.044,0.490110013740303,0.247,-36512.9133432595,75105.0610254926,126,5.06999999999999,TRUE,"",0.5,128,910128,920128,930128
"DGMM",NA,0.995999999473251,0.001,0.789458502434165,0.086,-26951.9831469297,55990.1083881121,17,2.03,TRUE,"",0,129,910129,920129,930129
"RDMM",199.9999524135,1,0,0.840606254810994,0.064,-26915.1578423702,55909.550023714,107,4.24000000000001,TRUE,"",0,129,910129,920129,930129
"DGMM",NA,0.817031652803339,0.048,0.403379817966215,0.318,-31191.4141236162,64468.9703414851,16,1.97,TRUE,"",0.1,129,910129,920129,930129
"RDMM",8.09876402748507,0.944728731187689,0.014,0.526778148267059,0.292,-29201.7478870346,60482.7301130427,143,5.70000000000002,TRUE,"",0.1,129,910129,920129,930129
"DGMM",NA,-0.000937101009409538,0.492,-0.000439846612220492,0.728,-31425.5091684212,64937.160431095,25,2.94,TRUE,"",0.2,129,910129,920129,930129
"RDMM",5.00954308420523,0.913849820567796,0.022,0.731791250197858,0.112,-31071.6285725309,64222.4914840355,215,8.88999999999999,TRUE,"",0.2,129,910129,920129,930129
"DGMM",NA,-0.000636445983115556,0.489,-0.000109461645448015,0.722,-33322.8599232324,68731.8619407173,29,3.52000000000001,TRUE,"",0.3,129,910129,920129,930129
"RDMM",3.96953687731404,0.872228022224159,0.033,0.480652605290215,0.267,-32898.48874374,67876.2118264536,113,4.50999999999999,TRUE,"",0.3,129,910129,920129,930129
"DGMM",NA,-0.000482307516938673,0.488,-0.000307601834314221,0.726,-35171.7448065659,72429.6317073844,34,4.11000000000001,TRUE,"",0.4,129,910129,920129,930129
"RDMM",3.39616612222733,0.838894530503745,0.042,0.432794311677425,0.327,-34636.1886138358,71351.6115666451,115,4.58000000000001,TRUE,"",0.4,129,910129,920129,930129
"DGMM",NA,0.000578335206634942,0.48,-0.000512168640181723,0.733,-36889.0637008944,75864.2694960415,33,3.97,TRUE,"",0.5,129,910129,920129,930129
"RDMM",3.11140679028689,0.824287938388527,0.046,0.58950268241822,0.183,-36058.9751820335,74197.1847030406,147,6.06,TRUE,"",0.5,129,910129,920129,930129
"DGMM",NA,0.995999996383551,0.001,0.816750238281138,0.074,-27259.3600114731,56604.8621171988,20,2.41,TRUE,"",0,130,910130,920130,930130
"RDMM",199.999953024143,0.995999996383551,0.001,0.828852612227904,0.069,-27229.0558306794,56537.3460003324,100,4,TRUE,"",0,130,910130,920130,930130
"DGMM",NA,0.940840791925828,0.015,0.477151688740825,0.279,-31808.2820935789,65702.7062814105,13,1.59,TRUE,"",0.1,130,910130,920130,930130
"RDMM",8.15839228099017,0.956440398364875,0.011,0.780655318352976,0.089,-29406.0816645758,60891.3976681252,132,5.31,TRUE,"",0.1,130,910130,920130,930130
"DGMM",NA,-0.000209632339646395,0.491,0.000163818989129699,0.729,-31751.6784274312,65589.4989491151,25,3.01999999999998,TRUE,"",0.2,130,910130,920130,930130
"RDMM",5.08416128352381,0.90240230963814,0.025,0.70770143376316,0.121,-31318.9863716196,64717.2070822128,100,4.03,TRUE,"",0.2,130,910130,920130,930130
"DGMM",NA,-0.000620027341187665,0.495,0.000214740746076781,0.733,-33527.5441482109,69141.2303906743,22,2.64000000000001,TRUE,"",0.3,130,910130,920130,930130
"RDMM",3.94448626713431,0.838894754840015,0.042,0.457508697270257,0.32,-33059.1307309557,68197.4958008851,100,4.06,TRUE,"",0.3,130,910130,920130,930130
"DGMM",NA,0.767143178231224,0.062,0.293971390537075,0.444,-38364.9028179932,78815.9477302391,12,1.45000000000002,TRUE,"",0.4,130,910130,920130,930130
"RDMM",3.46063391313942,0.817033015359687,0.048,0.477636621278691,0.28,-34519.5316075589,71118.2975540915,143,5.78,TRUE,"",0.4,130,910130,920130,930130
"DGMM",NA,0.636441038838948,0.101,0.277253659156044,0.476,-39895.0688146823,81876.2797236171,7,0.900000000000006,TRUE,"",0.5,130,910130,920130,930130
"RDMM",3.19038985899146,0.774173977855075,0.06,0.502108460553518,0.228,-36152.88336985,74385.0010786736,219,8.77000000000001,TRUE,"",0.5,130,910130,920130,930130
"DGMM",NA,0.992008002213415,0.002,0.764666852153495,0.098,-27363.1965668173,56812.5352278872,16,2.03,TRUE,"",0,131,910131,920131,930131
"RDMM",199.99994909662,0.995999996912225,0.001,0.833116789338532,0.067,-27209.490680582,56498.2157001376,141,5.63999999999999,TRUE,"",0,131,910131,920131,930131
"DGMM",NA,0.802620753872284,0.052,0.375634327390187,0.338,-31865.6761832202,65817.4944606931,16,1.91000000000003,TRUE,"",0.1,131,910131,920131,930131
"RDMM",7.39152922581264,0.948624584965727,0.013,0.787259356619086,0.087,-29516.5652747322,61112.364888438,221,8.92000000000002,TRUE,"",0.1,131,910131,920131,930131
"DGMM",NA,0.617423275142803,0.107,0.306230298439445,0.527,-34018.7498951658,70123.6418845841,49,5.81,TRUE,"",0.2,131,910131,920131,930131
"RDMM",4.97895304574848,0.872228142500823,0.033,0.579745761888093,0.192,-31513.7517676056,65106.7378741849,148,5.90999999999997,TRUE,"",0.2,131,910131,920131,930131
"DGMM",NA,0.0011814726880654,0.478,0.00119011848753205,0.728,-33480.9438969934,69048.0298882394,27,3.19999999999999,TRUE,"",0.3,131,910131,920131,930131
"RDMM",3.98701167418394,0.861044924246144,0.036,0.491657352229783,0.308,-32894.7225336475,67868.6794062686,161,6.44,TRUE,"",0.3,131,910131,920131,930131
"DGMM",NA,-0.000205716481441321,0.487,0.00209709514322488,0.724,-35180.2753600698,72446.6928143922,41,4.88999999999999,TRUE,"",0.4,131,910131,920131,930131
"RDMM",3.49058366518237,0.799034879901394,0.053,0.414274340778909,0.336,-34697.6252930527,71474.484925079,117,4.80000000000001,TRUE,"",0.4,131,910131,920131,930131
"DGMM",NA,0.000805904287741692,0.479,0.00204677748859276,0.718,-37717.9498467569,77522.0417877665,22,2.80000000000001,TRUE,"",0.5,131,910131,920131,930131
"RDMM",3.11216422917535,0.777701501232315,0.059,0.383783669234353,0.346,-36196.4364002084,74472.1071393904,126,5.16000000000003,TRUE,"",0.5,131,910131,920131,930131
"DGMM",NA,1,0,0.837536176258925,0.065,-27157.0672351469,56400.2765645464,16,1.94999999999999,TRUE,"",0,132,910132,920132,930132
"RDMM",199.999949667308,1,0,0.870661394070214,0.051,-27128.0809698691,56335.3962787119,100,4.40999999999997,TRUE,"",0,132,910132,920132,930132
"DGMM",NA,0.948624583898271,0.013,0.688916428209381,0.133,-31808.4066183492,65702.955330951,25,3.17000000000002,TRUE,"",0.1,132,910132,920132,930132
"RDMM",7.95317095616428,0.972168147181522,0.007,0.814936626262203,0.074,-29381.2054939728,60841.6453269192,100,4.51999999999998,TRUE,"",0.1,132,910132,920132,930132
"DGMM",NA,0.929225206751746,0.018,0.669984530324435,0.141,-34846.3098625422,71778.7618193371,16,2.34000000000003,TRUE,"",0.2,132,910132,920132,930132
"RDMM",5.01988278239083,0.93696092012987,0.016,0.781634902012176,0.088,-31165.5062466999,64410.2468323733,100,4.19999999999999,TRUE,"",0.2,132,910132,920132,930132
"DGMM",NA,-0.0008082238694681,0.5,-0.00115088036062256,0.738,-33515.9237096858,69117.9895136242,22,2.74000000000001,TRUE,"",0.3,132,910132,920132,930132
"RDMM",3.81583784964182,0.868492390362573,0.034,0.490923454722182,0.322,-33070.5957191774,68220.4257773283,105,4.69,TRUE,"",0.3,132,910132,920132,930132
"DGMM",NA,-0.000763363735847403,0.494,-0.00122470790508527,0.741,-35215.0861284165,72516.3143510855,20,2.73000000000002,TRUE,"",0.4,132,910132,920132,930132
"RDMM",3.33446479975238,0.842566458,0.041,0.461810090927754,0.321,-34759.5659282241,71598.3661954218,134,6.19,TRUE,"",0.4,132,910132,920132,930132
"DGMM",NA,-7.59492881957704e-05,0.485,-0.000690976349348925,0.74,-36950.4133745083,75986.9688432693,21,2.70999999999998,TRUE,"",0.5,132,910132,920132,930132
"RDMM",3.04915066628018,0.777701525481111,0.059,0.431995531537686,0.345,-36405.5786336463,74890.3916062663,144,5.75,TRUE,"",0.5,132,910132,920132,930132
"DGMM",NA,0.988024016845929,0.003,0.829938045632064,0.068,-27140.9637123641,56368.0695189808,19,2.31,TRUE,"",0,133,910133,920133,930133
"RDMM",199.999952610966,0.988024016845929,0.003,0.834491311717166,0.066,-27117.1638201036,56313.5619791809,100,4.02999999999997,TRUE,"",0,133,910133,920133,930133
"DGMM",NA,0.913849842909503,0.022,0.592942642721609,0.182,-31462.7515446071,65011.6451834668,18,2.25,TRUE,"",0.1,133,910133,920133,930133
"RDMM",8.35494900025137,0.964288263661385,0.009,0.753315762467444,0.102,-29335.3335095868,60749.9013581472,181,7.23000000000002,TRUE,"",0.1,133,910133,920133,930133
"DGMM",NA,0.906210149461514,0.024,0.450180773124023,0.487,-33459.5773754984,69005.2968452493,39,4.68000000000001,TRUE,"",0.2,133,910133,920133,930133
"RDMM",5.65699577814064,0.921521478782696,0.02,0.53881797620798,0.246,-31164.2544865339,64407.7433120415,112,4.49000000000001,TRUE,"",0.2,133,910133,920133,930133
"DGMM",NA,-8.57033008088979e-07,0.486,0.000457803495576742,0.728,-33235.4702721326,68557.0826385177,27,3.28000000000003,TRUE,"",0.3,133,910133,920133,930133
"RDMM",4.3082041707758,0.898602536926373,0.026,0.510644255900692,0.276,-32864.3971740822,67808.0286871381,109,4.33999999999997,TRUE,"",0.3,133,910133,920133,930133
"DGMM",NA,-0.000886220930568748,0.499,0.000479925680658342,0.732,-34842.6451615919,71771.4324174365,27,3.25,TRUE,"",0.4,133,910133,920133,930133
"RDMM",3.72664904298551,0.879723665586203,0.031,0.665642444185691,0.141,-34222.1304497078,70523.4952383892,100,4.03000000000003,TRUE,"",0.4,133,910133,920133,930133
"DGMM",NA,-0.000711339726154027,0.492,-2.93668095641558e-05,0.732,-36703.0379436715,75492.2179815956,20,2.52999999999997,TRUE,"",0.5,133,910133,920133,930133
"RDMM",3.32942444827161,0.835231151587531,0.043,0.634825522995718,0.155,-35941.9511510742,73963.136641122,107,4.25999999999999,TRUE,"",0.5,133,910133,920133,930133
"DGMM",NA,0.992008002831505,0.002,0.731682088128462,0.114,-27253.7169428539,56593.5759799605,15,1.81,TRUE,"",0,134,910134,920134,930134
"RDMM",199.999953952033,0.995999997602502,0.001,0.823681499115376,0.071,-27060.6647509047,56200.5638407831,172,6.81,TRUE,"",0,134,910134,920134,930134
"DGMM",NA,0.917681743753874,0.021,0.54551438436582,0.231,-31368.4655877274,64823.0732697073,38,4.56999999999999,TRUE,"",0.1,134,910134,920134,930134
"RDMM",8.06722552370032,0.95644043286056,0.011,0.747493242657115,0.105,-29331.3283612262,60741.8910614261,115,4.68000000000001,TRUE,"",0.1,134,910134,920134,930134
"DGMM",NA,0.614285273837671,0.108,0.322475122172383,0.379,-33775.6602474324,69637.4625891174,13,1.55000000000001,TRUE,"",0.2,134,910134,920134,930134
"RDMM",5.08762384975052,0.93696095588247,0.016,0.755535565073367,0.1,-31204.8423527796,64488.9190445329,152,6.19,TRUE,"",0.2,134,910134,920134,930134
"DGMM",NA,-0.000417260652265674,0.49,0.00190405276631973,0.711,-33393.4904194713,68873.1229331952,32,4,TRUE,"",0.3,134,910134,920134,930134
"RDMM",3.95895656775263,0.906210202654406,0.024,0.690832858014356,0.132,-32931.8742728373,67942.9828846482,159,6.31,TRUE,"",0.3,134,910134,920134,930134
"DGMM",NA,0.000102640308079995,0.484,0.00222287286872303,0.706,-35142.5036011529,72371.1492965584,27,3.19,TRUE,"",0.4,134,910134,920134,930134
"RDMM",3.41447185061478,0.87597198755922,0.032,0.472876142807012,0.316,-34741.6417519418,71562.5178428571,112,4.61000000000001,TRUE,"",0.4,134,910134,920134,930134
"DGMM",NA,0.732469309017962,0.072,0.336243856980096,0.413,-39824.5326643388,81735.2074229303,6,0.769999999999982,TRUE,"",0.5,134,910134,920134,930134
"RDMM",3.08564139806158,0.838894807158193,0.042,0.541071329981527,0.213,-36294.6427223753,74668.5197837242,154,6.13,TRUE,"",0.5,134,910134,920134,930134
"DGMM",NA,0.992008005970772,0.002,0.808728874871287,0.078,-27173.350556437,56432.8432071266,24,2.86000000000001,TRUE,"",0,135,910135,920135,930135
"RDMM",199.999948511419,0.992008005970772,0.002,0.828813500279322,0.069,-27117.2572940479,56313.7489270693,105,4.45999999999998,TRUE,"",0,135,910135,920135,930135
"DGMM",NA,0.968224210011099,0.008,0.721190747158934,0.118,-31155.8859410131,64397.9139762787,22,2.60000000000002,TRUE,"",0.1,135,910135,920135,930135
"RDMM",8.29384174919655,0.964288277209793,0.009,0.786837169898214,0.087,-29217.5683444224,60514.3710278185,109,4.44,TRUE,"",0.1,135,910135,920135,930135
"DGMM",NA,0.00085849658457888,0.48,0.00400803450153516,0.703,-31535.4769353645,65157.0959649817,23,2.75,TRUE,"",0.2,135,910135,920135,930135
"RDMM",5.1117810819685,0.933089095364494,0.017,0.737720102067742,0.11,-31056.2362386639,64191.7068163015,100,4.03000000000003,TRUE,"",0.2,135,910135,920135,930135
"DGMM",NA,0.000585761876681259,0.481,-0.000740222081117983,0.725,-33305.6724639214,68697.4870220955,22,2.57999999999998,TRUE,"",0.3,135,910135,920135,930135
"RDMM",4.09434826084015,0.875971940356033,0.032,0.485466824204711,0.298,-32871.015151813,67821.2646425997,111,4.54000000000002,TRUE,"",0.3,135,910135,920135,930135
"DGMM",NA,0.000370159051527135,0.482,-0.000694380630051918,0.723,-35043.2527648116,72172.6476238759,21,2.5,TRUE,"",0.4,135,910135,920135,930135
"RDMM",3.54935013881471,0.835231199136018,0.043,0.461555375928436,0.308,-34511.0442572511,71101.3228534757,168,6.82999999999998,TRUE,"",0.4,135,910135,920135,930135
"DGMM",NA,0.00113729212187194,0.477,-0.000441632186326401,0.727,-36690.6717802597,75467.485654772,20,2.38999999999999,TRUE,"",0.5,135,910135,920135,930135
"RDMM",3.25312399729606,0.809809741204174,0.05,0.433191521309035,0.327,-36104.4269648719,74288.0882687175,102,4.13999999999999,TRUE,"",0.5,135,910135,920135,930135
"DGMM",NA,0.984048036482087,0.004,0.715286998570414,0.122,-27323.4250669276,56732.9922281078,12,1.5,TRUE,"",0,136,910136,920136,930136
"RDMM",199.999946357422,0.984048036482087,0.004,0.794504614010863,0.084,-27163.7486232136,56406.7315854009,171,6.83000000000004,TRUE,"",0,136,910136,920136,930136
"DGMM",NA,0.956440410401638,0.011,0.462923950521817,0.299,-31734.6836585577,65555.509411368,15,1.78999999999996,TRUE,"",0.1,136,910136,920136,930136
"RDMM",7.76686971640192,0.964288261359804,0.009,0.758846450994592,0.1,-29383.6606945841,60846.5557281418,120,4.89000000000004,TRUE,"",0.1,136,910136,920136,930136
"DGMM",NA,0.861044955042365,0.036,0.391847369286996,0.482,-34560.9898738061,71208.1218418649,13,1.57999999999998,TRUE,"",0.2,136,910136,920136,930136
"RDMM",4.98096445403946,0.933089048984395,0.017,0.719561370232349,0.118,-31254.5761041228,64588.3865472193,137,5.67000000000002,TRUE,"",0.2,136,910136,920136,930136
"DGMM",NA,0.715431235192095,0.077,0.397654605373482,0.307,-36420.7245190707,74927.591132394,7,0.879999999999995,TRUE,"",0.3,136,910136,920136,930136
"RDMM",3.961221277851,0.906210185729402,0.024,0.68552018649671,0.134,-32891.7304188487,67862.6951766711,100,4.08000000000004,TRUE,"",0.3,136,910136,920136,930136
"DGMM",NA,-0.000877780226930767,0.498,-0.000261913753648486,0.722,-35421.324939502,72928.7919732567,23,2.79999999999995,TRUE,"",0.4,136,910136,920136,930136
"RDMM",3.29629007392825,0.875971920414123,0.032,0.598624176239044,0.177,-34623.620573407,71326.4754857876,106,4.31000000000006,TRUE,"",0.4,136,910136,920136,930136
"DGMM",NA,-0.000938567301774854,0.498,-0.00104777901188837,0.729,-37150.0720291299,76386.2861525123,42,4.94999999999993,TRUE,"",0.5,136,910136,920136,930136
"RDMM",3.09546202652245,0.791891941517482,0.055,0.379705500228693,0.334,-36440.8919956514,74961.0183302764,150,6,TRUE,"",0.5,136,910136,920136,930136
"DGMM",NA,1,0,0.863326977386002,0.054,-27149.6878374228,56385.5177690982,26,3.14999999999998,TRUE,"",0,137,910137,920137,930137
"RDMM",199.999946691567,0.995999999473251,0.001,0.868234645758923,0.052,-27131.6959494874,56342.6262379483,120,4.85000000000002,TRUE,"",0,137,910137,920137,930137
"DGMM",NA,0.968224208447655,0.008,0.529818616629633,0.243,-31321.7464071757,64729.634908604,13,1.61000000000001,TRUE,"",0.1,137,910137,920137,930137
"RDMM",8.01346189992629,0.968224213423779,0.008,0.550691836495144,0.274,-29385.5072563512,60850.248851676,100,4.06999999999994,TRUE,"",0.1,137,910137,920137,930137
"DGMM",NA,0.646054458944943,0.098,0.280488352414047,0.425,-33531.9275736253,69149.9972415031,27,3.19000000000005,TRUE,"",0.2,137,910137,920137,930137
"RDMM",5.08418536452554,0.92152146915013,0.02,0.66966339894807,0.141,-31226.7436088146,64532.7215566028,123,5,TRUE,"",0.2,137,910137,920137,930137
"DGMM",NA,-0.000791132186232707,0.491,-3.21154046791551e-06,0.734,-33320.1161345437,68726.3743633399,19,2.26999999999998,TRUE,"",0.3,137,910137,920137,930137
"RDMM",4.03977249251411,0.879723584598519,0.031,0.701372061867567,0.126,-33009.1613576049,68097.5570541834,160,6.34000000000003,TRUE,"",0.3,137,910137,920137,930137
"DGMM",NA,-0.0010480347479845,0.499,0.0013020565488815,0.732,-35087.5094991004,72261.1610924533,22,2.63999999999999,TRUE,"",0.4,137,910137,920137,930137
"RDMM",3.42859632933155,0.853629504862254,0.038,0.520662798559075,0.238,-34669.8458776695,71418.9260943127,100,4.22000000000003,TRUE,"",0.4,137,910137,920137,930137
"DGMM",NA,-0.00100972655412029,0.499,0.187923455684907,0.544,-36935.025941503,75956.1939772586,17,2.04999999999995,TRUE,"",0.5,137,910137,920137,930137
"RDMM",3.12340051486311,0.835230684089345,0.043,0.617463338381832,0.164,-36275.8295109084,74630.8933607904,100,4.55000000000007,TRUE,"",0.5,137,910137,920137,930137
"DGMM",NA,0.995999997241588,0.001,0.875584295527437,0.049,-27123.3690483565,56332.8801909655,16,1.93999999999994,TRUE,"",0,138,910138,920138,930138
"RDMM",199.999950645655,0.995999997241588,0.001,0.875764699333831,0.049,-27100.6153189453,56280.4649768643,108,4.38,TRUE,"",0,138,910138,920138,930138
"DGMM",NA,0.936960949281946,0.016,0.736626292614673,0.11,-30982.7821611873,64051.7064166272,26,3.08000000000004,TRUE,"",0.1,138,910138,920138,930138
"RDMM",8.50411535142932,0.976120104881412,0.006,0.856669162218891,0.057,-29202.6982270361,60484.6307930458,100,4.02999999999997,TRUE,"",0.1,138,910138,920138,930138
"DGMM",NA,0.849933805734828,0.039,0.524555485419482,0.221,-34270.828301025,70627.7986963025,6,0.800000000000068,TRUE,"",0.2,138,910138,920138,930138
"RDMM",5.17042810096855,0.948624582145536,0.013,0.799476268834165,0.081,-31121.2099770974,64321.6542931685,161,6.38,TRUE,"",0.2,138,910138,920138,930138
"DGMM",NA,-0.000544568724402625,0.492,0.246600569893552,0.521,-33367.2748271737,68820.6917485999,26,3.12,TRUE,"",0.3,138,910138,920138,930138
"RDMM",3.89850014891798,0.894810729610678,0.027,0.550996246987144,0.218,-32970.6280688921,68020.4904767578,101,4.13999999999999,TRUE,"",0.3,138,910138,920138,930138
"DGMM",NA,-0.00071666812223719,0.493,-0.000662850553273767,0.733,-35032.8539074218,72151.8499090962,20,2.48000000000002,TRUE,"",0.4,138,910138,920138,930138
"RDMM",3.41223450619726,0.902402335098807,0.025,0.713679771569619,0.119,-34504.8143581947,71088.863055363,198,7.88,TRUE,"",0.4,138,910138,920138,930138
"DGMM",NA,0.000313218848954769,0.482,0.164390614320393,0.566,-36705.246667116,75496.6354284847,23,2.75999999999999,TRUE,"",0.5,138,910138,920138,930138
"RDMM",3.16976558280953,0.872228140116432,0.033,0.6738570909912,0.138,-36080.0318035247,74239.297946023,108,4.34000000000003,TRUE,"",0.5,138,910138,920138,930138
"DGMM",NA,0.976119645681604,0.006,0.678449042521487,0.151,-27368.0184194466,56822.1789331458,17,2.05999999999995,TRUE,"",0,139,910139,920139,930139
"RDMM",199.031770865816,0.984047731119301,0.004,0.829206256694442,0.068,-27187.8214158857,56454.8771707451,104,4.28000000000009,TRUE,"",0,139,910139,920139,930139
"DGMM",NA,0.948623897040896,0.013,0.734551770836321,0.11,-30991.4986325179,64069.1393592885,15,1.99000000000001,TRUE,"",0.1,139,910139,920139,930139
"RDMM",8.56803595614815,0.940840003022308,0.015,0.770646745219599,0.094,-29282.5686669039,60644.3716727813,100,4.09999999999991,TRUE,"",0.1,139,910139,920139,930139
"DGMM",NA,0.403892082173393,0.182,0.368144678007964,0.319,-33878.84432869,69843.8307516325,15,1.79999999999995,TRUE,"",0.2,139,910139,920139,930139
"RDMM",5.08424480474239,0.90620898017699,0.024,0.724282339574443,0.114,-31184.7697480071,64448.7738349879,100,4.05999999999995,TRUE,"",0.2,139,910139,920139,930139
"DGMM",NA,-0.00110616419739004,0.486,0.211080546115536,0.568,-33769.7734572423,69625.6890087372,19,2.2700000000001,TRUE,"",0.3,139,910139,920139,930139
"RDMM",3.76543963687214,0.831573703716622,0.044,0.649889759687382,0.147,-33178.6943132466,68436.6229654667,179,7.07999999999993,TRUE,"",0.3,139,910139,920139,930139
"DGMM",NA,-0.000777198635131879,0.488,0.193763711876414,0.565,-35402.8381360083,72891.8183662692,24,2.89999999999998,TRUE,"",0.4,139,910139,920139,930139
"RDMM",3.27134877406117,0.795458260493551,0.054,0.59406709137752,0.175,-34720.6666131647,71520.5675653029,135,5.37,TRUE,"",0.4,139,910139,920139,930139
"DGMM",NA,0.00102108310784589,0.477,-0.000864571256264294,0.729,-37311.8080073407,76709.758108934,26,3.13999999999999,TRUE,"",0.5,139,910139,920139,930139
"RDMM",2.98296442399998,0.760143997923457,0.064,0.547574858283803,0.198,-36492.5006144897,75064.2355679531,112,4.65999999999997,TRUE,"",0.5,139,910139,920139,930139
"DGMM",NA,0.995999996198092,0.001,0.743618693263962,0.108,-27429.0210539451,56944.1842021429,11,1.34000000000003,TRUE,"",0,140,910140,920140,930140
"RDMM",199.999946426114,0.995999996198092,0.001,0.856451480696391,0.057,-27216.565138498,56512.3646159695,238,9.40999999999997,TRUE,"",0,140,910140,920140,930140
"DGMM",NA,-0.000148721870012762,0.494,-0.000348831584465651,0.731,-30037.0809928224,62160.3040798975,26,3.13999999999999,TRUE,"",0.1,140,910140,920140,930140
"RDMM",7.37987422232241,0.948624575793517,0.013,0.814606931080477,0.074,-29570.8325631053,61220.8994651841,179,7.09000000000003,TRUE,"",0.1,140,910140,920140,930140
"DGMM",NA,-0.000528387042295272,0.497,-0.0010708415694377,0.731,-31877.5141205824,65841.1703354174,32,3.90999999999997,TRUE,"",0.2,140,910140,920140,930140
"RDMM",4.89530697740372,0.921521463952619,0.02,0.53100606830246,0.287,-31436.083489254,64951.4013174815,100,4.06000000000006,TRUE,"",0.2,140,910140,920140,930140
"DGMM",NA,0.00026946463666131,0.484,-0.000737292539264681,0.726,-33770.0652142674,69626.2725227875,23,2.75,TRUE,"",0.3,140,910140,920140,930140
"RDMM",3.87724726930042,0.894810740700448,0.027,0.718555286221269,0.116,-33326.488633274,68732.2116055217,100,4.04999999999995,TRUE,"",0.3,140,910140,920140,930140
"DGMM",NA,0.00247774500795129,0.471,0.000372083252758152,0.718,-35559.1831819862,73204.508458225,28,3.37,TRUE,"",0.4,140,910140,920140,930140
"RDMM",3.30501864033876,0.853629568439224,0.038,0.674494855155081,0.135,-34822.0520872418,71723.3385134571,115,4.59000000000003,TRUE,"",0.4,140,910140,920140,930140
"DGMM",NA,-6.84246018763599e-05,0.485,0.000152317363878458,0.728,-37514.3075856023,77114.7572654573,37,4.40999999999997,TRUE,"",0.5,140,910140,920140,930140
"RDMM",3.08975483459477,0.770654827416202,0.061,0.436723113440997,0.309,-36569.8626076127,75218.9595541991,113,4.87,TRUE,"",0.5,140,910140,920140,930140
"DGMM",NA,0.992008008132933,0.002,0.514750874245808,0.306,-27181.4799350206,56449.1019642937,17,2.03000000000009,TRUE,"",0,141,910141,920141,930141
"RDMM",199.999950213797,0.996000000009619,0.001,0.787190376555344,0.087,-26967.0461188113,56013.3265765963,211,8.50999999999999,TRUE,"",0,141,910141,920141,930141
"DGMM",NA,0.838894919109061,0.042,0.414109828707063,0.519,-31118.3480668719,64322.8382279964,43,5.11000000000001,TRUE,"",0.1,141,910141,920141,930141
"RDMM",7.80774620392754,0.964288288374168,0.009,0.74959498419465,0.104,-29205.7548683518,60490.7440756772,127,5.13999999999999,TRUE,"",0.1,141,910141,920141,930141
"DGMM",NA,0.000983396567944386,0.478,0.115038170141726,0.591,-31250.0709389316,64586.2839721159,26,3.03999999999996,TRUE,"",0.2,141,910141,920141,930141
"RDMM",5.25475980980462,0.948624623512694,0.013,0.538778262404792,0.301,-30949.673612069,63978.5815631116,119,4.80000000000007,TRUE,"",0.2,141,910141,920141,930141
"DGMM",NA,0.00096328385117284,0.478,-1.63950591697175e-05,0.735,-33108.5250363135,68303.1921668796,21,2.61000000000001,TRUE,"",0.3,141,910141,920141,930141
"RDMM",4.05639731659486,0.910026020616774,0.023,0.474337115113556,0.322,-32826.2537506646,67731.7418403028,101,4.14999999999998,TRUE,"",0.3,141,910141,920141,930141
"DGMM",NA,-0.000412800000206514,0.488,-0.000500065359278234,0.735,-34918.686138423,71923.5143710986,30,3.56999999999994,TRUE,"",0.4,141,910141,920141,930141
"RDMM",3.41256276078864,0.88348347559119,0.03,0.656743101857301,0.146,-34395.6623987329,70870.5591364394,120,4.82000000000005,TRUE,"",0.4,141,910141,920141,930141
"DGMM",NA,-0.000672925059377289,0.491,-0.000843576892073862,0.738,-36545.1703352545,75176.4827647616,26,3.10000000000002,TRUE,"",0.5,141,910141,920141,930141
"RDMM",3.19212331138793,0.846246230901697,0.04,0.597854664567329,0.176,-35959.255094368,73997.7445277096,100,4.06999999999994,TRUE,"",0.5,141,910141,920141,930141
"DGMM",NA,0.995999999449395,0.001,0.639863259864364,0.161,-27383.356273191,56852.8546406346,12,1.5,TRUE,"",0,142,910142,920142,930142
"RDMM",199.999952248178,0.995999999719503,0.001,0.830961601695615,0.068,-27168.3690089461,56415.9723568658,160,6.38,TRUE,"",0,142,910142,920142,930142
"DGMM",NA,0.799036038729404,0.053,0.496442104708982,0.231,-31462.224189778,65010.5904738085,29,3.44000000000005,TRUE,"",0.1,142,910142,920142,930142
"RDMM",7.57362182813236,0.956440440779838,0.011,0.783360528889266,0.088,-29465.6135907298,61010.4615204333,137,5.55999999999995,TRUE,"",0.1,142,910142,920142,930142
"DGMM",NA,0.000583746571408817,0.481,8.6423933516423e-05,0.728,-31604.3056455545,65294.7533853615,30,3.61000000000001,TRUE,"",0.2,142,910142,920142,930142
"RDMM",4.93961133471894,0.92922522880963,0.018,0.754628542028916,0.1,-31373.360927286,64825.9561935457,107,4.33000000000004,TRUE,"",0.2,142,910142,920142,930142
"DGMM",NA,-0.000722604064478595,0.493,-0.00109284618827358,0.732,-33411.8684165498,68909.8789273522,22,2.72000000000003,TRUE,"",0.3,142,910142,920142,930142
"RDMM",3.90774950396328,0.864764900691351,0.035,0.524569087543826,0.236,-33158.3500991511,68395.9345372758,170,6.72000000000003,TRUE,"",0.3,142,910142,920142,930142
"DGMM",NA,-0.00093117783075641,0.497,-0.000180426916849088,0.721,-35259.5930830134,72605.3282602795,19,2.29999999999995,TRUE,"",0.4,142,910142,920142,930142
"RDMM",3.4048666371682,0.853629764773514,0.038,0.445098591305634,0.313,-34830.7868395344,71740.8080180424,198,8.21000000000004,TRUE,"",0.4,142,910142,920142,930142
"DGMM",NA,-0.00098900273371737,0.499,-0.000156808131802529,0.722,-37063.4192727351,76212.9806397227,21,2.51999999999998,TRUE,"",0.5,142,910142,920142,930142
"RDMM",3.09903601101293,0.824288313616099,0.046,0.440266041111644,0.337,-36515.8282359125,75110.8908107987,165,6.65999999999997,TRUE,"",0.5,142,910142,920142,930142
"DGMM",NA,0.980080068530204,0.005,0.813623041674668,0.075,-27096.9659125353,56280.0739193232,31,3.73000000000002,TRUE,"",0,143,910143,920143,930143
"RDMM",199.999950801107,0.980080068530204,0.005,0.846257590824202,0.061,-27065.9277737004,56211.0898863745,130,5.20000000000005,TRUE,"",0,143,910143,920143,930143
"DGMM",NA,0.820658231199616,0.047,0.405568298941128,0.438,-31389.683300188,64865.5086946286,26,3.07999999999993,TRUE,"",0.1,143,910143,920143,930143
"RDMM",7.84682241911612,0.952528504098332,0.012,0.576324421379091,0.259,-29479.327099372,61037.8885377175,111,4.46000000000004,TRUE,"",0.1,143,910143,920143,930143
"DGMM",NA,0.639649794693985,0.1,0.381502687835549,0.303,-34052.1412088851,70190.4245120228,14,1.70000000000005,TRUE,"",0.2,143,910143,920143,930143
"RDMM",5.16779375764146,0.921521523137013,0.02,0.723042869845533,0.114,-31244.2175039155,64567.6693468047,126,5.05999999999995,TRUE,"",0.2,143,910143,920143,930143
"DGMM",NA,-0.000742566096188863,0.497,-0.00168329435011236,0.712,-33090.9962033653,68268.1345009833,29,3.52999999999997,TRUE,"",0.3,143,910143,920143,930143
"RDMM",4.13092582888172,0.906210176101573,0.024,0.734848560075111,0.108,-32746.5932512799,67572.4208415334,100,4.08000000000004,TRUE,"",0.3,143,910143,920143,930143
"DGMM",NA,0.00026519764669958,0.483,-0.0010480709067465,0.705,-35090.5056007214,72267.1532956953,32,3.79999999999995,TRUE,"",0.4,143,910143,920143,930143
"RDMM",3.4997358953918,0.846246285281779,0.04,0.646560534673619,0.149,-34525.1060276842,71129.446394342,100,4.06000000000006,TRUE,"",0.4,143,910143,920143,930143
"DGMM",NA,0.00154134430793736,0.475,-0.00048804360055099,0.708,-37080.6181979299,76247.3784901125,26,3.11000000000001,TRUE,"",0.5,143,910143,920143,930143
"RDMM",3.22355869308306,0.809809649290839,0.05,0.590798166847418,0.176,-36347.8020025429,74774.8383440593,100,4.13999999999999,TRUE,"",0.5,143,910143,920143,930143
"DGMM",NA,0.976120112003455,0.006,0.770393611905647,0.095,-27438.273286608,56962.6886674685,18,2.31000000000006,TRUE,"",0,144,910144,920144,930144
"RDMM",199.999946671573,0.976120112003455,0.006,0.850951128448165,0.059,-27271.9219767595,56623.0782924927,139,5.5,TRUE,"",0,144,910144,920144,930144
"DGMM",NA,0.000131016489475427,0.481,0.000484048381586952,0.73,-29930.1616796049,61946.4654534624,33,4,TRUE,"",0.1,144,910144,920144,930144
"RDMM",7.8436663393565,0.936960948508803,0.016,0.789904203900278,0.085,-29485.1886852032,61049.61170938,127,5.05999999999995,TRUE,"",0.1,144,910144,920144,930144
"DGMM",NA,0.000547332953315247,0.479,0.00101712241162068,0.725,-31758.4446428738,65603.0313800003,38,4.53000000000009,TRUE,"",0.2,144,910144,920144,930144
"RDMM",5.0590719994158,0.891026989987597,0.028,0.734040837250294,0.11,-31232.0599938056,64543.3543265848,100,4.07999999999993,TRUE,"",0.2,144,910144,920144,930144
"DGMM",NA,-0.000878996782351186,0.492,-0.000139703529167143,0.73,-33439.5642832214,68965.2706606954,32,3.89999999999998,TRUE,"",0.3,144,910144,920144,930144
"RDMM",3.94376372727532,0.87597191039246,0.032,0.716778358282269,0.118,-33029.8277658342,68138.889870642,178,7.06999999999994,TRUE,"",0.3,144,910144,920144,930144
"DGMM",NA,-0.000877036267073688,0.493,-0.000123442016802203,0.729,-35266.3505404449,72618.8431751424,22,2.63999999999999,TRUE,"",0.4,144,910144,920144,930144
"RDMM",3.35862150738746,0.824288228564656,0.046,0.65302845153146,0.149,-34616.2313670778,71311.6970731293,144,5.84000000000003,TRUE,"",0.4,144,910144,920144,930144
"DGMM",NA,-0.00102483285781479,0.499,-0.001121359210713,0.727,-36902.2492161661,75890.6405265847,29,3.52999999999997,TRUE,"",0.5,144,910144,920144,930144
"RDMM",3.12410613886825,0.784780778482811,0.057,0.559514889608861,0.2,-36300.3648907604,74679.9641204945,126,5,TRUE,"",0.5,144,910144,920144,930144
"DGMM",NA,1,0,0.538002130935949,0.242,-27206.3385474508,56498.8191891542,17,2.08999999999992,TRUE,"",0,145,910145,920145,930145
"RDMM",199.99995077355,0.995999996383551,0.001,0.62873844268101,0.209,-27106.4024725331,56292.0392840398,117,4.85000000000002,TRUE,"",0,145,910145,920145,930145
"DGMM",NA,0.9330890616854,0.017,0.565090059538053,0.2,-31103.9483303269,64294.0387549063,21,2.63999999999999,TRUE,"",0.1,145,910145,920145,930145
"RDMM",8.22543481040477,0.972168148166736,0.007,0.817827102748513,0.073,-29154.1929953021,60387.6203295779,141,5.63,TRUE,"",0.1,145,910145,920145,930145
"DGMM",NA,0.000425985208373915,0.484,0.224326092866304,0.55,-31324.9669056028,64736.0759054581,25,2.96000000000004,TRUE,"",0.2,145,910145,920145,930145
"RDMM",5.06867077005107,0.906210148968318,0.024,0.762914728437267,0.096,-30907.146226149,63893.5267912717,112,4.52999999999997,TRUE,"",0.2,145,910145,920145,930145
"DGMM",NA,0.000117765067736414,0.485,0.196449242363033,0.543,-33326.1708573896,68738.4838090318,19,2.28000000000009,TRUE,"",0.3,145,910145,920145,930145
"RDMM",3.84812427753421,0.861044975787034,0.036,0.707226396060169,0.12,-32873.4532398348,67826.1408186431,113,4.55999999999995,TRUE,"",0.3,145,910145,920145,930145
"DGMM",NA,0.000694806092253664,0.48,0.185262336015238,0.581,-34983.3058699734,72052.7538341995,17,2.02999999999997,TRUE,"",0.4,145,910145,920145,930145
"RDMM",3.32613654559929,0.824288173553863,0.046,0.479767475026431,0.298,-34408.7978625406,70896.8300640549,142,5.67000000000007,TRUE,"",0.4,145,910145,920145,930145
"DGMM",NA,-0.000837216575362328,0.494,-0.00127475624226524,0.733,-36529.2389040969,75144.6199024465,27,3.18999999999994,TRUE,"",0.5,145,910145,920145,930145
"RDMM",3.04324327502774,0.799035288164939,0.053,0.63647832494622,0.153,-36040.9255480491,74161.0854350718,100,4,TRUE,"",0.5,145,910145,920145,930145
"DGMM",NA,0.992008000319167,0.002,0.8513542053795,0.059,-27101.5471759777,56289.236446208,21,2.56000000000006,TRUE,"",0,146,910146,920146,930146
"RDMM",193.886775708128,0.992008000319167,0.002,0.851617498943454,0.059,-27073.480665748,56226.1956704696,100,4.23000000000002,TRUE,"",0,146,910146,920146,930146
"DGMM",NA,0.95252848285774,0.012,0.688398145905455,0.134,-30684.9200716445,63455.9822375417,14,1.71999999999991,TRUE,"",0.1,146,910146,920146,930146
"RDMM",9.43567299810073,0.964288252648143,0.009,0.808567997759773,0.077,-29047.5659332176,60174.3662054088,100,4.05000000000007,TRUE,"",0.1,146,910146,920146,930146
"DGMM",NA,0.929225154874816,0.018,0.576973941641768,0.193,-33548.3496828437,69182.8414599401,12,1.42999999999995,TRUE,"",0.2,146,910146,920146,930146
"RDMM",5.63296436106308,0.936960900313113,0.016,0.765646060271857,0.096,-30904.5904866144,63888.4153122025,107,4.30000000000007,TRUE,"",0.2,146,910146,920146,930146
"DGMM",NA,0.547171440592776,0.13,0.289136031050502,0.554,-34848.3304036547,71782.8029015621,42,4.94999999999993,TRUE,"",0.3,146,910146,920146,930146
"RDMM",4.20373738946085,0.910025936232361,0.023,0.717775729327776,0.117,-32608.868568522,67296.9714760177,176,7.17000000000007,TRUE,"",0.3,146,910146,920146,930146
"DGMM",NA,-0.000385233611937964,0.489,-0.000876282841972265,0.739,-34979.3274889495,72044.7970721516,21,2.57999999999993,TRUE,"",0.4,146,910146,920146,930146
"RDMM",3.49930661611492,0.868492361773504,0.034,0.687394869797961,0.131,-34381.4226285753,70842.0795961242,100,3.97000000000003,TRUE,"",0.4,146,910146,920146,930146
"DGMM",NA,-0.00070336273815335,0.492,-0.000334006882063677,0.735,-36744.879436444,75575.9009671405,23,2.74000000000001,TRUE,"",0.5,146,910146,920146,930146
"RDMM",3.20184741424084,0.842566449670853,0.041,0.626016474767474,0.161,-36087.6700654909,74254.5744699555,141,5.67000000000007,TRUE,"",0.5,146,910146,920146,930146
"DGMM",NA,0.995999996198092,0.001,0.487312197106836,0.477,-27309.1609316605,56704.4639575737,26,3.12,TRUE,"",0,147,910147,920147,930147
"RDMM",199.99995550631,0.995999996198092,0.001,0.62244537732805,0.177,-27213.0464727059,56505.3272843855,100,4.1099999999999,TRUE,"",0,147,910147,920147,930147
"DGMM",NA,0.813418594050184,0.049,0.626012225276205,0.157,-31625.386009352,65336.9141129565,28,3.29999999999995,TRUE,"",0.1,147,910147,920147,930147
"RDMM",8.12736888391322,0.968224193395482,0.008,0.838494153406578,0.064,-29376.722638359,60832.6796156916,100,4.02000000000021,TRUE,"",0.1,147,910147,920147,930147
"DGMM",NA,-0.000502994096349083,0.496,0.22167942889857,0.56,-31777.1908608834,65640.5238160195,26,3.06999999999994,TRUE,"",0.2,147,910147,920147,930147
"RDMM",4.84592048987976,0.906210154725772,0.024,0.770075420599013,0.093,-31407.9836093729,64895.2015577195,119,4.82999999999993,TRUE,"",0.2,147,910147,920147,930147
"DGMM",NA,-0.000699088673548303,0.496,0.228053547708862,0.529,-33757.6813443539,69601.5047829603,19,2.30999999999995,TRUE,"",0.3,147,910147,920147,930147
"RDMM",3.79964867493588,0.894810777207631,0.027,0.766709876231389,0.094,-33094.0964905476,68267.4273200689,100,4.06000000000017,TRUE,"",0.3,147,910147,920147,930147
"DGMM",NA,-0.000690388731799896,0.493,0.178951204663746,0.574,-35583.9460033734,73254.0341009993,19,2.23000000000002,TRUE,"",0.4,147,910147,920147,930147
"RDMM",3.34743889437476,0.857333319266813,0.037,0.723701302136945,0.113,-34681.0588212495,71441.3519814726,103,4.24000000000001,TRUE,"",0.4,147,910147,920147,930147
"DGMM",NA,-5.76023040690551e-05,0.485,3.49736835318312e-05,0.73,-37244.0305673564,76574.2032289654,24,2.86999999999989,TRUE,"",0.5,147,910147,920147,930147
"RDMM",3.10731455161692,0.817033037362636,0.048,0.669341917248661,0.138,-36235.288508411,74549.8113557955,136,5.51999999999998,TRUE,"",0.5,147,910147,920147,930147
"DGMM",NA,0.988024015442796,0.003,0.702274807591117,0.131,-27433.7598224042,56953.6617390611,17,2.04999999999995,TRUE,"",0,148,910148,920148,930148
"RDMM",199.99994915689,0.988024015442796,0.003,0.842386265339879,0.063,-27240.0613760981,56559.3570911698,153,6.19000000000005,TRUE,"",0,148,910148,920148,930148
"DGMM",NA,0.948624617107971,0.013,0.472801120976264,0.479,-31330.9112787595,64747.9646517717,41,4.8900000000001,TRUE,"",0.1,148,910148,920148,930148
"RDMM",8.10882189375068,0.964288250909933,0.009,0.802152865910052,0.08,-29377.2062329317,60833.6468048371,161,6.39999999999986,TRUE,"",0.1,148,910148,920148,930148
"DGMM",NA,-0.00102868892293991,0.49,-8.64333276149142e-05,0.735,-31727.6459771534,65541.4340485594,25,3.04000000000019,TRUE,"",0.2,148,910148,920148,930148
"RDMM",5.18689401790182,0.929225112117139,0.018,0.764105521605308,0.096,-31256.7885877304,64592.8115144344,113,4.52999999999997,TRUE,"",0.2,148,910148,920148,930148
"DGMM",NA,0.715431312932359,0.077,0.398206595018786,0.303,-36959.7187469839,76005.5795882204,6,0.779999999999973,TRUE,"",0.3,148,910148,920148,930148
"RDMM",4.06161691254709,0.883483250065409,0.03,0.692501351031758,0.13,-33031.2825286649,68141.7993963035,131,5.26999999999998,TRUE,"",0.3,148,910148,920148,930148
"DGMM",NA,0.592485596120896,0.115,0.297676985000974,0.424,-38842.0562542694,79770.2546027914,6,0.839999999999918,TRUE,"",0.4,148,910148,920148,930148
"RDMM",3.48191268315925,0.872227944940198,0.033,0.53340229500169,0.229,-34928.090431121,71935.4152012157,100,4.01999999999998,TRUE,"",0.4,148,910148,920148,930148
"DGMM",NA,0.435010842418294,0.17,0.242288716555135,0.48,-39957.5856495798,82001.3133934122,16,2,TRUE,"",0.5,148,910148,920148,930148
"RDMM",3.22026002944542,0.831575164875908,0.044,0.625503407588407,0.163,-36411.9916436068,74903.2176261872,118,4.75,TRUE,"",0.5,148,910148,920148,930148
"DGMM",NA,0.992008000063936,0.002,0.81048112874451,0.077,-27365.6408551257,56817.4238045041,16,2.05999999999995,TRUE,"",0,149,910149,920149,930149
"RDMM",188.253871582897,0.995999996008016,0.001,0.87305252948451,0.05,-27170.0917259083,56419.4177907903,103,4.16999999999985,TRUE,"",0,149,910149,920149,930149
"DGMM",NA,0.77417730321015,0.06,0.43618238158158,0.293,-31582.6085588023,65251.3592118572,14,1.81000000000017,TRUE,"",0.1,149,910149,920149,930149
"RDMM",7.85769300462059,0.952528485889829,0.012,0.555950107176195,0.266,-29501.9367463201,61083.1078316139,100,3.97000000000003,TRUE,"",0.1,149,910149,920149,930149
"DGMM",NA,0.000141529684152236,0.487,0.235785604236116,0.505,-31766.1206821041,65618.3834584608,23,2.91999999999985,TRUE,"",0.2,149,910149,920149,930149
"RDMM",5.07900878331818,0.929225154874816,0.018,0.79558311028867,0.082,-31234.2516103535,64547.7375596806,226,9.04999999999995,TRUE,"",0.2,149,910149,920149,930149
"DGMM",NA,0.00136928006288038,0.477,0.00289177710772243,0.717,-33578.0755056538,69242.2931055602,23,2.81999999999994,TRUE,"",0.3,149,910149,920149,930149
"RDMM",3.94327976145879,0.88348337138666,0.03,0.713298590983063,0.119,-32990.7255936666,68060.6855263068,290,11.3299999999999,TRUE,"",0.3,149,910149,920149,930149
"DGMM",NA,0.00140256901387374,0.476,0.00259528930208597,0.714,-35228.0654867098,72542.2730676722,22,2.6400000000001,TRUE,"",0.4,149,910149,920149,930149
"RDMM",3.44083379156988,0.849933784168602,0.039,0.662475886350633,0.143,-34618.076593529,71315.3875260316,220,8.81999999999994,TRUE,"",0.4,149,910149,920149,930149
"DGMM",NA,-0.000301028102484221,0.487,0.0044890406417601,0.71,-36892.4466621326,75871.0354185177,22,2.61000000000013,TRUE,"",0.5,149,910149,920149,930149
"RDMM",3.22391703962998,0.820656503446428,0.047,0.504654746466153,0.238,-36268.2292224485,74615.6927838705,100,4.02999999999997,TRUE,"",0.5,149,910149,920149,930149
"DGMM",NA,0.984048034180401,0.004,0.672081581297236,0.153,-27139.023366803,56364.1888278586,15,1.80999999999995,TRUE,"",0,150,910150,920150,930150
"RDMM",199.999952380029,0.988024013396847,0.003,0.798005074149505,0.083,-27046.1631651431,56171.5606692599,108,4.3900000000001,TRUE,"",0,150,910150,920150,930150
"DGMM",NA,0.936960931626979,0.016,0.607383067398104,0.177,-31394.7408408703,64875.6237759933,15,1.80999999999995,TRUE,"",0.1,150,910150,920150,930150
"RDMM",8.09964219211874,0.948624581259285,0.013,0.745045251289852,0.106,-29289.0386465894,60657.3116321524,152,6.23000000000002,TRUE,"",0.1,150,910150,920150,930150
"DGMM",NA,0.929225218842736,0.018,0.539352453385251,0.217,-34008.8541120345,70103.8503183216,15,2.26999999999998,TRUE,"",0.2,150,910150,920150,930150
"RDMM",5.23121408552552,0.929225163697984,0.018,0.739521754200139,0.108,-31065.7340793316,64210.7024976369,100,4.24000000000001,TRUE,"",0.2,150,910150,920150,930150
"DGMM",NA,0.857333608144553,0.037,0.396910436806613,0.455,-36515.3425359308,75116.8271661141,15,1.84999999999991,TRUE,"",0.3,150,910150,920150,930150
"RDMM",3.95800541018107,0.906210125968568,0.024,0.61247600057126,0.172,-32963.1671275862,68005.568594146,110,4.80000000000018,TRUE,"",0.3,150,910150,920150,930150
"DGMM",NA,0.868492385757963,0.034,0.434957076647184,0.487,-38066.3626964485,78218.8674871496,29,3.49000000000001,TRUE,"",0.4,150,910150,920150,930150
"RDMM",3.44617068600391,0.835231085019603,0.043,0.461073072674011,0.296,-34645.8553267428,71370.9449924592,245,9.78999999999996,TRUE,"",0.4,150,910150,920150,930150
"DGMM",NA,0.672073064526504,0.09,0.310795880217108,0.39,-40014.3657015376,82114.8734973278,6,0.779999999999973,TRUE,"",0.5,150,910150,920150,930150
"RDMM",3.06263901156078,0.842566424592543,0.041,0.529598292059217,0.218,-36328.395142046,74736.0246230655,136,5.46000000000004,TRUE,"",0.5,150,910150,920150,930150
"DGMM",NA,0.988024015765355,0.003,0.856337870561123,0.057,-27314.6848532325,56715.5118007175,15,1.82999999999993,TRUE,"",0,151,910151,920151,930151
"RDMM",199.999955454364,0.992008002140254,0.002,0.866045904940178,0.053,-27282.3035907744,56643.8415205224,104,4.54999999999995,TRUE,"",0,151,910151,920151,930151
"DGMM",NA,-0.000380409399176972,0.498,0.000861278284543796,0.726,-30020.1691337196,62126.4803616918,26,3.15000000000009,TRUE,"",0.1,151,910151,920151,930151
"RDMM",7.82673044302815,0.952528493674774,0.012,0.831607960000845,0.067,-29603.246504192,61285.7273473576,100,4.06999999999994,TRUE,"",0.1,151,910151,920151,930151
"DGMM",NA,6.44320557676737e-05,0.487,0.161084044021112,0.55,-31894.4423985944,65875.0268914413,14,1.66000000000008,TRUE,"",0.2,151,910151,920151,930151
"RDMM",5.239398181397,0.929225165491892,0.018,0.781090538097497,0.089,-31303.9491155945,64687.1325701627,138,5.54999999999995,TRUE,"",0.2,151,910151,920151,930151
"DGMM",NA,0.00038892137627432,0.483,0.246154530773962,0.51,-33635.6231598842,69357.3884140209,18,2.22000000000003,TRUE,"",0.3,151,910151,920151,930151
"RDMM",3.99936695829075,0.913849775957547,0.022,0.7339122887303,0.11,-33015.5665358102,68110.367410594,140,5.73000000000002,TRUE,"",0.3,151,910151,920151,930151
"DGMM",NA,0.00429801620188715,0.464,0.148044766567271,0.548,-35541.9411680238,73170.0244303002,15,1.94000000000005,TRUE,"",0.4,151,910151,920151,930151
"RDMM",3.43326454374416,0.875971872399606,0.032,0.61094509758636,0.172,-34749.6757395823,71578.5858181381,105,4.41999999999985,TRUE,"",0.4,151,910151,920151,930151
"DGMM",NA,0.00422149784370553,0.464,0.00205634117709323,0.726,-37048.0402501991,76182.2225946508,30,3.56000000000017,TRUE,"",0.5,151,910151,920151,930151
"RDMM",3.24520663346844,0.883483397936566,0.03,0.607908300275981,0.173,-36198.1937578629,74475.6218546994,201,7.99000000000001,TRUE,"",0.5,151,910151,920151,930151
"DGMM",NA,0.992008003575289,0.002,0.807278837836904,0.078,-27209.7134255432,56505.5689453391,17,2.12999999999988,TRUE,"",0,152,910152,920152,930152
"RDMM",199.99994999323,0.992008003575289,0.002,0.841844072611678,0.063,-27170.7700842055,56420.7745073846,100,4,TRUE,"",0,152,910152,920152,930152
"DGMM",NA,0.952528502198712,0.012,0.615983870412235,0.171,-31161.751951815,64409.6459978825,17,2.05999999999995,TRUE,"",0.1,152,910152,920152,930152
"RDMM",8.64692615458532,0.964288274550953,0.009,0.805879129685015,0.078,-29343.3193203872,60765.872979748,211,8.41000000000008,TRUE,"",0.1,152,910152,920152,930152
"DGMM",NA,-0.000276520954438802,0.49,-0.000100548488397556,0.734,-31545.3427250977,65176.8275444479,31,3.68000000000006,TRUE,"",0.2,152,910152,920152,930152
"RDMM",5.41074096938495,0.917681675544931,0.021,0.53373515804426,0.277,-31265.7010505089,64610.6364399915,100,4.00999999999999,TRUE,"",0.2,152,910152,920152,930152
"DGMM",NA,-0.00022663385077218,0.488,5.7284872102158e-05,0.727,-33453.8222907582,68993.7866757689,22,2.68000000000006,TRUE,"",0.3,152,910152,920152,930152
"RDMM",4.13390026962767,0.894810802969059,0.027,0.634362102458224,0.157,-32999.2675918142,68077.769522602,118,4.77999999999997,TRUE,"",0.3,152,910152,920152,930152
"DGMM",NA,-0.000904236831563396,0.499,-0.00101300281682569,0.738,-35096.9056352327,72279.953364718,26,3.07999999999993,TRUE,"",0.4,152,910152,920152,930152
"RDMM",3.57502075285397,0.879723637286805,0.031,0.686551226065283,0.131,-34529.0672250668,71137.3687891072,165,6.61999999999989,TRUE,"",0.4,152,910152,920152,930152
"DGMM",NA,0.574141387796238,0.121,0.310368511263591,0.371,-39675.5095467106,81437.1611876738,7,0.869999999999891,TRUE,"",0.5,152,910152,920152,930152
"RDMM",3.28956533844173,0.820656523492641,0.047,0.487695674348742,0.243,-36194.95784468,74469.1500283337,100,4.38000000000011,TRUE,"",0.5,152,910152,920152,930152
"DGMM",NA,0.992008004348543,0.002,0.830792331352908,0.068,-27051.0909550345,56188.3240043216,17,2.02999999999997,TRUE,"",0,153,910153,920153,930153
"RDMM",153.456402609343,1,0,0.837439890508135,0.065,-27021.6176369823,56122.4696129383,100,4.13999999999987,TRUE,"",0,153,910153,920153,930153
"DGMM",NA,0.813418021018115,0.049,0.436026321269717,0.295,-30901.6712032958,63889.4845008442,16,1.91000000000008,TRUE,"",0.1,153,910153,920153,930153
"RDMM",8.04495063671351,0.956440418488528,0.011,0.549785903890881,0.243,-29235.9186444603,60551.0716278942,165,7.18000000000006,TRUE,"",0.1,153,910153,920153,930153
"DGMM",NA,0.00288378271578661,0.47,0.000794367640878578,0.726,-31500.3111947318,65086.7644837162,20,2.56999999999994,TRUE,"",0.2,153,910153,920153,930153
"RDMM",4.87514183666889,0.913849844014434,0.022,0.72224613379371,0.115,-31029.9655407979,64139.1654205695,193,7.97000000000003,TRUE,"",0.2,153,910153,920153,930153
"DGMM",NA,0.000592036448027034,0.481,-0.000646392637597595,0.736,-33272.7586231798,68631.6593406123,21,2.52999999999997,TRUE,"",0.3,153,910153,920153,930153
"RDMM",3.76067055647595,0.879723725678995,0.031,0.68684107811971,0.131,-32773.5104441681,67626.2552273098,183,7.3900000000001,TRUE,"",0.3,153,910153,920153,930153
"DGMM",NA,0.620565714947333,0.106,0.345330230745845,0.336,-38540.9685600195,79168.0792142915,6,0.849999999999909,TRUE,"",0.4,153,910153,920153,930153
"RDMM",3.22596544296651,0.824288276386384,0.046,0.633671047063686,0.155,-34625.8928326979,71331.0200043694,272,10.71,TRUE,"",0.4,153,910153,920153,930153
"DGMM",NA,0.583279187824602,0.118,0.308065047764959,0.378,-40080.2783972543,82246.6988887612,6,0.789999999999964,TRUE,"",0.5,153,910153,920153,930153
"RDMM",2.9392963722652,0.81703296908337,0.048,0.593291203382498,0.175,-36210.2863475206,74499.8070340148,192,7.71000000000004,TRUE,"",0.5,153,910153,920153,930153
"DGMM",NA,0.995999999913427,0.001,0.827558550978593,0.069,-27227.2101163118,56540.5623268762,43,5.33999999999992,TRUE,"",0,154,910154,920154,930154
"RDMM",199.16455163784,0.992008007748549,0.002,0.822813343245261,0.071,-27224.628354865,56528.4910487035,130,5.29999999999995,TRUE,"",0,154,910154,920154,930154
"DGMM",NA,0.849933948008251,0.039,0.439806756197983,0.281,-32664.2964117639,67414.7349177804,23,2.70999999999981,TRUE,"",0.1,154,910154,920154,930154
"RDMM",6.94312605575366,0.936960960329308,0.016,0.750317129578152,0.102,-29666.7602344559,61412.7548078855,144,5.82000000000016,TRUE,"",0.1,154,910154,920154,930154
"DGMM",NA,0.623724700077973,0.105,0.288068941599071,0.514,-34569.325516481,71224.7931272146,20,2.41999999999985,TRUE,"",0.2,154,910154,920154,930154
"RDMM",4.78351275126409,0.879723718613795,0.031,0.701384569483748,0.124,-31505.7696108632,65090.7735607001,115,4.6400000000001,TRUE,"",0.2,154,910154,920154,930154
"DGMM",NA,0.000181503833826339,0.483,0.000394457735880951,0.727,-33779.1270684345,69644.3962311216,21,2.5,TRUE,"",0.3,154,910154,920154,930154
"RDMM",3.84493399730566,0.857333330245561,0.037,0.521341179713162,0.244,-33196.5850045452,68472.4043480641,100,4.05999999999995,TRUE,"",0.3,154,910154,920154,930154
"DGMM",NA,0.00171758065329543,0.474,0.000691840735054856,0.728,-35443.4901799438,72973.1224541402,31,3.67000000000007,TRUE,"",0.4,154,910154,920154,930154
"RDMM",3.46672862332619,0.853629617837879,0.038,0.637717581967254,0.154,-34723.3462654488,71525.9268698712,151,6.16000000000008,TRUE,"",0.4,154,910154,920154,930154
"DGMM",NA,-0.00085405888087861,0.494,-0.000967293490261202,0.736,-37330.0588520049,76746.2597982623,40,4.65999999999985,TRUE,"",0.5,154,910154,920154,930154
"RDMM",3.19800565148098,0.827927917582923,0.045,0.60807943274672,0.169,-36279.1104117595,74637.4551624926,100,4.04999999999995,TRUE,"",0.5,154,910154,920154,930154
"DGMM",NA,0.992007963534532,0.002,0.651689176336578,0.158,-27256.4289331107,56598.999960474,14,1.70999999999981,TRUE,"",0,155,910155,920155,930155
"RDMM",167.71436043008,0.992007963534532,0.002,0.760812704223418,0.106,-27131.652536202,56342.5394113775,138,5.75,TRUE,"",0,155,910155,920155,930155
"DGMM",NA,0.813408345599031,0.049,0.376186434181786,0.472,-31222.5380841589,64531.2182625705,26,3.13000000000011,TRUE,"",0.1,155,910155,920155,930155
"RDMM",8.41877301411374,0.944728421157654,0.014,0.764659634840028,0.096,-29151.3672076177,60381.9687542089,175,7.25999999999999,TRUE,"",0.1,155,910155,920155,930155
"DGMM",NA,-0.00182299011337531,0.494,-0.00125878782956299,0.733,-31253.2311225709,64592.6043393944,28,3.37000000000012,TRUE,"",0.2,155,910155,920155,930155
"RDMM",5.38787587120907,0.91002537975863,0.023,0.666267245267773,0.141,-30973.0287898673,64025.2919187083,104,4.08999999999992,TRUE,"",0.2,155,910155,920155,930155
"DGMM",NA,-0.000836492961106719,0.487,-0.000929233056925987,0.736,-32976.9068318561,68039.9557579649,31,3.79999999999995,TRUE,"",0.3,155,910155,920155,930155
"RDMM",4.08373058066626,0.883482440077485,0.03,0.709826564342568,0.119,-32575.8531681605,67230.9406752946,113,4.52999999999997,TRUE,"",0.3,155,910155,920155,930155
"DGMM",NA,-0.000913513453417669,0.491,-0.00121958474671092,0.733,-34801.048304592,71688.2387034366,32,3.83000000000015,TRUE,"",0.4,155,910155,920155,930155
"RDMM",3.46550976289161,0.820653931317965,0.047,0.64328216015819,0.151,-34313.4505896384,70706.1355182504,106,4.34999999999991,TRUE,"",0.4,155,910155,920155,930155
"DGMM",NA,-0.00104345802387148,0.497,-0.001287497820488,0.727,-36763.2920533892,75612.7262010309,19,2.25999999999999,TRUE,"",0.5,155,910155,920155,930155
"RDMM",3.12699497537086,0.777695095772413,0.059,0.551014025546116,0.196,-36039.6517679333,74158.5378748401,112,4.53999999999996,TRUE,"",0.5,155,910155,920155,930155
"DGMM",NA,0.995999996623648,0.001,0.657982057339386,0.153,-27254.1702993427,56594.4826929379,11,1.34000000000015,TRUE,"",0,156,910156,920156,930156
"RDMM",199.999951082061,0.995999996623648,0.001,0.832902810796378,0.067,-27043.5961240219,56166.4265870175,100,3.96000000000004,TRUE,"",0,156,910156,920156,930156
"DGMM",NA,0.933089098878721,0.017,0.639648366839784,0.158,-30783.9115038498,63653.9651019522,28,3.34999999999991,TRUE,"",0.1,156,910156,920156,930156
"RDMM",8.74841833119003,0.940840803333711,0.015,0.793135332866609,0.083,-29145.503454833,60370.2412486397,106,4.44000000000005,TRUE,"",0.1,156,910156,920156,930156
"DGMM",NA,8.30741880201613e-06,0.488,-0.000204438751414381,0.726,-31383.6902028192,64853.5224998911,28,3.33999999999992,TRUE,"",0.2,156,910156,920156,930156
"RDMM",5.33910532708064,0.910025958180978,0.023,0.773762860273961,0.091,-30957.4735379062,63994.181414786,194,7.72000000000003,TRUE,"",0.2,156,910156,920156,930156
"DGMM",NA,0.00135220912237053,0.477,0.00023851218901984,0.723,-33140.3819776203,68366.9060494932,25,3.17000000000007,TRUE,"",0.3,156,910156,920156,930156
"RDMM",4.0395617119936,0.891026965705189,0.028,0.722879031906889,0.114,-32844.1186352355,67767.4716094446,172,7.01999999999998,TRUE,"",0.3,156,910156,920156,930156
"DGMM",NA,0.00321399719211513,0.468,0.00114486079370988,0.719,-35200.8330180349,72487.8081303223,22,2.6400000000001,TRUE,"",0.4,156,910156,920156,930156
"RDMM",3.4856921175937,0.849933820776329,0.039,0.384319218522132,0.353,-34640.3864729847,71360.0072849431,100,4.11999999999989,TRUE,"",0.4,156,910156,920156,930156
"DGMM",NA,-0.000814002389184814,0.494,0.0998832766991084,0.613,-37251.7994566565,76589.7410075656,16,1.93000000000006,TRUE,"",0.5,156,910156,920156,930156
"RDMM",3.15965451985345,0.78478076059591,0.057,0.294167234253083,0.426,-36272.5808194426,74624.3959778589,100,4.04999999999995,TRUE,"",0.5,156,910156,920156,930156
"DGMM",NA,0.992008006669198,0.002,0.692026605378656,0.14,-27196.2615282987,56478.66515085,17,2.04999999999995,TRUE,"",0,157,910157,920157,930157
"RDMM",199.999950472484,0.995999999123111,0.001,0.840873607786535,0.064,-27008.6687152478,56096.5717694692,239,9.47000000000003,TRUE,"",0,157,910157,920157,930157
"DGMM",NA,0.933089055047409,0.017,0.467506660170545,0.474,-31212.6635349478,64511.4691641482,25,3.07999999999993,TRUE,"",0.1,157,910157,920157,930157
"RDMM",8.24465208455102,0.964288284300031,0.009,0.670653473568282,0.157,-29318.2985140737,60715.8313671209,197,7.75,TRUE,"",0.1,157,910157,920157,930157
"DGMM",NA,0.571117423649695,0.122,0.42276912326089,0.276,-33163.1552150432,68412.4525243391,19,2.28999999999996,TRUE,"",0.2,157,910157,920157,930157
"RDMM",5.26640485943212,0.929225195804495,0.018,0.795033186295265,0.083,-31117.4361143331,64314.1065676398,100,4.13999999999987,TRUE,"",0.2,157,910157,920157,930157
"DGMM",NA,-0.000405673346986058,0.489,-0.000779655438126989,0.734,-33147.8270167142,68381.7961276811,28,3.33000000000015,TRUE,"",0.3,157,910157,920157,930157
"RDMM",4.10350942489689,0.875971951194933,0.032,0.759708568017902,0.098,-32843.9339539099,67767.1022467935,119,4.81999999999994,TRUE,"",0.3,157,910157,920157,930157
"DGMM",NA,-5.53142449687434e-05,0.485,-0.000679701025181482,0.731,-34850.9571705944,71788.0564354414,23,2.92000000000007,TRUE,"",0.4,157,910157,920157,930157
"RDMM",3.48697550245806,0.875971938882611,0.032,0.729190003280884,0.112,-34551.3576297035,71181.9495983807,100,4.16999999999985,TRUE,"",0.4,157,910157,920157,930157
"DGMM",NA,0.000605889749435127,0.48,-0.000610847352288741,0.728,-36479.8046855495,75045.7514653516,26,3.11000000000013,TRUE,"",0.5,157,910157,920157,930157
"RDMM",3.31372217376427,0.817033105307451,0.048,0.641367521846921,0.152,-36183.7033774143,74446.6410938022,133,5.29999999999995,TRUE,"",0.5,157,910157,920157,930157
"DGMM",NA,1,0,0.85435555098496,0.058,-27169.733234237,56425.6085627266,11,1.3599999999999,TRUE,"",0,158,910158,920158,930158
"RDMM",184.750108487871,1,0,0.86400901535296,0.054,-27141.5079444479,56362.2502278694,101,4.08000000000015,TRUE,"",0,158,910158,920158,930158
"DGMM",NA,0.96822421593018,0.008,0.641087002184152,0.158,-31649.7466175994,65385.6353294513,15,1.80999999999995,TRUE,"",0.1,158,910158,920158,930158
"RDMM",7.95953025209476,0.956440434444416,0.011,0.812666854207091,0.075,-29327.5504098566,60734.3351586868,197,7.88000000000011,TRUE,"",0.1,158,910158,920158,930158
"DGMM",NA,0.598679149299558,0.113,0.2700240867921,0.525,-34283.9202335663,70653.9825613851,14,1.69999999999982,TRUE,"",0.2,158,910158,920158,930158
"RDMM",4.87926377814401,0.929225235426993,0.018,0.693311434264359,0.131,-31328.6139174732,64736.4621739201,100,4.08000000000015,TRUE,"",0.2,158,910158,920158,930158
"DGMM",NA,0.00269050247164808,0.47,0.000869081009293678,0.726,-33551.5888972892,69189.3198888311,23,2.77999999999997,TRUE,"",0.3,158,910158,920158,930158
"RDMM",3.72663880098391,0.875971989849883,0.032,0.629790595519865,0.165,-33097.668931339,68274.5722016516,123,4.94000000000005,TRUE,"",0.3,158,910158,920158,930158
"DGMM",NA,0.00175267267126549,0.474,0.00011487053063091,0.73,-35291.2520233306,72668.6461409137,26,3.13999999999987,TRUE,"",0.4,158,910158,920158,930158
"RDMM",3.2750728211254,0.875971944752439,0.032,0.687620548824998,0.13,-34623.1691385152,71325.5726160039,135,5.46000000000004,TRUE,"",0.4,158,910158,920158,930158
"DGMM",NA,0.63963986379353,0.1,0.273918351478888,0.433,-40495.8868803417,83077.9158549361,6,0.829999999999927,TRUE,"",0.5,158,910158,920158,930158
"RDMM",2.98186795362935,0.802618597856806,0.052,0.432673463643813,0.338,-36313.630097863,74706.4945346996,123,4.8900000000001,TRUE,"",0.5,158,910158,920158,930158
"DGMM",NA,0.992008000632441,0.002,0.765254937893405,0.097,-27423.3529196706,56932.8479335937,16,1.93000000000006,TRUE,"",0,159,910159,920159,930159
"RDMM",199.999949032554,0.988024013396847,0.003,0.827716951905793,0.069,-27253.3786870192,56585.9917130121,136,5.56999999999994,TRUE,"",0,159,910159,920159,930159
"DGMM",NA,0.956440411407262,0.011,0.74212033073245,0.107,-31248.6322578404,64583.4066099334,14,1.78999999999996,TRUE,"",0.1,159,910159,920159,930159
"RDMM",8.55852971143162,0.972168143470906,0.007,0.78172297885681,0.089,-29342.0929416851,60763.4202223439,100,3.99000000000001,TRUE,"",0.1,159,910159,920159,930159
"DGMM",NA,0.000320494640758744,0.485,0.319528339207305,0.533,-31904.4060344456,65894.9541631438,29,3.47000000000003,TRUE,"",0.2,159,910159,920159,930159
"RDMM",5.00007852819329,0.921521445381987,0.02,0.744739804179373,0.105,-31355.0694810623,64789.3733010983,143,5.72000000000003,TRUE,"",0.2,159,910159,920159,930159
"DGMM",NA,-9.24064706407255e-05,0.487,-0.000631802212182723,0.732,-33736.4374919654,69559.0170781835,20,2.46000000000004,TRUE,"",0.3,159,910159,920159,930159
"RDMM",3.86765865073249,0.879723662531812,0.031,0.703094459528998,0.124,-33129.0884791135,68337.4112972006,125,5.04999999999995,TRUE,"",0.3,159,910159,920159,930159
"DGMM",NA,0.000690671868821593,0.48,0.000551815143329618,0.72,-35506.6459117526,73099.4339177577,20,2.42000000000007,TRUE,"",0.4,159,910159,920159,930159
"RDMM",3.2885233913001,0.835231074622322,0.043,0.678398565774848,0.135,-34880.2509270525,71839.7361930787,100,4.22000000000003,TRUE,"",0.4,159,910159,920159,930159
"DGMM",NA,0.000957527938443495,0.478,0.00238351506842713,0.719,-37074.8628882007,76235.867870654,26,3.11999999999989,TRUE,"",0.5,159,910159,920159,930159
"RDMM",3.11677159393949,0.82065649751192,0.047,0.63355612710831,0.157,-36387.5645907242,74854.3635204221,135,5.46000000000004,TRUE,"",0.5,159,910159,920159,930159
"DGMM",NA,0.988023993352038,0.003,0.817887312343458,0.073,-27306.4107883379,56698.9636709285,18,2.17000000000007,TRUE,"",0,160,910160,920160,930160
"RDMM",199.999950706971,0.988023993352038,0.003,0.859496696653654,0.056,-27259.0574870361,56597.3493130459,100,4.09999999999991,TRUE,"",0,160,910160,920160,930160
"DGMM",NA,0.831575490454791,0.044,0.533210914203684,0.215,-31815.2299696353,65716.6020335233,17,2.05999999999995,TRUE,"",0.1,160,910160,920160,930160
"RDMM",7.887177425676,0.952528317788719,0.012,0.807834762012994,0.078,-29482.4186407354,61044.0716204445,100,4.12000000000012,TRUE,"",0.1,160,910160,920160,930160
"DGMM",NA,0.879723691687354,0.031,0.413033334953361,0.469,-35205.6008208836,72497.3437360198,20,2.37999999999988,TRUE,"",0.2,160,910160,920160,930160
"RDMM",4.79807133375502,0.894810300021944,0.027,0.759258680467064,0.098,-31447.7444459737,64974.7232309211,100,4.21000000000004,TRUE,"",0.2,160,910160,920160,930160
"DGMM",NA,0.00268187751249013,0.468,0.00065544893218369,0.729,-33949.6005925248,69985.3432793021,30,3.52999999999997,TRUE,"",0.3,160,910160,920160,930160
"RDMM",3.69969198707553,0.853629395709105,0.038,0.681839999288721,0.134,-33245.518391832,68570.2711226375,100,4.22000000000003,TRUE,"",0.3,160,910160,920160,930160
"DGMM",NA,-0.000284382367349345,0.485,-0.000793079876697303,0.735,-35544.5170806428,73175.1762555382,30,3.57000000000016,TRUE,"",0.4,160,910160,920160,930160
"RDMM",3.1882094599101,0.817033165490622,0.048,0.379774946740682,0.384,-35110.4662055986,72300.1667501708,148,5.91999999999985,TRUE,"",0.4,160,910160,920160,930160
"DGMM",NA,0.705304447908649,0.08,0.35044541922841,0.343,-40306.0891618818,82698.3204180162,6,0.789999999999964,TRUE,"",0.5,160,910160,920160,930160
"RDMM",3.10523664690608,0.806210317415021,0.051,0.610369277866425,0.168,-36473.8110819324,75026.8565028383,147,5.93000000000006,TRUE,"",0.5,160,910160,920160,930160
"DGMM",NA,0.992008005125127,0.002,0.661100737018373,0.154,-27478.4104991487,57042.96309255,29,3.57999999999993,TRUE,"",0,161,910161,920161,930161
"RDMM",199.999950734383,0.992008005125127,0.002,0.854015468761287,0.058,-27319.8095249786,56718.8533889308,251,9.97000000000003,TRUE,"",0,161,910161,920161,930161
"DGMM",NA,0.813417919505928,0.049,0.395357507110564,0.506,-31464.9359041813,65016.0139026153,23,2.75,TRUE,"",0.1,161,910161,920161,930161
"RDMM",8.22366655188326,0.952528516427593,0.012,0.593954385426608,0.233,-29560.4950543808,61200.2244477352,197,7.93000000000006,TRUE,"",0.1,161,910161,920161,930161
"DGMM",NA,0.577188782697975,0.12,0.356507809361493,0.316,-33952.7726294521,69991.6873531569,16,1.93000000000006,TRUE,"",0.2,161,910161,920161,930161
"RDMM",5.07738063482144,0.910025989459471,0.023,0.782194271288241,0.088,-31322.9848062443,64725.2039514622,100,3.99000000000001,TRUE,"",0.2,161,910161,920161,930161
"DGMM",NA,-0.000827854768098163,0.498,-1.54782220697632e-05,0.729,-33392.9077985915,68871.9576914356,30,3.63999999999987,TRUE,"",0.3,161,910161,920161,930161
"RDMM",3.91892651661174,0.883483441453504,0.03,0.738902009124346,0.107,-33021.8442474382,68122.9228338501,100,4.17000000000007,TRUE,"",0.3,161,910161,920161,930161
"DGMM",NA,0.668792944922214,0.091,0.279222196443562,0.436,-38783.2889132729,79652.7199207983,6,0.880000000000109,TRUE,"",0.4,161,910161,920161,930161
"RDMM",3.31666450678733,0.809810054045472,0.05,0.655247048922161,0.146,-34759.4524322477,71598.1392034691,202,8.06999999999994,TRUE,"",0.4,161,910161,920161,930161
"DGMM",NA,-0.00098210472449129,0.5,-0.00132093014043539,0.742,-37314.3506277012,76714.8433496549,24,2.84999999999991,TRUE,"",0.5,161,910161,920161,930161
"RDMM",3.17288753503154,0.784780974865879,0.057,0.622879350713792,0.161,-36237.8688257879,74554.9719905494,100,4.04999999999995,TRUE,"",0.5,161,910161,920161,930161
"DGMM",NA,1,0,0.751190505303261,0.104,-27400.0832191748,56886.3085326022,14,1.70000000000005,TRUE,"",0,162,910162,920162,930162
"RDMM",199.999945628551,0.995999999449395,0.001,0.812405967032779,0.076,-27236.5801364157,56552.394611805,151,6.13000000000011,TRUE,"",0,162,910162,920162,930162
"DGMM",NA,0.964288285784034,0.009,0.615635447871943,0.178,-31583.9566455308,65254.0553853142,17,2.01999999999998,TRUE,"",0.1,162,910162,920162,930162
"RDMM",7.7500546587733,0.968224220881849,0.008,0.796687314742932,0.083,-29481.5038868085,61042.2421125907,122,4.88999999999987,TRUE,"",0.1,162,910162,920162,930162
"DGMM",NA,0.577183093388093,0.12,0.361403496673934,0.333,-33377.5523066008,68841.2467074542,22,2.6099999999999,TRUE,"",0.2,162,910162,920162,930162
"RDMM",5.30307592895832,0.925369354832112,0.019,0.731378007980835,0.112,-31156.2895307262,64391.813400426,107,4.29999999999995,TRUE,"",0.2,162,910162,920162,930162
"DGMM",NA,-0.000924928452452891,0.499,-0.000880124442396328,0.724,-33287.1657564943,68660.4736072411,43,5.05999999999995,TRUE,"",0.3,162,910162,920162,930162
"RDMM",4.07198136700852,0.902402371224392,0.025,0.710341393068102,0.122,-32878.3581733112,67835.9506855959,100,4.05000000000018,TRUE,"",0.3,162,910162,920162,930162
"DGMM",NA,-0.00029463746949795,0.487,0.240146506993448,0.532,-35225.0682211254,72536.2785365034,22,2.66999999999985,TRUE,"",0.4,162,910162,920162,930162
"RDMM",3.4166033281589,0.868492454068082,0.034,0.676592089993456,0.138,-34616.1909352009,71311.6162093755,100,4.58000000000015,TRUE,"",0.4,162,910162,920162,930162
"DGMM",NA,-0.00089590202660283,0.495,-0.00108458487453399,0.727,-36726.8327582285,75539.8076107097,34,4.02999999999997,TRUE,"",0.5,162,910162,920162,930162
"RDMM",3.1443023023338,0.842566518727028,0.041,0.654172687536274,0.149,-36215.4738929071,74510.1821247878,100,4.22000000000003,TRUE,"",0.5,162,910162,920162,930162
"DGMM",NA,1,0,0.60966839188675,0.187,-27259.2446496927,56604.6313936381,10,1.25,TRUE,"",0,163,910163,920163,930163
"RDMM",199.999952079617,1,0,0.669453702901677,0.17,-27143.3650359851,56365.9644109439,129,5.24000000000001,TRUE,"",0,163,910163,920163,930163
"DGMM",NA,0.799006729571831,0.053,0.386337092416349,0.502,-31617.5448047425,65321.2317037377,34,4.13999999999987,TRUE,"",0.1,163,910163,920163,930163
"RDMM",7.4404931455402,0.956439257289253,0.011,0.779612971102358,0.09,-29469.7153423501,61018.6650236738,251,9.97000000000003,TRUE,"",0.1,163,910163,920163,930163
"DGMM",NA,-0.000586215820122084,0.476,0.000751406595309853,0.715,-31698.9481599314,65484.0384141155,21,2.5,TRUE,"",0.2,163,910163,920163,930163
"RDMM",4.90036626389323,0.913847885446868,0.022,0.512787362159208,0.255,-31499.5898465868,65078.4140321473,120,4.83000000000015,TRUE,"",0.2,163,910163,920163,930163
"DGMM",NA,-0.00111292661401509,0.485,0.00146161954015939,0.71,-33488.0748231754,69062.2917406035,21,2.52999999999997,TRUE,"",0.3,163,910163,920163,930163
"RDMM",3.98956687713611,0.891023900956196,0.028,0.443588741494212,0.343,-33284.6167835481,68648.4679060698,100,4.04999999999995,TRUE,"",0.3,163,910163,920163,930163
"DGMM",NA,-0.00114353870887871,0.491,-0.000398509730046245,0.715,-35245.4556166846,72577.0533276218,21,2.52999999999997,TRUE,"",0.4,163,910163,920163,930163
"RDMM",3.36841347002268,0.864761489448512,0.035,0.654505573132981,0.147,-34770.7902823375,71620.8149036485,228,9.13000000000011,TRUE,"",0.4,163,910163,920163,930163
"DGMM",NA,-0.00100107611691334,0.494,-0.00118621403077763,0.724,-36873.6718426936,75833.4857796398,22,2.67999999999984,TRUE,"",0.5,163,910163,920163,930163
"RDMM",3.24264535722422,0.817027206583775,0.048,0.338701326265762,0.4,-36500.0832743861,75079.4008877459,100,4,TRUE,"",0.5,163,910163,920163,930163
"DGMM",NA,1,0,0.838051721170924,0.065,-27205.9120356402,56497.9661655329,19,2.34000000000015,TRUE,"",0,164,910164,920164,930164
"RDMM",199.999949627107,1,0,0.847769939816536,0.061,-27191.7899399564,56462.8142188865,102,4.3599999999999,TRUE,"",0,164,910164,920164,930164
"DGMM",NA,0.964288253218386,0.009,0.761160281376233,0.099,-31398.3855255437,64882.9131453399,17,2.04999999999995,TRUE,"",0.1,164,910164,920164,930164
"RDMM",8.0327682022145,0.976120098082103,0.006,0.807912605602148,0.078,-29372.3923051797,60824.0189493331,100,4.05000000000018,TRUE,"",0.1,164,910164,920164,930164
"DGMM",NA,-0.000255839455014375,0.491,-0.000601443656060759,0.73,-31717.5827714237,65521.3076371001,29,3.41999999999985,TRUE,"",0.2,164,910164,920164,930164
"RDMM",4.84818164641992,0.917681639801309,0.021,0.741592459224907,0.108,-31304.3835310881,64688.0014011497,190,7.69000000000005,TRUE,"",0.2,164,910164,920164,930164
"DGMM",NA,-0.000518445744492627,0.492,-0.000272616333473309,0.73,-33470.8267390473,69027.7955723472,23,2.80999999999995,TRUE,"",0.3,164,910164,920164,930164
"RDMM",3.78371879484879,0.887251240134551,0.029,0.714177218619224,0.12,-32989.8319708546,68058.8982806828,153,6.19000000000005,TRUE,"",0.3,164,910164,920164,930164
"DGMM",NA,-0.000572818140324029,0.491,-0.000607071257137803,0.73,-35447.4640809123,72981.0702560773,20,2.37000000000012,TRUE,"",0.4,164,910164,920164,930164
"RDMM",3.19468984889013,0.846246291118867,0.04,0.665517172693594,0.143,-34832.3876915617,71744.0097220969,186,7.37999999999988,TRUE,"",0.4,164,910164,920164,930164
"DGMM",NA,0.000783645105074654,0.479,-0.000505012397500606,0.72,-37191.1179309597,76468.3779561721,27,3.17000000000007,TRUE,"",0.5,164,910164,920164,930164
"RDMM",3.039170982204,0.820657074675485,0.047,0.513340882339966,0.227,-36579.7146548888,75238.6636487512,106,4.26999999999998,TRUE,"",0.5,164,910164,920164,930164
"DGMM",NA,0.992008007453342,0.002,0.809458688169818,0.077,-27205.6527058559,56497.4475059644,22,2.68000000000006,TRUE,"",0,165,910165,920165,930165
"RDMM",199.999954942283,0.992008007453342,0.002,0.850595847736616,0.059,-27146.8979226467,56373.030184267,103,4.12999999999988,TRUE,"",0,165,910165,920165,930165
"DGMM",NA,0.956440438425005,0.011,0.614200786730069,0.172,-31203.345557716,64492.8332096845,19,2.27999999999997,TRUE,"",0.1,165,910165,920165,930165
"RDMM",8.44111128801215,0.960360357609261,0.01,0.775850854225535,0.091,-29345.3089099207,60769.8521588149,167,6.70000000000005,TRUE,"",0.1,165,910165,920165,930165
"DGMM",NA,0.626889342095895,0.104,0.307473596639556,0.533,-33236.0654328741,68558.2729600008,23,2.46000000000004,TRUE,"",0.2,165,910165,920165,930165
"RDMM",5.29394357998332,0.933089088838073,0.017,0.674747789830467,0.14,-31226.3789955063,64531.9923299862,104,3.50999999999999,TRUE,"",0.2,165,910165,920165,930165
"DGMM",NA,0.735899875130614,0.071,0.412578861548429,0.295,-36166.6691833002,74419.4804608529,13,1.28999999999996,TRUE,"",0.3,165,910165,920165,930165
"RDMM",4.16736001794779,0.88348349579546,0.03,0.683799789632272,0.132,-32753.5957998702,67586.425938714,119,3.95000000000005,TRUE,"",0.3,165,910165,920165,930165
"DGMM",NA,0.00212368872765113,0.472,0.0019520466916136,0.724,-34939.382716718,71964.9075276886,23,2.25999999999999,TRUE,"",0.4,165,910165,920165,930165
"RDMM",3.51998958645213,0.853629631917581,0.038,0.683961425826731,0.131,-34478.9594920639,71037.1533231014,156,5.27999999999997,TRUE,"",0.4,165,910165,920165,930165
"DGMM",NA,0.00284411978211672,0.469,0.00161498414870917,0.732,-36685.644801478,75457.4316972086,23,2.29000000000019,TRUE,"",0.5,165,910165,920165,930165
"RDMM",3.20524231816721,0.809809787096776,0.05,0.522752440808944,0.229,-36211.5250144005,74502.2843677747,140,4.67999999999984,TRUE,"",0.5,165,910165,920165,930165
"DGMM",NA,1,0,0.861327305132639,0.055,-27259.1300846247,56604.4022635019,20,2.00999999999999,TRUE,"",0,166,910166,920166,930166
"RDMM",199.999913801177,1,0,0.863832513125741,0.054,-27229.4021881697,56538.0387153131,100,3.32000000000016,TRUE,"",0,166,910166,920166,930166
"DGMM",NA,0.831576768982917,0.044,0.41356495067504,0.491,-30996.1562002978,64078.4544948481,20,1.99000000000001,TRUE,"",0.1,166,910166,920166,930166
"RDMM",8.97896548449858,0.972168140836529,0.007,0.80312234093616,0.08,-29320.6843717173,60720.6030824083,102,3.42999999999984,TRUE,"",0.1,166,910166,920166,930166
"DGMM",NA,0.598689038433689,0.113,0.289314247045872,0.533,-33506.7367591863,69099.6156126253,20,2.07000000000016,TRUE,"",0.2,166,910166,920166,930166
"RDMM",5.34616230110074,0.933089023380699,0.017,0.543987675725794,0.217,-31213.0798968217,64505.3941326171,147,4.97000000000003,TRUE,"",0.2,166,910166,920166,930166
"DGMM",NA,0.864764804714123,0.035,0.427635487080834,0.494,-36384.5439759179,74855.2300460883,21,2.08999999999992,TRUE,"",0.3,166,910166,920166,930166
"RDMM",4.10310990272519,0.91768160478615,0.021,0.708796920772992,0.122,-32925.0427724038,67929.3198837813,222,6.54999999999995,TRUE,"",0.3,166,910166,920166,930166
"DGMM",NA,0.813417243126115,0.049,0.289221297249116,0.454,-38217.6734452814,78521.4889848153,6,0.559999999999945,TRUE,"",0.4,166,910166,920166,930166
"RDMM",3.48760258796966,0.887251138728452,0.029,0.442345497156417,0.291,-34685.5680006272,71450.370340228,111,2.92000000000007,TRUE,"",0.4,166,910166,920166,930166
"DGMM",NA,0.739339379920866,0.07,0.39234096861608,0.333,-39589.5680886946,81265.2782716418,6,0.529999999999973,TRUE,"",0.5,166,910166,920166,930166
"RDMM",3.24366004597309,0.861044933549171,0.036,0.503346948959345,0.254,-36152.0318167817,74383.2979725371,100,2.69000000000005,TRUE,"",0.5,166,910166,920166,930166
"DGMM",NA,0.992008007274603,0.002,0.809945451467242,0.077,-27127.7841016017,56341.7102974559,22,1.84999999999991,TRUE,"",0,167,910167,920167,930167
"RDMM",199.999952293486,0.988024023515226,0.003,0.823091614160168,0.071,-27090.1382283093,56259.5107955922,100,2.60000000000014,TRUE,"",0,167,910167,920167,930167
"DGMM",NA,0.69859656453165,0.082,0.432602080214817,0.274,-30880.7083233245,63847.5587409016,16,1.22000000000003,TRUE,"",0.1,167,910167,920167,930167
"RDMM",9.45143697912891,0.968224221308242,0.008,0.790534727882095,0.085,-29105.9998344495,60291.2340078725,100,2.58999999999992,TRUE,"",0.1,167,910167,920167,930167
"DGMM",NA,0.523709291173205,0.138,0.244409760465082,0.566,-33136.9578587586,68360.0578117698,21,1.52999999999997,TRUE,"",0.2,167,910167,920167,930167
"RDMM",5.83000109087605,0.933089101710698,0.017,0.755711368133574,0.1,-30920.4724995298,63920.1793380332,100,2.47000000000003,TRUE,"",0.2,167,910167,920167,930167
"DGMM",NA,-0.000692908695263897,0.493,-0.00144913583946886,0.733,-33497.9397844674,69082.0216631875,19,1.30999999999995,TRUE,"",0.3,167,910167,920167,930167
"RDMM",4.072186804999,0.887251272519391,0.029,0.642246568194604,0.154,-32977.0169911366,68033.2683212469,103,2.46000000000004,TRUE,"",0.3,167,910167,920167,930167
"DGMM",NA,-0.000751949527858702,0.493,-0.00119221765784949,0.732,-35384.1405703438,72854.4232349402,28,1.92000000000007,TRUE,"",0.4,167,910167,920167,930167
"RDMM",3.42589136971332,0.864764718571257,0.035,0.603072801915949,0.176,-34725.4438986819,71530.1221363374,100,2.29999999999995,TRUE,"",0.4,167,910167,920167,930167
"DGMM",NA,-0.000575717306014826,0.49,-0.00164355578338417,0.731,-37043.8781842697,76173.898462792,20,1.34999999999991,TRUE,"",0.5,167,910167,920167,930167
"RDMM",3.14402613902053,0.799035163104683,0.053,0.507470333769395,0.233,-36340.2597488302,74759.753836634,111,2.55000000000018,TRUE,"",0.5,167,910167,920167,930167
"DGMM",NA,0.995999998162726,0.001,0.477680182478671,0.308,-27489.9210130802,57065.9841204131,15,1.04,TRUE,"",0,168,910168,920168,930168
"RDMM",199.999953871092,0.995999998162726,0.001,0.824612714808225,0.071,-27218.9627736925,56517.1598863585,158,5.53,TRUE,"",0,168,910168,920168,930168
"DGMM",NA,0.948624619806257,0.013,0.700801657202382,0.13,-32105.7378984556,66297.6178911637,24,2.9,TRUE,"",0.1,168,910168,920168,930168
"RDMM",7.599540257903,0.968224223765737,0.008,0.796652696260705,0.083,-29519.7997968801,61118.8339327338,101,4.13,TRUE,"",0.1,168,910168,920168,930168
"DGMM",NA,-0.000673330736842384,0.488,-0.00119187145856183,0.72,-31784.4642976573,65655.0706895671,22,2.63,TRUE,"",0.2,168,910168,920168,930168
"RDMM",4.82163196124752,0.936960969147184,0.016,0.771645312377473,0.094,-31418.6445564295,64916.5234518327,156,6.36,TRUE,"",0.2,168,910168,920168,930168
"DGMM",NA,2.16846578334421e-05,0.483,0.000757978635961934,0.72,-33523.4743876443,69133.0908695412,33,3.95,TRUE,"",0.3,168,910168,920168,930168
"RDMM",3.76710140454902,0.906210208856932,0.024,0.706950565604227,0.124,-33121.3479966841,68321.9303323418,101,4.02,TRUE,"",0.3,168,910168,920168,930168
"DGMM",NA,-0.000749777463927556,0.491,0.105866002411742,0.62,-36319.3573042079,74724.8567026684,21,2.62,TRUE,"",0.4,168,910168,920168,930168
"RDMM",3.21895365637357,0.820656712292555,0.047,0.415097111536689,0.315,-34970.4752032321,72020.1847454379,136,5.38,TRUE,"",0.4,168,910168,920168,930168
"DGMM",NA,-0.000355537791491973,0.487,0.00128207105855829,0.718,-37445.455929752,76977.0539537567,28,3.35,TRUE,"",0.5,168,910168,920168,930168
"RDMM",2.92604245967952,0.817033099033051,0.048,0.616963969844409,0.169,-36498.3946545814,75076.0236481364,113,4.68,TRUE,"",0.5,168,910168,920168,930168
"DGMM",NA,0.992008005125127,0.002,0.505716150610348,0.27,-27307.3209690479,56700.7840323483,14,1.75,TRUE,"",0,169,910169,920169,930169
"RDMM",199.999947772054,0.99599999837435,0.001,0.835595362112634,0.066,-27147.9590801684,56375.1524993104,300,11.98,TRUE,"",0,169,910169,920169,930169
"DGMM",NA,0.795460204163926,0.054,0.397299394547812,0.513,-31714.2425886705,65514.6272715936,29,3.45,TRUE,"",0.1,169,910169,920169,930169
"RDMM",7.62444425071688,0.964288273774599,0.009,0.766806391609912,0.096,-29428.965594752,60937.1655284775,114,4.58,TRUE,"",0.1,169,910169,920169,930169
"DGMM",NA,5.79015040890261e-05,0.486,-0.000737562616603679,0.733,-31914.7399082333,65915.6219107193,31,3.71000000000001,TRUE,"",0.2,169,910169,920169,930169
"RDMM",4.8256133892513,0.925369333295424,0.019,0.515123306500327,0.265,-31343.5817993989,64766.3979377715,132,5.41999999999999,TRUE,"",0.2,169,910169,920169,930169
"DGMM",NA,0.00145719732090208,0.476,-0.00028393428299645,0.728,-33876.3308865557,69838.803867364,28,3.32000000000001,TRUE,"",0.3,169,910169,920169,930169
"RDMM",3.79937214461699,0.894810749847483,0.027,0.520845394354176,0.239,-33325.9197081126,68731.0737551989,100,4.06,TRUE,"",0.3,169,910169,920169,930169
"DGMM",NA,0.00267131628153932,0.47,0.117214563782997,0.582,-35633.6065886726,73353.3552715977,21,2.5,TRUE,"",0.4,169,910169,920169,930169
"RDMM",3.26714477633411,0.853629543039418,0.038,0.43557693677432,0.305,-34815.5832199854,71710.4007789443,100,4.06,TRUE,"",0.4,169,910169,920169,930169
"DGMM",NA,-0.000575176792845735,0.49,-0.000475919798710566,0.737,-37324.3712083998,76734.8845110522,25,2.98999999999999,TRUE,"",0.5,169,910169,920169,930169
"RDMM",3.10591016465403,0.753177714942547,0.066,0.35891837816491,0.359,-36544.2783907274,75167.7911204284,146,5.84,TRUE,"",0.5,169,910169,920169,930169
"DGMM",NA,1,0,0.842046659282341,0.063,-27261.8372878845,56609.8166700216,22,2.68000000000001,TRUE,"",0,170,910170,920170,930170
"RDMM",199.999956195124,1,0,0.848789433085569,0.06,-27221.9758021339,56523.1859432415,100,3.98999999999999,TRUE,"",0,170,910170,920170,930170
"DGMM",NA,0.722219173133693,0.075,0.361377010381868,0.517,-31430.0649566125,64946.2720074777,26,3.14999999999999,TRUE,"",0.1,170,910170,920170,930170
"RDMM",8.39424877434589,0.952528504959098,0.012,0.794601978364139,0.083,-29500.5786654578,61080.3916698892,171,6.89,TRUE,"",0.1,170,910170,920170,930170
"DGMM",NA,0.586329119915536,0.117,0.27986570344674,0.53,-33682.5789094277,69451.2999131079,19,2.32000000000001,TRUE,"",0.2,170,910170,920170,930170
"RDMM",5.18813422630187,0.92922519008578,0.018,0.754343911942223,0.101,-31338.0998981575,64755.4341352887,111,4.53999999999999,TRUE,"",0.2,170,910170,920170,930170
"DGMM",NA,-0.0011017502411139,0.493,0.000224655548795134,0.727,-33609.7692199349,69305.6805341223,23,2.77000000000001,TRUE,"",0.3,170,910170,920170,930170
"RDMM",4.01275756590468,0.917681626450892,0.021,0.713345964604788,0.12,-33149.9869248862,68379.208188746,100,4.09999999999999,TRUE,"",0.3,170,910170,920170,930170
"DGMM",NA,-0.00111788581514503,0.498,-0.000182248979173305,0.728,-35116.0262918032,72318.1946778591,26,3.09999999999999,TRUE,"",0.4,170,910170,920170,930170
"RDMM",3.50327239200835,0.883483338076439,0.03,0.663598724875278,0.143,-34627.3519694181,71333.9382778098,102,4.31,TRUE,"",0.4,170,910170,920170,930170
"DGMM",NA,-0.00104201136015195,0.5,-0.000362955243438347,0.731,-36726.3787040307,75538.899502314,26,3.06,TRUE,"",0.5,170,910170,920170,930170
"RDMM",3.28362079407651,0.868492328377408,0.034,0.659722605277184,0.145,-36171.2913650459,74421.8170690653,113,4.56999999999999,TRUE,"",0.5,170,910170,920170,930170
"DGMM",NA,1,0,0.651586617284435,0.157,-27243.8483821811,56573.8388586149,19,2.31,TRUE,"",0,171,910171,920171,930171
"RDMM",199.999945883152,0.995999996912225,0.001,0.844469826237045,0.062,-27066.7856887799,56212.8057165335,277,11,TRUE,"",0,171,910171,920171,930171
"DGMM",NA,0.820658231199616,0.047,0.457996361465392,0.268,-31452.9934139462,64992.1289221451,20,2.41999999999999,TRUE,"",0.1,171,910171,920171,930171
"RDMM",7.77852901159491,0.964288267582088,0.009,0.780744841910852,0.089,-29335.2907536535,60749.8158462806,102,4.08000000000001,TRUE,"",0.1,171,910171,920171,930171
"DGMM",NA,0.910026018308826,0.023,0.451519187172863,0.355,-34690.6037771837,71467.3496486201,27,3.19,TRUE,"",0.2,171,910171,920171,930171
"RDMM",4.83738863751517,0.933089037437632,0.017,0.742024707565914,0.106,-31199.3198360174,64477.8740110084,111,4.69,TRUE,"",0.2,171,910171,920171,930171
"DGMM",NA,-0.000791755070191812,0.499,-0.00128246198845877,0.74,-33455.8705600431,68997.8832143388,27,3.35999999999999,TRUE,"",0.3,171,910171,920171,930171
"RDMM",3.92362925424982,0.864764727182947,0.035,0.468683470272733,0.294,-33009.2512144941,68097.7367679618,151,6.06999999999999,TRUE,"",0.3,171,910171,920171,930171
"DGMM",NA,-0.000810530953360909,0.495,-0.000939496720963626,0.737,-35203.854121994,72493.8503382407,30,3.63,TRUE,"",0.4,171,910171,920171,930171
"RDMM",3.38876759094271,0.827927809266512,0.045,0.351702795030017,0.447,-34703.9831746357,71487.2006882449,100,4.00999999999999,TRUE,"",0.4,171,910171,920171,930171
"DGMM",NA,0.715431305486814,0.077,0.274428907929677,0.463,-39688.0267517953,81462.1955978432,11,1.44,TRUE,"",0.5,171,910171,920171,930171
"RDMM",3.20227693552253,0.767142956200656,0.062,0.321029418107975,0.462,-36219.5188521151,74518.2720432038,100,4.03,TRUE,"",0.5,171,910171,920171,930171
"DGMM",NA,0.992007745623873,0.002,0.826612246666113,0.069,-27114.2627965294,56314.6676873114,19,2.47,TRUE,"",0,172,910172,920172,930172
"RDMM",199.999953354365,0.988023653098452,0.003,0.822102947694496,0.071,-27070.0705583381,56219.3754556498,100,4.03,TRUE,"",0,172,910172,920172,930172
"DGMM",NA,0.83523217625135,0.043,0.636461480905116,0.153,-30865.2077530779,63816.5576004085,18,2.16999999999999,TRUE,"",0.1,172,910172,920172,930172
"RDMM",8.14181047108633,0.948623391730581,0.013,0.774668681936271,0.091,-29253.7720512535,60586.7784414807,100,4.09999999999999,TRUE,"",0.1,172,910172,920172,930172
"DGMM",NA,0.0115229737900132,0.439,0.00379526478265295,0.709,-31334.6302203906,64755.4025350337,26,3.08000000000001,TRUE,"",0.2,172,910172,920172,930172
"RDMM",5.42719391924196,0.913848191580785,0.022,0.73836191687764,0.107,-30966.6429848971,64012.5203087678,100,4.03,TRUE,"",0.2,172,910172,920172,930172
"DGMM",NA,0.0060633785107833,0.454,0.00173136264161332,0.713,-33217.4974853372,68521.137064927,29,3.48000000000002,TRUE,"",0.3,172,910172,920172,930172
"RDMM",4.11389186735806,0.883481240704631,0.03,0.529744754390402,0.286,-32784.8355953043,67648.9055295822,100,4.02000000000001,TRUE,"",0.3,172,910172,920172,930172
"DGMM",NA,0.784766530127496,0.057,0.500036524039803,0.229,-38424.8666298565,78935.8753539657,7,0.860000000000014,TRUE,"",0.4,172,910172,920172,930172
"RDMM",3.53235914523864,0.838892266959845,0.042,0.658913064657106,0.142,-34496.7750818144,71072.7845026024,100,4.06,TRUE,"",0.4,172,910172,920172,930172
"DGMM",NA,0.0051874243496548,0.46,0.0015526825284814,0.719,-36779.8812330827,75645.904560418,28,3.28,TRUE,"",0.5,172,910172,920172,930172
"RDMM",3.20629343201285,0.842563770971409,0.041,0.650757119138217,0.147,-36155.9301793564,74391.0946976865,257,10.38,TRUE,"",0.5,172,910172,920172,930172
"DGMM",NA,0.995999996623648,0.001,0.868281409405255,0.052,-27110.5617679138,56307.2656300801,17,2.03999999999999,TRUE,"",0,173,910173,920173,930173
"RDMM",199.999915036819,0.995999996623648,0.001,0.875459420397371,0.049,-27095.2139213896,56269.6621817528,100,4.09999999999999,TRUE,"",0,173,910173,920173,930173
"DGMM",NA,0.788334982511433,0.056,0.556169077620513,0.194,-31445.3855327489,64976.9131597504,15,1.81,TRUE,"",0.1,173,910173,920173,930173
"RDMM",7.79574976038777,0.960360331619644,0.01,0.807862286467515,0.077,-29476.8869725921,61033.0082841578,100,4,TRUE,"",0.1,173,910173,920173,930173
"DGMM",NA,0.000690331914357997,0.482,-0.000519711420931639,0.727,-32088.4939321752,66263.129958603,21,2.5,TRUE,"",0.2,173,910173,920173,930173
"RDMM",4.76283060142309,0.910025956571183,0.023,0.75093328915631,0.101,-31443.071023027,64965.3763850276,192,7.81,TRUE,"",0.2,173,910173,920173,930173
"DGMM",NA,0.00116666076842999,0.478,0.125065457777636,0.59,-33933.5477064836,69953.2375072198,22,2.69999999999999,TRUE,"",0.3,173,910173,920173,930173
"RDMM",3.80185762431817,0.894810740235001,0.027,0.731186998089747,0.11,-33159.3961978993,68398.0267347723,104,4.09999999999997,TRUE,"",0.3,173,910173,920173,930173
"DGMM",NA,0.672072402102282,0.09,0.334027842314959,0.389,-39271.3589992031,80628.8600926588,6,0.78000000000003,TRUE,"",0.4,173,910173,920173,930173
"RDMM",3.28604100081802,0.853629561519045,0.038,0.688052679438327,0.129,-34818.4717137752,71716.1777665239,100,4.01999999999998,TRUE,"",0.4,173,910173,920173,930173
"DGMM",NA,-0.000963597897318562,0.5,-0.00104883214453467,0.735,-37266.9718774434,76620.0858491394,21,2.56,TRUE,"",0.5,173,910173,920173,930173
"RDMM",3.127568561874,0.809809885962008,0.05,0.634811376054577,0.154,-36470.4901584531,75020.2146558797,155,6.17000000000002,TRUE,"",0.5,173,910173,920173,930173
"DGMM",NA,0.988024014779245,0.003,0.851047435102619,0.059,-27137.308577796,56360.7592498447,21,2.57000000000005,TRUE,"",0,174,910174,920174,930174
"RDMM",199.99995302842,0.988024014779245,0.003,0.848879849764736,0.06,-27092.3764645366,56263.9872680469,100,4.13,TRUE,"",0,174,910174,920174,930174
"DGMM",NA,0.770657426066148,0.061,0.379145190787262,0.524,-31345.5946858473,64777.3314659472,21,2.52999999999997,TRUE,"",0.1,174,910174,920174,930174
"RDMM",8.05934326927463,0.944728688654299,0.014,0.795143049777906,0.082,-29278.6160069678,60636.4663529093,104,4.30000000000001,TRUE,"",0.1,174,910174,920174,930174
"DGMM",NA,-0.000265367168015022,0.491,-0.000208977575041764,0.74,-31651.2836925485,65388.7094793495,23,2.88999999999999,TRUE,"",0.2,174,910174,920174,930174
"RDMM",4.86919571711263,0.902402349594107,0.025,0.544684766467144,0.218,-31384.9807093322,64849.1957576381,110,4.47000000000003,TRUE,"",0.2,174,910174,920174,930174
"DGMM",NA,-0.000433625680853427,0.491,-0.000364841872870886,0.734,-33504.7064558277,69095.555005908,22,2.64999999999998,TRUE,"",0.3,174,910174,920174,930174
"RDMM",3.79940193274389,0.861045004444608,0.036,0.650608608608906,0.146,-33071.2543113142,68221.7429616021,143,6.22000000000003,TRUE,"",0.3,174,910174,920174,930174
"DGMM",NA,-0.000872778634175987,0.498,-0.00110492411230832,0.744,-35257.526393563,72601.1948813786,27,3.44999999999999,TRUE,"",0.4,174,910174,920174,930174
"RDMM",3.42913748852072,0.809809693866256,0.05,0.449714345716383,0.311,-34741.733699468,71562.7017379096,100,4.88999999999999,TRUE,"",0.4,174,910174,920174,930174
"DGMM",NA,-2.8264073620362e-05,0.485,-0.000890654940751768,0.74,-37030.4133217209,76146.9687376945,34,4.19,TRUE,"",0.5,174,910174,920174,930174
"RDMM",3.0801368332567,0.777701530099928,0.059,0.562371376536892,0.192,-36214.8807280311,74508.9957950358,174,7.45999999999998,TRUE,"",0.5,174,910174,920174,930174
"DGMM",NA,0.988024015442796,0.003,0.849300723638124,0.06,-27207.4135851544,56500.9692645614,26,3.56999999999999,TRUE,"",0,175,910175,920175,930175
"RDMM",199.999952077352,0.992008003510713,0.002,0.879560593710854,0.047,-27175.6167126602,56430.467764294,100,4.69,TRUE,"",0,175,910175,920175,930175
"DGMM",NA,0.952528527459993,0.012,0.673087999886634,0.143,-31317.5602823953,64721.2626590432,15,2.01000000000005,TRUE,"",0.1,175,910175,920175,930175
"RDMM",8.80303533642002,0.944728713384815,0.014,0.837911585348652,0.064,-29281.2934513317,60641.821241637,100,4.06999999999999,TRUE,"",0.1,175,910175,920175,930175
"DGMM",NA,0.517896485877921,0.14,0.2752217815043,0.542,-33589.3094958781,69264.7610860087,50,5.88,TRUE,"",0.2,175,910175,920175,930175
"RDMM",5.38142893248109,0.913849774222803,0.022,0.778501044027636,0.089,-31078.9233020297,64237.080943033,115,4.69,TRUE,"",0.2,175,910175,920175,930175
"DGMM",NA,0.879723597834228,0.031,0.494499808492478,0.249,-36047.9011586681,74181.9444115888,23,2.81,TRUE,"",0.3,175,910175,920175,930175
"RDMM",4.27894050785181,0.906210127876694,0.024,0.767932894998594,0.094,-32773.5482045673,67626.3307481082,100,3.95999999999998,TRUE,"",0.3,175,910175,920175,930175
"DGMM",NA,0.835231207124161,0.043,0.371215139340437,0.445,-37754.0977835947,77594.337661442,19,2.29999999999995,TRUE,"",0.4,175,910175,920175,930175
"RDMM",3.67143022697663,0.857333132627841,0.037,0.720891194844978,0.115,-34400.2998647284,70879.8340684304,100,4.05000000000001,TRUE,"",0.4,175,910175,920175,930175
"DGMM",NA,0.668793092240707,0.091,0.317689030056683,0.378,-39367.2972035049,80820.7365012624,6,0.78000000000003,TRUE,"",0.5,175,910175,920175,930175
"RDMM",3.37479881881022,0.817032930072909,0.048,0.684648697962494,0.132,-35993.1133692645,74065.4610775026,139,5.52999999999997,TRUE,"",0.5,175,910175,920175,930175
"DGMM",NA,0.992008005970772,0.002,0.763059733237235,0.098,-27507.6323418022,57101.406777857,18,2.24000000000001,TRUE,"",0,176,910176,920176,930176
"RDMM",199.999946770477,1,0,0.757073967119282,0.103,-27416.054427074,56911.3431931216,113,4.55000000000001,TRUE,"",0,176,910176,920176,930176
"DGMM",NA,0.948624604980505,0.013,0.578311059762043,0.193,-31491.5645412103,65069.2711766731,16,1.92000000000002,TRUE,"",0.1,176,910176,920176,930176
"RDMM",8.26938421792389,0.972168164337084,0.007,0.829290047659967,0.068,-29470.0087906898,61019.2519203532,100,4.13,TRUE,"",0.1,176,910176,920176,930176
"DGMM",NA,-0.000801969151756855,0.499,-0.000728593302349522,0.74,-31516.0234927185,65118.1890796897,28,3.43000000000001,TRUE,"",0.2,176,910176,920176,930176
"RDMM",5.47345571587535,0.910025991623173,0.023,0.748489600761496,0.103,-31132.566122791,64344.3665845557,105,4.25,TRUE,"",0.2,176,910176,920176,930176
"DGMM",NA,-1.77232613843332e-07,0.485,0.249357165447152,0.528,-33262.2827042605,68610.7075027735,24,2.87,TRUE,"",0.3,176,910176,920176,930176
"RDMM",4.25172301304055,0.8684924366216,0.034,0.682551502467995,0.133,-32831.5440425879,67742.3224241494,100,4.02999999999997,TRUE,"",0.3,176,910176,920176,930176
"DGMM",NA,-5.96945223237817e-05,0.485,0.227121669668085,0.535,-35190.4987243881,72467.1395430289,23,2.75999999999999,TRUE,"",0.4,176,910176,920176,930176
"RDMM",3.38311650341507,0.827927855115621,0.045,0.635213625327482,0.156,-34684.3674867956,71447.9693125649,100,4.02999999999997,TRUE,"",0.4,176,910176,920176,930176
"DGMM",NA,-0.000952515230351054,0.497,0.00101394997988733,0.722,-36812.4795739637,75711.10124218,25,3.05000000000001,TRUE,"",0.5,176,910176,920176,930176
"RDMM",3.14349974718679,0.777701610658352,0.059,0.612080931576952,0.166,-36245.2397291122,74569.713797198,114,4.63,TRUE,"",0.5,176,910176,920176,930176
"DGMM",NA,1,0,0.827486289760613,0.069,-27216.5207219696,56519.1835381917,19,2.38,TRUE,"",0,177,910177,920177,930177
"RDMM",199.999916184274,0.995999992160313,0.001,0.82755176823539,0.069,-27191.5710637849,56462.3764665434,100,4.13999999999999,TRUE,"",0,177,910177,920177,930177
"DGMM",NA,0.960360314842291,0.01,0.673433347868246,0.141,-31473.8097825212,65033.7616592949,36,4.26999999999998,TRUE,"",0.1,177,910177,920177,930177
"RDMM",8.14546531577704,0.960360246207516,0.01,0.772651341582596,0.093,-29456.3329703759,60991.9002797255,144,5.67000000000002,TRUE,"",0.1,177,910177,920177,930177
"DGMM",NA,0.948624385558378,0.013,0.459519083177151,0.47,-34627.456764429,71341.0556231105,22,2.69999999999999,TRUE,"",0.2,177,910177,920177,930177
"RDMM",4.94642001919185,0.917681565875103,0.021,0.545660351884212,0.258,-31538.7645003736,65156.7633397207,166,6.67000000000002,TRUE,"",0.2,177,910177,920177,930177
"DGMM",NA,0.824286015981269,0.046,0.496174797192671,0.243,-36751.5717156234,75589.2855254994,6,0.78000000000003,TRUE,"",0.3,177,910177,920177,930177
"RDMM",3.84855975978045,0.887250441895515,0.029,0.697377844803026,0.127,-32948.7521998529,67976.7387386795,154,6.31,TRUE,"",0.3,177,910177,920177,930177
"DGMM",NA,-0.000837006994311793,0.491,-0.000226323695808498,0.733,-35201.0930302015,72488.3281546557,24,2.88,TRUE,"",0.4,177,910177,920177,930177
"RDMM",3.2507439239769,0.831575195860716,0.044,0.418679766224885,0.304,-34833.7427345197,71746.7198080131,119,4.85999999999996,TRUE,"",0.4,177,910177,920177,930177
"DGMM",NA,-0.00104867031526017,0.499,-0.000905512371675367,0.729,-36797.1289146348,75680.3999235222,25,3,TRUE,"",0.5,177,910177,920177,930177
"RDMM",3.01187797641647,0.827926845833706,0.045,0.590792474642396,0.18,-36258.2053274321,74595.6449938379,128,5.20000000000005,TRUE,"",0.5,177,910177,920177,930177
"DGMM",NA,0.988024023979096,0.003,0.811195598101888,0.076,-26898.9237403705,55883.9895749936,22,2.67000000000002,TRUE,"",0,178,910178,920178,930178
"RDMM",199.999951442878,0.988024023979096,0.003,0.822591317175771,0.071,-26876.2364408176,55831.7072206088,100,4.04999999999995,TRUE,"",0,178,910178,920178,930178
"DGMM",NA,0.929225226818294,0.018,0.471887128127757,0.291,-30977.4747600875,64041.0916144276,19,2.26999999999998,TRUE,"",0.1,178,910178,920178,930178
"RDMM",8.50991864160366,0.948624624076072,0.013,0.788150567157162,0.086,-28996.5265277028,60072.2873943793,277,11.1,TRUE,"",0.1,178,910178,920178,930178
"DGMM",NA,0.917681678712286,0.021,0.549079906992063,0.208,-33414.4318357881,68915.0057658289,23,2.75,TRUE,"",0.2,178,910178,920178,930178
"RDMM",5.48672050947717,0.906210211166527,0.024,0.52420552445969,0.294,-30858.5440612359,63796.3224614455,100,4.06,TRUE,"",0.2,178,910178,920178,930178
"DGMM",NA,0.000150217078441173,0.483,-0.000524857547656238,0.736,-32899.3635269988,67884.8691482502,25,2.94999999999999,TRUE,"",0.3,178,910178,920178,930178
"RDMM",4.17457124886743,0.898602601139555,0.026,0.707203250116088,0.122,-32475.6033745314,67030.4410880364,101,4.05000000000001,TRUE,"",0.3,178,910178,920178,930178
"DGMM",NA,-0.000603626134183029,0.49,0.225964387575556,0.556,-34914.6783981585,71915.4988905695,23,2.75,TRUE,"",0.4,178,910178,920178,930178
"RDMM",3.4123405544378,0.872228226863965,0.033,0.663568335772398,0.142,-34340.668482654,70760.5713042816,100,4.03999999999996,TRUE,"",0.4,178,910178,920178,930178
"DGMM",NA,-0.000857578340064227,0.494,0.212160490988805,0.543,-36689.3242224186,75464.7905390897,28,3.56000000000006,TRUE,"",0.5,178,910178,920178,930178
"RDMM",3.10501023574672,0.8610450406876,0.036,0.619509139202314,0.165,-36041.6578888989,74162.5501167713,100,4.07999999999993,TRUE,"",0.5,178,910178,920178,930178
"DGMM",NA,0.995999997984193,0.001,0.800058280132172,0.082,-27090.8764514671,56267.8949971867,27,3.29999999999995,TRUE,"",0,179,910179,920179,930179
"RDMM",199.999955219121,0.995999997984193,0.001,0.834081082011707,0.068,-27065.8946879265,56211.0237148266,123,4.91999999999996,TRUE,"",0,179,910179,920179,930179
"DGMM",NA,0.952528511936547,0.012,0.510209180900422,0.264,-31749.8472961888,65585.8366866301,26,3.13999999999999,TRUE,"",0.1,179,910179,920179,930179
"RDMM",7.91826123138535,0.960360336195283,0.01,0.800360340288292,0.081,-29385.4096852621,60850.0537094978,112,4.53000000000009,TRUE,"",0.1,179,910179,920179,930179
"DGMM",NA,0.00088938133834024,0.48,0.000580627271677605,0.715,-31683.3769258364,65452.8959459254,37,4.38999999999999,TRUE,"",0.2,179,910179,920179,930179
"RDMM",4.86718709752418,0.910025973857732,0.023,0.758252698428103,0.099,-31282.7342469381,64644.7028328497,147,5.97000000000003,TRUE,"",0.2,179,910179,920179,930179
"DGMM",NA,-0.000774856096105645,0.496,0.261103212689186,0.552,-33455.8763595884,68997.8948134295,26,3.18999999999994,TRUE,"",0.3,179,910179,920179,930179
"RDMM",3.86978608834587,0.883483412452801,0.03,0.662578674086783,0.144,-32931.1297339089,67941.4938067914,221,8.82000000000005,TRUE,"",0.3,179,910179,920179,930179
"DGMM",NA,-0.000934832158029577,0.5,-0.000554566911155471,0.723,-35369.192995191,72824.5280846347,26,3.09999999999991,TRUE,"",0.4,179,910179,920179,930179
"RDMM",3.22066662805179,0.879723689180595,0.031,0.4370080200871,0.283,-34837.4121768187,71754.0586926111,133,5.34000000000003,TRUE,"",0.4,179,910179,920179,930179
"DGMM",NA,4.02554825844062e-05,0.484,-0.000631043604962786,0.731,-37159.7361439035,76405.6143820595,21,2.55000000000007,TRUE,"",0.5,179,910179,920179,930179
"RDMM",2.91933503741029,0.835231183909939,0.043,0.606415590333532,0.171,-36464.0537409109,75007.3418207954,147,5.96999999999991,TRUE,"",0.5,179,910179,920179,930179
"DGMM",NA,0.995999996623648,0.001,0.748364311268008,0.106,-27243.4317295105,56573.0055532735,11,1.5,TRUE,"",0,180,910180,920180,930180
"RDMM",199.999914763075,0.995999996383551,0.001,0.828799562463921,0.069,-27041.8189299409,56162.8721988553,170,7.32000000000005,TRUE,"",0,180,910180,920180,930180
"DGMM",NA,0.784782846884083,0.057,0.486921850323984,0.244,-31633.5403908335,65353.2228759196,17,2,TRUE,"",0.1,180,910180,920180,930180
"RDMM",7.62800550026515,0.976120099157129,0.006,0.80153344815472,0.08,-29254.1222957636,60587.4789305009,136,5.61000000000001,TRUE,"",0.1,180,910180,920180,930180
"DGMM",NA,0.659013986289534,0.094,0.327685197005749,0.519,-33406.1558952692,68898.4538847909,49,5.79999999999995,TRUE,"",0.2,180,910180,920180,930180
"RDMM",5.12637597097314,0.933089026585989,0.017,0.727733068192769,0.114,-31032.4911395698,64144.2166181133,130,5.29000000000008,TRUE,"",0.2,180,910180,920180,930180
"DGMM",NA,-0.000721786204765215,0.497,-0.00062521706973246,0.725,-33279.0224335114,68644.1869612754,41,4.82999999999993,TRUE,"",0.3,180,910180,920180,930180
"RDMM",3.7920608243583,0.910025944679464,0.023,0.717661828704131,0.118,-32858.8661787037,67796.9666963811,100,4.05000000000007,TRUE,"",0.3,180,910180,920180,930180
"DGMM",NA,0.767143427924112,0.062,0.392396499448789,0.308,-38147.9143032841,78381.9707008209,6,0.779999999999973,TRUE,"",0.4,180,910180,920180,930180
"RDMM",3.36055436978679,0.872228131881679,0.033,0.666837705846293,0.142,-34400.5420804834,70880.3184999403,120,4.88999999999999,TRUE,"",0.4,180,910180,920180,930180
"DGMM",NA,0.742787148636969,0.069,0.328816286523951,0.367,-39677.449161465,81441.0404171827,7,0.889999999999986,TRUE,"",0.5,180,910180,920180,930180
"RDMM",3.14278375139127,0.861044933489022,0.036,0.531188001496506,0.216,-36063.4149893761,74206.0643177259,102,4.10000000000002,TRUE,"",0.5,180,910180,920180,930180
"DGMM",NA,0.984047942344897,0.004,0.671821474389608,0.142,-27244.7128839301,56575.5678621129,10,1.26999999999998,TRUE,"",0,181,910181,920181,930181
"RDMM",199.999915131882,0.992007963534532,0.002,0.834220753772271,0.067,-27046.7852137149,56172.8047664035,152,6.09000000000003,TRUE,"",0,181,910181,920181,930181
"DGMM",NA,0.857328790855847,0.037,0.560157021818736,0.205,-30854.6514084126,63795.4449110779,25,3.04999999999995,TRUE,"",0.1,181,910181,920181,930181
"RDMM",8.94928809892581,0.96036017914158,0.01,0.804204994485517,0.08,-29217.3921161663,60514.0185713062,102,4.33000000000004,TRUE,"",0.1,181,910181,920181,930181
"DGMM",NA,0.652494221593221,0.096,0.305608815084466,0.517,-33763.4580536062,69613.0582014649,16,2.02999999999997,TRUE,"",0.2,181,910181,920181,930181
"RDMM",5.24891923377699,0.936960731054577,0.016,0.497046834307015,0.289,-31229.0892101611,64537.4127592958,100,4,TRUE,"",0.2,181,910181,920181,930181
"DGMM",NA,-0.00124953938529845,0.491,-0.00128081273788592,0.729,-33586.9353599762,69260.012814205,38,4.56000000000006,TRUE,"",0.3,181,910181,920181,930181
"RDMM",4.00444813283919,0.887250680782746,0.029,0.604113005156936,0.174,-32941.0919127045,67961.4181643826,160,6.42999999999995,TRUE,"",0.3,181,910181,920181,930181
"DGMM",NA,-0.00122532743141159,0.497,-0.000728520018689246,0.727,-35023.9796176321,72134.1013295169,22,2.61000000000001,TRUE,"",0.4,181,910181,920181,930181
"RDMM",3.56272723532616,0.849932301020969,0.039,0.315233257643522,0.435,-34640.550220716,71360.3347804056,140,5.60000000000002,TRUE,"",0.4,181,910181,920181,930181
"DGMM",NA,-0.000937012550671552,0.494,-8.90372504748727e-05,0.728,-36599.8763430435,75285.8947803396,23,2.75,TRUE,"",0.5,181,910181,920181,930181
"RDMM",3.21011502319446,0.809808751448027,0.05,0.34478361314134,0.407,-36115.2320819088,74309.6985027911,100,4.09000000000003,TRUE,"",0.5,181,910181,920181,930181
"DGMM",NA,1,0,0.747124553829501,0.106,-27154.6526765295,56395.4474473115,12,1.51999999999998,TRUE,"",0,182,910182,920182,930182
"RDMM",199.999952039192,0.995999997602502,0.001,0.829573049517873,0.069,-27049.2149331472,56177.664205268,131,5.25,TRUE,"",0,182,910182,920182,930182
"DGMM",NA,0.82792928864106,0.045,0.416922972441399,0.504,-31656.2409205353,65398.6239353232,33,3.90000000000009,TRUE,"",0.1,182,910182,920182,930182
"RDMM",7.21939163904807,0.933089048984395,0.017,0.529000468590343,0.281,-29645.7778038622,61370.789946698,108,4.26999999999998,TRUE,"",0.1,182,910182,920182,930182
"DGMM",NA,0.63326299463251,0.102,0.28588759776907,0.476,-34273.0474998842,70632.2370940209,17,2.04999999999995,TRUE,"",0.2,182,910182,920182,930182
"RDMM",4.87861835134112,0.921521470690133,0.02,0.744335265201054,0.105,-31271.0366175922,64621.3075741581,109,4.41999999999996,TRUE,"",0.2,182,910182,920182,930182
"DGMM",NA,-0.00014257204020055,0.487,0.00136410070287617,0.727,-33577.1250626221,69240.3922194967,26,3.11000000000001,TRUE,"",0.3,182,910182,920182,930182
"RDMM",3.71997704831056,0.87597189163763,0.032,0.678790627740748,0.135,-33097.6550362366,68274.5444114468,118,4.97000000000003,TRUE,"",0.3,182,910182,920182,930182
"DGMM",NA,-0.000906289374484407,0.498,0.00461001020212191,0.709,-35364.9162094025,72815.9745130576,21,2.51999999999998,TRUE,"",0.4,182,910182,920182,930182
"RDMM",3.36670642585982,0.831575562007127,0.044,0.466960549794448,0.312,-34759.1259200188,71597.4861790112,101,4.09000000000003,TRUE,"",0.4,182,910182,920182,930182
"DGMM",NA,-0.000491207923800877,0.489,0.00535011551007313,0.708,-37165.4126077996,76416.9673098518,30,3.54999999999995,TRUE,"",0.5,182,910182,920182,930182
"RDMM",3.04358902091989,0.788332315280163,0.056,0.420222017850895,0.355,-36359.5777438108,74798.3898265952,100,4.02999999999997,TRUE,"",0.5,182,910182,920182,930182
"DGMM",NA,0.992008000632441,0.002,0.731366785603377,0.113,-27236.9568776455,56560.0558495435,15,1.86000000000001,TRUE,"",0,183,910183,920183,930183
"RDMM",199.999953772713,0.995999996383551,0.001,0.842055325652028,0.063,-27058.7067453759,56196.6478297255,171,6.80999999999995,TRUE,"",0,183,910183,920183,930183
"DGMM",NA,0.639652820100837,0.1,0.399459025943747,0.303,-31518.3592461317,65122.860586516,15,1.92000000000007,TRUE,"",0.1,183,910183,920183,930183
"RDMM",8.59510151260297,0.956440403672337,0.011,0.797217653002531,0.082,-29196.9532145104,60473.1407679944,130,5.37,TRUE,"",0.1,183,910183,920183,930183
"DGMM",NA,0.633261584841402,0.102,0.308247579191027,0.532,-33341.5131534022,68769.1684010571,41,4.90999999999997,TRUE,"",0.2,183,910183,920183,930183
"RDMM",5.15847478488605,0.913849780686659,0.022,0.754734402456719,0.1,-31035.6059397591,64150.4462184918,107,4.31000000000006,TRUE,"",0.2,183,910183,920183,930183
"DGMM",NA,0.000522266071900519,0.482,0.000582029129530753,0.725,-33266.8727393877,68619.8875730281,41,4.8599999999999,TRUE,"",0.3,183,910183,920183,930183
"RDMM",4.07832650306876,0.891026950987937,0.028,0.73226850967271,0.11,-32731.1714155004,67541.5771699745,100,4,TRUE,"",0.3,183,910183,920183,930183
"DGMM",NA,-0.000585090291578915,0.491,-0.000904520047390095,0.741,-35189.7341082223,72465.6103106972,44,5.21000000000004,TRUE,"",0.4,183,910183,920183,930183
"RDMM",3.38898406593973,0.853629494548855,0.038,0.686714129967247,0.131,-34565.7019421258,71210.6382232252,100,4.16999999999996,TRUE,"",0.4,183,910183,920183,930183
"DGMM",NA,0.633256037642322,0.102,0.349055091487106,0.339,-39934.8406312824,81955.8233568174,6,0.909999999999968,TRUE,"",0.5,183,910183,920183,930183
"RDMM",3.12577957425808,0.802618436461329,0.052,0.56098511124368,0.199,-36172.5603917781,74424.3551225299,122,4.91999999999996,TRUE,"",0.5,183,910183,920183,930183
"DGMM",NA,0.984048032191744,0.004,0.464716672678657,0.363,-27507.9071289595,57101.9563521716,14,1.74000000000001,TRUE,"",0,184,910184,920184,930184
"RDMM",199.99995093516,0.988024012072048,0.003,0.818967843715245,0.073,-27190.9286817627,56461.091702499,166,6.61000000000001,TRUE,"",0,184,910184,920184,930184
"DGMM",NA,0.940840781800237,0.015,0.544735847760798,0.235,-31511.9585734263,65110.0592411053,24,2.85000000000002,TRUE,"",0.1,184,910184,920184,930184
"RDMM",8.16987373986381,0.952528485889829,0.012,0.564446042051405,0.262,-29560.2243000916,61199.6829391569,131,5.23000000000002,TRUE,"",0.1,184,910184,920184,930184
"DGMM",NA,-5.60158333280311e-05,0.489,-0.000522630979420902,0.737,-31741.6532637347,65569.448621722,22,2.64999999999998,TRUE,"",0.2,184,910184,920184,930184
"RDMM",5.01006724771201,0.913849764216256,0.022,0.778998245695903,0.089,-31329.3795913329,64737.9935216395,100,4.02999999999997,TRUE,"",0.2,184,910184,920184,930184
"DGMM",NA,-0.000279781776596178,0.489,-0.000902610897857291,0.737,-33499.454885751,69085.0518657547,21,2.53000000000009,TRUE,"",0.3,184,910184,920184,930184
"RDMM",3.89238496889704,0.875971848687616,0.032,0.739129547157381,0.106,-33127.6849877331,68334.6043144399,100,4.13,TRUE,"",0.3,184,910184,920184,930184
"DGMM",NA,-0.000866404361683093,0.498,-0.00114729070338482,0.737,-35356.2239149628,72798.5899241782,25,3.04999999999995,TRUE,"",0.4,184,910184,920184,930184
"RDMM",3.38290835269566,0.846246122875984,0.04,0.503594241465468,0.268,-34912.0641815805,71903.3627021346,100,3.98000000000002,TRUE,"",0.4,184,910184,920184,930184
"DGMM",NA,-0.000949922085352499,0.498,-0.00122102667119685,0.736,-37188.8352889084,76463.8126720694,21,2.52999999999997,TRUE,"",0.5,184,910184,920184,930184
"RDMM",3.02700729739082,0.788332311208003,0.056,0.440674199102932,0.323,-36584.9433810384,75249.1211010504,107,4.27999999999997,TRUE,"",0.5,184,910184,920184,930184
"DGMM",NA,0.995999996912225,0.001,0.815200641354296,0.075,-27094.5789739509,56275.3000421545,15,1.81999999999994,TRUE,"",0,185,910185,920185,930185
"RDMM",199.999921735025,0.995999996912225,0.001,0.828660941632357,0.069,-27072.1354058422,56223.505150658,100,4.07000000000005,TRUE,"",0,185,910185,920185,930185
"DGMM",NA,0.976120099965696,0.006,0.686766863176588,0.136,-31113.9953033585,64314.1327009695,35,4.18999999999994,TRUE,"",0.1,185,910185,920185,930185
"RDMM",8.50998001510567,0.976120099965696,0.006,0.77508715133724,0.092,-29164.9901936023,60409.2147261783,108,4.50999999999999,TRUE,"",0.1,185,910185,920185,930185
"DGMM",NA,0.623737096205522,0.105,0.282822237550217,0.529,-33995.8401508072,70077.8223958671,26,3.16000000000008,TRUE,"",0.2,185,910185,920185,930185
"RDMM",5.05809915567175,0.917681611358423,0.021,0.721817314541899,0.115,-31212.0717009119,64503.3777407975,101,4.07999999999993,TRUE,"",0.2,185,910185,920185,930185
"DGMM",NA,-0.000443717571764553,0.491,0.000326333951392836,0.719,-33363.2104567215,68812.5630076956,28,3.45000000000005,TRUE,"",0.3,185,910185,920185,930185
"RDMM",3.90621252489956,0.887251185877792,0.029,0.68123563976082,0.134,-32785.8740738302,67650.9824866341,100,3.98000000000002,TRUE,"",0.3,185,910185,920185,930185
"DGMM",NA,-0.000639260804388305,0.492,0.267994831891852,0.51,-35212.0660388329,72510.2741719185,26,3.11000000000001,TRUE,"",0.4,185,910185,920185,930185
"RDMM",3.31393678854143,0.861044994511142,0.036,0.631603140829636,0.157,-34560.9539454113,71201.1422297961,169,6.77999999999997,TRUE,"",0.4,185,910185,920185,930185
"DGMM",NA,-0.000169294717800226,0.486,-0.000625427221603521,0.729,-37200.4390511048,76487.0201964621,24,2.82000000000005,TRUE,"",0.5,185,910185,920185,930185
"RDMM",2.97484502954143,0.809809657121039,0.05,0.383205966987846,0.381,-36456.8476235443,74992.9295860621,100,4.04999999999995,TRUE,"",0.5,185,910185,920185,930185
"DGMM",NA,0.992008000566199,0.002,0.798888726283511,0.082,-27161.8749179501,56409.8919301528,26,3.13,TRUE,"",0,186,910186,920186,930186
"RDMM",199.999952298059,0.988024012641135,0.003,0.863057702615421,0.054,-27074.4944636957,56228.223266365,134,5.43999999999994,TRUE,"",0,186,910186,920186,930186
"DGMM",NA,0.864765104396431,0.035,0.558031033380973,0.204,-31365.670859767,64817.4838137866,15,1.83000000000004,TRUE,"",0.1,186,910186,920186,930186
"RDMM",7.90815457869841,0.933089025491814,0.017,0.813728460255739,0.074,-29328.1983663308,60735.6310716351,175,7.00999999999999,TRUE,"",0.1,186,910186,920186,930186
"DGMM",NA,0.608023078702725,0.11,0.358242402702088,0.429,-33771.3546279606,69628.8513501737,30,3.63999999999999,TRUE,"",0.2,186,910186,920186,930186
"RDMM",5.02095477390138,0.90240231416323,0.025,0.743951537426467,0.105,-31168.6898058421,64416.6139506578,118,4.70000000000005,TRUE,"",0.2,186,910186,920186,930186
"DGMM",NA,3.51683493016922e-06,0.486,-0.000757111477143911,0.737,-33528.5767851457,69143.295664544,23,2.91999999999996,TRUE,"",0.3,186,910186,920186,930186
"RDMM",3.81199728771232,0.849933809853679,0.039,0.495923636758711,0.295,-33275.1992685013,68629.6328759762,113,4.57000000000005,TRUE,"",0.3,186,910186,920186,930186
"DGMM",NA,-0.00033253384965928,0.488,-0.00101016098667983,0.74,-35229.7552777799,72545.6526498124,37,4.48000000000002,TRUE,"",0.4,186,910186,920186,930186
"RDMM",3.24707059129609,0.84993382608849,0.039,0.487578591323019,0.298,-34838.309645578,71755.8536301296,100,4,TRUE,"",0.4,186,910186,920186,930186
"DGMM",NA,0.649284946518779,0.097,0.309138107248657,0.369,-40194.350940647,82474.8439755467,6,0.799999999999955,TRUE,"",0.5,186,910186,920186,930186
"RDMM",3.00537890291459,0.842566414496602,0.041,0.645648822580311,0.151,-36448.2948852716,74975.8241095168,135,5.43000000000006,TRUE,"",0.5,186,910186,920186,930186
"DGMM",NA,1,0,0.604047308263095,0.202,-27334.0340766543,56754.2102475612,18,2.19999999999993,TRUE,"",0,187,910187,920187,930187
"RDMM",199.999949408431,1,0,0.597795011122964,0.225,-27220.7078536806,56520.6500463348,146,5.94999999999993,TRUE,"",0,187,910187,920187,930187
"DGMM",NA,0.857333832741041,0.037,0.459741495754694,0.307,-31312.833060913,64711.8082160787,18,2.17000000000007,TRUE,"",0.1,187,910187,920187,930187
"RDMM",8.12789443200549,0.940840784611426,0.015,0.778778542625525,0.09,-29381.0594157108,60841.3531703953,171,6.90999999999997,TRUE,"",0.1,187,910187,920187,930187
"DGMM",NA,0.633260629012069,0.102,0.342634504160475,0.422,-33659.4763489185,69405.0947920896,22,2.66999999999996,TRUE,"",0.2,187,910187,920187,930187
"RDMM",4.971870314434,0.898602505051401,0.026,0.527001061294514,0.294,-31361.6857330548,64802.6058050832,109,4.40999999999997,TRUE,"",0.2,187,910187,920187,930187
"DGMM",NA,-0.000361925454241272,0.49,0.000915832489844881,0.717,-33534.6551350928,69155.4523644383,18,2.20999999999992,TRUE,"",0.3,187,910187,920187,930187
"RDMM",3.88903832834611,0.824288124672878,0.046,0.463998821386483,0.305,-33124.9361468271,68329.1066326279,140,5.61000000000001,TRUE,"",0.3,187,910187,920187,930187
"DGMM",NA,0.000120725213359964,0.484,0.00126964467272174,0.711,-35351.7217188887,72789.5855320301,22,2.62,TRUE,"",0.4,187,910187,920187,930187
"RDMM",3.33680571960658,0.809809715015103,0.05,0.635684770624865,0.154,-34828.0145918991,71735.2635227717,193,7.97000000000003,TRUE,"",0.4,187,910187,920187,930187
"DGMM",NA,-0.000824378690225074,0.494,-0.000238760882248802,0.722,-36938.4017126426,75962.9455195379,20,2.51999999999998,TRUE,"",0.5,187,910187,920187,930187
"RDMM",3.13000578505551,0.732468235892992,0.072,0.416917509895021,0.312,-36368.4822624034,74816.1988637804,119,4.70000000000005,TRUE,"",0.5,187,910187,920187,930187
"DGMM",NA,0.992008008049521,0.002,0.82091019169835,0.072,-27226.7149415087,56539.5719772701,21,2.64999999999998,TRUE,"",0,188,910188,920188,930188
"RDMM",199.999946907429,0.992008008049521,0.002,0.844071617485078,0.062,-27193.7822129002,56466.798764774,100,4.01999999999998,TRUE,"",0,188,910188,920188,930188
"DGMM",NA,0.933089090691731,0.017,0.595247352412586,0.191,-32098.9082258752,66283.9585460029,30,3.61000000000001,TRUE,"",0.1,188,910188,920188,930188
"RDMM",7.45166976217089,0.95644043997534,0.011,0.787818023193359,0.086,-29576.1539404023,61231.5422197782,114,4.61000000000001,TRUE,"",0.1,188,910188,920188,930188
"DGMM",NA,0.62372325409462,0.105,0.287936783330697,0.526,-34563.7503898915,71213.6428740356,27,3.28999999999996,TRUE,"",0.2,188,910188,920188,930188
"RDMM",4.79297906138369,0.910026024372959,0.023,0.729055308910046,0.112,-31487.7320949622,65054.6985288981,105,4.25,TRUE,"",0.2,188,910188,920188,930188
"DGMM",NA,0.636440401307187,0.101,0.323921334000815,0.359,-37572.404754294,77230.9516028406,6,0.780000000000086,TRUE,"",0.3,188,910188,920188,930188
"RDMM",3.83644900368795,0.894810804830843,0.027,0.679945795507566,0.134,-33419.929063805,68919.0924665836,119,4.76999999999998,TRUE,"",0.3,188,910188,920188,930188
"DGMM",NA,-0.000102328045264755,0.485,-0.00098774416102892,0.733,-35534.0238970216,73154.1898882957,38,4.52999999999997,TRUE,"",0.4,188,910188,920188,930188
"RDMM",3.33138504274625,0.846246223854296,0.04,0.641993708150944,0.151,-35052.9278148135,72185.0899686007,110,4.5,TRUE,"",0.4,188,910188,920188,930188
"DGMM",NA,0.668792799961198,0.091,0.335696461750454,0.358,-40297.4558255337,82681.0537453199,6,0.780000000000086,TRUE,"",0.5,188,910188,920188,930188
"RDMM",3.2062892726332,0.817033006386612,0.048,0.616306925803922,0.164,-36501.9714533148,75083.1772456033,109,4.34999999999991,TRUE,"",0.5,188,910188,920188,930188
"DGMM",NA,0.992008007306379,0.002,0.868451122759783,0.052,-27217.7353050221,56521.6127042968,27,3.32000000000005,TRUE,"",0,189,910189,920189,930189
"RDMM",182.934548739825,0.992008007306379,0.002,0.871112536446002,0.051,-27200.0413761335,56479.3170912406,100,4.02999999999997,TRUE,"",0,189,910189,920189,930189
"DGMM",NA,0.968224218569542,0.008,0.659459778186497,0.15,-31814.0654788136,65714.2730518798,15,2.02999999999997,TRUE,"",0.1,189,910189,920189,930189
"RDMM",7.82399604399493,0.960360365345258,0.01,0.816298090688539,0.074,-29387.5366123365,60854.3075636467,116,4.6400000000001,TRUE,"",0.1,189,910189,920189,930189
"DGMM",NA,0.662254107488584,0.093,0.289780898857472,0.509,-33949.9742376175,69986.0905694875,21,2.57999999999993,TRUE,"",0.2,189,910189,920189,930189
"RDMM",4.95214087626122,0.917681684123184,0.021,0.776540904860257,0.091,-31246.4879288986,64572.2101967708,106,4.25,TRUE,"",0.2,189,910189,920189,930189
"DGMM",NA,-0.0010703350393464,0.499,-0.000504662752671405,0.724,-33468.7727798454,69023.6876539434,23,2.84000000000003,TRUE,"",0.3,189,910189,920189,930189
"RDMM",3.84423444053535,0.89481082091908,0.027,0.61509617417528,0.176,-33017.2447412214,68113.7238214164,116,4.59000000000003,TRUE,"",0.3,189,910189,920189,930189
"DGMM",NA,-0.00099699924404957,0.497,0.000274229444714815,0.719,-35291.5627977215,72669.2676896956,24,2.89999999999998,TRUE,"",0.4,189,910189,920189,930189
"RDMM",3.32292056552114,0.872228222316421,0.033,0.694629133699687,0.129,-34660.3837934256,71400.0019258248,120,4.93999999999994,TRUE,"",0.4,189,910189,920189,930189
"DGMM",NA,-0.000908014906660515,0.495,0.000246607105472205,0.721,-37070.0577844647,76226.257663182,25,2.97000000000003,TRUE,"",0.5,189,910189,920189,930189
"RDMM",3.04128446977562,0.857333355167312,0.037,0.671926031330177,0.14,-36324.9004806584,74729.0353002904,244,9.68000000000006,TRUE,"",0.5,189,910189,920189,930189
"DGMM",NA,0.984048039200377,0.004,0.567685222932266,0.239,-27177.3000807105,56440.7422556736,15,1.8599999999999,TRUE,"",0,190,910190,920190,930190
"RDMM",199.999947874969,0.992008003575289,0.002,0.651742150536344,0.176,-27007.658103061,56094.5505450956,169,6.86000000000013,TRUE,"",0,190,910190,920190,930190
"DGMM",NA,0.936961004948239,0.016,0.491815824395058,0.288,-31289.4078188184,64664.9577318894,18,2.19000000000005,TRUE,"",0.1,190,910190,920190,930190
"RDMM",8.09565441982019,0.964288266883599,0.009,0.590809013111705,0.255,-29180.5478564571,60440.3300518878,124,5.06999999999994,TRUE,"",0.1,190,910190,920190,930190
"DGMM",NA,-0.000358450038089446,0.491,0.00115552203776563,0.723,-31346.9401650323,64780.0224243172,26,3.09999999999991,TRUE,"",0.2,190,910190,920190,930190
"RDMM",4.92069100954884,0.925369324637672,0.019,0.547349321813644,0.281,-31035.6306135975,64150.4955661687,100,4.08000000000015,TRUE,"",0.2,190,910190,920190,930190
"DGMM",NA,-0.000685724127525513,0.494,-0.000427857692241679,0.736,-32947.7439603457,67981.6300149439,22,2.62999999999988,TRUE,"",0.3,190,910190,920190,930190
"RDMM",3.98881428161671,0.891026945788679,0.028,0.519307861002341,0.307,-32618.8170127774,67316.8683645285,166,6.69000000000005,TRUE,"",0.3,190,910190,920190,930190
"DGMM",NA,-0.000893373803507035,0.499,4.72660322212646e-05,0.727,-34814.4182286451,71714.9785515427,25,3.03999999999996,TRUE,"",0.4,190,910190,920190,930190
"RDMM",3.43610294304948,0.913849789736054,0.022,0.686608056569763,0.132,-34133.4448322231,70346.1240034199,113,4.54999999999995,TRUE,"",0.4,190,910190,920190,930190
"DGMM",NA,-0.000864874519020134,0.495,0.000754911094627743,0.724,-36615.2013527716,75316.5447997958,28,3.36000000000013,TRUE,"",0.5,190,910190,920190,930190
"RDMM",3.13500315796953,0.902402364859231,0.025,0.670875532299896,0.14,-35823.0131530132,73725.260645,100,4,TRUE,"",0.5,190,910190,920190,930190
"DGMM",NA,1,0,0.732809598158414,0.113,-27423.4004919043,56932.9430780613,11,1.44000000000005,TRUE,"",0,191,910191,920191,930191
"RDMM",194.667935231491,1,0,0.856635100583699,0.057,-27215.8803724753,56510.9950839242,103,4.11999999999989,TRUE,"",0,191,910191,920191,930191
"DGMM",NA,0.799036782084265,0.053,0.623666927214889,0.162,-31535.5012794124,65157.1446530775,23,2.80999999999995,TRUE,"",0.1,191,910191,920191,930191
"RDMM",7.72685416863956,0.933089050310277,0.017,0.781666506810822,0.089,-29513.5667113149,61106.3677616033,100,4.05000000000018,TRUE,"",0.1,191,910191,920191,930191
"DGMM",NA,0.00234696420995496,0.473,0.00124573626724067,0.719,-31743.4239064438,65572.9899071403,23,2.76999999999998,TRUE,"",0.2,191,910191,920191,930191
"RDMM",5.17223167314885,0.925369298434679,0.019,0.752787118868281,0.101,-31324.0254335333,64727.2852060402,136,5.47000000000003,TRUE,"",0.2,191,910191,920191,930191
"DGMM",NA,0.00564264792783701,0.46,0.00206038331675446,0.717,-33553.6004711358,69193.3430365242,20,2.45000000000005,TRUE,"",0.3,191,910191,920191,930191
"RDMM",4.09655602141279,0.875971864149624,0.032,0.699624847631993,0.125,-33092.6725458127,68264.5794305991,163,6.66999999999985,TRUE,"",0.3,191,910191,920191,930191
"DGMM",NA,0.00519920923974899,0.461,0.00177107255901013,0.725,-35281.1898262357,72648.5217467241,22,2.71000000000004,TRUE,"",0.4,191,910191,920191,930191
"RDMM",3.53457847508143,0.824288417958376,0.046,0.491187815726091,0.256,-34847.0830317491,71773.4004024718,111,4.6400000000001,TRUE,"",0.4,191,910191,920191,930191
"DGMM",NA,0.00288755306846449,0.469,0.00092250795734338,0.728,-36950.4661303587,75987.0743549701,23,2.77999999999997,TRUE,"",0.5,191,910191,920191,930191
"RDMM",3.22035934312932,0.76714291911899,0.062,0.4243942991031,0.3,-36368.4184811086,74816.0713011908,191,7.63999999999987,TRUE,"",0.5,191,910191,920191,930191
"DGMM",NA,0.992008007748549,0.002,0.879551250896615,0.047,-27084.249062515,56254.6402192825,19,2.3599999999999,TRUE,"",0,192,910192,920192,930192
"RDMM",139.740739525208,0.992008007748549,0.002,0.896628016133226,0.04,-27072.4601509558,56224.1546408852,100,3.98000000000002,TRUE,"",0,192,910192,920192,930192
"DGMM",NA,0.960360374722124,0.01,0.660557874091999,0.148,-30639.500568286,63365.1432308246,20,2.44000000000005,TRUE,"",0.1,192,910192,920192,930192
"RDMM",8.97324175061947,0.968224223192627,0.008,0.821907596544208,0.071,-29093.5485151567,60266.331369287,148,5.98000000000002,TRUE,"",0.1,192,910192,920192,930192
"DGMM",NA,0.921521498591353,0.02,0.61087349754005,0.173,-33458.9531115454,69004.0483173433,13,1.53999999999996,TRUE,"",0.2,192,910192,920192,930192
"RDMM",5.65497719591325,0.940840858817614,0.015,0.782119422594384,0.088,-30812.583164275,63704.4006675235,100,4.02999999999997,TRUE,"",0.2,192,910192,920192,930192
"DGMM",NA,0.817033013787419,0.048,0.456652788609653,0.266,-36119.3480246193,74324.8381434913,7,0.950000000000045,TRUE,"",0.3,192,910192,920192,930192
"RDMM",4.26364473922297,0.89481082091908,0.027,0.711566253643078,0.12,-32589.1911387319,67257.6166164375,181,7.25,TRUE,"",0.3,192,910192,920192,930192
"DGMM",NA,0.742786736684374,0.069,0.414496279883277,0.291,-37883.1374856382,77852.4170655289,6,0.769999999999982,TRUE,"",0.4,192,910192,920192,930192
"RDMM",3.59400849060747,0.857333393730137,0.037,0.663840131491221,0.142,-34235.3689605427,70549.972260059,113,4.5,TRUE,"",0.4,192,910192,920192,930192
"DGMM",NA,0.691915931518907,0.084,0.280098425636437,0.459,-39354.6298204727,80795.4017351981,10,1.25,TRUE,"",0.5,192,910192,920192,930192
"RDMM",3.35481277572082,0.842566581695304,0.041,0.604512819940401,0.172,-35854.1901288598,73787.6145966933,164,6.69000000000005,TRUE,"",0.5,192,910192,920192,930192
"DGMM",NA,0.995999996623648,0.001,0.812281320714945,0.076,-27043.7947823158,56173.7316588841,26,3.51999999999998,TRUE,"",0,193,910193,920193,930193
"RDMM",199.999914547152,0.995999996623648,0.001,0.839694022092472,0.064,-27005.1976873553,56089.6297136842,100,4.25,TRUE,"",0,193,910193,920193,930193
"DGMM",NA,0.964288256598621,0.009,0.582544582854723,0.198,-31895.5414028776,65877.2249000078,16,2.00999999999999,TRUE,"",0.1,193,910193,920193,930193
"RDMM",7.77780909247547,0.944728679084277,0.014,0.539026419042912,0.287,-29370.1017979036,60819.4379347809,100,4.40000000000009,TRUE,"",0.1,193,910193,920193,930193
"DGMM",NA,-0.000577273593079329,0.5,0.000622480561165502,0.732,-31565.7659911211,65217.6740764949,26,3.12999999999988,TRUE,"",0.2,193,910193,920193,930193
"RDMM",4.93094149378908,0.921521464620709,0.02,0.538511602948631,0.27,-31274.2861785477,64627.806696069,100,4.13000000000011,TRUE,"",0.2,193,910193,920193,930193
"DGMM",NA,-0.000714279671144957,0.497,0.00133182252699025,0.727,-33329.987071366,68746.1162369846,29,3.41999999999985,TRUE,"",0.3,193,910193,920193,930193
"RDMM",3.90443382843478,0.891026929147906,0.028,0.651168919701591,0.149,-32941.1613414306,67961.5570218348,121,4.94000000000005,TRUE,"",0.3,193,910193,920193,930193
"DGMM",NA,-0.000395244676775561,0.489,0.00242086840845447,0.723,-35065.0952133856,72216.3325210237,24,2.86000000000013,TRUE,"",0.4,193,910193,920193,930193
"RDMM",3.38864608712402,0.861044944295769,0.036,0.65576393802215,0.146,-34527.5169101057,71134.268159185,171,7.08999999999992,TRUE,"",0.4,193,910193,920193,930193
"DGMM",NA,-0.000931191694876415,0.497,-9.71227166276237e-05,0.735,-36825.5177738385,75737.1776419297,24,3.03999999999996,TRUE,"",0.5,193,910193,920193,930193
"RDMM",3.11385375654233,0.777701581420113,0.059,0.423613807602718,0.343,-36210.1838771339,74499.6020932414,128,5.09000000000015,TRUE,"",0.5,193,910193,920193,930193
"DGMM",NA,0.995999983596839,0.001,0.704145127020112,0.127,-27268.6113762369,56623.3648467264,16,1.97000000000003,TRUE,"",0,194,910194,920194,930194
"RDMM",199.99995442554,0.995999983596839,0.001,0.82262622785174,0.071,-27080.6174844023,56240.4693077783,175,6.97000000000003,TRUE,"",0,194,910194,920194,930194
"DGMM",NA,0.78478024198491,0.057,0.539815334809638,0.206,-31553.3241003108,65192.7902948741,15,1.84999999999991,TRUE,"",0.1,194,910194,920194,930194
"RDMM",7.55855243866002,0.964288141842049,0.009,0.784754887943503,0.087,-29418.5579690063,60916.3502769863,150,6.25,TRUE,"",0.1,194,910194,920194,930194
"DGMM",NA,-0.00066865044529593,0.483,-0.0007035251768017,0.734,-31566.3865355309,65218.9151653144,22,2.67000000000007,TRUE,"",0.2,194,910194,920194,930194
"RDMM",5.00659157385386,0.925369235260263,0.019,0.6279160242584,0.173,-31363.5198841069,64806.2741071874,118,4.75,TRUE,"",0.2,194,910194,920194,930194
"DGMM",NA,-0.000299258094203369,0.483,-0.000536373386949826,0.729,-33400.039289817,68886.2206738865,21,2.5,TRUE,"",0.3,194,910194,920194,930194
"RDMM",3.81534075166057,0.913849532953184,0.022,0.715653198848349,0.118,-33116.5300240091,68312.2943869918,100,4.08999999999992,TRUE,"",0.3,194,910194,920194,930194
"DGMM",NA,-0.000616764815538373,0.488,-0.00074240252675524,0.726,-35209.9229543845,72505.9880030216,24,2.82999999999993,TRUE,"",0.4,194,910194,920194,930194
"RDMM",3.28135029919848,0.857333168995032,0.037,0.649656801875899,0.149,-34821.7910494024,71722.8164377784,100,4.06000000000017,TRUE,"",0.4,194,910194,920194,930194
"DGMM",NA,0.57716590652283,0.12,0.259684198329115,0.529,-40160.2343859254,82406.6108661033,13,1.58999999999992,TRUE,"",0.5,194,910194,920194,930194
"RDMM",3.01897201247226,0.835230935146471,0.043,0.620272172156662,0.165,-36525.7867655055,75130.8078699847,100,4.05999999999995,TRUE,"",0.5,194,910194,920194,930194
"DGMM",NA,0.992008005875829,0.002,0.814599826136331,0.075,-27281.452126022,56649.0463462967,21,2.54000000000019,TRUE,"",0,195,910195,920195,930195
"RDMM",199.999954552627,0.992008005875829,0.002,0.865813308338695,0.053,-27146.4288844709,56372.0921079154,209,8.29999999999995,TRUE,"",0,195,910195,920195,930195
"DGMM",NA,0.929225221565932,0.018,0.657701511172658,0.149,-31044.5691550284,64175.2804043093,19,2.33999999999992,TRUE,"",0.1,195,910195,920195,930195
"RDMM",8.99712979011296,0.913849845395598,0.022,0.659415129478183,0.152,-29274.9472847425,60629.1289084586,100,4,TRUE,"",0.1,195,910195,920195,930195
"DGMM",NA,-0.000582694341412996,0.493,-0.00100530213424123,0.737,-31657.1864058776,65400.5149060078,25,3.01999999999998,TRUE,"",0.2,195,910195,920195,930195
"RDMM",5.04901913423295,0.879723710291358,0.031,0.743474964507054,0.105,-31230.5321733474,64540.2986856685,122,4.94000000000005,TRUE,"",0.2,195,910195,920195,930195
"DGMM",NA,0.813417821044744,0.049,0.498441116884336,0.24,-36846.7346261459,75779.6113465445,6,0.779999999999973,TRUE,"",0.3,195,910195,920195,930195
"RDMM",3.93446055437893,0.868492485693113,0.034,0.706344336857002,0.122,-32947.2022426923,67973.6388243583,124,4.98000000000002,TRUE,"",0.3,195,910195,920195,930195
"DGMM",NA,0.00611750869902806,0.458,0.00250548236786987,0.714,-35097.810024939,72281.7621441305,24,3.00999999999999,TRUE,"",0.4,195,910195,920195,930195
"RDMM",3.49264188802809,0.799035065791097,0.053,0.440256101534947,0.327,-34596.1966221251,71271.6275832238,100,4.24000000000001,TRUE,"",0.4,195,910195,920195,930195
"DGMM",NA,0.7290451291007,0.073,0.373646168782269,0.357,-40128.7506691812,82343.643432615,7,0.880000000000109,TRUE,"",0.5,195,910195,920195,930195
"RDMM",3.1226815074201,0.753177062323011,0.066,0.465398965944195,0.279,-36201.6579398753,74482.5502187242,126,5.04999999999995,TRUE,"",0.5,195,910195,920195,930195
"DGMM",NA,0.984048035241478,0.004,0.811644034257175,0.076,-27251.7033605063,56589.5488152651,26,3.36999999999989,TRUE,"",0,196,910196,920196,930196
"RDMM",199.99995273822,0.984048035241478,0.004,0.850830089709948,0.059,-27217.9816202026,56515.1975793787,100,4.47000000000003,TRUE,"",0,196,910196,920196,930196
"DGMM",NA,0.61742391789021,0.107,0.393063109497162,0.334,-31849.5759982623,65785.2940907772,6,0.940000000000055,TRUE,"",0.1,196,910196,920196,930196
"RDMM",8.44845671895909,0.952528501815135,0.012,0.572285402238007,0.25,-29457.4987048679,60994.2317487094,133,5.56999999999994,TRUE,"",0.1,196,910196,920196,930196
"DGMM",NA,0.589423385172288,0.116,0.289862202457546,0.401,-34746.348806813,71578.8397078786,11,1.44000000000005,TRUE,"",0.2,196,910196,920196,930196
"RDMM",5.13928168907456,0.917681612197773,0.021,0.53976861826192,0.272,-31256.3624364605,64591.9592118946,118,4.77999999999997,TRUE,"",0.2,196,910196,920196,930196
"DGMM",NA,0.659004530420634,0.094,0.269140370997716,0.415,-36936.0508040106,75958.2437022738,11,1.35000000000014,TRUE,"",0.3,196,910196,920196,930196
"RDMM",3.9671500919716,0.887251145929918,0.029,0.50698057832756,0.29,-32961.7641333092,68002.762605592,129,5.22000000000003,TRUE,"",0.3,196,910196,920196,930196
"DGMM",NA,-0.000810761838159489,0.496,-0.000576083487102055,0.722,-35628.1820277805,73342.5061498136,22,2.65999999999985,TRUE,"",0.4,196,910196,920196,930196
"RDMM",3.30180468307034,0.835231082261788,0.043,0.675345515138205,0.135,-34867.930062474,71815.0944639217,104,4.20000000000005,TRUE,"",0.4,196,910196,920196,930196
"DGMM",NA,-0.000615148026559995,0.491,-0.0008631634968872,0.729,-37354.9140304291,76795.9701551108,30,3.57999999999993,TRUE,"",0.5,196,910196,920196,930196
"RDMM",3.04996205136971,0.76014395158271,0.064,0.440979536157923,0.3,-36400.3902901689,74880.0149193113,103,4.19000000000005,TRUE,"",0.5,196,910196,920196,930196
"DGMM",NA,0.988024024052824,0.003,0.78859367407059,0.086,-27278.5516517214,56643.2453976954,24,2.92000000000007,TRUE,"",0,197,910197,920197,930197
"RDMM",199.99995204668,0.992008008132933,0.002,0.849592838748721,0.06,-27167.5272040903,56414.2887471543,129,5.19000000000005,TRUE,"",0,197,910197,920197,930197
"DGMM",NA,0.948624629442991,0.013,0.746004177602142,0.105,-30843.2004852845,63772.5430648216,17,2.27999999999997,TRUE,"",0.1,197,910197,920197,930197
"RDMM",9.14305385332451,0.968224223192627,0.008,0.820359044055856,0.072,-29256.7119432101,60592.6582253939,100,4.13999999999987,TRUE,"",0.1,197,910197,920197,930197
"DGMM",NA,0.649286950994891,0.097,0.384712294614384,0.3,-33356.0675206526,68798.2771355579,17,2.05000000000018,TRUE,"",0.2,197,910197,920197,930197
"RDMM",5.53157158700561,0.925369364882562,0.019,0.774479378051145,0.091,-31088.7420169555,64256.7183728845,121,4.92999999999984,TRUE,"",0.2,197,910197,920197,930197
"DGMM",NA,-0.00030247164621287,0.487,0.00222990223954431,0.719,-33243.5345679526,68573.2112301578,23,2.75,TRUE,"",0.3,197,910197,920197,930197
"RDMM",4.12420898197759,0.879723713407451,0.031,0.453703269827972,0.321,-32955.0813718524,67989.3970826784,102,4.17000000000007,TRUE,"",0.3,197,910197,920197,930197
"DGMM",NA,0.774174177704113,0.06,0.337025649555882,0.369,-37991.1640658933,78068.4702260392,6,0.779999999999973,TRUE,"",0.4,197,910197,920197,930197
"RDMM",3.55355181065187,0.835231215777982,0.043,0.665150602999527,0.14,-34490.5728058561,71060.3799506858,100,4.02999999999997,TRUE,"",0.4,197,910197,920197,930197
"DGMM",NA,-0.000855047296698756,0.494,0.00169382677640837,0.725,-36816.3262540983,75718.7946024492,25,3.04999999999995,TRUE,"",0.5,197,910197,920197,930197
"RDMM",3.13207037291414,0.784780759560789,0.057,0.486575168284618,0.248,-36223.6349462136,74526.5042314008,100,4.06000000000017,TRUE,"",0.5,197,910197,920197,930197
"DGMM",NA,1,0,0.850099122334882,0.06,-27065.9907098032,56218.123513859,34,4.11999999999989,TRUE,"",0,198,910198,920198,930198
"RDMM",199.999951687351,0.995999999449395,0.001,0.825266216416479,0.071,-27048.1315653242,56175.4974696219,100,4.11000000000013,TRUE,"",0,198,910198,920198,930198
"DGMM",NA,0.705306633613949,0.08,0.514656847766039,0.224,-31810.9732841038,65708.0886624601,33,3.87999999999988,TRUE,"",0.1,198,910198,920198,930198
"RDMM",7.38840460960009,0.964288283372529,0.009,0.779404386894918,0.091,-29352.9812506408,60785.1968402551,100,4.02999999999997,TRUE,"",0.1,198,910198,920198,930198
"DGMM",NA,0.598678955432483,0.113,0.47495638831018,0.25,-33800.3228731034,69686.7878404594,20,2.40000000000009,TRUE,"",0.2,198,910198,920198,930198
"RDMM",4.97059538301549,0.948624612215473,0.013,0.753965525918385,0.102,-31083.8795923255,64246.9935236246,100,4.33999999999992,TRUE,"",0.2,198,910198,920198,930198
"DGMM",NA,0.00158482480272607,0.475,-0.000199615095926883,0.719,-33257.4773196845,68601.0967336216,22,2.61000000000013,TRUE,"",0.3,198,910198,920198,930198
"RDMM",3.88888885223072,0.906210182806319,0.024,0.72373847239941,0.116,-32833.2244527907,67745.6832445549,197,8.11999999999989,TRUE,"",0.3,198,910198,920198,930198
"DGMM",NA,0.0011516796524231,0.477,-0.000275040943083556,0.728,-34974.3466149318,72034.8353241162,26,3.16000000000008,TRUE,"",0.4,198,910198,920198,930198
"RDMM",3.29805813787163,0.879723685300903,0.031,0.470791227146069,0.308,-34585.3812862214,71249.9969114164,111,4.52999999999997,TRUE,"",0.4,198,910198,920198,930198
"DGMM",NA,0.00192856401323507,0.473,6.43806367570003e-05,0.725,-36741.8823273719,75569.9067489964,22,2.63000000000011,TRUE,"",0.5,198,910198,920198,930198
"RDMM",3.06170525224292,0.791891834058732,0.055,0.466311350363728,0.318,-36188.8565634852,74456.947465944,121,4.83999999999992,TRUE,"",0.5,198,910198,920198,930198
"DGMM",NA,0.992008005214688,0.002,0.840052233184135,0.064,-27235.7105428848,56557.5631800223,43,5.08999999999992,TRUE,"",0,199,910199,920199,930199
"RDMM",199.999954790391,0.992008005214688,0.002,0.829276741754775,0.069,-27203.7782933352,56486.790925644,115,4.59000000000015,TRUE,"",0,199,910199,920199,930199
"DGMM",NA,0.968224211015188,0.008,0.515595810808541,0.254,-31491.921557293,65069.9852088387,18,2.19000000000005,TRUE,"",0.1,199,910199,920199,930199
"RDMM",8.7833405975711,0.968224209437989,0.008,0.778674416886548,0.091,-29314.0193812137,60707.2731014011,138,5.56999999999994,TRUE,"",0.1,199,910199,920199,930199
"DGMM",NA,0.57414152543524,0.121,0.288788325918415,0.535,-33666.4004330463,69418.9429603452,40,4.78999999999996,TRUE,"",0.2,199,910199,920199,930199
"RDMM",5.17081135639218,0.921521508374893,0.02,0.71370799612115,0.12,-31261.4588447121,64602.1520283978,168,6.55999999999995,TRUE,"",0.2,199,910199,920199,930199
"DGMM",NA,0.774174304477733,0.06,0.408715231832169,0.295,-36475.6311263983,75037.4043470493,16,1.94000000000005,TRUE,"",0.3,199,910199,920199,930199
"RDMM",4.03598913553157,0.90621018518809,0.024,0.688916233796621,0.131,-32968.1773326041,68015.5890041818,116,4.70000000000005,TRUE,"",0.3,199,910199,920199,930199
"DGMM",NA,0.767143046345678,0.062,0.407533496059256,0.303,-38639.5087621417,79365.159618536,7,0.8599999999999,TRUE,"",0.4,199,910199,920199,930199
"RDMM",3.43381774311391,0.875971965559306,0.032,0.642639190136835,0.153,-34812.3657651233,71703.9658692202,135,5.60000000000014,TRUE,"",0.4,199,910199,920199,930199
"DGMM",NA,0.000315232366292062,0.482,-0.000314873742678829,0.737,-36769.7182197239,75625.5785337005,27,3.32999999999993,TRUE,"",0.5,199,910199,920199,930199
"RDMM",3.19361563948915,0.827927838960848,0.045,0.592524760515197,0.179,-36191.1809511298,74461.5962412331,124,5.07999999999993,TRUE,"",0.5,199,910199,920199,930199
"DGMM",NA,0.995999999123111,0.001,0.810065330065699,0.077,-27120.3020821758,56326.7462586042,42,5.02000000000021,TRUE,"",0,200,910200,920200,930200
"RDMM",199.999947184371,0.992008005875829,0.002,0.826233661221342,0.07,-27072.883868267,56225.0020755076,140,5.58999999999992,TRUE,"",0,200,910200,920200,930200
"DGMM",NA,0.90240253360143,0.025,0.660260033231763,0.145,-31688.9137358146,65463.9695658819,16,1.93000000000006,TRUE,"",0.1,200,910200,920200,930200
"RDMM",7.45418493936107,0.933089063350261,0.017,0.778825631131512,0.09,-29348.908643529,60777.0516260316,131,5.23000000000002,TRUE,"",0.1,200,910200,920200,930200
"DGMM",NA,0.614280256929358,0.108,0.293367013340305,0.385,-34240.2079043502,70566.5579029529,12,1.49000000000001,TRUE,"",0.2,200,910200,920200,930200
"RDMM",4.56480124664158,0.89102698893936,0.028,0.707819162609171,0.123,-31436.9973509991,64953.2290409718,199,7.93999999999983,TRUE,"",0.2,200,910200,920200,930200
"DGMM",NA,-0.000885250627195065,0.5,-0.00133658187973873,0.734,-33538.085261924,69162.3126181007,31,3.70000000000005,TRUE,"",0.3,200,910200,920200,930200
"RDMM",3.62682186350536,0.857333289075248,0.037,0.480593471435835,0.274,-33175.297502654,68429.8293442815,107,4.29999999999995,TRUE,"",0.3,200,910200,920200,930200
"DGMM",NA,0.746242552401676,0.068,0.334281717681024,0.38,-38813.1995662219,79712.5412266964,6,0.810000000000173,TRUE,"",0.4,200,910200,920200,930200
"RDMM",3.21112322743606,0.835231233275815,0.043,0.453194179545885,0.286,-34835.0839783912,71749.402295756,105,4.22000000000003,TRUE,"",0.4,200,910200,920200,930200
"DGMM",NA,0.732470003842487,0.072,0.347650327973892,0.362,-40407.9085795856,82901.9592534238,6,0.779999999999973,TRUE,"",0.5,200,910200,920200,930200
"RDMM",2.93528736977785,0.81341737651436,0.049,0.416328152360552,0.331,-36576.5638648927,75232.362068759,103,4.25,TRUE,"",0.5,200,910200,920200,930200
"DGMM",NA,0.995999999913427,0.001,0.756617684907986,0.103,-27192.6245718869,56471.3912380265,14,1.72000000000003,TRUE,"",0,201,910201,920201,930201
"RDMM",199.999953988151,0.995999999913427,0.001,0.848526787927462,0.061,-27019.7518970642,56118.738133102,143,5.82999999999993,TRUE,"",0,201,910201,920201,930201
"DGMM",NA,0.784781570596259,0.057,0.492364761802274,0.246,-32052.5552005168,66191.2524952862,11,1.40000000000009,TRUE,"",0.1,201,910201,920201,930201
"RDMM",7.98813507604614,0.972168166216484,0.007,0.820121117160423,0.073,-29319.3938171137,60718.0219732011,105,4.3599999999999,TRUE,"",0.1,201,910201,920201,930201
"DGMM",NA,0.887251243344837,0.029,0.573826938875455,0.193,-34653.0879005444,71392.3178953413,25,2.98000000000002,TRUE,"",0.2,201,910201,920201,930201
"RDMM",5.09473547093347,0.933089077445796,0.017,0.753524218090017,0.102,-31084.8762668144,64248.9868726025,108,4.37000000000012,TRUE,"",0.2,201,910201,920201,930201
"DGMM",NA,-0.000153311245895063,0.486,0.279749268972845,0.528,-33284.297095375,68654.7362850026,21,2.51999999999998,TRUE,"",0.3,201,910201,920201,930201
"RDMM",4.03632543753053,0.875971945557751,0.032,0.521395095979223,0.299,-32752.4228551406,67584.0800492548,104,4.16999999999985,TRUE,"",0.3,201,910201,920201,930201
"DGMM",NA,-0.000773414260468306,0.493,0.270975645725392,0.513,-35083.1904915869,72252.5230774263,27,3.22999999999979,TRUE,"",0.4,201,910201,920201,930201
"RDMM",3.50868222962737,0.875971945557751,0.032,0.671723717323673,0.141,-34519.817511443,71118.8693618597,115,4.63999999999987,TRUE,"",0.4,201,910201,920201,930201
"DGMM",NA,-0.000924675521654792,0.496,-0.000864570004821539,0.729,-36805.1089451008,75696.3599844543,33,3.87000000000012,TRUE,"",0.5,201,910201,920201,930201
"RDMM",3.12493913709505,0.849933917174667,0.039,0.615210385758039,0.17,-36117.7286178305,74314.6915746345,108,4.33999999999992,TRUE,"",0.5,201,910201,920201,930201
"DGMM",NA,0.995999998759119,0.001,0.806615816636273,0.079,-27194.7023129751,56475.5467202029,21,2.52999999999997,TRUE,"",0,202,910202,920202,930202
"RDMM",199.999955091304,0.995999998759119,0.001,0.838073817290419,0.065,-27150.1952779656,56379.6248949048,100,4.02999999999997,TRUE,"",0,202,910202,920202,930202
"DGMM",NA,0.92922518994962,0.018,0.664961513882998,0.144,-31752.8029323625,65591.7479589775,15,1.83000000000015,TRUE,"",0.1,202,910202,920202,930202
"RDMM",7.72657530101259,0.95252850486777,0.012,0.773259077498096,0.093,-29490.6502679136,61060.5348748007,101,4.08999999999992,TRUE,"",0.1,202,910202,920202,930202
"DGMM",NA,0.626897371780232,0.104,0.309836033375169,0.528,-33527.0424835508,69140.2270613542,39,4.57999999999993,TRUE,"",0.2,202,910202,920202,930202
"RDMM",5.12223063823886,0.894810764256083,0.027,0.742991519591784,0.107,-31276.340054684,64631.9144483416,147,6.02000000000021,TRUE,"",0.2,202,910202,920202,930202
"DGMM",NA,-0.000665423280381211,0.493,-0.000350150443837,0.729,-33753.0680869933,69592.2782682392,35,4.25,TRUE,"",0.3,202,910202,920202,930202
"RDMM",3.90349080541049,0.879723662531812,0.031,0.674352611640568,0.139,-33033.7883778944,68146.8110947624,216,8.66999999999985,TRUE,"",0.3,202,910202,920202,930202
"DGMM",NA,0.770654657500556,0.061,0.428315860065424,0.283,-39435.6576893711,80957.4574729948,6,0.759999999999991,TRUE,"",0.4,202,910202,920202,930202
"RDMM",3.37846348390342,0.861045007973338,0.036,0.490677652580248,0.255,-34764.7331374111,71608.7006137959,100,4.04999999999995,TRUE,"",0.4,202,910202,920202,930202
"DGMM",NA,0.633250334644899,0.102,0.320611332636346,0.367,-40681.4197644405,83448.9816231336,6,0.759999999999991,TRUE,"",0.5,202,910202,920202,930202
"RDMM",3.14272994284224,0.853629556675623,0.038,0.462626528291649,0.295,-36308.7863744336,74696.8070878409,102,4.25999999999999,TRUE,"",0.5,202,910202,920202,930202
"DGMM",NA,0.988024022446941,0.003,0.549762927056778,0.229,-27314.8036343674,56715.7493629875,13,1.59999999999991,TRUE,"",0,203,910203,920203,930203
"RDMM",199.999949177397,0.995999998932265,0.001,0.849153508781439,0.06,-27129.3126810195,56337.8597010127,131,5.17000000000007,TRUE,"",0,203,910203,920203,930203
"DGMM",NA,0.936960956585879,0.016,0.683440749553764,0.134,-31415.8514498009,64917.8449938543,15,2.00999999999999,TRUE,"",0.1,203,910203,920203,930203
"RDMM",8.34869644673014,0.956440428812927,0.011,0.824875643317897,0.069,-29277.0019138535,60633.2381666807,115,4.72000000000003,TRUE,"",0.1,203,910203,920203,930203
"DGMM",NA,0.802617792822922,0.052,0.35742144403716,0.342,-34466.6216291065,71019.3853524656,20,2.38999999999987,TRUE,"",0.2,203,910203,920203,930203
"RDMM",5.16959948089772,0.910026025065343,0.023,0.795270234934942,0.081,-31193.0729077128,64465.3801543992,100,4.00999999999999,TRUE,"",0.2,203,910203,920203,930203
"DGMM",NA,-0.000851208330068548,0.492,-0.0010239469699069,0.72,-33415.3605904863,68916.8632752251,35,4.11000000000013,TRUE,"",0.3,203,910203,920203,930203
"RDMM",3.998911649488,0.857333225178875,0.037,0.471013205625353,0.319,-33021.6010909753,68122.4365209241,125,5.1099999999999,TRUE,"",0.3,203,910203,920203,930203
"DGMM",NA,0.000248304656688804,0.482,-0.000282857977641318,0.72,-35115.1805824017,72316.503259056,34,4.02999999999997,TRUE,"",0.4,203,910203,920203,930203
"RDMM",3.41718961289139,0.85362953195164,0.038,0.475897917219803,0.319,-34674.0523293073,71427.3389975882,112,4.5300000000002,TRUE,"",0.4,203,910203,920203,930203
"DGMM",NA,0.00235178345910241,0.471,0.000616653407850322,0.716,-36960.0193491954,76006.1807926435,22,2.66999999999985,TRUE,"",0.5,203,910203,920203,930203
"RDMM",3.10903693454184,0.813417201594806,0.049,0.636025795713738,0.153,-36306.5825096521,74692.3993582779,105,4.25999999999999,TRUE,"",0.5,203,910203,920203,930203
"DGMM",NA,1,0,0.737995246801252,0.114,-27233.21691285,56552.5759199525,13,1.70000000000005,TRUE,"",0,204,910204,920204,930204
"RDMM",199.999952312274,0.995999996198092,0.001,0.847644424441518,0.061,-27056.3914947666,56192.0173285069,155,6.24000000000001,TRUE,"",0,204,910204,920204,930204
"DGMM",NA,0.921521453297154,0.02,0.578926230296226,0.195,-31448.2581468329,64982.6583879184,19,2.28999999999996,TRUE,"",0.1,204,910204,920204,930204
"RDMM",7.81132703176052,0.925369301894911,0.019,0.777681067583046,0.09,-29336.5216291642,60752.2775973019,209,8.40000000000009,TRUE,"",0.1,204,910204,920204,930204
"DGMM",NA,0.806210789741117,0.051,0.487988782396592,0.273,-34697.7464829691,71481.6350601907,15,1.81999999999994,TRUE,"",0.2,204,910204,920204,930204
"RDMM",4.95468907848979,0.88348337138666,0.03,0.526794725625702,0.302,-31333.7740914709,64746.7825219154,100,4.04999999999995,TRUE,"",0.2,204,910204,920204,930204
"DGMM",NA,0.00116385561161375,0.478,-0.000233993958573413,0.726,-33382.0817146109,68850.3055234744,24,2.92000000000007,TRUE,"",0.3,204,910204,920204,930204
"RDMM",3.8552756520131,0.857333195527059,0.037,0.733774582331562,0.11,-32961.1758413216,68001.5860216169,100,3.99000000000001,TRUE,"",0.3,204,910204,920204,930204
"DGMM",NA,0.708672841513815,0.079,0.380537157717597,0.319,-38236.0676836238,78558.2774615002,6,0.860000000000127,TRUE,"",0.4,204,910204,920204,930204
"RDMM",3.3912573400018,0.817032862661832,0.048,0.673053114117047,0.139,-34510.7771813812,71100.788701736,100,3.97999999999979,TRUE,"",0.4,204,910204,920204,930204
"DGMM",NA,-0.000833689990972738,0.494,6.34143922234023e-05,0.723,-36738.8607563112,75563.8636068749,27,3.31000000000017,TRUE,"",0.5,204,910204,920204,930204
"RDMM",3.14154606079905,0.795459262677531,0.054,0.485876387924655,0.307,-36214.5880228505,74508.4103846747,106,4.29999999999995,TRUE,"",0.5,204,910204,920204,930204
"DGMM",NA,0.988024019156837,0.003,0.742781902124845,0.11,-27237.2233446814,56560.5887836153,23,2.80999999999995,TRUE,"",0,205,910205,920205,930205
"RDMM",199.999946152664,0.988024019156837,0.003,0.810348113557171,0.077,-27105.1511362842,56289.536611542,146,6,TRUE,"",0,205,910205,920205,930205
"DGMM",NA,0.921521468576403,0.02,0.623912325686894,0.166,-31262.072970502,64610.2880352566,14,1.83000000000015,TRUE,"",0.1,205,910205,920205,930205
"RDMM",8.26503949076795,0.929225179011441,0.018,0.737578069267612,0.11,-29281.1628196797,60641.559978333,100,4.1099999999999,TRUE,"",0.1,205,910205,920205,930205
"DGMM",NA,-0.000131793306163605,0.488,0.000334853612087209,0.73,-31762.9162729664,65611.9746401854,40,4.80999999999995,TRUE,"",0.2,205,910205,920205,930205
"RDMM",4.65111851519253,0.906210153034172,0.024,0.579863204478667,0.191,-31526.1285299164,65131.4913988064,112,4.60000000000014,TRUE,"",0.2,205,910205,920205,930205
"DGMM",NA,-0.00048555382812747,0.491,0.150388990545707,0.55,-33782.8958912897,69651.933876832,21,2.5,TRUE,"",0.3,205,910205,920205,930205
"RDMM",3.83283233425318,0.86104495129977,0.036,0.464927099071712,0.312,-33159.6622470717,68398.558833117,141,5.66999999999985,TRUE,"",0.3,205,910205,920205,930205
"DGMM",NA,-0.000648576713533197,0.492,0.000415933429749879,0.724,-35528.1943860543,73142.5308663612,22,2.61000000000013,TRUE,"",0.4,205,910205,920205,930205
"RDMM",3.25616013368521,0.820656552670627,0.047,0.429341236949205,0.327,-34871.8591889874,71822.9527169485,100,4.09999999999991,TRUE,"",0.4,205,910205,920205,930205
"DGMM",NA,-0.000643345685299708,0.491,3.86320157389592e-05,0.731,-37208.7110653158,76503.5642248843,28,3.32000000000016,TRUE,"",0.5,205,910205,920205,930205
"RDMM",3.02221568614815,0.770654747863413,0.061,0.328789981192958,0.421,-36484.1483479021,75047.5310347778,100,4.02999999999997,TRUE,"",0.5,205,910205,920205,930205
"DGMM",NA,0.995999996008016,0.001,0.874257570711435,0.05,-27042.3106226272,56170.7633395071,37,4.41999999999985,TRUE,"",0,206,910206,920206,930206
"RDMM",199.999951345146,0.992008000063936,0.002,0.859645165568903,0.056,-27013.4521630066,56106.1386649867,101,4.08000000000015,TRUE,"",0,206,910206,920206,930206
"DGMM",NA,0.681966177248979,0.087,0.455091779896625,0.27,-32360.0084065872,66806.158907427,7,0.909999999999854,TRUE,"",0.1,206,910206,920206,930206
"RDMM",7.48273478824048,0.936960904339529,0.016,0.784427837906967,0.088,-29391.5787539281,60862.3918468299,102,4.1400000000001,TRUE,"",0.1,206,910206,920206,930206
"DGMM",NA,-0.000530829722859153,0.499,-8.99810619731908e-05,0.725,-31720.5819369443,65527.3059681413,19,2.29999999999995,TRUE,"",0.2,206,910206,920206,930206
"RDMM",4.8587903093306,0.883483389991957,0.03,0.509064394899732,0.273,-31283.9349243029,64647.1041875795,108,4.8900000000001,TRUE,"",0.2,206,910206,920206,930206
"DGMM",NA,-7.17974939393068e-05,0.487,0.259515065396032,0.517,-33479.3281925084,69044.7984792694,18,2.14999999999986,TRUE,"",0.3,206,910206,920206,930206
"RDMM",3.86576405774693,0.88348337138666,0.03,0.571864198664687,0.199,-32979.5409407784,68038.3162205304,109,4.6400000000001,TRUE,"",0.3,206,910206,920206,930206
"DGMM",NA,0.000420310895115678,0.482,0.184657652888051,0.558,-35242.8214701089,72571.7850344703,19,2.26999999999998,TRUE,"",0.4,206,910206,920206,930206
"RDMM",3.40603509843193,0.868492424770639,0.034,0.669362678075014,0.14,-34489.1503209338,71057.5349808412,170,6.86999999999989,TRUE,"",0.4,206,910206,920206,930206
"DGMM",NA,0.00241712515541559,0.471,0.000255059375650979,0.723,-36895.720463122,75877.5830204967,20,2.48000000000002,TRUE,"",0.5,206,910206,920206,930206
"RDMM",3.07309074819719,0.838894765625992,0.042,0.67286415073352,0.138,-36058.3128157345,74195.8599704426,156,6.27000000000021,TRUE,"",0.5,206,910206,920206,930206
"DGMM",NA,0.992007963534532,0.002,0.752078488688387,0.103,-27263.507286271,56613.1566667945,11,1.44999999999982,TRUE,"",0,207,910207,920207,930207
"RDMM",199.999947271148,0.992007963534532,0.002,0.849528871335947,0.06,-27079.9742640528,56239.1828670792,142,5.60000000000014,TRUE,"",0,207,910207,920207,930207
"DGMM",NA,0.948624255604245,0.013,0.674013347749103,0.139,-31072.5557442623,64231.2535827772,15,1.82999999999993,TRUE,"",0.1,207,910207,920207,930207
"RDMM",8.47972528743823,0.964288107599748,0.009,0.803533823274071,0.08,-29245.3719943031,60569.9783275798,127,5.10000000000014,TRUE,"",0.1,207,910207,920207,930207
"DGMM",NA,0.633200180250446,0.102,0.298422586465326,0.539,-33727.6462620722,69541.4346183971,21,2.50999999999999,TRUE,"",0.2,207,910207,920207,930207
"RDMM",5.22257908079329,0.921521364305224,0.02,0.761303006942621,0.097,-31155.1681189489,64389.5705768715,251,10.05,TRUE,"",0.2,207,910207,920207,930207
"DGMM",NA,0.00340223161354086,0.465,0.00135149073000443,0.726,-33489.8352942102,69065.812682673,20,2.38999999999987,TRUE,"",0.3,207,910207,920207,930207
"RDMM",3.91682563289478,0.887251066887273,0.029,0.710744090170611,0.12,-33035.1707649588,68149.5758688912,125,5.08000000000015,TRUE,"",0.3,207,910207,920207,930207
"DGMM",NA,-0.000366268405079001,0.485,0.246673356358264,0.519,-35413.8246415878,72913.7913774282,28,3.32999999999993,TRUE,"",0.4,207,910207,920207,930207
"RDMM",3.38867808558328,0.846246238348426,0.04,0.662645004193887,0.142,-34768.4277089938,71616.0897569612,100,4.20000000000005,TRUE,"",0.4,207,910207,920207,930207
"DGMM",NA,0.000366061907743672,0.481,-0.000343565518145707,0.733,-37083.819575039,76253.7812443306,43,5.09999999999991,TRUE,"",0.5,207,910207,920207,930207
"RDMM",3.14867304768178,0.809810112661937,0.05,0.595948696863943,0.177,-36400.1454499861,74879.5252389457,111,4.43000000000006,TRUE,"",0.5,207,910207,920207,930207
"DGMM",NA,1,0,0.879542018699642,0.047,-27265.2284570712,56616.5990083951,33,4.01999999999998,TRUE,"",0,208,910208,920208,930208
"RDMM",199.999953828199,1,0,0.884909093658086,0.045,-27251.1562793519,56581.5468976774,100,4.10000000000014,TRUE,"",0,208,910208,920208,930208
"DGMM",NA,-0.000410714107766835,0.485,0.258138606952881,0.519,-30019.4636533679,62125.0694009885,27,3.27999999999997,TRUE,"",0.1,208,910208,920208,930208
"RDMM",7.46181647239471,0.944728709942269,0.014,0.784548470224934,0.087,-29606.5961668434,61292.4266726604,160,6.39999999999986,TRUE,"",0.1,208,910208,920208,930208
"DGMM",NA,-0.0011750494549676,0.498,0.264275984563037,0.534,-31916.2512460304,65918.6445863135,22,2.63000000000011,TRUE,"",0.2,208,910208,920208,930208
"RDMM",4.82516733888939,0.910025940525151,0.023,0.751500271526067,0.101,-31465.9379222445,65011.1101834627,128,5.19000000000005,TRUE,"",0.2,208,910208,920208,930208
"DGMM",NA,-0.000791132186232707,0.491,-0.000827841895397208,0.733,-33992.1470465021,70070.4361872567,24,2.81999999999994,TRUE,"",0.3,208,910208,920208,930208
"RDMM",3.71991775425285,0.875971786791821,0.032,0.538025677468839,0.248,-33514.3676757452,69107.969690464,129,5.13999999999987,TRUE,"",0.3,208,910208,920208,930208
"DGMM",NA,-0.000719569937157528,0.491,0.0012326863117341,0.722,-35581.9813562267,73250.104806706,23,2.77000000000021,TRUE,"",0.4,208,910208,920208,930208
"RDMM",3.31360582306715,0.84993357341399,0.039,0.657526083706764,0.145,-35093.3352153548,72265.9047696831,110,4.45999999999981,TRUE,"",0.4,208,910208,920208,930208
"DGMM",NA,-0.000975919923314492,0.497,0.000850506632709612,0.717,-37206.4347479779,76499.0115902084,25,3,TRUE,"",0.5,208,910208,920208,930208
"RDMM",3.15817851170095,0.827927514540575,0.045,0.634063296604358,0.157,-36691.8007535412,75462.835846056,119,4.98000000000002,TRUE,"",0.5,208,910208,920208,930208
"DGMM",NA,1,0,0.84074462840684,0.063,-27020.1572079257,56126.456510104,38,2.14,TRUE,"",0,209,910209,920209,930209
"RDMM",199.999952248915,1,0,0.862976993955468,0.054,-27003.6231754878,56086.4806899492,115,5.28,TRUE,"",0,209,910209,920209,930209
"DGMM",NA,0.964288141842049,0.009,0.479603483376495,0.489,-31661.1517935054,65408.4456812634,19,2.27,TRUE,"",0.1,209,910209,920209,930209
"RDMM",8.09374806412116,0.972168054035663,0.007,0.819001161157961,0.073,-29276.8780427239,60632.9904244214,115,4.67,TRUE,"",0.1,209,910209,920209,930209
"DGMM",NA,0.583253783696673,0.118,0.314956841168109,0.354,-33645.5883672439,69377.3188287405,12,1.47,TRUE,"",0.2,209,910209,920209,930209
"RDMM",5.3053587159542,0.944728476047512,0.014,0.782956264009629,0.088,-31011.595313038,64102.4249650496,260,10.49,TRUE,"",0.2,209,910209,920209,930209
"DGMM",NA,0.429707910091221,0.172,0.19230996115354,0.558,-35638.1617355657,73362.465565384,25,3.01,TRUE,"",0.3,209,910209,920209,930209
"RDMM",4.05813350426363,0.906209948449393,0.024,0.669641743123682,0.14,-32810.5550024816,67700.3443439369,172,6.79,TRUE,"",0.3,209,910209,920209,930209
"DGMM",NA,0.000661879308099207,0.478,9.13253735455577e-05,0.725,-35036.4260127181,72158.9941196888,35,4.18,TRUE,"",0.4,209,910209,920209,930209
"RDMM",3.51931163972369,0.864764543631437,0.035,0.700028738842432,0.124,-34463.0920670308,71005.4184730352,100,4.03,TRUE,"",0.4,209,910209,920209,930209
"DGMM",NA,-0.000409550856726912,0.487,-0.000407958668669362,0.728,-36736.6894053757,75559.520905004,30,3.71,TRUE,"",0.5,209,910209,920209,930209
"RDMM",3.30772479805078,0.842566309135292,0.041,0.62553299249788,0.16,-36094.0526070669,74267.3395531074,183,7.35,TRUE,"",0.5,209,910209,920209,930209
"DGMM",NA,0.992008000992225,0.002,0.830838201777487,0.068,-27289.0333654045,56664.2088250617,16,1.94,TRUE,"",0,210,910210,920210,930210
"RDMM",199.999951270758,0.995999996383551,0.001,0.833326637321404,0.067,-27271.6710969541,56622.5765328819,104,4.2,TRUE,"",0,210,910210,920210,930210
"DGMM",NA,0.842567510948541,0.041,0.645427678358685,0.151,-31567.3060303561,65220.7541549648,29,3.47000000000001,TRUE,"",0.1,210,910210,920210,930210
"RDMM",7.76132014691902,0.976120099157129,0.006,0.788310340626524,0.086,-29547.9877623189,61175.2098636114,148,5.97,TRUE,"",0.1,210,910210,920210,930210
"DGMM",NA,0.568096513294961,0.123,0.432226938523762,0.266,-33804.5254157812,69695.1929258149,15,1.8,TRUE,"",0.2,210,910210,920210,930210
"RDMM",4.95228176267898,0.952528484718547,0.012,0.74940519147315,0.103,-31368.936247749,64817.1068344715,106,4.36,TRUE,"",0.2,210,910210,920210,930210
"DGMM",NA,-0.000580428778560672,0.493,0.000767601525224375,0.723,-33416.9486569742,68920.0394082009,31,3.75,TRUE,"",0.3,210,910210,920210,930210
"RDMM",3.92657545445631,0.872228131881679,0.033,0.491563138112954,0.297,-33165.0518034184,68409.3379458105,109,4.42999999999999,TRUE,"",0.3,210,910210,920210,930210
"DGMM",NA,-0.000507838964148109,0.49,0.000686247531556592,0.726,-35131.4407767703,72349.0236477933,30,3.57000000000001,TRUE,"",0.4,210,910210,920210,930210
"RDMM",3.46274222369586,0.861044933489022,0.036,0.653219278295369,0.146,-34675.8291236308,71430.8925862353,133,5.31,TRUE,"",0.4,210,910210,920210,930210
"DGMM",NA,-0.00083254943043213,0.494,0.00238369323246712,0.718,-36757.4627069596,75601.0675081718,29,3.47,TRUE,"",0.5,210,910210,920210,930210
"RDMM",3.19256299561174,0.838894804236992,0.042,0.632617174192128,0.156,-36246.8688319532,74572.9720028801,103,4.18000000000001,TRUE,"",0.5,210,910210,920210,930210
"DGMM",NA,0.992008008132933,0.002,0.725510123420213,0.118,-27371.6128424549,56829.3677791624,11,1.38,TRUE,"",0,211,910211,920211,930211
"RDMM",199.999955509191,1,0,0.860652848818554,0.055,-27118.3019410073,56315.8382209882,126,5.12,TRUE,"",0,211,910211,920211,930211
"DGMM",NA,0.824287906950469,0.046,0.477050499085432,0.318,-31438.6643204924,64963.4707352375,32,3.94999999999999,TRUE,"",0.1,211,910211,920211,930211
"RDMM",7.8226115358397,0.948624619806257,0.013,0.544717335686417,0.266,-29469.3205947796,61017.8755285329,113,4.47,TRUE,"",0.1,211,910211,920211,930211
"DGMM",NA,-0.000876141985785508,0.493,0.000698547827647111,0.721,-31567.2394819364,65220.6210581255,26,3.11,TRUE,"",0.2,211,910211,920211,930211
"RDMM",5.06382540980135,0.910026017587593,0.023,0.752940327056993,0.101,-31116.2178353796,64311.6700097328,210,8.52,TRUE,"",0.2,211,910211,920211,930211
"DGMM",NA,-0.000940487652331232,0.495,-0.00108844743984764,0.731,-33327.8542635895,68741.8506214316,26,3.09999999999999,TRUE,"",0.3,211,910211,920211,930211
"RDMM",3.97602147157918,0.87597196894758,0.032,0.708374353780126,0.121,-32854.1470977852,67787.528534544,253,10.19,TRUE,"",0.3,211,910211,920211,930211
"DGMM",NA,-0.000821891910098616,0.493,-0.00121819531941486,0.729,-35084.3987148785,72254.9395240095,23,2.72999999999999,TRUE,"",0.4,211,910211,920211,930211
"RDMM",3.43862722997417,0.7883322541163,0.056,0.516552298162148,0.223,-34567.0937515505,71213.4218420745,101,4.05000000000001,TRUE,"",0.4,211,910211,920211,930211
"DGMM",NA,0.678654579309211,0.088,0.267456581955303,0.474,-39731.7985633961,81549.7392210447,10,1.29999999999998,TRUE,"",0.5,211,910211,920211,930211
"RDMM",3.19141248195808,0.795459435032668,0.054,0.593724860010675,0.176,-36224.3932813597,74528.0209016931,103,4.13,TRUE,"",0.5,211,910211,920211,930211
"DGMM",NA,0.995999996912225,0.001,0.814428774597306,0.075,-27082.9571881693,56252.0564705912,21,2.63,TRUE,"",0,212,910212,920212,930212
"RDMM",163.259519527729,1,0,0.825960331426535,0.07,-27053.5081858885,56186.2507107506,100,3.97,TRUE,"",0,212,910212,920212,930212
"DGMM",NA,0.92536931929657,0.019,0.606239585432695,0.176,-31749.5773071482,65585.296708549,19,2.28,TRUE,"",0.1,212,910212,920212,930212
"RDMM",7.60681663642291,0.964288264327813,0.009,0.820109137478233,0.072,-29370.9133645671,60821.0610681079,106,4.29999999999998,TRUE,"",0.1,212,910212,920212,930212
"DGMM",NA,0.898602514453935,0.026,0.389029725983945,0.366,-35312.9160089096,72711.9741120717,16,1.94,TRUE,"",0.2,212,910212,920212,930212
"RDMM",4.75805040701392,0.92536931929657,0.019,0.509778287008133,0.287,-31425.267358115,64929.7690552035,107,4.5,TRUE,"",0.2,212,910212,920212,930212
"DGMM",NA,0.875971914257959,0.032,0.436061027555411,0.49,-36851.0728636849,75788.2878216224,35,4.30000000000001,TRUE,"",0.3,212,910212,920212,930212
"RDMM",3.752434682607,0.887251164215564,0.029,0.481684102900896,0.272,-33206.2623933578,68491.7591256893,100,4.00999999999999,TRUE,"",0.3,212,910212,920212,930212
"DGMM",NA,-0.000853326255326413,0.496,7.85249061000106e-05,0.73,-35296.0649001335,72678.2718945195,23,2.78,TRUE,"",0.4,212,910212,920212,930212
"RDMM",3.37038952062919,0.879723616993605,0.031,0.655510006796084,0.147,-34638.6341109308,71356.5025608352,132,5.27000000000001,TRUE,"",0.4,212,910212,920212,930212
"DGMM",NA,0.626894625679423,0.104,0.378597635902118,0.325,-39955.6165982918,81997.3752908361,6,0.799999999999983,TRUE,"",0.5,212,910212,920212,930212
"RDMM",3.13700905436179,0.846246201321835,0.04,0.620682972499896,0.165,-36124.585449279,74328.4052375315,116,4.73000000000002,TRUE,"",0.5,212,910212,920212,930212
"DGMM",NA,0.992007868214712,0.002,0.494089349633952,0.486,-27366.5032706228,56819.1486354982,25,3.14000000000001,TRUE,"",0,213,910213,920213,930213
"RDMM",199.99995347915,0.988023767490789,0.003,0.853617597829617,0.057,-27108.762258929,56296.7588568316,192,7.68000000000001,TRUE,"",0,213,910213,920213,930213
"DGMM",NA,0.846231418840623,0.04,0.405101699825131,0.492,-31063.8508346744,64213.8437636014,26,3.10999999999999,TRUE,"",0.1,213,910213,920213,930213
"RDMM",8.17190452833636,0.94472802372131,0.014,0.543192493467314,0.252,-29457.2291914252,60993.6927218239,129,5.18000000000001,TRUE,"",0.1,213,910213,920213,930213
"DGMM",NA,0.639549685148209,0.1,0.269912671975529,0.456,-34129.9948785457,70346.1318513439,18,2.15000000000001,TRUE,"",0.2,213,910213,920213,930213
"RDMM",4.95987081152772,0.913849554654177,0.022,0.743799956746042,0.104,-31314.0520341784,64707.3384073305,100,4.13999999999999,TRUE,"",0.2,213,910213,920213,930213
"DGMM",NA,-0.000262316467347356,0.478,0.000257980224604533,0.716,-33714.6082442726,69515.3585827978,21,2.5,TRUE,"",0.3,213,910213,920213,930213
"RDMM",3.87119970412302,0.879721147327249,0.031,0.478559377729963,0.306,-33277.1959279735,68633.6261949206,150,5.97,TRUE,"",0.3,213,910213,920213,930213
"DGMM",NA,-0.00145402696342151,0.494,-0.00108309784514489,0.723,-35533.4195226439,73152.9811395404,36,4.31,TRUE,"",0.4,213,910213,920213,930213
"RDMM",3.46962342089623,0.824285214796802,0.046,0.400912873177013,0.36,-34968.8156504343,72016.8656398422,184,7.49000000000001,TRUE,"",0.4,213,910213,920213,930213
"DGMM",NA,-0.000691551130641682,0.489,0.0020129524029698,0.705,-37336.1282831598,76758.3986605722,43,5.04999999999998,TRUE,"",0.5,213,910213,920213,930213
"RDMM",3.11684938664506,0.809808530306555,0.05,0.644134810895024,0.15,-36473.328071175,75025.8904813236,132,5.25,TRUE,"",0.5,213,910213,920213,930213
"DGMM",NA,1,0,0.849441919450612,0.06,-27003.7843185641,56093.7107313808,40,4.78999999999999,TRUE,"",0,214,910214,920214,930214
"RDMM",199.999952024355,1,0,0.852085164179239,0.059,-26980.4984622448,56040.2312634631,104,4.38,TRUE,"",0,214,910214,920214,930214
"DGMM",NA,0.929225175840049,0.018,0.453764376793151,0.503,-32041.0711830612,66168.284460375,21,2.62,TRUE,"",0.1,214,910214,920214,930214
"RDMM",7.74421153196133,0.964288254929115,0.009,0.570310935304807,0.277,-29425.8213798435,60930.8770986606,192,7.58000000000004,TRUE,"",0.1,214,910214,920214,930214
"DGMM",NA,-0.000413674059358085,0.494,0.0118587960217669,0.695,-31629.3665296624,65344.8751535774,32,3.82999999999998,TRUE,"",0.2,214,910214,920214,930214
"RDMM",5.12647981421291,0.944728690161577,0.014,0.765552765009531,0.096,-31104.0997457728,64287.4338305192,175,7.01999999999998,TRUE,"",0.2,214,910214,920214,930214
"DGMM",NA,-0.000752036990488694,0.5,0.0534683992568086,0.619,-33351.90092444,68789.9439431325,21,2.5,TRUE,"",0.3,214,910214,920214,930214
"RDMM",4.0362775492434,0.913849815591461,0.022,0.727711511227299,0.113,-32815.0886886245,67709.4117162227,104,4.18000000000001,TRUE,"",0.3,214,910214,920214,930214
"DGMM",NA,-0.00085352918623689,0.497,0.0014594019824535,0.724,-35089.6826555033,72265.5074052592,23,2.73000000000002,TRUE,"",0.4,214,910214,920214,930214
"RDMM",3.47478964350347,0.902402340525157,0.025,0.698067610413406,0.127,-34464.6145729909,71008.4634849554,108,4.36000000000001,TRUE,"",0.4,214,910214,920214,930214
"DGMM",NA,0.746242647781682,0.068,0.372444857441422,0.497,-39977.1918675911,82040.5258294347,18,2.25,TRUE,"",0.5,214,910214,920214,930214
"RDMM",3.16248263939841,0.85733320006495,0.037,0.48824734472088,0.284,-36288.8364226885,74656.9071843505,104,4.37,TRUE,"",0.5,214,910214,920214,930214
"DGMM",NA,0.992008001060261,0.002,0.844363084344688,0.062,-27213.3676194892,56512.877333231,33,3.99000000000001,TRUE,"",0,215,910215,920215,930215
"RDMM",199.999953499566,0.992008001060261,0.002,0.854091916877977,0.058,-27171.9834768077,56423.201292589,100,4.30000000000001,TRUE,"",0,215,910215,920215,930215
"DGMM",NA,0.76714648905902,0.062,0.363496866082127,0.487,-31248.5659052758,64583.2739048043,24,3.15000000000003,TRUE,"",0.1,215,910215,920215,930215
"RDMM",8.50549944572302,0.948624582145536,0.013,0.818035048310602,0.073,-29330.1698307891,60739.5740005518,100,4.23999999999995,TRUE,"",0.1,215,910215,920215,930215
"DGMM",NA,0.59251402101841,0.115,0.292523529262735,0.549,-33494.0819032051,69074.3059006628,34,4.82000000000005,TRUE,"",0.2,215,910215,920215,930215
"RDMM",5.13790471914021,0.921521448445639,0.02,0.765613529463791,0.095,-31188.6220928619,64456.4785246975,114,4.78999999999996,TRUE,"",0.2,215,910215,920215,930215
"DGMM",NA,-0.000170152018754671,0.488,-0.000329334700412904,0.731,-33813.7979110099,69713.7379162725,44,5.62,TRUE,"",0.3,215,910215,920215,930215
"RDMM",3.93101203727652,0.846246112582179,0.04,0.383524227260873,0.327,-33211.070716467,68501.3757719077,127,5.86000000000001,TRUE,"",0.3,215,910215,920215,930215
"DGMM",NA,0.000726122907169509,0.48,0.000196536152683503,0.726,-35397.4172049926,72880.9765042379,27,3.69999999999999,TRUE,"",0.4,215,910215,920215,930215
"RDMM",3.43999979977096,0.817032873972793,0.048,0.473035904064217,0.289,-34612.6586813279,71304.5517016293,133,5.55000000000001,TRUE,"",0.4,215,910215,920215,930215
"DGMM",NA,0.000635965939437655,0.48,0.00116747118298684,0.723,-36842.4139095983,75770.9699134493,29,3.44999999999999,TRUE,"",0.5,215,910215,920215,930215
"RDMM",3.2316273141285,0.817032873972793,0.048,0.592643308921962,0.179,-36087.4353073843,74254.1049537423,147,5.87,TRUE,"",0.5,215,910215,920215,930215
"DGMM",NA,0.988024017988711,0.003,0.675094842431591,0.142,-27338.4985952901,56763.1392848328,17,2.22999999999996,TRUE,"",0,216,910216,920216,930216
"RDMM",199.99995358758,0.992008004433235,0.002,0.846941327539378,0.061,-27177.1418996587,56433.518138291,132,5.24000000000001,TRUE,"",0,216,910216,920216,930216
"DGMM",NA,0.80262059035388,0.052,0.666082863707497,0.141,-31343.6276826307,64773.397459514,23,2.86000000000001,TRUE,"",0.1,216,910216,920216,930216
"RDMM",7.68047652906923,0.956440429919113,0.011,0.783495706371514,0.088,-29455.0560802981,60989.3464995698,100,3.95999999999998,TRUE,"",0.1,216,910216,920216,930216
"DGMM",NA,0.000198749274652696,0.485,-3.22829891069657e-05,0.731,-31581.83017021,65249.8024346726,24,2.85999999999996,TRUE,"",0.2,216,910216,920216,930216
"RDMM",5.21151541553076,0.921521486418542,0.02,0.747847688745349,0.104,-31229.9521848956,64539.1387087647,139,5.58999999999997,TRUE,"",0.2,216,910216,920216,930216
"DGMM",NA,0.655758382607787,0.095,0.33889666501926,0.351,-36716.2738874419,75518.6898691363,6,0.800000000000011,TRUE,"",0.3,216,910216,920216,930216
"RDMM",3.99739213811175,0.898602557248121,0.026,0.732105692170984,0.11,-33019.4833070369,68118.2009530474,179,7.11000000000001,TRUE,"",0.3,216,910216,920216,930216
"DGMM",NA,-0.000368360806484467,0.488,0.000142867149138363,0.728,-35186.677379329,72459.4968529107,25,3.07999999999998,TRUE,"",0.4,216,910216,920216,930216
"RDMM",3.43463329475581,0.879723714757244,0.031,0.679185148140945,0.135,-34677.9072837969,71435.0489065674,147,5.95999999999998,TRUE,"",0.4,216,910216,920216,930216
"DGMM",NA,0.0015085015161853,0.475,0.000439888482452942,0.727,-36912.8189771326,75911.7800485178,29,3.5,TRUE,"",0.5,216,910216,920216,930216
"RDMM",3.13806331207254,0.872228218702967,0.033,0.648497655232616,0.15,-36323.213766792,74725.6618725576,112,4.46999999999997,TRUE,"",0.5,216,910216,920216,930216
"DGMM",NA,1,0,0.858559091600818,0.056,-27312.3031200975,56710.7483344477,19,2.38,TRUE,"",0,217,910217,920217,930217
"RDMM",170.260393057877,1,0,0.877837494512339,0.048,-27288.3431118447,56655.920562663,100,4.01000000000005,TRUE,"",0,217,910217,920217,930217
"DGMM",NA,0.80620881910938,0.051,0.430566863560833,0.305,-31734.4278917599,65554.9978777725,13,1.63,TRUE,"",0.1,217,910217,920217,930217
"RDMM",7.8691894809501,0.968224152585361,0.008,0.787387676250409,0.087,-29518.3511244419,61115.9365878575,147,5.93000000000001,TRUE,"",0.1,217,910217,920217,930217
"DGMM",NA,0.595561783505388,0.114,0.296586795506889,0.516,-33592.0843024846,69270.3106992218,38,4.67000000000002,TRUE,"",0.2,217,910217,920217,930217
"RDMM",5.10017141648883,0.952528421503534,0.012,0.737089490190007,0.11,-31306.6426498855,64692.5196387447,117,4.71000000000004,TRUE,"",0.2,217,910217,920217,930217
"DGMM",NA,0.445621705440954,0.166,0.221806036229106,0.547,-35220.1593309213,72526.4607560951,46,5.5,TRUE,"",0.3,217,910217,920217,930217
"RDMM",4.04491489628373,0.925369223099176,0.019,0.709380712916634,0.123,-32927.7138932661,67934.6621255059,100,3.98999999999995,TRUE,"",0.3,217,910217,920217,930217
"DGMM",NA,-0.00117772644965913,0.499,0.00052902879037523,0.713,-35255.0277490734,72596.1975923994,28,3.39000000000004,TRUE,"",0.4,217,910217,920217,930217
"RDMM",3.44312688440854,0.883483288043824,0.03,0.640156504336858,0.158,-34654.0399216827,71387.3141823391,122,4.94999999999999,TRUE,"",0.4,217,910217,920217,930217
"DGMM",NA,-0.00104643138867055,0.499,-0.000381818739266629,0.72,-37044.5026501703,76175.1473945932,24,2.86000000000001,TRUE,"",0.5,217,910217,920217,930217
"RDMM",3.11223391111755,0.849932715954192,0.039,0.629099493882912,0.162,-36464.9772351636,75009.1888093008,144,5.96999999999997,TRUE,"",0.5,217,910217,920217,930217
"DGMM",NA,0.988024019417188,0.003,0.825530894254015,0.07,-27266.4300651936,56619.0022246398,26,3.18000000000001,TRUE,"",0,218,910218,920218,930218
"RDMM",199.999951187235,0.98404804091283,0.004,0.844022516948031,0.062,-27227.9670834676,56535.1685059089,100,4.02000000000004,TRUE,"",0,218,910218,920218,930218
"DGMM",NA,0.824288836354451,0.046,0.516768815741714,0.218,-31850.8487317389,65787.8395577305,16,1.96999999999997,TRUE,"",0.1,218,910218,920218,930218
"RDMM",7.70128751335387,0.956440423684249,0.011,0.790061813008672,0.085,-29488.4078809029,61056.0501007794,133,5.35000000000002,TRUE,"",0.1,218,910218,920218,930218
"DGMM",NA,-0.000309927966687921,0.491,-0.000495658261920229,0.726,-31792.5177238597,65671.1775419721,30,3.54000000000002,TRUE,"",0.2,218,910218,920218,930218
"RDMM",4.88366766826171,0.906210180564387,0.024,0.533902836610438,0.24,-31397.8623031454,64874.9589452643,175,7.07999999999998,TRUE,"",0.2,218,910218,920218,930218
"DGMM",NA,-0.000377388185360332,0.49,-0.00117823088201099,0.73,-33553.5991953337,69193.3404849199,22,2.80000000000001,TRUE,"",0.3,218,910218,920218,930218
"RDMM",3.8594263897305,0.902402378828787,0.025,0.695256681382462,0.127,-33008.3092578869,68095.8528547474,217,8.63999999999999,TRUE,"",0.3,218,910218,920218,930218
"DGMM",NA,0.310746033621583,0.221,0.181327975930273,0.574,-37661.1064829955,77408.3550602435,39,4.69,TRUE,"",0.4,218,910218,920218,930218
"RDMM",3.37420095597557,0.824288459100863,0.046,0.471026850475142,0.271,-34798.4374855728,71676.1093101192,101,4.00999999999999,TRUE,"",0.4,218,910218,920218,930218
"DGMM",NA,-0.000952844200949171,0.5,-0.0013255012443277,0.734,-37196.4246962545,76478.9914867616,25,3.06,TRUE,"",0.5,218,910218,920218,930218
"RDMM",3.09297598986328,0.824288568085399,0.046,0.433694611368209,0.303,-36484.7488722609,75048.7320834954,106,4.17000000000002,TRUE,"",0.5,218,910218,920218,930218
"DGMM",NA,0.992008000566199,0.002,0.856560529500873,0.057,-27146.4955826703,56379.1332595933,20,2.44,TRUE,"",0,219,910219,920219,930219
"RDMM",199.999952778518,0.992008000566199,0.002,0.866178234638766,0.053,-27129.967635358,56339.1696096896,100,4.27999999999997,TRUE,"",0,219,910219,920219,930219
"DGMM",NA,0.960360334476876,0.01,0.793818479772091,0.084,-30834.1816354549,63754.5053651624,23,2.74000000000001,TRUE,"",0.1,219,910219,920219,930219
"RDMM",8.9852831370248,0.972168143005071,0.007,0.821521352803712,0.072,-29255.8312350298,60590.8968090332,100,4.13999999999999,TRUE,"",0.1,219,910219,920219,930219
"DGMM",NA,-0.000246515044318301,0.491,0.306661298323987,0.491,-31515.160634841,65116.4633639346,27,3.22000000000003,TRUE,"",0.2,219,910219,920219,930219
"RDMM",5.26017952189014,0.925369298434679,0.019,0.779965503393898,0.09,-31162.4919696651,64404.2182783038,202,8.05000000000007,TRUE,"",0.2,219,910219,920219,930219
"DGMM",NA,0.000688672107302833,0.481,0.124590864259354,0.563,-33461.8671915808,69009.8764774143,15,1.88999999999999,TRUE,"",0.3,219,910219,920219,930219
"RDMM",4.05053808011953,0.906210119978046,0.024,0.732025635165018,0.112,-32881.4653498212,67842.1650386161,142,5.66999999999996,TRUE,"",0.3,219,910219,920219,930219
"DGMM",NA,0.000547340872785127,0.481,0.161190823958232,0.568,-35415.8836966862,72917.909487625,18,2.13999999999999,TRUE,"",0.4,219,910219,920219,930219
"RDMM",3.39108903551606,0.875971875650684,0.032,0.703967406757043,0.124,-34671.0914080273,71421.4171550282,173,7,TRUE,"",0.4,219,910219,920219,930219
"DGMM",NA,-7.11432956298532e-05,0.485,0.0516011414027158,0.637,-37070.7247226162,76227.5915394849,18,2.17000000000007,TRUE,"",0.5,219,910219,920219,930219
"RDMM",3.12679405391782,0.846246169612209,0.04,0.660123673248142,0.146,-36233.649465424,74546.5332698216,200,8.01999999999998,TRUE,"",0.5,219,910219,920219,930219
"DGMM",NA,0.992008008049521,0.002,0.846294001083245,0.061,-27197.330791661,56480.8036775745,14,1.79999999999995,TRUE,"",0,220,910220,920220,930220
"RDMM",199.999951813805,0.995999999913427,0.001,0.865604600375004,0.053,-27165.3527460204,56409.9398310144,100,3.96000000000004,TRUE,"",0,220,910220,920220,930220
"DGMM",NA,0.795459670889184,0.054,0.642090814329901,0.151,-31391.5221582293,64869.1864107112,15,1.81999999999994,TRUE,"",0.1,220,910220,920220,930220
"RDMM",7.92942808050779,0.968224221308242,0.008,0.820062932020325,0.072,-29493.2833245856,61065.8009881449,100,4.04000000000008,TRUE,"",0.1,220,910220,920220,930220
"DGMM",NA,0.503610210853455,0.145,0.245124892263531,0.559,-34158.3192748532,70402.7806439589,35,4.36000000000001,TRUE,"",0.2,220,910220,920220,930220
"RDMM",5.03584220060397,0.936960952774736,0.016,0.76668979460339,0.095,-31325.355465066,64729.9452691056,100,4.50999999999999,TRUE,"",0.2,220,910220,920220,930220
"DGMM",NA,-0.000675087817667603,0.492,0.00058372195656392,0.729,-33760.0427499673,69606.2275941871,23,2.74000000000001,TRUE,"",0.3,220,910220,920220,930220
"RDMM",3.99054128440806,0.891027034008278,0.028,0.738092696359757,0.107,-32969.1437279992,68017.521794972,100,4.06999999999994,TRUE,"",0.3,220,910220,920220,930220
"DGMM",NA,-0.0007747242181423,0.493,0.189857222757485,0.525,-36032.8704144916,74151.8829232357,19,2.33000000000004,TRUE,"",0.4,220,910220,920220,930220
"RDMM",3.42799075458516,0.883483526454903,0.03,0.680735897022489,0.133,-34542.1323369531,71163.4990128799,100,4.09000000000003,TRUE,"",0.4,220,910220,920220,930220
"DGMM",NA,0.577177179373481,0.12,0.279786564934289,0.455,-40277.9114670537,82641.96502836,12,1.42999999999995,TRUE,"",0.5,220,910220,920220,930220
"RDMM",3.19641457667893,0.831575576450437,0.044,0.638119335634248,0.153,-36317.6199297676,74714.4741985088,202,8.09000000000003,TRUE,"",0.5,220,910220,920220,930220
"DGMM",NA,0.992008000632441,0.002,0.844369442253413,0.062,-27134.6966099726,56355.5353141978,23,2.77999999999997,TRUE,"",0,221,910221,920221,930221
"RDMM",199.999954608478,0.992008000632441,0.002,0.865608572430837,0.053,-27112.6260480915,56304.4864351565,100,4.11000000000001,TRUE,"",0,221,910221,920221,930221
"DGMM",NA,0.820658178066077,0.047,0.466435964044017,0.27,-30976.3447442478,64038.8315827482,24,2.95000000000005,TRUE,"",0.1,221,910221,920221,930221
"RDMM",8.52096170913313,0.96036033128219,0.01,0.580496126581829,0.229,-29405.9471803364,60891.1286996464,139,5.55999999999995,TRUE,"",0.1,221,910221,920221,930221
"DGMM",NA,0.652527772900762,0.096,0.319735404937459,0.539,-33320.1338338008,68726.4097618542,37,4.33000000000004,TRUE,"",0.2,221,910221,920221,930221
"RDMM",5.30286182310743,0.875972008169219,0.032,0.520039855100348,0.3,-31297.6825534777,64674.599445929,166,6.60000000000002,TRUE,"",0.2,221,910221,920221,930221
"DGMM",NA,0.636440255475416,0.101,0.454172175544506,0.265,-36612.0460254891,75310.2341452308,6,0.779999999999973,TRUE,"",0.3,221,910221,920221,930221
"RDMM",4.08463439539768,0.861044916807732,0.036,0.71087972269643,0.12,-33033.4597770701,68146.1538931138,100,4.21000000000004,TRUE,"",0.3,221,910221,920221,930221
"DGMM",NA,-0.000789157492353782,0.495,-0.000483777750123163,0.736,-34899.0142653052,71884.170624863,22,2.66999999999996,TRUE,"",0.4,221,910221,920221,930221
"RDMM",3.66867216784979,0.817032864178369,0.048,0.522852875680992,0.219,-34640.8061456242,71360.8466302219,161,6.42000000000007,TRUE,"",0.4,221,910221,920221,930221
"DGMM",NA,-0.000869200039451679,0.495,-4.30448011564266e-05,0.732,-36620.6900684577,75327.5222311679,24,2.88,TRUE,"",0.5,221,910221,920221,930221
"RDMM",3.38024946237926,0.79545928682891,0.054,0.411722553879095,0.318,-36336.3467706474,74751.9278802683,112,4.51999999999998,TRUE,"",0.5,221,910221,920221,930221
"DGMM",NA,0.995999992160313,0.001,0.600591815949414,0.207,-27365.3192804979,56816.7806552485,14,1.75,TRUE,"",0,222,910222,920222,930222
"RDMM",199.999914479599,0.992007994391053,0.002,0.623208240579953,0.22,-27152.2226573567,56383.6796536871,130,5.19000000000005,TRUE,"",0,222,910222,920222,930222
"DGMM",NA,0.960360272103826,0.01,0.57928771945871,0.201,-31136.2879053069,64358.7179048663,15,1.82999999999993,TRUE,"",0.1,222,910222,920222,930222
"RDMM",9.04858472917608,0.960360311881468,0.01,0.771067514527062,0.094,-29158.7367027122,60396.7077443981,174,6.88,TRUE,"",0.1,222,910222,920222,930222
"DGMM",NA,-0.000162083797493679,0.481,0.0110692411792271,0.685,-31595.8587154037,65277.8595250599,23,2.87,TRUE,"",0.2,222,910222,920222,930222
"RDMM",5.02785048434097,0.92152138780794,0.02,0.743950286134294,0.106,-31182.1827781851,64443.5998953439,106,4.26999999999998,TRUE,"",0.2,222,910222,920222,930222
"DGMM",NA,-0.000776699073969361,0.488,0.164242199682697,0.579,-33506.3848619713,69098.9118181952,22,2.62,TRUE,"",0.3,222,910222,920222,930222
"RDMM",3.88239431298885,0.875972006976166,0.032,0.685282745804985,0.132,-32988.1936457259,68055.6216304254,156,6.19999999999993,TRUE,"",0.3,222,910222,920222,930222
"DGMM",NA,-0.000754028818650528,0.49,0.185418997176065,0.564,-35373.626022178,72833.3941386085,18,2.17000000000007,TRUE,"",0.4,222,910222,920222,930222
"RDMM",3.32043747900463,0.835231066750396,0.043,0.619479331297185,0.164,-34720.0081733355,71519.2506856447,173,6.88999999999999,TRUE,"",0.4,222,910222,920222,930222
"DGMM",NA,-0.000475406514896958,0.488,-0.000331420033293656,0.723,-37025.0305629734,76136.2032201995,29,3.65999999999997,TRUE,"",0.5,222,910222,920222,930222
"RDMM",3.10026482497205,0.817032962269227,0.048,0.606950931642407,0.171,-36284.6778029215,74648.5899448167,100,4.00999999999999,TRUE,"",0.5,222,910222,920222,930222
"DGMM",NA,0.992008005291565,0.002,0.746097300112295,0.108,-27194.819521672,56475.7811375965,23,2.81000000000006,TRUE,"",0,223,910223,920223,930223
"RDMM",199.999912894052,0.992008005291565,0.002,0.792419060217451,0.085,-27124.2876236324,56327.8095862384,122,4.90999999999997,TRUE,"",0,223,910223,920223,930223
"DGMM",NA,0.795457715560743,0.054,0.574584311355246,0.194,-31566.9424261595,65220.0269465716,22,2.63999999999999,TRUE,"",0.1,223,910223,920223,930223
"RDMM",7.97569008165177,0.968224222018898,0.008,0.775575806329488,0.092,-29376.5419799331,60832.3182988399,112,4.50999999999999,TRUE,"",0.1,223,910223,920223,930223
"DGMM",NA,-0.000522503228106793,0.487,-0.000516640634450001,0.729,-31733.1117022015,65552.3654986555,27,3.17000000000007,TRUE,"",0.2,223,910223,920223,930223
"RDMM",4.86765740530631,0.925369326073452,0.019,0.573654055453762,0.259,-31481.7827904655,65042.7999199047,138,5.67999999999995,TRUE,"",0.2,223,910223,920223,930223
"DGMM",NA,-0.00110789717112481,0.499,-0.000388063672079388,0.73,-33471.8621980132,69029.866490279,22,2.68000000000006,TRUE,"",0.3,223,910223,920223,930223
"RDMM",3.92212290226827,0.902402328414444,0.025,0.51355344507647,0.259,-33087.9808015276,68255.1959420288,124,5.05999999999995,TRUE,"",0.3,223,910223,920223,930223
"DGMM",NA,-0.00103422103852341,0.498,-0.000572687356375729,0.726,-35360.0236951155,72806.1894844836,23,2.81000000000006,TRUE,"",0.4,223,910223,920223,930223
"RDMM",3.33756095959271,0.861044869229945,0.036,0.40275742184732,0.353,-34976.9977079104,72033.2297547945,100,4.03999999999996,TRUE,"",0.4,223,910223,920223,930223
"DGMM",NA,0.659002979336877,0.094,0.284750027305183,0.411,-40502.2173320104,83090.5767582735,6,0.789999999999964,TRUE,"",0.5,223,910223,920223,930223
"RDMM",3.08119764278299,0.795459244340186,0.054,0.466006702575202,0.28,-36490.4276434793,75060.0896259323,132,5.25,TRUE,"",0.5,223,910223,920223,930223
"DGMM",NA,0.988024023764825,0.003,0.813115331054796,0.076,-27078.1577969628,56242.4576881782,20,2.40999999999997,TRUE,"",0,224,910224,920224,930224
"RDMM",164.596547744823,0.984048047888209,0.004,0.81058253285696,0.077,-27037.1949190831,56153.6241771398,100,4.09000000000003,TRUE,"",0,224,910224,920224,930224
"DGMM",NA,0.960360357675353,0.01,0.698492165856411,0.129,-30804.1979521364,63694.5379985253,17,2.02999999999997,TRUE,"",0.1,224,910224,920224,930224
"RDMM",8.70075785031901,0.964288286141294,0.009,0.759377571136844,0.1,-29154.13161858,60387.4975761336,100,4.26999999999998,TRUE,"",0.1,224,910224,920224,930224
"DGMM",NA,0.921521517463921,0.02,0.483884909206234,0.264,-34175.1737454602,70436.489585173,17,2.04999999999995,TRUE,"",0.2,224,910224,920224,930224
"RDMM",5.24728492755247,0.921521520735165,0.02,0.668125928568758,0.144,-31179.6618121513,64438.5579632762,100,4.06000000000006,TRUE,"",0.2,224,910224,920224,930224
"DGMM",NA,-0.000975421390602831,0.5,-0.000617459905292348,0.728,-33373.8487057933,68833.8395058392,29,3.40999999999997,TRUE,"",0.3,224,910224,920224,930224
"RDMM",3.91937264964927,0.887251248811,0.029,0.597564911733846,0.181,-32849.437507504,67778.1093539816,100,4.02999999999997,TRUE,"",0.3,224,910224,920224,930224
"DGMM",NA,-0.000205402383072059,0.486,0.000804870904300233,0.72,-35045.6109250131,72177.3639442787,27,3.21999999999991,TRUE,"",0.4,224,910224,920224,930224
"RDMM",3.444827129449,0.894810804486817,0.027,0.644571628438225,0.154,-34440.8403322914,70960.9150035563,144,5.75,TRUE,"",0.4,224,910224,920224,930224
"DGMM",NA,0.73590007836564,0.071,0.279906973932476,0.477,-39644.526498265,81375.1950907827,16,1.94000000000005,TRUE,"",0.5,224,910224,920224,930224
"RDMM",3.21537689662459,0.846246230901697,0.04,0.573781273534883,0.195,-36124.2048937041,74327.6441263818,111,4.45000000000005,TRUE,"",0.5,224,910224,920224,930224
"DGMM",NA,0.995999996008016,0.001,0.837395394663487,0.065,-27127.279582255,56340.7012587627,22,2.67999999999995,TRUE,"",0,225,910225,920225,930225
"RDMM",199.999913930125,0.995999996008016,0.001,0.856225486774067,0.057,-27113.4824984871,56306.1993359479,118,4.82000000000005,TRUE,"",0,225,910225,920225,930225
"DGMM",NA,0.940840781800237,0.015,0.609006392117041,0.176,-31233.8307544809,64553.8036032144,12,1.48000000000002,TRUE,"",0.1,225,910225,920225,930225
"RDMM",8.76597287516188,0.948624574172566,0.013,0.766163244237172,0.096,-29240.4573009474,60560.1489408685,156,6.24000000000001,TRUE,"",0.1,225,910225,920225,930225
"DGMM",NA,0.639649189928876,0.1,0.302129157659961,0.526,-33178.0035500625,68442.1491943777,26,3.18999999999994,TRUE,"",0.2,225,910225,920225,930225
"RDMM",5.39092230573346,0.933089023380699,0.017,0.738175635207729,0.109,-31083.376560128,64245.9874592297,139,5.47000000000003,TRUE,"",0.2,225,910225,920225,930225
"DGMM",NA,0.00238804066716499,0.472,0.000906210736455506,0.72,-33136.0096897833,68358.1614738192,40,4.79999999999995,TRUE,"",0.3,225,910225,920225,930225
"RDMM",4.16638445368713,0.898602521242485,0.026,0.716876367897162,0.118,-32742.0722722876,67563.3788835488,100,4.20000000000005,TRUE,"",0.3,225,910225,920225,930225
"DGMM",NA,0.767143246324247,0.062,0.362814172180697,0.382,-38236.7025072831,78559.5471088189,7,0.940000000000055,TRUE,"",0.4,225,910225,920225,930225
"RDMM",3.44657915091076,0.861044920236219,0.036,0.648619345678878,0.149,-34579.761331659,71238.7570022915,198,7.88999999999999,TRUE,"",0.4,225,910225,920225,930225
"DGMM",NA,0.00421728227196648,0.464,0.0020633389802225,0.714,-36727.7009117291,75541.5439177107,24,2.89999999999998,TRUE,"",0.5,225,910225,920225,930225
"RDMM",3.1712453327019,0.813417278878203,0.049,0.456128742735161,0.303,-36264.2015675026,74607.6374739788,124,4.97000000000003,TRUE,"",0.5,225,910225,920225,930225
"DGMM",NA,0.995999996071888,0.001,0.722271333901264,0.119,-27372.2155962669,56830.5732867864,17,2.09000000000003,TRUE,"",0,226,910226,920226,930226
"RDMM",199.99994548622,0.995999996071888,0.001,0.771953736134494,0.095,-27283.4443873004,56646.1231135744,161,6.45999999999992,TRUE,"",0,226,910226,920226,930226
"DGMM",NA,0.948624574172566,0.013,0.70676860676518,0.125,-31716.6667221555,65519.4755385637,20,2.39999999999998,TRUE,"",0.1,226,910226,920226,930226
"RDMM",7.50843392180286,0.948624574172566,0.013,0.80786797131626,0.077,-29529.3074402225,61137.8492194187,100,4.03000000000009,TRUE,"",0.1,226,910226,920226,930226
"DGMM",NA,0.568101034212923,0.123,0.260493470558007,0.517,-34092.5822653952,70271.3066250431,24,2.87,TRUE,"",0.2,226,910226,920226,930226
"RDMM",4.80154856147184,0.910025940507842,0.023,0.745866230113765,0.104,-31412.0755695338,64903.3854780413,100,4.15999999999997,TRUE,"",0.2,226,910226,920226,930226
"DGMM",NA,-0.000572775555247828,0.493,-0.000619802828442073,0.739,-33519.8838034936,69125.9097012399,28,3.31000000000006,TRUE,"",0.3,226,910226,920226,930226
"RDMM",3.76798756744058,0.861044927768196,0.036,0.703562163608663,0.123,-33189.19307111,68457.6204811935,105,4.18999999999994,TRUE,"",0.3,226,910226,920226,930226
"DGMM",NA,-0.000786473841799708,0.495,-0.000961277692656507,0.742,-35321.1618044607,72728.465703174,24,2.87,TRUE,"",0.4,226,910226,920226,930226
"RDMM",3.21042537805029,0.824288126129279,0.046,0.648662937554987,0.149,-34819.9273320727,71719.0890031191,100,4.05000000000007,TRUE,"",0.4,226,910226,920226,930226
"DGMM",NA,-7.39147200521579e-05,0.485,-0.000166537584939671,0.731,-37067.3045107018,76220.7511156562,32,3.82999999999993,TRUE,"",0.5,226,910226,920226,930226
"RDMM",2.95802260116941,0.80261842711992,0.052,0.637893928170018,0.155,-36608.754162566,75296.7426641057,128,5.28000000000009,TRUE,"",0.5,226,910226,920226,930226
"DGMM",NA,0.995999996383551,0.001,0.761234402421563,0.1,-27371.8787856935,56829.8996656395,19,2.25999999999999,TRUE,"",0,227,910227,920227,930227
"RDMM",199.999948124368,0.995999996383551,0.001,0.858480344642182,0.056,-27209.0179099076,56497.2701587887,100,4.04999999999995,TRUE,"",0,227,910227,920227,930227
"DGMM",NA,0.968224196600317,0.008,0.474928657352606,0.484,-31772.0090197295,65630.1601337116,50,5.95000000000005,TRUE,"",0.1,227,910227,920227,930227
"RDMM",7.26489434390307,0.948624575793517,0.013,0.582207393655734,0.236,-29596.9402423582,61273.1148236901,164,6.58000000000004,TRUE,"",0.1,227,910227,920227,930227
"DGMM",NA,-6.02373700417412e-05,0.489,-0.000366809268773252,0.73,-31739.0292732855,65564.2006408236,35,4.25999999999999,TRUE,"",0.2,227,910227,920227,930227
"RDMM",4.92782292014862,0.879723624274784,0.031,0.518850187799522,0.284,-31293.3284798288,64665.8912986312,109,4.34000000000003,TRUE,"",0.2,227,910227,920227,930227
"DGMM",NA,-0.000716480998577615,0.497,-0.000842793364254998,0.733,-33616.6951497819,69319.5323938164,26,3.18999999999994,TRUE,"",0.3,227,910227,920227,930227
"RDMM",3.90841258542272,0.864764667577543,0.035,0.482047277959873,0.318,-32985.5376355289,68050.3096100314,100,4,TRUE,"",0.3,227,910227,920227,930227
"DGMM",NA,-0.000883558388246512,0.499,-0.000412634108073084,0.733,-35430.6593418314,72947.4607779154,26,3.22000000000003,TRUE,"",0.4,227,910227,920227,930227
"RDMM",3.26950245740513,0.835231196853691,0.043,0.658961615461834,0.144,-34698.4569328815,71476.1482047366,100,4,TRUE,"",0.4,227,910227,920227,930227
"DGMM",NA,0.742786554237199,0.069,0.267762491897564,0.487,-40305.4302188514,82697.0025319555,12,1.50999999999999,TRUE,"",0.5,227,910227,920227,930227
"RDMM",3.03177858916488,0.827927785652281,0.045,0.605423116249148,0.17,-36302.3353926823,74683.9051243381,141,5.65999999999997,TRUE,"",0.5,227,910227,920227,930227
"DGMM",NA,0.992008004433235,0.002,0.691180443318116,0.134,-27418.9007049343,56923.9435041212,17,2.13,TRUE,"",0,228,910228,920228,930228
"RDMM",199.999954386238,1,0,0.828276377257468,0.069,-27251.1605056786,56581.5553503309,136,5.54000000000008,TRUE,"",0,228,910228,920228,930228
"DGMM",NA,0.944728697626191,0.014,0.619014055515955,0.172,-31465.4863091336,65017.1147125199,32,3.98000000000002,TRUE,"",0.1,228,910228,920228,930228
"RDMM",8.47770523417891,0.960360342629774,0.01,0.804392703495683,0.079,-29420.220262627,60919.6748642276,122,4.89999999999998,TRUE,"",0.1,228,910228,920228,930228
"DGMM",NA,0.906210168258568,0.024,0.43750046370536,0.439,-34920.5380645743,71927.2182234012,21,2.5,TRUE,"",0.2,228,910228,920228,930228
"RDMM",4.89537382915056,0.913849811315375,0.022,0.534307876678876,0.262,-31505.078564078,65089.3914671296,169,6.77999999999997,TRUE,"",0.2,228,910228,920228,930228
"DGMM",NA,0.00107701982983733,0.478,0.00415700289839237,0.714,-33768.6541309453,69623.4503561431,46,5.47000000000003,TRUE,"",0.3,228,910228,920228,930228
"RDMM",3.71452566609246,0.891026978284033,0.028,0.704542475080889,0.124,-33237.8553611893,68554.9450613522,100,4.02999999999997,TRUE,"",0.3,228,910228,920228,930228
"DGMM",NA,0.00156160223054181,0.475,0.00706533954948913,0.707,-35558.2098300479,73202.5617543485,22,2.67000000000007,TRUE,"",0.4,228,910228,920228,930228
"RDMM",3.25681644097206,0.824288224905347,0.046,0.437234880675892,0.342,-35085.3231927912,72249.8807245561,127,5.07999999999993,TRUE,"",0.4,228,910228,920228,930228
"DGMM",NA,0.756657002505717,0.065,0.407128495382435,0.298,-40505.693156657,83097.5284075667,6,0.780000000000086,TRUE,"",0.5,228,910228,920228,930228
"RDMM",3.00265849944661,0.817033065593048,0.048,0.629639347788687,0.16,-36516.9436396091,75113.1216181919,104,4.25,TRUE,"",0.5,228,910228,920228,930228
"DGMM",NA,0.99200800716736,0.002,0.847977874174849,0.061,-27093.2595117332,56272.661117719,29,3.54999999999995,TRUE,"",0,229,910229,920229,930229
"RDMM",199.999914883815,0.99200800716736,0.002,0.859653842345418,0.056,-27074.5346958853,56228.3037307442,100,4.05000000000007,TRUE,"",0,229,910229,920229,930229
"DGMM",NA,0.842566653658985,0.041,0.368138340475353,0.38,-31759.9330436916,65606.0081816357,27,3.19999999999993,TRUE,"",0.1,229,910229,920229,930229
"RDMM",8.21008853370159,0.944728716598743,0.014,0.542195381456084,0.269,-29384.0061697717,60847.246678517,118,4.77999999999997,TRUE,"",0.1,229,910229,920229,930229
"DGMM",NA,0.838895070422253,0.042,0.355902483735317,0.387,-34738.5417796312,71563.225653515,14,1.7299999999999,TRUE,"",0.2,229,910229,920229,930229
"RDMM",5.21044234537546,0.910026004293812,0.023,0.551377865925159,0.251,-31207.5787644128,64494.3918677992,100,4.18999999999994,TRUE,"",0.2,229,910229,920229,930229
"DGMM",NA,0.00179233661728958,0.474,-0.000467873045202486,0.736,-33580.3855864869,69246.9132672264,26,3.09000000000003,TRUE,"",0.3,229,910229,920229,930229
"RDMM",3.9506306526343,0.910026034672173,0.023,0.779667494435845,0.089,-32920.2352754544,67919.7048898824,300,11.9399999999999,TRUE,"",0.3,229,910229,920229,930229
"DGMM",NA,0.00154043307777809,0.475,0.225882552461514,0.522,-35354.2604982403,72794.6630907332,18,2.16000000000008,TRUE,"",0.4,229,910229,920229,930229
"RDMM",3.38551037142337,0.887251252129742,0.029,0.714593096126903,0.118,-34576.5278202659,71232.2899795055,187,7.56000000000006,TRUE,"",0.4,229,910229,920229,930229
"DGMM",NA,0.00215051435492236,0.472,0.00122537483936085,0.723,-36978.4152492468,76042.9725927461,19,2.27999999999997,TRUE,"",0.5,229,910229,920229,930229
"RDMM",3.12538836267607,0.879723735281803,0.031,0.688572270546285,0.131,-36160.3173353916,74399.8690097568,152,6.02999999999997,TRUE,"",0.5,229,910229,920229,930229
"DGMM",NA,0.995999999473251,0.001,0.73044537007185,0.114,-27287.1077306661,56660.3575555847,21,2.56999999999994,TRUE,"",0,230,910230,920230,930230
"RDMM",199.99995133172,0.995999999473251,0.001,0.805335546989652,0.079,-27180.6402836545,56440.5149062827,141,5.55000000000018,TRUE,"",0,230,910230,920230,930230
"DGMM",NA,0.00028572496184489,0.48,-0.000261770906093238,0.731,-29984.5225939334,62055.1872821194,19,2.3599999999999,TRUE,"",0.1,230,910230,920230,930230
"RDMM",7.22903556872192,0.952528530640484,0.012,0.55045001538279,0.241,-29657.937806474,61395.1099519217,100,4,TRUE,"",0.1,230,910230,920230,930230
"DGMM",NA,-0.000427673534733153,0.486,0.0261961975920117,0.654,-31895.4174763762,65876.9770470049,17,2.05999999999995,TRUE,"",0.2,230,910230,920230,930230
"RDMM",4.74974931596826,0.910025940525151,0.023,0.491360108237227,0.304,-31502.3717949453,65083.9779288643,156,6.25999999999999,TRUE,"",0.2,230,910230,920230,930230
"DGMM",NA,-0.000233288321266891,0.485,-0.000249177582584087,0.722,-33796.7818308754,69679.7057560035,35,4.26999999999998,TRUE,"",0.3,230,910230,920230,930230
"RDMM",3.8676900373961,0.891026934137518,0.028,0.502002399945033,0.267,-33198.1990632104,68475.6324653945,118,4.67999999999984,TRUE,"",0.3,230,910230,920230,930230
"DGMM",NA,-0.0009961465659717,0.496,-0.000885468076395135,0.733,-35466.314417996,73018.7709302446,41,4.97000000000003,TRUE,"",0.4,230,910230,920230,930230
"RDMM",3.34141999448257,0.84256644721754,0.041,0.427804218613242,0.342,-34879.3392654533,71837.9128698802,148,6,TRUE,"",0.4,230,910230,920230,930230
"DGMM",NA,-0.000539210984821642,0.489,0.00059307512108393,0.726,-37873.314214456,77832.7705231647,49,5.88000000000011,TRUE,"",0.5,230,910230,920230,930230
"RDMM",3.12263874040576,0.80620994328817,0.051,0.379513252513565,0.361,-36466.0275888365,75011.2895166466,121,4.75999999999999,TRUE,"",0.5,230,910230,920230,930230
"DGMM",NA,0.995999996623648,0.001,0.730903980574927,0.114,-27299.6038678351,56685.3498299229,11,1.3599999999999,TRUE,"",0,231,910231,920231,930231
"RDMM",199.999915300561,1,0,0.851973431775489,0.059,-27052.0970985438,56183.4285360612,135,5.40000000000009,TRUE,"",0,231,910231,920231,930231
"DGMM",NA,0.960360325900093,0.01,0.633928699804821,0.164,-30919.2587341573,63924.6595625672,14,1.71000000000004,TRUE,"",0.1,231,910231,920231,930231
"RDMM",9.09250321015377,0.956440403672337,0.011,0.626709225131226,0.181,-29275.9822582746,60631.1988555228,116,4.69999999999982,TRUE,"",0.1,231,910231,920231,930231
"DGMM",NA,0.646071855577364,0.098,0.304365191688259,0.427,-33047.3123926513,68180.7668795552,18,2.13000000000011,TRUE,"",0.2,231,910231,920231,930231
"RDMM",5.80718537004221,0.913849774956202,0.022,0.772124547727081,0.093,-30912.7518687472,63904.7380764681,100,4.02999999999997,TRUE,"",0.2,231,910231,920231,930231
"DGMM",NA,-0.000724682842747268,0.496,-0.00127275493887768,0.732,-33151.3484698718,68388.8390339963,31,3.74000000000001,TRUE,"",0.3,231,910231,920231,930231
"RDMM",4.27898466020256,0.902402315796769,0.025,0.737463546673167,0.108,-32678.5266999007,67436.287738775,100,4.05999999999995,TRUE,"",0.3,231,910231,920231,930231
"DGMM",NA,0.712047814339595,0.078,0.407033059812327,0.301,-38087.6806219591,78261.5033381708,6,0.810000000000173,TRUE,"",0.4,231,910231,920231,930231
"RDMM",3.57934584338063,0.831575453459464,0.044,0.549853018469282,0.21,-34469.811774115,71018.8578872037,143,5.97000000000003,TRUE,"",0.4,231,910231,920231,930231
"DGMM",NA,-0.000973621177128526,0.499,-0.000659830010779036,0.724,-36854.2972353886,75794.7365650298,36,4.28999999999996,TRUE,"",0.5,231,910231,920231,930231
"RDMM",3.23694570846044,0.82065649751192,0.047,0.589544393972846,0.182,-36173.9185484799,74427.0714359334,130,5.24000000000001,TRUE,"",0.5,231,910231,920231,930231
"DGMM",NA,0.996000000009619,0.001,0.845278786424683,0.062,-27040.729001907,56167.6000980666,18,2.19999999999982,TRUE,"",0,232,910232,920232,930232
"RDMM",199.999952428192,1,0,0.832006975866364,0.068,-27007.1027862301,56093.4399114339,100,4.06000000000017,TRUE,"",0,232,910232,920232,930232
"DGMM",NA,0.891027028976746,0.028,0.564929988417068,0.203,-31547.1147932483,65180.3716807491,15,1.84999999999991,TRUE,"",0.1,232,910232,920232,930232
"RDMM",7.69085783155229,0.944728729015829,0.014,0.767287401254984,0.095,-29259.5231084152,60598.280555804,121,4.86000000000013,TRUE,"",0.1,232,910232,920232,930232
"DGMM",NA,0.604888569670845,0.111,0.306652821667267,0.416,-34140.0394436902,70366.2209816329,13,1.56999999999994,TRUE,"",0.2,232,910232,920232,930232
"RDMM",4.74883769931559,0.917681679472451,0.021,0.712096217674564,0.12,-31240.8184390477,64560.871217069,117,4.70000000000005,TRUE,"",0.2,232,910232,920232,930232
"DGMM",NA,0.788332333431815,0.056,0.442208245361408,0.278,-37437.7543806331,76961.6508555187,6,0.769999999999982,TRUE,"",0.3,232,910232,920232,930232
"RDMM",3.69598163931686,0.887251249179749,0.029,0.693231745855503,0.128,-32964.6309059256,68008.4961508247,162,6.5,TRUE,"",0.3,232,910232,920232,930232
"DGMM",NA,0.732468474490334,0.072,0.335821982798611,0.371,-39348.121062115,80782.3842184826,6,0.769999999999982,TRUE,"",0.4,232,910232,920232,930232
"RDMM",3.29385999567359,0.864764761135369,0.035,0.489160107993426,0.254,-34762.9819203745,71605.1981797226,118,4.68000000000006,TRUE,"",0.4,232,910232,920232,930232
"DGMM",NA,-0.000601427004311484,0.49,-0.000291756714337461,0.728,-37071.8286726041,76229.7994394608,60,7.05999999999995,TRUE,"",0.5,232,910232,920232,930232
"RDMM",3.00120875144445,0.795459454855457,0.054,0.427546348638683,0.312,-36396.3367535841,74871.9078461418,105,4.40000000000009,TRUE,"",0.5,232,910232,920232,930232
"DGMM",NA,1,0,0.776941737238639,0.091,-27215.3145073689,56516.7711089904,19,2.3599999999999,TRUE,"",0,233,910233,920233,930233
"RDMM",199.999950968909,1,0,0.776835176541657,0.091,-27097.8332115125,56274.9007619987,187,8.09000000000015,TRUE,"",0,233,910233,920233,930233
"DGMM",NA,0.802618406462494,0.052,0.466143711032644,0.291,-31731.2101326642,65548.562359581,20,2.54999999999995,TRUE,"",0.1,233,910233,920233,930233
"RDMM",7.17906855501913,0.936960472003121,0.016,0.474404496434814,0.33,-29567.7237001016,61214.6817391769,106,4.52999999999997,TRUE,"",0.1,233,910233,920233,930233
"DGMM",NA,-0.00165421039427566,0.484,0.228552552691914,0.525,-31583.6042464212,65253.350587095,20,2.5,TRUE,"",0.2,233,910233,920233,930233
"RDMM",4.72407485893716,0.936960252244318,0.016,0.733448378570626,0.11,-31142.2243383784,64363.6830157304,132,5.28999999999996,TRUE,"",0.2,233,910233,920233,930233
"DGMM",NA,-0.00195035857367249,0.495,0.241926344380276,0.527,-33595.4537726488,69277.0496395502,22,2.6400000000001,TRUE,"",0.3,233,910233,920233,930233
"RDMM",3.69311077887272,0.910025096828184,0.023,0.683312594721657,0.134,-33073.771976669,68226.7782923116,157,6.3599999999999,TRUE,"",0.3,233,910233,920233,930233
"DGMM",NA,-0.0015694687393525,0.499,-0.00159285421578849,0.733,-35640.0317807021,73366.2056556567,32,3.79999999999995,TRUE,"",0.4,233,910233,920233,930233
"RDMM",3.17605500701922,0.853625662341104,0.038,0.444714276900625,0.31,-34940.055384181,71959.3451073356,247,10.3200000000002,TRUE,"",0.4,233,910233,920233,930233
"DGMM",NA,-0.000555095392648808,0.487,-0.000999059534440621,0.729,-37282.7151028786,76651.5723000097,25,2.97000000000003,TRUE,"",0.5,233,910233,920233,930233
"RDMM",2.87295627898047,0.842563660083888,0.041,0.507274766929676,0.263,-36563.9834106746,75207.2011603229,109,4.39999999999986,TRUE,"",0.5,233,910233,920233,930233
"DGMM",NA,0.992008003655626,0.002,0.809010266679251,0.078,-27288.3030039527,56662.748102158,15,1.86000000000013,TRUE,"",0,234,910234,920234,930234
"RDMM",199.999950477829,0.992008003655626,0.002,0.852329182424404,0.059,-27236.2086424243,56551.6516238222,100,4.1099999999999,TRUE,"",0,234,910234,920234,930234
"DGMM",NA,0.936960912004273,0.016,0.729709008840019,0.114,-30947.6638321703,63981.4697585933,15,1.86000000000013,TRUE,"",0.1,234,910234,920234,930234
"RDMM",9.11938464670719,0.960360329575858,0.01,0.81003235725966,0.077,-29317.7893727464,60714.8130844665,100,4.22999999999979,TRUE,"",0.1,234,910234,920234,930234
"DGMM",NA,0.898602547382296,0.026,0.649099546736662,0.154,-33912.3326811192,69910.807456491,21,2.61000000000013,TRUE,"",0.2,234,910234,920234,930234
"RDMM",5.49329620357481,0.921521458551284,0.02,0.761224380342947,0.099,-31086.7240659735,64252.6824709206,100,4.07999999999993,TRUE,"",0.2,234,910234,920234,930234
"DGMM",NA,0.00111999516242208,0.478,7.34580788544844e-05,0.723,-33380.1424089586,68846.4269121697,37,4.37000000000012,TRUE,"",0.3,234,910234,920234,930234
"RDMM",4.2064642282212,0.879723640780844,0.031,0.691360536228781,0.131,-32818.4062709235,67716.0468808205,100,4.02999999999997,TRUE,"",0.3,234,910234,920234,930234
"DGMM",NA,0.820656521422465,0.047,0.387987234108808,0.475,-37970.2129847473,78026.5680637473,16,1.90999999999985,TRUE,"",0.4,234,910234,920234,930234
"RDMM",3.51449179335156,0.853629523503807,0.038,0.659263057325889,0.147,-34572.9600151458,71225.1543692651,268,10.6700000000001,TRUE,"",0.4,234,910234,920234,930234
"DGMM",NA,-0.000969302294353146,0.499,-0.00113878476991936,0.732,-36794.9731770318,75676.0884483161,26,3.1400000000001,TRUE,"",0.5,234,910234,920234,930234
"RDMM",3.2662380058477,0.795459311157361,0.054,0.62163535823348,0.165,-36149.4164466781,74378.0672323298,145,5.86999999999989,TRUE,"",0.5,234,910234,920234,930234
"DGMM",NA,1,0,0.781957094488681,0.09,-27384.1727992263,56854.4876927052,17,2.08000000000015,TRUE,"",0,235,910235,920235,930235
"RDMM",199.99994900918,1,0,0.820369109412846,0.073,-27225.2638865677,56529.762112109,179,7.1099999999999,TRUE,"",0,235,910235,920235,930235
"DGMM",NA,0.97216815469913,0.007,0.464042954506165,0.445,-31362.8313692926,64811.8048328378,21,2.50999999999999,TRUE,"",0.1,235,910235,920235,930235
"RDMM",8.2152847810781,0.972168162066811,0.007,0.780071709399002,0.09,-29410.8326059069,60900.8995507874,167,6.72000000000003,TRUE,"",0.1,235,910235,920235,930235
"DGMM",NA,0.913849809761565,0.022,0.58710027678254,0.188,-34195.5728543146,70477.2878028817,16,1.95000000000005,TRUE,"",0.2,235,910235,920235,930235
"RDMM",5.18404822409336,0.944728705752729,0.014,0.739832720411823,0.108,-31265.0040557498,64609.2424504732,100,4.3599999999999,TRUE,"",0.2,235,910235,920235,930235
"DGMM",NA,-0.000840222065506274,0.497,-0.000577406528063451,0.736,-33404.666753874,68895.4756020006,24,2.8900000000001,TRUE,"",0.3,235,910235,920235,930235
"RDMM",4.01976889973289,0.849933867517557,0.039,0.496158596949328,0.268,-33155.9989948323,68391.2323286382,117,4.74000000000001,TRUE,"",0.3,235,910235,920235,930235
"DGMM",NA,0.695251345790418,0.083,0.309517228305593,0.402,-38372.3527705225,78830.8476352976,6,0.789999999999964,TRUE,"",0.4,235,910235,920235,930235
"RDMM",3.48143186111219,0.827927851772113,0.045,0.50720721342499,0.24,-34724.0285672814,71527.2914735364,109,4.63000000000011,TRUE,"",0.4,235,910235,920235,930235
"DGMM",NA,0.630065887038893,0.103,0.323124104284059,0.361,-39818.8918574757,81723.925809204,6,0.8599999999999,TRUE,"",0.5,235,910235,920235,930235
"RDMM",3.16926482973008,0.842566532053651,0.041,0.621436116028757,0.163,-36327.1000025904,74733.4343441545,100,4.40000000000009,TRUE,"",0.5,235,910235,920235,930235
"DGMM",NA,0.992008005875829,0.002,0.844123669213045,0.062,-27046.9420913091,56180.0262768707,18,2.3599999999999,TRUE,"",0,236,910236,920236,930236
"RDMM",199.999947163399,0.995999998759119,0.001,0.863542449759704,0.054,-27012.5088573217,56104.252053617,100,4.20000000000005,TRUE,"",0,236,910236,920236,930236
"DGMM",NA,0.913849916663575,0.022,0.564460845928119,0.204,-31891.8555902303,65869.8532747133,18,2.22000000000003,TRUE,"",0.1,236,910236,920236,930236
"RDMM",7.43949390130471,0.940840822488473,0.015,0.802579436035941,0.079,-29349.3199779478,60777.8742948692,100,4.08999999999992,TRUE,"",0.1,236,910236,920236,930236
"DGMM",NA,-0.000187225006196166,0.488,0.000950005311447373,0.725,-31791.3110997044,65668.7642936614,21,2.51999999999998,TRUE,"",0.2,236,910236,920236,930236
"RDMM",4.6719028953608,0.861044996478232,0.036,0.541803461934451,0.255,-31316.0022868115,64711.2389125965,135,5.44000000000005,TRUE,"",0.2,236,910236,920236,930236
"DGMM",NA,0.000428102014311224,0.482,-0.00059320507937047,0.73,-33293.8954795825,68673.9330534177,31,3.70000000000005,TRUE,"",0.3,236,910236,920236,930236
"RDMM",3.90699594007071,0.799035132290657,0.053,0.355604310652039,0.381,-32999.6279796711,68078.4902983159,192,7.62999999999988,TRUE,"",0.3,236,910236,920236,930236
"DGMM",NA,0.639639489839587,0.1,0.27298816544111,0.454,-38980.3084264319,80046.7589471163,6,0.860000000000127,TRUE,"",0.4,236,910236,920236,930236
"RDMM",3.30350047790291,0.784780813718341,0.057,0.508734662609119,0.23,-34804.6547099475,71688.5437588686,125,4.95000000000005,TRUE,"",0.4,236,910236,920236,930236
"DGMM",NA,0.601777579295623,0.112,0.254780226275648,0.449,-40314.7123951574,82715.5668845674,6,0.789999999999964,TRUE,"",0.5,236,910236,920236,930236
"RDMM",3.02021078463638,0.75665658116663,0.065,0.508226525252021,0.224,-36364.124646043,74807.4836310597,227,9.36999999999989,TRUE,"",0.5,236,910236,920236,930236
"DGMM",NA,0.980080066714976,0.005,0.822603477794854,0.071,-27112.4152596713,56310.9726135951,21,2.5,TRUE,"",0,237,910237,920237,930237
"RDMM",199.999946950474,0.988024011489137,0.003,0.834485810473465,0.066,-27057.5919345452,56194.4182080639,116,4.66000000000008,TRUE,"",0,237,910237,920237,930237
"DGMM",NA,0.952528487972106,0.012,0.609539508666213,0.182,-31467.8145242384,65021.7711427295,27,3.26999999999998,TRUE,"",0.1,237,910237,920237,930237
"RDMM",7.81985071564024,0.952528448901979,0.012,0.760548534377628,0.098,-29260.9517797288,60601.1378984313,119,4.78999999999996,TRUE,"",0.1,237,910237,920237,930237
"DGMM",NA,0.910026023611336,0.023,0.454316295136573,0.477,-33871.5295248203,69829.2011438931,34,3.99000000000001,TRUE,"",0.2,237,910237,920237,930237
"RDMM",5.12449682975485,0.921521314062458,0.02,0.728665886828853,0.112,-31041.4906156636,64162.2155703008,128,5.13000000000011,TRUE,"",0.2,237,910237,920237,930237
"DGMM",NA,-0.00117477841132562,0.496,-0.000363548814736344,0.721,-33295.0751313649,68676.2923569825,32,3.76999999999998,TRUE,"",0.3,237,910237,920237,930237
"RDMM",3.97399155010847,0.872228094493426,0.033,0.446988587982873,0.341,-32905.7799272277,67890.7941934291,247,9.90000000000009,TRUE,"",0.3,237,910237,920237,930237
"DGMM",NA,-0.0010005234223096,0.495,-0.000924814718458405,0.728,-35236.0491487045,72558.2403916615,30,3.57999999999993,TRUE,"",0.4,237,910237,920237,930237
"RDMM",3.33589011245204,0.861044747328006,0.036,0.621035797234546,0.164,-34755.9064685702,71591.047276114,127,5.26999999999998,TRUE,"",0.4,237,910237,920237,930237
"DGMM",NA,-0.000777507656548079,0.492,-0.000942489969225747,0.728,-37007.3047225644,76100.7515393815,24,2.92000000000007,TRUE,"",0.5,237,910237,920237,930237
"RDMM",3.05000971456067,0.817032804699002,0.048,0.496360483647838,0.238,-36275.7318704239,74630.6980798215,158,6.54999999999995,TRUE,"",0.5,237,910237,920237,930237
"DGMM",NA,0.992007994391053,0.002,0.775864119846818,0.092,-27270.5265310168,56627.1951562862,23,2.81999999999994,TRUE,"",0,238,910238,920238,930238
"RDMM",199.999954118074,0.995999992160313,0.001,0.876522012588729,0.048,-27127.5620295509,56334.3583980754,159,6.38000000000011,TRUE,"",0,238,910238,920238,930238
"DGMM",NA,0.781236201355301,0.058,0.511082944746729,0.226,-30996.3005538794,64078.7432020113,12,1.5,TRUE,"",0.1,238,910238,920238,930238
"RDMM",8.67882354797623,0.960360249728867,0.01,0.752843217353761,0.101,-29321.2205417504,60721.6754224743,104,4.21000000000004,TRUE,"",0.1,238,910238,920238,930238
"DGMM",NA,0.611121641683723,0.109,0.2963122302213,0.531,-33304.2022229783,68694.5465402093,31,3.75,TRUE,"",0.2,238,910238,920238,930238
"RDMM",5.3086169725945,0.936960820606327,0.016,0.764782841710228,0.095,-31212.0609329514,64503.3562048764,118,4.67999999999984,TRUE,"",0.2,238,910238,920238,930238
"DGMM",NA,0.732468728540772,0.072,0.433841060799721,0.274,-36166.3646197627,74418.8713337781,13,1.63000000000011,TRUE,"",0.3,238,910238,920238,930238
"RDMM",4.12348882855435,0.921521346791413,0.02,0.726241499115809,0.112,-32865.0916988743,67809.4177367223,278,11.05,TRUE,"",0.3,238,910238,920238,930238
"DGMM",NA,0.688587808977999,0.085,0.274956102116515,0.414,-38670.3906957623,79426.9234857773,6,0.789999999999964,TRUE,"",0.4,238,910238,920238,930238
"RDMM",3.43017104390532,0.8684919605069,0.034,0.6723122591709,0.137,-34691.6437997375,71462.5219384487,120,4.69000000000005,TRUE,"",0.4,238,910238,920238,930238
"DGMM",NA,0.00107706821895438,0.477,0.0014700124529851,0.719,-37217.244532849,76520.6311599507,30,3.55999999999995,TRUE,"",0.5,238,910238,920238,930238
"RDMM",3.09454278584539,0.846245624268206,0.04,0.611632283187384,0.168,-36429.2724377522,74937.779214478,189,7.60000000000014,TRUE,"",0.5,238,910238,920238,930238
"DGMM",NA,0.995999996008016,0.001,0.585722186124747,0.218,-27305.5830013517,56697.3080969559,17,2.09999999999991,TRUE,"",0,239,910239,920239,930239
"RDMM",199.999950370931,0.995999996008016,0.001,0.602583310606881,0.219,-27216.9530698064,56513.1404785864,127,5.25,TRUE,"",0,239,910239,920239,930239
"DGMM",NA,0.781239856222286,0.058,0.374337152316035,0.484,-31508.1120494288,65102.3661931101,30,3.73000000000002,TRUE,"",0.1,239,910239,920239,930239
"RDMM",7.85114255428157,0.948624573352206,0.013,0.792537510457142,0.084,-29388.0161700819,60855.2666791375,144,5.68000000000006,TRUE,"",0.1,239,910239,920239,930239
"DGMM",NA,0.601794244748713,0.112,0.282690299194096,0.53,-34292.2048461883,70670.5517866291,23,2.82999999999993,TRUE,"",0.2,239,910239,920239,930239
"RDMM",4.79994800353329,0.933089023380699,0.017,0.788961596565389,0.085,-31313.0945207901,64705.4233805539,100,4.02999999999997,TRUE,"",0.2,239,910239,920239,930239
"DGMM",NA,0.000144389334092451,0.485,0.117867928881788,0.595,-33585.660415065,69257.4629243826,37,4.36000000000013,TRUE,"",0.3,239,910239,920239,930239
"RDMM",3.81391429308096,0.921521446019881,0.02,0.74679040148383,0.104,-33027.1367931064,68133.5079251864,114,4.68999999999983,TRUE,"",0.3,239,910239,920239,930239
"DGMM",NA,0.678655905383863,0.088,0.382785281653293,0.311,-38898.9071531891,79883.9564006309,6,0.770000000000209,TRUE,"",0.4,239,910239,920239,930239
"RDMM",3.26110906241597,0.8425664999486,0.041,0.504850139446095,0.244,-34801.4577662002,71682.149871374,100,4,TRUE,"",0.4,239,910239,920239,930239
"DGMM",NA,-0.000652109990132089,0.491,-0.000313382325360836,0.734,-36919.6285524717,75925.3991991961,30,3.6099999999999,TRUE,"",0.5,239,910239,920239,930239
"RDMM",3.0120826910121,0.835231069423681,0.043,0.616814637021911,0.169,-36414.4899585715,74908.2142561166,113,4.63000000000011,TRUE,"",0.5,239,910239,920239,930239
"DGMM",NA,0.984048036482087,0.004,0.797908753824949,0.082,-27112.9427080947,56312.0275104419,19,2.38999999999987,TRUE,"",0,240,910240,920240,930240
"RDMM",199.999949627069,0.984048036482087,0.004,0.832365805506874,0.067,-27091.0362585952,56261.3068561641,100,4,TRUE,"",0,240,910240,920240,930240
"DGMM",NA,0.964288261359804,0.009,0.569192389903499,0.201,-31307.3147248895,64700.7715440316,15,1.85000000000014,TRUE,"",0.1,240,910240,920240,930240
"RDMM",8.65167869752118,0.964288261359804,0.009,0.770927129645114,0.094,-29223.3956119778,60526.0255629292,129,5.22999999999979,TRUE,"",0.1,240,910240,920240,930240
"DGMM",NA,0.956440414331951,0.011,0.636106430469315,0.161,-33851.2501159546,69788.6423261617,12,1.48000000000002,TRUE,"",0.2,240,910240,920240,930240
"RDMM",5.41760011996354,0.940840800044508,0.015,0.732357602033339,0.111,-31002.248668661,64083.7316762957,100,4.05000000000018,TRUE,"",0.2,240,910240,920240,930240
"DGMM",NA,-0.000724749826894583,0.496,0.00184973942613731,0.725,-33304.9727826715,68696.0876595956,46,5.55999999999995,TRUE,"",0.3,240,910240,920240,930240
"RDMM",4.08345165276285,0.902402328808747,0.025,0.700827916230228,0.125,-32872.4770182524,67824.1883754784,100,4.1099999999999,TRUE,"",0.3,240,910240,920240,930240
"DGMM",NA,-0.000657762204723517,0.492,0.00449381237696787,0.715,-35078.9462015405,72244.0344973336,28,3.37000000000012,TRUE,"",0.4,240,910240,920240,930240
"RDMM",3.44654036829724,0.842566539171279,0.041,0.463913665333619,0.306,-34581.771564808,71242.7774685896,100,4.04999999999995,TRUE,"",0.4,240,910240,920240,930240
"DGMM",NA,-0.000775889975540519,0.493,0.00460125226842338,0.715,-36971.7687418289,76029.6795779103,23,2.75,TRUE,"",0.5,240,910240,920240,930240
"RDMM",3.05423876564685,0.799034966389637,0.053,0.536565124711901,0.21,-36321.7923508439,74722.8190406613,141,5.63000000000011,TRUE,"",0.5,240,910240,920240,930240
"DGMM",NA,0.992008007927928,0.002,0.765653871634931,0.097,-27351.1383391121,56788.4187724769,15,1.82999999999993,TRUE,"",0,241,910241,920241,930241
"RDMM",199.999947297824,0.996000000009619,0.001,0.860754922513293,0.055,-27175.9971051671,56431.2285493078,110,4.44000000000005,TRUE,"",0,241,910241,920241,930241
"DGMM",NA,0.944728724276017,0.014,0.566758683798498,0.226,-31625.3626161983,65336.8673266493,15,1.77999999999997,TRUE,"",0.1,241,910241,920241,930241
"RDMM",7.63716286425365,0.936960968010208,0.016,0.572820525091677,0.243,-29532.895928462,61145.0261958976,126,5.1099999999999,TRUE,"",0.1,241,910241,920241,930241
"DGMM",NA,0.906210209270434,0.024,0.536754146491255,0.223,-34632.3643687885,71350.8708318297,17,2.00999999999999,TRUE,"",0.2,241,910241,920241,930241
"RDMM",4.80985700915892,0.913849866389278,0.022,0.737001270130811,0.107,-31337.004075843,64753.2424906597,137,5.47000000000003,TRUE,"",0.2,241,910241,920241,930241
"DGMM",NA,-0.000876725038667768,0.495,0.000353325837696513,0.723,-33661.9678566899,69410.0778076324,19,2.27999999999997,TRUE,"",0.3,241,910241,920241,930241
"RDMM",3.75402336548755,0.864764813872162,0.035,0.700725930100934,0.122,-33199.6495967296,68478.5335324328,153,6.11000000000013,TRUE,"",0.3,241,910241,920241,930241
"DGMM",NA,-0.000974942749038548,0.498,0.105722238780478,0.603,-35611.4804492279,73309.1029927084,18,2.18000000000006,TRUE,"",0.4,241,910241,920241,930241
"RDMM",3.18433494886926,0.81703316319969,0.048,0.46261739479087,0.332,-34962.3790528981,72003.9924447699,100,4,TRUE,"",0.4,241,910241,920241,930241
"DGMM",NA,-0.000994130024297292,0.499,-0.000958772276167632,0.73,-37183.6675560712,76453.477206395,23,2.87999999999988,TRUE,"",0.5,241,910241,920241,930241
"RDMM",2.86866932033587,0.788332514815821,0.056,0.596324797629016,0.17,-36577.8733859437,75234.9811108609,100,4.06999999999994,TRUE,"",0.5,241,910241,920241,930241
"DGMM",NA,0.992008006669198,0.002,0.803520284226578,0.08,-26931.7107145667,55949.563523386,16,2.0300000000002,TRUE,"",0,242,910242,920242,930242
"RDMM",199.999953814871,0.992008006669198,0.002,0.846996282013092,0.061,-26906.4746942857,55892.1837275451,100,4.11999999999989,TRUE,"",0,242,910242,920242,930242
"DGMM",NA,0.791893333706813,0.055,0.392964914658818,0.514,-31608.7020503062,65303.546194865,25,2.92000000000007,TRUE,"",0.1,242,910242,920242,930242
"RDMM",7.14497374191484,0.960360353719972,0.01,0.794483469494089,0.083,-29401.4793357722,60882.193010518,196,7.8599999999999,TRUE,"",0.1,242,910242,920242,930242
"DGMM",NA,0.902402372125654,0.025,0.506819639785519,0.234,-34788.3443956955,71662.8308856435,22,2.70000000000005,TRUE,"",0.2,242,910242,920242,930242
"RDMM",4.88359941356526,0.929225230933722,0.018,0.746285724109661,0.104,-31164.0580707195,64407.3504804126,170,6.97000000000003,TRUE,"",0.2,242,910242,920242,930242
"DGMM",NA,0.00073236619768052,0.48,0.00114034678477793,0.73,-33393.901008696,68873.9441116445,20,2.49000000000001,TRUE,"",0.3,242,910242,920242,930242
"RDMM",3.76955359510284,0.879723829690057,0.031,0.514374362435998,0.268,-33007.8255652811,68094.8854695358,143,5.75,TRUE,"",0.3,242,910242,920242,930242
"DGMM",NA,9.125499928643e-05,0.484,-0.000202790487204307,0.734,-35146.1758477281,72378.4937897088,21,2.53999999999996,TRUE,"",0.4,242,910242,920242,930242
"RDMM",3.28971580833897,0.846246306981051,0.04,0.639542227577825,0.153,-34535.4784448229,71150.1912286194,118,4.80999999999995,TRUE,"",0.4,242,910242,920242,930242
"DGMM",NA,0.556085062842711,0.127,0.289126595885214,0.405,-40598.4566619826,83283.0554182177,6,0.800000000000182,TRUE,"",0.5,242,910242,920242,930242
"RDMM",2.99513910285261,0.824288357696782,0.046,0.609220820502761,0.168,-36256.1277195403,74591.4897780543,125,5.11999999999989,TRUE,"",0.5,242,910242,920242,930242
"DGMM",NA,0.992008000992225,0.002,0.830172122001206,0.068,-27120.0339204208,56326.2099350942,17,2.04999999999995,TRUE,"",0,243,910243,920243,930243
"RDMM",198.0048403052,0.992008000992225,0.002,0.853604740404367,0.058,-27089.6498120228,56258.5339630192,100,4.08000000000015,TRUE,"",0,243,910243,920243,930243
"DGMM",NA,0.817034190296853,0.048,0.68659982292712,0.128,-30880.5426536885,63847.2274016295,22,2.78999999999996,TRUE,"",0.1,243,910243,920243,930243
"RDMM",8.48241782136152,0.952528486855622,0.012,0.82412797189386,0.07,-29246.0032881058,60571.2409151852,100,4.09999999999991,TRUE,"",0.1,243,910243,920243,930243
"DGMM",NA,0.921521490313842,0.02,0.448611776528285,0.487,-34183.8482916746,70453.8386776019,40,4.85000000000014,TRUE,"",0.2,243,910243,920243,930243
"RDMM",5.0527692142839,0.944728684355765,0.014,0.745256660711597,0.105,-31298.6692229784,64676.5727849304,103,4.15999999999985,TRUE,"",0.2,243,910243,920243,930243
"DGMM",NA,0.000833936678802799,0.48,0.137749610169467,0.592,-33638.6460060676,69363.4341063878,20,2.40000000000009,TRUE,"",0.3,243,910243,920243,930243
"RDMM",3.86680777197259,0.898602521198594,0.026,0.500722541926424,0.28,-33199.1891474307,68477.612633835,120,4.93000000000006,TRUE,"",0.3,243,910243,920243,930243
"DGMM",NA,0.00161008610366597,0.475,-5.16213999906904e-05,0.728,-35436.0824660035,72958.3070262596,20,2.40999999999985,TRUE,"",0.4,243,910243,920243,930243
"RDMM",3.26309841897141,0.86849246585157,0.034,0.664250342597756,0.142,-34869.5827546933,71818.3998483602,172,6.95000000000005,TRUE,"",0.4,243,910243,920243,930243
"DGMM",NA,-7.76231235136024e-05,0.485,-0.000860975719774415,0.732,-37088.628337557,76263.3987693666,24,2.86000000000013,TRUE,"",0.5,243,910243,920243,930243
"RDMM",3.06004555226466,0.795459295249919,0.054,0.444327333737517,0.341,-36565.6340037846,75210.5023465427,137,5.47000000000003,TRUE,"",0.5,243,910243,920243,930243
"DGMM",NA,0.988024017988711,0.003,0.756396213976656,0.101,-27124.7607467627,56335.663587778,14,1.73000000000002,TRUE,"",0,244,910244,920244,930244
"RDMM",199.999947086917,0.992008004348543,0.002,0.851320711514723,0.059,-26952.728240537,55984.6908200476,158,6.32999999999993,TRUE,"",0,244,910244,920244,930244
"DGMM",NA,0.835232235686215,0.043,0.638138440366975,0.156,-31305.3248893131,64696.7918728789,34,4.05999999999995,TRUE,"",0.1,244,910244,920244,930244
"RDMM",7.80603925515155,0.960360336195283,0.01,0.789916287795606,0.085,-29189.7372043535,60458.7087476806,100,4.01999999999998,TRUE,"",0.1,244,910244,920244,930244
"DGMM",NA,0.620570723503074,0.106,0.305827498199583,0.545,-33532.2228326435,69150.5877595396,35,4.21000000000004,TRUE,"",0.2,244,910244,920244,930244
"RDMM",4.96801523092402,0.913849791729076,0.022,0.752563587308952,0.101,-31022.3695606168,64123.9734602073,176,7.25999999999999,TRUE,"",0.2,244,910244,920244,930244
"DGMM",NA,-0.000707801278396683,0.494,-0.000990681071812446,0.742,-33025.6401905058,68137.4224752641,34,4.15000000000009,TRUE,"",0.3,244,910244,920244,930244
"RDMM",4.03043387174678,0.894810744120468,0.027,0.720695670973914,0.115,-32659.0335077379,67397.3013544494,100,4.01999999999998,TRUE,"",0.3,244,910244,920244,930244
"DGMM",NA,-0.000869058602937645,0.496,-0.00111107244381982,0.739,-35087.8240089265,72261.7901121056,47,5.56999999999994,TRUE,"",0.4,244,910244,920244,930244
"RDMM",3.31515874781241,0.853629562607876,0.038,0.667568811930569,0.14,-34593.4291857813,71266.0927105362,111,4.5,TRUE,"",0.4,244,910244,920244,930244
"DGMM",NA,-0.000889039378786266,0.495,-0.00114538393449447,0.738,-36748.0611989054,75582.2644920634,29,3.44000000000005,TRUE,"",0.5,244,910244,920244,930244
"RDMM",3.12706259207956,0.849933833912378,0.039,0.613528560869831,0.167,-36188.5156086476,74456.2655562689,100,4.04999999999995,TRUE,"",0.5,244,910244,920244,930244
"DGMM",NA,1,0,0.801859717346345,0.081,-27084.4363231897,56255.014740632,23,2.80999999999995,TRUE,"",0,245,910245,920245,930245
"RDMM",199.999955785371,1,0,0.804162122859415,0.08,-27054.3600139363,56187.9543668463,102,4,TRUE,"",0,245,910245,920245,930245
"DGMM",NA,0.976120109438785,0.006,0.559737037095978,0.222,-31450.5647655467,64987.271625346,13,1.57999999999993,TRUE,"",0.1,245,910245,920245,930245
"RDMM",8.24118129057393,0.956440414331951,0.011,0.66994596627517,0.144,-29354.2097723725,60787.6538837186,102,4.08000000000015,TRUE,"",0.1,245,910245,920245,930245
"DGMM",NA,0.000936192100121226,0.48,-5.5120899162426e-05,0.721,-31529.4853207669,65145.1127357863,26,3.09999999999991,TRUE,"",0.2,245,910245,920245,930245
"RDMM",5.10963702980488,0.936960950810042,0.016,0.526512045134704,0.286,-31145.7400856407,64370.714510255,119,5.31999999999994,TRUE,"",0.2,245,910245,920245,930245
"DGMM",NA,-0.000671105213053566,0.494,-0.000701400610363999,0.732,-33393.7179393617,68873.5779729761,21,2.63000000000011,TRUE,"",0.3,245,910245,920245,930245
"RDMM",3.9120097033418,0.875972058516048,0.032,0.469551943767429,0.331,-32923.3675130323,67925.9693650382,164,6.71000000000004,TRUE,"",0.3,245,910245,920245,930245
"DGMM",NA,-0.000878438994278661,0.497,-4.8905169383391e-06,0.727,-35029.6325737009,72145.4072416543,20,2.41999999999985,TRUE,"",0.4,245,910245,920245,930245
"RDMM",3.45695845666764,0.827928025932302,0.045,0.391550679776489,0.367,-34532.0347946037,71143.3039281811,111,4.49000000000001,TRUE,"",0.4,245,910245,920245,930245
"DGMM",NA,-0.000973080595976351,0.5,0.00300837477821899,0.715,-36838.8111258879,75763.7643460284,24,3.05000000000018,TRUE,"",0.5,245,910245,920245,930245
"RDMM",3.12126904200895,0.824288628865178,0.046,0.601579879042448,0.173,-36178.2948168243,74435.8239726223,152,6.1099999999999,TRUE,"",0.5,245,910245,920245,930245
"DGMM",NA,0.995999999814926,0.001,0.490795130498936,0.479,-27436.6581225312,56959.4583393149,21,2.56999999999994,TRUE,"",0,246,910246,920246,930246
"RDMM",199.999950767556,0.995999999814926,0.001,0.848874973842772,0.06,-27187.9574567015,56455.1492523765,227,9.04000000000019,TRUE,"",0,246,910246,920246,930246
"DGMM",NA,0.976120113490802,0.006,0.721870093907934,0.117,-30903.4671154319,63893.0763251164,14,1.75999999999999,TRUE,"",0.1,246,910246,920246,930246
"RDMM",9.3078509443443,0.968224215402919,0.008,0.771789120441083,0.093,-29247.6824502581,60574.5992394898,100,4.04999999999995,TRUE,"",0.1,246,910246,920246,930246
"DGMM",NA,0.921521535487214,0.02,0.608988703954514,0.174,-33979.3201024114,70044.7822990753,16,1.97000000000003,TRUE,"",0.2,246,910246,920246,930246
"RDMM",5.34458269658059,0.921521499735031,0.02,0.718634780341204,0.117,-31163.7239880924,64406.6823151584,184,7.3599999999999,TRUE,"",0.2,246,910246,920246,930246
"DGMM",NA,0.861045075707549,0.036,0.520226374852474,0.225,-35979.0110236123,74044.1641414771,14,1.77999999999997,TRUE,"",0.3,246,910246,920246,930246
"RDMM",4.23676193995446,0.879723683912544,0.031,0.665524720308078,0.141,-32790.0732261398,67659.3807912531,100,4,TRUE,"",0.3,246,910246,920246,930246
"DGMM",NA,-0.000930624603227808,0.495,-0.00118604694866399,0.727,-34753.7036987304,71593.5494917135,31,3.70000000000005,TRUE,"",0.4,246,910246,920246,930246
"RDMM",3.7034580048607,0.868492426029316,0.034,0.634218682240946,0.157,-34332.6374836114,70744.5093061963,100,4.02999999999997,TRUE,"",0.4,246,910246,920246,930246
"DGMM",NA,0.614270377353035,0.108,0.316117438518388,0.368,-39383.1748945899,80852.4918834323,6,0.779999999999973,TRUE,"",0.5,246,910246,920246,930246
"RDMM",3.24884246246239,0.827927830144136,0.045,0.601463683419165,0.173,-36039.1880318152,74157.6104026039,101,4.30000000000018,TRUE,"",0.5,246,910246,920246,930246
"DGMM",NA,0.984048043792237,0.004,0.836746715203503,0.065,-27243.9227660317,56573.9876263159,14,1.73000000000002,TRUE,"",0,247,910247,920247,930247
"RDMM",199.999951704963,0.984048043792237,0.004,0.858421331863154,0.056,-27200.399562985,56480.0334649436,102,4.15999999999985,TRUE,"",0,247,910247,920247,930247
"DGMM",NA,0.77770218259154,0.059,0.366364703678093,0.488,-31862.7864870055,65811.7150682636,20,2.44000000000005,TRUE,"",0.1,247,910247,920247,930247
"RDMM",7.44276774665069,0.960360343882355,0.01,0.822481211754605,0.071,-29615.0393038159,61309.3129466054,113,4.65000000000009,TRUE,"",0.1,247,910247,920247,930247
"DGMM",NA,0.000671732655443911,0.481,0.00039276908046663,0.721,-31851.7956386388,65789.7333715302,27,3.25,TRUE,"",0.2,247,910247,920247,930247
"RDMM",4.81148477592661,0.92922519229157,0.018,0.528473201691257,0.286,-31576.0793174392,65231.3929738521,162,6.51999999999998,TRUE,"",0.2,247,910247,920247,930247
"DGMM",NA,0.00272791758444737,0.47,0.118625319166331,0.596,-33735.6103694514,69557.3628331553,18,2.14999999999986,TRUE,"",0.3,247,910247,920247,930247
"RDMM",3.84726028880793,0.902402352748525,0.025,0.605365639921098,0.183,-33302.8446782651,68684.9236955038,126,5.11000000000013,TRUE,"",0.3,247,910247,920247,930247
"DGMM",NA,-0.00036302198714901,0.488,0.14838933367516,0.594,-35537.3365154708,73160.8151251941,18,2.22000000000003,TRUE,"",0.4,247,910247,920247,930247
"RDMM",3.25374267755632,0.872228179077864,0.033,0.48046273812837,0.325,-34956.3814091615,71991.9971572966,120,4.75,TRUE,"",0.4,247,910247,920247,930247
"DGMM",NA,-0.000404663681457289,0.488,-0.00104053854347065,0.739,-37138.3224905724,76362.7870753974,23,2.82999999999993,TRUE,"",0.5,247,910247,920247,930247
"RDMM",3.07821833768683,0.802618536568136,0.052,0.305174352072873,0.443,-36592.9561066545,75265.1465522826,100,3.98000000000002,TRUE,"",0.5,247,910247,920247,930247
"DGMM",NA,0.992008000254206,0.002,0.807439452943506,0.078,-27338.9022073285,56763.9465089097,19,2.33999999999992,TRUE,"",0,248,910248,920248,930248
"RDMM",199.999952774539,0.995999996071888,0.001,0.803353277316369,0.08,-27279.5268172875,56638.2879735486,103,4.19000000000005,TRUE,"",0,248,910248,920248,930248
"DGMM",NA,0.767145396777731,0.062,0.384688766546809,0.516,-32560.6694818781,67207.4810580087,41,4.8599999999999,TRUE,"",0.1,248,910248,920248,930248
"RDMM",6.70887435313413,0.933089023380699,0.017,0.685069108054467,0.134,-29784.7772047115,61648.7887483966,100,4,TRUE,"",0.1,248,910248,920248,930248
"DGMM",NA,0.770654689930594,0.061,0.36352605465198,0.352,-35603.1961494311,73292.5343931149,12,1.36000000000013,TRUE,"",0.2,248,910248,920248,930248
"RDMM",4.73596619502743,0.879723616993605,0.031,0.669642047988285,0.14,-31548.451388129,65176.1371152316,112,3.70000000000005,TRUE,"",0.2,248,910248,920248,930248
"DGMM",NA,-0.000603246321651236,0.494,0.000597366011813435,0.719,-33924.4815242244,69935.1051427015,22,2.22000000000003,TRUE,"",0.3,248,910248,920248,930248
"RDMM",3.76443493887053,0.842566426864129,0.041,0.631270698445988,0.157,-33263.5440572447,68606.3224534631,100,3.30999999999995,TRUE,"",0.3,248,910248,920248,930248
"DGMM",NA,-0.000215295850994054,0.487,0.188641669576576,0.548,-35565.7156910178,73217.5734762883,25,2.52999999999997,TRUE,"",0.4,248,910248,920248,930248
"RDMM",3.29064953104948,0.809809625287979,0.05,0.599519863358647,0.173,-34828.4908230287,71736.215985031,115,3.97000000000003,TRUE,"",0.4,248,910248,920248,930248
"DGMM",NA,0.00153457534941957,0.475,0.00137609808305855,0.718,-37286.3748253189,76658.8917448903,33,3.17000000000007,TRUE,"",0.5,248,910248,920248,930248
"RDMM",2.98776215767052,0.770654501792127,0.061,0.544181669889877,0.201,-36462.5646620788,75004.3636631313,121,3.99000000000001,TRUE,"",0.5,248,910248,920248,930248
"DGMM",NA,0.988024023184218,0.003,0.708531435068039,0.125,-27437.0142057427,56960.1705057379,18,1.82999999999993,TRUE,"",0,249,910249,920249,930249
"RDMM",199.999913535441,0.995999999719503,0.001,0.84311006591024,0.063,-27207.6445064658,56494.5233519052,182,6.01999999999998,TRUE,"",0,249,910249,920249,930249
"DGMM",NA,0.817033857739443,0.048,0.468478044879393,0.255,-31190.1294272997,64466.4009488521,18,1.80999999999995,TRUE,"",0.1,249,910249,920249,930249
"RDMM",8.43960471028777,0.952528530932732,0.012,0.789727766140984,0.085,-29433.223970278,60945.6822795296,123,4.16000000000008,TRUE,"",0.1,249,910249,920249,930249
"DGMM",NA,0.620570732992444,0.106,0.302550025483043,0.539,-33695.6307025135,69477.4034992795,27,2.72000000000003,TRUE,"",0.2,249,910249,920249,930249
"RDMM",5.29696717011556,0.910026001022295,0.023,0.746000545142339,0.104,-31194.0366889243,64467.3077168223,135,4.52999999999997,TRUE,"",0.2,249,910249,920249,930249
"DGMM",NA,0.698595953151136,0.082,0.354160770202241,0.492,-36512.1075285954,75110.3571514434,14,1.30999999999995,TRUE,"",0.3,249,910249,920249,930249
"RDMM",4.01803619740209,0.89481078540353,0.027,0.713065418683774,0.119,-32958.1518507607,67995.5380404949,100,3,TRUE,"",0.3,249,910249,920249,930249
"DGMM",NA,-0.000651532474545908,0.491,-0.0011326962890727,0.739,-35197.5288167738,72481.1997278002,23,1.97000000000003,TRUE,"",0.4,249,910249,920249,930249
"RDMM",3.37595271855863,0.824288231471822,0.046,0.473200172732106,0.314,-34774.4544863394,71628.1433116525,147,3.8900000000001,TRUE,"",0.4,249,910249,920249,930249
"DGMM",NA,-0.000934629774897691,0.496,-0.00145465348254512,0.74,-36797.3868796178,75680.9158534881,27,2.13999999999987,TRUE,"",0.5,249,910249,920249,930249
"RDMM",3.11824997796283,0.802618560946905,0.052,0.547344950388161,0.202,-36406.3437878747,74891.921914723,100,2.79000000000019,TRUE,"",0.5,249,910249,920249,930249
"DGMM",NA,0.995999998162726,0.001,0.855924262052025,0.057,-27020.6545527451,56127.4511997429,20,1.55999999999995,TRUE,"",0,250,910250,920250,930250
"RDMM",199.999952186451,0.995999998162726,0.001,0.851832508453719,0.059,-26994.6515528647,56068.537444703,100,2.59999999999991,TRUE,"",0,250,910250,920250,930250
"DGMM",NA,0.933088903458852,0.017,0.626303464199972,0.166,-31135.3134294129,64356.7689530784,13,1.02999999999997,TRUE,"",0.1,250,910250,920250,930250
"RDMM",8.50664957013205,0.960360355626486,0.01,0.803307656374584,0.079,-29103.092671511,60285.4196819957,191,4.66000000000008,TRUE,"",0.1,250,910250,920250,930250
"DGMM",NA,0.658990857781174,0.094,0.328725587528607,0.377,-33257.2783596395,68600.6988135315,13,0.900000000000091,TRUE,"",0.2,250,910250,920250,930250
"RDMM",5.31512824434082,0.925369335090148,0.019,0.761469183197,0.097,-30902.6848923901,63884.6041237537,100,2.37999999999988,TRUE,"",0.2,250,910250,920250,930250
"DGMM",NA,-0.00108564304246501,0.495,-0.000134633015287189,0.727,-33151.1750818562,68388.492257965,24,1.67000000000007,TRUE,"",0.3,250,910250,920250,930250
"RDMM",4.0623790281754,0.887250938453583,0.029,0.713212739468654,0.119,-32648.6585235404,67376.5513860545,254,5.82999999999993,TRUE,"",0.3,250,910250,920250,930250
"DGMM",NA,-0.000298841619585818,0.486,0.000408263027535945,0.724,-34855.6161758919,71797.3744460365,22,1.5,TRUE,"",0.4,250,910250,920250,930250
"RDMM",3.55213018150073,0.842566309135292,0.041,0.485811915543055,0.307,-34291.9816222677,70663.197583509,100,2.28999999999996,TRUE,"",0.4,250,910250,920250,930250
"DGMM",NA,-0.000127558580720263,0.485,0.00014491142617876,0.73,-36569.7667711372,75225.6756365271,25,1.69000000000005,TRUE,"",0.5,250,910250,920250,930250
"RDMM",3.21024320691918,0.781236675208076,0.058,0.527311353438718,0.216,-35867.9371301811,73815.1085993359,118,2.68000000000006,TRUE,"",0.5,250,910250,920250,930250
"DGMM",NA,0.992007902834549,0.002,0.836419474564778,0.067,-27252.347317556,56590.8367293647,53,3.98,TRUE,"",0,251,910251,920251,930251
"RDMM",199.99994751506,0.995999951253387,0.001,0.809791467420082,0.078,-27189.1085180099,56457.4513749934,124,5.64,TRUE,"",0,251,910251,920251,930251
"DGMM",NA,0.77417368215388,0.06,0.3653242041034,0.478,-31489.9621418908,65066.0663780343,20,2.42,TRUE,"",0.1,251,910251,920251,930251
"RDMM",7.56947658656958,0.948624094050217,0.013,0.790619474759108,0.086,-29528.0632638327,61135.360866639,143,5.88,TRUE,"",0.1,251,910251,920251,930251
"DGMM",NA,0.57714323643256,0.12,0.298235381180345,0.382,-34493.159587079,71072.4612684106,14,1.71,TRUE,"",0.2,251,910251,920251,930251
"RDMM",4.81423219402487,0.933088623553721,0.017,0.766175299308861,0.097,-31431.355380162,64941.9450992975,173,6.92,TRUE,"",0.2,251,910251,920251,930251
"DGMM",NA,3.27831161463818e-05,0.478,-0.000743450985125455,0.732,-33813.966137618,69714.0743694885,24,2.94,TRUE,"",0.3,251,910251,920251,930251
"RDMM",3.80306347679419,0.861044185232994,0.036,0.586759024418297,0.186,-33240.9583786496,68561.1510962729,135,5.36,TRUE,"",0.3,251,910251,920251,930251
"DGMM",NA,-0.00146991455572898,0.499,-0.00153764077842815,0.733,-35669.6061829526,73425.3544601577,28,3.32,TRUE,"",0.4,251,910251,920251,930251
"RDMM",3.33376000713207,0.824287201036327,0.046,0.667689011607091,0.142,-34826.7676735401,71732.7696860538,119,4.79,TRUE,"",0.4,251,910251,920251,930251
"DGMM",NA,-0.00100020199889161,0.493,-0.00128572110624035,0.729,-37404.4855351062,76895.1131644649,31,3.75,TRUE,"",0.5,251,910251,920251,930251
"RDMM",3.06547588809344,0.79188705835814,0.055,0.482818236348018,0.242,-36476.9897331083,75033.2138051902,129,5.17,TRUE,"",0.5,251,910251,920251,930251
"DGMM",NA,0.995999951253387,0.001,0.843009616636307,0.062,-27137.4868048613,56361.1157039752,25,3.07,TRUE,"",0,252,910252,920252,930252
"RDMM",199.999948432835,1,0,0.837830087480028,0.064,-27125.2714512833,56329.7772415403,104,4.19,TRUE,"",0,252,910252,920252,930252
"DGMM",NA,0.781236201355301,0.058,0.51847535336101,0.222,-31044.9421885926,64176.0264714378,19,2.27999999999999,TRUE,"",0.1,252,910252,920252,930252
"RDMM",8.11588097090929,0.976119705966749,0.006,0.805498771908725,0.078,-29370.8230227951,60820.8803845638,100,4.03000000000001,TRUE,"",0.1,252,910252,920252,930252
"DGMM",NA,0.601744029942281,0.112,0.375587521158618,0.319,-33560.1722284418,69206.4865511362,13,1.61,TRUE,"",0.2,252,910252,920252,930252
"RDMM",5.12217042282859,0.940840119888677,0.015,0.735343797086989,0.11,-31223.6174207331,64526.4691804399,102,4.14,TRUE,"",0.2,252,910252,920252,930252
"DGMM",NA,0.413990179127635,0.178,0.217075712504638,0.501,-35491.7213012724,73069.5846967975,14,1.64999999999999,TRUE,"",0.3,252,910252,920252,930252
"RDMM",4.0990559934439,0.910024563608941,0.023,0.473042685141977,0.311,-32939.9001522136,67959.0346434009,108,4.47999999999999,TRUE,"",0.3,252,910252,920252,930252
"DGMM",NA,0.00381206371136553,0.464,0.000909001176350254,0.722,-35272.7642431217,72631.6705804961,20,2.36,TRUE,"",0.4,252,910252,920252,930252
"RDMM",3.37536546857301,0.853627984060169,0.038,0.435842129220098,0.349,-34762.2265507607,71603.6874404949,103,4.14,TRUE,"",0.4,252,910252,920252,930252
"DGMM",NA,-0.000543797946194154,0.488,-0.00153146827580084,0.731,-37157.7402961045,76401.6226864616,45,5.24000000000001,TRUE,"",0.5,252,910252,920252,930252
"RDMM",3.17095102876285,0.820653741649597,0.047,0.402401632865447,0.329,-36295.8007911656,74670.8359213047,123,4.95,TRUE,"",0.5,252,910252,920252,930252
"DGMM",NA,0.98008006051816,0.005,0.832568081229224,0.067,-27040.1981165538,56166.5383273603,20,2.39999999999999,TRUE,"",0,253,910253,920253,930253
"RDMM",199.999954023508,0.984048032191744,0.004,0.849062066919881,0.06,-27005.8667249864,56090.9677889465,100,4.04000000000001,TRUE,"",0,253,910253,920253,930253
"DGMM",NA,0.925369299655092,0.019,0.662439809383445,0.146,-30985.1455148946,64056.4331240419,12,1.5,TRUE,"",0.1,253,910253,920253,930253
"RDMM",8.4802411718665,0.9215214435136,0.02,0.770001652108922,0.094,-29154.3367165441,60387.9077720617,109,4.38,TRUE,"",0.1,253,910253,920253,930253
"DGMM",NA,0.583301634404366,0.118,0.266784513368071,0.524,-33254.8129813261,68595.7680569047,24,2.91,TRUE,"",0.2,253,910253,920253,930253
"RDMM",5.32796991286709,0.875971872453294,0.032,0.499396550191803,0.293,-30977.4390422015,64034.1124233766,109,4.47,TRUE,"",0.2,253,910253,920253,930253
"DGMM",NA,4.23533344617374e-05,0.486,5.99878534236241e-05,0.727,-33253.1610320562,68592.464158365,31,3.7,TRUE,"",0.3,253,910253,920253,930253
"RDMM",3.93468313960285,0.872228102752766,0.033,0.679842482889448,0.135,-32810.3990127473,67700.0323644683,128,5.19,TRUE,"",0.3,253,910253,920253,930253
"DGMM",NA,-0.000276684291523075,0.488,0.000630689245206438,0.724,-35195.951139947,72478.0443741466,28,3.37,TRUE,"",0.4,253,910253,920253,930253
"RDMM",3.40288844670724,0.81341725802282,0.049,0.441263124155486,0.336,-34584.4272530656,71248.0888451048,152,6.17,TRUE,"",0.4,253,910253,920253,930253
"DGMM",NA,0.662257926586399,0.093,0.246977734587157,0.473,-40292.4333884869,82671.0088712265,6,0.75,TRUE,"",0.5,253,910253,920253,930253
"RDMM",3.12000363557279,0.806210044658608,0.051,0.433598763511499,0.299,-36322.0725896868,74723.3795183472,110,4.38999999999999,TRUE,"",0.5,253,910253,920253,930253
"DGMM",NA,0.992008001060261,0.002,0.750480379225939,0.104,-27113.0081874863,56312.1584692251,18,2.26000000000002,TRUE,"",0,254,910254,920254,930254
"RDMM",199.999949000127,0.992008001060261,0.002,0.812244100076385,0.076,-26994.6541697648,56068.5426785033,113,4.53,TRUE,"",0,254,910254,920254,930254
"DGMM",NA,0.813418552160525,0.049,0.542608443311074,0.205,-31493.8859099369,65073.9139141265,13,1.59,TRUE,"",0.1,254,910254,920254,930254
"RDMM",7.32626204967298,0.944728679084277,0.014,0.759511592014633,0.098,-29385.1192022935,60849.4727435605,124,4.97,TRUE,"",0.1,254,910254,920254,930254
"DGMM",NA,0.649293895357513,0.097,0.312998709912637,0.431,-34217.4734925602,70521.0890793731,16,1.94999999999999,TRUE,"",0.2,254,910254,920254,930254
"RDMM",4.7791467841055,0.887251175603418,0.029,0.707890067228925,0.121,-31411.4815807066,64902.1975003868,105,4.27000000000001,TRUE,"",0.2,254,910254,920254,930254
"DGMM",NA,0.00411688058010415,0.465,0.00237033720888586,0.725,-33440.0139341987,68966.16996265,22,2.63999999999999,TRUE,"",0.3,254,910254,920254,930254
"RDMM",3.84093628142,0.842566460937917,0.041,0.583764233678288,0.182,-33139.5849806724,68358.4043003184,135,5.38999999999999,TRUE,"",0.3,254,910254,920254,930254
"DGMM",NA,0.00294745753978403,0.469,0.00186851182131852,0.723,-35564.1981001584,73214.5382945693,20,2.43000000000001,TRUE,"",0.4,254,910254,920254,930254
"RDMM",3.15176079874827,0.820656494924199,0.047,0.552893292087828,0.197,-34761.2702504315,71601.7748398367,232,9.62,TRUE,"",0.4,254,910254,920254,930254
"DGMM",NA,-0.00096101369777003,0.498,0.00683941915978686,0.713,-37426.3108342889,76938.7637628305,33,3.88999999999999,TRUE,"",0.5,254,910254,920254,930254
"RDMM",2.90952119671176,0.81703286869278,0.048,0.606474360816611,0.171,-36340.492102561,74760.2185440957,120,4.91,TRUE,"",0.5,254,910254,920254,930254
"DGMM",NA,0.980079754378402,0.005,0.828508398187832,0.068,-27192.7591519749,56471.6603982024,21,2.51999999999998,TRUE,"",0,255,910255,920255,930255
"RDMM",199.999950933894,0.980079754378402,0.005,0.826609692341769,0.069,-27181.7291022271,56442.6925434279,100,4.15000000000001,TRUE,"",0,255,910255,920255,930255
"DGMM",NA,0.94472821812431,0.014,0.470753166988418,0.489,-31407.9838693229,64902.1098328985,20,2.41,TRUE,"",0.1,255,910255,920255,930255
"RDMM",8.5331092253638,0.936960000202007,0.016,0.796727550176199,0.081,-29380.762516859,60840.7593726916,141,5.80000000000001,TRUE,"",0.1,255,910255,920255,930255
"DGMM",NA,0.00143396448781357,0.468,0.000506482814170845,0.718,-31630.5534349367,65347.248964126,29,3.5,TRUE,"",0.2,255,910255,920255,930255
"RDMM",5.11587859348088,0.910024554901926,0.023,0.724960145567845,0.113,-31271.6195126159,64622.4733642054,100,3.96000000000001,TRUE,"",0.2,255,910255,920255,930255
"DGMM",NA,-0.000452413129777059,0.481,1.20303547142444e-05,0.719,-33547.2129992508,69180.5680927542,23,2.80000000000001,TRUE,"",0.3,255,910255,920255,930255
"RDMM",3.81082347146094,0.85732995694579,0.037,0.45483906535273,0.325,-33242.3701154229,68563.9745698194,103,4.16,TRUE,"",0.3,255,910255,920255,930255
"DGMM",NA,-0.00108343552766022,0.491,-0.00101590653511748,0.723,-35417.7547082574,72921.6515107675,22,2.71000000000001,TRUE,"",0.4,255,910255,920255,930255
"RDMM",3.33098729488625,0.809806483065539,0.05,0.425079392890017,0.331,-34881.6003459069,71842.4350307875,142,5.76999999999998,TRUE,"",0.4,255,910255,920255,930255
"DGMM",NA,-0.00104607893564135,0.496,0.00107143615575267,0.716,-37145.9537050662,76378.049504385,25,2.93000000000001,TRUE,"",0.5,255,910255,920255,930255
"RDMM",3.09735963436968,0.79903027894435,0.053,0.377209749055496,0.329,-36526.3441782554,75131.9226954845,100,4.01000000000002,TRUE,"",0.5,255,910255,920255,930255
"DGMM",NA,0.995999996198092,0.001,0.779152220387863,0.091,-27108.4262286701,56302.9945515928,20,2.39000000000001,TRUE,"",0,256,910256,920256,930256
"RDMM",199.999949981249,0.992008000319167,0.002,0.839860776202725,0.064,-27060.0988616891,56199.4320623519,100,4.12,TRUE,"",0,256,910256,920256,930256
"DGMM",NA,0.929225203075431,0.018,0.421820840989012,0.367,-31371.8620345522,64829.8661633571,15,1.80000000000001,TRUE,"",0.1,256,910256,920256,930256
"RDMM",8.73891298967906,0.956440399038085,0.011,0.533565847207465,0.302,-29285.6963968684,60650.6271327105,128,5.16999999999999,TRUE,"",0.1,256,910256,920256,930256
"DGMM",NA,0.00177411157778368,0.476,0.00014042266120202,0.733,-31868.3201941411,65822.7824825349,24,2.84,TRUE,"",0.2,256,910256,920256,930256
"RDMM",5.22101400972611,0.913849766967539,0.022,0.581921788123997,0.199,-31259.6333430915,64598.5010251567,173,6.88,TRUE,"",0.2,256,910256,920256,930256
"DGMM",NA,0.00264217784458131,0.471,0.000943778735633617,0.733,-33426.1021161636,68938.3463265799,18,2.22000000000003,TRUE,"",0.3,256,910256,920256,930256
"RDMM",3.99179087859832,0.879723624274784,0.031,0.501685839455076,0.294,-32935.5012517758,67950.2368425252,108,4.46999999999997,TRUE,"",0.3,256,910256,920256,930256
"DGMM",NA,0.00184543393889184,0.474,0.222528925650553,0.531,-35123.9859257904,72334.1139458335,17,2.06999999999999,TRUE,"",0.4,256,910256,920256,930256
"RDMM",3.49709631400589,0.838894754840015,0.042,0.483367917066318,0.289,-34423.9971070318,70927.2285530372,104,4.13999999999999,TRUE,"",0.4,256,910256,920256,930256
"DGMM",NA,0.00154553388360258,0.475,0.209767397725461,0.549,-36683.1389212046,75452.4199366618,18,2.17000000000002,TRUE,"",0.5,256,910256,920256,930256
"RDMM",3.26574979255445,0.838894769779213,0.042,0.578161320211727,0.189,-35936.4504571588,73952.1352532912,150,5.98999999999995,TRUE,"",0.5,256,910256,920256,930256
"DGMM",NA,0.995999998759119,0.001,0.807340242659897,0.078,-26893.7019538094,55873.5460018713,17,2.10999999999996,TRUE,"",0,257,910257,920257,930257
"RDMM",161.468608634224,0.995999998759119,0.001,0.827887067936131,0.069,-26857.2047591133,55793.6438572002,100,4.05000000000001,TRUE,"",0,257,910257,920257,930257
"DGMM",NA,0.972168159534171,0.007,0.710065000463508,0.123,-30872.2441465935,63830.6303874396,21,2.50999999999999,TRUE,"",0.1,257,910257,920257,930257
"RDMM",8.13093646791794,0.980080073900518,0.005,0.775089726315817,0.092,-28981.8595318089,60042.9534025914,100,4.02999999999997,TRUE,"",0.1,257,910257,920257,930257
"DGMM",NA,0.906210247258441,0.024,0.437237930204891,0.478,-34032.8869833572,70151.916060967,26,3.17000000000002,TRUE,"",0.2,257,910257,920257,930257
"RDMM",4.93760547543427,0.929225200488394,0.018,0.557653644959363,0.23,-30991.6535558262,64062.5414506261,100,4.05000000000001,TRUE,"",0.2,257,910257,920257,930257
"DGMM",NA,0.00028902845369287,0.483,0.00146832657122935,0.723,-33216.4741257502,68519.0903457531,22,2.73000000000002,TRUE,"",0.3,257,910257,920257,930257
"RDMM",3.85061492138259,0.902402359207568,0.025,0.73566355209144,0.109,-32744.151782051,67567.5379030756,192,7.79000000000002,TRUE,"",0.3,257,910257,920257,930257
"DGMM",NA,0.00197989276843499,0.473,0.0013632100087092,0.721,-34953.5382715469,71993.2186373465,26,3.29999999999995,TRUE,"",0.4,257,910257,920257,930257
"RDMM",3.33651279763209,0.879723677456675,0.031,0.664661867069841,0.142,-34444.33044113,70967.8952212336,109,4.73000000000002,TRUE,"",0.4,257,910257,920257,930257
"DGMM",NA,4.29652513146826e-05,0.484,0.000338431800630112,0.727,-36707.5560150717,75501.2541243961,21,2.53000000000003,TRUE,"",0.5,257,910257,920257,930257
"RDMM",3.07492003985868,0.857333278453303,0.037,0.676998920151796,0.137,-36110.250445376,74299.7352297255,129,6.13,TRUE,"",0.5,257,910257,920257,930257
"DGMM",NA,0.992008006568362,0.002,0.704984512196808,0.132,-27523.1374612766,57132.4170168058,20,2.51999999999998,TRUE,"",0,258,910258,920258,930258
"RDMM",199.999945659371,0.988024021398623,0.003,0.862627686191912,0.054,-27330.9080506041,56741.0504401819,255,11.01,TRUE,"",0,258,910258,920258,930258
"DGMM",NA,0.809810892552646,0.05,0.568858910547785,0.191,-31843.0009190844,65772.1439324213,18,2.44,TRUE,"",0.1,258,910258,920258,930258
"RDMM",7.77280710262358,0.968224221308242,0.008,0.837904652740415,0.064,-29516.9454197489,61113.1251784714,100,4.69999999999999,TRUE,"",0.1,258,910258,920258,930258
"DGMM",NA,-0.000804268136496607,0.499,-0.000252369160810974,0.727,-31809.7300550769,65705.6022044065,24,3.00999999999999,TRUE,"",0.2,258,910258,920258,930258
"RDMM",4.91349188941699,0.929225234125533,0.018,0.749386095649966,0.102,-31380.8153935662,64840.865126106,159,6.39000000000004,TRUE,"",0.2,258,910258,920258,930258
"DGMM",NA,0.691916195495206,0.084,0.376037234170735,0.328,-36692.5690971133,75471.2802884792,6,0.789999999999964,TRUE,"",0.3,258,910258,920258,930258
"RDMM",4.05241065244814,0.902402362430831,0.025,0.710179635595359,0.119,-32974.2502987461,68027.7349364658,125,5.03000000000003,TRUE,"",0.3,258,910258,920258,930258
"DGMM",NA,0.00264133803946414,0.47,0.000575880351306726,0.728,-35731.2945720969,73548.7312384464,28,3.43000000000001,TRUE,"",0.4,258,910258,920258,930258
"RDMM",3.53561924557056,0.902402361103974,0.025,0.723852842505186,0.113,-34484.8726435881,71048.9796261499,100,4.06999999999999,TRUE,"",0.4,258,910258,920258,930258
"DGMM",NA,0.685269443631084,0.086,0.325347412566006,0.404,-39532.3578284857,81150.857751224,6,0.789999999999964,TRUE,"",0.5,258,910258,920258,930258
"RDMM",3.36185353303489,0.868492458969963,0.034,0.463167441139725,0.329,-36190.5278062829,74460.2899515394,100,4.06999999999999,TRUE,"",0.5,258,910258,920258,930258
"DGMM",NA,0.995999999719503,0.001,0.776571772669598,0.092,-27269.2879241619,56624.7179425764,12,1.47000000000003,TRUE,"",0,259,910259,920259,930259
"RDMM",199.999950580772,0.99200800716736,0.002,0.843810003885757,0.062,-27100.0478447871,56279.3300285478,114,4.63999999999999,TRUE,"",0,259,910259,920259,930259
"DGMM",NA,0.698596253746261,0.082,0.545065870803605,0.2,-30931.7712335348,63949.6845613222,18,2.13999999999999,TRUE,"",0.1,259,910259,920259,930259
"RDMM",8.71664986117105,0.960360356190814,0.01,0.802921738106787,0.079,-29192.7865888153,60464.8075166043,121,4.89000000000004,TRUE,"",0.1,259,910259,920259,930259
"DGMM",NA,0.550121296399685,0.129,0.316779700474371,0.403,-33009.3427584139,68104.8276110804,12,1.44999999999999,TRUE,"",0.2,259,910259,920259,930259
"RDMM",5.7720128179944,0.917681670350468,0.021,0.512331370577595,0.311,-30974.4545729057,64028.143484785,100,4.01999999999998,TRUE,"",0.2,259,910259,920259,930259
"DGMM",NA,-0.00076729025560418,0.494,-0.000961389220664767,0.742,-33002.9140950303,68091.9702843132,46,5.56,TRUE,"",0.3,259,910259,920259,930259
"RDMM",4.32702967170931,0.910026026727065,0.023,0.737490978939211,0.108,-32586.2352875954,67251.7049141644,100,3.99000000000001,TRUE,"",0.3,259,910259,920259,930259
"DGMM",NA,0.60489127474143,0.111,0.31535164835554,0.429,-38262.2977311272,78610.7375565069,13,1.58000000000004,TRUE,"",0.4,259,910259,920259,930259
"RDMM",3.56355002141768,0.875971933155948,0.032,0.510202741489475,0.274,-34472.6782305965,71024.5908001667,112,4.52999999999997,TRUE,"",0.4,259,910259,920259,930259
"DGMM",NA,0.662258655620366,0.093,0.316228503070564,0.38,-39792.709444149,81671.5609825506,17,2.08000000000004,TRUE,"",0.5,259,910259,920259,930259
"RDMM",3.21281924378963,0.857333313695098,0.037,0.609950060899989,0.171,-36041.4186411064,74162.0716211863,184,7.43000000000001,TRUE,"",0.5,259,910259,920259,930259
"DGMM",NA,1,0,0.827283161684969,0.07,-27269.8964277618,56625.9349497762,21,2.52999999999997,TRUE,"",0,260,910260,920260,930260
"RDMM",199.999951418564,1,0,0.848585615576486,0.061,-27246.7546480751,56572.7436351239,100,4.16000000000003,TRUE,"",0,260,910260,920260,930260
"DGMM",NA,0.964288277209793,0.009,0.723803388223743,0.116,-31321.8969433512,64729.935980955,15,1.88999999999999,TRUE,"",0.1,260,910260,920260,930260
"RDMM",8.52965291044838,0.96822421311812,0.008,0.812392060746297,0.076,-29377.651572858,60834.5374846896,100,4.03000000000003,TRUE,"",0.1,260,910260,920260,930260
"DGMM",NA,0.940840818083903,0.015,0.592768671739271,0.184,-34231.9382481325,70550.0185905176,13,1.64999999999998,TRUE,"",0.2,260,910260,920260,930260
"RDMM",5.32246161621949,0.925369336339277,0.019,0.766555124462872,0.095,-31213.9873475951,64507.2090341639,116,4.61000000000001,TRUE,"",0.2,260,910260,920260,930260
"DGMM",NA,-0.0008212233701974,0.497,0.258303457112639,0.532,-33483.3662743021,69052.8746428567,32,3.86000000000001,TRUE,"",0.3,260,910260,920260,930260
"RDMM",3.97108367455441,0.879723697356485,0.031,0.692140648460667,0.129,-33065.5301121864,68210.2945633465,113,4.5,TRUE,"",0.3,260,910260,920260,930260
"DGMM",NA,-0.000938122492210471,0.5,-0.000452840689176683,0.732,-35111.9630867438,72310.0682677402,29,3.5,TRUE,"",0.4,260,910260,920260,930260
"RDMM",3.45139854257823,0.842566506006158,0.041,0.677780658522269,0.135,-34598.9118795171,71277.0580980078,102,4.13999999999999,TRUE,"",0.4,260,910260,920260,930260
"DGMM",NA,0.662259972356895,0.093,0.259059651842266,0.451,-39598.3251650932,81282.792424439,14,1.65000000000003,TRUE,"",0.5,260,910260,920260,930260
"RDMM",3.22120369319164,0.813417334839527,0.049,0.438284994073467,0.31,-36112.0578161342,74303.3499712421,100,4.25,TRUE,"",0.5,260,910260,920260,930260
"DGMM",NA,0.99599999837435,0.001,0.823650652690944,0.071,-26908.577275129,55903.2966445107,15,1.79000000000002,TRUE,"",0,261,910261,920261,930261
"RDMM",199.999947946079,0.99599999837435,0.001,0.823547217316098,0.071,-26887.6919943296,55854.6183276328,112,4.54000000000002,TRUE,"",0,261,910261,920261,930261
"DGMM",NA,0.940840803333711,0.015,0.471600577228587,0.494,-31072.0770062075,64230.2961066676,46,5.40999999999997,TRUE,"",0.1,261,910261,920261,930261
"RDMM",7.73226444112417,0.940840811027485,0.015,0.778728340828202,0.09,-29190.2936942884,60459.8217275505,100,4.06,TRUE,"",0.1,261,910261,920261,930261
"DGMM",NA,0.646068750717618,0.098,0.328495539789326,0.537,-33300.031134823,68686.2043638985,45,5.44,TRUE,"",0.2,261,910261,920261,930261
"RDMM",4.96504308108898,0.887251218870015,0.029,0.729052880314583,0.112,-31074.2161364304,64227.6666118344,100,3.97000000000003,TRUE,"",0.2,261,910261,920261,930261
"DGMM",NA,0.000458177440751116,0.482,-0.000529221566239622,0.73,-33476.5205999527,69039.183294158,34,4.21999999999997,TRUE,"",0.3,261,910261,920261,930261
"RDMM",3.79024154163452,0.842566461634537,0.041,0.516391578479023,0.251,-33154.0385927147,68387.3115244029,100,4.00999999999999,TRUE,"",0.3,261,910261,920261,930261
"DGMM",NA,-0.000250322487986408,0.487,-0.000463268007694872,0.733,-35351.2848341748,72788.7117626023,28,3.36000000000001,TRUE,"",0.4,261,910261,920261,930261
"RDMM",3.16950284259439,0.817032921492894,0.048,0.640051237588427,0.152,-34685.0314479718,71449.2972349172,127,5.04000000000002,TRUE,"",0.4,261,910261,920261,930261
"DGMM",NA,-0.000835079365214588,0.494,0.000508862602257641,0.729,-37264.3852407588,76614.9125757702,40,4.76999999999998,TRUE,"",0.5,261,910261,920261,930261
"RDMM",2.92882632538395,0.777701553536149,0.059,0.593209520265664,0.175,-36498.1966079991,75075.6275549719,108,4.36000000000001,TRUE,"",0.5,261,910261,920261,930261
"DGMM",NA,0.992008008003395,0.002,0.832599423778409,0.067,-27207.4645573163,56501.0712088852,24,2.89000000000004,TRUE,"",0,262,910262,920262,930262
"RDMM",199.999913751711,0.992008008003395,0.002,0.851413647529649,0.059,-27188.4070305547,56456.048400083,100,4.26999999999998,TRUE,"",0,262,910262,920262,930262
"DGMM",NA,0.891027022561542,0.028,0.370950422909242,0.414,-31996.8865814638,66079.9152571803,16,1.93999999999994,TRUE,"",0.1,262,910262,920262,930262
"RDMM",7.9758655591394,0.940840840983107,0.015,0.750312561140709,0.102,-29524.5224622419,61128.2792634575,245,9.84999999999991,TRUE,"",0.1,262,910262,920262,930262
"DGMM",NA,-0.000815328253115224,0.493,0.000256602107438695,0.718,-31755.9174016681,65597.9768975887,24,2.85000000000002,TRUE,"",0.2,262,910262,920262,930262
"RDMM",5.06892429741362,0.925369368572512,0.019,0.484355054582956,0.301,-31499.3455284234,65077.9253958203,122,4.88999999999999,TRUE,"",0.2,262,910262,920262,930262
"DGMM",NA,0.000438314008563599,0.481,0.00389807635012328,0.702,-33763.2043429551,69612.5507801627,20,2.38,TRUE,"",0.3,262,910262,920262,930262
"RDMM",3.86528193275948,0.864764752081391,0.035,0.693993676199,0.127,-33144.2909999658,68367.8163389052,203,8.04999999999995,TRUE,"",0.3,262,910262,920262,930262
"DGMM",NA,-0.000219038538865681,0.486,0.00284468939558364,0.707,-35342.6862899017,72771.514674056,24,3,TRUE,"",0.4,262,910262,920262,930262
"RDMM",3.38454387888276,0.85362961873194,0.038,0.62574451360378,0.159,-34629.551582306,71338.3375035857,249,9.91999999999996,TRUE,"",0.4,262,910262,920262,930262
"DGMM",NA,-0.000425287251275348,0.488,6.59610403029961e-05,0.72,-37340.4682797943,76767.0786538412,34,4.08000000000004,TRUE,"",0.5,262,910262,920262,930262
"RDMM",3.02981656314131,0.799035000722007,0.053,0.425832735560728,0.295,-36520.0406088843,75119.3155567423,103,4.06000000000006,TRUE,"",0.5,262,910262,920262,930262
"DGMM",NA,1,0,0.736555455601761,0.112,-27117.4042868907,56320.950668034,15,1.87,TRUE,"",0,263,910263,920263,930263
"RDMM",199.99994792812,1,0,0.840278490476888,0.064,-26916.8099806702,55912.8543003139,178,7.21999999999991,TRUE,"",0,263,910263,920263,930263
"DGMM",NA,0.894810966380809,0.027,0.660277953826964,0.145,-31654.4543788636,65395.0508519798,18,2.2399999999999,TRUE,"",0.1,263,910263,920263,930263
"RDMM",7.76840491590899,0.956440355067114,0.011,0.788216651777181,0.086,-29096.4670415642,60272.168422102,100,4.54000000000008,TRUE,"",0.1,263,910263,920263,930263
"DGMM",NA,-0.0011310276132636,0.488,-0.000614851982882089,0.721,-31468.5898041922,65023.3217026369,25,2.95999999999992,TRUE,"",0.2,263,910263,920263,930263
"RDMM",4.73920120471875,0.906210052891358,0.024,0.490878378502119,0.298,-31078.0457147571,64235.3257684878,154,6.17999999999995,TRUE,"",0.2,263,910263,920263,930263
"DGMM",NA,-0.00137042927859951,0.497,0.00132039212347745,0.707,-33234.0510839666,68554.2442621858,28,3.36000000000001,TRUE,"",0.3,263,910263,920263,930263
"RDMM",3.80418292907277,0.883483288043824,0.03,0.689689565356399,0.129,-32722.9661098369,67525.1665586474,128,5.13999999999999,TRUE,"",0.3,263,910263,920263,930263
"DGMM",NA,-0.00116283386690316,0.497,0.000567326499073672,0.718,-35155.8170980335,72397.7762903195,23,2.78000000000009,TRUE,"",0.4,263,910263,920263,930263
"RDMM",3.28014975365336,0.831573956459501,0.044,0.497270841759886,0.269,-34538.7439926978,71156.7223243692,129,5.15999999999997,TRUE,"",0.4,263,910263,920263,930263
"DGMM",NA,-0.00105238443039582,0.498,0.00167275653340637,0.709,-36850.4378475408,75787.0177893341,20,2.51999999999998,TRUE,"",0.5,263,910263,920263,930263
"RDMM",3.10480640902542,0.788330073532274,0.056,0.415086566428331,0.354,-36097.4174104114,74274.0691597965,100,4,TRUE,"",0.5,263,910263,920263,930263
"DGMM",NA,0.984048032319871,0.004,0.706116890352337,0.126,-27502.8001061316,57091.7423065158,17,2.06000000000006,TRUE,"",0,264,910264,920264,930264
"RDMM",199.999949438118,0.984048032064128,0.004,0.812620597547128,0.076,-27307.836511989,56694.9073629516,152,6.10000000000002,TRUE,"",0,264,910264,920264,930264
"DGMM",NA,0.948624583236054,0.013,0.525078076426684,0.233,-31292.7564144068,64671.6549230662,17,2.04999999999995,TRUE,"",0.1,264,910264,920264,930264
"RDMM",8.95501555950773,0.968224192894201,0.008,0.79811263019577,0.082,-29340.1025462067,60759.439431387,186,7.40999999999997,TRUE,"",0.1,264,910264,920264,930264
"DGMM",NA,0.672080580882461,0.09,0.328591762867255,0.518,-33625.2381683266,69336.6184309058,22,2.69000000000005,TRUE,"",0.2,264,910264,920264,930264
"RDMM",5.2357197056355,0.925369309246108,0.019,0.748944512398019,0.104,-31218.1348533032,64515.5040455799,175,7.20000000000005,TRUE,"",0.2,264,910264,920264,930264
"DGMM",NA,-0.000626853279563481,0.494,0.252958337334775,0.533,-33665.4963380291,69417.1347703107,25,2.9899999999999,TRUE,"",0.3,264,910264,920264,930264
"RDMM",3.75130205862103,0.883483433981505,0.03,0.686388834790962,0.133,-33110.0037366649,68299.2418123035,131,5.2399999999999,TRUE,"",0.3,264,910264,920264,930264
"DGMM",NA,0.000264243711282523,0.483,0.000178163970724596,0.726,-35471.6983970657,73029.538888384,22,2.63999999999999,TRUE,"",0.4,264,910264,920264,930264
"RDMM",3.33731476327925,0.831575504020551,0.044,0.646926726652673,0.152,-34775.0030991638,71629.2405373013,165,6.59999999999991,TRUE,"",0.4,264,910264,920264,930264
"DGMM",NA,-0.000704018739034234,0.492,-0.000313807128953104,0.73,-37291.5533352473,76669.2487647472,22,2.65000000000009,TRUE,"",0.5,264,910264,920264,930264
"RDMM",3.05038271850355,0.784780669505166,0.057,0.596178466963725,0.178,-36418.6606435951,74916.5556261639,133,5.32999999999993,TRUE,"",0.5,264,910264,920264,930264
"DGMM",NA,0.995999996383551,0.001,0.646781361263795,0.162,-27258.5804294363,56603.3029531251,22,2.72000000000003,TRUE,"",0,265,910265,920265,930265
"RDMM",199.999949983849,0.995999996383551,0.001,0.599303002299926,0.216,-27191.5481683909,56462.3306757555,100,4.04000000000008,TRUE,"",0,265,910265,920265,930265
"DGMM",NA,0.827929293496238,0.045,0.589729664415014,0.178,-31065.8540098917,64217.8501140361,17,2.07999999999993,TRUE,"",0.1,265,910265,920265,930265
"RDMM",8.23793635578431,0.972168141714655,0.007,0.816501313205483,0.074,-29261.4558957454,60602.1461304644,183,7.24000000000001,TRUE,"",0.1,265,910265,920265,930265
"DGMM",NA,-0.000225624296938798,0.491,0.221429416442179,0.526,-31471.8419069028,65029.8259080582,28,3.38,TRUE,"",0.2,265,910265,920265,930265
"RDMM",5.40582329047696,0.940840783697126,0.015,0.542162528390465,0.262,-31130.9468737966,64341.1280865668,100,3.92000000000007,TRUE,"",0.2,265,910265,920265,930265
"DGMM",NA,0.486724749372174,0.151,0.219011751297585,0.549,-35258.3222286924,72602.7865516374,24,2.92999999999995,TRUE,"",0.3,265,910265,920265,930265
"RDMM",4.09445433438328,0.879723674463989,0.031,0.543602176274707,0.226,-32781.5269675184,67642.2882740105,100,4.25,TRUE,"",0.3,265,910265,920265,930265
"DGMM",NA,-0.000797865979776949,0.495,-0.00117112596541621,0.743,-35026.146613742,72138.4353217365,33,4,TRUE,"",0.4,265,910265,920265,930265
"RDMM",3.52963880873211,0.875971910153849,0.032,0.716156426825265,0.119,-34364.6830960483,70808.6005310703,130,5.25,TRUE,"",0.4,265,910265,920265,930265
"DGMM",NA,0.000470728568638318,0.481,-0.000293764672440321,0.73,-36843.5197307662,75773.181555785,25,2.94000000000005,TRUE,"",0.5,265,910265,920265,930265
"RDMM",3.20632337198018,0.838894919171049,0.042,0.479809853520493,0.275,-36109.2233965792,74297.6811321321,137,5.52999999999997,TRUE,"",0.5,265,910265,920265,930265
"DGMM",NA,0.984048047934498,0.004,0.785664510563274,0.088,-27352.755442407,56791.6529790667,25,2.96000000000004,TRUE,"",0,266,910266,920266,930266
"RDMM",156.413575490043,0.988024023469914,0.003,0.825477238457583,0.07,-27310.841828696,56700.9179963657,100,4.07999999999993,TRUE,"",0,266,910266,920266,930266
"DGMM",NA,0.917681599744767,0.021,0.729401052938443,0.111,-31578.7554136079,65243.6529214684,11,1.41000000000008,TRUE,"",0.1,266,910266,920266,930266
"RDMM",7.9530384836174,0.952528510168592,0.012,0.795875798862386,0.082,-29506.6343589351,61092.5030568438,103,4.25,TRUE,"",0.1,266,910266,920266,930266
"DGMM",NA,0.604881681747949,0.111,0.300370139035133,0.535,-33466.6012233288,69019.3445409102,43,5.22000000000003,TRUE,"",0.2,266,910266,920266,930266
"RDMM",5.28398523965132,0.906210162809363,0.024,0.596004174880891,0.199,-31252.4848453317,64584.204029637,100,4.12,TRUE,"",0.2,266,910266,920266,930266
"DGMM",NA,0.000367625477851468,0.481,-0.000525529303001131,0.731,-33496.2349158643,69078.6119259812,24,2.82999999999993,TRUE,"",0.3,266,910266,920266,930266
"RDMM",3.91844281241897,0.891026996774929,0.028,0.732355874912902,0.109,-32992.127269516,68063.4888780056,222,8.78000000000009,TRUE,"",0.3,266,910266,920266,930266
"DGMM",NA,-0.000250214265986039,0.486,8.36976273355328e-05,0.727,-35291.8219751796,72669.7860446117,34,4.07999999999993,TRUE,"",0.4,266,910266,920266,930266
"RDMM",3.38389146444393,0.8499338287157,0.039,0.440790608944644,0.317,-34739.9425489995,71559.1194369726,118,4.99000000000001,TRUE,"",0.4,266,910266,920266,930266
"DGMM",NA,0.820656576868681,0.047,0.400383305138099,0.471,-39512.4628595262,81111.067813305,29,3.42000000000007,TRUE,"",0.5,266,910266,920266,930266
"RDMM",3.15876936050793,0.846246186780863,0.04,0.634461925361467,0.157,-36322.9663255347,74725.166990043,100,4.07999999999993,TRUE,"",0.5,266,910266,920266,930266
"DGMM",NA,0.995999996912225,0.001,0.873060496022905,0.05,-27037.4587665082,56161.059627269,13,1.61000000000001,TRUE,"",0,267,910267,920267,930267
"RDMM",179.51057493876,1,0,0.887844611616134,0.044,-27022.8118153592,56124.857969692,100,4.05000000000007,TRUE,"",0,267,910267,920267,930267
"DGMM",NA,0.831576762451254,0.044,0.496965095491911,0.315,-31158.1252013162,64402.392496885,33,3.88,TRUE,"",0.1,267,910267,920267,930267
"RDMM",8.07926687296668,0.964288257780329,0.009,0.580739468142729,0.242,-29383.7564715282,60846.74728203,104,4.25,TRUE,"",0.1,267,910267,920267,930267
"DGMM",NA,0.586354795454471,0.117,0.278642657304913,0.54,-33665.1536887649,69416.4494717824,20,2.35000000000002,TRUE,"",0.2,267,910267,920267,930267
"RDMM",5.03864365707685,0.902402335098807,0.025,0.760783953894951,0.096,-31115.5339886911,64310.3023163558,248,9.88,TRUE,"",0.2,267,910267,920267,930267
"DGMM",NA,0.000258613461936708,0.484,2.01096065107185e-05,0.714,-33629.5060946124,69345.1542834775,21,2.54999999999995,TRUE,"",0.3,267,910267,920267,930267
"RDMM",3.77472807190676,0.875971867293327,0.032,0.591444217280265,0.206,-33053.3305282173,68185.8953954083,218,8.67999999999995,TRUE,"",0.3,267,910267,920267,930267
"DGMM",NA,0.000262755783787547,0.483,2.47752046188273e-05,0.728,-35434.7213532724,72955.5848007974,21,2.52999999999997,TRUE,"",0.4,267,910267,920267,930267
"RDMM",3.21206729677926,0.83889475671258,0.042,0.475932593130805,0.3,-34750.9141727543,71581.0626844821,107,4.36000000000001,TRUE,"",0.4,267,910267,920267,930267
"DGMM",NA,-0.000766353177901914,0.493,0.000155885719974835,0.726,-37258.9014811617,76603.9450565761,23,2.72000000000003,TRUE,"",0.5,267,910267,920267,930267
"RDMM",2.97007023938238,0.795459421564974,0.054,0.471476001246531,0.289,-36286.2611610485,74651.7566610706,169,6.97000000000003,TRUE,"",0.5,267,910267,920267,930267
"DGMM",NA,1,0,0.66548716037106,0.147,-27363.5294579759,56813.2010102043,13,1.64999999999998,TRUE,"",0,268,910268,920268,930268
"RDMM",199.999955879381,1,0,0.824112871475388,0.071,-27154.5630803152,56388.360499604,155,6.16999999999996,TRUE,"",0,268,910268,920268,930268
"DGMM",NA,0.868492829614344,0.034,0.54284217790829,0.21,-31002.2522415155,64090.6465772835,21,2.55999999999995,TRUE,"",0.1,268,910268,920268,930268
"RDMM",8.50432479557424,0.972168141714655,0.007,0.777381028540965,0.091,-29322.6198439152,60724.4740268039,189,7.52999999999997,TRUE,"",0.1,268,910268,920268,930268
"DGMM",NA,-0.000321295909725229,0.492,-0.000550098408921117,0.741,-31630.2901177823,65346.7223298172,23,2.78000000000009,TRUE,"",0.2,268,910268,920268,930268
"RDMM",5.1888897035105,0.936960898806238,0.016,0.758377856057396,0.099,-31193.7826077872,64466.7995545481,104,4.17999999999995,TRUE,"",0.2,268,910268,920268,930268
"DGMM",NA,-0.000506942151145548,0.492,-0.000647947242227219,0.741,-33575.8061199982,69237.7543342489,22,2.71000000000004,TRUE,"",0.3,268,910268,920268,930268
"RDMM",3.95365660437459,0.898602528221231,0.026,0.703892914875598,0.124,-33018.7293643376,68116.6930676488,102,4.12,TRUE,"",0.3,268,910268,920268,930268
"DGMM",NA,-0.000903443798286033,0.5,-0.00128441765753538,0.746,-35452.407355033,72990.9568043186,25,2.97000000000003,TRUE,"",0.4,268,910268,920268,930268
"RDMM",3.28379183387734,0.879723609403901,0.031,0.695941299492738,0.127,-34883.3933654389,71846.0210698514,178,7.20999999999992,TRUE,"",0.4,268,910268,920268,930268
"DGMM",NA,-0.000869200039451679,0.495,-0.00126814918737857,0.742,-37087.8637426079,76261.8695794685,21,2.50999999999999,TRUE,"",0.5,268,910268,920268,930268
"RDMM",3.09740558604074,0.813417446115954,0.049,0.630275604754762,0.159,-36442.6466233848,74964.5275857433,100,4.08000000000004,TRUE,"",0.5,268,910268,920268,930268
"DGMM",NA,0.988024020308834,0.003,0.535348711534622,0.287,-27383.7754645624,56853.6930233773,14,1.70000000000005,TRUE,"",0,269,910269,920269,930269
"RDMM",185.40648093054,0.988024020308834,0.003,0.580238951512028,0.255,-27308.466488633,56696.1673162396,104,4.18999999999994,TRUE,"",0,269,910269,920269,930269
"DGMM",NA,0.770656994910617,0.061,0.463595459611525,0.254,-31765.5441875151,65617.2304692828,11,1.34000000000003,TRUE,"",0.1,269,910269,920269,930269
"RDMM",7.60155374601612,0.956440421161811,0.011,0.798364754545625,0.081,-29497.4061088801,61074.0465567339,182,7.38999999999999,TRUE,"",0.1,269,910269,920269,930269
"DGMM",NA,0.601789234227784,0.112,0.352018292632698,0.324,-33901.2542607822,69888.6506158169,11,1.36000000000001,TRUE,"",0.2,269,910269,920269,930269
"RDMM",5.02164031438758,0.913849806910841,0.022,0.755903293882998,0.099,-31306.3673462146,64691.9690314028,100,4.06000000000006,TRUE,"",0.2,269,910269,920269,930269
"DGMM",NA,0.406470254921973,0.181,0.177091685291509,0.533,-35508.5500121265,73103.2421185057,21,2.51999999999998,TRUE,"",0.3,269,910269,920269,930269
"RDMM",3.9224464526354,0.902402351941144,0.025,0.708026933026853,0.121,-33016.9505928232,68113.13552462,100,4.04999999999995,TRUE,"",0.3,269,910269,920269,930269
"DGMM",NA,-0.00094047141377853,0.499,0.000362590504849961,0.722,-35060.9210461839,72207.9841866203,24,2.86000000000001,TRUE,"",0.4,269,910269,920269,930269
"RDMM",3.45475153371886,0.831575497202569,0.044,0.647254859559453,0.149,-34615.3407491099,71309.9158371934,213,8.52999999999997,TRUE,"",0.4,269,910269,920269,930269
"DGMM",NA,0.000789252812511272,0.479,0.0010322156047723,0.713,-36933.1442932706,75952.4306807938,28,3.33999999999992,TRUE,"",0.5,269,910269,920269,930269
"RDMM",3.14280452519929,0.791891811838299,0.055,0.378910297150935,0.382,-36261.6371643327,74602.508667639,117,4.7600000000001,TRUE,"",0.5,269,910269,920269,930269
"DGMM",NA,0.988024012836975,0.003,0.735638011811576,0.111,-27332.2803432386,56750.7027807297,12,1.5,TRUE,"",0,270,910270,920270,930270
"RDMM",199.999951040951,0.988024012836975,0.003,0.829914142145855,0.068,-27174.9457153218,56429.1257696172,188,7.59999999999991,TRUE,"",0,270,910270,920270,930270
"DGMM",NA,0.820658127175159,0.047,0.600583294225933,0.173,-31227.7038044529,64541.5497031583,21,2.54000000000008,TRUE,"",0.1,270,910270,920270,930270
"RDMM",7.93692882511647,0.960360324756183,0.01,0.778570386480175,0.09,-29498.2576503696,61075.7496397128,137,5.45999999999992,TRUE,"",0.1,270,910270,920270,930270
"DGMM",NA,6.67060860967236e-06,0.488,0.24200170051133,0.521,-31762.6403548415,65611.4228039355,24,2.94000000000005,TRUE,"",0.2,270,910270,920270,930270
"RDMM",4.77707985847754,0.936960898299904,0.016,0.755561370689752,0.1,-31435.4429843935,64950.1203077606,100,4.15999999999997,TRUE,"",0.2,270,910270,920270,930270
"DGMM",NA,-0.000568001852264462,0.493,0.253881374482364,0.527,-33664.7146559014,69415.5714060553,23,2.87,TRUE,"",0.3,270,910270,920270,930270
"RDMM",3.74073462321518,0.891026922187606,0.028,0.689424709442897,0.13,-33254.2064482258,68587.6472354252,139,5.56000000000006,TRUE,"",0.3,270,910270,920270,930270
"DGMM",NA,0.000126489179408321,0.484,0.0648978479739993,0.645,-35511.3268473654,73108.7957889834,19,2.28999999999996,TRUE,"",0.4,270,910270,920270,930270
"RDMM",3.27092716881952,0.838894765625992,0.042,0.636016317921227,0.155,-34926.2349170963,71931.7041731663,100,4,TRUE,"",0.4,270,910270,920270,930270
"DGMM",NA,-0.00029976628805609,0.487,0.125353215121037,0.579,-37236.3359010047,76558.813896262,22,2.66999999999996,TRUE,"",0.5,270,910270,920270,930270
"RDMM",3.06673516956795,0.824288119241656,0.046,0.605977492470989,0.17,-36596.5873095756,75272.4089581248,100,4.03000000000009,TRUE,"",0.5,270,910270,920270,930270
"DGMM",NA,0.988024012456048,0.003,0.72839962371449,0.115,-27431.1311258172,56948.404345887,16,1.93999999999994,TRUE,"",0,271,910271,920271,930271
"RDMM",199.999945487135,0.988024012456048,0.003,0.820841129986819,0.072,-27240.4297550439,56560.0938490613,157,6.33000000000004,TRUE,"",0,271,910271,920271,930271
"DGMM",NA,0.749709181299719,0.067,0.368376594384484,0.344,-31326.8874373162,64739.9169688849,18,2.14999999999998,TRUE,"",0.1,271,910271,920271,930271
"RDMM",8.14698000859421,0.94472868580456,0.014,0.777812830939258,0.09,-29492.8377805494,61064.9099000725,188,7.45000000000005,TRUE,"",0.1,271,910271,920271,930271
"DGMM",NA,-0.000311969325939755,0.492,0.248714225460046,0.523,-31727.4823277181,65541.1067496889,19,2.34000000000003,TRUE,"",0.2,271,910271,920271,930271
"RDMM",5.11341722478626,0.894810735216274,0.027,0.546727380235997,0.23,-31371.2210684414,64821.6764758564,100,4.07999999999993,TRUE,"",0.2,271,910271,920271,930271
"DGMM",NA,-0.000740588278521705,0.499,-0.000384591460399112,0.729,-33398.3496699204,68882.8414340934,28,3.31000000000006,TRUE,"",0.3,271,910271,920271,930271
"RDMM",4.06488465041366,0.921521453297154,0.02,0.706899155860446,0.122,-32955.915158242,67991.0646554576,103,4.14999999999998,TRUE,"",0.3,271,910271,920271,930271
"DGMM",NA,-0.000787473182300416,0.495,0.000412823635921867,0.722,-35093.7846893035,72273.7114728595,21,2.52999999999997,TRUE,"",0.4,271,910271,920271,930271
"RDMM",3.51252467391711,0.887251158026354,0.029,0.666553375089899,0.141,-34603.9819292228,71287.1981974193,173,7.08000000000004,TRUE,"",0.4,271,910271,920271,930271
"DGMM",NA,-0.000969360064074788,0.499,-0.000354359554254064,0.727,-36560.0912282128,75206.3245506782,23,2.73000000000002,TRUE,"",0.5,271,910271,920271,930271
"RDMM",3.33272721933896,0.853629583821308,0.038,0.614307792263172,0.166,-36052.1313162568,74183.4969714871,100,4.04999999999995,TRUE,"",0.5,271,910271,920271,930271
"DGMM",NA,0.984047940584087,0.004,0.66064510428945,0.157,-27358.5516956565,56803.2454855655,28,3.36000000000001,TRUE,"",0,272,910272,920272,930272
"RDMM",199.999954602626,0.988023935290834,0.003,0.72777222976297,0.121,-27218.40892425,56516.0521874736,228,9.03000000000009,TRUE,"",0,272,910272,920272,930272
"DGMM",NA,-0.000469201364834717,0.475,0.000787990112870109,0.712,-29715.8976489882,61517.937392229,29,3.40999999999997,TRUE,"",0.1,272,910272,920272,930272
"RDMM",8.27582116548527,0.952528208726137,0.012,0.76001455675307,0.098,-29353.4559939419,60786.1463268574,218,8.72000000000003,TRUE,"",0.1,272,910272,920272,930272
"DGMM",NA,-0.00150512094418021,0.487,0.227079846580473,0.55,-31644.6935399095,65375.5291740716,22,2.66000000000008,TRUE,"",0.2,272,910272,920272,930272
"RDMM",4.9864356326121,0.917680831546911,0.021,0.702426477419398,0.124,-31332.1054064668,64743.4451519072,105,4.27999999999997,TRUE,"",0.2,272,910272,920272,930272
"DGMM",NA,-0.000920750765202721,0.486,0.227294539675034,0.542,-33660.8003797755,69407.7428538036,22,2.67999999999984,TRUE,"",0.3,272,910272,920272,930272
"RDMM",3.86071204427851,0.87972266255761,0.031,0.646278875126955,0.15,-33147.6175368735,68374.4694127205,152,6.11000000000013,TRUE,"",0.3,272,910272,920272,930272
"DGMM",NA,0.00225714598258494,0.47,0.0950528592667968,0.56,-35400.0807535796,72886.3036014118,19,2.29999999999995,TRUE,"",0.4,272,910272,920272,930272
"RDMM",3.35336743253095,0.857332074622664,0.037,0.646817897846554,0.148,-34760.917166152,71601.0686712775,144,5.94000000000005,TRUE,"",0.4,272,910272,920272,930272
"DGMM",NA,0.520779404025874,0.139,0.21928488586213,0.509,-40543.9035602006,83173.9492146539,14,1.63999999999987,TRUE,"",0.5,272,910272,920272,930272
"RDMM",3.03282625912907,0.806209030613917,0.051,0.471252268874154,0.283,-36729.2835335616,75537.8014060969,115,4.72999999999979,TRUE,"",0.5,272,910272,920272,930272
"DGMM",NA,0.992008005970772,0.002,0.701509081804082,0.132,-27297.670245272,56681.4825847965,16,2,TRUE,"",0,273,910273,920273,930273
"RDMM",199.99995134857,0.995999998759119,0.001,0.595575735942745,0.218,-27163.4652142472,56406.1647674679,117,4.68999999999983,TRUE,"",0,273,910273,920273,930273
"DGMM",NA,0.894811023043588,0.027,0.649632364875227,0.149,-31331.7902719285,64749.7226381096,18,2.25,TRUE,"",0.1,273,910273,920273,930273
"RDMM",8.2530016033958,0.956440426927384,0.011,0.769150108506593,0.094,-29200.9829809301,60481.2003008338,111,4.42000000000007,TRUE,"",0.1,273,910273,920273,930273
"DGMM",NA,0.913849898328656,0.022,0.536203016153068,0.219,-34548.2561717661,71182.6544377847,28,3.41000000000008,TRUE,"",0.2,273,910273,920273,930273
"RDMM",4.95552131111507,0.933089076055551,0.017,0.740662689843512,0.107,-31114.2422613557,64307.7188616851,100,4.03999999999996,TRUE,"",0.2,273,910273,920273,930273
"DGMM",NA,-0.000747458191676697,0.495,0.0133191895804389,0.662,-33281.503498702,68649.1490916567,21,2.56999999999994,TRUE,"",0.3,273,910273,920273,930273
"RDMM",3.84357134034993,0.891027028599381,0.028,0.525830913796039,0.246,-32904.2886506944,67887.8116403624,119,4.81999999999994,TRUE,"",0.3,273,910273,920273,930273
"DGMM",NA,-0.000792727567161629,0.494,0.000973723929667254,0.725,-35125.6991951447,72337.540484542,21,2.57000000000016,TRUE,"",0.4,273,910273,920273,930273
"RDMM",3.30392654703328,0.861045262248626,0.036,0.384891429303611,0.394,-34723.3786762358,71525.9916914452,132,5.32999999999993,TRUE,"",0.4,273,910273,920273,930273
"DGMM",NA,-0.000922133734641607,0.496,0.000260340196570015,0.723,-36793.7094606781,75673.5610156089,25,2.95000000000005,TRUE,"",0.5,273,910273,920273,930273
"RDMM",3.00601378680825,0.849933887380405,0.039,0.592041872703863,0.181,-36278.2776577302,74635.7896544339,124,5.02999999999997,TRUE,"",0.5,273,910273,920273,930273
"DGMM",NA,0.988024012641135,0.003,0.842492953742881,0.063,-27129.344895911,56344.8318860745,20,2.42000000000007,TRUE,"",0,274,910274,920274,930274
"RDMM",199.999950441046,0.988024012641135,0.003,0.852042980401399,0.059,-27112.3801845411,56303.9947080557,113,4.56999999999994,TRUE,"",0,274,910274,920274,930274
"DGMM",NA,0.875972350574568,0.032,0.562518214084505,0.202,-31672.9999910745,65432.1420764016,21,2.5,TRUE,"",0.1,274,910274,920274,930274
"RDMM",7.94520036173287,0.952528493705217,0.012,0.816415751582214,0.074,-29386.6695675656,60852.5734741047,132,5.47000000000003,TRUE,"",0.1,274,910274,920274,930274
"DGMM",NA,0.910026017154853,0.023,0.405352337504744,0.338,-34631.5082790593,71349.1586523712,16,1.97000000000003,TRUE,"",0.2,274,910274,920274,930274
"RDMM",5.06610488663367,0.940840835007919,0.015,0.779310919868522,0.09,-31248.4148813456,64576.0641016647,100,4,TRUE,"",0.2,274,910274,920274,930274
"DGMM",NA,-0.000378105121359737,0.49,-0.000303661941513832,0.731,-33517.4660497872,69121.074193827,40,4.72000000000003,TRUE,"",0.3,274,910274,920274,930274
"RDMM",3.92307860976711,0.879723711864831,0.031,0.716344307643103,0.118,-32974.5299150694,68028.2941691124,115,4.61999999999989,TRUE,"",0.3,274,910274,920274,930274
"DGMM",NA,-0.000871117445997765,0.497,-0.000139843767712156,0.719,-35206.8716533934,72499.8854010394,30,3.50999999999999,TRUE,"",0.4,274,910274,920274,930274
"RDMM",3.4223810060298,0.82428821483168,0.046,0.667176176821514,0.141,-34647.3280925184,71373.8905240104,100,4.02999999999997,TRUE,"",0.4,274,910274,920274,930274
"DGMM",NA,-0.00050083172680908,0.489,-0.000302670877808991,0.717,-36835.7188659993,75757.5798262511,41,4.82999999999993,TRUE,"",0.5,274,910274,920274,930274
"RDMM",3.17145910221594,0.795459338456769,0.054,0.287948158784229,0.448,-36382.0324356,74843.2992101736,100,4.08999999999992,TRUE,"",0.5,274,910274,920274,930274
"DGMM",NA,0.98802401226328,0.003,0.734084837775804,0.113,-27272.2139329763,56630.5699602051,20,2.5,TRUE,"",0,275,910275,920275,930275
"RDMM",199.999950487902,0.98802401226328,0.003,0.834901069670137,0.066,-27104.8715003858,56288.9773397453,105,4.18999999999983,TRUE,"",0,275,910275,920275,930275
"DGMM",NA,0.853630233449191,0.038,0.603903499714849,0.17,-32178.478864148,66443.0998225486,15,1.91000000000008,TRUE,"",0.1,275,910275,920275,930275
"RDMM",7.26344837010623,0.936960899800715,0.016,0.766482593779212,0.095,-29498.977223641,61077.1887862557,103,4.06999999999994,TRUE,"",0.1,275,910275,920275,930275
"DGMM",NA,-0.000145607360809739,0.49,-0.000404242304923224,0.741,-31875.2104170634,65836.5629283793,30,3.56000000000017,TRUE,"",0.2,275,910275,920275,930275
"RDMM",4.74397505954882,0.90621011773611,0.024,0.749859736916125,0.102,-31328.2731214776,64735.7805819288,167,6.75999999999999,TRUE,"",0.2,275,910275,920275,930275
"DGMM",NA,-0.000524488296191713,0.493,-0.00048958154001303,0.735,-33730.8744297876,69547.8909538279,40,5.27999999999997,TRUE,"",0.3,275,910275,920275,930275
"RDMM",3.81330214064782,0.875971898599109,0.032,0.674113028911294,0.137,-33010.4685581733,68100.1714553201,132,5.42000000000007,TRUE,"",0.3,275,910275,920275,930275
"DGMM",NA,-0.000297590826204314,0.488,-0.000879530938459394,0.742,-35571.4395976535,73229.0212895596,25,3.16999999999985,TRUE,"",0.4,275,910275,920275,930275
"RDMM",3.27857999277787,0.831575731009081,0.044,0.647863849230908,0.148,-34715.4537866033,71510.1419121801,109,4.51999999999998,TRUE,"",0.4,275,910275,920275,930275
"DGMM",NA,-0.000294061895101012,0.487,0.215895782435854,0.546,-37388.9953392114,76864.1327726754,31,3.70000000000005,TRUE,"",0.5,275,910275,920275,930275
"RDMM",3.05331095145451,0.81341762272214,0.049,0.598020269507384,0.174,-36423.6341006053,74926.5025401842,100,4,TRUE,"",0.5,275,910275,920275,930275
"DGMM",NA,0.995999996383551,0.001,0.818977901859446,0.073,-27091.0963194197,56268.3347330921,17,2.10000000000014,TRUE,"",0,276,910276,920276,930276
"RDMM",199.999951026605,0.995999996383551,0.001,0.851564635369193,0.059,-27066.5299628059,56212.2942645855,100,4.02999999999997,TRUE,"",0,276,910276,920276,930276
"DGMM",NA,0.952528484325076,0.012,0.735044024403957,0.11,-31090.4433830106,64267.0288602737,18,2.12999999999988,TRUE,"",0.1,276,910276,920276,930276
"RDMM",8.3896411371585,0.952528487259748,0.012,0.800563765081452,0.08,-29205.3940962975,60490.0225315685,110,4.72000000000003,TRUE,"",0.1,276,910276,920276,930276
"DGMM",NA,0.630078880927352,0.103,0.435711745605845,0.275,-33365.2295641843,68816.6012226212,15,1.95000000000005,TRUE,"",0.2,276,910276,920276,930276
"RDMM",5.19237291216355,0.913849774956202,0.022,0.733686768414197,0.11,-31021.8576294894,64122.9495979525,100,3.98000000000002,TRUE,"",0.2,276,910276,920276,930276
"DGMM",NA,-0.000746218150694282,0.498,-0.00148201035323023,0.74,-33463.4564537486,69013.0550017498,27,3.29999999999995,TRUE,"",0.3,276,910276,920276,930276
"RDMM",3.92596418984028,0.861044975787034,0.036,0.675192318425914,0.137,-33174.6922936633,68428.6189263003,119,4.77999999999997,TRUE,"",0.3,276,910276,920276,930276
"DGMM",NA,-0.000228814410637773,0.487,0.216468274409316,0.553,-35223.7353953766,72533.6128850057,24,2.83000000000015,TRUE,"",0.4,276,910276,920276,930276
"RDMM",3.3258419942617,0.857333195527059,0.037,0.668662157371046,0.14,-34675.4462650925,71430.1268691585,100,4.12999999999988,TRUE,"",0.4,276,910276,920276,930276
"DGMM",NA,-0.000831184275061668,0.494,-0.00110809189173292,0.736,-36873.8005896655,75833.7432735836,24,2.92000000000007,TRUE,"",0.5,276,910276,920276,930276
"RDMM",3.08796403003069,0.817032941838529,0.048,0.521072871387564,0.23,-36281.9496348024,74643.1336085785,125,5.25,TRUE,"",0.5,276,910276,920276,930276
"DGMM",NA,0.984048046940939,0.004,0.777950465484458,0.091,-27257.4203193763,56600.9827330053,16,1.95000000000005,TRUE,"",0,277,910277,920277,930277
"RDMM",199.999952499175,0.972168165557891,0.007,0.812871082563219,0.076,-27094.9590975716,56269.1525341168,258,10.23,TRUE,"",0,277,910277,920277,930277
"DGMM",NA,0.842566543532718,0.041,0.681477739675523,0.134,-30614.6465045133,63315.4351032791,13,1.54999999999995,TRUE,"",0.1,277,910277,920277,930277
"RDMM",9.26332351122477,0.964288284938976,0.009,0.822536033781278,0.071,-29103.2472375846,60285.7288141428,100,4.1099999999999,TRUE,"",0.1,277,910277,920277,930277
"DGMM",NA,0.633247802062696,0.102,0.316377982525914,0.369,-33692.8239074361,69471.7899091247,11,1.30999999999995,TRUE,"",0.2,277,910277,920277,930277
"RDMM",5.26960684359333,0.925369358450274,0.019,0.75435720639201,0.101,-31053.0857224921,64185.4057839577,100,3.99000000000001,TRUE,"",0.2,277,910277,920277,930277
"DGMM",NA,0.483894272421073,0.152,0.170515110123459,0.502,-36463.623343972,75013.3887821965,13,1.63999999999987,TRUE,"",0.3,277,910277,920277,930277
"RDMM",3.93037394638908,0.8279279272824,0.045,0.48371642174847,0.301,-33112.9220309744,68305.0784009224,146,5.82000000000016,TRUE,"",0.3,277,910277,920277,930277
"DGMM",NA,0.391256874151397,0.187,0.149534950730442,0.567,-37635.7601607616,77357.6624157758,20,2.39999999999986,TRUE,"",0.4,277,910277,920277,930277
"RDMM",3.3562521163994,0.802618648361071,0.052,0.472754038782279,0.326,-34557.1701929512,71193.574724876,117,4.76999999999998,TRUE,"",0.4,277,910277,920277,930277
"DGMM",NA,0.286562834329926,0.232,0.112791782857168,0.571,-38839.0090091515,79764.1601125556,23,2.75999999999999,TRUE,"",0.5,277,910277,920277,930277
"RDMM",3.12661095745082,0.795459488234469,0.054,0.446940566251973,0.332,-36068.384137561,74216.0026140956,100,4.05000000000018,TRUE,"",0.5,277,910277,920277,930277
"DGMM",NA,0.992008007951119,0.002,0.814528982863615,0.076,-27269.7660088366,56625.6741119259,15,1.82999999999993,TRUE,"",0,278,910278,920278,930278
"RDMM",199.999952479154,0.988024023896152,0.003,0.829827806107318,0.068,-27214.0731449893,56507.3806289521,100,4.08999999999992,TRUE,"",0,278,910278,920278,930278
"DGMM",NA,0.944728729015829,0.014,0.747221782963999,0.106,-31022.8000422573,64131.7421787672,15,1.83000000000015,TRUE,"",0.1,278,910278,920278,930278
"RDMM",8.76049166445094,0.94862462443189,0.013,0.788993325029252,0.085,-29302.1021161151,60683.4385712038,100,4.11999999999989,TRUE,"",0.1,278,910278,920278,930278
"DGMM",NA,0.906210203227294,0.024,0.625696584248404,0.169,-33719.8473541473,69525.8368025471,19,2.57999999999993,TRUE,"",0.2,278,910278,920278,930278
"RDMM",5.44405839653982,0.921521520962894,0.02,0.758556436309554,0.099,-31065.6445393837,64210.5234177411,100,4.06000000000017,TRUE,"",0.2,278,910278,920278,930278
"DGMM",NA,0.817033032927433,0.048,0.446071178057712,0.271,-36071.1824566158,74228.5070074841,13,1.58999999999992,TRUE,"",0.3,278,910278,920278,930278
"RDMM",4.22593622225707,0.891027028599381,0.028,0.713531836069449,0.119,-32802.9024719764,67685.0392829265,107,4.42000000000007,TRUE,"",0.3,278,910278,920278,930278
"DGMM",NA,-0.000968025974275925,0.497,0.000248354740798271,0.72,-35002.1532322376,72090.4485587279,25,3.12999999999988,TRUE,"",0.4,278,910278,920278,930278
"RDMM",3.5478315243256,0.857333335652594,0.037,0.694097420583917,0.129,-34534.246635288,71147.7276095497,100,4.51999999999998,TRUE,"",0.4,278,910278,920278,930278
"DGMM",NA,0.729045040066864,0.073,0.363129368145007,0.337,-39645.6937410206,81377.5295762939,6,0.7800000000002,TRUE,"",0.5,278,910278,920278,930278
"RDMM",3.29788512703268,0.857333336750468,0.037,0.657051387645792,0.146,-36119.3869743136,74318.0082876008,176,7.32999999999993,TRUE,"",0.5,278,910278,920278,930278
"DGMM",NA,0.984048039838711,0.004,0.803837676278672,0.08,-27193.4734031507,56473.0889005539,22,2.61999999999989,TRUE,"",0,279,910279,920279,930279
"RDMM",199.999946697485,0.988024017080169,0.003,0.85156719608032,0.059,-27155.1516453539,56389.5376296814,102,4.1400000000001,TRUE,"",0,279,910279,920279,930279
"DGMM",NA,0.933089153136785,0.017,0.673394857112372,0.143,-31515.1365054729,65116.4151051983,19,2.31999999999994,TRUE,"",0.1,279,910279,920279,930279
"RDMM",8.01638475978712,0.948624589196012,0.013,0.79404974895618,0.083,-29442.3370337016,60963.9084063768,195,7.82000000000016,TRUE,"",0.1,279,910279,920279,930279
"DGMM",NA,-0.000620998909708455,0.498,0.00396438422368953,0.688,-31714.7413515175,65515.6247972876,17,2,TRUE,"",0.2,279,910279,920279,930279
"RDMM",4.89455969249656,0.902402345813814,0.025,0.711500326573722,0.12,-31407.202389839,64893.6391186516,103,4.11999999999989,TRUE,"",0.2,279,910279,920279,930279
"DGMM",NA,-0.000656658411059542,0.494,-0.000605678438994794,0.728,-33461.7912705269,69009.7246353065,21,2.59000000000015,TRUE,"",0.3,279,910279,920279,930279
"RDMM",3.84075483779973,0.86849238691544,0.034,0.622722398935413,0.164,-33097.4806450294,68274.1956290324,125,4.91999999999985,TRUE,"",0.3,279,910279,920279,930279
"DGMM",NA,0.000250957851113329,0.483,0.199753206379744,0.555,-35208.7987024596,72503.7394991718,17,2.1099999999999,TRUE,"",0.4,279,910279,920279,930279
"RDMM",3.3542864181779,0.861044956372323,0.036,0.668400384177827,0.14,-34627.5971345526,71334.4286080789,177,7.32999999999993,TRUE,"",0.4,279,910279,920279,930279
"DGMM",NA,0.00047324658621721,0.481,-0.00054158993239322,0.729,-36701.9051806535,75489.9524555596,24,2.86000000000013,TRUE,"",0.5,279,910279,920279,930279
"RDMM",3.19256354632224,0.817032916274484,0.048,0.620843906054661,0.164,-36078.320089493,74235.8745179595,166,6.71000000000004,TRUE,"",0.5,279,910279,920279,930279
"DGMM",NA,0.984048028140774,0.004,0.809130526200682,0.077,-27056.0000669855,56198.1422282235,27,3.27999999999997,TRUE,"",0,280,910280,920280,930280
"RDMM",199.999954798769,0.988024006560883,0.003,0.809030169753445,0.077,-27023.5774759436,56126.3892908609,102,4.13999999999987,TRUE,"",0,280,910280,920280,930280
"DGMM",NA,0.879722289428648,0.031,0.409845705289538,0.477,-31002.372036513,64090.8861672787,24,2.88000000000011,TRUE,"",0.1,280,910280,920280,930280
"RDMM",8.72263061395811,0.956440411214517,0.011,0.769212961174971,0.094,-29208.1214150114,60495.4771689965,300,11.9200000000001,TRUE,"",0.1,280,910280,920280,930280
"DGMM",NA,0.902402169285034,0.025,0.422462793527233,0.318,-34329.4113251508,70744.9647445541,15,1.86999999999989,TRUE,"",0.2,280,910280,920280,930280
"RDMM",5.30352853713798,0.902402260087437,0.025,0.507571445103452,0.272,-31147.415309125,64374.0649572236,131,5.25,TRUE,"",0.2,280,910280,920280,930280
"DGMM",NA,-0.000904458185165417,0.49,0.00101932761183601,0.717,-33329.1400617342,68744.4222177211,30,3.59000000000015,TRUE,"",0.3,280,910280,920280,930280
"RDMM",4.04572543264235,0.86849238014135,0.034,0.673634940123971,0.137,-32840.9907985646,67761.2159361028,114,4.75,TRUE,"",0.3,280,910280,920280,930280
"DGMM",NA,-4.19946679332376e-06,0.483,0.00135568813275782,0.718,-35345.2826760097,72776.7074462721,21,2.65999999999985,TRUE,"",0.4,280,910280,920280,930280
"RDMM",3.38388252482378,0.849933776864377,0.039,0.617539226099405,0.168,-34758.5844466693,71596.4032323121,106,4.49000000000001,TRUE,"",0.4,280,910280,920280,930280
"DGMM",NA,0.777700932089735,0.059,0.270398729579534,0.492,-39989.7902326802,82065.722559613,16,1.94000000000005,TRUE,"",0.5,280,910280,920280,930280
"RDMM",3.14174827058111,0.788332227240025,0.056,0.473882549626254,0.274,-36437.9509176694,74955.1361743124,106,4.36000000000013,TRUE,"",0.5,280,910280,920280,930280
"DGMM",NA,1,0,0.77728581112544,0.092,-27280.1255682382,56646.393230729,13,1.66999999999985,TRUE,"",0,281,910281,920281,930281
"RDMM",199.999952319231,1,0,0.841271842833905,0.064,-27140.8880936556,56361.0105262848,100,3.99000000000001,TRUE,"",0,281,910281,920281,930281
"DGMM",NA,0.948624599761839,0.013,0.758791533302108,0.099,-30865.0352510996,63816.2125964518,23,2.84000000000015,TRUE,"",0.1,281,910281,920281,930281
"RDMM",8.68236230882152,0.95252852057616,0.012,0.804342369328852,0.079,-29324.8813605229,60728.9970600194,100,3.94999999999982,TRUE,"",0.1,281,910281,920281,930281
"DGMM",NA,0.906210163463448,0.024,0.451337561845232,0.502,-33935.4652000208,69957.0724942942,27,3.30000000000018,TRUE,"",0.2,281,910281,920281,930281
"RDMM",5.3626399400569,0.917681645249165,0.021,0.518877185254865,0.272,-31326.7837448329,64732.8018286393,100,3.91999999999985,TRUE,"",0.2,281,910281,920281,930281
"DGMM",NA,0.00124569809822383,0.477,0.000405720806125246,0.724,-33262.0209576352,68610.184009523,21,2.51999999999998,TRUE,"",0.3,281,910281,920281,930281
"RDMM",4.06824283143828,0.883483435048133,0.03,0.709443456660399,0.121,-32902.9919358093,67885.2182105922,100,4.05000000000018,TRUE,"",0.3,281,910281,920281,930281
"DGMM",NA,0.00136238859075272,0.476,0.00128748406009151,0.72,-35049.715980801,72185.5740558546,24,2.86999999999989,TRUE,"",0.4,281,910281,920281,930281
"RDMM",3.45298914659559,0.842566517727531,0.041,0.645370137538012,0.152,-34574.6018744508,71228.4380878752,100,4.04999999999995,TRUE,"",0.4,281,910281,920281,930281
"DGMM",NA,0.00112916898805877,0.477,0.0010222964588792,0.722,-36684.140749775,75454.4235938027,26,3.08000000000015,TRUE,"",0.5,281,910281,920281,930281
"RDMM",3.21641943934107,0.817033002382608,0.048,0.618275407063665,0.165,-36129.2754000898,74337.7851391532,117,4.71000000000004,TRUE,"",0.5,281,910281,920281,930281
"DGMM",NA,0.992008000632441,0.002,0.771151052139143,0.095,-27358.543725439,56803.2295451306,28,3.3599999999999,TRUE,"",0,282,910282,920282,930282
"RDMM",199.999949215429,0.995999996383551,0.001,0.863397095427665,0.054,-27239.3105664682,56557.85547191,183,7.33999999999992,TRUE,"",0,282,910282,920282,930282
"DGMM",NA,0.770656856368688,0.061,0.378242433972047,0.518,-31248.0276887863,64582.1974718251,25,3.16000000000008,TRUE,"",0.1,282,910282,920282,930282
"RDMM",8.06384191805352,0.972168143005071,0.007,0.811374458857201,0.076,-29408.0386358273,60895.3116106282,188,7.70000000000005,TRUE,"",0.1,282,910282,920282,930282
"DGMM",NA,0.91002595008007,0.023,0.398568069754984,0.344,-34589.0792817505,71264.3006577537,10,1.25,TRUE,"",0.2,282,910282,920282,930282
"RDMM",5.11818816485495,0.933089038634788,0.017,0.594871122772037,0.2,-31330.15983284,64739.5540046536,123,5,TRUE,"",0.2,282,910282,920282,930282
"DGMM",NA,0.000142868546086733,0.485,-0.000468405416947111,0.729,-33538.2251529088,69162.5924000702,21,2.5,TRUE,"",0.3,282,910282,920282,930282
"RDMM",3.91675433331443,0.91384977034449,0.022,0.741436506704045,0.106,-33057.4825688617,68194.199476697,100,4.01999999999998,TRUE,"",0.3,282,910282,920282,930282
"DGMM",NA,0.00373726283392328,0.466,0.00116833216686538,0.724,-35326.0904810573,72738.3230563673,23,2.72000000000003,TRUE,"",0.4,282,910282,920282,930282
"RDMM",3.41670361806814,0.894810759905172,0.027,0.69749011861745,0.126,-34876.4020887076,71832.0385163888,104,4.19000000000005,TRUE,"",0.4,282,910282,920282,930282
"DGMM",NA,0.00064339266318138,0.48,-0.00023055776617177,0.73,-37067.7975112657,76221.7371167841,20,2.38999999999987,TRUE,"",0.5,282,910282,920282,930282
"RDMM",3.08072764860822,0.872228108873526,0.033,0.622574964010049,0.162,-36317.6470930781,74714.5285251299,176,7.05999999999995,TRUE,"",0.5,282,910282,920282,930282
"DGMM",NA,0.984048046584178,0.004,0.687123877437546,0.135,-27249.622131818,56585.3863578887,12,1.5,TRUE,"",0,283,910283,920283,930283
"RDMM",199.999955762466,0.984048046584178,0.004,0.860408195264979,0.055,-27065.2836286151,56209.8015962039,151,6.01999999999998,TRUE,"",0,283,910283,920283,930283
"DGMM",NA,0.968224216124273,0.008,0.687131438955228,0.134,-31647.1066896745,65380.3554736015,21,2.53999999999996,TRUE,"",0.1,283,910283,920283,930283
"RDMM",7.92749995777517,0.960360347830748,0.01,0.810522276790876,0.076,-29271.852016661,60622.9383722956,116,4.72000000000003,TRUE,"",0.1,283,910283,920283,930283
"DGMM",NA,0.000231727177241175,0.484,0.306469518363439,0.503,-31636.7790094344,65359.7001131215,25,3,TRUE,"",0.2,283,910283,920283,930283
"RDMM",5.07285564384747,0.925369343877118,0.019,0.779792976860091,0.089,-31116.6111891559,64312.4567172855,199,8.13999999999987,TRUE,"",0.2,283,910283,920283,930283
"DGMM",NA,0.00106026723400966,0.478,0.00166168561340422,0.712,-33526.4026080388,69138.9473103302,26,3.1400000000001,TRUE,"",0.3,283,910283,920283,930283
"RDMM",3.85528030405962,0.906210193315281,0.024,0.71403574688221,0.119,-32964.6955128739,68008.6253647214,174,7.05999999999995,TRUE,"",0.3,283,910283,920283,930283
"DGMM",NA,0.000499665937300329,0.481,0.245569118022725,0.535,-35396.9765601278,72880.0952145082,21,2.5,TRUE,"",0.4,283,910283,920283,930283
"RDMM",3.23938710712323,0.86849246880324,0.034,0.667070066751848,0.142,-34705.0735248313,71489.3813886362,100,4.01999999999998,TRUE,"",0.4,283,910283,920283,930283
"DGMM",NA,0.000785262078683304,0.479,0.00012550389066508,0.727,-36956.1268154997,75998.395725252,26,3.03999999999996,TRUE,"",0.5,283,910283,920283,930283
"RDMM",3.05291402691697,0.838894896537584,0.042,0.486811782299891,0.267,-36305.0827898288,74689.3999186312,137,5.48000000000002,TRUE,"",0.5,283,910283,920283,930283
"DGMM",NA,0.98802401226328,0.003,0.487005843603917,0.49,-27513.41058959,57112.9632734325,21,2.52000000000021,TRUE,"",0,284,910284,920284,930284
"RDMM",199.999951727546,0.992008000128128,0.002,0.853844280627989,0.058,-27277.7535365665,56634.7414121066,106,4.30999999999995,TRUE,"",0,284,910284,920284,930284
"DGMM",NA,0.835232270301061,0.043,0.415613674313124,0.519,-30810.712891708,63707.5678776686,25,2.95000000000005,TRUE,"",0.1,284,910284,920284,930284
"RDMM",9.63438808655046,0.972168140836529,0.007,0.808399512251267,0.077,-29277.9320865222,60635.0985120181,149,5.91999999999985,TRUE,"",0.1,284,910284,920284,930284
"DGMM",NA,0.00106582169403575,0.48,9.24231631980318e-05,0.733,-31504.0459394674,65094.2339731874,34,4.08000000000015,TRUE,"",0.2,284,910284,920284,930284
"RDMM",5.7583726591027,0.944728675104742,0.014,0.793265900502273,0.083,-31093.2230010486,64265.6803410709,104,4.22000000000003,TRUE,"",0.2,284,910284,920284,930284
"DGMM",NA,0.00102400264410004,0.479,-0.000162974526280406,0.735,-33240.2353617396,68566.6128177319,21,2.52999999999997,TRUE,"",0.3,284,910284,920284,930284
"RDMM",4.36916343189316,0.933089029714043,0.017,0.76404063555906,0.096,-32823.1019151433,67725.4381692603,116,4.63999999999987,TRUE,"",0.3,284,910284,920284,930284
"DGMM",NA,-0.000294734974848029,0.488,-0.000984870245238403,0.74,-35119.6813789875,72325.5048522276,34,4.22000000000003,TRUE,"",0.4,284,910284,920284,930284
"RDMM",3.6243088313127,0.879723662531812,0.031,0.700942918390616,0.125,-34519.6499167276,71118.5341724289,128,5.19000000000005,TRUE,"",0.4,284,910284,920284,930284
"DGMM",NA,0.00020201820207028,0.483,-0.000224351043086193,0.73,-36740.5764471172,75567.294988487,25,3.01999999999998,TRUE,"",0.5,284,910284,920284,930284
"RDMM",3.32007700167888,0.846246116479331,0.04,0.651754396906849,0.148,-36267.0042123508,74613.2427636753,100,3.95000000000005,TRUE,"",0.5,284,910284,920284,930284
"DGMM",NA,0.996000000009619,0.001,0.616912868076771,0.183,-27236.1900695881,56558.5222334287,15,1.90999999999985,TRUE,"",0,285,910285,920285,930285
"RDMM",199.999952820739,0.996000000009619,0.001,0.695129427795412,0.144,-27118.7199028668,56316.6741447071,137,5.56000000000017,TRUE,"",0,285,910285,920285,930285
"DGMM",NA,0.827927972756267,0.045,0.570568173146413,0.189,-30696.0182194343,63478.1785331211,11,1.3599999999999,TRUE,"",0.1,285,910285,920285,930285
"RDMM",8.68913750634632,0.956440441732386,0.011,0.750247640709869,0.103,-29123.8322479804,60326.8988349344,168,6.69000000000005,TRUE,"",0.1,285,910285,920285,930285
"DGMM",NA,0.67207262921946,0.09,0.402536429203704,0.31,-33151.9780733049,68390.0982408624,22,2.75,TRUE,"",0.2,285,910285,920285,930285
"RDMM",5.36111574704583,0.906210211676262,0.024,0.703042590396993,0.124,-30994.2097395448,64067.6538180633,133,5.3900000000001,TRUE,"",0.2,285,910285,920285,930285
"DGMM",NA,0.00642640185990421,0.457,0.00288965590630222,0.715,-33020.1774060445,68126.4969063416,32,3.79999999999995,TRUE,"",0.3,285,910285,920285,930285
"RDMM",4.07730387892112,0.879723735004132,0.031,0.675272556779513,0.138,-32743.8116650979,67566.8576691695,100,4.08999999999992,TRUE,"",0.3,285,910285,920285,930285
"DGMM",NA,0.739339336727512,0.07,0.317853167424024,0.386,-37919.6724544006,77925.4870030537,7,0.910000000000082,TRUE,"",0.4,285,910285,920285,930285
"RDMM",3.49131155725264,0.827927933031463,0.045,0.470585989146354,0.316,-34487.5391371685,71054.3126133106,102,4.19000000000005,TRUE,"",0.4,285,910285,920285,930285
"DGMM",NA,-0.000981464502600316,0.498,-0.000742798324740752,0.733,-36563.0907195321,75212.3235333168,28,3.25999999999999,TRUE,"",0.5,285,910285,920285,930285
"RDMM",3.21721774670949,0.78123721961348,0.058,0.418954636078052,0.332,-36091.6773619914,74262.5890629565,126,5.1099999999999,TRUE,"",0.5,285,910285,920285,930285
"DGMM",NA,0.995999997602502,0.001,0.791309849076636,0.086,-27231.8819712153,56549.9060366832,25,3.1400000000001,TRUE,"",0,286,910286,920286,930286
"RDMM",199.99995121855,0.995999997602502,0.001,0.842906962269715,0.063,-27109.2518620392,56297.7380630521,132,5.40999999999985,TRUE,"",0,286,910286,920286,930286
"DGMM",NA,0.95252849043796,0.012,0.502179265300025,0.263,-31244.7207977521,64575.5836897568,16,1.99000000000001,TRUE,"",0.1,286,910286,920286,930286
"RDMM",8.61379363753581,0.960360338772893,0.01,0.796306469025347,0.083,-29257.0974935566,60593.4293260868,138,5.52999999999997,TRUE,"",0.1,286,910286,920286,930286
"DGMM",NA,0.662268869367197,0.093,0.314622964999294,0.489,-33331.28798929,68748.7180728325,19,2.27999999999997,TRUE,"",0.2,286,910286,920286,930286
"RDMM",5.28235063140171,0.936960934755938,0.016,0.746093654322921,0.106,-31079.6285576388,64238.4914542512,112,4.52999999999997,TRUE,"",0.2,286,910286,920286,930286
"DGMM",NA,0.894810747763092,0.027,0.440352993442865,0.472,-36430.4928199708,74947.1277341943,18,2.19000000000005,TRUE,"",0.3,286,910286,920286,930286
"RDMM",4.0649927440978,0.910025958180978,0.023,0.602480298921407,0.184,-32978.9427108602,68037.1197606939,106,4.27999999999997,TRUE,"",0.3,286,910286,920286,930286
"DGMM",NA,0.00243222074332507,0.471,0.00149404378725118,0.71,-35024.0211897809,72134.1844738145,27,3.25999999999999,TRUE,"",0.4,286,910286,920286,930286
"RDMM",3.44742180412946,0.89102701824805,0.028,0.670106800613981,0.142,-34562.5594262918,71204.3531915573,118,4.72000000000003,TRUE,"",0.4,286,910286,920286,930286
"DGMM",NA,0.722222804050748,0.075,0.371068708010875,0.351,-40120.4703141661,82327.0827225849,8,1.04999999999995,TRUE,"",0.5,286,910286,920286,930286
"RDMM",3.14375289689393,0.846246134767103,0.04,0.513634284874579,0.242,-36335.3176697302,74749.8696784341,100,4.06999999999994,TRUE,"",0.5,286,910286,920286,930286
"DGMM",NA,1,0,0.816577066451623,0.074,-27181.3254777998,56448.7930498522,16,1.97000000000003,TRUE,"",0,287,910287,920287,930287
"RDMM",199.999948430263,1,0,0.842236171198844,0.063,-27160.8464091195,56400.9271572126,100,4.09000000000015,TRUE,"",0,287,910287,920287,930287
"DGMM",NA,0.853629700908081,0.038,0.675176220865478,0.137,-30579.6797267051,63245.5015476628,25,2.99000000000001,TRUE,"",0.1,287,910287,920287,930287
"RDMM",9.22830097109732,0.968224220881849,0.008,0.805813486006598,0.078,-29204.6287506311,60488.4918402358,100,4.06999999999994,TRUE,"",0.1,287,910287,920287,930287
"DGMM",NA,0.665523480873623,0.092,0.308319841724995,0.523,-33146.5997318773,68379.3415580071,21,2.55999999999995,TRUE,"",0.2,287,910287,920287,930287
"RDMM",5.41095554422973,0.948624621021968,0.013,0.764989809953842,0.096,-31064.1447332609,64207.5238054955,135,5.72000000000003,TRUE,"",0.2,287,910287,920287,930287
"DGMM",NA,0.000842959973821554,0.479,0.000784065829780218,0.716,-33168.1592447415,68422.4605837356,30,3.51999999999998,TRUE,"",0.3,287,910287,920287,930287
"RDMM",4.24432190027576,0.925369376541081,0.019,0.731055062924961,0.111,-32721.6244739899,67522.4832869535,117,4.78999999999996,TRUE,"",0.3,287,910287,920287,930287
"DGMM",NA,-0.000392727539873712,0.488,0.165636236604472,0.557,-35096.6035016282,72279.3490975091,21,2.52999999999997,TRUE,"",0.4,287,910287,920287,930287
"RDMM",3.53120015799853,0.891027094811163,0.028,0.57406369257954,0.19,-34467.1995271395,71013.6333932526,116,4.63000000000011,TRUE,"",0.4,287,910287,920287,930287
"DGMM",NA,-0.000893718446635008,0.495,5.25741989338311e-07,0.726,-36696.8957184533,75479.9335311592,21,2.5,TRUE,"",0.5,287,910287,920287,930287
"RDMM",3.24789349891325,0.849934084767169,0.039,0.478099944125325,0.253,-36077.8395046514,74234.9133482764,100,4.11999999999989,TRUE,"",0.5,287,910287,920287,930287
"DGMM",NA,0.992008003333768,0.002,0.846556591102982,0.061,-26979.8114526734,56045.7649995995,17,2.05999999999995,TRUE,"",0,288,910288,920288,930288
"RDMM",199.999954084428,0.995999998162726,0.001,0.855738366849561,0.057,-26968.1090695632,56015.4524781,100,4.08999999999992,TRUE,"",0,288,910288,920288,930288
"DGMM",NA,0.972168131862509,0.007,0.510893297167793,0.271,-31347.4198973676,64780.9818889879,14,1.72000000000003,TRUE,"",0.1,288,910288,920288,930288
"RDMM",8.12071057994124,0.968224197077145,0.008,0.594024538341642,0.255,-29318.1016832716,60715.4377055169,100,3.99000000000001,TRUE,"",0.1,288,910288,920288,930288
"DGMM",NA,0.649271102379545,0.097,0.386487070926538,0.343,-33751.7638594375,69589.6698131276,19,2.36999999999989,TRUE,"",0.2,288,910288,920288,930288
"RDMM",5.03279540705172,0.917681622697572,0.021,0.757192837486901,0.098,-31061.4560893472,64202.146517668,206,8.17000000000007,TRUE,"",0.2,288,910288,920288,930288
"DGMM",NA,0.000101078246258257,0.482,0.000501070435462473,0.729,-33303.0557845417,68692.2536633361,20,2.42000000000007,TRUE,"",0.3,288,910288,920288,930288
"RDMM",3.8058072336829,0.879723637541337,0.031,0.712092483826876,0.118,-32827.5304727729,67734.2952845195,152,6.67000000000007,TRUE,"",0.3,288,910288,920288,930288
"DGMM",NA,-0.000941570513005437,0.494,-0.000326928430368444,0.73,-34994.3942142229,72074.9305226984,22,2.63999999999987,TRUE,"",0.4,288,910288,920288,930288
"RDMM",3.30937229460893,0.85362957987899,0.038,0.659908564935682,0.143,-34497.7638093082,71074.7619575899,100,4.19000000000005,TRUE,"",0.4,288,910288,920288,930288
"DGMM",NA,-0.000618957123463798,0.49,-0.000233160549718376,0.722,-36761.2062034213,75608.5545010951,22,2.68000000000006,TRUE,"",0.5,288,910288,920288,930288
"RDMM",3.08757388707375,0.849933688549597,0.039,0.629844364133778,0.157,-36171.862124361,74422.9585876956,100,4.1099999999999,TRUE,"",0.5,288,910288,920288,930288
"DGMM",NA,0.988024020308834,0.003,0.786438101660272,0.088,-27197.5047867243,56481.1516677011,28,3.45000000000005,TRUE,"",0,289,910289,920289,930289
"RDMM",199.999951565594,0.988024020308834,0.003,0.845719598980264,0.062,-27114.6548525366,56308.5440440468,159,6.37000000000012,TRUE,"",0,289,910289,920289,930289
"DGMM",NA,0.952528536976348,0.012,0.4751803138174,0.481,-31131.6916393552,64349.525372963,45,5.43999999999983,TRUE,"",0.1,289,910289,920289,930289
"RDMM",8.73000325421363,0.972168162746822,0.007,0.796923342201138,0.083,-29202.7204539226,60484.6752468189,108,4.2800000000002,TRUE,"",0.1,289,910289,920289,930289
"DGMM",NA,0.662265079819987,0.093,0.333709540975473,0.531,-33266.4671219854,68619.0763382234,58,6.87999999999988,TRUE,"",0.2,289,910289,920289,930289
"RDMM",5.35820378724033,0.933089076055551,0.017,0.741328169141003,0.108,-30996.6579999737,64072.550338921,100,4.04999999999995,TRUE,"",0.2,289,910289,920289,930289
"DGMM",NA,0.35701464541665,0.201,0.181336476512638,0.554,-35956.8135466775,73999.7691876077,34,4,TRUE,"",0.3,289,910289,920289,930289
"RDMM",3.9799507116027,0.89860257675543,0.026,0.711144953339566,0.12,-32786.5170469371,67652.2684328478,100,4.09000000000015,TRUE,"",0.3,289,910289,920289,930289
"DGMM",NA,-0.000757304267274246,0.494,0.000730731465400771,0.718,-35119.0391474259,72324.2203891043,30,3.54999999999995,TRUE,"",0.4,289,910289,920289,930289
"RDMM",3.51697130983048,0.824288243497681,0.046,0.484660252700674,0.303,-34414.4993275488,70908.2329940713,126,5.05999999999995,TRUE,"",0.4,289,910289,920289,930289
"DGMM",NA,-6.54902530874602e-05,0.485,0.180033374380913,0.554,-36915.3846893823,75916.9114730172,25,3.04999999999995,TRUE,"",0.5,289,910289,920289,930289
"RDMM",3.13386932372636,0.83523114207783,0.043,0.652043029598647,0.149,-36001.7670897578,74082.7685184891,122,4.97000000000003,TRUE,"",0.5,289,910289,920289,930289
"DGMM",NA,0.988024013196399,0.003,0.80296321053683,0.08,-27302.4169500216,56690.9759942958,21,2.60000000000014,TRUE,"",0,290,910290,920290,930290
"RDMM",199.99995256525,0.988024013915246,0.003,0.828219237643278,0.069,-27270.4544733566,56620.1432856869,100,4.07999999999993,TRUE,"",0,290,910290,920290,930290
"DGMM",NA,0.79546089129409,0.054,0.627289140787483,0.159,-31246.7319854886,64579.6060652299,24,2.92000000000007,TRUE,"",0.1,290,910290,920290,930290
"RDMM",8.09229497188178,0.964288256000896,0.009,0.788020349970183,0.086,-29564.6275072198,61208.4893534132,100,4.06999999999994,TRUE,"",0.1,290,910290,920290,930290
"DGMM",NA,0.910025968982187,0.023,0.619071943501786,0.168,-34276.9377512987,70640.0175968501,18,2.20000000000005,TRUE,"",0.2,290,910290,920290,930290
"RDMM",5.17214943684322,0.917681619609396,0.021,0.742898365258107,0.106,-31392.2766515192,64863.7876420121,102,4.11999999999989,TRUE,"",0.2,290,910290,920290,930290
"DGMM",NA,0.000511334765213025,0.482,-0.000454386904464048,0.73,-33561.4934747153,69209.1290436832,36,4.25,TRUE,"",0.3,290,910290,920290,930290
"RDMM",3.91066238853009,0.883483389941521,0.03,0.708818179856736,0.121,-33183.5034427778,68446.2412245291,100,4,TRUE,"",0.3,290,910290,920290,930290
"DGMM",NA,0.649290862474277,0.097,0.400179595461989,0.298,-38921.8012972883,79929.7446888291,6,0.779999999999973,TRUE,"",0.4,290,910290,920290,930290
"RDMM",3.3726796029122,0.838894753468521,0.042,0.655841494123741,0.146,-34897.8826091564,71874.9995572864,100,4.08000000000015,TRUE,"",0.4,290,910290,920290,930290
"DGMM",NA,0.00644575483809033,0.457,0.00285130301697578,0.715,-37203.6352710652,76493.4126363829,26,3.03999999999996,TRUE,"",0.5,290,910290,920290,930290
"RDMM",3.12431967110362,0.813417327121964,0.049,0.433062396762098,0.316,-36605.2113156352,75289.656970244,100,4.05999999999995,TRUE,"",0.5,290,910290,920290,930290
"DGMM",NA,0.976120097884173,0.006,0.801769095244323,0.08,-27126.9258518256,56339.9937979037,19,2.29999999999995,TRUE,"",0,291,910291,920291,930291
"RDMM",199.999949680463,0.980080062070239,0.005,0.836689029996778,0.065,-27104.2838332377,56287.8020054491,100,4.11000000000013,TRUE,"",0,291,910291,920291,930291
"DGMM",NA,0.952528484325076,0.012,0.632120104808938,0.166,-31821.9259210307,65729.993936314,32,3.76999999999998,TRUE,"",0.1,291,910291,920291,930291
"RDMM",7.91743229912706,0.956440404423762,0.011,0.776529789613958,0.091,-29359.3942423886,60798.0228237509,100,4.05999999999995,TRUE,"",0.1,291,910291,920291,930291
"DGMM",NA,-7.08044450046942e-05,0.489,-0.000626009669142058,0.735,-31931.7767342827,65949.6955628179,26,3.18000000000006,TRUE,"",0.2,291,910291,920291,930291
"RDMM",4.78305252642185,0.933089050310277,0.017,0.711506114153416,0.121,-31363.8289725244,64806.8922840224,250,8.42000000000007,TRUE,"",0.2,291,910291,920291,930291
"DGMM",NA,-0.000660225312556738,0.495,-0.000521177337751369,0.734,-33971.677320969,70029.4967361905,31,3.03999999999996,TRUE,"",0.3,291,910291,920291,930291
"RDMM",3.73024625267388,0.868492589541175,0.034,0.499573969525851,0.267,-33504.177302023,69087.5889430197,100,3.3599999999999,TRUE,"",0.3,291,910291,920291,930291
"DGMM",NA,-0.000787473182300416,0.495,0.201445490085046,0.55,-35692.4089767224,73470.9600476974,28,2.86000000000013,TRUE,"",0.4,291,910291,920291,930291
"RDMM",3.260062387363,0.887251149313739,0.029,0.610781087784602,0.172,-35048.7876134866,72176.8095659469,132,4.41999999999985,TRUE,"",0.4,291,910291,920291,930291
"DGMM",NA,0.000819391655944907,0.479,0.000503895787695213,0.725,-37529.0660148662,77144.274123985,27,2.68000000000006,TRUE,"",0.5,291,910291,920291,930291
"RDMM",2.97604878097889,0.817032913561145,0.048,0.451774349296644,0.3,-36695.0347035817,75469.3037461371,142,4.72000000000003,TRUE,"",0.5,291,910291,920291,930291
"DGMM",NA,0.992008000632441,0.002,0.877583866959207,0.048,-27219.1548294138,56524.4517530802,18,1.80999999999995,TRUE,"",0,292,910292,920292,930292
"RDMM",199.999954061781,0.992008000632441,0.002,0.897121742820573,0.04,-27195.3930586925,56470.0204563587,100,3.36000000000013,TRUE,"",0,292,910292,920292,930292
"DGMM",NA,0.960360321276788,0.01,0.786852376224561,0.087,-31372.8677660405,64831.8776263336,25,2.56999999999994,TRUE,"",0.1,292,910292,920292,930292
"RDMM",8.50441131466801,0.944728682080226,0.014,0.847855037085935,0.06,-29411.332366737,60901.8990724476,100,3.34999999999991,TRUE,"",0.1,292,910292,920292,930292
"DGMM",NA,0.626904083884229,0.104,0.293607899601204,0.51,-33541.5049334123,69169.1519610773,23,2.26999999999998,TRUE,"",0.2,292,910292,920292,930292
"RDMM",5.18217246757955,0.894810757294625,0.027,0.756268543705603,0.099,-31190.6767368687,64460.5878127111,183,5.75,TRUE,"",0.2,292,910292,920292,930292
"DGMM",NA,-0.000721250542493727,0.497,0.000834697972204194,0.726,-33289.819727733,68665.7815497186,40,3.44999999999982,TRUE,"",0.3,292,910292,920292,930292
"RDMM",3.97532122904413,0.864764644760446,0.035,0.715935261865482,0.117,-32917.1698014579,67913.5739418895,100,2.67000000000007,TRUE,"",0.3,292,910292,920292,930292
"DGMM",NA,-0.00049803222755844,0.49,-0.000614248621263697,0.739,-35145.2838015077,72376.709697268,38,2.99000000000001,TRUE,"",0.4,292,910292,920292,930292
"RDMM",3.37117021961156,0.791891923901301,0.055,0.593597111169193,0.173,-34637.8700183449,71354.9743756634,142,3.83999999999992,TRUE,"",0.4,292,910292,920292,930292
"DGMM",NA,-0.000961954233519412,0.498,-0.00109633086194087,0.739,-36732.8020580663,75551.7462103851,30,2.33000000000015,TRUE,"",0.5,292,910292,920292,930292
"RDMM",3.12393989367808,0.729044864449013,0.073,0.413420942764689,0.314,-36241.2459371995,74561.7262133726,100,2.56999999999994,TRUE,"",0.5,292,910292,920292,930292
"DGMM",NA,1,0,0.76566116048734,0.099,-27216.339229316,56518.8205528846,10,0.86,TRUE,"",0,293,910293,920293,930293
"RDMM",130.341500824671,1,0,0.880471385544346,0.047,-27065.0712141333,56209.3767672403,100,2.3,TRUE,"",0,293,910293,920293,930293
"DGMM",NA,0.944728696031188,0.014,0.709675520340494,0.124,-31087.875849528,64261.8937933085,17,2.2,TRUE,"",0.1,293,910293,920293,930293
"RDMM",8.26014823402194,0.976120096951948,0.006,0.838727154810714,0.064,-29208.2974981554,60495.8293352845,119,4.75,TRUE,"",0.1,293,910293,920293,930293
"DGMM",NA,0.639652381842168,0.1,0.481029095055628,0.239,-32999.7682688274,68085.6786319074,14,1.75,TRUE,"",0.2,293,910293,920293,930293
"RDMM",5.63199523113143,0.940840782744888,0.015,0.782790375573372,0.088,-30850.108635671,63779.4516103157,118,4.89,TRUE,"",0.2,293,910293,920293,930293
"DGMM",NA,-0.000417064835125815,0.491,-5.00810232554551e-05,0.733,-33401.6348909011,68889.4118760549,30,3.64,TRUE,"",0.3,293,910293,920293,930293
"RDMM",4.06134917541082,0.898602528221231,0.026,0.708049956806879,0.121,-32856.4979962304,67792.2303314343,104,4.16,TRUE,"",0.3,293,910293,920293,930293
"DGMM",NA,3.97878369526773e-05,0.485,0.000382041987437494,0.728,-35163.1635503349,72412.4691949223,39,4.64,TRUE,"",0.4,293,910293,920293,930293
"RDMM",3.47918500151286,0.864764674628207,0.035,0.511438870052622,0.254,-34597.6340556021,71274.5024501778,120,4.86,TRUE,"",0.4,293,910293,920293,930293
"DGMM",NA,-0.000697977101457018,0.492,-0.00016066665381452,0.734,-36746.5729811397,75579.2880565321,24,2.92,TRUE,"",0.5,293,910293,920293,930293
"RDMM",3.27165513964296,0.835231069423681,0.043,0.474704883841291,0.286,-36034.4415898287,74148.117518631,209,8.32,TRUE,"",0.5,293,910293,920293,930293
"DGMM",NA,1,0,0.849319879882715,0.06,-27349.7303860155,56785.6028662835,18,2.25,TRUE,"",0,294,910294,920294,930294
"RDMM",179.781562620033,0.992008003575289,0.002,0.846813072596665,0.061,-27319.4780421853,56718.1904233441,100,4.04,TRUE,"",0,294,910294,920294,930294
"DGMM",NA,0.960360353977351,0.01,0.502137095473849,0.271,-31797.4809796755,65681.1040536035,17,2.06,TRUE,"",0.1,294,910294,920294,930294
"RDMM",8.00996125108601,0.944728687524505,0.014,0.54318081586658,0.292,-29640.7334013171,61360.7011416078,100,4,TRUE,"",0.1,294,910294,920294,930294
"DGMM",NA,0.614281029230824,0.108,0.263810140214676,0.487,-34055.3633646603,70196.8688235733,25,3,TRUE,"",0.2,294,910294,920294,930294
"RDMM",4.93530977059406,0.917681622523367,0.021,0.760953019207852,0.097,-31428.2303912652,64935.6951215041,176,7.01000000000001,TRUE,"",0.2,294,910294,920294,930294
"DGMM",NA,0.698596616834105,0.082,0.441890636626299,0.273,-36874.0850981066,75834.3122904658,6,0.799999999999997,TRUE,"",0.3,294,910294,920294,930294
"RDMM",3.94184385818191,0.875971903180441,0.032,0.725473280759077,0.113,-33061.8864310256,68203.0072010248,100,4.06,TRUE,"",0.3,294,910294,920294,930294
"DGMM",NA,0.630066718013885,0.103,0.302771788181122,0.383,-38516.8896291339,79119.9213525203,6,0.769999999999996,TRUE,"",0.4,294,910294,920294,930294
"RDMM",3.35583952086402,0.853629522257752,0.038,0.469226178604419,0.327,-34820.6746258755,71720.5835907247,100,4.21000000000001,TRUE,"",0.4,294,910294,920294,930294
"DGMM",NA,-0.000794446195557286,0.493,-0.000538010198301685,0.732,-37180.3067251691,76446.7555445907,36,4.2,TRUE,"",0.5,294,910294,920294,930294
"RDMM",3.06457042449384,0.78478063638124,0.057,0.459870537452235,0.295,-36548.0902332502,75175.414805474,133,5.36999999999999,TRUE,"",0.5,294,910294,920294,930294
"DGMM",NA,0.988024017080169,0.003,0.795814706711905,0.083,-27074.9855135635,56236.1131213797,27,3.25,TRUE,"",0,295,910295,920295,930295
"RDMM",199.999950977592,0.992008002907998,0.002,0.860773096439195,0.055,-27023.5205559733,56126.2754509202,100,4.05,TRUE,"",0,295,910295,920295,930295
"DGMM",NA,0.806212204120747,0.051,0.580132573446115,0.183,-31091.5585270898,64269.2591484323,17,2.03,TRUE,"",0.1,295,910295,920295,930295
"RDMM",8.38209925211717,0.952528504098332,0.012,0.789082992132648,0.085,-29148.1354630783,60375.5052651301,100,4.03,TRUE,"",0.1,295,910295,920295,930295
"DGMM",NA,0.630077690220273,0.103,0.293276877911937,0.525,-33277.9505375698,68642.0431693923,19,2.28,TRUE,"",0.2,295,910295,920295,930295
"RDMM",5.31285673531518,0.921521471441262,0.02,0.765258642432481,0.095,-30927.3005584221,63933.8354558178,100,4.08,TRUE,"",0.2,295,910295,920295,930295
"DGMM",NA,-0.000450827859278389,0.491,-0.000584830359182023,0.735,-33258.3324119246,68602.8069181018,21,2.55,TRUE,"",0.3,295,910295,920295,930295
"RDMM",3.80559977700571,0.868492395939127,0.034,0.711135386675168,0.119,-32873.0218432147,67825.2780254029,100,4.09,TRUE,"",0.3,295,910295,920295,930295
"DGMM",NA,-0.000103418516767104,0.486,-0.000121776638986146,0.734,-34904.0539853712,71894.2500649951,20,2.42,TRUE,"",0.4,295,910295,920295,930295
"RDMM",3.37779062431921,0.849933818091378,0.039,0.669125422124141,0.138,-34455.0020229245,70989.2383848227,117,4.69,TRUE,"",0.4,295,910295,920295,930295
"DGMM",NA,-5.55822395781151e-05,0.485,0.000343705353156084,0.733,-36292.1843510043,74670.5107962611,21,2.56,TRUE,"",0.5,295,910295,920295,930295
"RDMM",3.21975594303672,0.817032938872924,0.048,0.623586715380151,0.16,-35836.6899345975,73752.6142081686,113,4.55999999999999,TRUE,"",0.5,295,910295,920295,930295
"DGMM",NA,0.992008006669198,0.002,0.879800826396244,0.047,-27214.7626891465,56515.6674725457,23,2.78999999999999,TRUE,"",0,296,910296,920296,930296
"RDMM",182.428730663429,0.992008006669198,0.002,0.880075498454431,0.047,-27178.3638468876,56435.9620327488,100,4.04999999999998,TRUE,"",0,296,910296,920296,930296
"DGMM",NA,0.809810607799488,0.05,0.392311804454005,0.509,-31707.5609802982,65501.264054849,31,3.89000000000001,TRUE,"",0.1,296,910296,920296,930296
"RDMM",7.68378084113783,0.952528523535181,0.012,0.822943186554519,0.071,-29470.6587005022,61020.551739978,213,8.5,TRUE,"",0.1,296,910296,920296,930296
"DGMM",NA,-0.000839452644805038,0.498,-0.000498218443049219,0.733,-32063.9313366145,66214.0047674817,46,5.5,TRUE,"",0.2,296,910296,920296,930296
"RDMM",4.72316315218279,0.887251262085965,0.029,0.331207850246496,0.418,-31531.9453255051,65143.1249899838,100,4.00999999999999,TRUE,"",0.2,296,910296,920296,930296
"DGMM",NA,-0.000855379042752689,0.496,-0.000524064948798204,0.732,-33820.1900282174,69726.5221506875,25,3.02000000000001,TRUE,"",0.3,296,910296,920296,930296
"RDMM",3.58255947838676,0.85362962487773,0.038,0.72547642522562,0.113,-33255.6136383985,68590.4616157707,139,5.46000000000001,TRUE,"",0.3,296,910296,920296,930296
"DGMM",NA,-0.000820935500036835,0.494,-0.00113352181641383,0.737,-35504.8826404975,73095.9073752475,36,4.25,TRUE,"",0.4,296,910296,920296,930296
"RDMM",3.25278273453809,0.806210172462009,0.051,0.572123398902417,0.19,-34873.9021967245,71827.0387324227,205,8.50999999999999,TRUE,"",0.4,296,910296,920296,930296
"DGMM",NA,-0.000504363323997005,0.489,-0.00107437804209045,0.737,-37204.1210327744,76494.3841598014,31,3.65000000000001,TRUE,"",0.5,296,910296,920296,930296
"RDMM",3.04064294801958,0.791891851354634,0.055,0.561349534406109,0.195,-36491.2679566546,75061.7702522829,213,8.54999999999998,TRUE,"",0.5,296,910296,920296,930296
"DGMM",NA,0.992008002831505,0.002,0.845927895689327,0.062,-27080.4065796013,56246.9552534551,28,3.43000000000001,TRUE,"",0,297,910297,920297,930297
"RDMM",199.999953104628,0.995999997602502,0.001,0.852427148153927,0.059,-27051.2103471133,56181.6550332002,100,4.04999999999998,TRUE,"",0,297,910297,920297,930297
"DGMM",NA,-0.000242436212998018,0.493,0.000280568788329082,0.728,-29753.3061477231,61592.7543896988,31,3.86000000000001,TRUE,"",0.1,297,910297,920297,930297
"RDMM",7.51963890484079,0.960360331619644,0.01,0.534397399110411,0.271,-29409.8123598926,60898.8590587589,104,4.15000000000001,TRUE,"",0.1,297,910297,920297,930297
"DGMM",NA,0.659009243217801,0.094,0.326859658165059,0.5,-33579.194357311,69244.5308088746,34,4.00999999999999,TRUE,"",0.2,297,910297,920297,930297
"RDMM",4.98401547060464,0.929225179383611,0.018,0.748512327466103,0.104,-31142.8259775056,64364.8862939848,100,4.04999999999998,TRUE,"",0.2,297,910297,920297,930297
"DGMM",NA,-0.000234903568536119,0.488,0.000965375122443918,0.715,-33483.1132053477,69052.368504948,29,3.5,TRUE,"",0.3,297,910297,920297,930297
"RDMM",3.72819641839752,0.894810727425102,0.027,0.684277575605708,0.134,-33101.6405660022,68282.5154709781,100,4.06,TRUE,"",0.3,297,910297,920297,930297
"DGMM",NA,-2.24826252506896e-05,0.485,0.00327439647799555,0.714,-35220.9372998585,72528.0166939696,27,3.25,TRUE,"",0.4,297,910297,920297,930297
"RDMM",3.2188784023351,0.849933843988159,0.039,0.663890305425184,0.141,-34739.7334488939,71558.7012367613,146,5.87,TRUE,"",0.4,297,910297,920297,930297
"DGMM",NA,-0.000965660694289168,0.498,0.00132670196485514,0.719,-37072.3145042034,76230.7711026593,23,2.74000000000001,TRUE,"",0.5,297,910297,920297,930297
"RDMM",2.96417936138212,0.842566458,0.041,0.647919950593302,0.151,-36529.6424500599,75138.5192390935,100,4.15000000000001,TRUE,"",0.5,297,910297,920297,930297
"DGMM",NA,0.995999998162726,0.001,0.597618280149609,0.227,-27344.5514411669,56775.2449765864,14,1.73999999999998,TRUE,"",0,298,910298,920298,930298
"RDMM",199.999945363528,0.992008005125127,0.002,0.596554150603736,0.275,-27166.9605198014,56413.1553785764,169,6.76000000000002,TRUE,"",0,298,910298,920298,930298
"DGMM",NA,0.93308912143155,0.017,0.57700728309364,0.198,-31104.0619066458,64294.2659075442,18,2.16,TRUE,"",0.1,298,910298,920298,930298
"RDMM",8.43728145989639,0.968224212762028,0.008,0.783800440713436,0.088,-29220.3901749768,60520.0146889272,198,7.86000000000001,TRUE,"",0.1,298,910298,920298,930298
"DGMM",NA,0.00186775218416633,0.472,0.000375486002834968,0.734,-31901.5829319996,65889.3079582517,31,3.87,TRUE,"",0.2,298,910298,920298,930298
"RDMM",4.87751594668845,0.929225199695263,0.018,0.741655234176615,0.106,-31261.4817070937,64602.197753161,206,8.23999999999995,TRUE,"",0.2,298,910298,920298,930298
"DGMM",NA,0.00115336707297287,0.476,2.55065511542156e-05,0.73,-33742.7648368313,69571.6717679151,25,2.97000000000003,TRUE,"",0.3,298,910298,920298,930298
"RDMM",3.77952007452913,0.88348351318465,0.03,0.67892334419533,0.135,-33088.6035786564,68256.4414962865,163,6.5,TRUE,"",0.3,298,910298,920298,930298
"DGMM",NA,0.00144291127305598,0.475,-0.000118163057330559,0.734,-35483.1510267842,73052.444147821,29,3.44,TRUE,"",0.4,298,910298,920298,930298
"RDMM",3.29959187342806,0.831575662251581,0.044,0.572033701736982,0.193,-34882.3063733468,71843.8470856673,100,4.04000000000002,TRUE,"",0.4,298,910298,920298,930298
"DGMM",NA,-0.000346357582300821,0.487,-0.000365107553899768,0.729,-37229.0532864242,76544.248667101,25,2.98999999999995,TRUE,"",0.5,298,910298,920298,930298
"RDMM",2.997122456489,0.799035151505929,0.053,0.402450386430777,0.353,-36472.5457512615,75024.3258414966,100,4.04000000000002,TRUE,"",0.5,298,910298,920298,930298
"DGMM",NA,1,0,0.851613273064195,0.059,-27084.5686236633,56255.2793415792,23,2.76000000000005,TRUE,"",0,299,910299,920299,930299
"RDMM",199.999950155018,1,0,0.86356476423965,0.054,-27069.8813368555,56218.9970126846,112,4.70999999999998,TRUE,"",0,299,910299,920299,930299
"DGMM",NA,0.936960910351866,0.016,0.681093329118417,0.137,-31547.1866933586,65180.5154809699,20,2.48000000000002,TRUE,"",0.1,299,910299,920299,930299
"RDMM",7.89271784566438,0.952528484718547,0.012,0.81304153778427,0.075,-29286.5478940197,60652.3301270131,115,4.66999999999996,TRUE,"",0.1,299,910299,920299,930299
"DGMM",NA,0.891026950987937,0.028,0.490300190924132,0.247,-34456.6362851113,70999.4146644752,13,1.64000000000004,TRUE,"",0.2,299,910299,920299,930299
"RDMM",5.04586402033752,0.917681607256691,0.021,0.77410033618705,0.092,-31101.5805762186,64282.3954914109,110,4.95999999999998,TRUE,"",0.2,299,910299,920299,930299
"DGMM",NA,0.00133740651032293,0.477,0.00114535011913389,0.714,-33318.1183991733,68722.3788925993,26,3.07999999999998,TRUE,"",0.3,299,910299,920299,930299
"RDMM",3.97096567317931,0.898602545543732,0.026,0.714294003401262,0.119,-32901.6916990096,67882.6177369929,100,4.88999999999999,TRUE,"",0.3,299,910299,920299,930299
"DGMM",NA,0.00223064587719434,0.472,0.00153562116920297,0.712,-35006.8037429806,72099.7495802139,23,3.02999999999997,TRUE,"",0.4,299,910299,920299,930299
"RDMM",3.48878728490773,0.864764784550822,0.035,0.576475043033393,0.193,-34587.6085254112,71254.451389796,108,4.44,TRUE,"",0.4,299,910299,920299,930299
"DGMM",NA,-0.000917313617631306,0.496,-0.000111744809527567,0.725,-37027.0441690618,76140.2304323761,29,3.73000000000002,TRUE,"",0.5,299,910299,920299,930299
"RDMM",3.09872346780377,0.842566433678888,0.041,0.435397774464159,0.328,-36347.3949388981,74774.0242167698,100,4.63999999999999,TRUE,"",0.5,299,910299,920299,930299
"DGMM",NA,0.992008004433235,0.002,0.875169604547565,0.049,-27159.0166196741,56404.1753336008,14,1.93000000000001,TRUE,"",0,300,910300,920300,930300
"RDMM",199.999949929342,0.992008004433235,0.002,0.89945495971188,0.039,-27088.57750984,56256.3893586536,201,8.75,TRUE,"",0,300,910300,920300,930300
"DGMM",NA,0.940840798325927,0.015,0.470706729385923,0.481,-31192.7106019,64471.5632980527,46,5.44,TRUE,"",0.1,300,910300,920300,930300
"RDMM",8.46687401990157,0.968224203946829,0.008,0.87435568616382,0.049,-29253.1261848062,60585.486708586,108,4.35999999999996,TRUE,"",0.1,300,910300,920300,930300
"DGMM",NA,0.54716314869751,0.13,0.270468012255008,0.536,-33839.3750781435,69764.8922505396,38,4.64000000000004,TRUE,"",0.2,300,910300,920300,930300
"RDMM",5.2215071490372,0.925369313955468,0.019,0.798378866387838,0.081,-31093.7923409097,64266.819020793,159,6.44,TRUE,"",0.2,300,910300,920300,930300
"DGMM",NA,-0.000790588644761717,0.5,-0.00014071470648987,0.728,-33216.4314851082,68519.005064469,42,4.91999999999996,TRUE,"",0.3,300,910300,920300,930300
"RDMM",4.13644621967681,0.861045022669696,0.036,0.492043439405767,0.315,-32822.5988637778,67724.4320665292,101,4.08000000000004,TRUE,"",0.3,300,910300,920300,930300
"DGMM",NA,-0.00031748718430076,0.488,0.000211342344239217,0.731,-35130.0088838308,72346.1598619142,42,4.94999999999999,TRUE,"",0.4,300,910300,920300,930300
"RDMM",3.48358455629844,0.88725116753431,0.029,0.718210787282568,0.117,-34469.2095175198,71017.6533740133,157,6.25,TRUE,"",0.4,300,910300,920300,930300
"DGMM",NA,-0.000288318695714848,0.487,-0.000938088948681529,0.736,-36734.5565630045,75555.2552202616,26,3.16999999999996,TRUE,"",0.5,300,910300,920300,930300
"RDMM",3.10243956453084,0.861044941455406,0.036,0.696042291041411,0.127,-36134.2455396622,74347.7254182981,100,4.07999999999998,TRUE,"",0.5,300,910300,920300,930300
"DGMM",NA,0.992007825773933,0.002,0.74060506253874,0.122,-27266.4327731606,56619.0076405739,14,1.72000000000003,TRUE,"",0,301,910301,920301,930301
"RDMM",199.999915616894,0.988023767490789,0.003,0.8448475934811,0.063,-27127.2597196806,56333.7537783348,138,5.52999999999997,TRUE,"",0,301,910301,920301,930301
"DGMM",NA,0.72562412161472,0.074,0.392532135215375,0.33,-31199.9802930819,64486.1026804165,22,2.61000000000001,TRUE,"",0.1,301,910301,920301,930301
"RDMM",7.87978454792353,0.925367561860276,0.019,0.774819926422173,0.093,-29325.5877404531,60730.4098198799,105,4.28000000000003,TRUE,"",0.1,301,910301,920301,930301
"DGMM",NA,0.795456380762167,0.054,0.490270787950141,0.24,-34629.5984722181,71345.3390386888,6,0.779999999999973,TRUE,"",0.2,301,910301,920301,930301
"RDMM",4.98582234847228,0.898600828992668,0.026,0.712027120794416,0.12,-31204.0127635599,64487.2598660935,100,4.07999999999998,TRUE,"",0.2,301,910301,920301,930301
"DGMM",NA,-0.0016440225394046,0.488,-0.00122568970338172,0.723,-33462.108842088,69010.3597784286,38,4.53000000000003,TRUE,"",0.3,301,910301,920301,930301
"RDMM",3.86844919447236,0.864762886936185,0.035,0.666165765048842,0.141,-33009.1642538047,68097.5628465831,175,7.19999999999999,TRUE,"",0.3,301,910301,920301,930301
"DGMM",NA,-0.000914618741592603,0.487,-0.000662622819119653,0.728,-35286.6327354569,72659.4075651665,22,2.66000000000003,TRUE,"",0.4,301,910301,920301,930301
"RDMM",3.25490251186227,0.831572194437008,0.044,0.586566213477233,0.182,-34714.6489763272,71508.532291628,195,7.74000000000001,TRUE,"",0.4,301,910301,920301,930301
"DGMM",NA,-0.000345494523278015,0.485,-0.000427811243425146,0.721,-37114.8649323667,76315.8719589861,28,3.32999999999998,TRUE,"",0.5,301,910301,920301,930301
"RDMM",2.97796671426967,0.760140533888827,0.064,0.418807934577381,0.337,-36378.8957965665,74837.0259321066,104,4.19999999999999,TRUE,"",0.5,301,910301,920301,930301
"DGMM",NA,0.992007867818654,0.002,0.841184405277179,0.064,-27201.5817994701,56489.3056931928,13,1.60000000000002,TRUE,"",0,302,910302,920302,930302
"RDMM",199.99995501274,0.99599992493821,0.001,0.860934919394174,0.055,-27173.6292372774,56426.4928135285,100,4.03000000000003,TRUE,"",0,302,910302,920302,930302
"DGMM",NA,0.824272003859549,0.046,0.628942120121058,0.159,-32091.9374317883,66270.0169578292,20,2.59999999999997,TRUE,"",0.1,302,910302,920302,930302
"RDMM",7.55152808049117,0.96822374144158,0.008,0.82180410201734,0.071,-29579.7489532538,61238.7322454813,135,5.44,TRUE,"",0.1,302,910302,920302,930302
"DGMM",NA,0.645966274884188,0.098,0.323392895587329,0.516,-34186.4711036585,70459.0843015696,33,4,TRUE,"",0.2,302,910302,920302,930302
"RDMM",4.85762623710055,0.921520666081912,0.02,0.524310011613327,0.271,-31680.3543118494,65439.9429626724,102,4.06,TRUE,"",0.2,302,910302,920302,930302
"DGMM",NA,0.500507396035108,0.146,0.273576683673203,0.537,-36044.8441577376,74175.8304097278,49,5.83000000000004,TRUE,"",0.3,302,910302,920302,930302
"RDMM",3.92466652902488,0.872225830533745,0.033,0.568410977370589,0.207,-33339.5838276828,68758.4019943392,100,4.09999999999997,TRUE,"",0.3,302,910302,920302,930302
"DGMM",NA,-0.00139548451650563,0.496,-0.000539651685588764,0.717,-35540.1990406636,73166.5401755799,29,3.42000000000002,TRUE,"",0.4,302,910302,920302,930302
"RDMM",3.4332126448703,0.868490494443958,0.034,0.622441442466707,0.162,-34860.506201982,71800.2467429376,139,5.68000000000001,TRUE,"",0.4,302,910302,920302,930302
"DGMM",NA,0.749698994017862,0.067,0.366397635337709,0.504,-39822.102701231,81730.3474967147,52,6.17000000000002,TRUE,"",0.5,302,910302,920302,930302
"RDMM",3.02600609629705,0.799033420750656,0.053,0.457242694320847,0.27,-36529.667846875,75138.5700327237,131,5.19,TRUE,"",0.5,302,910302,920302,930302
"DGMM",NA,0.988024017080169,0.003,0.583547619280629,0.212,-27213.757690098,56513.6574744486,14,1.80000000000001,TRUE,"",0,303,910303,920303,930303
"RDMM",199.999950478965,0.995999997241588,0.001,0.846791955194218,0.061,-26950.76711644,55980.7685718537,125,4.97999999999996,TRUE,"",0,303,910303,920303,930303
"DGMM",NA,0.940840790302092,0.015,0.677243216637267,0.139,-31057.6754053703,64201.4929049933,19,2.30000000000001,TRUE,"",0.1,303,910303,920303,930303
"RDMM",8.51049880550345,0.964288272482966,0.009,0.817807501835645,0.073,-29042.8836877907,60165.0017145549,100,4.05000000000001,TRUE,"",0.1,303,910303,920303,930303
"DGMM",NA,0.520815719409498,0.139,0.255988621390326,0.527,-33949.5714979252,69985.285090103,24,2.99000000000001,TRUE,"",0.2,303,910303,920303,930303
"RDMM",5.22699427132615,0.929225212113039,0.018,0.771394098503442,0.093,-30888.5611486201,63856.3566362138,214,8.70000000000005,TRUE,"",0.2,303,910303,920303,930303
"DGMM",NA,-0.000304593055756668,0.489,-0.000489209140675942,0.734,-33451.7774905362,68989.6970753249,32,3.83999999999992,TRUE,"",0.3,303,910303,920303,930303
"RDMM",3.80026483500043,0.864764782859706,0.035,0.473918217659155,0.324,-32942.6725172415,67964.5793734566,107,4.24000000000001,TRUE,"",0.3,303,910303,920303,930303
"DGMM",NA,-0.000113189605107757,0.486,-0.000659025346345178,0.738,-35274.2988610875,72634.7398164276,22,2.67000000000007,TRUE,"",0.4,303,910303,920303,930303
"RDMM",3.30092230482308,0.842566669731673,0.041,0.452741090364693,0.331,-34672.1305683423,71423.4954756582,197,7.88,TRUE,"",0.4,303,910303,920303,930303
"DGMM",NA,0.000479967647250675,0.481,-0.000643599368030007,0.733,-37078.6062331412,76243.3545605349,22,2.61000000000001,TRUE,"",0.5,303,910303,920303,930303
"RDMM",2.97019865419262,0.849933809853679,0.039,0.635033824081302,0.156,-36262.3566903362,74603.9477196461,143,5.82999999999993,TRUE,"",0.5,303,910303,920303,930303
"DGMM",NA,0.992008006568362,0.002,0.716863543251424,0.121,-27224.587340836,56535.3167759245,18,2.19000000000005,TRUE,"",0,304,910304,920304,930304
"RDMM",199.999914087384,0.995999999449395,0.001,0.837396984419878,0.065,-27071.668841399,56222.5720217715,136,5.43999999999994,TRUE,"",0,304,910304,920304,930304
"DGMM",NA,0.842567251203361,0.041,0.629796816397497,0.158,-30840.9044285834,63767.9509514194,18,2.19000000000005,TRUE,"",0.1,304,910304,920304,930304
"RDMM",8.85462497043439,0.964288283372529,0.009,0.80445653204454,0.079,-29228.7503355805,60536.7350101346,100,4.04999999999995,TRUE,"",0.1,304,910304,920304,930304
"DGMM",NA,-0.000136279106011294,0.487,-0.000194664397687317,0.73,-31539.7653163197,65165.6727268921,24,2.86000000000001,TRUE,"",0.2,304,910304,920304,930304
"RDMM",5.07913250438499,0.93696094103508,0.016,0.723277447563777,0.115,-31190.1633781687,64459.5610953111,110,4.47000000000003,TRUE,"",0.2,304,910304,920304,930304
"DGMM",NA,0.000714973163114608,0.48,-0.000107751247962665,0.732,-33340.8794842739,68767.9010628003,21,2.55999999999995,TRUE,"",0.3,304,910304,920304,930304
"RDMM",3.97153018107976,0.913849822618825,0.022,0.691801412701863,0.131,-32861.8354526435,67802.9052442607,100,4.22000000000003,TRUE,"",0.3,304,910304,920304,930304
"DGMM",NA,0.000815160057397134,0.479,0.166602000762382,0.562,-35280.1378831859,72646.4178606245,19,2.36000000000001,TRUE,"",0.4,304,910304,920304,930304
"RDMM",3.34892722563665,0.861045032293503,0.036,0.472489937110829,0.283,-34746.4540771591,71572.1424932918,108,4.78999999999996,TRUE,"",0.4,304,910304,920304,930304
"DGMM",NA,0.0026234401805562,0.47,0.000935597728909162,0.724,-37225.5184837564,76537.1790617654,19,2.30000000000007,TRUE,"",0.5,304,910304,920304,930304
"RDMM",3.0911294622687,0.846246265581606,0.04,0.299495908821977,0.458,-36420.8073707921,74920.8490805579,100,4.09000000000003,TRUE,"",0.5,304,910304,920304,930304
"DGMM",NA,0.988024024428375,0.003,0.778911265834643,0.091,-27330.6939978869,56747.5300900263,14,1.68999999999994,TRUE,"",0,305,910305,920305,930305
"RDMM",199.999947100102,0.995999999984994,0.001,0.835296527190108,0.066,-27155.1721969879,56389.5787329493,102,4.13999999999999,TRUE,"",0,305,910305,920305,930305
"DGMM",NA,0.774173948399035,0.06,0.390461748867595,0.484,-31398.0953623982,64882.332819049,29,3.53000000000009,TRUE,"",0.1,305,910305,920305,930305
"RDMM",7.73893646264491,0.964288290655135,0.009,0.783579811141932,0.088,-29346.5383645937,60772.3110681611,124,5.00999999999999,TRUE,"",0.1,305,910305,920305,930305
"DGMM",NA,0.788332282702877,0.056,0.463489687763869,0.268,-34714.5973935501,71515.3368813529,6,0.789999999999964,TRUE,"",0.2,305,910305,920305,930305
"RDMM",5.08133117854752,0.910026029063862,0.023,0.73525567470544,0.11,-31189.1197516822,64457.473842338,122,4.88999999999999,TRUE,"",0.2,305,910305,920305,930305
"DGMM",NA,-0.00103980480243978,0.499,0.00342139393320193,0.703,-33221.1418235875,68528.4257414277,34,4.01999999999998,TRUE,"",0.3,305,910305,920305,930305
"RDMM",4.05965899398901,0.891027040722228,0.028,0.701228586528776,0.126,-32786.275642493,67651.7856239597,131,5.32000000000005,TRUE,"",0.3,305,910305,920305,930305
"DGMM",NA,-0.00100533291955831,0.498,0.00429492651300094,0.703,-35219.6315232627,72525.405140778,24,2.82000000000005,TRUE,"",0.4,305,910305,920305,930305
"RDMM",3.34280660686034,0.838894897413169,0.042,0.686401002907532,0.133,-34645.2806793151,71369.7956976037,102,4.1099999999999,TRUE,"",0.4,305,910305,920305,930305
"DGMM",NA,-0.000331735993239064,0.487,0.00488811826059494,0.709,-37036.9655276762,76160.073149605,24,2.8900000000001,TRUE,"",0.5,305,910305,920305,930305
"RDMM",3.06017064167624,0.78478076059591,0.057,0.449074379829117,0.338,-36364.8271993895,74808.8887377526,111,4.4899999999999,TRUE,"",0.5,305,910305,920305,930305
"DGMM",NA,1,0,0.497967536555208,0.485,-27426.3092028711,56938.7604999948,19,2.42999999999995,TRUE,"",0,306,910306,920306,930306
"RDMM",193.200844394625,1,0,0.617798573983783,0.201,-27329.1923441964,56737.6190273664,103,4.13999999999999,TRUE,"",0,306,910306,920306,930306
"DGMM",NA,0.753180267515413,0.066,0.49207012177001,0.234,-31134.9892623083,64356.1206188692,13,1.59000000000003,TRUE,"",0.1,306,910306,920306,930306
"RDMM",8.14524388596665,0.972168143470906,0.007,0.816048659419884,0.074,-29409.7850715965,60898.8044821666,100,4.02999999999997,TRUE,"",0.1,306,910306,920306,930306
"DGMM",NA,0.662266964046118,0.093,0.325467057840512,0.535,-33007.4902691363,68101.1226325253,29,3.42000000000007,TRUE,"",0.2,306,910306,920306,930306
"RDMM",5.51140433615176,0.972168143470906,0.007,0.753894121393803,0.102,-31075.5484427253,64230.3312244241,128,5.17999999999995,TRUE,"",0.2,306,910306,920306,930306
"DGMM",NA,0.65251791911713,0.096,0.320466325875134,0.405,-36348.1180831593,74782.3782605713,13,1.60000000000002,TRUE,"",0.3,306,910306,920306,930306
"RDMM",4.17091671995865,0.921521451032443,0.02,0.708095063324252,0.123,-32954.31092544,67987.8561898536,105,4.25,TRUE,"",0.3,306,910306,920306,930306
"DGMM",NA,0.297494884215648,0.227,0.116920825908731,0.571,-37310.987353297,76708.1168008465,24,2.82000000000005,TRUE,"",0.4,306,910306,920306,930306
"RDMM",3.44660392052704,0.887251156081381,0.029,0.621092828691971,0.167,-34575.650795892,71230.5359307575,108,4.38999999999999,TRUE,"",0.4,306,910306,920306,930306
"DGMM",NA,0.636448091196912,0.101,0.248927276854219,0.525,-39782.1651512499,81650.4723967523,11,1.38999999999999,TRUE,"",0.5,306,910306,920306,930306
"RDMM",3.13733489455527,0.879723616993605,0.031,0.635273733335844,0.159,-36170.4850526604,74420.2044442944,123,4.95000000000005,TRUE,"",0.5,306,910306,920306,930306
"DGMM",NA,1,0,0.80749480440293,0.078,-27191.6412577006,56469.4246096539,44,5.20999999999992,TRUE,"",0,307,910307,920307,930307
"RDMM",199.999954376518,1,0,0.834620015865034,0.066,-27167.9622640108,56415.1588669952,152,6.07999999999993,TRUE,"",0,307,910307,920307,930307
"DGMM",NA,0.976120033029059,0.006,0.762339160044444,0.098,-31381.6695386909,64849.4811716344,36,4.31000000000006,TRUE,"",0.1,307,910307,920307,930307
"RDMM",8.62669353961561,0.964288144143645,0.009,0.780326791281849,0.089,-29379.6227525369,60838.4798440475,106,4.26999999999998,TRUE,"",0.1,307,910307,920307,930307
"DGMM",NA,0.000149254106357861,0.478,0.0026093654931631,0.697,-31678.3153164429,65442.7727271383,21,2.63999999999999,TRUE,"",0.2,307,910307,920307,930307
"RDMM",5.27531763053134,0.925368941727552,0.019,0.740775994660555,0.107,-31174.7332381387,64428.7008152511,220,8.75,TRUE,"",0.2,307,910307,920307,930307
"DGMM",NA,-0.00144703157349449,0.499,0.00165329146452536,0.709,-33466.5243202805,69019.1907348137,24,2.88999999999999,TRUE,"",0.3,307,910307,920307,930307
"RDMM",4.09738048572799,0.8948104666934,0.027,0.716190884553671,0.118,-32935.791820546,67950.8179800657,176,6.97000000000003,TRUE,"",0.3,307,910307,920307,930307
"DGMM",NA,-0.00122931968804205,0.499,0.002959219092507,0.705,-35712.1781020862,73510.498298425,24,2.87,TRUE,"",0.4,307,910307,920307,930307
"RDMM",3.32820724600356,0.824287359444735,0.046,0.395171545607688,0.345,-34899.3579736522,71877.950286278,143,5.97000000000003,TRUE,"",0.4,307,910307,920307,930307
"DGMM",NA,-0.00107952672900326,0.499,0.00206659145456289,0.709,-37373.134379605,76832.4108534626,29,3.40999999999997,TRUE,"",0.5,307,910307,920307,930307
"RDMM",3.08285409922323,0.809808804430428,0.05,0.608932180999351,0.169,-36358.2596841236,74795.7537072208,259,10.47,TRUE,"",0.5,307,910307,920307,930307
"DGMM",NA,0.988024013196399,0.003,0.694465370535668,0.132,-27471.002029219,57028.1461526907,20,2.37,TRUE,"",0,308,910308,920308,930308
"RDMM",199.999955656474,0.988024013196399,0.003,0.84909386402946,0.06,-27273.1695771318,56625.5734932372,125,4.97000000000003,TRUE,"",0,308,910308,920308,930308
"DGMM",NA,0.000563507344614555,0.485,-0.000406241802116974,0.726,-30361.3137242521,62808.7695427568,29,3.43999999999994,TRUE,"",0.1,308,910308,920308,930308
"RDMM",7.44082319731105,0.936960902784144,0.016,0.789596779099378,0.085,-29682.9135338167,61445.0614066071,133,5.3900000000001,TRUE,"",0.1,308,910308,920308,930308
"DGMM",NA,0.00105873582529255,0.48,-0.000323199589759736,0.728,-32291.0365830993,66668.2152604512,17,2.19999999999993,TRUE,"",0.2,308,910308,920308,930308
"RDMM",4.6431911020958,0.879723665516785,0.031,0.725478715831881,0.114,-31680.3893630024,65440.0130649785,176,6.97000000000003,TRUE,"",0.2,308,910308,920308,930308
"DGMM",NA,0.00179206244141953,0.475,-0.000254860367492258,0.728,-34177.9331148719,70442.0083239965,25,3,TRUE,"",0.3,308,910308,920308,930308
"RDMM",3.77930792364341,0.853629494548855,0.038,0.676153035887328,0.136,-33325.5979999563,68730.4303388862,106,4.20000000000005,TRUE,"",0.3,308,910308,920308,930308
"DGMM",NA,0.00146956679878337,0.476,0.00118222115518636,0.721,-36005.9806050399,74098.1033043324,21,2.58999999999992,TRUE,"",0.4,308,910308,920308,930308
"RDMM",3.31683736855227,0.824288126129279,0.046,0.457989856981871,0.315,-35099.5982791813,72278.4308973363,130,5.24000000000001,TRUE,"",0.4,308,910308,920308,930308
"DGMM",NA,0.00176805773092843,0.474,0.00857908118044035,0.694,-37707.4957501949,77501.1335946424,23,2.72000000000003,TRUE,"",0.5,308,910308,920308,930308
"RDMM",3.04695185746886,0.799034907622489,0.053,0.582644246011931,0.186,-36685.2343802887,75449.7030995511,100,4.06000000000006,TRUE,"",0.5,308,910308,920308,930308
"DGMM",NA,0.992008001180189,0.002,0.851870806018575,0.059,-27128.1511399044,56342.4443740613,22,2.62,TRUE,"",0,309,910309,920309,930309
"RDMM",178.999917332936,0.988024015442796,0.003,0.85117041918785,0.059,-27108.1025135295,56295.4393660326,100,4.01999999999998,TRUE,"",0,309,910309,920309,930309
"DGMM",NA,0.960360346887023,0.01,0.726075585671274,0.115,-30888.6818920246,63863.5058783019,24,2.93999999999994,TRUE,"",0.1,309,910309,920309,930309
"RDMM",8.63546391331701,0.964288271885242,0.009,0.798865118971717,0.082,-29216.0747306447,60511.3838002631,110,4.46999999999991,TRUE,"",0.1,309,910309,920309,930309
"DGMM",NA,0.614251513858757,0.108,0.369391344663832,0.349,-33549.5074059071,69185.1569060668,34,4,TRUE,"",0.2,309,910309,920309,930309
"RDMM",5.27525932284051,0.940840781785062,0.015,0.770176184494654,0.094,-31013.598023125,64106.4303852236,145,5.7600000000001,TRUE,"",0.2,309,910309,920309,930309
"DGMM",NA,-0.000168159454192432,0.484,-0.000193141530658565,0.728,-33518.1821315538,69122.5063573603,28,3.30999999999995,TRUE,"",0.3,309,910309,920309,930309
"RDMM",3.96160540812541,0.917681663028596,0.021,0.715432586388911,0.119,-32890.0350173681,67859.3043737098,100,4.25,TRUE,"",0.3,309,910309,920309,930309
"DGMM",NA,-0.00101761091554528,0.496,-0.00147506218414274,0.74,-35071.604807358,72229.3517089686,38,4.56000000000006,TRUE,"",0.4,309,910309,920309,930309
"RDMM",3.38980799307069,0.853629544022652,0.038,0.669784020044926,0.14,-34579.7268044182,71238.68794781,100,4.02999999999997,TRUE,"",0.4,309,910309,920309,930309
"DGMM",NA,0.6919161281787,0.084,0.324082681839705,0.365,-39459.2180565795,81004.5782074116,7,0.889999999999986,TRUE,"",0.5,309,910309,920309,930309
"RDMM",3.20424870145402,0.827927756156552,0.045,0.64186445059095,0.153,-36013.3937677898,74106.0218745533,100,4.13999999999999,TRUE,"",0.5,309,910309,920309,930309
"DGMM",NA,0.988024024052824,0.003,0.771856776854887,0.094,-27336.378191077,56758.8984764066,22,2.65000000000009,TRUE,"",0,310,910310,920310,930310
"RDMM",199.999951619597,0.992008008049521,0.002,0.861386187314474,0.056,-27199.2299675197,56477.6942740129,130,5.22000000000003,TRUE,"",0,310,910310,920310,930310
"DGMM",NA,0.936960961870541,0.016,0.707701364499353,0.124,-31684.2931328585,65454.7283599696,24,2.87,TRUE,"",0.1,310,910310,920310,930310
"RDMM",8.09611060020759,0.948624625262132,0.013,0.809142494123285,0.077,-29517.3002086782,61113.8347563301,100,4.06999999999994,TRUE,"",0.1,310,910310,920310,930310
"DGMM",NA,0.550113264570131,0.129,0.253576756909475,0.52,-33985.4682828708,70057.0786599942,24,2.86000000000001,TRUE,"",0.2,310,910310,920310,930310
"RDMM",5.24922951853243,0.921521521929169,0.02,0.766130643843363,0.096,-31285.2380260489,64649.7103910714,108,4.36000000000001,TRUE,"",0.2,310,910310,920310,930310
"DGMM",NA,-0.000809654414663766,0.493,0.00156243909610179,0.729,-33671.0478758265,69428.2378459056,41,4.93999999999994,TRUE,"",0.3,310,910310,920310,930310
"RDMM",3.92843604716356,0.857333332798119,0.037,0.434973874373152,0.314,-33220.9012131605,68521.0367652947,100,4.04999999999995,TRUE,"",0.3,310,910310,920310,930310
"DGMM",NA,-0.000902529076840945,0.495,0.186380996533746,0.546,-35501.1827024706,73088.5074991938,19,2.27999999999997,TRUE,"",0.4,310,910310,920310,930310
"RDMM",3.34751089263857,0.817033025535428,0.048,0.661334603484592,0.145,-34816.712249681,71712.6588383357,128,5.13,TRUE,"",0.4,310,910310,920310,930310
"DGMM",NA,0.000936701102175011,0.478,0.00519966887052635,0.71,-37045.3670253923,76176.8761450371,26,3.13999999999999,TRUE,"",0.5,310,910310,920310,930310
"RDMM",3.09910490560687,0.802618622681744,0.052,0.615608408897005,0.167,-36366.4275675782,74812.0894741299,186,7.56000000000006,TRUE,"",0.5,310,910310,920310,930310
"DGMM",NA,0.992008005214688,0.002,0.719276823068123,0.12,-27426.2765024607,56938.695099174,14,1.75999999999999,TRUE,"",0,311,910311,920311,930311
"RDMM",199.999912884027,0.988024020584545,0.003,0.851441444514977,0.059,-27217.6324485718,56514.4992361172,170,6.82000000000005,TRUE,"",0,311,910311,920311,930311
"DGMM",NA,0.952528518110309,0.012,0.714283751826242,0.12,-31348.9897767373,64784.1216477271,21,2.5,TRUE,"",0.1,311,910311,920311,930311
"RDMM",8.43627358790553,0.940840864883848,0.015,0.811873004749816,0.075,-29373.4633106489,60826.1609602715,100,4,TRUE,"",0.1,311,910311,920311,930311
"DGMM",NA,0.685270489530493,0.086,0.324396597209196,0.357,-34847.809968132,71781.7620305167,12,1.55999999999995,TRUE,"",0.2,311,910311,920311,930311
"RDMM",5.12211499504995,0.894810903721148,0.027,0.734962663957417,0.108,-31296.5258786848,64672.2860963432,124,4.94000000000005,TRUE,"",0.2,311,910311,920311,930311
"DGMM",NA,-3.23194912871872e-05,0.486,-0.00119703357858187,0.731,-33715.7784659018,69517.6990260563,31,3.79999999999995,TRUE,"",0.3,311,910311,920311,930311
"RDMM",3.99384289795277,0.85733345934636,0.037,0.698429898765685,0.124,-33044.9003152039,68169.0349693815,152,6.08000000000004,TRUE,"",0.3,311,910311,920311,930311
"DGMM",NA,0.00038434826823041,0.482,-0.00137582944857998,0.735,-35379.0362926999,72844.2146796524,24,2.84000000000003,TRUE,"",0.4,311,910311,920311,930311
"RDMM",3.45968326980449,0.81703344895262,0.048,0.656895661826424,0.143,-34573.6555176766,71226.5453743268,153,6.17999999999995,TRUE,"",0.4,311,910311,920311,930311
"DGMM",NA,-7.36813464765647e-05,0.485,-0.000572522578414406,0.722,-36996.1496790719,76078.4414523964,34,4.04000000000008,TRUE,"",0.5,311,910311,920311,930311
"RDMM",3.19376251704228,0.788332492337537,0.056,0.57170380517795,0.186,-36189.3854054886,74458.0051499508,100,4,TRUE,"",0.5,311,910311,920311,930311
"DGMM",NA,1,0,0.735576856216733,0.112,-27171.5805297042,56429.303153661,11,1.39999999999998,TRUE,"",0,312,910312,920312,930312
"RDMM",199.99995211306,0.995999998932265,0.001,0.842876100616274,0.063,-26992.2768683813,56063.7880757362,300,12.1,TRUE,"",0,312,910312,920312,930312
"DGMM",NA,0.956440436355099,0.011,0.626204748993783,0.168,-31998.4432056734,66083.0285055993,21,2.56999999999994,TRUE,"",0.1,312,910312,920312,930312
"RDMM",7.45381366305076,0.972168160738915,0.007,0.757300543294605,0.101,-29410.8493675422,60900.9330740581,117,4.70000000000005,TRUE,"",0.1,312,910312,920312,930312
"DGMM",NA,0.58327279136927,0.118,0.468323182385085,0.278,-33849.5116218261,69785.1653379047,41,4.88999999999999,TRUE,"",0.2,312,910312,920312,930312
"RDMM",4.82277110230348,0.929225250755169,0.018,0.76056439220396,0.098,-31261.5880112747,64602.4103615231,100,4.08000000000004,TRUE,"",0.2,312,910312,920312,930312
"DGMM",NA,-0.000648806567867848,0.489,1.45233220691781e-05,0.719,-33411.5439519785,68909.2299982096,57,6.65999999999997,TRUE,"",0.3,312,910312,920312,930312
"RDMM",3.70622337487171,0.906210258477107,0.024,0.718498075854498,0.117,-32970.4014857474,68020.0373104684,100,4.11000000000001,TRUE,"",0.3,312,910312,920312,930312
"DGMM",NA,0.842566524542282,0.041,0.421248391244072,0.499,-37876.5634598438,77839.2690139403,35,4.13,TRUE,"",0.4,312,910312,920312,930312
"RDMM",3.28609168904286,0.883483543446201,0.03,0.667797195577406,0.141,-34610.5908088495,71300.4159566726,101,4.04999999999995,TRUE,"",0.4,312,910312,920312,930312
"DGMM",NA,0.68195645964933,0.087,0.341243631876937,0.344,-40506.808464616,83099.7590234847,6,0.780000000000086,TRUE,"",0.5,312,910312,920312,930312
"RDMM",2.98671503906118,0.817033135993041,0.048,0.625876623815737,0.162,-36411.3764531649,74901.9872453033,131,5.33999999999992,TRUE,"",0.5,312,910312,920312,930312
"DGMM",NA,0.995999996383551,0.001,0.544247951781421,0.252,-27257.412077053,56600.9662483586,14,1.68999999999994,TRUE,"",0,313,910313,920313,930313
"RDMM",199.999950815161,1,0,0.584955080875299,0.266,-27186.6334703853,56452.5012797442,100,4.02999999999997,TRUE,"",0,313,910313,920313,930313
"DGMM",NA,0.944728675554002,0.014,0.552724865244257,0.209,-31606.9271162096,65299.9963266719,23,2.72000000000003,TRUE,"",0.1,313,910313,920313,930313
"RDMM",7.90688962617853,0.960360322224328,0.01,0.778572148117195,0.09,-29370.5195595943,60820.2734581622,115,4.74000000000001,TRUE,"",0.1,313,910313,920313,930313
"DGMM",NA,0.639651333463538,0.1,0.277277748019353,0.412,-33634.5820010972,69355.306096447,15,1.91999999999996,TRUE,"",0.2,313,910313,920313,930313
"RDMM",5.29501317433054,0.894810710830916,0.027,0.540465645270186,0.23,-31158.3561439079,64395.9466267894,100,4.06000000000006,TRUE,"",0.2,313,910313,920313,930313
"DGMM",NA,0.735901620299591,0.071,0.364839905917894,0.343,-36693.1364691402,75472.4150325331,8,1.02999999999997,TRUE,"",0.3,313,910313,920313,930313
"RDMM",4.08952558272234,0.879723614980483,0.031,0.491007204242298,0.29,-32867.6423447901,67814.5190285539,104,4.11000000000001,TRUE,"",0.3,313,910313,920313,930313
"DGMM",NA,-0.000872874001158278,0.498,-0.00100670520973181,0.734,-35029.4410900692,72145.024274391,45,5.39999999999998,TRUE,"",0.4,313,910313,920313,930313
"RDMM",3.46903117404535,0.84993382608849,0.039,0.494222796905858,0.263,-34535.3944064883,71150.0231519503,120,4.91000000000008,TRUE,"",0.4,313,910313,920313,930313
"DGMM",NA,-0.000822924781826782,0.494,-0.00134116785301701,0.734,-37047.3594675162,76180.8610292851,28,3.30999999999995,TRUE,"",0.5,313,910313,920313,930313
"RDMM",3.15931336935624,0.861044911360916,0.036,0.675289072448884,0.135,-36144.7086876417,74368.6517142571,256,10.2400000000001,TRUE,"",0.5,313,910313,920313,930313
"DGMM",NA,0.995999996623648,0.001,0.851423395851903,0.059,-26920.7569956407,55927.6560855341,18,2.15999999999985,TRUE,"",0,314,910314,920314,930314
"RDMM",199.999949855418,0.995999996623648,0.001,0.86354227477818,0.054,-26909.0403365283,55897.3150120302,101,4.11999999999989,TRUE,"",0,314,910314,920314,930314
"DGMM",NA,0.964288274633398,0.009,0.468201809175457,0.295,-31524.5840964934,65135.3102872395,14,1.69000000000005,TRUE,"",0.1,314,910314,920314,930314
"RDMM",7.97668420379584,0.97612009936042,0.006,0.788318300909814,0.086,-29151.9460936238,60383.1265262213,190,7.63999999999987,TRUE,"",0.1,314,910314,920314,930314
"DGMM",NA,0.636452198395113,0.101,0.311644555160734,0.544,-33814.5518732268,69715.2458407062,61,7.29000000000019,TRUE,"",0.2,314,910314,920314,930314
"RDMM",4.81351380080489,0.936960931626979,0.016,0.774900357666479,0.092,-31162.435721545,64404.1057820636,107,4.28999999999996,TRUE,"",0.2,314,910314,920314,930314
"DGMM",NA,0.879723630877209,0.031,0.42800338245233,0.505,-36404.8936083128,74895.9293108782,47,5.71000000000004,TRUE,"",0.3,314,910314,920314,930314
"RDMM",3.73970409353044,0.902402336920108,0.025,0.73864940149422,0.108,-32941.5365484664,67962.3074359064,134,5.44999999999982,TRUE,"",0.3,314,910314,920314,930314
"DGMM",NA,0.788332203295701,0.056,0.300965973183129,0.423,-38992.9604916673,80072.0630775872,28,3.29000000000019,TRUE,"",0.4,314,910314,920314,930314
"RDMM",3.34475662999912,0.842566506369612,0.041,0.451915873599422,0.291,-34669.5062763049,71418.2468915835,118,4.75999999999999,TRUE,"",0.4,314,910314,920314,930314
"DGMM",NA,0.000988796977960717,0.478,0.00181438763799235,0.715,-37696.2885206604,77478.7191355734,22,2.57999999999993,TRUE,"",0.5,314,910314,920314,930314
"RDMM",3.15543297328965,0.824288465126453,0.046,0.467734531309723,0.289,-36246.1077310004,74571.4498009744,151,6.00999999999999,TRUE,"",0.5,314,910314,920314,930314
"DGMM",NA,0.98008007571319,0.005,0.701524972476215,0.129,-27260.5488143452,56607.2397229429,12,1.48000000000002,TRUE,"",0,315,910315,920315,930315
"RDMM",199.999949900798,0.984048043981742,0.004,0.695075276923871,0.135,-27152.7582328771,56384.7508047278,127,5.08999999999992,TRUE,"",0,315,910315,920315,930315
"DGMM",NA,0.725632802987142,0.074,0.363273644170076,0.377,-31480.9210757966,65047.9842458457,16,1.94000000000005,TRUE,"",0.1,315,910315,920315,930315
"RDMM",7.82996762980819,0.948624604980505,0.013,0.762844819537878,0.097,-29350.9809370133,60781.1962130002,116,4.68000000000006,TRUE,"",0.1,315,910315,920315,930315
"DGMM",NA,0.620572205426692,0.106,0.303897441391235,0.527,-33493.2210371022,69072.5841684571,35,4.23000000000002,TRUE,"",0.2,315,910315,920315,930315
"RDMM",5.05323863043162,0.898602565727298,0.026,0.502456010554723,0.316,-31219.657393338,64518.5491256497,126,5.08999999999992,TRUE,"",0.2,315,910315,920315,930315
"DGMM",NA,-0.000108710866652757,0.486,-0.000951455289901517,0.733,-33358.6682435603,68803.4785813731,26,3.17000000000007,TRUE,"",0.3,315,910315,920315,930315
"RDMM",4.04562714256704,0.868492493833393,0.034,0.484433194938358,0.3,-32874.0744786049,67827.3832961835,100,4.02999999999997,TRUE,"",0.3,315,910315,920315,930315
"DGMM",NA,0.00196708822612228,0.473,0.000334179541802927,0.724,-35152.1764356304,72390.4949655134,19,2.34000000000015,TRUE,"",0.4,315,910315,920315,930315
"RDMM",3.48892046591252,0.831575514324478,0.044,0.605275007605521,0.173,-34427.9276242561,70935.0895874858,213,8.68999999999983,TRUE,"",0.4,315,910315,920315,930315
"DGMM",NA,0.00113137420494507,0.477,0.00114670685329014,0.72,-36944.4600830445,75975.0622603415,17,2.07000000000016,TRUE,"",0.5,315,910315,920315,930315
"RDMM",3.21035443591246,0.791892287634793,0.055,0.472771287944714,0.254,-36110.1064077219,74299.4471544174,108,4.38999999999987,TRUE,"",0.5,315,910315,920315,930315
"DGMM",NA,1,0,0.727060630864821,0.117,-27318.6475462524,56723.4371867574,15,1.82000000000016,TRUE,"",0,316,910316,920316,930316
"RDMM",199.999953177803,1,0,0.839889273633161,0.064,-27168.3140996812,56415.8625383361,142,5.66999999999985,TRUE,"",0,316,910316,920316,930316
"DGMM",NA,0.95252849043796,0.012,0.547882872603124,0.222,-31807.6942720079,65701.5306382684,16,1.94000000000005,TRUE,"",0.1,316,910316,920316,930316
"RDMM",7.76010706378716,0.960360338772893,0.01,0.763319528603251,0.097,-29479.4718519188,61038.1780428113,100,4.02999999999997,TRUE,"",0.1,316,910316,920316,930316
"DGMM",NA,0.00167420725891639,0.476,-0.000230496417819165,0.732,-31656.9787628459,65400.0996199444,23,2.75,TRUE,"",0.2,316,910316,920316,930316
"RDMM",5.01571292513265,0.933089048984395,0.017,0.62926130234412,0.165,-31315.7890754353,64710.8124898442,163,6.54999999999995,TRUE,"",0.2,316,910316,920316,930316
"DGMM",NA,-0.000212345961135804,0.488,-0.0009611695869988,0.732,-33527.1016141771,69140.3453226069,22,2.68000000000006,TRUE,"",0.3,316,910316,920316,930316
"RDMM",3.84669451600287,0.93696095588247,0.016,0.711486463218849,0.12,-33046.7718985664,68172.7781361063,100,4,TRUE,"",0.3,316,910316,920316,930316
"DGMM",NA,0.623727499499113,0.105,0.282282831679987,0.394,-39547.3635036862,81180.8691016249,6,0.799999999999955,TRUE,"",0.4,316,910316,920316,930316
"RDMM",3.21835627595076,0.910026027765641,0.023,0.656846975630977,0.146,-34898.3740019712,71875.982342916,174,6.95000000000005,TRUE,"",0.4,316,910316,920316,930316
"DGMM",NA,0.000187569069153456,0.483,-0.000303150445437516,0.722,-37369.9260932262,76825.994280705,38,4.72000000000003,TRUE,"",0.5,316,910316,920316,930316
"RDMM",3.00214861183744,0.883483474096791,0.03,0.592133695475295,0.179,-36442.7168142749,74964.6679675234,122,5.55999999999995,TRUE,"",0.5,316,910316,920316,930316
"DGMM",NA,1,0,0.832712523441762,0.067,-27225.0754652807,56536.293024814,21,2.55000000000018,TRUE,"",0,317,910317,920317,930317
"RDMM",145.024994744354,1,0,0.859468557751009,0.056,-27184.5880062944,56448.4103515624,104,4.38999999999987,TRUE,"",0,317,910317,920317,930317
"DGMM",NA,0.956440438869155,0.011,0.635421037777038,0.16,-31762.5876831363,65611.3174605251,20,2.61000000000013,TRUE,"",0.1,317,910317,920317,930317
"RDMM",7.69350149054679,0.976120080065064,0.006,0.822534331316486,0.071,-29379.4976798625,60838.2296986986,183,7.3599999999999,TRUE,"",0.1,317,910317,920317,930317
"DGMM",NA,0.00106503270010793,0.474,0.000234043140839594,0.733,-31848.6644085187,65783.47091129,26,3.11000000000013,TRUE,"",0.2,317,910317,920317,930317
"RDMM",4.69968902596133,0.8948104731085,0.027,0.741846517169834,0.105,-31378.6906220037,64836.615582981,112,4.50999999999999,TRUE,"",0.2,317,910317,920317,930317
"DGMM",NA,0.000755070416204297,0.477,-0.000101677942808116,0.733,-33450.3786583931,68986.8994110388,24,2.8599999999999,TRUE,"",0.3,317,910317,920317,930317
"RDMM",3.82447334714581,0.894810764013242,0.027,0.735922116382669,0.107,-32954.1811941621,67987.5967272978,148,6.11000000000013,TRUE,"",0.3,317,910317,920317,930317
"DGMM",NA,-0.000394717328834008,0.486,-0.00080423199155928,0.736,-35282.5813406731,72651.3047755989,27,3.42999999999984,TRUE,"",0.4,317,910317,920317,930317
"RDMM",3.38044303000236,0.802618572338851,0.052,0.33273773674647,0.388,-34757.5537008497,71594.3417406731,139,5.61000000000013,TRUE,"",0.4,317,910317,920317,930317
"DGMM",NA,-0.00105810762128365,0.499,-0.000345519926034554,0.721,-37064.9363520613,76216.0147983753,28,3.3599999999999,TRUE,"",0.5,317,910317,920317,930317
"RDMM",3.01061410354559,0.777701693682933,0.059,0.535092069068658,0.21,-36389.7995214576,74858.8333818888,179,7.22000000000003,TRUE,"",0.5,317,910317,920317,930317
"DGMM",NA,0.988024023184218,0.003,0.874991940539376,0.049,-27201.4241803994,56488.9904550514,21,2.59000000000015,TRUE,"",0,318,910318,920318,930318
"RDMM",199.999949687156,0.99200800716736,0.002,0.884914381589315,0.045,-27177.5487112259,56434.3317614253,100,4.26999999999998,TRUE,"",0,318,910318,920318,930318
"DGMM",NA,0.891027229530115,0.028,0.543903982353886,0.212,-31377.2191247925,64840.5803438376,14,1.79999999999995,TRUE,"",0.1,318,910318,920318,930318
"RDMM",8.42021529632871,0.980080078683212,0.005,0.845088676602843,0.061,-29346.7188176025,60772.6719741787,154,6.08999999999992,TRUE,"",0.1,318,910318,920318,930318
"DGMM",NA,0.63007134360681,0.103,0.296278689142311,0.516,-33793.3768166466,69672.8957275458,20,2.44000000000005,TRUE,"",0.2,318,910318,920318,930318
"RDMM",5.04954778096505,0.910026019716675,0.023,0.78887021284614,0.084,-31269.3025641642,64617.839467302,159,6.42000000000007,TRUE,"",0.2,318,910318,920318,930318
"DGMM",NA,0.00119528475282092,0.477,0.000197712533011851,0.73,-33779.6229734889,69645.3880412304,28,3.34999999999991,TRUE,"",0.3,318,910318,920318,930318
"RDMM",3.81394977282071,0.861045065074585,0.036,0.737780656282107,0.106,-33051.7212475123,68182.6768339983,100,4.11000000000013,TRUE,"",0.3,318,910318,920318,930318
"DGMM",NA,-0.000182032249451585,0.486,-0.000727811328611049,0.734,-35490.8653517074,73067.8727976674,20,2.39999999999986,TRUE,"",0.4,318,910318,920318,930318
"RDMM",3.26749003561255,0.788332325460563,0.056,0.461852545814889,0.273,-34951.5667294367,71982.367797847,100,4.10000000000014,TRUE,"",0.4,318,910318,920318,930318
"DGMM",NA,-0.000314589585216285,0.487,-0.000426913897927958,0.736,-37152.8159090809,76391.7739124145,23,2.74000000000001,TRUE,"",0.5,318,910318,920318,930318
"RDMM",3.05290872246081,0.756656987197089,0.065,0.448019952336096,0.301,-36448.5087285333,74976.2517960401,100,4.06999999999994,TRUE,"",0.5,318,910318,920318,930318
"DGMM",NA,0.992008001591865,0.002,0.810463846945112,0.077,-26991.5840979246,56069.3102901017,35,4.1400000000001,TRUE,"",0,319,910319,920319,930319
"RDMM",199.999954304332,0.992008001591865,0.002,0.851534839722396,0.059,-26946.733296251,55972.7009314757,101,4.09999999999991,TRUE,"",0,319,910319,920319,930319
"DGMM",NA,0.929225173262087,0.018,0.540285525105175,0.227,-32007.8873766483,66101.9168475492,33,3.93000000000006,TRUE,"",0.1,319,910319,920319,930319
"RDMM",7.56562168889522,0.944728688148329,0.014,0.786196635319535,0.087,-29299.5496040876,60678.3335471488,171,6.82999999999993,TRUE,"",0.1,319,910319,920319,930319
"DGMM",NA,-0.000584321811514251,0.498,0.262183980470626,0.527,-31486.5721347185,65059.2863636896,25,2.98000000000002,TRUE,"",0.2,319,910319,920319,930319
"RDMM",4.9703188767172,0.910025973857732,0.023,0.744394556133315,0.105,-31048.381969481,64175.9982779356,164,6.8900000000001,TRUE,"",0.2,319,910319,920319,930319
"DGMM",NA,-0.000731938746085701,0.497,0.0463245287413119,0.654,-33353.5180889538,68793.1782721603,28,3.3599999999999,TRUE,"",0.3,319,910319,920319,930319
"RDMM",3.93943842360416,0.872228171678881,0.033,0.705490859747119,0.122,-32776.836039082,67632.9064171376,118,4.95000000000005,TRUE,"",0.3,319,910319,920319,930319
"DGMM",NA,1.14392576847209e-05,0.485,-0.00053094233297902,0.727,-35289.484082747,72665.1102597467,73,9.42000000000007,TRUE,"",0.4,319,910319,920319,930319
"RDMM",3.47931563449491,0.842566445036818,0.041,0.674264314488461,0.136,-34280.941286752,70641.1169124776,100,4.11999999999989,TRUE,"",0.4,319,910319,920319,930319
"DGMM",NA,0.000797506759448503,0.479,-0.000101873117716684,0.728,-36867.3115411764,75820.7651766055,39,4.65000000000009,TRUE,"",0.5,319,910319,920319,930319
"RDMM",3.17677710386936,0.817032938872924,0.048,0.500747630246901,0.241,-35987.1588834621,74053.5521058978,100,4.06999999999994,TRUE,"",0.5,319,910319,920319,930319
"DGMM",NA,0.995999996912225,0.001,0.828658390232736,0.069,-27244.1128855979,56574.3678654484,26,3.11000000000013,TRUE,"",0,320,910320,920320,930320
"RDMM",199.999951725649,0.995999996912225,0.001,0.854326662320458,0.058,-27218.1438457748,56515.5220305232,100,4.05999999999995,TRUE,"",0,320,910320,920320,930320
"DGMM",NA,0.956440410401638,0.011,0.622110284287487,0.172,-31515.5805062829,65117.3031068185,11,1.3599999999999,TRUE,"",0.1,320,910320,920320,930320
"RDMM",8.46028479609871,0.968224197405728,0.008,0.807430542647799,0.078,-29400.7839865698,60880.8023121132,100,4.05000000000018,TRUE,"",0.1,320,910320,920320,930320
"DGMM",NA,0.883483385144493,0.03,0.434867157518243,0.291,-34655.7682631461,71397.6786205449,12,1.43999999999983,TRUE,"",0.2,320,910320,920320,930320
"RDMM",5.15463266495626,0.948624580735441,0.013,0.760442417602587,0.098,-31317.2410536496,64713.7164462728,100,4.17000000000007,TRUE,"",0.2,320,910320,920320,930320
"DGMM",NA,-0.000781538951354756,0.499,-0.000770004807463275,0.736,-33672.4950799179,69431.1322540884,32,3.76999999999998,TRUE,"",0.3,320,910320,920320,930320
"RDMM",4.0051177140261,0.925369305613583,0.019,0.696889340304149,0.128,-33044.7389763617,68168.712291697,213,8.70000000000005,TRUE,"",0.3,320,910320,920320,930320
"DGMM",NA,0.000698826000020706,0.48,0.00127090552326503,0.723,-35413.1059324695,72912.3539591916,47,5.55999999999995,TRUE,"",0.4,320,910320,920320,930320
"RDMM",3.42990572057467,0.894810720949323,0.027,0.6504195600541,0.15,-34753.156182656,71585.5467042856,169,6.85000000000014,TRUE,"",0.4,320,910320,920320,930320
"DGMM",NA,-0.000573652913301267,0.49,0.00181159857483659,0.726,-37253.1573441755,76592.4567826035,32,3.81999999999994,TRUE,"",0.5,320,910320,920320,930320
"RDMM",3.05062687683214,0.79903486886966,0.053,0.447000436990385,0.282,-36499.3542242146,75077.9427874029,142,5.6099999999999,TRUE,"",0.5,320,910320,920320,930320
"DGMM",NA,0.995999989755495,0.001,0.830397634185976,0.068,-27010.5413799411,56107.2248541349,23,2.80000000000018,TRUE,"",0,321,910321,920321,930321
"RDMM",199.999955342365,1,0,0.837728061627909,0.065,-26985.9897876514,56051.2139142764,111,4.51999999999998,TRUE,"",0,321,910321,920321,930321
"DGMM",NA,0.846241934477535,0.04,0.600215376527831,0.177,-31069.2029133317,64224.5479209161,26,3.12999999999988,TRUE,"",0.1,321,910321,920321,930321
"RDMM",8.41901063602789,0.964288171460486,0.009,0.785485371610668,0.087,-29215.780247081,60510.7948331357,206,8.22000000000003,TRUE,"",0.1,321,910321,920321,930321
"DGMM",NA,0.658970046010621,0.094,0.468684972505291,0.251,-33113.1674320768,68312.4769584061,15,1.79999999999995,TRUE,"",0.2,321,910321,920321,930321
"RDMM",5.48707999215654,0.933088705682125,0.017,0.751405584989706,0.102,-30980.3495404202,64039.9334198141,100,4.19000000000005,TRUE,"",0.2,321,910321,920321,930321
"DGMM",NA,0.000202416861576847,0.48,-0.00050341441950021,0.726,-33209.4785246089,68505.0991434703,21,2.62000000000012,TRUE,"",0.3,321,910321,920321,930321
"RDMM",4.23363433321931,0.913849394444739,0.022,0.717252240947713,0.117,-32717.197860579,67513.6300601316,212,8.68999999999983,TRUE,"",0.3,321,910321,920321,930321
"DGMM",NA,-0.0010853307267667,0.495,-0.00129527575238005,0.731,-34955.8692089674,71997.8805121874,23,2.81000000000017,TRUE,"",0.4,321,910321,920321,930321
"RDMM",3.59276840648718,0.861043763864262,0.036,0.63838944536092,0.155,-34422.433614522,70924.1015680176,141,5.66999999999985,TRUE,"",0.4,321,910321,920321,930321
"DGMM",NA,-0.000950934661002921,0.495,0.000829932655665293,0.713,-36614.8491154469,75315.8403251465,23,2.79000000000019,TRUE,"",0.5,321,910321,920321,930321
"RDMM",3.35707988017574,0.817031540997512,0.048,0.479907348693371,0.311,-36046.0143203426,74171.2629796588,101,4.05999999999995,TRUE,"",0.5,321,910321,920321,930321
"DGMM",NA,0.995999996071888,0.001,0.844337933414891,0.062,-26946.6500875798,55979.4422694123,24,2.87999999999988,TRUE,"",0,322,910322,920322,930322
"RDMM",199.999953890985,0.995999996071888,0.001,0.844371539603797,0.062,-26932.1925576517,55943.6194542771,109,4.37000000000012,TRUE,"",0,322,910322,920322,930322
"DGMM",NA,0.910026110072734,0.023,0.567048089736065,0.202,-31438.2348946194,64962.6118834915,19,2.28999999999996,TRUE,"",0.1,322,910322,920322,930322
"RDMM",8.2778331609079,0.9603603209584,0.01,0.806799819189938,0.078,-29182.8100243525,60444.8543876786,100,4.02999999999997,TRUE,"",0.1,322,910322,920322,930322
"DGMM",NA,0.559084309551298,0.126,0.253981155888317,0.536,-34107.8907701887,70301.9236346301,19,2.28999999999996,TRUE,"",0.2,322,910322,920322,930322
"RDMM",4.91467743604394,0.925369296079998,0.019,0.736117699156474,0.109,-31163.0193195927,64405.272978159,115,4.60000000000014,TRUE,"",0.2,322,910322,920322,930322
"DGMM",NA,-0.0007500844916942,0.498,0.23642334250978,0.543,-33399.1378419328,68884.4177781182,23,2.71000000000004,TRUE,"",0.3,322,910322,920322,930322
"RDMM",3.84097142164617,0.872228151718829,0.033,0.656603562830599,0.146,-33151.346839188,68381.9280173496,187,8.00999999999999,TRUE,"",0.3,322,910322,920322,930322
"DGMM",NA,-0.000639612623118484,0.492,-0.000325214582290917,0.738,-35099.1076073065,72284.3573088656,21,2.63999999999987,TRUE,"",0.4,322,910322,920322,930322
"RDMM",3.40956549540303,0.842566419504189,0.041,0.474452580506415,0.289,-34758.9644687276,71597.1632764288,111,4.42000000000007,TRUE,"",0.4,322,910322,920322,930322
"DGMM",NA,-0.000824770823918826,0.494,0.000142550196934566,0.73,-36885.2256728498,75856.5934399522,18,2.25,TRUE,"",0.5,322,910322,920322,930322
"RDMM",3.18220333397207,0.802618598920054,0.052,0.422229723347384,0.352,-36454.3968529284,74988.0280448303,148,6.12999999999988,TRUE,"",0.5,322,910322,920322,930322
"DGMM",NA,0.995999999814926,0.001,0.822618827068364,0.072,-26999.6274461372,56085.396986527,16,2.05000000000018,TRUE,"",0,323,910323,920323,930323
"RDMM",193.134829967273,1,0,0.83055710592074,0.069,-26968.5555220123,56016.3453829982,100,4.01999999999998,TRUE,"",0,323,910323,920323,930323
"DGMM",NA,0.94862460761949,0.013,0.679517877457344,0.139,-31311.6042894158,64709.3506730843,26,3.13999999999987,TRUE,"",0.1,323,910323,920323,930323
"RDMM",7.95868659571065,0.944728718892887,0.014,0.76035736084637,0.099,-29153.499091038,60386.2325210496,100,4.04999999999995,TRUE,"",0.1,323,910323,920323,930323
"DGMM",NA,0.000808141836189272,0.478,0.000169096220732685,0.725,-31590.2233497909,65266.5887938345,42,5,TRUE,"",0.2,323,910323,920323,930323
"RDMM",4.8343672454484,0.925369359541466,0.019,0.734951161446765,0.11,-31093.8844277634,64267.0031945004,100,4.09000000000015,TRUE,"",0.2,323,910323,920323,930323
"DGMM",NA,-0.00103830066048763,0.497,0.00102061600247101,0.725,-33157.2851110025,68400.7123162576,24,2.83999999999992,TRUE,"",0.3,323,910323,920323,930323
"RDMM",4.01790653586813,0.887251213931666,0.029,0.706021065646686,0.124,-32686.7413398654,67452.7170187044,229,9.10000000000014,TRUE,"",0.3,323,910323,920323,930323
"DGMM",NA,-0.000839227767088289,0.493,0.00226362171003203,0.705,-35036.3780172664,72158.8981287854,29,3.48000000000002,TRUE,"",0.4,323,910323,920323,930323
"RDMM",3.4158860357129,0.872228211402314,0.033,0.701328379835514,0.126,-34354.8949835124,70789.0243059983,134,5.32999999999993,TRUE,"",0.4,323,910323,920323,930323
"DGMM",NA,-0.000608679960168496,0.49,0.0035406957658145,0.707,-36674.2789988632,75434.7000919791,23,2.79999999999995,TRUE,"",0.5,323,910323,920323,930323
"RDMM",3.22854674925608,0.82065661601799,0.047,0.658482252347092,0.145,-35889.1530800821,73857.5404991379,166,6.65000000000009,TRUE,"",0.5,323,910323,920323,930323
"DGMM",NA,0.988024012641135,0.003,0.637675129688567,0.163,-27516.8556017796,57119.8532978117,16,1.91999999999985,TRUE,"",0,324,910324,920324,930324
"RDMM",199.999949045073,0.992008000566199,0.002,0.683094079838639,0.142,-27429.4461740995,56938.1266871726,100,4.20999999999981,TRUE,"",0,324,910324,920324,930324
"DGMM",NA,0.964288254345131,0.009,0.59591044613973,0.191,-31748.7848547939,65583.7118038404,15,1.93000000000006,TRUE,"",0.1,324,910324,920324,930324
"RDMM",7.76857818414571,0.94472868580456,0.014,0.78099426157346,0.089,-29632.762305675,61344.7589503236,204,8.22000000000003,TRUE,"",0.1,324,910324,920324,930324
"DGMM",NA,-0.000498885215628125,0.496,8.04176980729195e-05,0.733,-31815.5697676406,65717.2816295339,25,2.97000000000003,TRUE,"",0.2,324,910324,920324,930324
"RDMM",4.98462477344024,0.910025940507842,0.023,0.735781862182569,0.109,-31380.9547106219,64841.1437602174,161,6.3900000000001,TRUE,"",0.2,324,910324,920324,930324
"DGMM",NA,-0.000640512442266013,0.495,-0.000839899270643657,0.742,-33731.7731844657,69549.688463184,22,2.70999999999981,TRUE,"",0.3,324,910324,920324,930324
"RDMM",3.94570876404352,0.875971852648563,0.032,0.531557129557497,0.241,-33128.2846763468,68335.8036916671,100,4,TRUE,"",0.3,324,910324,920324,930324
"DGMM",NA,-0.000728337011033282,0.494,-0.000705776263667254,0.736,-35232.1607168805,72550.4635280137,24,2.86000000000013,TRUE,"",0.4,324,910324,920324,930324
"RDMM",3.59005749836466,0.875971864149624,0.032,0.644229414248002,0.153,-34646.2750421443,71371.7844232622,100,4.03999999999996,TRUE,"",0.4,324,910324,920324,930324
"DGMM",NA,-0.000548647531069403,0.49,-0.000334352359475133,0.729,-37004.6735610545,76095.4892163615,23,2.75,TRUE,"",0.5,324,910324,920324,930324
"RDMM",3.26819016458733,0.802618465330453,0.052,0.567650741395643,0.191,-36360.1265395349,74799.4874180433,100,4.03999999999996,TRUE,"",0.5,324,910324,920324,930324
"DGMM",NA,0.988024014779245,0.003,0.803137758232976,0.08,-27288.2106431877,56662.5633806281,25,3,TRUE,"",0,325,910325,920325,930325
"RDMM",199.99995063667,0.988024014779245,0.003,0.789678291463275,0.086,-27235.018722115,56549.2717832036,116,4.72000000000003,TRUE,"",0,325,910325,920325,930325
"DGMM",NA,0.85733325613898,0.037,0.514673484429242,0.226,-32085.8203412535,66257.7827767596,7,0.920000000000073,TRUE,"",0.1,325,910325,920325,930325
"RDMM",7.94411868624365,0.960360328187914,0.01,0.744898528729695,0.106,-29529.0944564193,61137.4232518121,107,4.28999999999996,TRUE,"",0.1,325,910325,920325,930325
"DGMM",NA,0.000821902715025817,0.481,0.269722166648618,0.534,-31955.4792372188,65997.1005686902,21,2.52999999999997,TRUE,"",0.2,325,910325,920325,930325
"RDMM",4.72937178617514,0.910025991623173,0.023,0.766701632440681,0.095,-31519.5879431636,65118.4102253007,159,6.52999999999997,TRUE,"",0.2,325,910325,920325,930325
"DGMM",NA,0.00529486726136076,0.461,0.00184835036937641,0.719,-33842.3377030687,69770.8175003899,19,2.36000000000013,TRUE,"",0.3,325,910325,920325,930325
"RDMM",3.74454063265218,0.883483472975992,0.03,0.661273628451786,0.144,-33333.4184210064,68746.0711809864,100,4.05999999999995,TRUE,"",0.3,325,910325,920325,930325
"DGMM",NA,0.00487525611425591,0.462,0.00181137109736623,0.713,-35486.5760577586,73059.2942097698,20,2.3900000000001,TRUE,"",0.4,325,910325,920325,930325
"RDMM",3.30000940641,0.864764767691697,0.035,0.657924479457556,0.146,-34888.2784836824,71855.7913063384,100,4.06999999999994,TRUE,"",0.4,325,910325,920325,930325
"DGMM",NA,0.0028689675471853,0.469,0.000289128104840932,0.723,-37169.2364466504,76424.6149875534,24,2.93000000000006,TRUE,"",0.5,325,910325,920325,930325
"RDMM",3.02227857942756,0.83523114207783,0.043,0.609021040606586,0.171,-36557.8735182801,75194.9813755339,110,4.52999999999997,TRUE,"",0.5,325,910325,920325,930325
"DGMM",NA,0.98802401226328,0.003,0.521748691308635,0.258,-27360.4411527197,56807.0243996919,13,1.59999999999991,TRUE,"",0,326,910326,920326,930326
"RDMM",169.110589514588,0.992008000063936,0.002,0.573093055974517,0.282,-27232.5486058585,56544.3315506906,104,4.20000000000005,TRUE,"",0,326,910326,920326,930326
"DGMM",NA,0.948624580735441,0.013,0.555719504444483,0.214,-30823.0153865276,63732.1728673079,17,2.1400000000001,TRUE,"",0.1,326,910326,920326,930326
"RDMM",9.16201974536227,0.948624574172566,0.013,0.722017806638805,0.118,-29151.3928187034,60382.0199763804,144,5.81999999999994,TRUE,"",0.1,326,910326,920326,930326
"DGMM",NA,0.898602569815705,0.026,0.450238543537399,0.49,-33752.5334653103,69591.2090248732,27,3.23000000000002,TRUE,"",0.2,326,910326,920326,930326
"RDMM",5.35424559398971,0.883483389991957,0.03,0.509403002359221,0.284,-31017.4470455345,64114.1284300426,100,4.04999999999995,TRUE,"",0.2,326,910326,920326,930326
"DGMM",NA,0.760144250426572,0.064,0.4223063134173,0.293,-35966.0654508514,74018.2729959554,7,0.8900000000001,TRUE,"",0.3,326,910326,920326,930326
"RDMM",4.24475195933917,0.861045000113893,0.036,0.475873580426668,0.305,-32673.0304525731,67425.2952441197,104,4.25,TRUE,"",0.3,326,910326,920326,930326
"DGMM",NA,0.770654429431096,0.061,0.371874533687095,0.324,-38143.0187725156,78372.1796392838,6,0.799999999999955,TRUE,"",0.4,326,910326,920326,930326
"RDMM",3.52073415726657,0.827927890834874,0.045,0.438527739756616,0.343,-34432.4744693873,70944.1832777482,117,4.74000000000001,TRUE,"",0.4,326,910326,920326,930326
"DGMM",NA,0.595579371316942,0.114,0.262455041801044,0.431,-39864.7410527149,81815.6241996823,10,1.22000000000003,TRUE,"",0.5,326,910326,920326,930326
"RDMM",3.13819435730613,0.80980974831172,0.05,0.566589666463978,0.192,-36086.9973565774,74253.2290521285,179,7.32999999999993,TRUE,"",0.5,326,910326,920326,930326
"DGMM",NA,1,0,0.738829189447649,0.11,-27314.2877572129,56714.7176086784,13,1.63000000000011,TRUE,"",0,327,910327,920327,930327
"RDMM",199.999949035373,0.995999997241588,0.001,0.837434914608633,0.065,-27120.7355077605,56320.7053544946,141,5.76999999999998,TRUE,"",0,327,910327,920327,930327
"DGMM",NA,0.770656838146441,0.061,0.522175953941232,0.219,-31646.1851810586,65378.5124563699,22,2.66000000000008,TRUE,"",0.1,327,910327,920327,930327
"RDMM",7.8987492045595,0.972168145155765,0.007,0.774705987492599,0.092,-29406.6271207449,60892.4885804635,239,9.63999999999987,TRUE,"",0.1,327,910327,920327,930327
"DGMM",NA,-0.000561959287494267,0.497,0.00230348415125133,0.705,-31865.8636229845,65817.8693402216,22,2.6400000000001,TRUE,"",0.2,327,910327,920327,930327
"RDMM",4.8802129145846,0.921521471441262,0.02,0.707965174317712,0.122,-31369.0231268753,64817.2805927242,144,5.77999999999997,TRUE,"",0.2,327,910327,920327,930327
"DGMM",NA,-0.000760827555451582,0.498,0.000173647122595568,0.717,-33812.9071556827,69711.9564056179,16,2,TRUE,"",0.3,327,910327,920327,930327
"RDMM",3.79932771142805,0.84624624941129,0.04,0.293183219879583,0.469,-33446.5445408055,68972.3234205847,108,4.32999999999993,TRUE,"",0.3,327,910327,920327,930327
"DGMM",NA,-0.000776285838699902,0.494,0.0779230856122011,0.614,-35641.592476247,73369.3270467466,17,2.12000000000012,TRUE,"",0.4,327,910327,920327,930327
"RDMM",3.287058933869,0.849934032271252,0.039,0.621538424493266,0.163,-35017.1512362377,72113.536811449,100,3.94999999999982,TRUE,"",0.4,327,910327,920327,930327
"DGMM",NA,-0.000725772062001371,0.492,0.0241897841933709,0.686,-37366.2194688262,76818.5810319049,18,2.21000000000004,TRUE,"",0.5,327,910327,920327,930327
"RDMM",3.06683445614479,0.842566436394695,0.041,0.458240643531441,0.306,-36497.2182227727,75073.6707845191,266,10.72,TRUE,"",0.5,327,910327,920327,930327
"DGMM",NA,0.992008006568362,0.002,0.598905514185146,0.209,-27067.3233766667,56220.788847586,22,2.75999999999999,TRUE,"",0,328,910328,920328,930328
"RDMM",199.9999539611,0.992008006568362,0.002,0.837430967174834,0.065,-26919.0698941106,55917.3741271949,151,6.12000000000012,TRUE,"",0,328,910328,920328,930328
"DGMM",NA,0.933089069872396,0.017,0.464203382271782,0.495,-30864.6644804632,63815.4710551791,17,2.09999999999991,TRUE,"",0.1,328,910328,920328,930328
"RDMM",8.74246225660293,0.956440430891215,0.011,0.764438134193891,0.096,-29031.5436552038,60142.3216493813,118,4.82000000000016,TRUE,"",0.1,328,910328,920328,930328
"DGMM",NA,-0.000131724978136248,0.487,-0.000530262789750323,0.737,-31258.0229403637,64602.18797498,35,4.09999999999991,TRUE,"",0.2,328,910328,920328,930328
"RDMM",5.32032023151161,0.913849818519529,0.022,0.729951147836971,0.111,-30926.7108184817,63932.6559759369,123,4.95000000000005,TRUE,"",0.2,328,910328,920328,930328
"DGMM",NA,1.48121077754411e-06,0.485,-0.000286974949790468,0.729,-33336.4437787428,68759.0296517381,35,4.19000000000005,TRUE,"",0.3,328,910328,920328,930328
"RDMM",4.02496004419065,0.872228174161596,0.033,0.668060801851569,0.14,-32804.484730662,67688.2038002976,144,5.77999999999997,TRUE,"",0.3,328,910328,920328,930328
"DGMM",NA,-0.000938537696258195,0.498,0.0029942115648622,0.713,-34930.560159482,71947.2624132166,34,4.1099999999999,TRUE,"",0.4,328,910328,920328,930328
"RDMM",3.46746570394478,0.831575505165432,0.044,0.65563373093928,0.145,-34410.4817449734,70900.1978289204,105,4.16000000000008,TRUE,"",0.4,328,910328,920328,930328
"DGMM",NA,-0.000791758408268617,0.493,0.000423677996560774,0.727,-36452.917454512,74991.9770032767,28,3.3599999999999,TRUE,"",0.5,328,910328,920328,930328
"RDMM",3.26548921271316,0.795459373950906,0.054,0.610811017672784,0.167,-35891.8432440029,73862.9208269793,106,4.27999999999997,TRUE,"",0.5,328,910328,920328,930328
"DGMM",NA,1,0,0.785870481345829,0.088,-27150.8565672831,56387.8552288188,21,2.55999999999995,TRUE,"",0,329,910329,920329,930329
"RDMM",199.999950165127,1,0,0.80058159846928,0.082,-27126.9941436578,56333.2226262891,100,4.56999999999994,TRUE,"",0,329,910329,920329,930329
"DGMM",NA,0.921521365245081,0.02,0.640842872557956,0.156,-31083.3581430457,64252.858380344,21,2.55999999999995,TRUE,"",0.1,329,910329,920329,930329
"RDMM",8.11601145832063,0.95252849684918,0.012,0.766948532066104,0.096,-29296.9684828292,60673.1713046321,100,4.24000000000001,TRUE,"",0.1,329,910329,920329,930329
"DGMM",NA,0.577162826955441,0.12,0.404194593109515,0.292,-33137.2113479854,68360.5647902233,27,3.22000000000003,TRUE,"",0.2,329,910329,920329,930329
"RDMM",5.48280491501364,0.917681633925859,0.021,0.740483856952444,0.107,-30958.1147794156,63995.4638978048,100,4.07000000000016,TRUE,"",0.2,329,910329,920329,930329
"DGMM",NA,-0.000972239754118734,0.494,-0.000640197290868064,0.732,-33297.5686764296,68681.2794471119,26,3.17999999999984,TRUE,"",0.3,329,910329,920329,930329
"RDMM",4.10686584409674,0.88725118584164,0.029,0.650880947645205,0.15,-32767.6660678502,67614.5664746741,106,4.29999999999995,TRUE,"",0.3,329,910329,920329,930329
"DGMM",NA,0.763638127933145,0.063,0.362711173558494,0.512,-37969.2705156598,78024.6831255721,15,1.84000000000015,TRUE,"",0.4,329,910329,920329,930329
"RDMM",3.45181071230183,0.87597191039246,0.032,0.624797258630895,0.163,-34418.0157210024,70915.2657809784,139,5.69000000000005,TRUE,"",0.4,329,910329,920329,930329
"DGMM",NA,-0.000341680936739682,0.487,0.00212698655797569,0.727,-36719.9365008929,75526.0150960383,25,2.94999999999982,TRUE,"",0.5,329,910329,920329,930329
"RDMM",3.11444319348699,0.827927728889821,0.045,0.530238175749466,0.219,-36115.1863354615,74309.6070098966,123,4.98000000000002,TRUE,"",0.5,329,910329,920329,930329
"DGMM",NA,0.988024023979096,0.003,0.841102677684789,0.063,-27254.9308256524,56596.0037455574,21,2.56000000000017,TRUE,"",0,330,910330,920330,930330
"RDMM",199.999949915523,0.988024023979096,0.003,0.848124651036517,0.06,-27213.0913113378,56505.4169616493,100,4.06999999999994,TRUE,"",0,330,910330,920330,930330
"DGMM",NA,0.925369339038542,0.019,0.628348148986644,0.162,-31188.1600854752,64462.4622652031,17,2.02999999999997,TRUE,"",0.1,330,910330,920330,930330
"RDMM",8.71571188863836,0.960360357609261,0.01,0.807523018064275,0.077,-29342.0570604118,60763.3484597973,124,5,TRUE,"",0.1,330,910330,920330,930330
"DGMM",NA,-0.00100370491645183,0.496,-0.000735784361788742,0.734,-31540.0770547024,65166.2962036575,25,3.02999999999997,TRUE,"",0.2,330,910330,920330,930330
"RDMM",5.26186117180081,0.91002601286207,0.023,0.776125963312582,0.09,-31235.4892024417,64550.212743857,100,4.04999999999995,TRUE,"",0.2,330,910330,920330,930330
"DGMM",NA,-0.000971934266744783,0.496,-0.000827062034963383,0.733,-33362.0870116736,68810.3161175998,24,2.86000000000013,TRUE,"",0.3,330,910330,920330,930330
"RDMM",4.03473124706717,0.864764752081391,0.035,0.497347565596418,0.317,-33130.5595476039,68340.3534341814,216,8.73000000000002,TRUE,"",0.3,330,910330,920330,930330
"DGMM",NA,-0.000915586448044226,0.495,4.1231657726961e-05,0.724,-35313.4374441871,72713.0169826269,23,2.75999999999999,TRUE,"",0.4,330,910330,920330,930330
"RDMM",3.32781837306201,0.875971934826225,0.032,0.683181270288393,0.132,-34890.0029846135,71859.2403082006,157,6.41000000000008,TRUE,"",0.4,330,910330,920330,930330
"DGMM",NA,-0.000809494220348733,0.493,-0.000969337480230015,0.736,-37441.9563716897,76970.0548376319,21,2.55999999999995,TRUE,"",0.5,330,910330,920330,930330
"RDMM",3.04214698809678,0.784780795044754,0.057,0.291059989148243,0.421,-36748.3791515229,75575.9926420195,101,4.08999999999992,TRUE,"",0.5,330,910330,920330,930330
"DGMM",NA,0.995999996198092,0.001,0.870653946992456,0.051,-27172.0134448803,56430.1689840132,20,2.3900000000001,TRUE,"",0,331,910331,920331,930331
"RDMM",162.84717240057,0.995999996198092,0.001,0.875377404433539,0.049,-27153.5237255999,56386.2817901735,100,4.00999999999999,TRUE,"",0,331,910331,920331,930331
"DGMM",NA,0.952528487259748,0.012,0.63735363194296,0.161,-30976.3673975802,64038.876889413,14,1.72000000000003,TRUE,"",0.1,331,910331,920331,930331
"RDMM",8.92216785020623,0.956440401057714,0.011,0.862922553551441,0.054,-29139.2484498954,60357.7312387644,101,4.1099999999999,TRUE,"",0.1,331,910331,920331,930331
"DGMM",NA,0.675369662030826,0.089,0.325841769149908,0.397,-33341.9708896882,68770.083873629,14,1.68000000000006,TRUE,"",0.2,331,910331,920331,930331
"RDMM",5.41707743141035,0.921521446019881,0.02,0.581741257272113,0.255,-31050.2591449114,64179.7526287964,118,4.75999999999999,TRUE,"",0.2,331,910331,920331,930331
"DGMM",NA,0.00102874842309072,0.479,0.00102690229801287,0.724,-33049.3918315407,68184.925757334,24,2.82999999999993,TRUE,"",0.3,331,910331,920331,930331
"RDMM",4.19776920536651,0.87972360754504,0.031,0.32940198407373,0.406,-32756.6484266138,67592.5311922013,165,6.58999999999992,TRUE,"",0.3,331,910331,920331,930331
"DGMM",NA,0.735899710103543,0.071,0.336688114239279,0.355,-38607.7036986787,79301.5494916099,6,0.769999999999982,TRUE,"",0.4,331,910331,920331,930331
"RDMM",3.42247394619912,0.87972360754504,0.031,0.719354965730369,0.116,-34402.8050045897,70884.8443481531,134,5.36999999999989,TRUE,"",0.4,331,910331,920331,930331
"DGMM",NA,-0.000376036280025141,0.488,-3.23815400287923e-05,0.73,-36728.6186350758,75543.3793644042,50,5.92000000000007,TRUE,"",0.5,331,910331,920331,930331
"RDMM",3.1347215438043,0.838894744880547,0.042,0.673077638860245,0.138,-36056.5588378784,74192.3520147304,149,5.57999999999993,TRUE,"",0.5,331,910331,920331,930331
"DGMM",NA,0.995999983596839,0.001,0.847271073996618,0.061,-27060.8343722925,56207.8108388376,22,2.23000000000002,TRUE,"",0,332,910332,920332,930332
"RDMM",180.984917449841,0.995999983596839,0.001,0.860752734250186,0.056,-27041.4450944476,56162.1245278689,100,3.38000000000011,TRUE,"",0,332,910332,920332,930332
"DGMM",NA,0.944728089923437,0.014,0.702592030801301,0.125,-31233.5644056103,64553.2709054732,18,1.79999999999995,TRUE,"",0.1,332,910332,920332,930332
"RDMM",8.44698387035846,0.956440175293886,0.011,0.803149288879873,0.08,-29230.8962586353,60541.0268562441,109,3.65000000000009,TRUE,"",0.1,332,910332,920332,930332
"DGMM",NA,0.630023499231291,0.103,0.294440100201234,0.526,-33713.9753447123,69514.0927836772,24,2.45000000000005,TRUE,"",0.2,332,910332,920332,930332
"RDMM",5.2794479206428,0.940840415910897,0.015,0.760977374127509,0.098,-31072.0949806585,64223.4243002907,173,5.7199999999998,TRUE,"",0.2,332,910332,920332,930332
"DGMM",NA,-0.00063766110707663,0.485,0.000237744681588049,0.719,-33170.1787925521,68426.4996793568,36,3.59000000000015,TRUE,"",0.3,332,910332,920332,930332
"RDMM",4.05715468363678,0.891026528840125,0.028,0.546319133597475,0.239,-32870.2225053323,67819.6793496381,139,4.6099999999999,TRUE,"",0.3,332,910332,920332,930332
"DGMM",NA,0.770653494248905,0.061,0.3821149440192,0.33,-38691.84576916,79469.8336325727,6,0.6400000000001,TRUE,"",0.4,332,910332,920332,930332
"RDMM",3.4414269164555,0.846245817130152,0.04,0.457390209302302,0.332,-34695.2408277666,71469.7159945067,100,3.28999999999996,TRUE,"",0.4,332,910332,920332,930332
"DGMM",NA,-0.00070592523087771,0.49,0.000687262393536618,0.714,-36991.5242599496,76069.1906141518,29,2.92000000000007,TRUE,"",0.5,332,910332,920332,930332
"RDMM",3.11372783208179,0.842565252445217,0.041,0.659184496383801,0.144,-36317.0518031031,74713.3379451799,213,7.04999999999995,TRUE,"",0.5,332,910332,920332,930332
"DGMM",NA,1,0,0.866192175961077,0.053,-27217.4691450524,56521.0803843574,38,3.53999999999996,TRUE,"",0,333,910333,920333,930333
"RDMM",199.999955641635,1,0,0.866288449789395,0.053,-27195.9623113915,56471.1589617566,134,3.96000000000004,TRUE,"",0,333,910333,920333,930333
"DGMM",NA,0.813418133729536,0.049,0.358815715603365,0.408,-32044.5042080464,66175.1505103454,15,1.20000000000005,TRUE,"",0.1,333,910333,920333,930333
"RDMM",7.35640471834859,0.936960928519243,0.016,0.806919250920777,0.077,-29634.7460272821,61348.7263935378,136,3.6099999999999,TRUE,"",0.1,333,910333,920333,930333
"DGMM",NA,0.59249919068193,0.115,0.28793738729303,0.534,-33863.6203835594,69813.3828613714,24,1.94000000000005,TRUE,"",0.2,333,910333,920333,930333
"RDMM",4.96887869964949,0.906210131052392,0.024,0.771628835993983,0.092,-31439.3290741162,64957.8924872061,100,2.74000000000001,TRUE,"",0.2,333,910333,920333,930333
"DGMM",NA,0.00190871933296175,0.474,0.000977748395016092,0.728,-33621.1020032153,69328.3461006831,30,2.27999999999997,TRUE,"",0.3,333,910333,920333,930333
"RDMM",3.91701105045548,0.902402327062551,0.025,0.709255621217159,0.121,-33239.7991829606,68558.8327048947,160,4.05999999999995,TRUE,"",0.3,333,910333,920333,930333
"DGMM",NA,0.0013921564838559,0.476,0.000452275525817952,0.729,-35408.9295134549,72904.0011211624,37,2.67000000000007,TRUE,"",0.4,333,910333,920333,930333
"RDMM",3.39991333786825,0.802618517040434,0.052,0.434051147836114,0.31,-35032.5891436216,72144.4126262167,100,2.38000000000011,TRUE,"",0.4,333,910333,920333,930333
"DGMM",NA,0.646061763341327,0.098,0.271342682168765,0.436,-40031.396252732,82148.9345997166,6,0.449999999999818,TRUE,"",0.5,333,910333,920333,930333
"RDMM",3.17811604711836,0.81341725802282,0.049,0.608631180145804,0.168,-36463.9573604137,75007.149059801,121,2.86000000000013,TRUE,"",0.5,333,910333,920333,930333
"DGMM",NA,0.988024013915246,0.003,0.846763839329179,0.061,-27129.5749915303,56345.2920773131,18,1.19,TRUE,"",0,334,910334,920334,930334
"RDMM",199.999948335145,0.980080063265914,0.005,0.848967830459025,0.06,-27110.02221957,56299.2787781135,100,2.75,TRUE,"",0,334,910334,920334,930334
"DGMM",NA,0.929225185398476,0.018,0.573919357984271,0.196,-31511.3372571483,65108.8166085492,24,2.85,TRUE,"",0.1,334,910334,920334,930334
"RDMM",8.15639106486115,0.968224206343194,0.008,0.634214726420922,0.175,-29382.3110917576,60843.8565224888,106,4.3,TRUE,"",0.1,334,910334,920334,930334
"DGMM",NA,-0.000465408104181969,0.495,0.00110473910065074,0.728,-31616.937114339,65320.0163229307,24,2.86,TRUE,"",0.2,334,910334,920334,930334
"RDMM",5.07106557832204,0.933089046667319,0.017,0.495970512053477,0.246,-31313.1826184462,64705.5995758661,170,6.97,TRUE,"",0.2,334,910334,920334,930334
"DGMM",NA,-0.000740281521253998,0.5,0.000146129996579245,0.734,-33726.2544736098,69538.6510414722,24,2.91,TRUE,"",0.3,334,910334,920334,930334
"RDMM",3.87625700766054,0.891026924823925,0.028,0.552029577911823,0.217,-33111.1957140167,68301.6257670069,111,4.48,TRUE,"",0.3,334,910334,920334,930334
"DGMM",NA,0.00125574453825416,0.477,0.000358995136184564,0.725,-35485.0425569975,73056.2272082476,28,3.43,TRUE,"",0.4,334,910334,920334,930334
"RDMM",3.37359727702399,0.86104496685159,0.036,0.4489692200661,0.343,-34733.3384077468,71545.9111544673,107,4.3,TRUE,"",0.4,334,910334,920334,930334
"DGMM",NA,0.000223574278792071,0.483,0.000264367140861009,0.732,-37262.4872932131,76611.1166806787,29,3.48,TRUE,"",0.5,334,910334,920334,930334
"RDMM",3.12281444126198,0.802618507547141,0.052,0.384727117376571,0.327,-36479.7908102123,75038.8159593981,104,4.16,TRUE,"",0.5,334,910334,920334,930334
"DGMM",NA,0.995999996008016,0.001,0.830561868919402,0.068,-27131.1550577581,56348.4522097688,12,1.61000000000001,TRUE,"",0,335,910335,920335,930335
"RDMM",199.999949796089,0.995999996008016,0.001,0.856169903059472,0.057,-27090.3056415908,56259.8456221552,100,4.06,TRUE,"",0,335,910335,920335,930335
"DGMM",NA,0.82428960241764,0.046,0.629511398087229,0.159,-31018.2655258972,64122.6731460471,13,1.65,TRUE,"",0.1,335,910335,920335,930335
"RDMM",8.33944267880941,0.972168143069324,0.007,0.808905462079322,0.077,-29238.4985088039,60556.2313565814,164,6.54,TRUE,"",0.1,335,910335,920335,930335
"DGMM",NA,0.608023960395655,0.11,0.340880155186566,0.335,-33733.3513614514,69552.8448171554,13,1.61,TRUE,"",0.2,335,910335,920335,930335
"RDMM",5.015682436015,0.944728687524505,0.014,0.742579535308369,0.106,-31154.0504801159,64387.3352992055,263,10.44,TRUE,"",0.2,335,910335,920335,930335
"DGMM",NA,-0.000649230852934111,0.495,0.00150294413950522,0.728,-33269.1033528619,68624.3487999765,23,2.84,TRUE,"",0.3,335,910335,920335,930335
"RDMM",3.99343844952272,0.887251149574033,0.029,0.506635697953562,0.288,-32925.7788870291,67930.7921130318,108,4.23999999999999,TRUE,"",0.3,335,910335,920335,930335
"DGMM",NA,-0.000301237149811857,0.488,0.00171328196977541,0.726,-34982.2934644391,72050.7290231309,24,3.08,TRUE,"",0.4,335,910335,920335,930335
"RDMM",3.63404297195245,0.853629520511866,0.038,0.460411402426289,0.33,-34458.8612558618,70996.9568506973,100,4.03,TRUE,"",0.4,335,910335,920335,930335
"DGMM",NA,-0.000820891521698398,0.494,0.00324050151067987,0.717,-36528.3955113849,75142.9331170224,23,2.8,TRUE,"",0.5,335,910335,920335,930335
"RDMM",3.32299463930299,0.842566485168157,0.041,0.460919382307396,0.287,-35982.8387191753,74044.9117773241,100,3.97,TRUE,"",0.5,335,910335,920335,930335
"DGMM",NA,0.992008005214688,0.002,0.823208794731721,0.071,-27127.1238331534,56340.3897605595,39,4.66,TRUE,"",0,336,910336,920336,930336
"RDMM",199.999914501358,0.988024019156837,0.003,0.821679785786745,0.072,-27109.9713378284,56299.1770146304,181,7.3,TRUE,"",0,336,910336,920336,930336
"DGMM",NA,0.8425667482778,0.041,0.588216337436084,0.181,-31945.6512253231,65977.4445448989,13,1.56,TRUE,"",0.1,336,910336,920336,930336
"RDMM",7.14572733080113,0.940840823850437,0.015,0.753961180269409,0.101,-29475.6475973544,61030.5295336824,101,4.02999999999999,TRUE,"",0.1,336,910336,920336,930336
"DGMM",NA,-0.000659558775830064,0.497,0.000253037574894599,0.725,-31766.1313418336,65618.4047779197,31,3.82000000000001,TRUE,"",0.2,336,910336,920336,930336
"RDMM",4.66056840357797,0.917681633952254,0.021,0.717352777050381,0.118,-31311.0530797508,64701.3404984752,100,4,TRUE,"",0.2,336,910336,920336,930336
"DGMM",NA,-0.000353173176338621,0.489,0.239540121580307,0.534,-33430.3831307011,68946.9083556548,28,3.39,TRUE,"",0.3,336,910336,920336,930336
"RDMM",3.86121281376502,0.906210159132953,0.024,0.685728594568495,0.133,-33007.2365396516,68093.7074182768,100,4.14,TRUE,"",0.3,336,910336,920336,930336
"DGMM",NA,-0.000931677199943079,0.499,0.235234790310513,0.531,-35177.0637190304,72440.2695323134,31,3.64,TRUE,"",0.4,336,910336,920336,930336
"RDMM",3.3355705966923,0.879723647468111,0.031,0.668493659084973,0.141,-34632.3343304928,71343.9029999592,100,4.02,TRUE,"",0.4,336,910336,920336,930336
"DGMM",NA,0.722223238249552,0.075,0.308349676294418,0.444,-40040.9772789872,82168.096652227,6,0.780000000000001,TRUE,"",0.5,336,910336,920336,930336
"RDMM",3.16603962291702,0.813417299123356,0.049,0.396990492356509,0.338,-36447.9511513598,74975.1366416932,100,4,TRUE,"",0.5,336,910336,920336,930336
"DGMM",NA,0.995999997984193,0.001,0.848248439290371,0.061,-27148.8946732471,56383.9314407469,17,2.25,TRUE,"",0,337,910337,920337,930337
"RDMM",199.999955314265,0.995999997984193,0.001,0.840694381223581,0.064,-27125.835670587,56330.9056801476,100,4.03,TRUE,"",0,337,910337,920337,930337
"DGMM",NA,0.80621103714378,0.051,0.399802165051122,0.511,-30928.3277819663,63942.7976581852,28,3.33000000000001,TRUE,"",0.1,337,910337,920337,930337
"RDMM",8.43418077733953,0.940840811027485,0.015,0.767489482262212,0.095,-29314.5074218719,60708.2491827175,152,6.13,TRUE,"",0.1,337,910337,920337,930337
"DGMM",NA,0.611146209966748,0.109,0.369245642752341,0.429,-33704.8648917002,69495.8718776529,19,2.36000000000001,TRUE,"",0.2,337,910337,920337,930337
"RDMM",5.09546027673442,0.887251315467776,0.029,0.506073701604151,0.254,-31297.5339580538,64674.3022550811,100,3.96000000000001,TRUE,"",0.2,337,910337,920337,930337
"DGMM",NA,-4.23187871488961e-05,0.486,-0.000598458335975287,0.735,-33193.8078374571,68473.7577691668,35,4.22,TRUE,"",0.3,337,910337,920337,930337
"RDMM",4.08623547466367,0.88348348556817,0.03,0.525119017403129,0.232,-32926.2216566618,67931.6776522973,134,5.34999999999999,TRUE,"",0.3,337,910337,920337,930337
"DGMM",NA,-0.000665234555777309,0.492,-0.00117316523640681,0.736,-35937.5783090159,73961.2987122844,32,3.88999999999999,TRUE,"",0.4,337,910337,920337,930337
"RDMM",3.44039599818821,0.842566487227728,0.041,0.448111217346705,0.306,-34673.113898556,71425.4621360855,111,4.84,TRUE,"",0.4,337,910337,920337,930337
"DGMM",NA,-0.000885742106386578,0.495,-0.00101538873598595,0.737,-37397.3458831269,76880.8338605064,26,3.13,TRUE,"",0.5,337,910337,920337,930337
"RDMM",3.17604941043699,0.79903498649418,0.053,0.327470143868019,0.388,-36234.7430047696,74548.7203485128,106,4.32000000000002,TRUE,"",0.5,337,910337,920337,930337
"DGMM",NA,0.984048041416899,0.004,0.79371713133281,0.084,-27302.889304024,56691.9207023006,11,1.38000000000002,TRUE,"",0,338,910338,920338,930338
"RDMM",199.9999503829,0.992008003655626,0.002,0.892224663210419,0.042,-27139.1008423428,56357.4360236593,140,5.61999999999998,TRUE,"",0,338,910338,920338,930338
"DGMM",NA,0.913850013919313,0.022,0.427498430230839,0.391,-31711.1570470396,65508.4561883318,20,2.45000000000002,TRUE,"",0.1,338,910338,920338,930338
"RDMM",7.60320212356686,0.95644043286056,0.011,0.807253758083303,0.077,-29413.1683534987,60905.5710459711,136,5.62,TRUE,"",0.1,338,910338,920338,930338
"DGMM",NA,-0.000487156234894088,0.494,-0.0006281234094059,0.743,-31640.7761569397,65367.6944081319,28,3.31999999999999,TRUE,"",0.2,338,910338,920338,930338
"RDMM",4.7552374010561,0.898602576136073,0.026,0.727949204002466,0.111,-31336.4493456806,64752.1330303349,194,7.75,TRUE,"",0.2,338,910338,920338,930338
"DGMM",NA,-0.000747771229233707,0.497,-0.00085424527691561,0.74,-33618.1433077134,69322.4287096794,39,4.68000000000001,TRUE,"",0.3,338,910338,920338,930338
"RDMM",3.67565050083267,0.864764671506142,0.035,0.685615564948436,0.131,-33114.2566719432,68307.74768286,201,8.09999999999999,TRUE,"",0.3,338,910338,920338,930338
"DGMM",NA,-0.000873901809386841,0.499,-0.00104718409357595,0.74,-35203.0018249961,72492.1457442448,25,2.98000000000002,TRUE,"",0.4,338,910338,920338,930338
"RDMM",3.20672967072442,0.813417613425196,0.049,0.661052361731335,0.143,-34665.476115176,71410.1865693256,100,4.09,TRUE,"",0.4,338,910338,920338,930338
"DGMM",NA,-0.000938567301774854,0.498,-0.0012121707337726,0.741,-36848.5377050104,75783.2175042734,24,2.86000000000001,TRUE,"",0.5,338,910338,920338,930338
"RDMM",2.98958791362981,0.763639461411657,0.063,0.530065613178853,0.213,-36319.075760192,74717.3858593576,100,4.19999999999999,TRUE,"",0.5,338,910338,920338,930338
"DGMM",NA,0.992008001521523,0.002,0.494609248780742,0.473,-27247.9369290555,56582.0159523637,18,2.16999999999999,TRUE,"",0,339,910339,920339,930339
"RDMM",199.999954439436,0.992008001521523,0.002,0.807946916324646,0.078,-27035.6376812677,56150.509701509,163,6.55000000000001,TRUE,"",0,339,910339,920339,930339
"DGMM",NA,0.956440406814912,0.011,0.47102071892109,0.458,-31120.2503520113,64326.6427982751,25,2.99000000000001,TRUE,"",0.1,339,910339,920339,930339
"RDMM",8.5536408180156,0.952528485889829,0.012,0.783121069951716,0.088,-29255.1889760154,60589.6122910044,109,4.39000000000001,TRUE,"",0.1,339,910339,920339,930339
"DGMM",NA,0.649295216054086,0.097,0.500725170662356,0.237,-33076.9798775933,68240.1018494391,22,2.62999999999997,TRUE,"",0.2,339,910339,920339,930339
"RDMM",5.4546005532318,0.929225167782784,0.018,0.764868714886516,0.096,-31087.1418577074,64253.5180543883,100,4.25,TRUE,"",0.2,339,910339,920339,930339
"DGMM",NA,0.891026960595032,0.028,0.478147596295109,0.256,-35986.9661456491,74060.0743855508,17,2.03999999999996,TRUE,"",0.3,339,910339,920339,930339
"RDMM",4.21581940669306,0.913849797331082,0.022,0.705191897804753,0.123,-32764.1447051107,67607.523749195,100,4.03000000000003,TRUE,"",0.3,339,910339,920339,930339
"DGMM",NA,0.636450734921339,0.101,0.37843613762611,0.325,-38126.5231119338,78339.1883181203,6,0.759999999999991,TRUE,"",0.4,339,910339,920339,930339
"RDMM",3.58844294359693,0.887251175603418,0.029,0.634051609672929,0.157,-34703.3304990386,71485.8953370508,100,3.99000000000001,TRUE,"",0.4,339,910339,920339,930339
"DGMM",NA,-0.000303273474204134,0.487,9.82456721342013e-05,0.721,-36789.4755251449,75665.0931445424,24,2.93000000000001,TRUE,"",0.5,339,910339,920339,930339
"RDMM",3.25110310020489,0.802618885616852,0.052,0.4272505496834,0.349,-36299.9603861314,74679.1551112364,100,3.94999999999999,TRUE,"",0.5,339,910339,920339,930339
"DGMM",NA,0.995999997602502,0.001,0.821720781391834,0.072,-27050.4399398393,56187.0219739312,15,1.91999999999996,TRUE,"",0,340,910340,920340,930340
"RDMM",199.999952965644,0.995999997602502,0.001,0.85673422062621,0.057,-27031.698994547,56142.6323280676,100,3.97000000000003,TRUE,"",0,340,910340,920340,930340
"DGMM",NA,0.933089036047386,0.017,0.6853367388937,0.133,-31546.7303954864,65179.6028852253,21,2.52999999999997,TRUE,"",0.1,340,910340,920340,930340
"RDMM",8.01361054850875,0.952528545508642,0.012,0.795934384522483,0.082,-29263.127340499,60605.4890199716,100,4.14000000000004,TRUE,"",0.1,340,910340,920340,930340
"DGMM",NA,0.642853924773557,0.099,0.487102750063602,0.236,-33704.7188332199,69495.5797606924,24,2.88999999999999,TRUE,"",0.2,340,910340,920340,930340
"RDMM",5.16006076101559,0.917681667357316,0.021,0.775515636916197,0.09,-31042.4843233851,64164.2029857437,123,5.05000000000001,TRUE,"",0.2,340,910340,920340,930340
"DGMM",NA,0.00152033688571436,0.476,0.00173747456556449,0.718,-33414.4922592362,68915.126612725,33,4.11000000000001,TRUE,"",0.3,340,910340,920340,930340
"RDMM",3.88512749183869,0.89102701824805,0.028,0.734965370605877,0.108,-32856.875595363,67792.9855296996,140,5.61000000000001,TRUE,"",0.3,340,910340,920340,930340
"DGMM",NA,0.00161683925044372,0.475,0.00224299524580255,0.711,-35098.5770550967,72283.2962044459,30,4.00999999999999,TRUE,"",0.4,340,910340,920340,930340
"RDMM",3.33725794121419,0.809809980802281,0.05,0.440192954806007,0.337,-34465.8839185145,71011.0021760025,154,6.61000000000001,TRUE,"",0.4,340,910340,920340,930340
"DGMM",NA,0.000805804909154721,0.479,0.000443189043216433,0.725,-36865.1220828548,75816.3862599623,24,3.52999999999997,TRUE,"",0.5,340,910340,920340,930340
"RDMM",3.11379522217969,0.799034966389637,0.053,0.422438431556698,0.354,-36136.3036305786,74351.8416001309,107,4.47000000000003,TRUE,"",0.5,340,910340,920340,930340
"DGMM",NA,0.992008003510713,0.002,0.823092898482756,0.071,-27158.2819848686,56402.7060639898,21,2.60000000000002,TRUE,"",0,341,910341,920341,930341
"RDMM",195.612346535776,0.995999998162726,0.001,0.833001513847655,0.067,-27096.8371826849,56272.9087043434,117,5.28999999999996,TRUE,"",0,341,910341,920341,930341
"DGMM",NA,0.760143540802409,0.064,0.440062067274732,0.278,-31291.3976927738,64668.9374798003,27,3.67000000000002,TRUE,"",0.1,341,910341,920341,930341
"RDMM",7.80817878318671,0.94862460102697,0.013,0.792394689922436,0.084,-29325.1265018257,60729.4873426251,109,5.19,TRUE,"",0.1,341,910341,920341,930341
"DGMM",NA,0.574130994811481,0.121,0.27277021645123,0.543,-33216.9428282124,68520.0277506774,25,3.08000000000004,TRUE,"",0.2,341,910341,920341,930341
"RDMM",5.21083591893325,0.913849818773663,0.022,0.744550604145007,0.105,-30994.427505388,64068.0893497496,102,4.08999999999997,TRUE,"",0.2,341,910341,920341,930341
"DGMM",NA,-0.00110419093319353,0.497,0.00298938870009362,0.716,-33322.2844540463,68730.7110023453,26,3.11000000000001,TRUE,"",0.3,341,910341,920341,930341
"RDMM",3.93375666062642,0.872228046633482,0.033,0.701187755477765,0.125,-32838.547650955,67756.3296408836,159,6.44,TRUE,"",0.3,341,910341,920341,930341
"DGMM",NA,-0.000486965423511631,0.488,0.00290827888138782,0.719,-34896.1435414466,71878.4291771458,23,2.76999999999998,TRUE,"",0.4,341,910341,920341,930341
"RDMM",3.45805668031493,0.872228009761389,0.033,0.653451045507213,0.148,-34428.2508762369,70935.7360914474,108,4.32999999999998,TRUE,"",0.4,341,910341,920341,930341
"DGMM",NA,-0.0003387364045602,0.487,0.00251147183697096,0.719,-36629.9054858114,75345.9530658755,24,2.87,TRUE,"",0.5,341,910341,920341,930341
"RDMM",3.14868455374716,0.835230727612309,0.043,0.611664179907042,0.168,-36111.1773880166,74301.5891150068,129,5.19,TRUE,"",0.5,341,910341,920341,930341
"DGMM",NA,0.98802401226328,0.003,0.816067325581097,0.074,-27016.823925975,56119.7899462026,11,1.38,TRUE,"",0,342,910342,920342,930342
"RDMM",161.592869480117,0.98802401226328,0.003,0.844039037954572,0.062,-26977.4390334832,56034.1124059401,100,4.05000000000001,TRUE,"",0,342,910342,920342,930342
"DGMM",NA,0.94472868437969,0.014,0.669155818276007,0.144,-31205.3836012421,64496.9092967368,23,2.74000000000001,TRUE,"",0.1,342,910342,920342,930342
"RDMM",8.07105139947703,0.94472868437969,0.014,0.804744311487997,0.078,-29144.9628049624,60369.1599488984,100,4.00999999999999,TRUE,"",0.1,342,910342,920342,930342
"DGMM",NA,0.56810302531113,0.123,0.250665881938205,0.46,-33560.4551049412,69207.052304135,15,1.81,TRUE,"",0.2,342,910342,920342,930342
"RDMM",5.12098746499223,0.910025959219556,0.023,0.741484801475774,0.106,-30958.5325989536,63996.2995368809,100,4.21999999999997,TRUE,"",0.2,342,910342,920342,930342
"DGMM",NA,-0.000764030819694742,0.499,-0.00075540869712702,0.737,-33337.9308063298,68762.0037069123,24,2.88,TRUE,"",0.3,342,910342,920342,930342
"RDMM",3.90457188042755,0.872228151718829,0.033,0.722585279551784,0.114,-32866.4014467778,67812.0372325293,157,6.28000000000003,TRUE,"",0.3,342,910342,920342,930342
"DGMM",NA,-0.000559510417212621,0.491,-0.00109011175615376,0.733,-35156.2300196571,72398.6021335668,19,2.27999999999997,TRUE,"",0.4,342,910342,920342,930342
"RDMM",3.4068225384678,0.806210029186481,0.051,0.5240231924363,0.225,-34501.6919891228,71082.6183172193,218,8.82999999999998,TRUE,"",0.4,342,910342,920342,930342
"DGMM",NA,-0.000610169654389431,0.491,-0.0012164055471027,0.736,-37720.8893207063,77527.9207356651,27,3.23000000000002,TRUE,"",0.5,342,910342,920342,930342
"RDMM",3.00925623893869,0.777701536643253,0.059,0.394014464925604,0.331,-36292.2436658824,74663.7216707385,138,5.69,TRUE,"",0.5,342,910342,920342,930342
"DGMM",NA,0.995999997241588,0.001,0.742969397344127,0.109,-27281.6342387121,56649.4105716768,20,2.55000000000001,TRUE,"",0,343,910343,920343,930343
"RDMM",199.999949261098,0.995999997241588,0.001,0.841976454945917,0.063,-27135.6371664404,56350.5086718544,155,6.23000000000002,TRUE,"",0,343,910343,920343,930343
"DGMM",NA,0.940840848756541,0.015,0.653704823472417,0.154,-31046.8255163327,64179.7931269179,20,2.38999999999999,TRUE,"",0.1,343,910343,920343,930343
"RDMM",8.51632280311547,0.948624601886864,0.013,0.633789375476143,0.17,-29327.0528070095,60733.3399529926,104,4.13999999999999,TRUE,"",0.1,343,910343,920343,930343
"DGMM",NA,-0.00048842925064887,0.494,8.14867275528615e-05,0.732,-31771.431417876,65629.0049300046,33,3.86000000000001,TRUE,"",0.2,343,910343,920343,930343
"RDMM",5.09789510840594,0.921521492981166,0.02,0.549298903455483,0.234,-31282.288503314,64643.8113456016,170,6.75999999999999,TRUE,"",0.2,343,910343,920343,930343
"DGMM",NA,-0.000606274548371582,0.493,0.19830889428967,0.534,-33514.0214927796,69114.1850798118,22,2.69,TRUE,"",0.3,343,910343,920343,930343
"RDMM",3.85703301133305,0.894810781578777,0.027,0.705539402072918,0.123,-32943.2952080816,67965.8247551367,112,4.64000000000004,TRUE,"",0.3,343,910343,920343,930343
"DGMM",NA,-0.000852074457673208,0.496,0.156311997337014,0.561,-35197.2418579078,72480.6258100682,22,2.66999999999996,TRUE,"",0.4,343,910343,920343,930343
"RDMM",3.42916084714519,0.853629602512121,0.038,0.672408853772961,0.139,-34568.0451974405,71215.3247338545,139,5.64000000000004,TRUE,"",0.4,343,910343,920343,930343
"DGMM",NA,-0.000659239859971978,0.491,-0.000648740892109554,0.73,-37034.7134085859,76155.5689114244,23,2.76999999999998,TRUE,"",0.5,343,910343,920343,930343
"RDMM",3.05975766299055,0.827927950951766,0.045,0.465891207520724,0.293,-36320.5166239249,74720.2675868234,122,4.86000000000001,TRUE,"",0.5,343,910343,920343,930343
"DGMM",NA,0.988024021310304,0.003,0.830842077671068,0.069,-27156.7622304505,56399.6665551537,22,2.69,TRUE,"",0,344,910344,920344,930344
"RDMM",183.499741411505,0.988024021310304,0.003,0.824778503204751,0.071,-27122.2080867976,56323.6505125688,100,4.13999999999999,TRUE,"",0,344,910344,920344,930344
"DGMM",NA,0.824288176970911,0.046,0.543187391468595,0.208,-31066.6912720465,64219.5246383457,13,1.68000000000001,TRUE,"",0.1,344,910344,920344,930344
"RDMM",7.89800448093256,0.933089085993222,0.017,0.758570853320089,0.1,-29395.1572890088,60869.5489169913,100,4.05000000000001,TRUE,"",0.1,344,910344,920344,930344
"DGMM",NA,0.604887145605214,0.111,0.293788035648554,0.53,-33522.8896561945,69131.9214066417,33,3.99000000000001,TRUE,"",0.2,344,910344,920344,930344
"RDMM",4.97631505469794,0.883483504218262,0.03,0.469458605710189,0.311,-31394.7513119755,64868.7369629246,189,7.63999999999999,TRUE,"",0.2,344,910344,920344,930344
"DGMM",NA,-0.00100055920092965,0.496,6.47731854596975e-06,0.724,-33676.8627476826,69439.8675896177,28,3.34000000000003,TRUE,"",0.3,344,910344,920344,930344
"RDMM",3.73354024755245,0.835231270522095,0.043,0.648553317401007,0.15,-33140.8713431917,68360.9770253571,100,3.96999999999997,TRUE,"",0.3,344,910344,920344,930344
"DGMM",NA,0.000268464375231562,0.482,0.0027884280087939,0.707,-35359.1613705242,72804.464835301,22,2.66000000000003,TRUE,"",0.4,344,910344,920344,930344
"RDMM",3.25420799175228,0.784780844357922,0.057,0.412564760419441,0.357,-34827.2509453742,71733.736229722,100,4.03999999999996,TRUE,"",0.4,344,910344,920344,930344
"DGMM",NA,-0.000222773565917646,0.486,0.00235874895118642,0.71,-37201.799408944,76489.7409121405,24,3.11000000000001,TRUE,"",0.5,344,910344,920344,930344
"RDMM",2.90654547757126,0.739339372118817,0.07,0.385722442510848,0.307,-36523.1065145155,75125.4473680047,100,4.13999999999999,TRUE,"",0.5,344,910344,920344,930344
"DGMM",NA,0.995999999719503,0.001,0.832811379796634,0.067,-27313.4271383731,56712.9963709988,16,2,TRUE,"",0,345,910345,920345,930345
"RDMM",199.999953817536,0.995999999719503,0.001,0.865948644416488,0.053,-27280.6905893019,56640.6155175774,100,4,TRUE,"",0,345,910345,920345,930345
"DGMM",NA,0.968224222738724,0.008,0.583631273312576,0.193,-31545.6711428515,65177.4843799557,13,1.63999999999999,TRUE,"",0.1,345,910345,920345,930345
"RDMM",8.65585402630377,0.968224220097834,0.008,0.830001051424315,0.068,-29445.2941351024,60969.8226091785,136,5.45000000000005,TRUE,"",0.1,345,910345,920345,930345
"DGMM",NA,0.8834834582655,0.03,0.517858790998921,0.226,-34249.5680017923,70585.2780978373,15,1.85000000000002,TRUE,"",0.2,345,910345,920345,930345
"RDMM",5.30855227374961,0.917681679900044,0.021,0.751336241785289,0.102,-31277.4529216571,64634.1401822878,140,5.55999999999995,TRUE,"",0.2,345,910345,920345,930345
"DGMM",NA,0.00176390981309876,0.474,0.000566812106295056,0.731,-33328.1871318031,68742.5163578588,36,4.25999999999999,TRUE,"",0.3,345,910345,920345,930345
"RDMM",4.18939062805927,0.89102701287584,0.028,0.741532123143808,0.106,-33005.1886689808,68089.6116769352,100,4.11000000000001,TRUE,"",0.3,345,910345,920345,930345
"DGMM",NA,0.00338496640431312,0.467,0.00140703079778732,0.725,-35021.046035957,72128.2341661667,23,2.78000000000009,TRUE,"",0.4,345,910345,920345,930345
"RDMM",3.60532062987224,0.846246247044902,0.04,0.409182419629761,0.338,-34740.5149032684,71560.2641455104,100,4.06999999999994,TRUE,"",0.4,345,910345,920345,930345
"DGMM",NA,0.00150813250536207,0.475,0.00120748262197502,0.724,-36612.832187848,75311.8064699487,23,2.75999999999999,TRUE,"",0.5,345,910345,920345,930345
"RDMM",3.36703990811073,0.842566571882069,0.041,0.5951179909556,0.18,-36238.3841903897,74556.0027197531,154,6.17000000000007,TRUE,"",0.5,345,910345,920345,930345
"DGMM",NA,0.992008003575289,0.002,0.577871553327001,0.203,-27418.6630674382,56923.4682291291,17,2.08999999999992,TRUE,"",0,346,910346,920346,930346
"RDMM",199.99994769116,0.992008003575289,0.002,0.83290423600901,0.067,-27235.681118432,56550.5965758376,300,12.1,TRUE,"",0,346,910346,920346,930346
"DGMM",NA,0.964288266883599,0.009,0.468326325908132,0.293,-31256.9724208708,64600.0869359943,13,1.59000000000003,TRUE,"",0.1,346,910346,920346,930346
"RDMM",8.44683883002219,0.980080070041404,0.005,0.557263870919602,0.273,-29422.9861250599,60925.2065890934,100,4.52999999999997,TRUE,"",0.1,346,910346,920346,930346
"DGMM",NA,-0.000620575341875791,0.496,-0.000211607036869496,0.733,-31589.7580104385,65265.6581151295,29,3.47000000000003,TRUE,"",0.2,346,910346,920346,930346
"RDMM",5.24707992312429,0.960360338374431,0.01,0.708400240593122,0.124,-31292.2553710864,64663.7450811464,137,5.61000000000001,TRUE,"",0.2,346,910346,920346,930346
"DGMM",NA,-0.000780682140880712,0.497,0.00022203563204904,0.731,-33235.2654131246,68556.6729205018,23,2.75,TRUE,"",0.3,346,910346,920346,930346
"RDMM",4.2735398000372,0.898602604416781,0.026,0.536536846869672,0.234,-32922.294602809,67923.8235445917,131,5.23000000000002,TRUE,"",0.3,346,910346,920346,930346
"DGMM",NA,-0.000773374968613458,0.494,0.00111564252424203,0.727,-34895.4593144461,71877.0607231448,42,4.97000000000003,TRUE,"",0.4,346,910346,920346,930346
"RDMM",3.55114581519235,0.875971879510219,0.032,0.682629119040628,0.133,-34425.4387434144,70930.1118258024,100,4.13,TRUE,"",0.4,346,910346,920346,930346
"DGMM",NA,-0.000970804886981909,0.499,0.00140961564538205,0.727,-36673.5320910791,75433.2062764107,29,3.44999999999993,TRUE,"",0.5,346,910346,920346,930346
"RDMM",3.32255954348386,0.853629522257752,0.038,0.55504302488998,0.199,-36143.7398067497,74366.713952473,129,5.17000000000007,TRUE,"",0.5,346,910346,920346,930346
"DGMM",NA,0.98802401226328,0.003,0.554858954447894,0.26,-27290.945262844,56668.0326199405,13,1.69999999999993,TRUE,"",0,347,910347,920347,930347
"RDMM",199.999946173645,0.995999996071888,0.001,0.607270602088741,0.23,-27125.5077513605,56330.2498416945,144,5.66999999999996,TRUE,"",0,347,910347,920347,930347
"DGMM",NA,0.913849888023807,0.022,0.438954292806307,0.473,-31055.868319866,64197.8787339846,24,2.93999999999994,TRUE,"",0.1,347,910347,920347,930347
"RDMM",8.79530644072169,0.956440408097083,0.011,0.570964038032688,0.259,-29216.2489098131,60511.7321585999,123,4.90999999999997,TRUE,"",0.1,347,910347,920347,930347
"DGMM",NA,0.646074459940732,0.098,0.330066423494283,0.54,-33318.3759296966,68722.8939536458,39,4.84000000000003,TRUE,"",0.2,347,910347,920347,930347
"RDMM",5.41751732445736,0.917681611358423,0.021,0.69788192616635,0.127,-31110.6615221047,64300.557383183,125,5.08999999999992,TRUE,"",0.2,347,910347,920347,930347
"DGMM",NA,0.00140243838387977,0.477,0.0384608829820395,0.641,-33401.6393919887,68889.4208782301,23,2.72000000000003,TRUE,"",0.3,347,910347,920347,930347
"RDMM",4.24866376263407,0.875971848687616,0.032,0.675292455082427,0.137,-32744.8962166088,67569.0267721912,206,8.19000000000005,TRUE,"",0.3,347,910347,920347,930347
"DGMM",NA,0.000305354746824634,0.483,0.000981640393532911,0.724,-35084.3937079789,72254.9295102105,25,3.01999999999998,TRUE,"",0.4,347,910347,920347,930347
"RDMM",3.68705594848814,0.824288147299211,0.046,0.414525949641554,0.36,-34401.474760333,70882.1838596396,151,6,TRUE,"",0.4,347,910347,920347,930347
"DGMM",NA,0.000810292303588251,0.479,0.00151301844236241,0.722,-36682.434538411,75451.0111710747,27,3.25,TRUE,"",0.5,347,910347,920347,930347
"RDMM",3.34591050151324,0.817032851163136,0.048,0.407921471002689,0.362,-35852.9049929701,73785.0443249138,100,4.12,TRUE,"",0.5,347,910347,920347,930347
"DGMM",NA,0.992008007634387,0.002,0.800993037829354,0.081,-27197.4184253328,56480.9789449181,25,3.09000000000003,TRUE,"",0,348,910348,920348,930348
"RDMM",199.999951959779,0.992008007634387,0.002,0.825742385283141,0.07,-27165.7040400553,56410.6424190841,102,4.03999999999996,TRUE,"",0,348,910348,920348,930348
"DGMM",NA,0.756657109806504,0.065,0.454277095023131,0.265,-30926.5436905685,63939.2294753897,22,2.72000000000003,TRUE,"",0.1,348,910348,920348,930348
"RDMM",8.4426036593447,0.948624618887061,0.013,0.739544391800168,0.109,-29343.821376172,60766.8770913175,190,7.52999999999997,TRUE,"",0.1,348,910348,920348,930348
"DGMM",NA,0.630069791008964,0.103,0.368751150298148,0.332,-33735.5682234499,69557.2785411523,17,2.03000000000009,TRUE,"",0.2,348,910348,920348,930348
"RDMM",5.07718933748979,0.921521506982098,0.02,0.705680760012199,0.124,-31214.1525995592,64507.5395380921,100,4.14999999999998,TRUE,"",0.2,348,910348,920348,930348
"DGMM",NA,-0.000375584076454091,0.488,0.000644035179043717,0.722,-33439.6144598897,68965.3710140321,24,3.02999999999997,TRUE,"",0.3,348,910348,920348,930348
"RDMM",4.04716407829269,0.835231195712528,0.043,0.457595084589704,0.323,-33105.2765063972,68289.787351768,100,4,TRUE,"",0.3,348,910348,920348,930348
"DGMM",NA,-0.00088136060335972,0.495,-0.000764984293282351,0.731,-35155.4587624265,72397.0596191056,28,3.38999999999999,TRUE,"",0.4,348,910348,920348,930348
"RDMM",3.48487819505416,0.791891855678609,0.055,0.455854452504791,0.304,-34763.181935696,71605.5982103656,134,5.38999999999999,TRUE,"",0.4,348,910348,920348,930348
"DGMM",NA,-0.000991527953871291,0.499,-0.000570780289218347,0.728,-37201.1116694427,76488.365433138,23,2.7700000000001,TRUE,"",0.5,348,910348,920348,930348
"RDMM",3.15183089029069,0.824288252692434,0.046,0.600495024289462,0.175,-36323.7069397569,74726.6482184875,120,4.79999999999995,TRUE,"",0.5,348,910348,920348,930348
"DGMM",NA,0.995999999719503,0.001,0.765041826159781,0.098,-27204.5951024125,56495.3322990777,15,1.86000000000001,TRUE,"",0,349,910349,920349,930349
"RDMM",172.860412441811,0.992008007634387,0.002,0.851885704687059,0.059,-27052.8683816321,56184.9711022378,113,4.75,TRUE,"",0,349,910349,920349,930349
"DGMM",NA,0.781237556547665,0.058,0.653298392852944,0.147,-31414.6815369812,64915.505168215,16,1.91999999999996,TRUE,"",0.1,349,910349,920349,930349
"RDMM",7.50720586056663,0.948624629561597,0.013,0.830585086816066,0.067,-29287.8494097156,60654.9331584047,100,4.1400000000001,TRUE,"",0.1,349,910349,920349,930349
"DGMM",NA,0.568085570422191,0.123,0.273204327544805,0.529,-33613.6425806854,69313.4272556234,21,2.57999999999993,TRUE,"",0.2,349,910349,920349,930349
"RDMM",4.89923955005437,0.898602649478612,0.026,0.545950349525896,0.283,-31153.7669837717,64386.7683065171,112,4.52999999999997,TRUE,"",0.2,349,910349,920349,930349
"DGMM",NA,-0.000845656105240215,0.495,-0.00111072239075273,0.733,-33333.9289841832,68754.0000626189,30,3.56999999999994,TRUE,"",0.3,349,910349,920349,930349
"RDMM",3.79223256109631,0.868492540992606,0.034,0.71779153011745,0.116,-32921.5434073578,67922.3211536891,106,4.31000000000006,TRUE,"",0.3,349,910349,920349,930349
"DGMM",NA,0.678654696384424,0.088,0.383107319436775,0.325,-38708.2945561293,79502.7312065113,7,0.909999999999968,TRUE,"",0.4,349,910349,920349,930349
"RDMM",3.24158501433201,0.813417552941199,0.049,0.539471755050637,0.207,-34667.6207263334,71414.4757916404,106,4.30999999999995,TRUE,"",0.4,349,910349,920349,930349
"DGMM",NA,0.665521490827284,0.092,0.301087220647728,0.427,-40167.3424972547,82420.827088762,6,0.82000000000005,TRUE,"",0.5,349,910349,920349,930349
"RDMM",3.013875593055,0.735899943570044,0.071,0.403692796154327,0.322,-36347.9992918014,74775.2329225764,146,6.00999999999999,TRUE,"",0.5,349,910349,920349,930349
"DGMM",NA,0.995999996071888,0.001,0.823423933644033,0.071,-27169.3460014202,56424.8340970931,17,2.04000000000008,TRUE,"",0,350,910350,920350,930350
"RDMM",178.622231979698,0.995999996071888,0.001,0.84676678305054,0.061,-27141.8880040397,56363.010347053,100,4.02999999999997,TRUE,"",0,350,910350,920350,930350
"DGMM",NA,0.913849929355063,0.022,0.478894497252917,0.274,-31784.1858296159,65654.5137534844,20,2.38999999999999,TRUE,"",0.1,350,910350,920350,930350
"RDMM",7.77587139855129,0.964288256598621,0.009,0.815074371270417,0.074,-29396.8090682414,60872.8524754565,100,4.08000000000004,TRUE,"",0.1,350,910350,920350,930350
"DGMM",NA,0.000122537882441611,0.487,0.25173397010482,0.524,-31697.2711951846,65480.6844846218,18,2.17999999999995,TRUE,"",0.2,350,910350,920350,930350
"RDMM",4.77789420060657,0.898602504227217,0.026,0.529087509654221,0.249,-31360.5804575593,64800.3952540922,100,4.08000000000004,TRUE,"",0.2,350,910350,920350,930350
"DGMM",NA,-0.000362832259343482,0.49,8.70718538373238e-05,0.731,-33512.0632220687,69110.26853839,22,2.59000000000003,TRUE,"",0.3,350,910350,920350,930350
"RDMM",3.76436284738737,0.88725115120087,0.029,0.699736075527489,0.124,-32969.2768570882,68017.7880531499,150,6.02999999999997,TRUE,"",0.3,350,910350,920350,930350
"DGMM",NA,0.753177930617854,0.066,0.333481884154486,0.36,-38594.8631249159,79275.8683440844,15,1.81000000000006,TRUE,"",0.4,350,910350,920350,930350
"RDMM",3.27134210920877,0.864764631959972,0.035,0.669335687302008,0.139,-34585.4041611984,71250.0426613705,108,4.31999999999994,TRUE,"",0.4,350,910350,920350,930350
"DGMM",NA,0.672071748744341,0.09,0.329732234685314,0.361,-40035.6582346802,82157.458563613,6,0.779999999999973,TRUE,"",0.5,350,910350,920350,930350
"RDMM",3.09595195594803,0.853629494548855,0.038,0.631590883725055,0.158,-36150.7441001338,74380.7225392412,118,4.84000000000003,TRUE,"",0.5,350,910350,920350,930350
"DGMM",NA,1,0,0.562871600490287,0.218,-27449.9869987152,56986.1160916831,15,1.85000000000002,TRUE,"",0,351,910351,920351,930351
"RDMM",199.999949131995,1,0,0.859039754404878,0.056,-27206.7885200574,56492.8113790885,187,7.38,TRUE,"",0,351,910351,920351,930351
"DGMM",NA,0.774175826694987,0.06,0.370522438624549,0.529,-31451.6259710071,64989.3940362667,26,3.13999999999999,TRUE,"",0.1,351,910351,920351,930351
"RDMM",8.0259313760927,0.952528495403916,0.012,0.570059291962657,0.237,-29553.5780661447,61186.390471263,100,4.00999999999999,TRUE,"",0.1,351,910351,920351,930351
"DGMM",NA,-0.000562797892520575,0.495,-0.000491412180378638,0.725,-31948.8630159567,65983.8681261661,28,3.45000000000005,TRUE,"",0.2,351,910351,920351,930351
"RDMM",5.11432712877447,0.913849786653293,0.022,0.363758547579364,0.378,-31393.5026509173,64866.2396408083,172,7.04999999999995,TRUE,"",0.2,351,910351,920351,930351
"DGMM",NA,-0.00070455261271329,0.495,0.00134268748544135,0.726,-33697.4802439964,69481.1025822453,26,3.08000000000004,TRUE,"",0.3,351,910351,920351,930351
"RDMM",3.98008140182326,0.879723737711429,0.031,0.500393954173133,0.299,-33044.6306523068,68168.4956435872,145,5.80999999999995,TRUE,"",0.3,351,910351,920351,930351
"DGMM",NA,0.00039646834484492,0.482,0.000452555525697043,0.728,-35519.1735762474,73124.4892467473,30,3.63999999999999,TRUE,"",0.4,351,910351,920351,930351
"RDMM",3.46578608888448,0.831575482159804,0.044,0.49949960221297,0.258,-34748.3407504554,71575.9158398844,132,5.20999999999992,TRUE,"",0.4,351,910351,920351,930351
"DGMM",NA,0.000190832725161092,0.483,-0.00069278498732527,0.725,-37332.1426870994,76750.4274684513,29,3.47000000000003,TRUE,"",0.5,351,910351,920351,930351
"RDMM",3.03830121787661,0.827927915100122,0.045,0.619607222354263,0.164,-36371.5555513158,74822.3454416052,231,9.26999999999998,TRUE,"",0.5,351,910351,920351,930351
"DGMM",NA,0.99200800716736,0.002,0.65862068405215,0.152,-27365.1942655609,56816.5306253743,14,1.75,TRUE,"",0,352,910352,920352,930352
"RDMM",199.999946528702,0.992008007748549,0.002,0.853156321236517,0.058,-27149.1886317066,56377.6116023869,144,5.79000000000008,TRUE,"",0,352,910352,920352,930352
"DGMM",NA,0.944728726934353,0.014,0.492349545855062,0.31,-31965.2464697019,66016.6350336563,20,2.44999999999993,TRUE,"",0.1,352,910352,920352,930352
"RDMM",7.64379716017112,0.940840832697513,0.015,0.546890012390129,0.294,-29500.3669812232,61079.96830142,111,4.35000000000002,TRUE,"",0.1,352,910352,920352,930352
"DGMM",NA,-0.000787908318825067,0.496,0.00053429586509797,0.724,-31844.9453321157,65776.032758484,19,2.28000000000009,TRUE,"",0.2,352,910352,920352,930352
"RDMM",4.6993368632948,0.868492458166687,0.034,0.515273193056742,0.257,-31542.423841431,65164.0820218355,198,8.03999999999996,TRUE,"",0.2,352,910352,920352,930352
"DGMM",NA,-0.00091478047103466,0.499,0.000351246473872199,0.725,-33650.676564227,69387.4952227065,25,3.01999999999998,TRUE,"",0.3,352,910352,920352,930352
"RDMM",3.64937020505988,0.86104503042889,0.036,0.485721319782609,0.309,-33322.1188099615,68723.4719588966,218,8.68000000000006,TRUE,"",0.3,352,910352,920352,930352
"DGMM",NA,-0.000480172151824374,0.489,-0.000334326029462447,0.728,-35509.4514060214,73105.0449062954,19,2.27999999999997,TRUE,"",0.4,352,910352,920352,930352
"RDMM",3.17113561380396,0.813417453761717,0.049,0.430207216093935,0.35,-34927.2589559193,71933.7522508123,112,4.52999999999997,TRUE,"",0.4,352,910352,920352,930352
"DGMM",NA,0.000944709475199182,0.478,-0.000282446633532326,0.729,-37011.6707828061,76109.4836598649,25,3,TRUE,"",0.5,352,910352,920352,930352
"RDMM",2.99499577953209,0.791891979992812,0.055,0.403458078035277,0.361,-36503.9708823932,75087.1761037601,100,4.1400000000001,TRUE,"",0.5,352,910352,920352,930352
"DGMM",NA,0.984048042293841,0.004,0.698365410811673,0.133,-27004.0823236272,56094.306741507,44,5.33999999999992,TRUE,"",0,353,910353,920353,930353
"RDMM",199.999948052248,0.984048042293841,0.004,0.829850373640887,0.068,-26916.7631513199,55912.7606416134,161,6.38,TRUE,"",0,353,910353,920353,930353
"DGMM",NA,0.913849898328656,0.022,0.539187445513584,0.218,-31143.4491891085,64373.0404724695,13,1.68999999999994,TRUE,"",0.1,353,910353,920353,930353
"RDMM",8.37544360282689,0.952528504098332,0.012,0.609383264216549,0.191,-29185.5556108703,60450.3455607142,152,6.16999999999996,TRUE,"",0.1,353,910353,920353,930353
"DGMM",NA,0.580239243736932,0.119,0.255815395793512,0.515,-33470.9730210036,69028.0881362597,17,2.03000000000009,TRUE,"",0.2,353,910353,920353,930353
"RDMM",5.18544889584416,0.929225193568069,0.018,0.742046699580818,0.106,-30883.6187376007,63846.471814175,160,6.38,TRUE,"",0.2,353,910353,920353,930353
"DGMM",NA,-0.000833644262232974,0.499,-0.000904028302550514,0.74,-33225.8160572337,68537.7742087201,23,2.82999999999993,TRUE,"",0.3,353,910353,920353,930353
"RDMM",4.08796499542338,0.864764738422371,0.035,0.442523164604956,0.295,-32849.1449219965,67777.5241829665,100,4.17000000000007,TRUE,"",0.3,353,910353,920353,930353
"DGMM",NA,-0.000896821410212632,0.497,-0.00100881583737409,0.736,-35166.6004344515,72419.3429631557,23,2.75,TRUE,"",0.4,353,910353,920353,930353
"RDMM",3.42568781087419,0.827927828202032,0.045,0.46337518484127,0.319,-34563.6307259742,71206.495790922,120,4.81999999999994,TRUE,"",0.4,353,910353,920353,930353
"DGMM",NA,-0.000728365705628775,0.492,-0.00117588872081468,0.737,-37024.9394225324,76136.0209393175,22,2.65999999999997,TRUE,"",0.5,353,910353,920353,930353
"RDMM",3.01160958137738,0.781237114133917,0.058,0.471225013900877,0.289,-36289.5236399302,74658.2816188339,109,4.37,TRUE,"",0.5,353,910353,920353,930353
"DGMM",NA,0.988024023979096,0.003,0.682853541583841,0.137,-27402.4842412895,56891.1105768316,17,2.09000000000003,TRUE,"",0,354,910354,920354,930354
"RDMM",199.999950482285,0.992008007813125,0.002,0.870627426062067,0.051,-27219.9667987453,56519.1679364643,153,6.11000000000001,TRUE,"",0,354,910354,920354,930354
"DGMM",NA,0.770653862233749,0.061,0.362857323698026,0.343,-31598.7235379785,65283.5891702095,16,1.94999999999993,TRUE,"",0.1,354,910354,920354,930354
"RDMM",8.13299404909228,0.940840832185354,0.015,0.549584962877991,0.284,-29547.7975839151,61174.8295068039,121,4.88,TRUE,"",0.1,354,910354,920354,930354
"DGMM",NA,0.424521464943691,0.174,0.176928775837028,0.526,-34656.0833242209,71398.3087426945,17,2.06000000000006,TRUE,"",0.2,354,910354,920354,930354
"RDMM",4.95628605819222,0.898602590493448,0.026,0.758477908121732,0.098,-31352.0100093086,64783.2543575908,129,5.27999999999997,TRUE,"",0.2,354,910354,920354,930354
"DGMM",NA,0.000896472683962574,0.478,0.00061396883051145,0.725,-33525.5847784317,69137.311651116,25,3.01999999999998,TRUE,"",0.3,354,910354,920354,930354
"RDMM",4.01316259555865,0.875971963364087,0.032,0.740699934444996,0.105,-32934.2389414874,67947.7122219483,203,8.06000000000006,TRUE,"",0.3,354,910354,920354,930354
"DGMM",NA,-0.000444760963972063,0.488,0.197958319932953,0.582,-35647.2916351602,73380.725364573,25,3.04999999999995,TRUE,"",0.4,354,910354,920354,930354
"RDMM",3.32727025221867,0.820656620100834,0.047,0.492503533339225,0.256,-34775.4501146492,71630.1345682721,114,4.67999999999995,TRUE,"",0.4,354,910354,920354,930354
"DGMM",NA,-0.000909165457768147,0.495,-0.00134007671199955,0.737,-37272.4488197481,76631.0397337489,25,3.07000000000005,TRUE,"",0.5,354,910354,920354,930354
"RDMM",3.04031848602077,0.784780749292381,0.057,0.435114635414078,0.309,-36485.9578826586,75051.1501042908,102,4.21000000000004,TRUE,"",0.5,354,910354,920354,930354
"DGMM",NA,1,0,0.832905956461246,0.067,-27157.0826287582,56400.3073517689,24,2.93999999999994,TRUE,"",0,355,910355,920355,930355
"RDMM",199.999953416674,1,0,0.856164731526901,0.057,-27128.8391645079,56336.9126679894,100,4.0200000000001,TRUE,"",0,355,910355,920355,930355
"DGMM",NA,0.968224229878905,0.008,0.511098766067617,0.238,-31281.1482625831,64648.4386194188,14,1.79999999999995,TRUE,"",0.1,355,910355,920355,930355
"RDMM",8.45373777419509,0.984048043981742,0.004,0.813677750752163,0.075,-29310.634008273,60700.5023555196,126,5.00999999999999,TRUE,"",0.1,355,910355,920355,930355
"DGMM",NA,0.929225182675278,0.018,0.627723740507789,0.166,-33454.538335348,68995.2187649487,16,1.95000000000005,TRUE,"",0.2,355,910355,920355,930355
"RDMM",5.75560025163526,0.960360346061502,0.01,0.773806554199123,0.092,-30882.8314812179,63844.8973014094,129,5.13999999999999,TRUE,"",0.2,355,910355,920355,930355
"DGMM",NA,0.419353559729141,0.176,0.200531475567256,0.434,-35566.7157761986,73219.5736466499,19,2.36000000000001,TRUE,"",0.3,355,910355,920355,930355
"RDMM",4.27978929669514,0.894810820676239,0.027,0.715799387086722,0.117,-32668.8710382774,67416.9764155285,111,4.5,TRUE,"",0.3,355,910355,920355,930355
"DGMM",NA,0.749706210706777,0.067,0.310078398132072,0.437,-37949.0272806218,77984.1966554962,17,2.03999999999996,TRUE,"",0.4,355,910355,920355,930355
"RDMM",3.60081614135765,0.849934069263796,0.039,0.65380081122658,0.146,-34350.6676525443,70780.5696440622,145,5.85000000000014,TRUE,"",0.4,355,910355,920355,930355
"DGMM",NA,0.000788676128101256,0.479,-0.000301005747918003,0.725,-36750.2541532474,75586.6504007473,27,3.27999999999997,TRUE,"",0.5,355,910355,920355,930355
"RDMM",3.25916410711297,0.835231421028595,0.043,0.642472165250715,0.151,-36022.8120089132,74124.8583567999,174,7.03999999999996,TRUE,"",0.5,355,910355,920355,930355
"DGMM",NA,1,0,0.83459903075971,0.067,-27023.2796964981,56132.7014872489,21,2.51999999999998,TRUE,"",0,356,910356,920356,930356
"RDMM",199.999952356712,1,0,0.850531118612859,0.06,-27004.454568042,56088.1434750576,100,4.1400000000001,TRUE,"",0,356,910356,920356,930356
"DGMM",NA,0.948624590154745,0.013,0.728209626887254,0.114,-31459.666989682,65005.4760736165,21,2.5,TRUE,"",0.1,356,910356,920356,930356
"RDMM",7.87703307678405,0.952528485889829,0.012,0.781639309495375,0.089,-29301.4161056036,60682.0665501809,100,4.16999999999985,TRUE,"",0.1,356,910356,920356,930356
"DGMM",NA,-0.000388551364337693,0.493,0.261534112850275,0.527,-31655.3844524638,65396.9109991802,29,3.45000000000005,TRUE,"",0.2,356,910356,920356,930356
"RDMM",4.79602018019245,0.921521451032443,0.02,0.721557460907916,0.116,-31252.8124226428,64584.8591842592,211,8.52999999999997,TRUE,"",0.2,356,910356,920356,930356
"DGMM",NA,-0.000615634937645789,0.494,-0.000776814787314232,0.74,-33332.3714639345,68750.8850221215,28,3.31999999999994,TRUE,"",0.3,356,910356,920356,930356
"RDMM",3.94175373713176,0.872228114846797,0.033,0.507236481877186,0.295,-32981.4184552627,68042.0712494991,159,6.31000000000017,TRUE,"",0.3,356,910356,920356,930356
"DGMM",NA,-0.000872995576094807,0.499,-0.00123416603438348,0.745,-35229.6974678883,72545.5370300292,24,2.91999999999985,TRUE,"",0.4,356,910356,920356,930356
"RDMM",3.25088340142911,0.835231092151884,0.043,0.546660501443475,0.21,-34645.2183238097,71369.6709865931,100,4.06000000000017,TRUE,"",0.4,356,910356,920356,930356
"DGMM",NA,-0.000167730778945027,0.486,-0.000796157432745224,0.74,-37135.8825078735,76357.9071099996,29,3.47000000000003,TRUE,"",0.5,356,910356,920356,930356
"RDMM",2.96742892770214,0.80621010535406,0.051,0.59686170990766,0.173,-36287.1695006341,74653.5733402417,168,6.80999999999995,TRUE,"",0.5,356,910356,920356,930356
"DGMM",NA,0.992008008003395,0.002,0.851376034191481,0.059,-27180.0289766949,56446.2000476423,20,2.43000000000006,TRUE,"",0,357,910357,920357,930357
"RDMM",175.522540200431,0.992008008003395,0.002,0.870925611211108,0.051,-27144.4420493036,56368.1184375809,100,4.05999999999995,TRUE,"",0,357,910357,920357,930357
"DGMM",NA,0.956440440779838,0.011,0.771170186033646,0.094,-31029.2700943204,64144.6822828935,21,2.53999999999996,TRUE,"",0.1,357,910357,920357,930357
"RDMM",8.70890268479974,0.96822422438928,0.008,0.829455261643015,0.068,-29252.8385792755,60584.9114975246,100,4.1099999999999,TRUE,"",0.1,357,910357,920357,930357
"DGMM",NA,0.649285142278107,0.097,0.398256532092737,0.303,-34781.234268544,71648.6106313407,12,1.50999999999999,TRUE,"",0.2,357,910357,920357,930357
"RDMM",4.98924305033352,0.944728728696829,0.014,0.7633444285232,0.097,-31224.7157096485,64528.6657582707,100,4.09000000000015,TRUE,"",0.2,357,910357,920357,930357
"DGMM",NA,0.000438697072867855,0.481,0.269622963984501,0.495,-33448.269876959,68982.6818481707,22,2.79999999999995,TRUE,"",0.3,357,910357,920357,930357
"RDMM",3.92386781458793,0.913849848606803,0.022,0.715076291386342,0.119,-33002.7491877209,68084.7327144154,102,4.16000000000008,TRUE,"",0.3,357,910357,920357,930357
"DGMM",NA,-0.000747373334442141,0.492,0.174625728168453,0.556,-35275.6967913178,72637.5356768883,22,2.63999999999987,TRUE,"",0.4,357,910357,920357,930357
"RDMM",3.378855120912,0.857333330712158,0.037,0.671394894821065,0.139,-34699.5043340147,71478.243007003,172,6.8900000000001,TRUE,"",0.4,357,910357,920357,930357
"DGMM",NA,-0.000857359988751621,0.494,-0.00116322645364019,0.727,-36986.7507709903,76059.6436362331,22,2.64999999999986,TRUE,"",0.5,357,910357,920357,930357
"RDMM",3.07298505667712,0.853629628587732,0.038,0.652464346069471,0.148,-36342.5734846642,74764.3813083021,110,4.44000000000005,TRUE,"",0.5,357,910357,920357,930357
"DGMM",NA,0.984048037868469,0.004,0.570443977603265,0.22,-27334.9446829222,56756.031460097,16,1.94000000000005,TRUE,"",0,358,910358,920358,930358
"RDMM",199.999949634229,0.984048037868469,0.004,0.616792913376186,0.203,-27202.6509808153,56484.5363006043,130,5.24000000000001,TRUE,"",0,358,910358,920358,930358
"DGMM",NA,0.898602604416781,0.026,0.438395242431612,0.388,-31581.761769389,65249.6656330306,33,3.95000000000005,TRUE,"",0.1,358,910358,920358,930358
"RDMM",7.71038704515812,0.956440411214517,0.011,0.762452268655441,0.097,-29411.6954451249,60902.6252292233,133,5.31999999999994,TRUE,"",0.1,358,910358,920358,930358
"DGMM",NA,0.611148120836083,0.109,0.266154965313777,0.513,-34103.2669576185,70292.6760094896,15,1.81999999999994,TRUE,"",0.2,358,910358,920358,930358
"RDMM",4.95424119566012,0.898602528221231,0.026,0.535851292448054,0.242,-31301.1755377617,64681.5854144969,111,4.5300000000002,TRUE,"",0.2,358,910358,920358,930358
"DGMM",NA,0.000487841508747696,0.482,0.00294670191698572,0.717,-33653.4502141577,69393.042522568,28,3.30999999999995,TRUE,"",0.3,358,910358,920358,930358
"RDMM",3.75620826229539,0.857333278453303,0.037,0.654171173941061,0.147,-33050.6605840363,68180.5555070463,130,5.3599999999999,TRUE,"",0.3,358,910358,920358,930358
"DGMM",NA,0.715431362697054,0.077,0.298654312627825,0.485,-38728.0062412768,79542.1545768062,15,1.84000000000015,TRUE,"",0.4,358,910358,920358,930358
"RDMM",3.31614730456369,0.827927947939301,0.045,0.631668783684468,0.157,-34579.9840505403,71239.2024400541,118,5.37999999999988,TRUE,"",0.4,358,910358,920358,930358
"DGMM",NA,0.00195124773660387,0.473,0.00562056244824048,0.709,-36919.2772580007,75924.6966102539,25,2.98000000000002,TRUE,"",0.5,358,910358,920358,930358
"RDMM",3.16154965553986,0.784780805810015,0.057,0.568544426953563,0.191,-36136.5971872469,74352.4287134674,144,6.1400000000001,TRUE,"",0.5,358,910358,920358,930358
"DGMM",NA,1,0,0.588336958932288,0.207,-27383.5218965003,56853.1858872531,14,1.8599999999999,TRUE,"",0,359,910359,920359,930359
"RDMM",199.999914193603,1,0,0.853886147585415,0.058,-27112.9389991567,56305.1123372871,144,5.74000000000001,TRUE,"",0,359,910359,920359,930359
"DGMM",NA,0.80980946561941,0.05,0.539897556232933,0.218,-31412.5840125658,64911.3101193843,21,2.60000000000014,TRUE,"",0.1,359,910359,920359,930359
"RDMM",8.05014998985661,0.980079999676493,0.005,0.817859600442243,0.073,-29381.361500441,60841.9573398557,100,4.00999999999999,TRUE,"",0.1,359,910359,920359,930359
"DGMM",NA,-0.00200905549114811,0.497,-0.00149325020070847,0.727,-31729.5290815919,65545.2002574364,39,4.67999999999984,TRUE,"",0.2,359,910359,920359,930359
"RDMM",4.92069272749823,0.936960894661575,0.016,0.780879862408276,0.089,-31421.7622173344,64922.7587736425,154,6.3900000000001,TRUE,"",0.2,359,910359,920359,930359
"DGMM",NA,9.67892756304189e-05,0.479,-0.000873901816259253,0.716,-33988.9629721377,70064.0680385279,33,4.11999999999989,TRUE,"",0.3,359,910359,920359,930359
"RDMM",3.94593691691511,0.910025570789769,0.023,0.680975958398306,0.136,-33113.4893780251,68306.2130950237,300,11.9200000000001,TRUE,"",0.3,359,910359,920359,930359
"DGMM",NA,0.00255646408370361,0.469,1.38258260895491e-05,0.717,-35541.1057554789,73168.3536052104,31,3.75,TRUE,"",0.4,359,910359,920359,930359
"RDMM",3.41721181212116,0.883482831023483,0.03,0.648981986243622,0.149,-34742.9817281234,71565.1977952204,110,4.45000000000005,TRUE,"",0.4,359,910359,920359,930359
"DGMM",NA,0.00229552415712451,0.471,0.000306246983012294,0.715,-37175.9902141073,76438.1225224672,42,5.23000000000002,TRUE,"",0.5,359,910359,920359,930359
"RDMM",3.1555725686549,0.879722841658689,0.031,0.640215098718135,0.153,-36414.0164031778,74907.2671453292,100,4.05999999999995,TRUE,"",0.5,359,910359,920359,930359
"DGMM",NA,0.995999996383551,0.001,0.863485650501319,0.054,-27028.1653085199,56142.4727112924,23,2.83000000000015,TRUE,"",0,360,910360,920360,930360
"RDMM",199.999913614446,0.995999996383551,0.001,0.863536332502489,0.054,-27024.1272496477,56127.4888382691,100,4.01999999999998,TRUE,"",0,360,910360,920360,930360
"DGMM",NA,0.956440412823515,0.011,0.652794931415561,0.154,-31003.9688595639,64094.0798133804,15,1.82999999999993,TRUE,"",0.1,360,910360,920360,930360
"RDMM",8.59959466140791,0.968224196329809,0.008,0.692274802790771,0.137,-29234.1896771713,60547.6136933162,125,5.06999999999994,TRUE,"",0.1,360,910360,920360,930360
"DGMM",NA,0.642857606936598,0.099,0.316218796588734,0.405,-33166.8695805799,68419.8812554124,12,1.45000000000005,TRUE,"",0.2,360,910360,920360,930360
"RDMM",5.37076198297251,0.91768160478615,0.021,0.539300166775968,0.3,-31039.5275689249,64158.2894768233,100,4.08000000000015,TRUE,"",0.2,360,910360,920360,930360
"DGMM",NA,0.472857329425062,0.156,0.269922852779346,0.396,-35372.8003228485,72831.7427399497,16,1.91999999999985,TRUE,"",0.3,360,910360,920360,930360
"RDMM",4.20487732886837,0.883483375953925,0.03,0.59414416870006,0.184,-32751.5282485526,67582.2908360788,100,4.00999999999999,TRUE,"",0.3,360,910360,920360,930360
"DGMM",NA,-0.000701044427441438,0.493,-0.000723695331523674,0.73,-34954.3226528014,71994.7873998554,22,2.61000000000013,TRUE,"",0.4,360,910360,920360,930360
"RDMM",3.53248061636738,0.883483374205475,0.03,0.524612534745934,0.259,-34466.6488742231,71012.5320874198,100,4.07999999999993,TRUE,"",0.4,360,910360,920360,930360
"DGMM",NA,-0.000189402925043148,0.486,-0.000497576434132079,0.726,-36736.6822453518,75559.5065849562,26,3.10000000000014,TRUE,"",0.5,360,910360,920360,930360
"RDMM",3.24028633649583,0.853629494548855,0.038,0.638521084693007,0.154,-36094.4388817066,74268.1121023869,160,6.39999999999986,TRUE,"",0.5,360,910360,920360,930360
"DGMM",NA,1,0,0.723058595107334,0.118,-27466.3206662643,57018.7834267813,15,1.87000000000012,TRUE,"",0,361,910361,920361,930361
"RDMM",199.999946195739,1,0,0.851936485201359,0.059,-27294.7284380118,56668.6912149972,146,5.91999999999985,TRUE,"",0,361,910361,920361,930361
"DGMM",NA,0.520821955589643,0.139,0.43323123318816,0.329,-31713.0766712629,65512.2954367784,16,1.92999999999984,TRUE,"",0.1,361,910361,920361,930361
"RDMM",8.05839600706961,0.984048032191744,0.004,0.816481210822879,0.074,-29478.2878174003,61035.8099737742,112,4.85000000000014,TRUE,"",0.1,361,910361,920361,930361
"DGMM",NA,-0.00056965751411846,0.5,-0.000583581307525315,0.736,-31709.1955982719,65504.5332907964,27,3.18999999999983,TRUE,"",0.2,361,910361,920361,930361
"RDMM",5.26078212781715,0.952528485889829,0.012,0.760750647334228,0.1,-31264.2855977258,64607.8055344252,198,8.20000000000005,TRUE,"",0.2,361,910361,920361,930361
"DGMM",NA,-0.000365790310542491,0.49,-0.000716183976807555,0.732,-34190.1417628635,70466.4256199795,22,2.98000000000002,TRUE,"",0.3,361,910361,920361,930361
"RDMM",3.86219030634661,0.913849772470104,0.022,0.731404189597251,0.112,-33142.9894131578,68365.2131652892,142,6.02999999999997,TRUE,"",0.3,361,910361,920361,930361
"DGMM",NA,-0.000654662669698118,0.492,-0.000438631907906715,0.734,-35350.5536137329,72787.2493217183,34,4.11000000000013,TRUE,"",0.4,361,910361,920361,930361
"RDMM",3.3583648102104,0.879723605609048,0.031,0.499787317264562,0.301,-34810.6612528391,71700.5568446519,163,6.58999999999992,TRUE,"",0.4,361,910361,920361,930361
"DGMM",NA,0.784781559168601,0.057,0.40094290192844,0.49,-39285.0507977016,80656.2436896558,27,3.22000000000003,TRUE,"",0.5,361,910361,920361,930361
"RDMM",3.17421125796311,0.82792775620069,0.045,0.47307390962025,0.316,-36253.9795675812,74587.193474136,117,4.72000000000003,TRUE,"",0.5,361,910361,920361,930361
"DGMM",NA,0.984048034044602,0.004,0.831405107394791,0.067,-27184.5297978163,56455.2016898852,18,2.19000000000005,TRUE,"",0,362,910362,920362,930362
"RDMM",199.999947911885,0.980080065806723,0.005,0.835930571556544,0.065,-27140.568120455,56360.3705798836,100,4.04999999999995,TRUE,"",0,362,910362,920362,930362
"DGMM",NA,0.799034673906747,0.053,0.542211019752434,0.203,-31562.0450657391,65210.2322257307,15,1.82999999999993,TRUE,"",0.1,362,910362,920362,930362
"RDMM",7.72829291306158,0.964288250909933,0.009,0.781846115086032,0.089,-29433.8722749375,60946.9788888486,104,4.30999999999995,TRUE,"",0.1,362,910362,920362,930362
"DGMM",NA,0.617404814497861,0.107,0.358480007571284,0.332,-33808.1277577883,69702.3976098292,16,1.91000000000008,TRUE,"",0.2,362,910362,920362,930362
"RDMM",5.0984690409111,0.917681669637813,0.021,0.752553523541478,0.101,-31160.3538921566,64399.9421232869,129,5.43000000000006,TRUE,"",0.2,362,910362,920362,930362
"DGMM",NA,0.00761394885232548,0.453,0.00379962488932636,0.707,-33433.958098223,68954.0582906985,30,3.62999999999988,TRUE,"",0.3,362,910362,920362,930362
"RDMM",3.90578494443544,0.894810767008287,0.027,0.696430258202092,0.127,-32950.7522444894,67980.7388279525,117,4.69000000000005,TRUE,"",0.3,362,910362,920362,930362
"DGMM",NA,0.00379298547158484,0.465,0.00132139123931805,0.714,-35180.6404236851,72447.4229416229,29,3.55999999999995,TRUE,"",0.4,362,910362,920362,930362
"RDMM",3.42460241239326,0.857333402375892,0.037,0.627755859657075,0.164,-34604.9403989151,71289.1151368038,106,4.25,TRUE,"",0.4,362,910362,920362,930362
"DGMM",NA,0.695251526777795,0.083,0.311683196249997,0.402,-40119.403759255,82324.9496127626,6,0.779999999999973,TRUE,"",0.5,362,910362,920362,930362
"RDMM",3.18196188597794,0.820656178290018,0.047,0.422728790559397,0.343,-36274.1223198341,74627.4789786417,117,4.72999999999979,TRUE,"",0.5,362,910362,920362,930362
"DGMM",NA,0.988024017080169,0.003,0.837195829502554,0.065,-27158.5391715609,56403.2204373744,35,4.19999999999982,TRUE,"",0,363,910363,920363,930363
"RDMM",199.999953546708,0.988024017080169,0.003,0.854078815794806,0.058,-27145.8158326224,56370.8660042183,100,4.04000000000019,TRUE,"",0,363,910363,920363,930363
"DGMM",NA,0.80262022243569,0.052,0.551972062283065,0.201,-31558.4164145277,65202.974923308,19,2.26999999999998,TRUE,"",0.1,363,910363,920363,930363
"RDMM",7.75860237264987,0.940840803333711,0.015,0.756484700415485,0.1,-29421.2531791862,60921.7406973461,142,5.80999999999995,TRUE,"",0.1,363,910363,920363,930363
"DGMM",NA,0.608015781139973,0.11,0.300794819544421,0.523,-33809.1590961584,69704.4602865693,36,4.28999999999996,TRUE,"",0.2,363,910363,920363,930363
"RDMM",5.108281806703,0.90621017742929,0.024,0.730054906403591,0.111,-31264.8593072313,64608.9529534362,129,5.12000000000012,TRUE,"",0.2,363,910363,920363,930363
"DGMM",NA,0.00113209445582033,0.478,-0.000152938606538447,0.728,-33828.7993631804,69743.7408206135,46,5.72000000000003,TRUE,"",0.3,363,910363,920363,930363
"RDMM",4.14570021167949,0.853629578471019,0.038,0.463401425800043,0.3,-33010.2608504256,68099.7560398248,159,6.55999999999995,TRUE,"",0.3,363,910363,920363,930363
"DGMM",NA,-1.29912401137598e-05,0.485,-0.000849857190675607,0.734,-35403.3486727957,72892.8394398439,24,3,TRUE,"",0.4,363,910363,920363,930363
"RDMM",3.38275574420927,0.849933872945196,0.039,0.565362052465761,0.197,-34795.053992589,71669.3423241516,123,4.95000000000005,TRUE,"",0.4,363,910363,920363,930363
"DGMM",NA,0.000635732925810533,0.48,0.000106624381029728,0.726,-37099.7724481582,76285.686990569,19,2.34999999999991,TRUE,"",0.5,363,910363,920363,930363
"RDMM",3.14194227056505,0.827927818833585,0.045,0.536717986138302,0.216,-36338.8627339847,74756.9598069431,114,4.6400000000001,TRUE,"",0.5,363,910363,920363,930363
"DGMM",NA,1,0,0.641337878566592,0.161,-27220.3586277435,56526.8593497397,11,1.3599999999999,TRUE,"",0,364,910364,920364,930364
"RDMM",199.999951556174,1,0,0.823424128719723,0.071,-27020.4940008869,56120.2223407474,173,6.96000000000004,TRUE,"",0,364,910364,920364,930364
"DGMM",NA,0.956440414357091,0.011,0.569490696751325,0.199,-31322.4936534508,64731.1294011542,15,1.8900000000001,TRUE,"",0.1,364,910364,920364,930364
"RDMM",8.17476984169185,0.952528511404562,0.012,0.776313445127952,0.091,-29253.9832867531,60587.2009124798,132,5.24000000000001,TRUE,"",0.1,364,910364,920364,930364
"DGMM",NA,0.668797819361613,0.091,0.326514519511621,0.533,-33356.2627144009,68798.6675230544,33,3.9699999999998,TRUE,"",0.2,364,910364,920364,930364
"RDMM",5.19560473693028,0.925369346217438,0.019,0.721971796949559,0.115,-31003.3878355789,64086.0100101315,100,4.00999999999999,TRUE,"",0.2,364,910364,920364,930364
"DGMM",NA,-0.000166064137761334,0.487,0.00744212228762731,0.706,-33193.3506274485,68472.8433491495,25,3.06000000000017,TRUE,"",0.3,364,910364,920364,930364
"RDMM",4.21606111633656,0.92152148113422,0.02,0.752024597428354,0.101,-32665.3308143855,67409.8959677446,119,4.62999999999988,TRUE,"",0.3,364,910364,920364,930364
"DGMM",NA,0.604890575426426,0.111,0.396600773124143,0.303,-38047.6056755319,78181.3534453165,6,0.759999999999991,TRUE,"",0.4,364,910364,920364,930364
"RDMM",3.53478560269434,0.883483423520704,0.03,0.666429895387087,0.14,-34371.6265403109,70822.4874195954,108,4.28999999999996,TRUE,"",0.4,364,910364,920364,930364
"DGMM",NA,0.000172926785850567,0.483,-0.000866622543812806,0.733,-36377.5250189128,74841.1921320783,24,3,TRUE,"",0.5,364,910364,920364,930364
"RDMM",3.28005394918115,0.842566472295843,0.041,0.453168011279401,0.304,-35924.4802008628,73928.1947406993,100,3.95000000000005,TRUE,"",0.5,364,910364,920364,930364
"DGMM",NA,0.995999998932265,0.001,0.664642176421752,0.16,-27208.257073888,56502.6562420285,15,1.97000000000003,TRUE,"",0,365,910365,920365,930365
"RDMM",180.461320820001,0.995999998932265,0.001,0.821693609437231,0.072,-27032.8311351749,56144.8966093235,114,4.71000000000004,TRUE,"",0,365,910365,920365,930365
"DGMM",NA,-0.000632036872007554,0.487,-0.00154875526278892,0.724,-29645.4603120432,61377.0627183391,28,3.48000000000002,TRUE,"",0.1,365,910365,920365,930365
"RDMM",7.4394717486351,0.956440407418287,0.011,0.803786798044966,0.079,-29301.5297659747,60682.2938709231,100,4.04999999999995,TRUE,"",0.1,365,910365,920365,930365
"DGMM",NA,0.00216872052782937,0.471,-0.00125334445936708,0.72,-31583.2367162243,65252.6155267012,21,2.58000000000015,TRUE,"",0.2,365,910365,920365,930365
"RDMM",4.79284054705592,0.906210178331476,0.024,0.750551919748057,0.101,-31160.5704099126,64400.3751587988,113,4.55999999999995,TRUE,"",0.2,365,910365,920365,930365
"DGMM",NA,0.00408224938975831,0.464,0.000680961193138134,0.711,-33264.9195212202,68615.9811366931,25,3,TRUE,"",0.3,365,910365,920365,930365
"RDMM",3.76185560409282,0.868492447793674,0.034,0.690217094549388,0.128,-32917.5674570635,67914.3692531007,170,6.73000000000002,TRUE,"",0.3,365,910365,920365,930365
"DGMM",NA,0.00232470435148448,0.471,0.000326364450524895,0.718,-35035.2774321055,72156.6969584635,37,4.37999999999988,TRUE,"",0.4,365,910365,920365,930365
"RDMM",3.20672282826688,0.791891982995568,0.055,0.465283555970209,0.32,-34744.047253895,71567.3288467636,103,4.19000000000005,TRUE,"",0.4,365,910365,920365,930365
"DGMM",NA,0.659003149247454,0.094,0.295056127005021,0.4,-40209.5912422685,82505.3245787897,13,1.55999999999995,TRUE,"",0.5,365,910365,920365,930365
"RDMM",2.99574268925858,0.739339417731756,0.07,0.424262883379546,0.343,-36449.3762642065,74977.9868673867,102,4.11999999999989,TRUE,"",0.5,365,910365,920365,930365
"DGMM",NA,0.992008002213415,0.002,0.84650524077691,0.061,-27062.4981989016,56211.1384920557,22,2.65000000000009,TRUE,"",0,366,910366,920366,930366
"RDMM",199.999953767085,0.992008002213415,0.002,0.868403095001072,0.052,-27041.0217570447,56161.2778530631,100,4.04999999999995,TRUE,"",0,366,910366,920366,930366
"DGMM",NA,0.952528508794868,0.012,0.61998898112745,0.172,-31598.8924286087,65283.9269514701,13,1.72000000000003,TRUE,"",0.1,366,910366,920366,930366
"RDMM",8.11685494720135,0.964288271026444,0.009,0.831767232700666,0.067,-29317.503248545,60714.2408360636,100,3.96000000000004,TRUE,"",0.1,366,910366,920366,930366
"DGMM",NA,0.910026069516387,0.023,0.4416582248288,0.293,-34669.6702698945,71425.4826340416,16,1.94999999999982,TRUE,"",0.2,366,910366,920366,930366
"RDMM",5.01253442401476,0.93696092012987,0.016,0.778752004756807,0.09,-31227.4587380107,64534.1518149951,100,4.17999999999984,TRUE,"",0.2,366,910366,920366,930366
"DGMM",NA,0.000485680618524974,0.482,-0.000786959879583396,0.736,-33336.4875028334,68759.1170999194,22,2.66000000000008,TRUE,"",0.3,366,910366,920366,930366
"RDMM",3.97388660304195,0.91002597209792,0.023,0.728678676889033,0.112,-32878.1121670978,67835.4586731691,100,4.17000000000007,TRUE,"",0.3,366,910366,920366,930366
"DGMM",NA,0.701945721197715,0.081,0.320479186282823,0.499,-38448.4462949923,78983.0346842371,11,1.36999999999989,TRUE,"",0.4,366,910366,920366,930366
"RDMM",3.39553595833505,0.894810731492701,0.027,0.703791211422516,0.123,-34542.2138742589,71163.6620874913,146,5.77999999999997,TRUE,"",0.4,366,910366,920366,930366
"DGMM",NA,0.655756760784958,0.095,0.317777337072206,0.386,-39849.3210147881,81784.7841238289,6,0.789999999999964,TRUE,"",0.5,366,910366,920366,930366
"RDMM",3.16218364722321,0.864764655817763,0.035,0.662043582888526,0.143,-36122.3900849787,74324.014508931,172,6.84000000000015,TRUE,"",0.5,366,910366,920366,930366
"DGMM",NA,0.992008000992225,0.002,0.854180785043926,0.058,-27138.7343447803,56363.6107838132,15,1.84999999999991,TRUE,"",0,367,910367,920367,930367
"RDMM",175.233834093651,0.992008000992225,0.002,0.851478601667017,0.059,-27115.7042492329,56310.6428374394,100,4.05999999999995,TRUE,"",0,367,910367,920367,930367
"DGMM",NA,0.929225244873072,0.018,0.712511805462013,0.12,-31290.548492834,64667.2390799206,23,2.75,TRUE,"",0.1,367,910367,920367,930367
"RDMM",8.33567481853247,0.948624592052443,0.013,0.783298605898099,0.088,-29295.5515182692,60670.3373755119,100,4.02999999999997,TRUE,"",0.1,367,910367,920367,930367
"DGMM",NA,0.861044933489022,0.036,0.438690523277181,0.487,-34349.3702250931,70784.8825444387,27,3.22000000000003,TRUE,"",0.2,367,910367,920367,930367
"RDMM",4.84929377412963,0.894810759905172,0.027,0.483505744903867,0.328,-31327.474982036,64734.1843030457,100,4.03999999999996,TRUE,"",0.2,367,910367,920367,930367
"DGMM",NA,0.000170378170653989,0.485,0.000123003228978724,0.73,-33629.6160680475,69345.3742303476,24,2.8599999999999,TRUE,"",0.3,367,910367,920367,930367
"RDMM",3.83828764033245,0.838894898521209,0.042,0.486549810298753,0.298,-33025.5032448378,68130.2408286492,100,4.11000000000013,TRUE,"",0.3,367,910367,920367,930367
"DGMM",NA,-0.000592516299859272,0.492,0.00194731312198489,0.721,-35638.503318702,73363.1487316566,18,2.20999999999981,TRUE,"",0.4,367,910367,920367,930367
"RDMM",3.35567660647566,0.827927953103526,0.045,0.462818966260465,0.274,-34786.0534117074,71651.3411623885,159,6.30000000000018,TRUE,"",0.4,367,910367,920367,930367
"DGMM",NA,-0.000365782054707654,0.488,0.00313989787598856,0.722,-37330.3388005689,76746.8196953905,37,4.52999999999997,TRUE,"",0.5,367,910367,920367,930367
"RDMM",3.10712371263161,0.7671430505455,0.062,0.270883611190357,0.466,-36475.8400514484,75030.9144418705,117,4.79999999999995,TRUE,"",0.5,367,910367,920367,930367
"DGMM",NA,0.995999999719503,0.001,0.812222049434749,0.076,-27143.2475103862,56372.637115025,12,1.51999999999998,TRUE,"",0,368,910368,920368,930368
"RDMM",184.60337651183,0.99200800716736,0.002,0.846433602100117,0.061,-27097.7257272405,56274.6857934546,100,4.02999999999997,TRUE,"",0,368,910368,920368,930368
"DGMM",NA,0.940840826551603,0.015,0.589118895696323,0.192,-31865.4658392071,65817.0737726669,27,3.22000000000003,TRUE,"",0.1,368,910368,920368,930368
"RDMM",8.0353963403215,0.968224223192627,0.008,0.771888479363226,0.093,-29333.8931819584,60747.0207028905,100,4.12000000000012,TRUE,"",0.1,368,910368,920368,930368
"DGMM",NA,0.891027015564566,0.028,0.501711161270291,0.298,-34932.6090998934,71951.3602940394,27,3.30999999999995,TRUE,"",0.2,368,910368,920368,930368
"RDMM",4.97433445383739,0.940840836692353,0.015,0.727262779116216,0.113,-31182.329526172,64443.8933913177,114,4.59999999999991,TRUE,"",0.2,368,910368,920368,930368
"DGMM",NA,-0.000775305487721747,0.494,-0.000857918077005193,0.727,-33260.7433682078,68607.6288306682,51,6.21000000000004,TRUE,"",0.3,368,910368,920368,930368
"RDMM",3.91814762054418,0.910026008500048,0.023,0.735655702952509,0.108,-32796.2117816352,67671.657902244,118,4.77999999999997,TRUE,"",0.3,368,910368,920368,930368
"DGMM",NA,-0.000177668341181823,0.486,0.178142690198201,0.56,-34897.0121484437,71880.16639114,36,4.33000000000015,TRUE,"",0.4,368,910368,920368,930368
"RDMM",3.51992909747983,0.883483453070594,0.03,0.670166054073677,0.138,-34268.2204264383,70615.6751918502,168,6.69999999999982,TRUE,"",0.4,368,910368,920368,930368
"DGMM",NA,-0.000309497563372843,0.487,-0.000978596310863221,0.729,-36696.2941459322,75478.730386117,35,4.23000000000002,TRUE,"",0.5,368,910368,920368,930368
"RDMM",3.30200959642001,0.835231178595075,0.043,0.520319961497837,0.221,-35961.7862364446,74002.8068118628,115,4.58000000000015,TRUE,"",0.5,368,910368,920368,930368
"DGMM",NA,0.972168168063757,0.007,0.663631812340112,0.161,-27569.9153463015,57225.9727868557,18,2.36999999999989,TRUE,"",0,369,910369,920369,930369
"RDMM",199.999947485367,0.976120120493392,0.006,0.872299159291119,0.05,-27364.5446245548,56808.3235880832,219,8.85000000000014,TRUE,"",0,369,910369,920369,930369
"DGMM",NA,0.92922523411986,0.018,0.739909840155871,0.107,-31396.2370786769,64878.6162516064,21,2.53999999999996,TRUE,"",0.1,369,910369,920369,930369
"RDMM",8.26848102479517,0.929225226331523,0.018,0.804020936509014,0.079,-29492.5616944532,61064.3577278801,100,4.04999999999995,TRUE,"",0.1,369,910369,920369,930369
"DGMM",NA,0.913849843870793,0.022,0.456615379156892,0.493,-34255.5673566429,70597.2768075385,23,2.77999999999997,TRUE,"",0.2,369,910369,920369,930369
"RDMM",5.25867484440247,0.913849851196484,0.022,0.765829051622531,0.096,-31342.3718229405,64763.9779848546,119,4.95000000000005,TRUE,"",0.2,369,910369,920369,930369
"DGMM",NA,-0.000717526029441089,0.491,-2.37361343210508e-05,0.726,-34291.003263434,70668.1486211206,27,3.18000000000006,TRUE,"",0.3,369,910369,920369,930369
"RDMM",4.11568611192703,0.894810805943866,0.027,0.765656544783859,0.096,-33041.0033873452,68161.241113664,119,4.82999999999993,TRUE,"",0.3,369,910369,920369,930369
"DGMM",NA,-0.00101492858673221,0.499,-0.00114877027542464,0.731,-35329.7029167028,72745.5479276582,50,5.97000000000003,TRUE,"",0.4,369,910369,920369,930369
"RDMM",3.47227935086403,0.868492461658091,0.034,0.489491341991359,0.268,-34851.5845023747,71782.4033437231,102,4.15999999999985,TRUE,"",0.4,369,910369,920369,930369
"DGMM",NA,0.67207208868006,0.09,0.313956013743172,0.374,-39932.2732397346,81950.6885737219,6,0.800000000000182,TRUE,"",0.5,369,910369,920369,930369
"RDMM",3.23169360398324,0.853629612149679,0.038,0.64469719432595,0.154,-36326.8041272225,74732.8425934186,148,5.88999999999987,TRUE,"",0.5,369,910369,920369,930369
"DGMM",NA,0.988024012641135,0.003,0.821204705477659,0.072,-27098.6667949057,56283.475684064,35,4.25,TRUE,"",0,370,910370,920370,930370
"RDMM",199.999951075381,0.992008000566199,0.002,0.853900732594689,0.058,-27079.3083026209,56237.8509442155,100,4.08000000000015,TRUE,"",0,370,910370,920370,930370
"DGMM",NA,0.956440401057714,0.011,0.565015236383915,0.234,-31478.4865204644,65043.1151351814,22,2.75999999999999,TRUE,"",0.1,370,910370,920370,930370
"RDMM",8.44306044122603,0.944728677262428,0.014,0.553873228187221,0.275,-29283.8023689534,60646.8390768805,100,4.16999999999985,TRUE,"",0.1,370,910370,920370,930370
"DGMM",NA,0.000723465543869484,0.482,0.00205472109882438,0.712,-32868.1150371991,67822.3721686508,29,3.47000000000003,TRUE,"",0.2,370,910370,920370,930370
"RDMM",4.80353948780656,0.906210119978046,0.024,0.746393280411525,0.104,-31215.2870148455,64509.8083686646,198,8.05000000000018,TRUE,"",0.2,370,910370,920370,930370
"DGMM",NA,-8.37873789833482e-05,0.487,-0.00010328062084531,0.725,-34108.6083712348,70303.3588367222,77,9.06999999999994,TRUE,"",0.3,370,910370,920370,930370
"RDMM",3.63540534001535,0.868492370038192,0.034,0.712143422747736,0.119,-33144.9876697761,68369.2096785259,146,5.89999999999986,TRUE,"",0.3,370,910370,920370,930370
"DGMM",NA,1.32368672503789e-05,0.485,0.00667173447717038,0.7,-36663.9262914109,75413.9946770745,22,2.6400000000001,TRUE,"",0.4,370,910370,920370,930370
"RDMM",3.17215268282671,0.842566416929724,0.041,0.665791878374443,0.141,-34811.5017285365,71702.2377960467,100,4.02999999999997,TRUE,"",0.4,370,910370,920370,930370
"DGMM",NA,-0.000475672994210395,0.489,-0.000266094983954535,0.727,-37692.3913057108,77470.9247056741,58,6.83999999999992,TRUE,"",0.5,370,910370,920370,930370
"RDMM",2.91603423887449,0.83157541353981,0.044,0.632154098651631,0.158,-36402.5408228791,74884.3159847318,100,3.95000000000005,TRUE,"",0.5,370,910370,920370,930370
"DGMM",NA,0.995999996008016,0.001,0.861381121850657,0.055,-27262.3958623151,56610.9338188827,52,6.63999999999987,TRUE,"",0,371,910371,920371,930371
"RDMM",199.999952257177,0.995999996008016,0.001,0.877958541865792,0.048,-27245.0460940827,56569.326527139,106,4.46000000000004,TRUE,"",0,371,910371,920371,930371
"DGMM",NA,0.838895712306883,0.042,0.417990000448817,0.494,-31221.9882356166,64530.1185654858,28,3.5,TRUE,"",0.1,371,910371,920371,930371
"RDMM",8.28199338951644,0.968224192638976,0.008,0.836276802057685,0.065,-29449.9199445494,60979.0742280725,148,5.94000000000005,TRUE,"",0.1,371,910371,920371,930371
"DGMM",NA,0.00193439112422018,0.475,0.00142470375805769,0.702,-31897.9865020506,65882.1150983539,19,2.29999999999995,TRUE,"",0.2,371,910371,920371,930371
"RDMM",5.05892410766419,0.933089026585989,0.017,0.764361857576304,0.096,-31377.8853576061,64835.0050541859,126,5.20000000000005,TRUE,"",0.2,371,910371,920371,930371
"DGMM",NA,0.00309061585576239,0.469,0.20642529646383,0.559,-33851.9584260979,69790.0589464483,17,2.07999999999993,TRUE,"",0.3,371,910371,920371,930371
"RDMM",3.8301643760755,0.906210125968568,0.024,0.571374310201898,0.208,-33236.243192713,68551.7207243996,229,9.18000000000006,TRUE,"",0.3,371,910371,920371,930371
"DGMM",NA,0.00402053383679484,0.465,0.12722100210153,0.588,-35528.9034668033,73143.9490278591,19,2.26999999999998,TRUE,"",0.4,371,910371,920371,930371
"RDMM",3.44430839189303,0.887251154931749,0.029,0.571134773925244,0.197,-34839.8633928476,71758.9611246689,106,4.29999999999995,TRUE,"",0.4,371,910371,920371,930371
"DGMM",NA,0.00750931256157657,0.454,0.183038796245719,0.563,-37148.6155223654,76383.3731389834,19,2.30999999999995,TRUE,"",0.5,371,910371,920371,930371
"RDMM",3.24438137862422,0.849933844074771,0.039,0.546536526011852,0.215,-36317.0971086104,74713.4285561944,100,4.00999999999999,TRUE,"",0.5,371,910371,920371,930371
"DGMM",NA,0.995999999984994,0.001,0.565698197048835,0.265,-27295.2303057471,56676.6027057467,13,1.58999999999992,TRUE,"",0,372,910372,920372,930372
"RDMM",199.999955701519,0.995999999984994,0.001,0.57529733186345,0.267,-27212.7830691315,56504.8004772366,100,4.1099999999999,TRUE,"",0,372,910372,920372,930372
"DGMM",NA,0.777700933629349,0.059,0.376651688404564,0.32,-31462.2445036847,65010.631101622,25,2.92999999999984,TRUE,"",0.1,372,910372,920372,930372
"RDMM",7.97838903612339,0.940840835292452,0.015,0.540618577877623,0.271,-29455.5583001818,60990.3509393372,143,5.75,TRUE,"",0.1,372,910372,920372,930372
"DGMM",NA,0.574133279718911,0.121,0.284468944933051,0.524,-33662.037406426,69410.2169071045,32,3.79999999999995,TRUE,"",0.2,372,910372,920372,930372
"RDMM",5.17030630373828,0.902402405697638,0.025,0.741747732540899,0.107,-31136.8918830503,64353.0181050742,102,4.30000000000018,TRUE,"",0.2,372,910372,920372,930372
"DGMM",NA,0.00107823727937038,0.477,-0.000570765652766761,0.728,-33242.6022517173,68571.3465976873,29,3.43999999999983,TRUE,"",0.3,372,910372,920372,930372
"RDMM",4.09283375103216,0.891027032545989,0.028,0.580311131934217,0.196,-32890.3828238143,67859.9999866022,102,4.17000000000007,TRUE,"",0.3,372,910372,920372,930372
"DGMM",NA,0.68526895460918,0.086,0.340280853792931,0.356,-38328.3974478676,78742.9369899878,6,0.759999999999991,TRUE,"",0.4,372,910372,920372,930372
"RDMM",3.46427183067604,0.84256658133185,0.041,0.549784208025467,0.21,-34606.567564053,71292.3694670795,100,4,TRUE,"",0.4,372,910372,920372,930372
"DGMM",NA,1.9002737701968e-05,0.484,-0.000371774106254025,0.725,-37112.5632104118,76311.2685150762,25,3.08000000000015,TRUE,"",0.5,372,910372,920372,930372
"RDMM",3.0903016673197,0.795459491303802,0.054,0.417938147623066,0.35,-36296.1182896238,74671.4709182212,100,4.1099999999999,TRUE,"",0.5,372,910372,920372,930372
"DGMM",NA,0.992008006429343,0.002,0.824813001707219,0.07,-27072.3642426063,56230.8705794651,15,1.81999999999994,TRUE,"",0,373,910373,920373,930373
"RDMM",199.999950604326,0.992008006429343,0.002,0.864821048181388,0.053,-27044.5911904311,56168.4167198359,100,4,TRUE,"",0,373,910373,920373,930373
"DGMM",NA,0.960360357609261,0.01,0.454029007714247,0.35,-31949.7166842745,65985.5754628015,19,2.36000000000013,TRUE,"",0.1,373,910373,920373,930373
"RDMM",7.57512673236437,0.956440428812927,0.011,0.538419328107412,0.288,-29531.714530628,61142.6634002296,111,4.46000000000004,TRUE,"",0.1,373,910373,920373,930373
"DGMM",NA,0.756656203692384,0.065,0.345605462506931,0.375,-34657.421122439,71400.9843391306,11,1.3599999999999,TRUE,"",0.2,373,910373,920373,930373
"RDMM",4.90540180677759,0.944728717810945,0.014,0.737799289703525,0.108,-31177.7984955886,64434.8313301508,100,4.02999999999997,TRUE,"",0.2,373,910373,920373,930373
"DGMM",NA,-0.000856509392629864,0.492,-0.00069892510751787,0.732,-33285.4506870237,68657.0434683,24,2.80999999999995,TRUE,"",0.3,373,910373,920373,930373
"RDMM",3.85054654018817,0.913849820567796,0.022,0.718834662519758,0.116,-32814.8653068489,67708.9649526714,151,6.07999999999993,TRUE,"",0.3,373,910373,920373,930373
"DGMM",NA,0.00535529416302183,0.46,0.230868208890653,0.536,-35058.3405515256,72202.8231973039,17,2.04999999999995,TRUE,"",0.4,373,910373,920373,930373
"RDMM",3.34755285271507,0.868492498343121,0.034,0.624286159274512,0.161,-34527.7840171744,71134.8023733224,134,5.35000000000014,TRUE,"",0.4,373,910373,920373,930373
"DGMM",NA,0.00417459419119033,0.464,0.216651406581595,0.532,-37067.9830343801,76222.1081630127,22,2.6099999999999,TRUE,"",0.5,373,910373,920373,930373
"RDMM",3.04269456955421,0.824288103488856,0.046,0.632415603682043,0.155,-36311.3939864834,74702.0223119404,100,4.16000000000008,TRUE,"",0.5,373,910373,920373,930373
"DGMM",NA,0.995999992160313,0.001,0.815066149296053,0.076,-27100.8457597633,56287.8336137793,17,1.8900000000001,TRUE,"",0,374,910374,920374,930374
"RDMM",155.086928515374,0.995999992160313,0.001,0.845547984392741,0.063,-27070.8825257998,56220.9993905732,100,3.39999999999986,TRUE,"",0,374,910374,920374,930374
"DGMM",NA,0.944728605668809,0.014,0.718045615235909,0.12,-31494.2812244143,65074.7045430812,15,1.5,TRUE,"",0.1,374,910374,920374,930374
"RDMM",7.83726616316705,0.956440396957001,0.011,0.801726059735909,0.08,-29225.2025748767,60529.639488727,128,4.25,TRUE,"",0.1,374,910374,920374,930374
"DGMM",NA,0.626879514038446,0.104,0.286925758777819,0.474,-33968.1845712512,70022.511236755,17,1.74000000000001,TRUE,"",0.2,374,910374,920374,930374
"RDMM",4.92088136676364,0.925369294869156,0.019,0.779786703290835,0.089,-31065.6444937859,64210.5233265455,139,4.72000000000003,TRUE,"",0.2,374,910374,920374,930374
"DGMM",NA,-0.00128292609685149,0.497,0.000842572855263611,0.712,-33408.2296207661,68902.6013357848,31,3.02999999999997,TRUE,"",0.3,374,910374,920374,930374
"RDMM",3.83810140106365,0.887250902988393,0.029,0.680416345047009,0.136,-32855.2138757892,67789.6620905519,127,4.23000000000002,TRUE,"",0.3,374,910374,920374,930374
"DGMM",NA,-0.00116470162938182,0.498,0.000994646272531726,0.712,-35188.4493242905,72463.0407428337,37,3.6400000000001,TRUE,"",0.4,374,910374,920374,930374
"RDMM",3.27858945838207,0.849933784130108,0.039,0.670512973129335,0.139,-34533.0629265486,71145.3601920708,113,3.74000000000001,TRUE,"",0.4,374,910374,920374,930374
"DGMM",NA,0.681956975576941,0.087,0.290761808662801,0.401,-40053.9340208051,82194.0101358628,6,0.639999999999873,TRUE,"",0.5,374,910374,920374,930374
"RDMM",3.02159276394219,0.838894697864922,0.042,0.638833739160872,0.156,-36105.9592341131,74291.1528071998,155,5.17000000000007,TRUE,"",0.5,374,910374,920374,930374
"DGMM",NA,1,0,0.873521034685789,0.05,-26948.3918624066,55982.9258190657,51,5.15999999999985,TRUE,"",0,375,910375,920375,930375
"RDMM",199.999949205663,1,0,0.85653448773316,0.057,-26923.2156055737,55925.665550121,157,5.08000000000015,TRUE,"",0,375,910375,920375,930375
"DGMM",NA,0.96036014392601,0.01,0.47896247510306,0.502,-31150.7259960821,64387.5940864168,64,5.43000000000006,TRUE,"",0.1,375,910375,920375,930375
"RDMM",7.7135968022803,0.960360214549011,0.01,0.812760259071476,0.075,-29242.0251218281,60563.2845826298,173,4.61999999999989,TRUE,"",0.1,375,910375,920375,930375
"DGMM",NA,0.0020242598914503,0.469,0.000836244659959538,0.726,-31537.9318058462,65162.005705945,38,3.09999999999991,TRUE,"",0.2,375,910375,920375,930375
"RDMM",4.93651150731903,0.913849294782966,0.022,0.749062198647727,0.102,-31012.8965546864,64105.0274483464,161,4.15000000000009,TRUE,"",0.2,375,910375,920375,930375
"DGMM",NA,0.000478123203983296,0.478,0.000129832261931248,0.729,-33470.9442777285,69028.0306497095,25,1.8900000000001,TRUE,"",0.3,375,910375,920375,930375
"RDMM",3.91125702557809,0.87972262088298,0.031,0.717645582207828,0.116,-32861.5819441485,67802.3982272706,120,2.9699999999998,TRUE,"",0.3,375,910375,920375,930375
"DGMM",NA,-0.000285117685582311,0.485,-0.000463997620371456,0.729,-35092.4795527703,72271.1011997932,26,1.83000000000015,TRUE,"",0.4,375,910375,920375,930375
"RDMM",3.34528514573349,0.849932378164308,0.039,0.680988903636362,0.132,-34636.0837695008,71351.4018779752,100,2.3599999999999,TRUE,"",0.4,375,910375,920375,930375
"DGMM",NA,-0.000953216384447762,0.495,-0.000573179503299398,0.727,-36885.5324277332,75857.206949719,25,1.75,TRUE,"",0.5,375,910375,920375,930375
"RDMM",3.13628699404806,0.813415248082812,0.049,0.580134542758808,0.184,-36110.2146530706,74299.6636451148,100,2.36000000000013,TRUE,"",0.5,375,910375,920375,930375
"DGMM",NA,0.988023828210211,0.003,0.533357078054592,0.244,-27467.2348211746,57020.6117366018,15,1,TRUE,"",0,376,910376,920376,930376
"RDMM",199.999949789049,0.992007886204472,0.002,0.824848262935423,0.07,-27182.6649487078,56444.5642363892,126,3.38,TRUE,"",0,376,910376,920376,930376
"DGMM",NA,0.827913870401966,0.045,0.51922259670411,0.239,-31693.0136424607,65472.1693791739,21,2.46,TRUE,"",0.1,376,910376,920376,930376
"RDMM",8.07409396935778,0.960359666996818,0.01,0.776764062458119,0.09,-29590.3360581397,61259.906455253,169,6.75,TRUE,"",0.1,376,910376,920376,930376
"DGMM",NA,0.89480932110992,0.027,0.451407080284494,0.296,-34412.1783663614,70910.4988269754,20,2.39,TRUE,"",0.2,376,910376,920376,930376
"RDMM",5.2704836750265,0.925367976459018,0.019,0.535260505911873,0.288,-31280.6385916087,64640.511522191,121,5.02,TRUE,"",0.2,376,910376,920376,930376
"DGMM",NA,-0.000942130487841393,0.484,0.0256832331796473,0.671,-33252.2023609064,68590.5468160654,26,3.1,TRUE,"",0.3,376,910376,920376,930376
"RDMM",4.1963300653673,0.906208569670046,0.024,0.706329166273493,0.123,-32780.8644517278,67640.9632424293,114,4.56,TRUE,"",0.3,376,910376,920376,930376
"DGMM",NA,-0.00132829467953079,0.495,-0.0012505704929141,0.724,-34954.0771126885,71994.2963196295,23,2.78,TRUE,"",0.4,376,910376,920376,930376
"RDMM",3.49945189161862,0.872225843488585,0.033,0.686243780346011,0.13,-34508.3653661276,71095.9650712288,180,7.22,TRUE,"",0.4,376,910376,920376,930376
"DGMM",NA,-0.00105625398180703,0.497,-0.000406922393058278,0.717,-36650.0404244117,75386.2229430761,26,3.08,TRUE,"",0.5,376,910376,920376,930376
"RDMM",3.18528187587143,0.831572629550923,0.044,0.56824162286125,0.197,-36266.8349955654,74612.9043301045,129,5.33,TRUE,"",0.5,376,910376,920376,930376
"DGMM",NA,0.995999998759119,0.001,0.792769295893532,0.085,-27323.2461612117,56732.6344166761,16,1.98,TRUE,"",0,377,910377,920377,930377
"RDMM",199.999948407222,0.995999998759119,0.001,0.858359317526806,0.056,-27282.2885621825,56643.8114633386,100,4.08000000000001,TRUE,"",0,377,910377,920377,930377
"DGMM",NA,0.883483818041035,0.03,0.637146801115783,0.155,-31505.8290177257,65097.800129704,19,2.3,TRUE,"",0.1,377,910377,920377,930377
"RDMM",7.81279000364686,0.936960944891703,0.016,0.802954491560364,0.079,-29530.6767526524,61140.5878442785,100,4.06,TRUE,"",0.1,377,910377,920377,930377
"DGMM",NA,0.620576194538862,0.106,0.483349983478811,0.235,-33760.4830024268,69607.1080991062,13,1.57,TRUE,"",0.2,377,910377,920377,930377
"RDMM",4.87917781309509,0.925369339038542,0.019,0.7596480010263,0.098,-31331.0842680925,64741.4028751586,100,4.05,TRUE,"",0.2,377,910377,920377,930377
"DGMM",NA,-0.00028415064924159,0.488,-0.000547877981285127,0.731,-33499.5489407561,69085.2399757648,21,2.52000000000001,TRUE,"",0.3,377,910377,920377,930377
"RDMM",3.86353553879625,0.887251205428741,0.029,0.731198866639937,0.111,-33108.5958471116,68296.4260331968,100,4.04000000000001,TRUE,"",0.3,377,910377,920377,930377
"DGMM",NA,0.000672758764158384,0.48,7.12025381297395e-05,0.723,-35488.8797255124,73063.9015452773,36,4.31,TRUE,"",0.4,377,910377,920377,930377
"RDMM",3.27049572201994,0.849933852735899,0.039,0.65961063526876,0.144,-34943.940410189,71967.1151593516,100,4.24000000000001,TRUE,"",0.4,377,910377,920377,930377
"DGMM",NA,-0.000719317274496565,0.492,-0.00045006073076644,0.729,-37161.7685117144,76409.6791176813,23,2.75,TRUE,"",0.5,377,910377,920377,930377
"RDMM",3.05362375497107,0.813417406200038,0.049,0.618442009239189,0.165,-36461.6016768366,75002.4376926469,117,4.79000000000001,TRUE,"",0.5,377,910377,920377,930377
"DGMM",NA,1,0,0.822774201645365,0.072,-27120.397125621,56326.9363454946,26,3.11,TRUE,"",0,378,910378,920378,930378
"RDMM",174.626519800229,1,0,0.836749404891774,0.066,-27088.4698221748,56256.1739833233,100,4.06,TRUE,"",0,378,910378,920378,930378
"DGMM",NA,0.956440237743714,0.011,0.720697946087562,0.118,-31300.4749771911,64687.0920486348,16,1.92,TRUE,"",0.1,378,910378,920378,930378
"RDMM",7.78807163773293,0.956440401158276,0.011,0.781002443265689,0.09,-29284.161233617,60647.5568062076,100,4.13,TRUE,"",0.1,378,910378,920378,930378
"DGMM",NA,0.639611527200266,0.1,0.30139704461145,0.523,-33670.3692735968,69426.8806414462,23,2.73,TRUE,"",0.2,378,910378,920378,930378
"RDMM",4.84213819841615,0.948624552349017,0.013,0.755906981872213,0.101,-31139.7762552423,64358.7868494581,113,4.56,TRUE,"",0.2,378,910378,920378,930378
"DGMM",NA,-0.00110451004811492,0.492,0.00299114696105243,0.702,-33314.773282624,68715.6886595005,32,3.88,TRUE,"",0.3,378,910378,920378,930378
"RDMM",3.83472001192359,0.902402434087352,0.025,0.687389810579402,0.133,-32860.3973691381,67800.0290772499,195,7.76000000000001,TRUE,"",0.3,378,910378,920378,930378
"DGMM",NA,-0.000684811880514479,0.489,0.00106304126398376,0.715,-35059.8694091566,72205.8809125657,50,6.06999999999999,TRUE,"",0.4,378,910378,920378,930378
"RDMM",3.35509734753209,0.838895058582517,0.042,0.49656449819275,0.273,-34627.6545884701,71334.5435159137,134,5.41999999999999,TRUE,"",0.4,378,910378,920378,930378
"DGMM",NA,-0.00104424062073404,0.499,0.00106338731454844,0.712,-36848.5716527833,75783.2853998191,22,2.62,TRUE,"",0.5,378,910378,920378,930378
"RDMM",3.03690478125764,0.846246365489927,0.04,0.388073775793959,0.369,-36302.4410447249,74684.1164284235,100,4.16,TRUE,"",0.5,378,910378,920378,930378
"DGMM",NA,0.995999999719503,0.001,0.468126636783515,0.382,-27397.6466089894,56881.4353122313,12,1.51999999999998,TRUE,"",0,379,910379,920379,930379
"RDMM",199.999945970527,0.995999999719503,0.001,0.828616717773447,0.069,-27136.867332392,56352.9690037576,166,6.62,TRUE,"",0,379,910379,920379,930379
"DGMM",NA,0.948624634632,0.013,0.717931889410802,0.118,-31468.1276575954,65022.3974094434,18,2.19,TRUE,"",0.1,379,910379,920379,930379
"RDMM",8.05216748732079,0.948624629561597,0.013,0.798846270988673,0.081,-29278.7376389776,60636.7096169287,104,4.22,TRUE,"",0.1,379,910379,920379,930379
"DGMM",NA,0.659007774292648,0.094,0.294923971296861,0.463,-33973.9219302803,70033.9859548131,17,2.03,TRUE,"",0.2,379,910379,920379,930379
"RDMM",5.08134917196761,0.933089095518966,0.017,0.758797512582748,0.098,-31152.0660527183,64383.3664444102,100,4.02000000000001,TRUE,"",0.2,379,910379,920379,930379
"DGMM",NA,0.000251882707806666,0.483,-0.000707309897247052,0.729,-33376.1972763173,68838.5366468872,21,2.5,TRUE,"",0.3,379,910379,920379,930379
"RDMM",4.11049766644774,0.902402421413375,0.025,0.719715023752181,0.116,-32788.6658706601,67656.5660802938,100,4.09,TRUE,"",0.3,379,910379,920379,930379
"DGMM",NA,7.10701080222098e-05,0.484,-0.000809447218537569,0.731,-35120.6181256483,72327.3783455493,21,2.5,TRUE,"",0.4,379,910379,920379,930379
"RDMM",3.54254684438859,0.861045095389554,0.036,0.683342304241637,0.132,-34480.5536155294,71040.3415700324,100,4.06999999999999,TRUE,"",0.4,379,910379,920379,930379
"DGMM",NA,-0.000948397363928927,0.497,-0.000651316330043666,0.73,-37007.5956764492,76101.3334471509,22,2.84,TRUE,"",0.5,379,910379,920379,930379
"RDMM",3.13201033326013,0.81341760495385,0.049,0.659907236880673,0.143,-36258.1845285339,74595.6033960413,112,4.69,TRUE,"",0.5,379,910379,920379,930379
"DGMM",NA,0.995999996912225,0.001,0.849648017001396,0.06,-27071.8012960518,56229.7446863563,23,2.74000000000001,TRUE,"",0,380,910380,920380,930380
"RDMM",199.999949879223,0.995999996912225,0.001,0.873193826144367,0.05,-27039.3446774034,56157.9236937805,100,4.12,TRUE,"",0,380,910380,920380,930380
"DGMM",NA,0.948624580735441,0.013,0.627777908174876,0.165,-31348.8075323383,64783.7571589291,21,2.48999999999998,TRUE,"",0.1,380,910380,920380,930380
"RDMM",8.09187526209052,0.948624580735441,0.013,0.801543715826046,0.08,-29366.0039489133,60811.2422368002,198,7.95000000000002,TRUE,"",0.1,380,910380,920380,930380
"DGMM",NA,0.620572159050793,0.106,0.35986317378862,0.318,-33601.5564513755,69289.2549970035,14,1.91,TRUE,"",0.2,380,910380,920380,930380
"RDMM",5.17814456330314,0.921521455286325,0.02,0.519362769924785,0.255,-31286.5836998478,64652.4017386693,196,7.75,TRUE,"",0.2,380,910380,920380,930380
"DGMM",NA,-0.0003310549879702,0.489,-0.000930735038819423,0.734,-33341.8902644325,68769.9226231176,25,2.93000000000001,TRUE,"",0.3,380,910380,920380,930380
"RDMM",3.92878811072191,0.864764652947197,0.035,0.488300724091013,0.301,-33003.9898216803,68087.2139823342,100,4.06999999999999,TRUE,"",0.3,380,910380,920380,930380
"DGMM",NA,-0.000520050211594892,0.49,-0.000184250703524766,0.733,-35374.1317339,72834.4055620526,24,2.85999999999999,TRUE,"",0.4,380,910380,920380,930380
"RDMM",3.28107165668008,0.817032886143221,0.048,0.440526613025376,0.335,-34860.8846047142,71801.003548402,100,4.09,TRUE,"",0.4,380,910380,920380,930380
"DGMM",NA,-0.000843650643851447,0.494,0.000444049494675222,0.726,-36998.7499101674,76083.6419145874,21,2.52000000000001,TRUE,"",0.5,380,910380,920380,930380
"RDMM",2.9706069172165,0.81341728874951,0.049,0.413256099263408,0.359,-36439.0324192319,74957.2991774375,129,5.15000000000001,TRUE,"",0.5,380,910380,920380,930380
"DGMM",NA,1,0,0.864841221131734,0.053,-27027.5833974778,56141.3088892081,20,2.42000000000002,TRUE,"",0,381,910381,920381,930381
"RDMM",199.999952979108,1,0,0.876801675309761,0.048,-27006.7746932914,56092.7837255564,114,4.78,TRUE,"",0,381,910381,920381,930381
"DGMM",NA,0.936961006597609,0.016,0.719276426200142,0.117,-31795.2834949765,65676.7090842055,16,1.95000000000002,TRUE,"",0.1,381,910381,920381,930381
"RDMM",7.88182056648565,0.960360215792703,0.01,0.825534360934795,0.069,-29250.8844874511,60581.0033138758,100,4,TRUE,"",0.1,381,910381,920381,930381
"DGMM",NA,0.617406162385727,0.107,0.277290517177355,0.472,-33652.3847406169,69390.9115754864,15,1.91,TRUE,"",0.2,381,910381,920381,930381
"RDMM",4.99774044109155,0.883482409187703,0.03,0.75101073656064,0.101,-31134.3326293708,64347.8995977152,105,4.19,TRUE,"",0.2,381,910381,920381,930381
"DGMM",NA,-0.0013925126239249,0.499,-8.08052087566551e-05,0.719,-33199.6426015996,68485.4272974518,32,3.84999999999999,TRUE,"",0.3,381,910381,920381,930381
"RDMM",3.95380782421645,0.849932631275896,0.039,0.722969649877851,0.113,-32770.3161059972,67619.8665509681,104,4.17000000000002,TRUE,"",0.3,381,910381,920381,930381
"DGMM",NA,-0.000769518517390698,0.49,0.000793591212473355,0.713,-35028.6189803407,72143.3800549341,24,2.94999999999999,TRUE,"",0.4,381,910381,920381,930381
"RDMM",3.29738010275185,0.846243883519353,0.04,0.692373903020311,0.127,-34502.4540564107,71084.142451795,100,4.13999999999999,TRUE,"",0.4,381,910381,920381,930381
"DGMM",NA,-0.000638365352508555,0.49,-9.53281427404821e-05,0.72,-36576.4539669605,75239.0500281737,22,2.75,TRUE,"",0.5,381,910381,920381,930381
"RDMM",3.06856826652973,0.813414421503656,0.049,0.665972703329855,0.14,-35963.4819346422,74006.198208258,115,4.53000000000003,TRUE,"",0.5,381,910381,920381,930381
"DGMM",NA,0.992008002907998,0.002,0.841969291922482,0.063,-27191.8394972203,56469.8210886932,24,2.96000000000004,TRUE,"",0,382,910382,920382,930382
"RDMM",199.999952078796,0.995999997241588,0.001,0.842194689711218,0.063,-27175.4403816971,56430.1151023679,100,4,TRUE,"",0,382,910382,920382,930382
"DGMM",NA,0.960360328536806,0.01,0.676364370421692,0.139,-32621.3101987073,67328.7624916672,16,1.94,TRUE,"",0.1,382,910382,920382,930382
"RDMM",7.34005738175815,0.960360326904828,0.01,0.790736673742737,0.085,-29634.7971507039,61348.8286403814,109,4.44,TRUE,"",0.1,382,910382,920382,930382
"DGMM",NA,0.000572941481148203,0.483,0.124593485283134,0.576,-32188.2885131777,66462.719120608,17,2.11000000000001,TRUE,"",0.2,382,910382,920382,930382
"RDMM",4.61873577663184,0.940840790302092,0.015,0.72331886443359,0.115,-31597.7181070397,65274.670553053,160,6.38999999999999,TRUE,"",0.2,382,910382,920382,930382
"DGMM",NA,-0.000487902089701146,0.492,0.00208032246418544,0.721,-34138.6816345769,70363.5053634063,18,2.23000000000002,TRUE,"",0.3,382,910382,920382,930382
"RDMM",3.63326819519249,0.891026935054726,0.028,0.535032696142724,0.243,-33515.112121589,69109.4585821516,105,4.30000000000001,TRUE,"",0.3,382,910382,920382,930382
"DGMM",NA,0.000590509272958676,0.481,0.00313166044194115,0.704,-35993.8928575974,74073.9278094474,16,2.10000000000002,TRUE,"",0.4,382,910382,920382,930382
"RDMM",3.25734229395873,0.85733327019179,0.037,0.292036585481395,0.451,-35306.0085978188,72691.2515346112,114,4.66999999999996,TRUE,"",0.4,382,910382,920382,930382
"DGMM",NA,0.00101115362182775,0.478,0.174106797197506,0.563,-37699.4223633817,77484.9868210159,19,2.36000000000001,TRUE,"",0.5,382,910382,920382,930382
"RDMM",2.93999524957495,0.831575440360829,0.044,0.520346952045898,0.223,-36769.8599181696,75618.9541753128,123,5.36000000000001,TRUE,"",0.5,382,910382,920382,930382
"DGMM",NA,0.992008005125127,0.002,0.511235057820629,0.269,-27271.0551460288,56628.2523863102,11,1.46999999999997,TRUE,"",0,383,910383,920383,930383
"RDMM",199.999950889872,0.995999998759119,0.001,0.86141602213616,0.055,-27047.7127027815,56174.6597445367,258,11.33,TRUE,"",0,383,910383,920383,930383
"DGMM",NA,0.976120114032909,0.006,0.467598684217104,0.308,-30957.7461180202,64001.6343302929,13,1.70000000000005,TRUE,"",0.1,383,910383,920383,930383
"RDMM",8.8758657863362,0.956440419385209,0.011,0.583710515574762,0.265,-29217.4471995433,60514.1287380602,111,4.82999999999998,TRUE,"",0.1,383,910383,920383,930383
"DGMM",NA,0.617420802168025,0.107,0.259190218033206,0.431,-33176.9607075924,68440.0635094374,21,2.92000000000002,TRUE,"",0.2,383,910383,920383,930383
"RDMM",5.25341840377342,0.936960932763956,0.016,0.560726685935155,0.277,-31029.0361417281,64137.3066224299,100,4.67999999999995,TRUE,"",0.2,383,910383,920383,930383
"DGMM",NA,0.429795458423332,0.172,0.191361752722073,0.466,-35046.2924570709,72178.7270083944,18,2.62,TRUE,"",0.3,383,910383,920383,930383
"RDMM",4.15822085600821,0.906210153823586,0.024,0.523516991019124,0.291,-32683.7884956215,67446.8113302166,100,4.22999999999996,TRUE,"",0.3,383,910383,920383,930383
"DGMM",NA,0.000225858175642714,0.483,0.000193805277258128,0.722,-34910.0839456126,71906.3099854777,26,3.19,TRUE,"",0.4,383,910383,920383,930383
"RDMM",3.56860198553458,0.894810759965882,0.027,0.477713218351741,0.312,-34385.5346120119,70850.3035629974,110,4.45000000000005,TRUE,"",0.4,383,910383,920383,930383
"DGMM",NA,0.756656819925625,0.065,0.404229129628134,0.3,-39645.4606155168,81377.0633252862,6,0.769999999999982,TRUE,"",0.5,383,910383,920383,930383
"RDMM",3.24873425984901,0.879723700295177,0.031,0.624508043275764,0.162,-36005.0874608547,74089.4092606831,200,8.07999999999998,TRUE,"",0.5,383,910383,920383,930383
"DGMM",NA,0.995999999473251,0.001,0.870961031421499,0.051,-27099.1148923547,56284.371878962,19,2.31,TRUE,"",0,384,910384,920384,930384
"RDMM",199.999952597516,0.995999999473251,0.001,0.873007662133089,0.05,-27083.4696647642,56246.173668502,100,4.06999999999999,TRUE,"",0,384,910384,920384,930384
"DGMM",NA,0.952528528190616,0.012,0.607152911042027,0.242,-32068.7933812405,66223.7288567335,35,4.13999999999999,TRUE,"",0.1,384,910384,920384,930384
"RDMM",7.70775983116164,0.952528515349925,0.012,0.809762045929573,0.076,-29404.0136061152,60887.2615512041,108,4.32999999999998,TRUE,"",0.1,384,910384,920384,930384
"DGMM",NA,0.623720760027732,0.105,0.471134413733646,0.361,-33982.1792458805,70050.5005860135,34,4.07000000000005,TRUE,"",0.2,384,910384,920384,930384
"RDMM",5.13844835191124,0.933089066941727,0.017,0.769633138001146,0.094,-31221.8957655408,64523.0258700553,100,4.03999999999996,TRUE,"",0.2,384,910384,920384,930384
"DGMM",NA,-0.00101568988776525,0.496,0.000758579880243132,0.73,-33537.6821340901,69161.5063624328,35,4.12,TRUE,"",0.3,384,910384,920384,930384
"RDMM",4.05684319935371,0.913849806310034,0.022,0.715455376115369,0.118,-32846.2495793373,67771.7334976483,188,7.67000000000002,TRUE,"",0.3,384,910384,920384,930384
"DGMM",NA,-0.000970156691996601,0.496,-0.0004139912520996,0.734,-35296.6850730072,72679.5122402669,51,6.02000000000004,TRUE,"",0.4,384,910384,920384,930384
"RDMM",3.36409564962029,0.84256649652608,0.041,0.475725114955671,0.3,-34727.0766786609,71533.3876962955,142,5.75999999999999,TRUE,"",0.4,384,910384,920384,930384
"DGMM",NA,-0.000437463604019069,0.488,-0.000110056425195208,0.728,-37121.5497346338,76329.2415635201,30,3.55000000000001,TRUE,"",0.5,384,910384,920384,930384
"RDMM",3.06430752355771,0.820656597294409,0.047,0.532008623275286,0.217,-36328.0549202078,74735.3441793891,105,4.30000000000001,TRUE,"",0.5,384,910384,920384,930384
"DGMM",NA,0.984047838841578,0.004,0.842894040950241,0.062,-27118.1741247435,56322.4903437395,21,2.58000000000004,TRUE,"",0,385,910385,920385,930385
"RDMM",199.999952505842,0.988023854418932,0.003,0.843156722171015,0.062,-27090.0202493482,56259.2748376701,100,4.19999999999999,TRUE,"",0,385,910385,920385,930385
"DGMM",NA,0.925369283043104,0.019,0.569109751517237,0.199,-31229.2002235675,64544.5425413876,20,2.44,TRUE,"",0.1,385,910385,920385,930385
"RDMM",8.65221254799023,0.940840003022308,0.015,0.790561052425409,0.084,-29256.0881144792,60591.410567932,219,8.74000000000001,TRUE,"",0.1,385,910385,920385,930385
"DGMM",NA,0.580191846700071,0.119,0.396535798750277,0.288,-33519.4470861455,69125.0362665436,14,1.67000000000002,TRUE,"",0.2,385,910385,920385,930385
"RDMM",5.28798665098618,0.891025120907615,0.028,0.757164513974702,0.098,-31101.2666619715,64281.7676629167,105,4.25,TRUE,"",0.2,385,910385,920385,930385
"DGMM",NA,-0.000380649141015186,0.48,-0.000912473545302949,0.732,-33390.4232503085,68866.9885948697,22,2.60000000000002,TRUE,"",0.3,385,910385,920385,930385
"RDMM",4.06511082661321,0.875969197612006,0.032,0.534208017888621,0.288,-32947.1906639527,67973.6156668791,117,4.64999999999998,TRUE,"",0.3,385,910385,920385,930385
"DGMM",NA,0.00153219918779973,0.473,0.191357386311261,0.556,-35220.7754821968,72527.6930586461,22,2.58000000000004,TRUE,"",0.4,385,910385,920385,930385
"RDMM",3.53019379596192,0.838890868074651,0.042,0.488275168373564,0.316,-34640.832409034,71360.8991570415,111,4.69999999999999,TRUE,"",0.4,385,910385,920385,930385
"DGMM",NA,-0.000196251134351456,0.485,-0.000350525619164449,0.722,-36901.1674617749,75888.4770178023,24,2.82999999999998,TRUE,"",0.5,385,910385,920385,930385
"RDMM",3.16203610842532,0.806206593306509,0.051,0.478345919955956,0.322,-36262.1949123877,74603.6241637491,100,4.06,TRUE,"",0.5,385,910385,920385,930385
"DGMM",NA,0.992008001591865,0.002,0.749596478558499,0.105,-27298.0878623002,56682.3178188529,16,1.95000000000005,TRUE,"",0,386,910386,920386,930386
"RDMM",199.999950115562,1,0,0.854275506890396,0.058,-27151.9365358887,56383.1074107509,150,5.97999999999996,TRUE,"",0,386,910386,920386,930386
"DGMM",NA,0.894810946144087,0.027,0.434613786795979,0.476,-32512.9236173753,67111.9893290031,17,2.04000000000002,TRUE,"",0.1,386,910386,920386,930386
"RDMM",7.44482331518007,0.944728681321713,0.014,0.782934672651047,0.088,-29458.7892916178,60996.8129222092,100,4.12,TRUE,"",0.1,386,910386,920386,930386
"DGMM",NA,0.701951442218652,0.081,0.345759939668879,0.359,-34780.7561988386,71647.6544919299,16,1.90000000000003,TRUE,"",0.2,386,910386,920386,930386
"RDMM",4.92619596626946,0.902402327062551,0.025,0.539883779975219,0.252,-31219.1141276189,64517.4625942114,191,7.73999999999995,TRUE,"",0.2,386,910386,920386,930386
"DGMM",NA,0.64928811410906,0.097,0.394968297581551,0.301,-36956.5512734109,75999.2446410744,6,0.78000000000003,TRUE,"",0.3,386,910386,920386,930386
"RDMM",4.04302053751489,0.872228192720504,0.033,0.709436979053673,0.12,-32849.7743743145,67778.7830876025,100,4.02999999999997,TRUE,"",0.3,386,910386,920386,930386
"DGMM",NA,0.611147354141666,0.109,0.246372951506144,0.46,-38322.0081461436,78730.1583865397,15,1.78999999999996,TRUE,"",0.4,386,910386,920386,930386
"RDMM",3.4263022569763,0.857333321096604,0.037,0.688054524307654,0.13,-34480.7059860237,71040.6463110209,100,4,TRUE,"",0.4,386,910386,920386,930386
"DGMM",NA,0.0017290157539516,0.474,0.000488224152754454,0.718,-36802.6955467254,75691.5331877034,22,2.69999999999999,TRUE,"",0.5,386,910386,920386,930386
"RDMM",3.16404342361064,0.795459295249919,0.054,0.605649622453246,0.169,-36101.9703090026,74283.1749569788,115,4.61000000000001,TRUE,"",0.5,386,910386,920386,930386
"DGMM",NA,0.98404686604669,0.004,0.561764915400454,0.204,-27325.5776992948,56737.2974928422,14,1.80000000000001,TRUE,"",0,387,910387,920387,930387
"RDMM",199.999951861141,0.988023094722714,0.003,0.841622274743986,0.063,-27068.4645105708,56216.1633601152,209,8.5,TRUE,"",0,387,910387,920387,930387
"DGMM",NA,0.933080111640837,0.017,0.556610977145816,0.208,-31141.3455276516,64368.8331495559,17,2.07000000000005,TRUE,"",0.1,387,910387,920387,930387
"RDMM",8.44315523876187,0.944725008138415,0.014,0.793238500668872,0.082,-29193.2061780652,60465.646695104,161,6.5,TRUE,"",0.1,387,910387,920387,930387
"DGMM",NA,0.675161202683714,0.089,0.29394621468383,0.494,-33259.2080941323,68604.5582825172,42,4.98000000000002,TRUE,"",0.2,387,910387,920387,930387
"RDMM",5.40237834940628,0.910019044304279,0.023,0.770682415229943,0.091,-31009.3173082253,64097.8689554243,105,4.28999999999996,TRUE,"",0.2,387,910387,920387,930387
"DGMM",NA,-0.0023690233868661,0.485,-0.00196200585900272,0.716,-33159.204249392,68404.5505930367,35,4.10000000000002,TRUE,"",0.3,387,910387,920387,930387
"RDMM",4.0685484147917,0.853618783936448,0.038,0.708101149190424,0.119,-32808.1962960134,67695.6269310005,100,4.05000000000007,TRUE,"",0.3,387,910387,920387,930387
"DGMM",NA,-0.00189979198480166,0.495,-0.00189833875666901,0.721,-34886.5950528777,71859.332200008,28,3.36000000000001,TRUE,"",0.4,387,910387,920387,930387
"RDMM",3.47910669962497,0.849918910801882,0.039,0.672814386621711,0.135,-34489.2478895711,71057.7301181158,120,4.8599999999999,TRUE,"",0.4,387,910387,920387,930387
"DGMM",NA,-0.000916378859553148,0.491,-0.000997435382163707,0.714,-36648.237440419,75382.6169750906,23,2.73000000000002,TRUE,"",0.5,387,910387,920387,930387
"RDMM",3.21071533585342,0.802581402678729,0.052,0.515329105977081,0.219,-36204.1842102804,74487.6027595344,100,4.08000000000004,TRUE,"",0.5,387,910387,920387,930387
"DGMM",NA,0.988023695962136,0.003,0.798184408085362,0.082,-27059.9060262909,56205.9541468343,22,2.66999999999996,TRUE,"",0,388,910388,920388,930388
"RDMM",199.999946602892,0.988023695962136,0.003,0.855021844763755,0.057,-26948.2048840192,55975.6441070121,135,5.40000000000009,TRUE,"",0,388,910388,920388,930388
"DGMM",NA,0.933086333918028,0.017,0.703178935039047,0.125,-31434.3943409363,64954.9307761252,23,2.74000000000001,TRUE,"",0.1,388,910388,920388,930388
"RDMM",7.83686977642166,0.956439247198957,0.011,0.796925332953388,0.082,-29210.028696191,60499.2917313555,103,4.13999999999999,TRUE,"",0.1,388,910388,920388,930388
"DGMM",NA,0.580183408158138,0.119,0.420233862885492,0.273,-33940.275032801,69966.6921598546,17,2.11000000000001,TRUE,"",0.2,388,910388,920388,930388
"RDMM",4.8708780717226,0.940839030013335,0.015,0.760350518027236,0.098,-31156.3880602549,64392.0104594834,116,4.82999999999993,TRUE,"",0.2,388,910388,920388,930388
"DGMM",NA,0.00162834252647737,0.469,0.000126769583407116,0.728,-33978.5252508872,70043.1925960271,36,4.80000000000007,TRUE,"",0.3,388,910388,920388,930388
"RDMM",3.74898691880588,0.883480106575033,0.03,0.693225053884782,0.128,-32971.1746996339,68021.5837382414,175,7.05999999999995,TRUE,"",0.3,388,910388,920388,930388
"DGMM",NA,0.00185095952379986,0.471,-0.00033852572806582,0.726,-36183.1021329454,74452.3463601433,35,4.17000000000007,TRUE,"",0.4,388,910388,920388,930388
"RDMM",3.22575462996559,0.824281379346114,0.046,0.450987584731053,0.336,-34968.8021352463,72016.8386094662,100,4.06999999999994,TRUE,"",0.4,388,910388,920388,930388
"DGMM",NA,0.000338937981147718,0.48,-0.000943766464323637,0.728,-37426.9814082207,76940.1049106939,31,3.69000000000005,TRUE,"",0.5,388,910388,920388,930388
"RDMM",3.0189886436267,0.777698131453517,0.059,0.324696293676665,0.486,-36672.4687341013,75424.1718071762,125,5.05999999999995,TRUE,"",0.5,388,910388,920388,930388
"DGMM",NA,0.995999889962614,0.001,0.804268432032324,0.08,-27203.9048483585,56493.9517909696,21,2.53000000000009,TRUE,"",0,389,910389,920389,930389
"RDMM",199.999952945983,0.995999889962614,0.001,0.844163663469633,0.062,-27159.1320185705,56397.4983761145,100,4.05999999999995,TRUE,"",0,389,910389,920389,930389
"DGMM",NA,0.952527141447198,0.012,0.516114845198581,0.243,-31529.9124413327,65145.966976918,12,1.45000000000005,TRUE,"",0.1,389,910389,920389,930389
"RDMM",8.71160440826603,0.960359462943987,0.01,0.774949236210786,0.091,-29382.4792790261,60844.1928970259,156,6.28999999999996,TRUE,"",0.1,389,910389,920389,930389
"DGMM",NA,0.60797751418848,0.11,0.307657824711178,0.546,-33625.2780107382,69336.6981157291,55,6.5,TRUE,"",0.2,389,910389,920389,930389
"RDMM",5.10539018554972,0.933087468546975,0.017,0.744915800625682,0.104,-31339.9561714878,64759.1466819492,127,5.13999999999999,TRUE,"",0.2,389,910389,920389,930389
"DGMM",NA,0.486353011881848,0.151,0.256564330243815,0.547,-35765.1970398196,73616.5361738919,32,4.02999999999997,TRUE,"",0.3,389,910389,920389,930389
"RDMM",3.99483624349192,0.875970828419185,0.032,0.697256216976164,0.126,-33025.4523106891,68130.1389603518,100,4.03000000000009,TRUE,"",0.3,389,910389,920389,930389
"DGMM",NA,0.77417039110208,0.06,0.326234151960733,0.407,-38450.4507199861,78987.0435342249,11,1.42999999999995,TRUE,"",0.4,389,910389,920389,930389
"RDMM",3.4546265343667,0.827926531341055,0.045,0.440660522962364,0.34,-34900.0507707249,71879.3358804233,100,3.93000000000006,TRUE,"",0.4,389,910389,920389,930389
"DGMM",NA,-0.00112354999891655,0.497,0.00244073825339894,0.723,-37076.0459090632,76238.233912379,30,3.58999999999992,TRUE,"",0.5,389,910389,920389,930389
"RDMM",3.12210273305785,0.799034865402911,0.053,0.466096255477273,0.319,-36406.1280332516,74891.4904054767,152,6.08999999999992,TRUE,"",0.5,389,910389,920389,930389
"DGMM",NA,0.995999996912225,0.001,0.839668882819777,0.064,-27223.5068008842,56533.155696021,31,3.7600000000001,TRUE,"",0,390,910390,920390,930390
"RDMM",199.999953142088,0.995999996912225,0.001,0.844465761771022,0.062,-27199.3914760005,56478.0172909746,100,4.01999999999998,TRUE,"",0,390,910390,920390,930390
"DGMM",NA,0.913849833889123,0.022,0.456942178743185,0.493,-31911.1959981829,65908.5340906184,23,2.78999999999996,TRUE,"",0.1,390,910390,920390,930390
"RDMM",8.05534741887989,0.960360335064719,0.01,0.391141379460387,0.352,-29626.1836438629,61331.6016266995,100,4.11000000000001,TRUE,"",0.1,390,910390,920390,930390
"DGMM",NA,0.000174812674447442,0.486,0.000392729206537068,0.723,-31856.599767772,65799.3416297966,21,2.56000000000006,TRUE,"",0.2,390,910390,920390,930390
"RDMM",4.98984768693267,0.929225199486484,0.018,0.764652847229649,0.096,-31383.2361410192,64845.7066210121,100,4,TRUE,"",0.2,390,910390,920390,930390
"DGMM",NA,0.0017303924339098,0.475,0.000718606839795115,0.724,-33536.0145423809,69158.1711790144,21,2.52999999999997,TRUE,"",0.3,390,910390,920390,930390
"RDMM",4.08256132296146,0.906210161943264,0.024,0.73161650684085,0.111,-33054.3703040214,68187.9749470165,105,4.25,TRUE,"",0.3,390,910390,920390,930390
"DGMM",NA,0.00224331820695524,0.472,1.07181488327574e-05,0.728,-35144.6914796351,72375.5250535227,45,5.28999999999996,TRUE,"",0.4,390,910390,920390,930390
"RDMM",3.51044110866962,0.894810738272031,0.027,0.71153098037924,0.12,-34579.1878190393,71237.6099770521,100,4.07000000000005,TRUE,"",0.4,390,910390,920390,930390
"DGMM",NA,0.00543599926361199,0.46,0.00266711932881002,0.713,-36924.4581066102,75935.0583074729,24,3.01999999999998,TRUE,"",0.5,390,910390,920390,930390
"RDMM",3.2170479322687,0.846246133359593,0.04,0.637913789598777,0.154,-36240.8655079885,74560.9653549506,152,6.13999999999999,TRUE,"",0.5,390,910390,920390,930390
"DGMM",NA,0.988023984845646,0.003,0.771580011708626,0.096,-27387.9398505677,56862.0217953881,10,1.25,TRUE,"",0,391,910391,920391,930391
"RDMM",199.999950190474,0.992007984755783,0.002,0.861370918683734,0.055,-27205.227992944,56489.6903248617,105,4.25,TRUE,"",0,391,910391,920391,930391
"DGMM",NA,0.944728436554897,0.014,0.718026653413385,0.118,-31254.399472495,64594.9410392426,28,3.33000000000004,TRUE,"",0.1,391,910391,920391,930391
"RDMM",8.44234411611163,0.976120033029059,0.006,0.823996316174903,0.071,-29279.1317647552,60637.4978684839,124,4.97000000000003,TRUE,"",0.1,391,910391,920391,930391
"DGMM",NA,-0.00150807969870429,0.491,0.000474438510965119,0.71,-31687.3888790328,65460.9198523181,20,2.38999999999999,TRUE,"",0.2,391,910391,920391,930391
"RDMM",5.11410643138996,0.936960860215673,0.016,0.579959659179831,0.228,-31217.4731581505,64514.1806552746,134,5.57999999999993,TRUE,"",0.2,391,910391,920391,930391
"DGMM",NA,-0.000336502638707655,0.483,0.0118001411643325,0.679,-33624.524410567,69335.1909153866,17,2.04000000000008,TRUE,"",0.3,391,910391,920391,930391
"RDMM",4.02658600346116,0.913849535656141,0.022,0.507684111605599,0.289,-32899.6282250408,67878.4907890551,125,5.07999999999993,TRUE,"",0.3,391,910391,920391,930391
"DGMM",NA,-0.000758954979805033,0.489,0.00222912959815077,0.706,-35378.1334246522,72842.4089435569,22,2.76999999999998,TRUE,"",0.4,391,910391,920391,930391
"RDMM",3.34505508210839,0.89481011036068,0.027,0.514330572900673,0.298,-34680.8701071446,71440.9745532628,102,4.06000000000006,TRUE,"",0.4,391,910391,920391,930391
"DGMM",NA,-0.000380777863317654,0.486,0.00220330526896751,0.709,-37382.5834388565,76851.3089719656,35,4.11000000000001,TRUE,"",0.5,391,910391,920391,930391
"RDMM",3.06153605465103,0.802616577655508,0.052,0.27732800411181,0.518,-36462.5846133312,75004.4035656361,100,4.01999999999998,TRUE,"",0.5,391,910391,920391,930391
"DGMM",NA,1,0,0.79200053219861,0.085,-27258.6835152909,56603.5091248343,15,1.84000000000003,TRUE,"",0,392,910392,920392,930392
"RDMM",199.999952768256,1,0,0.825927634454923,0.07,-27213.661168617,56506.5566762075,100,3.99000000000001,TRUE,"",0,392,910392,920392,930392
"DGMM",NA,0.831575942530389,0.044,0.614258925647029,0.169,-31214.1555180999,64514.4531304523,13,1.65999999999997,TRUE,"",0.1,392,910392,920392,930392
"RDMM",8.44945542838962,0.972168153108867,0.007,0.775296821511112,0.092,-29434.8688556117,60948.972050197,100,4.24000000000001,TRUE,"",0.1,392,910392,920392,930392
"DGMM",NA,0.0028695039952584,0.47,0.0017307775943022,0.721,-31606.3519539351,65298.8460021229,21,2.5,TRUE,"",0.2,392,910392,920392,930392
"RDMM",5.2274041600832,0.910026020616774,0.023,0.552735785928122,0.221,-31322.697538808,64724.6294165896,205,8.12,TRUE,"",0.2,392,910392,920392,930392
"DGMM",NA,-0.00059972971575517,0.492,0.00200827513563187,0.72,-33412.6873592227,68911.5168126981,23,2.77999999999997,TRUE,"",0.3,392,910392,920392,930392
"RDMM",4.06978882838174,0.868492475414979,0.034,0.508663011408264,0.249,-33072.6451176658,68224.5245743052,124,5,TRUE,"",0.3,392,910392,920392,930392
"DGMM",NA,-0.000686782778333919,0.492,0.206053783721006,0.532,-35261.5191938421,72609.1804819369,19,2.28000000000009,TRUE,"",0.4,392,910392,920392,930392
"RDMM",3.52109211663316,0.817032967032967,0.048,0.463772649242899,0.31,-34791.4724258486,71662.1791906708,100,4.11000000000001,TRUE,"",0.4,392,910392,920392,930392
"DGMM",NA,-0.000585802372499591,0.49,0.0035378374396146,0.714,-36853.1933405651,75792.5287753828,24,2.88,TRUE,"",0.5,392,910392,920392,930392
"RDMM",3.28068041307082,0.827927834822842,0.045,0.459288239836786,0.282,-36338.4489135278,74756.1321660293,100,4.05999999999995,TRUE,"",0.5,392,910392,920392,930392
"DGMM",NA,1,0,0.801694607844824,0.081,-27139.6263897163,56365.3948736852,20,2.5,TRUE,"",0,393,910393,920393,930393
"RDMM",199.999913471889,1,0,0.837802860030073,0.065,-27104.8290252317,56288.8923894369,100,4.04999999999995,TRUE,"",0,393,910393,920393,930393
"DGMM",NA,0.940840030986965,0.015,0.467373839356512,0.488,-31013.6066107433,64113.3553157392,39,4.62,TRUE,"",0.1,393,910393,920393,930393
"RDMM",8.41618672002844,0.960360097694397,0.01,0.816849960003834,0.073,-29321.1699987097,60721.574336393,136,5.46000000000004,TRUE,"",0.1,393,910393,920393,930393
"DGMM",NA,-0.00181169185832653,0.493,-0.00121663398776017,0.726,-31607.1729780157,65300.4880502841,25,2.99000000000001,TRUE,"",0.2,393,910393,920393,930393
"RDMM",5.37566171060582,0.936960396446046,0.016,0.543763809201411,0.265,-31199.1212584323,64477.4768558382,165,6.81000000000006,TRUE,"",0.2,393,910393,920393,930393
"DGMM",NA,-0.000289401964978566,0.482,-0.000893565689854223,0.725,-33437.8532065689,68961.8485073904,26,3.18999999999994,TRUE,"",0.3,393,910393,920393,930393
"RDMM",4.2450113505322,0.88724953789785,0.029,0.645004747767861,0.155,-32950.130573739,67979.4954864516,129,5.13,TRUE,"",0.3,393,910393,920393,930393
"DGMM",NA,-0.00123775253491904,0.496,-0.000611826633352824,0.721,-35293.7706671696,72673.6834285918,27,3.29000000000008,TRUE,"",0.4,393,910393,920393,930393
"RDMM",3.55651340058005,0.835229438333837,0.043,0.417054389796608,0.362,-34623.2249608155,71325.6842606046,143,5.79999999999995,TRUE,"",0.4,393,910393,920393,930393
"DGMM",NA,0.601776666367095,0.112,0.303171555190104,0.403,-40033.2564941048,82152.6550824621,7,0.879999999999995,TRUE,"",0.5,393,910393,920393,930393
"RDMM",3.29125973229043,0.817031820630624,0.048,0.494910181318907,0.24,-36202.7350916104,74484.7045221945,100,4.01999999999998,TRUE,"",0.5,393,910393,920393,930393
"DGMM",NA,1,0,0.846984907051082,0.061,-27176.2050648324,56438.5522239174,37,4.36000000000001,TRUE,"",0,394,910394,920394,930394
"RDMM",199.999947832355,1,0,0.853988570174667,0.058,-27164.21625125,56407.6668414736,139,5.58000000000004,TRUE,"",0,394,910394,920394,930394
"DGMM",NA,0.956440418488528,0.011,0.754580103531022,0.101,-31580.4461816767,65247.0344576061,32,3.82999999999993,TRUE,"",0.1,394,910394,920394,930394
"RDMM",7.85435441757691,0.952528506791744,0.012,0.788989505254289,0.085,-29411.4101585528,60902.0546560793,100,4.12,TRUE,"",0.1,394,910394,920394,930394
"DGMM",NA,0.659008833653632,0.094,0.451781747703762,0.26,-33523.330142847,69132.8023799466,17,2.05000000000007,TRUE,"",0.2,394,910394,920394,930394
"RDMM",4.99043968841007,0.925369318817977,0.019,0.762834499105327,0.096,-31244.5927896984,64568.4199183705,147,5.84000000000003,TRUE,"",0.2,394,910394,920394,930394
"DGMM",NA,-0.000433218964100936,0.49,-0.000282761749852292,0.721,-33445.8933342437,68977.92876274,31,3.68999999999994,TRUE,"",0.3,394,910394,920394,930394
"RDMM",4.02910410122651,0.891026960595032,0.028,0.706481250990555,0.122,-32948.9722381313,67977.1788152362,103,4.17000000000007,TRUE,"",0.3,394,910394,920394,930394
"DGMM",NA,-0.000826856410671223,0.495,-0.00109692221971297,0.731,-35300.0353577086,72686.2128096697,21,2.58999999999992,TRUE,"",0.4,394,910394,920394,930394
"RDMM",3.41725313366822,0.831575516708746,0.044,0.683149663231823,0.132,-34745.017557532,71569.2694540376,100,4.17000000000007,TRUE,"",0.4,394,910394,920394,930394
"DGMM",NA,-0.000723945767227597,0.492,-0.0009496104423056,0.737,-37034.5251637942,76155.1924218411,23,2.75,TRUE,"",0.5,394,910394,920394,930394
"RDMM",3.10983018525998,0.809809706233576,0.05,0.6342588707404,0.156,-36422.6795460907,74924.593431155,117,4.75,TRUE,"",0.5,394,910394,920394,930394
"DGMM",NA,0.992008003510713,0.002,0.860760565117718,0.055,-27054.461910542,56195.0659153366,31,3.72000000000003,TRUE,"",0,395,910395,920395,930395
"RDMM",199.999913439991,0.995999997133853,0.001,0.860824202870413,0.055,-27044.9179192717,56169.070177517,100,4.06999999999994,TRUE,"",0,395,910395,920395,930395
"DGMM",NA,0.777696965587967,0.059,0.48377015812511,0.241,-31749.9874062423,65586.1169067373,16,1.94000000000005,TRUE,"",0.1,395,910395,920395,930395
"RDMM",8.61939986702725,0.940840832185354,0.015,0.71528239329561,0.119,-29340.0534909698,60759.3413209132,129,5.22000000000003,TRUE,"",0.1,395,910395,920395,930395
"DGMM",NA,-0.00136010308896093,0.496,-0.000493581643368459,0.734,-31763.8970578192,65613.9362098909,28,3.38,TRUE,"",0.2,395,910395,920395,930395
"RDMM",5.07333824200747,0.906210247506542,0.024,0.74190301925502,0.105,-31306.6454689416,64692.5252768568,194,7.75,TRUE,"",0.2,395,910395,920395,930395
"DGMM",NA,0.472799835503118,0.156,0.262285861194439,0.551,-35604.6633581081,73295.4688104689,26,3.11000000000001,TRUE,"",0.3,395,910395,920395,930395
"RDMM",4.10140830409494,0.872228309235911,0.033,0.696192309542741,0.126,-32977.6081437618,68034.4506264973,141,5.75999999999999,TRUE,"",0.3,395,910395,920395,930395
"DGMM",NA,3.41953347707784e-05,0.483,-0.000111187790841896,0.732,-35348.6961158686,72783.5343259898,42,4.93999999999994,TRUE,"",0.4,395,910395,920395,930395
"RDMM",3.46671078700906,0.835231162618782,0.043,0.500788676374942,0.243,-34718.6972238968,71516.6287867673,120,4.75,TRUE,"",0.4,395,910395,920395,930395
"DGMM",NA,-0.00091743907525729,0.494,-0.000585330047339407,0.729,-37104.6526989481,76295.4474921487,25,3.11000000000001,TRUE,"",0.5,395,910395,920395,930395
"RDMM",3.21436513445356,0.827928088664312,0.045,0.618221950147486,0.164,-36190.7519075457,74460.738154065,100,4.13999999999999,TRUE,"",0.5,395,910395,920395,930395
"DGMM",NA,0.995999999984994,0.001,0.83920513107879,0.064,-27087.7196018787,56261.5812980099,21,2.56000000000006,TRUE,"",0,396,910396,920396,930396
"RDMM",199.999947766954,0.995999999984994,0.001,0.846380205008744,0.061,-27050.8162788498,56180.8668966732,130,5.27999999999997,TRUE,"",0,396,910396,920396,930396
"DGMM",NA,0.83157552130177,0.044,0.422146803377673,0.343,-31457.3798145309,65000.9017233144,16,1.92000000000007,TRUE,"",0.1,396,910396,920396,930396
"RDMM",8.0120771001371,0.948624622771406,0.013,0.573903604176137,0.231,-29332.8475348871,60744.9294087479,132,5.29999999999995,TRUE,"",0.1,396,910396,920396,930396
"DGMM",NA,-0.0010081695368805,0.499,-0.000667767153238719,0.731,-31514.9264533453,65115.9950009433,26,3.09000000000003,TRUE,"",0.2,396,910396,920396,930396
"RDMM",5.2414994549313,0.894810800945381,0.027,0.569695739397008,0.208,-31131.2237861875,64341.6819113485,114,4.61000000000001,TRUE,"",0.2,396,910396,920396,930396
"DGMM",NA,-0.00100758660526026,0.5,-0.00118048315795123,0.737,-33481.6114792181,69049.3650526887,24,2.88999999999999,TRUE,"",0.3,396,910396,920396,930396
"RDMM",3.93177877478254,0.868492487103589,0.034,0.667784546241667,0.14,-32972.2908962235,68023.8161314205,267,10.65,TRUE,"",0.3,396,910396,920396,930396
"DGMM",NA,0.000293134997966815,0.482,-0.000272924441972796,0.725,-35238.4290678718,72563.0002299961,26,3.19000000000005,TRUE,"",0.4,396,910396,920396,930396
"RDMM",3.44662755637661,0.842566555799266,0.041,0.6584290317053,0.143,-34663.8444118923,71406.9231627581,135,5.5,TRUE,"",0.4,396,910396,920396,930396
"DGMM",NA,0.784780785935686,0.057,0.449818409076457,0.272,-39991.6730490721,82069.4881923967,6,0.759999999999991,TRUE,"",0.5,396,910396,920396,930396
"RDMM",3.12766285712628,0.767143116398694,0.062,0.448983031496122,0.27,-36369.8776454776,74818.9896299288,132,5.24000000000001,TRUE,"",0.5,396,910396,920396,930396
"DGMM",NA,0.992008003510713,0.002,0.755347231874449,0.102,-27284.7724349547,56655.686964162,19,2.34000000000003,TRUE,"",0,397,910397,920397,930397
"RDMM",199.999954312491,0.992008003510713,0.002,0.854267573192998,0.058,-27100.3821284768,56279.9985959272,108,4.40999999999997,TRUE,"",0,397,910397,920397,930397
"DGMM",NA,0.838892570394029,0.042,0.516451957255497,0.232,-31142.0130222009,64370.1681386545,20,2.59000000000003,TRUE,"",0.1,397,910397,920397,930397
"RDMM",8.6181925588683,0.976120081956699,0.006,0.831532368587847,0.067,-29280.4087135773,60640.0517661282,160,6.34000000000003,TRUE,"",0.1,397,910397,920397,930397
"DGMM",NA,-0.00062407098097943,0.486,0.261526938792789,0.506,-31497.51181303,65081.1657203126,23,2.75,TRUE,"",0.2,397,910397,920397,930397
"RDMM",5.24918918070753,0.936960860215673,0.016,0.758993813212714,0.098,-31095.5599300254,64270.3541990244,228,9.17999999999995,TRUE,"",0.2,397,910397,920397,930397
"DGMM",NA,-0.000963720500078977,0.492,0.000425470432816973,0.726,-33565.5065842655,69217.1552627836,24,2.92000000000007,TRUE,"",0.3,397,910397,920397,930397
"RDMM",3.92468616358973,0.898602440555241,0.026,0.747070780645201,0.103,-32992.2240430536,68063.6824250808,100,4.04999999999984,TRUE,"",0.3,397,910397,920397,930397
"DGMM",NA,-0.000420669573966747,0.487,0.00183862086167403,0.721,-35420.6843628325,72927.5108199177,20,2.41999999999985,TRUE,"",0.4,397,910397,920397,930397
"RDMM",3.31616467004037,0.842566217514451,0.041,0.713124594639039,0.119,-34772.7286665327,71624.6916720391,116,4.65000000000009,TRUE,"",0.4,397,910397,920397,930397
"DGMM",NA,-0.000240509263639378,0.486,0.000428790711316943,0.726,-37283.0011032935,76652.1443008397,19,2.27999999999997,TRUE,"",0.5,397,910397,920397,930397
"RDMM",3.09836492423823,0.770654146163693,0.061,0.44978506359243,0.329,-36772.0417148941,75623.3177687617,100,4.08999999999992,TRUE,"",0.5,397,910397,920397,930397
"DGMM",NA,0.992008005970772,0.002,0.840462292314774,0.064,-27175.6583993025,56437.4588928577,21,2.52000000000021,TRUE,"",0,398,910398,920398,930398
"RDMM",199.99995370259,0.992008005970772,0.002,0.849936598636833,0.06,-27144.0694871491,56367.3733132718,100,4.16999999999985,TRUE,"",0,398,910398,920398,930398
"DGMM",NA,0.784781429972498,0.057,0.3858768975594,0.503,-31378.4708573792,64843.0838090109,21,2.50999999999999,TRUE,"",0.1,398,910398,920398,930398
"RDMM",8.17210856724528,0.944728742817901,0.014,0.811755923960773,0.076,-29381.632767522,60842.4998740176,254,10.1900000000001,TRUE,"",0.1,398,910398,920398,930398
"DGMM",NA,0.586349337464804,0.117,0.381747321265719,0.316,-33695.0393590331,69476.2208123187,18,2.29999999999995,TRUE,"",0.2,398,910398,920398,930398
"RDMM",5.14054894401859,0.936960955176029,0.016,0.768051914265133,0.095,-31243.3864547628,64566.0072484991,100,4.12000000000012,TRUE,"",0.2,398,910398,920398,930398
"DGMM",NA,0.000704622122696925,0.48,9.60779530890373e-05,0.726,-33431.3960689056,68948.9342320638,21,2.5,TRUE,"",0.3,398,910398,920398,930398
"RDMM",3.87212855677323,0.902402420812534,0.025,0.549765076303866,0.239,-33115.9992923496,68311.2329236728,109,4.47000000000003,TRUE,"",0.3,398,910398,920398,930398
"DGMM",NA,0.000200873603934501,0.483,6.06073548135385e-05,0.724,-35164.3102239834,72414.7625422195,21,2.48000000000002,TRUE,"",0.4,398,910398,920398,930398
"RDMM",3.38836033296148,0.861045032293503,0.036,0.681996672002791,0.133,-34637.6188676815,71354.4720743366,100,4.00999999999999,TRUE,"",0.4,398,910398,920398,930398
"DGMM",NA,-0.000501596827092781,0.489,-0.000969357277659459,0.732,-36913.1785214679,75912.4991371883,29,3.43999999999983,TRUE,"",0.5,398,910398,920398,930398
"RDMM",3.16158647345086,0.838894915154727,0.042,0.626231108685507,0.161,-36242.9229034579,74565.0801458893,145,5.83999999999992,TRUE,"",0.5,398,910398,920398,930398
"DGMM",NA,0.988024024379223,0.003,0.751812741907617,0.104,-27150.6265279135,56387.3951500797,15,1.86999999999989,TRUE,"",0,399,910399,920399,930399
"RDMM",199.999953653043,0.988024024379223,0.003,0.823732599676603,0.071,-27006.892007783,56093.0183545397,214,8.53999999999996,TRUE,"",0,399,910399,920399,930399
"DGMM",NA,0.933089097831747,0.017,0.636946256109937,0.162,-32366.9864185881,66820.1149314289,18,2.16999999999985,TRUE,"",0.1,399,910399,920399,930399
"RDMM",7.32635627779314,0.944728728174909,0.014,0.765183043840254,0.096,-29451.1818555134,60981.5980500005,103,4.19000000000005,TRUE,"",0.1,399,910399,920399,930399
"DGMM",NA,0.777701851919859,0.059,0.349850733864393,0.377,-35129.1835294358,72344.5091531242,12,1.47000000000003,TRUE,"",0.2,399,910399,920399,930399
"RDMM",4.87620133266254,0.906210207165334,0.024,0.732883942427419,0.11,-31275.4028954506,64630.0401298749,111,4.57999999999993,TRUE,"",0.2,399,910399,920399,930399
"DGMM",NA,-0.000830048678114279,0.494,-0.000702705902437142,0.734,-33777.8581704429,69641.8584351384,19,2.2800000000002,TRUE,"",0.3,399,910399,920399,930399
"RDMM",3.6482905600525,0.87222822546283,0.033,0.487205393458471,0.319,-33133.4556495678,68346.1456381092,186,7.43999999999983,TRUE,"",0.3,399,910399,920399,930399
"DGMM",NA,-0.000588698218949932,0.49,-0.000995005676897795,0.737,-35572.1014367435,73230.3449677397,19,2.46000000000004,TRUE,"",0.4,399,910399,920399,930399
"RDMM",3.20294537677327,0.831575559306938,0.044,0.635224820517196,0.157,-34742.894922916,71565.0241848057,171,6.83000000000015,TRUE,"",0.4,399,910399,920399,930399
"DGMM",NA,-0.000596109352263757,0.49,-0.000989834184281979,0.735,-37317.290315665,76720.7227255826,21,2.55999999999995,TRUE,"",0.5,399,910399,920399,930399
"RDMM",3.01066793566461,0.777701679783733,0.059,0.456300627447483,0.29,-36480.0947434546,75039.4238258827,100,4.03999999999996,TRUE,"",0.5,399,910399,920399,930399
"DGMM",NA,0.995999996623648,0.001,0.820038219244159,0.073,-26987.0921215743,56060.3263374012,22,2.6400000000001,TRUE,"",0,400,910400,920400,930400
"RDMM",199.999950857782,0.995999996623648,0.001,0.86145038469628,0.055,-26979.2011022343,56037.6365434423,100,4.09999999999991,TRUE,"",0,400,910400,920400,930400
"DGMM",NA,0.972168143005071,0.007,0.724650187451422,0.116,-31574.9486745997,65236.039443452,18,2.15000000000009,TRUE,"",0.1,400,910400,920400,930400
"RDMM",7.65968451681723,0.956440399750402,0.011,0.798020085738586,0.082,-29255.0758897551,60589.3861184838,100,4.02999999999997,TRUE,"",0.1,400,910400,920400,930400
"DGMM",NA,0.000345330349171932,0.485,-0.000228921810078983,0.738,-31509.0411733928,65104.2244410382,22,2.59999999999991,TRUE,"",0.2,400,910400,920400,930400
"RDMM",4.98785832277267,0.933089026585989,0.017,0.737235893756876,0.109,-30958.2230735927,63995.6804861591,100,4.02999999999997,TRUE,"",0.2,400,910400,920400,930400
"DGMM",NA,-0.000538158629040282,0.493,-0.000430035862479276,0.739,-33435.4224158651,68956.9869259827,21,2.47000000000003,TRUE,"",0.3,400,910400,920400,930400
"RDMM",3.88808254974842,0.891026939541183,0.028,0.70325329655167,0.124,-32874.3114752484,67827.8572894704,200,8.02999999999997,TRUE,"",0.3,400,910400,920400,930400
"DGMM",NA,-0.000546357212220969,0.491,-0.000491921291973472,0.736,-35120.006563348,72326.1552209487,24,2.81000000000017,TRUE,"",0.4,400,910400,920400,930400
"RDMM",3.41855687699435,0.86849240072927,0.034,0.608233844073102,0.176,-34520.0279719193,71119.2902828121,114,4.69999999999982,TRUE,"",0.4,400,910400,920400,930400
"DGMM",NA,-0.000620823465910503,0.491,-0.000563880883794838,0.737,-36906.6779585278,75899.4980113082,28,3.38000000000011,TRUE,"",0.5,400,910400,920400,930400
"RDMM",3.04688105895856,0.809809657121039,0.05,0.470248338764453,0.311,-36067.7279990856,74214.6903371448,100,4.6099999999999,TRUE,"",0.5,400,910400,920400,930400
"DGMM",NA,0.992007990214064,0.002,0.800531222430316,0.081,-27054.2764766468,56194.6950475462,17,2.13000000000011,TRUE,"",0,401,910401,920401,930401
"RDMM",195.159179266277,0.992007990214064,0.002,0.83823667039558,0.065,-27025.4863801098,56130.2070991932,100,4.07999999999993,TRUE,"",0,401,910401,920401,930401
"DGMM",NA,0.929224572673602,0.018,0.709173696534762,0.123,-30786.0120690378,63658.1662323282,17,2.29999999999995,TRUE,"",0.1,401,910401,920401,930401
"RDMM",8.99402115255911,0.992007984755783,0.002,0.819429132030477,0.073,-29118.15173266,60315.5378042937,100,4.20000000000005,TRUE,"",0.1,401,910401,920401,930401
"DGMM",NA,0.70194497088767,0.081,0.463879255746795,0.263,-34466.7958020459,71019.7336983444,6,0.799999999999955,TRUE,"",0.2,401,910401,920401,930401
"RDMM",5.15676940686884,0.940840795992756,0.015,0.697275175797155,0.129,-31100.6916909609,64280.6177208954,136,5.48000000000002,TRUE,"",0.2,401,910401,920401,930401
"DGMM",NA,-0.000272528163040881,0.483,-0.000823432149173994,0.73,-33305.4913485465,68697.1247913457,24,2.90000000000009,TRUE,"",0.3,401,910401,920401,930401
"RDMM",3.98961444524978,0.921521396101829,0.02,0.685214668467925,0.135,-32792.6441358808,67664.5226107353,143,5.75,TRUE,"",0.3,401,910401,920401,930401
"DGMM",NA,-0.00118088559174691,0.498,0.206017619765511,0.551,-34939.435745505,71965.0135852626,26,3.18000000000006,TRUE,"",0.4,401,910401,920401,930401
"RDMM",3.4717347898323,0.875971611119814,0.032,0.642019716584516,0.156,-34370.9928962633,70821.2201315001,179,7.5,TRUE,"",0.4,401,910401,920401,930401
"DGMM",NA,-0.00105190363182428,0.499,-0.000871648472642191,0.725,-36668.3988637437,75422.9398217401,20,2.39999999999986,TRUE,"",0.5,401,910401,920401,930401
"RDMM",3.22971648308086,0.795459356085787,0.054,0.413108849257221,0.33,-36085.1633368279,74249.5610126295,106,4.26999999999998,TRUE,"",0.5,401,910401,920401,930401
"DGMM",NA,0.992008003333768,0.002,0.592375266032883,0.2,-27401.7124790921,56889.5670524368,12,1.5,TRUE,"",0,402,910402,920402,930402
"RDMM",199.999952689156,0.995999997133853,0.001,0.858726886263457,0.056,-27142.4426021818,56364.1195433372,113,4.53999999999996,TRUE,"",0,402,910402,920402,930402
"DGMM",NA,0.774170031285461,0.06,0.370544167128287,0.485,-31123.3186405501,64332.7793753527,30,3.6099999999999,TRUE,"",0.1,402,910402,920402,930402
"RDMM",8.57332729716262,0.944728722128082,0.014,0.790955245889942,0.085,-29344.1939541114,60767.6222471964,117,4.79999999999995,TRUE,"",0.1,402,910402,920402,930402
"DGMM",NA,0.604881447998435,0.111,0.330102864246031,0.372,-33506.3704587893,69098.8830118312,15,2.02999999999997,TRUE,"",0.2,402,910402,920402,930402
"RDMM",5.27463456368435,0.898602627752377,0.026,0.727708061950917,0.113,-31239.1002099293,64557.4347588323,109,4.44000000000005,TRUE,"",0.2,402,910402,920402,930402
"DGMM",NA,0.0024229891977148,0.47,0.00181410538150151,0.713,-33543.6514443041,69173.4449828608,27,3.19000000000005,TRUE,"",0.3,402,910402,920402,930402
"RDMM",3.96562524724334,0.835231325075978,0.043,0.480319027812126,0.269,-33206.8230911741,68492.8805213218,109,4.45000000000005,TRUE,"",0.3,402,910402,920402,930402
"DGMM",NA,0.662255720297317,0.093,0.371616883542044,0.318,-38681.7501287642,79449.6423517811,7,0.889999999999873,TRUE,"",0.4,402,910402,920402,930402
"RDMM",3.43008067121912,0.799034891036228,0.053,0.488792403118183,0.251,-34776.7816101914,71632.7975593564,123,4.98000000000002,TRUE,"",0.4,402,910402,920402,930402
"DGMM",NA,-0.000117966622470306,0.485,0.000409734653566499,0.722,-36945.6053017399,75977.3526977324,24,2.84000000000015,TRUE,"",0.5,402,910402,920402,930402
"RDMM",3.1868624429651,0.77417423018615,0.06,0.516713268059631,0.226,-36415.2254755153,74909.6852900043,112,4.51999999999998,TRUE,"",0.5,402,910402,920402,930402
"DGMM",NA,0.992008002907998,0.002,0.858710253403633,0.056,-27189.3239056501,56464.7899055529,21,2.54999999999995,TRUE,"",0,403,910403,920403,930403
"RDMM",180.258465407024,0.992008002907998,0.002,0.860798505876617,0.055,-27147.6296926772,56374.4937243281,100,4.03999999999996,TRUE,"",0,403,910403,920403,930403
"DGMM",NA,0.788333966273705,0.056,0.488246966171402,0.238,-31346.3418423124,64778.8257788775,18,2.18000000000006,TRUE,"",0.1,403,910403,920403,930403
"RDMM",8.14541242112637,0.952528490417411,0.012,0.679402715500429,0.148,-29409.6248162873,60898.4839715482,221,8.80999999999995,TRUE,"",0.1,403,910403,920403,930403
"DGMM",NA,0.626900038150311,0.104,0.306536149948664,0.533,-33503.4488464144,69093.0397870814,21,2.49000000000001,TRUE,"",0.2,403,910403,920403,930403
"RDMM",5.15002288055833,0.936960914677433,0.016,0.642681953875501,0.167,-31246.2839120448,64571.8021630632,105,4.17000000000007,TRUE,"",0.2,403,910403,920403,930403
"DGMM",NA,-0.000705705565204976,0.496,-0.000603162699138916,0.729,-33257.0435217071,68600.2291376668,27,3.30999999999995,TRUE,"",0.3,403,910403,920403,930403
"RDMM",4.01754855284838,0.898602528156206,0.026,0.585983204256534,0.192,-33034.8891918143,68149.0127226023,108,4.44000000000005,TRUE,"",0.3,403,910403,920403,930403
"DGMM",NA,0.000262755783787547,0.483,0.000636002617177122,0.717,-35071.8264227973,72229.7949398472,23,3.08999999999992,TRUE,"",0.4,403,910403,920403,930403
"RDMM",3.43066884946016,0.85733321145542,0.037,0.652102473533004,0.147,-34636.6546935355,71352.5437260445,173,6.99000000000001,TRUE,"",0.4,403,910403,920403,930403
"DGMM",NA,0.688589348225123,0.085,0.374873913015858,0.314,-39867.4213774642,81820.9848491811,6,0.779999999999973,TRUE,"",0.5,403,910403,920403,930403
"RDMM",3.20564441181708,0.835231135695764,0.043,0.565357286679678,0.193,-36227.8415690596,74534.9174770929,133,5.5300000000002,TRUE,"",0.5,403,910403,920403,930403
"DGMM",NA,0.995999970362936,0.001,0.568012314809888,0.217,-27439.0764248612,56964.294943975,19,2.50999999999999,TRUE,"",0,404,910404,920404,930404
"RDMM",199.999949919715,0.988023935290834,0.003,0.640708050119387,0.193,-27287.7057086532,56654.64575628,168,7.25,TRUE,"",0,404,910404,920404,930404
"DGMM",NA,0.940840476494417,0.015,0.443518563734699,0.338,-31108.7809151002,64303.7039244531,16,2.01999999999998,TRUE,"",0.1,404,910404,920404,930404
"RDMM",8.91506211188663,0.952528145633683,0.012,0.517368900861122,0.306,-29469.0369135622,61017.3081660981,100,4.00999999999999,TRUE,"",0.1,404,910404,920404,930404
"DGMM",NA,0.630002867653278,0.103,0.349870539663491,0.315,-33642.589378235,69371.3208507226,22,2.63999999999987,TRUE,"",0.2,404,910404,920404,930404
"RDMM",5.26455277390259,0.910025471898886,0.023,0.738985209745314,0.107,-31299.3531413577,64677.940621689,113,4.56000000000017,TRUE,"",0.2,404,910404,920404,930404
"DGMM",NA,0.48652058078915,0.151,0.204849092488828,0.537,-35924.66568458,73935.4734634127,19,2.29999999999995,TRUE,"",0.3,404,910404,920404,930404
"RDMM",3.98002921495568,0.861044103821681,0.036,0.692279334010851,0.128,-33051.5536275561,68182.3415940858,104,4.19000000000005,TRUE,"",0.3,404,910404,920404,930404
"DGMM",NA,0.314732302355491,0.219,0.141795153758755,0.596,-37201.6593978403,76489.4608899332,61,7.19999999999982,TRUE,"",0.4,404,910404,920404,930404
"RDMM",3.49498718109666,0.831572616387042,0.044,0.658670181721174,0.143,-34632.1164769661,71343.4672929059,179,7.2800000000002,TRUE,"",0.4,404,910404,920404,930404
"DGMM",NA,-0.000867290150738339,0.493,0.0029682779534749,0.711,-36939.3858153601,75964.9137249728,28,3.57999999999993,TRUE,"",0.5,404,910404,920404,930404
"RDMM",3.17517589969154,0.806209646781828,0.051,0.544099271486321,0.21,-36269.4922762471,74618.2188914678,115,4.63000000000011,TRUE,"",0.5,404,910404,920404,930404
"DGMM",NA,0.992008008132933,0.002,0.858033799838622,0.056,-27219.8765455301,56525.8951853128,26,3.2199999999998,TRUE,"",0,405,910405,920405,930405
"RDMM",199.999950282044,0.992008008132933,0.002,0.858161480387007,0.056,-27198.6642942575,56476.5629274886,100,3.94999999999982,TRUE,"",0,405,910405,920405,930405
"DGMM",NA,0.809809725260217,0.05,0.564204928623475,0.197,-31648.5175614911,65383.1772172349,30,3.69000000000005,TRUE,"",0.1,405,910405,920405,930405
"RDMM",7.94351275697179,0.944728729592688,0.014,0.817085115844621,0.073,-29512.5480380971,61104.3304151677,100,4.03999999999996,TRUE,"",0.1,405,910405,920405,930405
"DGMM",NA,-0.000496158026335295,0.488,-0.000401466769927134,0.728,-31800.2913974849,65686.7248892224,23,2.83000000000015,TRUE,"",0.2,405,910405,920405,930405
"RDMM",5.15779902367494,0.921521522748238,0.02,0.779393912589011,0.089,-31314.0661038139,64707.3665466013,100,3.99000000000001,TRUE,"",0.2,405,910405,920405,930405
"DGMM",NA,0.000894538563642378,0.478,-2.43294192487128e-05,0.728,-33584.4349704807,69255.0120352141,24,2.94999999999982,TRUE,"",0.3,405,910405,920405,930405
"RDMM",3.96832667779211,0.910026029063862,0.023,0.730470669034658,0.112,-33085.9763166093,68251.1869721923,180,7.27000000000021,TRUE,"",0.3,405,910405,920405,930405
"DGMM",NA,-0.000345806582652145,0.487,-0.000939568006499217,0.733,-35258.4410741312,72603.0242425151,21,2.5,TRUE,"",0.4,405,910405,920405,930405
"RDMM",3.52434002187815,0.82065664835871,0.047,0.477650532989257,0.325,-34758.816787398,71596.8679137697,172,6.83999999999992,TRUE,"",0.4,405,910405,920405,930405
"DGMM",NA,0.00190938457573598,0.473,0.000270142544927193,0.725,-36961.9274107283,76009.9969157091,30,3.55999999999995,TRUE,"",0.5,405,910405,920405,930405
"RDMM",3.17317735311272,0.80980981278272,0.05,0.631431899703451,0.158,-36220.3512900306,74519.9369190348,121,5.11000000000013,TRUE,"",0.5,405,910405,920405,930405
"DGMM",NA,1,0,0.649853831901332,0.158,-27309.4095324594,56704.9611591714,15,1.8599999999999,TRUE,"",0,406,910406,920406,930406
"RDMM",199.999950532684,1,0,0.837415945349196,0.065,-27138.5022767477,56356.238892469,186,7.69000000000005,TRUE,"",0,406,910406,920406,930406
"DGMM",NA,0.906210201752221,0.024,0.476730747345425,0.281,-31319.1212364132,64724.384567079,25,3.05999999999995,TRUE,"",0.1,406,910406,920406,930406
"RDMM",8.12788279627943,0.96428828751537,0.009,0.769737077421601,0.094,-29315.671297375,60710.5769337235,175,7,TRUE,"",0.1,406,910406,920406,930406
"DGMM",NA,-0.000278079049452429,0.487,0.00904457511685279,0.691,-31515.2471329228,65116.6363600981,30,3.54999999999995,TRUE,"",0.2,406,910406,920406,930406
"RDMM",5.28537132452428,0.921521522748238,0.02,0.524762794045891,0.241,-31177.342804707,64433.9199483877,161,6.45000000000005,TRUE,"",0.2,406,910406,920406,930406
"DGMM",NA,-0.000719171682726837,0.492,0.000196244954390624,0.732,-33298.730335264,68683.6027647806,23,2.75999999999999,TRUE,"",0.3,406,910406,920406,930406
"RDMM",4.05420441924075,0.902402402637106,0.025,0.491955007010964,0.321,-32973.8189737475,68026.8722864685,100,4.08000000000015,TRUE,"",0.3,406,910406,920406,930406
"DGMM",NA,-0.000665457202748483,0.491,-0.000888434879191721,0.738,-34969.8193199698,72025.7807341922,27,3.30999999999995,TRUE,"",0.4,406,910406,920406,930406
"RDMM",3.46775355223776,0.85733332727215,0.037,0.664420069856764,0.141,-34524.0432349726,71127.3208089188,100,4.01999999999998,TRUE,"",0.4,406,910406,920406,930406
"DGMM",NA,-0.000320574028022229,0.487,-0.000105866534282825,0.73,-36765.1852941259,75616.5126825044,21,2.56999999999994,TRUE,"",0.5,406,910406,920406,930406
"RDMM",3.18060615411842,0.827927917582923,0.045,0.529695800935714,0.219,-36317.1790067888,74713.5923525511,144,5.55000000000018,TRUE,"",0.5,406,910406,920406,930406
"DGMM",NA,0.988024022375517,0.003,0.818454224984881,0.073,-27196.7160785221,56479.5742512968,38,4.6099999999999,TRUE,"",0,407,910407,920407,930407
"RDMM",199.999948845886,0.988024022375517,0.003,0.839124094290592,0.064,-27171.3554846153,56421.9453082043,138,5.72000000000003,TRUE,"",0,407,910407,920407,930407
"DGMM",NA,0.87972393458023,0.031,0.538800103402859,0.227,-31351.3327650067,64788.807624266,20,2.38999999999987,TRUE,"",0.1,407,910407,920407,930407
"RDMM",8.1951079362759,0.944728716598743,0.014,0.796638307570522,0.082,-29326.8968329171,60733.0280048078,185,7.6400000000001,TRUE,"",0.1,407,910407,920407,930407
"DGMM",NA,0.568090245870379,0.123,0.422234094538125,0.293,-33827.1638544489,69740.4698031504,22,2.67000000000007,TRUE,"",0.2,407,910407,920407,930407
"RDMM",5.0712235946218,0.89860258034965,0.026,0.766446465293541,0.095,-31205.1704860727,64489.5753111191,146,5.8599999999999,TRUE,"",0.2,407,910407,920407,930407
"DGMM",NA,-0.000911065253544873,0.498,0.000189004808929348,0.736,-33516.8438858093,69119.8298658713,20,2.3900000000001,TRUE,"",0.3,407,910407,920407,930407
"RDMM",3.88408475235088,0.813417356843554,0.049,0.473419342847755,0.3,-33169.5608085729,68418.3559561195,175,6.99000000000001,TRUE,"",0.3,407,910407,920407,930407
"DGMM",NA,-0.000712216440237467,0.492,0.000142579410812418,0.736,-35442.1138199066,72970.3697340658,24,2.8599999999999,TRUE,"",0.4,407,910407,920407,930407
"RDMM",3.27860884490326,0.806210148303153,0.051,0.653193881308463,0.147,-34959.7782776626,71998.7908942989,107,4.36000000000013,TRUE,"",0.4,407,910407,920407,930407
"DGMM",NA,0.695251229880994,0.083,0.24775625792757,0.502,-40277.6804702713,82641.5030347953,15,1.80999999999995,TRUE,"",0.5,407,910407,920407,930407
"RDMM",2.99957199166589,0.795459414570429,0.054,0.622984504496883,0.162,-36519.2034604935,75117.6412599606,100,3.99000000000001,TRUE,"",0.5,407,910407,920407,930407
"DGMM",NA,0.995999999473251,0.001,0.802855136339497,0.08,-27267.3554549898,56620.8530042323,18,2.24000000000001,TRUE,"",0,408,910408,920408,930408
"RDMM",135.550283132793,0.995999999473251,0.001,0.837690535791985,0.065,-27246.6231660346,56572.4806710428,100,4.06999999999994,TRUE,"",0,408,910408,920408,930408
"DGMM",NA,0.964288293753677,0.009,0.450563995131841,0.458,-31438.086438492,64962.3149712366,19,2.27999999999997,TRUE,"",0.1,408,910408,920408,930408
"RDMM",8.25752309928422,0.972168164503071,0.007,0.805955488575686,0.078,-29428.1826764668,60935.5996919073,118,4.75,TRUE,"",0.1,408,910408,920408,930408
"DGMM",NA,0.611131917274457,0.109,0.263622963902051,0.488,-33841.7032640908,69769.5486224341,24,2.8900000000001,TRUE,"",0.2,408,910408,920408,930408
"RDMM",5.07488180904465,0.933089085993222,0.017,0.727582496805615,0.113,-31272.2494088252,64623.7331566241,141,5.68000000000006,TRUE,"",0.2,408,910408,920408,930408
"DGMM",NA,0.872228265972831,0.033,0.386575602844777,0.422,-36538.4109009759,75162.9638962044,17,2.22000000000003,TRUE,"",0.3,408,910408,920408,930408
"RDMM",4.03968064870218,0.910026021863066,0.023,0.698349299632555,0.127,-32985.3740194453,68049.9823778642,100,4.1099999999999,TRUE,"",0.3,408,910408,920408,930408
"DGMM",NA,-0.000998585869976172,0.497,-0.00112508324613497,0.729,-35164.0928686302,72414.327831513,19,2.30999999999995,TRUE,"",0.4,408,910408,920408,930408
"RDMM",3.47775438283993,0.883483473254323,0.03,0.49089432079093,0.278,-34698.4555567299,71476.1454524335,105,4.22000000000003,TRUE,"",0.4,408,910408,920408,930408
"DGMM",NA,-0.000914712210305432,0.495,-0.00087287393888715,0.728,-36830.3881655606,75746.9184253738,24,2.86000000000013,TRUE,"",0.5,408,910408,920408,930408
"RDMM",3.14346093234499,0.868492521511605,0.034,0.691917380561948,0.13,-36206.2670810272,74491.7685010281,100,4.04999999999995,TRUE,"",0.5,408,910408,920408,930408
"DGMM",NA,0.995999999913427,0.001,0.806085981474423,0.079,-27006.4635181176,56099.0691304878,15,1.85000000000014,TRUE,"",0,409,910409,920409,930409
"RDMM",199.999951718017,0.992008007748549,0.002,0.815076252446526,0.075,-26987.5269700986,56054.2882791707,100,4.05999999999995,TRUE,"",0,409,910409,920409,930409
"DGMM",NA,0.864764772895131,0.035,0.630212836101343,0.161,-30671.7974886555,63429.7370715635,15,1.79999999999995,TRUE,"",0.1,409,910409,920409,930409
"RDMM",8.42250365294052,0.972168168235098,0.007,0.787853662957244,0.087,-29193.6576339975,60466.5496069686,100,4.02999999999997,TRUE,"",0.1,409,910409,920409,930409
"DGMM",NA,0.659003697158709,0.094,0.34840453886495,0.339,-32908.0448837994,67902.2318618514,22,2.62000000000012,TRUE,"",0.2,409,910409,920409,930409
"RDMM",5.45104366417762,0.944728729592688,0.014,0.752412302406273,0.102,-30953.1652421338,63985.5648232411,100,4.02999999999997,TRUE,"",0.2,409,910409,920409,930409
"DGMM",NA,0.535361288492662,0.134,0.307750944690195,0.364,-34818.5164538655,71723.1750019836,15,1.76999999999998,TRUE,"",0.3,409,910409,920409,930409
"RDMM",4.10921911635117,0.891027031875118,0.028,0.697061468454904,0.128,-32642.9324959724,67365.0993309184,100,4.1099999999999,TRUE,"",0.3,409,910409,920409,930409
"DGMM",NA,0.00676021538089815,0.456,0.00234685506496166,0.714,-34701.1150962786,71488.3722868098,22,2.59000000000015,TRUE,"",0.4,409,910409,920409,930409
"RDMM",3.52309575789724,0.849933919137854,0.039,0.490176587015485,0.268,-34330.4374218833,70740.1091827403,125,5.06999999999994,TRUE,"",0.4,409,910409,920409,930409
"DGMM",NA,0.00336133026527891,0.467,0.00129771694945168,0.718,-36497.2755020136,75080.6930982799,22,2.62000000000012,TRUE,"",0.5,409,910409,920409,930409
"RDMM",3.16844177939369,0.81341740949047,0.049,0.459333253528703,0.301,-36017.9218450101,74115.0780289938,100,4.02999999999997,TRUE,"",0.5,409,910409,920409,930409
"DGMM",NA,1,0,0.827135365969995,0.07,-27245.8236318618,56577.7893579761,19,2.29999999999995,TRUE,"",0,410,910410,920410,930410
"RDMM",160.143841450421,1,0,0.845014375752874,0.062,-27222.5826662638,56524.3996715012,100,4.21000000000004,TRUE,"",0,410,910410,920410,930410
"DGMM",NA,-0.000746097611579061,0.495,0.000897394449549762,0.718,-29970.3636338844,62026.8693620214,23,2.73000000000002,TRUE,"",0.1,410,910410,920410,930410
"RDMM",7.65957965802567,0.956440437385862,0.011,0.52460935280037,0.277,-29659.0047212086,61397.2437813908,131,5.3599999999999,TRUE,"",0.1,410,910410,920410,930410
"DGMM",NA,0.0014050270206494,0.476,0.000502910301087034,0.716,-31851.2299463797,65788.6019870121,27,3.19000000000005,TRUE,"",0.2,410,910410,920410,930410
"RDMM",5.07733206046655,0.933089087640918,0.017,0.525976951879934,0.309,-31450.1015033276,64979.4373456287,100,4.06999999999994,TRUE,"",0.2,410,910410,920410,930410
"DGMM",NA,0.00266347922732132,0.47,0.000931965355568201,0.72,-33616.2766540747,69318.695402402,19,2.40000000000009,TRUE,"",0.3,410,910410,920410,930410
"RDMM",4.09819399111429,0.921521517852695,0.02,0.72832822305435,0.113,-32993.5650998541,68066.3645386818,233,9.25,TRUE,"",0.3,410,910410,920410,930410
"DGMM",NA,0.00133499999293582,0.476,0.00105086065261733,0.717,-35360.4437797856,72807.0296538237,18,2.30999999999995,TRUE,"",0.4,410,910410,920410,930410
"RDMM",3.48878613863402,0.875971979917711,0.032,0.534738355078144,0.223,-34763.5537012405,71606.3417414546,115,4.74000000000001,TRUE,"",0.4,410,910410,920410,930410
"DGMM",NA,-0.000888008256754248,0.495,5.44105746925017e-05,0.724,-37048.1263020402,76182.394698333,22,2.6400000000001,TRUE,"",0.5,410,910410,920410,930410
"RDMM",3.1136378708751,0.838894895731737,0.042,0.561326251946167,0.196,-36331.7385225358,74742.7113840452,119,4.76999999999998,TRUE,"",0.5,410,910410,920410,930410
"DGMM",NA,0.988023984845646,0.003,0.532722814799155,0.258,-27313.0374237914,56712.2169418353,12,1.5,TRUE,"",0,411,910411,920411,930411
"RDMM",199.999948943931,0.992007978610083,0.002,0.82154388727209,0.072,-27130.1519655625,56339.5382700987,111,4.49000000000001,TRUE,"",0,411,910411,920411,930411
"DGMM",NA,0.820656554740803,0.047,0.569993653710378,0.191,-31473.0828701456,65032.3078345439,17,2.05999999999995,TRUE,"",0.1,411,910411,920411,930411
"RDMM",8.08958465367946,0.960360104961487,0.01,0.801190107342861,0.08,-29305.7410797942,60690.7164985619,178,7.09000000000015,TRUE,"",0.1,411,910411,920411,930411
"DGMM",NA,-0.000431333084993497,0.481,0.000351263796647615,0.722,-31765.2002512376,65616.5425967278,44,5.34999999999991,TRUE,"",0.2,411,910411,920411,930411
"RDMM",4.87272488686188,0.921520755528376,0.02,0.516256135987547,0.257,-31336.2955976509,64751.8255342754,108,4.5,TRUE,"",0.2,411,910411,920411,930411
"DGMM",NA,-0.000465831802005192,0.484,-5.22395029755804e-05,0.726,-33502.9421549762,69092.0264042051,24,2.86000000000013,TRUE,"",0.3,411,910411,920411,930411
"RDMM",3.8514639016497,0.894810078952774,0.027,0.495580184962673,0.27,-33034.4685426193,68148.1714242122,100,4.09999999999991,TRUE,"",0.3,411,910411,920411,930411
"DGMM",NA,-0.00112642072818567,0.495,-0.000524552515754711,0.724,-35224.0705985663,72534.2832913852,23,2.78999999999996,TRUE,"",0.4,411,910411,920411,930411
"RDMM",3.35767821529383,0.875970906165933,0.032,0.675008836228694,0.137,-34627.2779739734,71333.7902869205,180,7.25,TRUE,"",0.4,411,910411,920411,930411
"DGMM",NA,-0.00095850511853026,0.495,-0.00121185534644511,0.729,-36766.6029640092,75619.3480222711,30,3.57000000000016,TRUE,"",0.5,411,910411,920411,930411
"RDMM",3.20167004802277,0.799029488331798,0.053,0.423740696636032,0.309,-36196.2867689965,74471.8078769666,132,5.30999999999995,TRUE,"",0.5,411,910411,920411,930411
"DGMM",NA,1,0,0.854601159669355,0.058,-27067.7663768123,56221.6748478772,18,2.22000000000003,TRUE,"",0,412,910412,920412,930412
"RDMM",199.99995371022,1,0,0.852048270400497,0.059,-27026.9821147577,56133.198568489,115,4.61999999999989,TRUE,"",0,412,910412,920412,930412
"DGMM",NA,0.929225185398476,0.018,0.470552156666444,0.268,-31660.869006523,65407.8801072987,20,2.41000000000008,TRUE,"",0.1,412,910412,920412,930412
"RDMM",7.71421907202393,0.948624603745026,0.013,0.558564160139297,0.251,-29441.4316459975,60962.0976309686,113,4.53999999999996,TRUE,"",0.1,412,910412,920412,930412
"DGMM",NA,0.608015750906756,0.11,0.289189535243209,0.533,-33577.3519705359,69240.8460353244,26,3.10000000000014,TRUE,"",0.2,412,910412,920412,930412
"RDMM",5.11146960919585,0.936960923668142,0.016,0.775668846547605,0.091,-31138.9721351327,64357.178609239,100,4.05999999999995,TRUE,"",0.2,412,910412,920412,930412
"DGMM",NA,-0.000189824383447153,0.487,0.000286901656818889,0.715,-33519.3590991507,69124.8602925539,19,2.3599999999999,TRUE,"",0.3,412,910412,920412,930412
"RDMM",3.82969883664382,0.883483417916703,0.03,0.487358060855222,0.255,-33143.2097429451,68365.6538248638,112,4.72000000000003,TRUE,"",0.3,412,910412,920412,930412
"DGMM",NA,8.34514696807507e-05,0.484,7.86344479991964e-05,0.714,-35316.5667999714,72719.2756941954,22,2.65000000000009,TRUE,"",0.4,412,910412,920412,930412
"RDMM",3.27154232055482,0.883483423520704,0.03,0.62557108593738,0.163,-34754.1345760126,71587.5034909989,144,5.82999999999993,TRUE,"",0.4,412,910412,920412,930412
"DGMM",NA,0.00286121282477421,0.469,0.000316621871243385,0.712,-37093.8329247484,76273.8079437494,28,3.33999999999992,TRUE,"",0.5,412,910412,920412,930412
"RDMM",3.01263134541166,0.784780714015426,0.057,0.282617339721819,0.443,-36514.1860335559,75107.6064060854,142,5.69000000000005,TRUE,"",0.5,412,910412,920412,930412
"DGMM",NA,1,0,0.812057044462552,0.076,-27154.72402158,56395.5901374126,13,1.6400000000001,TRUE,"",0,413,910413,920413,930413
"RDMM",199.999950514624,1,0,0.830267450359348,0.068,-27113.0065267211,56305.2473924158,100,4.06999999999994,TRUE,"",0,413,910413,920413,930413
"DGMM",NA,0.799034450745402,0.053,0.551380722273795,0.199,-31300.0878626994,64686.3178196515,23,2.75999999999999,TRUE,"",0.1,413,910413,920413,930413
"RDMM",7.99910034492981,0.968224222018898,0.008,0.792002357081774,0.084,-29424.2217471549,60927.6778332834,172,6.87000000000012,TRUE,"",0.1,413,910413,920413,930413
"DGMM",NA,0.655754500048772,0.095,0.417934896365976,0.273,-33342.8389305134,68771.8199552794,13,1.68999999999983,TRUE,"",0.2,413,910413,920413,930413
"RDMM",5.13051253436447,0.91768168713745,0.021,0.784395722911091,0.087,-31207.5554089836,64494.3451569408,180,7.19000000000005,TRUE,"",0.2,413,910413,920413,930413
"DGMM",NA,0.00146137791460496,0.475,-0.000229977032752257,0.728,-33565.2487016548,69216.6394975622,27,3.21000000000004,TRUE,"",0.3,413,910413,920413,930413
"RDMM",3.85011996650974,0.849933948008251,0.039,0.701779914429619,0.124,-33096.1682915127,68271.570921999,188,8.00999999999999,TRUE,"",0.3,413,910413,920413,930413
"DGMM",NA,0.78833232717087,0.056,0.323500248614271,0.466,-38824.0147481575,79734.1715905676,14,1.79999999999995,TRUE,"",0.4,413,910413,920413,930413
"RDMM",3.2575066748079,0.809809839419987,0.05,0.487196635875489,0.267,-34845.9482030782,71771.13074513,190,7.80000000000018,TRUE,"",0.4,413,910413,920413,930413
"DGMM",NA,-0.000942668998885689,0.496,-0.000843766635956558,0.729,-37045.2679933333,76176.6780809192,27,3.20999999999981,TRUE,"",0.5,413,910413,920413,930413
"RDMM",2.99002272158801,0.763639676585705,0.063,0.469465590834343,0.251,-36392.1601411113,74863.5546211962,108,4.47000000000003,TRUE,"",0.5,413,910413,920413,930413
"DGMM",NA,0.988024014121838,0.003,0.820870198669812,0.072,-27095.2564199767,56276.6549342059,22,2.61000000000013,TRUE,"",0,414,910414,920414,930414
"RDMM",178.944829119954,0.988024014121838,0.003,0.827542456573387,0.069,-27076.7865668431,56232.8074726598,100,4.08999999999992,TRUE,"",0,414,910414,920414,930414
"DGMM",NA,0.940840800044508,0.015,0.767957853409971,0.095,-30882.022743285,63850.1875808227,23,2.80999999999995,TRUE,"",0.1,414,910414,920414,930414
"RDMM",8.6264530566762,0.940840791925828,0.015,0.793890889563835,0.083,-29227.3139083201,60533.8621556138,100,4.01999999999998,TRUE,"",0.1,414,910414,920414,930414
"DGMM",NA,0.520837076992606,0.139,0.244388337158064,0.49,-34169.1499859552,70424.442066163,23,2.75,TRUE,"",0.2,414,910414,920414,930414
"RDMM",5.06435809409725,0.887251154931749,0.029,0.719602870273116,0.116,-31202.6211277721,64484.4765945178,156,6.27999999999997,TRUE,"",0.2,414,910414,920414,930414
"DGMM",NA,-0.000708914731014471,0.495,0.237484156879145,0.544,-33319.4671889168,68725.0764720862,30,3.59999999999991,TRUE,"",0.3,414,910414,920414,930414
"RDMM",3.95156753250133,0.85733321145542,0.037,0.705293270225659,0.122,-32901.6906655303,67882.6156700343,136,5.42000000000007,TRUE,"",0.3,414,910414,920414,930414
"DGMM",NA,-0.000827560555385474,0.495,0.00162978161080224,0.72,-35191.5725129607,72469.2871201741,22,2.66999999999985,TRUE,"",0.4,414,910414,920414,930414
"RDMM",3.38582582603588,0.806210044658608,0.051,0.663787077035099,0.142,-34666.0631422022,71411.360623378,190,7.5300000000002,TRUE,"",0.4,414,910414,920414,930414
"DGMM",NA,-0.000727804569793015,0.492,0.000190614674803148,0.728,-36774.563942711,75635.2699796746,21,2.57999999999993,TRUE,"",0.5,414,910414,920414,930414
"RDMM",3.22461358404181,0.742786884740041,0.069,0.363342845585599,0.382,-36330.2978441777,74739.830027329,103,4.34999999999991,TRUE,"",0.5,414,910414,920414,930414
"DGMM",NA,0.992008000566199,0.002,0.503246603861649,0.293,-27313.8476200042,56713.837334261,19,2.30000000000018,TRUE,"",0,415,910415,920415,930415
"RDMM",173.480709508297,0.995999996383551,0.001,0.535310357029137,0.281,-27225.4285707452,56530.0914804639,100,4.07999999999993,TRUE,"",0,415,910415,920415,930415
"DGMM",NA,0.925369307661963,0.019,0.521044633702202,0.232,-31578.2942367461,65242.7305677448,17,2.03999999999996,TRUE,"",0.1,415,910415,920415,930415
"RDMM",7.73125794180667,0.964288254345131,0.009,0.753069873562151,0.102,-29386.168571796,60851.5714825656,163,6.55999999999995,TRUE,"",0.1,415,910415,920415,930415
"DGMM",NA,-0.000311969325939755,0.492,-0.000582109900281678,0.741,-31679.7239052946,65445.5899048418,23,2.80000000000018,TRUE,"",0.2,415,910415,920415,930415
"RDMM",4.59004334662637,0.929225157135072,0.018,0.674894678330209,0.139,-31365.5481789039,64810.3306967814,145,5.77999999999997,TRUE,"",0.2,415,910415,920415,930415
"DGMM",NA,-0.000694316079670019,0.496,-0.000779035209322827,0.74,-33489.4397206779,69065.0215356083,23,2.82999999999993,TRUE,"",0.3,415,910415,920415,930415
"RDMM",3.70581425377095,0.872228112708219,0.033,0.452285076369171,0.315,-33146.411464344,68372.0572676615,100,3.92000000000007,TRUE,"",0.3,415,910415,920415,930415
"DGMM",NA,0.756658963913592,0.065,0.347926519803621,0.505,-38457.8110967285,79001.7642877096,14,1.76999999999998,TRUE,"",0.4,415,910415,920415,930415
"RDMM",3.24742490537056,0.868492451335678,0.034,0.475990182785651,0.256,-34679.3183797005,71437.8710983747,157,6.19000000000005,TRUE,"",0.4,415,910415,920415,930415
"DGMM",NA,0.718824951046469,0.076,0.304769754929063,0.462,-39794.2541772873,81674.6504488273,14,1.75,TRUE,"",0.5,415,910415,920415,930415
"RDMM",3.03305396090531,0.831575418745783,0.044,0.505982022907027,0.239,-36304.7777282837,74688.789795541,164,6.53999999999996,TRUE,"",0.5,415,910415,920415,930415
"DGMM",NA,1,0,0.852398231014179,0.059,-27136.0938852444,56358.3298647414,25,3.02999999999997,TRUE,"",0,416,910416,920416,930416
"RDMM",171.208702996947,1,0,0.838449444051798,0.065,-27116.0635650001,56311.3614689738,100,4.07999999999993,TRUE,"",0,416,910416,920416,930416
"DGMM",NA,0.753181479040632,0.066,0.364827071635686,0.37,-31351.2451471722,64788.6323885969,29,3.3900000000001,TRUE,"",0.1,416,910416,920416,930416
"RDMM",7.77181889209369,0.964288254345131,0.009,0.794154536975536,0.084,-29340.9616850745,60761.1577091226,100,4.17000000000007,TRUE,"",0.1,416,910416,920416,930416
"DGMM",NA,-0.0005718448775178,0.499,-0.000665561250091873,0.723,-31770.704732097,65627.5515584465,29,3.05999999999995,TRUE,"",0.2,416,910416,920416,930416
"RDMM",4.83351375863067,0.921521446019881,0.02,0.529036520384831,0.281,-31368.00251385,64815.2393666736,105,3.5,TRUE,"",0.2,416,910416,920416,930416
"DGMM",NA,0.608021879268714,0.11,0.34103103350897,0.359,-37187.6087470409,76461.3595883344,6,0.680000000000064,TRUE,"",0.3,416,910416,920416,930416
"RDMM",3.82799160182981,0.902402332263586,0.025,0.716382720649273,0.118,-33003.8309784201,68086.8962958138,100,3.33999999999992,TRUE,"",0.3,416,910416,920416,930416
"DGMM",NA,0.506469425671222,0.144,0.33282973891492,0.42,-38722.7050186862,79531.552131625,6,0.660000000000082,TRUE,"",0.4,416,910416,920416,930416
"RDMM",3.29624259436534,0.842566424229089,0.041,0.462516463334943,0.304,-34818.2636212756,71715.7615815248,198,6.61999999999989,TRUE,"",0.4,416,910416,920416,930416
"DGMM",NA,0.00678589845673342,0.456,0.00252316630517899,0.713,-37631.9605379462,77350.063170145,29,2.83999999999992,TRUE,"",0.5,416,910416,920416,930416
"RDMM",3.0700762257038,0.853629515957076,0.038,0.65628092987013,0.146,-36330.4477847209,74740.1299084154,100,3.36000000000013,TRUE,"",0.5,416,910416,920416,930416
"DGMM",NA,0.995999996383551,0.001,0.684309726971178,0.142,-27146.319594192,56378.7812826367,14,1.41000000000008,TRUE,"",0,417,910417,920417,930417
"RDMM",199.999951766548,0.995999996383551,0.001,0.828350911684648,0.069,-27006.7982437749,56092.8308265235,143,4.75,TRUE,"",0,417,910417,920417,930417
"DGMM",NA,0.948624578175524,0.013,0.54225899256783,0.216,-31704.8823389728,65495.9067721982,22,2.19999999999982,TRUE,"",0.1,417,910417,920417,930417
"RDMM",8.31447936987889,0.968224194899325,0.008,0.763527921062958,0.098,-29188.8308673511,60456.8960736758,114,3.80000000000018,TRUE,"",0.1,417,910417,920417,930417
"DGMM",NA,0.891026939541183,0.028,0.412563886212866,0.412,-34374.0897962568,70834.3216867662,15,1.52999999999997,TRUE,"",0.2,417,910417,920417,930417
"RDMM",5.27145350589554,0.940840790905302,0.015,0.737117373508782,0.11,-30949.9083109271,63979.0509608279,129,4.38999999999987,TRUE,"",0.2,417,910417,920417,930417
"DGMM",NA,-0.000657737704702108,0.495,0.00168310340755386,0.724,-33216.9248826134,68519.9918594793,33,3.25,TRUE,"",0.3,417,910417,920417,930417
"RDMM",4.04508618344426,0.894810759905172,0.027,0.490716361014065,0.317,-32700.0495498123,67479.3334385983,129,3.94000000000005,TRUE,"",0.3,417,910417,920417,930417
"DGMM",NA,-0.000736157367609983,0.494,0.00109013557820357,0.729,-34934.5395849628,71955.2212641783,31,2.78999999999996,TRUE,"",0.4,417,910417,920417,930417
"RDMM",3.49282345336324,0.898602521198594,0.026,0.537013736579031,0.232,-34355.8801110542,70790.994561082,110,2.8900000000001,TRUE,"",0.4,417,910417,920417,930417
"DGMM",NA,5.91134735984841e-05,0.484,-0.000564621299574825,0.733,-36611.683798555,75309.5096913625,28,2.27999999999997,TRUE,"",0.5,417,910417,920417,930417
"RDMM",3.17321286599066,0.838894753468521,0.042,0.432450012739159,0.34,-36060.5105098792,74200.2553587321,152,4.15999999999985,TRUE,"",0.5,417,910417,920417,930417
"DGMM",NA,1,0,0.810384574189353,0.077,-27276.7163499968,56639.5747942463,23,1.26,TRUE,"",0,418,910418,920418,930418
"RDMM",199.999953272802,1,0,0.838346623297626,0.065,-27237.7554830197,56554.745305013,100,2.37,TRUE,"",0,418,910418,920418,930418
"DGMM",NA,0.000285489097253918,0.472,-0.000369637268310122,0.718,-29902.5727229013,61891.2875400551,22,2.65,TRUE,"",0.1,418,910418,920418,930418
"RDMM",7.88099394206919,0.960360263699874,0.01,0.523404929025198,0.259,-29572.7296629199,61224.6936648133,117,4.74,TRUE,"",0.1,418,910418,920418,930418
"DGMM",NA,0.450999850651901,0.164,0.225761943875994,0.565,-34159.7350854478,70405.6122651482,23,2.76,TRUE,"",0.2,418,910418,920418,930418
"RDMM",4.87377344462358,0.921520989940784,0.02,0.767140878863238,0.094,-31381.6497697204,64842.5338784144,197,8.03,TRUE,"",0.2,418,910418,920418,930418
"DGMM",NA,0.000827050424587755,0.475,-0.00105035535765571,0.725,-34707.0173015173,71500.1766972873,42,4.95,TRUE,"",0.3,418,910418,920418,930418
"RDMM",3.84042717685549,0.875970227105973,0.032,0.39463029811075,0.319,-33281.8252621596,68642.8848632928,149,5.92,TRUE,"",0.3,418,910418,920418,930418
"DGMM",NA,0.000579230381698554,0.478,0.00053866256505679,0.717,-35609.3612626087,73304.86461947,30,3.56,TRUE,"",0.4,418,910418,920418,930418
"RDMM",3.34847220933775,0.868490856193587,0.034,0.705273915689843,0.121,-34633.4637302891,71346.1617995519,141,5.64,TRUE,"",0.4,418,910418,920418,930418
"DGMM",NA,-9.04695852490593e-05,0.484,-0.000526719971687501,0.725,-38100.576186724,78287.2944677007,22,2.69,TRUE,"",0.5,418,910418,920418,930418
"RDMM",3.00403199077662,0.799032691573306,0.053,0.620315225312716,0.162,-36465.9741092531,75011.1825574798,152,6.18,TRUE,"",0.5,418,910418,920418,930418
"DGMM",NA,0.995999997241588,0.001,0.48146007700678,0.328,-27398.6156362383,56883.3733667292,17,2.08,TRUE,"",0,419,910419,920419,930419
"RDMM",199.999946356396,0.995999997241588,0.001,0.694299583411979,0.142,-27229.5315603606,56538.2974596948,149,6.01,TRUE,"",0,419,910419,920419,930419
"DGMM",NA,0.767145225394715,0.062,0.36296093020901,0.495,-31189.5246501436,64465.1913945398,28,3.3,TRUE,"",0.1,419,910419,920419,930419
"RDMM",7.89003609048108,0.956440414331951,0.011,0.794236909671165,0.083,-29408.016574049,60895.2674870717,259,10.33,TRUE,"",0.1,419,910419,920419,930419
"DGMM",NA,0.611143663508176,0.109,0.2790055208234,0.506,-33420.4551908199,68927.0524758925,16,1.94000000000001,TRUE,"",0.2,419,910419,920419,930419
"RDMM",5.08791686285089,0.906210149461514,0.024,0.745945183598977,0.104,-31264.2015730283,64607.6374850302,122,5.08,TRUE,"",0.2,419,910419,920419,930419
"DGMM",NA,0.614274286334157,0.108,0.415619110021571,0.291,-36784.366955417,75654.8760050865,6,0.799999999999997,TRUE,"",0.3,419,910419,920419,930419
"RDMM",3.85576212943384,0.872228166467636,0.033,0.707866939658529,0.121,-33009.6606713089,68098.5556815913,100,4.06999999999999,TRUE,"",0.3,419,910419,920419,930419
"DGMM",NA,0.611136105027736,0.109,0.341307125115334,0.338,-38593.8691790344,79273.8804523214,6,0.790000000000006,TRUE,"",0.4,419,910419,920419,930419
"RDMM",3.31238686030731,0.824288160888529,0.046,0.576161701158711,0.189,-34682.3904117175,71444.0151624086,100,4.05,TRUE,"",0.4,419,910419,920419,930419
"DGMM",NA,0.583280781932199,0.118,0.315193419033939,0.374,-40036.0342087553,82158.2105117631,6,0.790000000000006,TRUE,"",0.5,419,910419,920419,930419
"RDMM",3.12917036900669,0.777701525481111,0.059,0.587428885270059,0.179,-36246.8374514354,74572.9092418445,149,5.88,TRUE,"",0.5,419,910419,920419,930419
"DGMM",NA,1,0,0.824522467851006,0.071,-27161.9313013897,56410.004697032,19,2.38,TRUE,"",0,420,910420,920420,930420
"RDMM",178.850806168034,1,0,0.835318626468087,0.066,-27142.8164312877,56364.867201549,100,4.06,TRUE,"",0,420,910420,920420,930420
"DGMM",NA,0.756656838651801,0.065,0.545139672177769,0.2,-32023.7166508921,66133.5753960367,21,2.59,TRUE,"",0.1,420,910420,920420,930420
"RDMM",7.31010967183102,0.948624626148382,0.013,0.808773452507887,0.077,-29424.4049758808,60928.0442907353,100,4.00999999999999,TRUE,"",0.1,420,910420,920420,930420
"DGMM",NA,0.902402423291001,0.025,0.54421484812864,0.211,-35154.3230330361,72394.7881603247,21,2.60000000000001,TRUE,"",0.2,420,910420,920420,930420
"RDMM",4.77367478284323,0.917681689402109,0.021,0.743965546460835,0.105,-31230.5719679163,64540.3782748062,100,4.05,TRUE,"",0.2,420,910420,920420,930420
"DGMM",NA,0.760144120206647,0.064,0.417458310149108,0.288,-37571.9670253692,77230.076144991,6,0.790000000000006,TRUE,"",0.3,420,910420,920420,930420
"RDMM",3.7696817156432,0.894810820676239,0.027,0.669440708516859,0.14,-33004.7299568303,68088.6942526343,100,4.02999999999999,TRUE,"",0.3,420,910420,920420,930420
"DGMM",NA,0.705305338259104,0.08,0.36565747334453,0.325,-39330.5854131598,80747.3129205722,6,0.77000000000001,TRUE,"",0.4,420,910420,920420,930420
"RDMM",3.22303868988287,0.849933942955932,0.039,0.645988080235209,0.151,-34735.8915072643,71551.0173535022,100,4.04000000000001,TRUE,"",0.4,420,910420,920420,930420
"DGMM",NA,-9.87572834748678e-05,0.485,-0.000642849894747389,0.739,-37268.7543828342,76623.6508599211,30,3.52999999999999,TRUE,"",0.5,420,910420,920420,930420
"RDMM",2.93636299258896,0.820656703379312,0.047,0.607367041823374,0.171,-36407.1049230179,74893.4441850095,183,7.28999999999999,TRUE,"",0.5,420,910420,920420,930420
"DGMM",NA,1,0,0.486824627974458,0.474,-27451.4758475168,56989.0937892863,20,2.58000000000001,TRUE,"",0,421,910421,920421,930421
"RDMM",199.999950782898,1,0,0.849447125779495,0.06,-27234.133632986,56547.5016049456,170,6.87,TRUE,"",0,421,910421,920421,930421
"DGMM",NA,0.813417327121964,0.049,0.526823763407655,0.222,-31224.636273881,64535.4146420147,20,2.47,TRUE,"",0.1,421,910421,920421,930421
"RDMM",8.11880983513634,0.964288286635961,0.009,0.806056607036759,0.078,-29470.6608091374,61020.5559572484,188,7.44,TRUE,"",0.1,421,910421,920421,930421
"DGMM",NA,0.633247946988246,0.102,0.288955621840081,0.489,-33470.3331402858,69026.8083748242,15,1.81,TRUE,"",0.2,421,910421,920421,930421
"RDMM",5.16749308487706,0.921521522748238,0.02,0.770798519903086,0.094,-31305.6821268432,64690.5985926599,102,4.11000000000001,TRUE,"",0.2,421,910421,920421,930421
"DGMM",NA,0.891026986759028,0.028,0.41950831163949,0.501,-36643.4205430338,75372.9831803201,20,2.43000000000001,TRUE,"",0.3,421,910421,920421,930421
"RDMM",3.93706862397999,0.894810789369941,0.027,0.731794724546421,0.111,-33002.9536024358,68085.1415438452,100,4.03999999999999,TRUE,"",0.3,421,910421,920421,930421
"DGMM",NA,-0.000692940684102809,0.491,-0.000763096071375489,0.739,-35123.8216457173,72333.7853856871,31,3.69,TRUE,"",0.4,421,910421,920421,930421
"RDMM",3.5402712049136,0.891027014013176,0.028,0.517385810581478,0.284,-34722.0649549656,71523.3642489049,124,5.31,TRUE,"",0.4,421,910421,920421,930421
"DGMM",NA,-0.00100602743439085,0.5,-0.00083184385564787,0.729,-37081.3507098998,76248.8435140522,40,4.72,TRUE,"",0.5,421,910421,920421,930421
"RDMM",3.10200946877278,0.864764744978701,0.035,0.668902882873249,0.14,-36434.9501226904,74949.1345843544,100,4.20000000000002,TRUE,"",0.5,421,910421,920421,930421
"DGMM",NA,0.995999996383551,0.001,0.822270047913461,0.072,-27107.4053125724,56300.9527193973,18,2.16,TRUE,"",0,422,910422,920422,930422
"RDMM",199.999950217402,1,0,0.830993604562252,0.068,-27080.1701305889,56239.5746001513,100,4.12,TRUE,"",0,422,910422,920422,930422
"DGMM",NA,0.894811074984415,0.027,0.635209451322926,0.161,-31481.7650283575,65049.6721509676,21,2.47999999999999,TRUE,"",0.1,422,910422,920422,930422
"RDMM",7.89138792904759,0.956440415195111,0.011,0.769458625977902,0.094,-29326.3100443504,60731.8544276745,150,6.11000000000001,TRUE,"",0.1,422,910422,920422,930422
"DGMM",NA,0.620580981964924,0.106,0.467278976300884,0.25,-33466.1961110506,69018.5343163538,16,1.92000000000002,TRUE,"",0.2,422,910422,920422,930422
"RDMM",5.2767625547057,0.921521453297154,0.02,0.728102309376385,0.112,-31073.3821688345,64225.9986766426,100,4.06,TRUE,"",0.2,422,910422,920422,930422
"DGMM",NA,-0.000757629781332694,0.498,-0.000945438063408487,0.743,-33159.1577937253,68404.4576817031,32,3.75,TRUE,"",0.3,422,910422,920422,930422
"RDMM",4.03320875825905,0.887251144086169,0.029,0.689345003834385,0.13,-32804.8197378892,67688.873814752,100,4.03,TRUE,"",0.3,422,910422,920422,930422
"DGMM",NA,0.767142940711698,0.062,0.353571194172582,0.363,-38180.7650073577,78447.672108968,6,0.780000000000001,TRUE,"",0.4,422,910422,920422,930422
"RDMM",3.43215633856398,0.868492406622073,0.034,0.654972914441724,0.146,-34554.0428114197,71187.3199618131,148,6,TRUE,"",0.4,422,910422,920422,930422
"DGMM",NA,-0.000185180906034732,0.486,-0.000963828251106954,0.739,-36575.4705124638,75237.0831191802,28,3.41,TRUE,"",0.5,422,910422,920422,930422
"RDMM",3.18591154484689,0.82065650836885,0.047,0.611450941548763,0.167,-36111.9251162733,74303.0845715201,100,4,TRUE,"",0.5,422,910422,920422,930422
"DGMM",NA,1,0,0.843454722775958,0.063,-27360.3979050164,56806.9379042855,36,4.37,TRUE,"",0,423,910423,920423,930423
"RDMM",199.999950085513,1,0,0.873460630111579,0.05,-27327.7570102695,56734.7483595126,189,7.58000000000001,TRUE,"",0,423,910423,920423,930423
"DGMM",NA,-0.000278243866795434,0.498,-0.000824291760968015,0.739,-30002.8038021438,62091.7496985402,32,3.87,TRUE,"",0.1,423,910423,920423,930423
"RDMM",7.56717088160746,0.972168140392112,0.007,0.825046171816977,0.07,-29637.7414364565,61354.7172118866,143,5.76999999999998,TRUE,"",0.1,423,910423,920423,930423
"DGMM",NA,0.623737773724223,0.105,0.432175430478019,0.284,-34186.8786925675,70459.8994793876,35,4.11000000000001,TRUE,"",0.2,423,910423,920423,930423
"RDMM",4.94996040988869,0.929225157135072,0.018,0.768927401480252,0.094,-31495.6262181492,65070.486775272,237,9.55999999999997,TRUE,"",0.2,423,910423,920423,930423
"DGMM",NA,0.000892516833539096,0.48,0.000352006195018808,0.731,-33651.1036847651,69388.3494637828,21,2.56,TRUE,"",0.3,423,910423,920423,930423
"RDMM",4.08180179351221,0.853629554253912,0.038,0.526320814932178,0.253,-33380.8160935918,68840.8665261573,122,4.86000000000001,TRUE,"",0.3,423,910423,920423,930423
"DGMM",NA,-0.000279750536926669,0.488,-0.000694314948101881,0.735,-35349.3607027644,72784.8634997815,24,2.91999999999996,TRUE,"",0.4,423,910423,920423,930423
"RDMM",3.42666659464473,0.853629554253912,0.038,0.51067581320723,0.291,-34913.0353236766,71905.3049863268,107,4.23000000000002,TRUE,"",0.4,423,910423,920423,930423
"DGMM",NA,0.00020702739890585,0.483,-0.000737507887313504,0.73,-36856.6229997533,75799.3880937591,23,2.75,TRUE,"",0.5,423,910423,920423,930423
"RDMM",3.30787549580463,0.831575488842777,0.044,0.634981085264417,0.156,-36290.2186540798,74659.6716471332,138,5.53000000000003,TRUE,"",0.5,423,910423,920423,930423
"DGMM",NA,0.995999996383551,0.001,0.735551199138185,0.112,-26996.0435062542,56078.229106761,10,1.30000000000001,TRUE,"",0,424,910424,920424,930424
"RDMM",199.999950364177,0.995999996383551,0.001,0.854031883572611,0.058,-26824.1971318464,55727.6286026665,136,5.5,TRUE,"",0,424,910424,920424,930424
"DGMM",NA,0.952528495403916,0.012,0.517228096963452,0.25,-31254.0036018733,64594.1492979993,33,4.07999999999998,TRUE,"",0.1,424,910424,920424,930424
"RDMM",8.05473686851427,0.964288256000896,0.009,0.602384954131111,0.196,-29161.1362111303,60401.5067612342,100,4.10000000000002,TRUE,"",0.1,424,910424,920424,930424
"DGMM",NA,0.556090722050353,0.127,0.220891000424458,0.441,-34104.9110247261,70295.9641437049,15,1.86000000000001,TRUE,"",0.2,424,910424,920424,930424
"RDMM",5.15417070231529,0.925369322053268,0.019,0.715148172027156,0.12,-30937.1069440614,63953.4482270965,235,10,TRUE,"",0.2,424,910424,920424,930424
"DGMM",NA,0.000537260616672874,0.482,-8.29092833971026e-05,0.726,-33314.4630795837,68715.0682534199,27,3.27999999999997,TRUE,"",0.3,424,910424,920424,930424
"RDMM",3.96138692782808,0.91384977034449,0.022,0.745411972983359,0.105,-32619.5461486041,67318.3266361819,182,8.22000000000003,TRUE,"",0.3,424,910424,920424,930424
"DGMM",NA,-0.000716502813944774,0.494,0.00267049914831302,0.715,-36129.7768494751,74345.6957932028,29,3.61000000000001,TRUE,"",0.4,424,910424,920424,930424
"RDMM",3.49025517249528,0.872228120377603,0.033,0.623269201633461,0.165,-34410.7914076204,70900.8171542145,138,6.10999999999996,TRUE,"",0.4,424,910424,920424,930424
"DGMM",NA,-0.000956535927128519,0.499,0.117564240619963,0.58,-38175.3578431785,78436.8577806096,25,3.46999999999997,TRUE,"",0.5,424,910424,920424,930424
"RDMM",3.14746698624297,0.835231181162693,0.043,0.445795020675663,0.344,-36040.352622376,74159.9395837257,124,5.74000000000001,TRUE,"",0.5,424,910424,920424,930424
"DGMM",NA,1,0,0.870477442160865,0.051,-27098.6825753568,56283.5072449661,16,1.97000000000003,TRUE,"",0,425,910425,920425,930425
"RDMM",199.999955470011,1,0,0.860482367586521,0.055,-27088.2930181465,56255.8203752667,100,4.06,TRUE,"",0,425,910425,920425,930425
"DGMM",NA,0.925369452823886,0.019,0.503276371895814,0.255,-31020.7964290535,64127.7349523596,15,1.80000000000001,TRUE,"",0.1,425,910425,920425,930425
"RDMM",9.06499341945863,0.964288218296129,0.009,0.819741301365338,0.072,-29206.0704239388,60491.3751868512,100,4.04999999999995,TRUE,"",0.1,425,910425,920425,930425
"DGMM",NA,0.000432079253081057,0.477,0.00112249638085994,0.716,-31483.9293186224,65054.0007314975,33,4.01000000000005,TRUE,"",0.2,425,910425,920425,930425
"RDMM",5.61855323683489,0.936960818838701,0.016,0.796114148440086,0.082,-31017.9537331785,64115.1418053307,164,6.52999999999997,TRUE,"",0.2,425,910425,920425,930425
"DGMM",NA,0.434975795873376,0.17,0.195450598636632,0.435,-35645.5413040741,73377.2247024009,20,2.39000000000004,TRUE,"",0.3,425,910425,920425,930425
"RDMM",4.25270422313995,0.936960779423347,0.016,0.775083016652559,0.091,-32812.7535365281,67704.7414120298,173,6.90999999999997,TRUE,"",0.3,425,910425,920425,930425
"DGMM",NA,0.66879300386237,0.091,0.355664715650001,0.351,-38160.1673218149,78406.4767378823,6,0.840000000000032,TRUE,"",0.4,425,910425,920425,930425
"RDMM",3.5624247012492,0.879723487991638,0.031,0.703709968085412,0.123,-34532.4775423394,71144.1894236524,227,8.97999999999996,TRUE,"",0.4,425,910425,920425,930425
"DGMM",NA,0.718823243742315,0.076,0.346370587919404,0.349,-39640.0383767343,81366.2188477212,6,0.79000000000002,TRUE,"",0.5,425,910425,920425,930425
"RDMM",3.29014281947454,0.817031960526061,0.048,0.552672926593594,0.207,-36212.8414664155,74504.9172718046,100,4.00999999999999,TRUE,"",0.5,425,910425,920425,930425
"DGMM",NA,0.988024024052824,0.003,0.739573141020837,0.11,-27226.9681032223,56540.0783006972,12,1.64000000000004,TRUE,"",0,426,910426,920426,930426
"RDMM",199.999953256689,0.992008008049521,0.002,0.8508456261974,0.059,-27039.4688674377,56158.172073849,178,7.08999999999997,TRUE,"",0,426,910426,920426,930426
"DGMM",NA,0.824288246810497,0.046,0.397467968633326,0.395,-32189.2145819579,66464.5712581683,33,3.97000000000003,TRUE,"",0.1,426,910426,920426,930426
"RDMM",7.21646933398934,0.944728727931228,0.014,0.768433010215872,0.094,-29507.7654799054,61094.7652987844,117,4.69,TRUE,"",0.1,426,910426,920426,930426
"DGMM",NA,0.00059015547635495,0.48,0.000492575104258701,0.718,-31811.1661293641,65708.4743529808,23,2.84999999999997,TRUE,"",0.2,426,910426,920426,930426
"RDMM",4.8214400146901,0.921521520389168,0.02,0.734241776119228,0.109,-31295.4778774973,64670.1900939683,201,8.12,TRUE,"",0.2,426,910426,920426,930426
"DGMM",NA,0.000594711942307315,0.48,-0.000293171056862092,0.728,-33837.7641874805,69761.6704692137,34,4.12,TRUE,"",0.3,426,910426,920426,930426
"RDMM",3.73896805791404,0.891027023609778,0.028,0.710465746719455,0.12,-33094.8352231583,68268.9047852902,156,6.25999999999999,TRUE,"",0.3,426,910426,920426,930426
"DGMM",NA,0.000934051365078003,0.478,0.00285810471690486,0.711,-35384.4216658792,72854.985426011,25,3.03000000000003,TRUE,"",0.4,426,910426,920426,930426
"RDMM",3.33781065107953,0.849933934294814,0.039,0.604168920298966,0.172,-34730.2621943495,71539.7587276725,100,3.92000000000002,TRUE,"",0.4,426,910426,920426,930426
"DGMM",NA,0.00213720226775458,0.472,0.000915033282443287,0.718,-37029.1362537506,76144.4146017539,34,4.10000000000002,TRUE,"",0.5,426,910426,920426,930426
"RDMM",3.09433944804951,0.842566566945164,0.041,0.577946532671255,0.187,-36343.6582382838,74766.5508155412,116,4.69999999999999,TRUE,"",0.5,426,910426,920426,930426
"DGMM",NA,0.995999997984193,0.001,0.855922248303018,0.057,-27149.9514487515,56386.0449917555,15,1.81,TRUE,"",0,427,910427,920427,930427
"RDMM",196.534052363321,0.992008004348543,0.002,0.872502307499949,0.05,-27100.006689574,56279.2477181216,100,4.06,TRUE,"",0,427,910427,920427,930427
"DGMM",NA,0.956440412823515,0.011,0.625017014990526,0.169,-31189.5982501384,64465.3385945295,20,2.56,TRUE,"",0.1,427,910427,920427,930427
"RDMM",8.5355177812071,0.948624594836391,0.013,0.805133859210164,0.078,-29225.6092987812,60530.452936536,156,6.27999999999997,TRUE,"",0.1,427,910427,920427,930427
"DGMM",NA,0.649294933676614,0.097,0.299861245212862,0.409,-33585.34469007,69256.8314743927,19,2.30000000000001,TRUE,"",0.2,427,910427,920427,930427
"RDMM",5.18405559911971,0.92536933175914,0.019,0.76281006550557,0.097,-31181.1077745601,64441.4498880938,100,4.08000000000004,TRUE,"",0.2,427,910427,920427,930427
"DGMM",NA,0.879723663110295,0.031,0.458769082530449,0.277,-36020.6658038566,74127.4737019658,16,1.95999999999998,TRUE,"",0.3,427,910427,920427,930427
"RDMM",4.18251769481055,0.891026960595032,0.028,0.726078795587119,0.113,-32788.7916835438,67656.8177060612,101,4.08999999999997,TRUE,"",0.3,427,910427,920427,930427
"DGMM",NA,0.708672478498112,0.079,0.424398724972358,0.277,-37873.5028977717,77833.1478897961,6,0.78000000000003,TRUE,"",0.4,427,910427,920427,930427
"RDMM",3.59973040048238,0.857333242882128,0.037,0.683486026137291,0.132,-34467.5886355793,71014.4116101323,100,4.09000000000003,TRUE,"",0.4,427,910427,920427,930427
"DGMM",NA,-7.14703633148469e-05,0.485,-0.000735286082851596,0.735,-36401.0687193258,74888.2795329041,24,2.81999999999999,TRUE,"",0.5,427,910427,920427,930427
"RDMM",3.32841824060463,0.795459414570429,0.054,0.424992168451973,0.352,-36052.942600457,74185.1195398876,100,4.18000000000001,TRUE,"",0.5,427,910427,920427,930427
"DGMM",NA,0.988024023184218,0.003,0.71563912746211,0.125,-27192.9921602364,56472.1264147254,15,1.85000000000002,TRUE,"",0,428,910428,920428,930428
"RDMM",199.99994825798,0.988024023184218,0.003,0.816158440992187,0.074,-27102.4375602044,56284.1094593824,100,4.01999999999998,TRUE,"",0,428,910428,920428,930428
"DGMM",NA,0.835231510673026,0.043,0.579364083456954,0.194,-31959.0802791204,66004.3026524934,24,2.81999999999999,TRUE,"",0.1,428,910428,920428,930428
"RDMM",7.26232553936417,0.933089076055551,0.017,0.746813473628468,0.104,-29417.4610030769,60914.1563451273,100,4.07999999999998,TRUE,"",0.1,428,910428,920428,930428
"DGMM",NA,-0.000760422572111705,0.494,-0.000769325516951897,0.742,-31688.556578843,65463.2552519385,27,3.19,TRUE,"",0.2,428,910428,920428,930428
"RDMM",4.79211055689552,0.898602586274994,0.026,0.666215875047981,0.144,-31357.8590683572,64794.952475688,183,7.25,TRUE,"",0.2,428,910428,920428,930428
"DGMM",NA,-0.000931043079895671,0.498,-0.00103662785304198,0.74,-33433.1509104571,68952.4439151667,33,3.92000000000007,TRUE,"",0.3,428,910428,920428,930428
"RDMM",3.82426710694261,0.875971952000245,0.032,0.459654730020865,0.276,-33064.3773555998,68207.9890501733,100,4.25,TRUE,"",0.3,428,910428,920428,930428
"DGMM",NA,-0.000876369722454798,0.495,-0.000862017900155721,0.731,-35172.464075249,72431.0702447506,30,3.62,TRUE,"",0.4,428,910428,920428,930428
"RDMM",3.3024767071023,0.861045027000409,0.036,0.622397572731444,0.161,-34657.7150062356,71394.6643514449,143,5.79999999999995,TRUE,"",0.4,428,910428,920428,930428
"DGMM",NA,-0.000735590706597281,0.492,-0.000949857152171823,0.734,-36857.6429149892,75801.4279242311,20,2.38999999999999,TRUE,"",0.5,428,910428,920428,930428
"RDMM",3.05133949063864,0.817033056793045,0.048,0.436053094585897,0.302,-36312.1171156989,74703.4685703714,114,4.65999999999997,TRUE,"",0.5,428,910428,920428,930428
"DGMM",NA,0.995999997602502,0.001,0.577172904071542,0.234,-27414.8988933475,56915.9398809476,15,1.85000000000002,TRUE,"",0,429,910429,920429,930429
"RDMM",199.999951806343,0.995999997602502,0.001,0.627612826861428,0.202,-27357.4636634514,56794.1616658764,101,4.08000000000004,TRUE,"",0,429,910429,920429,930429
"DGMM",NA,0.809810686832455,0.05,0.643169508417205,0.151,-31446.4431208599,64979.0283359724,19,2.27999999999997,TRUE,"",0.1,429,910429,920429,930429
"RDMM",7.8945249137626,0.976120102806016,0.006,0.811762951737109,0.076,-29533.0609079065,61145.3561547866,100,4.07000000000005,TRUE,"",0.1,429,910429,920429,930429
"DGMM",NA,0.636448024893488,0.101,0.334691824504454,0.34,-33919.2455960089,69924.6332862705,21,2.5,TRUE,"",0.2,429,910429,920429,930429
"RDMM",4.89931194423915,0.948624607075879,0.013,0.572743052287123,0.216,-31544.1873370072,65167.609012988,100,4.05999999999995,TRUE,"",0.2,429,910429,920429,930429
"DGMM",NA,9.27204824631023e-06,0.486,-0.0010455520356791,0.73,-33553.2576590098,69192.6574122722,26,3.09000000000003,TRUE,"",0.3,429,910429,920429,930429
"RDMM",3.82086351326423,0.940840812245286,0.015,0.721497944047143,0.116,-33059.9370496248,68199.1084382233,100,4.02999999999997,TRUE,"",0.3,429,910429,920429,930429
"DGMM",NA,0.69859446930183,0.082,0.425487452085816,0.281,-39138.3662754946,80362.8746452418,6,0.850000000000023,TRUE,"",0.4,429,910429,920429,930429
"RDMM",3.2555002389495,0.891027040722228,0.028,0.671437515478975,0.139,-34798.5016167418,71676.2375724572,129,5.06000000000006,TRUE,"",0.4,429,910429,920429,930429
"DGMM",NA,0.00032966656477165,0.482,0.000289707661482089,0.734,-37377.5861938622,76841.3144819771,26,3.13999999999999,TRUE,"",0.5,429,910429,920429,930429
"RDMM",2.96821395065553,0.83157550556236,0.044,0.485535472630875,0.259,-36795.9568401381,75671.1480192497,104,4.07000000000005,TRUE,"",0.5,429,910429,920429,930429
"DGMM",NA,0.995999999473251,0.001,0.807352321568599,0.078,-27344.1838940725,56774.5098823977,22,2.98000000000002,TRUE,"",0,430,910430,920430,930430
"RDMM",199.999951785356,0.995999999473251,0.001,0.832838492614349,0.067,-27298.1506605122,56675.535659998,110,4.38,TRUE,"",0,430,910430,920430,930430
"DGMM",NA,0.799033959520636,0.053,0.59140535633433,0.177,-31315.8798251332,64717.901744519,14,2.25,TRUE,"",0.1,430,910430,920430,930430
"RDMM",8.17041907355406,0.948624622247563,0.013,0.774167524418255,0.092,-29483.9688192535,61047.1719774807,100,3.96999999999991,TRUE,"",0.1,430,910430,920430,930430
"DGMM",NA,0.601770395301016,0.112,0.340631513842761,0.329,-33488.2032304308,69062.5485551142,18,2.25999999999999,TRUE,"",0.2,430,910430,920430,930430
"RDMM",5.42376018262252,0.9100260141776,0.023,0.724339283555166,0.114,-31210.979747036,64501.1938330456,100,3.96999999999991,TRUE,"",0.2,430,910430,920430,930430
"DGMM",NA,-0.000979039388796431,0.495,-0.00114666931537057,0.735,-33337.8677095666,68761.8775133858,32,3.85000000000002,TRUE,"",0.3,430,910430,920430,930430
"RDMM",4.21686525353956,0.887251225702721,0.029,0.686829612600854,0.132,-32920.1195449465,67919.4734288666,124,5,TRUE,"",0.3,430,910430,920430,930430
"DGMM",NA,-0.000635423737242339,0.49,-0.00100285962960898,0.735,-35079.4744650224,72245.0910242974,27,3.30000000000007,TRUE,"",0.4,430,910430,920430,930430
"RDMM",3.57375699199361,0.846246168539939,0.04,0.666723057906319,0.141,-34626.0169458535,71331.2682306806,100,4.04999999999995,TRUE,"",0.4,430,910430,920430,930430
"DGMM",NA,-0.000948515031204847,0.496,-0.00127135945627643,0.738,-36868.0446206679,75822.2313355885,22,2.70000000000005,TRUE,"",0.5,430,910430,920430,930430
"RDMM",3.25270222433201,0.799034920832213,0.053,0.462721230221353,0.262,-36293.3736143625,74665.9815676987,100,3.96999999999991,TRUE,"",0.5,430,910430,920430,930430
"DGMM",NA,0.995999996198092,0.001,0.683456197134682,0.14,-27384.5015338556,56855.1451619638,20,2.5,TRUE,"",0,431,910431,920431,930431
"RDMM",199.999947996091,0.995999996198092,0.001,0.810133871513312,0.077,-27266.0969557651,56611.4282505038,173,6.90999999999997,TRUE,"",0,431,910431,920431,930431
"DGMM",NA,0.838895999763747,0.042,0.573208301595653,0.189,-30886.9132422999,63859.9685788523,27,3.16999999999996,TRUE,"",0.1,431,910431,920431,930431
"RDMM",8.70111519119754,0.956440401057714,0.011,0.713716417106026,0.121,-29374.6023675231,60828.4390740197,194,7.88999999999999,TRUE,"",0.1,431,910431,920431,930431
"DGMM",NA,0.944728675554002,0.014,0.51848083519953,0.242,-34018.2475088083,70122.6371118692,20,2.49000000000001,TRUE,"",0.2,431,910431,920431,930431
"RDMM",5.2273760776062,0.925369301894911,0.019,0.599888452294958,0.191,-31300.7846256905,64680.8035903546,142,5.68000000000006,TRUE,"",0.2,431,910431,920431,930431
"DGMM",NA,0.84624610307717,0.04,0.420392537307313,0.323,-36248.5674023129,74583.2768988785,13,1.56999999999994,TRUE,"",0.3,431,910431,920431,930431
"RDMM",4.04644560884655,0.898602552064052,0.026,0.492718754393115,0.289,-33130.1506352085,68339.5356093906,100,4.06000000000006,TRUE,"",0.3,431,910431,920431,930431
"DGMM",NA,0.735900052961279,0.071,0.386786397172351,0.33,-37940.6065391623,77967.3551725773,6,0.779999999999973,TRUE,"",0.4,431,910431,920431,930431
"RDMM",3.57860534173435,0.861044975787034,0.036,0.597919604580577,0.178,-34645.8228717436,71370.8800824608,146,5.80999999999995,TRUE,"",0.4,431,910431,920431,930431
"DGMM",NA,0.749706860379532,0.067,0.357670212582978,0.355,-39335.5320310903,80757.2061564332,7,0.8599999999999,TRUE,"",0.5,431,910431,920431,930431
"RDMM",3.30753909822833,0.813417237191362,0.049,0.577814761309744,0.186,-36266.0932842576,74611.4209074888,183,7.25,TRUE,"",0.5,431,910431,920431,930431
"DGMM",NA,0.99599999837435,0.001,0.492665986543048,0.495,-27415.8079622468,56917.7580187462,21,2.52999999999997,TRUE,"",0,432,910432,920432,930432
"RDMM",199.999951051248,0.992008005214688,0.002,0.647838090141576,0.184,-27269.8260482573,56618.8864354883,120,4.88999999999999,TRUE,"",0,432,910432,920432,930432
"DGMM",NA,0.936960919798378,0.016,0.468498560366779,0.313,-31770.3306954924,65626.8034852375,26,3.14999999999998,TRUE,"",0.1,432,910432,920432,930432
"RDMM",8.1181372406977,0.94862460986971,0.013,0.79226948998032,0.084,-29388.4109076603,60856.0561542943,142,5.62,TRUE,"",0.1,432,910432,920432,930432
"DGMM",NA,-0.000495794493608973,0.493,7.23753213373649e-05,0.737,-31621.8751800174,65329.8924542873,23,2.80999999999995,TRUE,"",0.2,432,910432,920432,930432
"RDMM",5.15502913019382,0.906210203857321,0.024,0.714161106651853,0.119,-31183.1212899438,64445.4769188611,127,5.06000000000006,TRUE,"",0.2,432,910432,920432,930432
"DGMM",NA,-0.000678459031837263,0.494,-0.000514311212199862,0.735,-33411.0642032752,68908.270500803,27,3.26999999999998,TRUE,"",0.3,432,910432,920432,930432
"RDMM",3.9441227861643,0.86476472592545,0.035,0.690450072069629,0.13,-32981.9925205809,68043.2193801354,148,6.11000000000001,TRUE,"",0.3,432,910432,920432,930432
"DGMM",NA,-0.000922379866460445,0.5,-0.000305198007155608,0.733,-35145.0536446465,72376.2493835457,22,2.64999999999998,TRUE,"",0.4,432,910432,920432,930432
"RDMM",3.35551251357932,0.82792787850914,0.045,0.443007930489465,0.337,-34684.2724095815,71447.7791581367,100,4.06000000000006,TRUE,"",0.4,432,910432,920432,930432
"DGMM",NA,0.580225759637402,0.119,0.319546174340083,0.357,-40134.0895962836,82354.3212868198,6,0.789999999999964,TRUE,"",0.5,432,910432,920432,930432
"RDMM",3.17997440146921,0.791891861443908,0.055,0.600206177860971,0.173,-36302.0359238365,74683.3061866466,100,4,TRUE,"",0.5,432,910432,920432,930432
"DGMM",NA,1,0,0.728269223889383,0.116,-27067.7690928063,56221.6802798652,14,1.70000000000005,TRUE,"",0,433,910433,920433,930433
"RDMM",199.999948789321,0.995999996623648,0.001,0.826169800549738,0.07,-26898.6805057887,55876.5953505511,129,5.18999999999994,TRUE,"",0,433,910433,920433,930433
"DGMM",NA,0.902402428454474,0.025,0.580959915874022,0.19,-31589.1762510445,65264.4945963417,14,1.66999999999996,TRUE,"",0.1,433,910433,920433,930433
"RDMM",7.81267500719334,0.952528487259748,0.012,0.7854437984103,0.087,-29169.9237799348,60419.0818988432,119,4.80000000000007,TRUE,"",0.1,433,910433,920433,930433
"DGMM",NA,0.649294765702733,0.097,0.405992317283404,0.281,-33510.7684618777,69107.679018008,13,1.75,TRUE,"",0.2,433,910433,920433,930433
"RDMM",4.95989140619806,0.917681612197773,0.021,0.722347497692917,0.115,-30930.7307245348,63940.6957880431,125,4.96000000000004,TRUE,"",0.2,433,910433,920433,930433
"DGMM",NA,0.00055627117831015,0.482,-0.000112490017562508,0.726,-33113.1865266327,68312.5151475181,39,4.74000000000001,TRUE,"",0.3,433,910433,920433,930433
"RDMM",3.94691013129526,0.887251156081381,0.029,0.70045954735616,0.125,-32584.2934124009,67247.8211637755,105,4.25,TRUE,"",0.3,433,910433,920433,930433
"DGMM",NA,-0.000296435120345101,0.488,-0.000838595350411308,0.731,-34940.4587924122,71967.0596790771,23,2.71999999999991,TRUE,"",0.4,433,910433,920433,930433
"RDMM",3.35139958143205,0.820656505275085,0.047,0.528196430380541,0.224,-34423.5002728908,70926.2348847553,169,6.69999999999993,TRUE,"",0.4,433,910433,920433,930433
"DGMM",NA,0.000210707330180319,0.483,-0.000728672344047869,0.731,-36656.3174294486,75398.7769531497,27,3.26999999999998,TRUE,"",0.5,433,910433,920433,930433
"RDMM",3.0236820696571,0.831575453459464,0.044,0.644868511538388,0.15,-35905.9795712584,73891.1934814905,100,4.09000000000003,TRUE,"",0.5,433,910433,920433,930433
"DGMM",NA,0.992008007453342,0.002,0.862596760053663,0.054,-27161.0866124484,56408.3153191494,22,2.89999999999998,TRUE,"",0,434,910434,920434,930434
"RDMM",199.999950259473,0.992008007453342,0.002,0.874450392846926,0.049,-27098.1618236925,56275.5579863586,143,5.68000000000006,TRUE,"",0,434,910434,920434,930434
"DGMM",NA,0.718822295579656,0.076,0.522855738209169,0.212,-31249.9533738437,64586.0488419401,16,1.90999999999997,TRUE,"",0.1,434,910434,920434,930434
"RDMM",7.89030459151822,0.960360355626486,0.01,0.808319250672917,0.077,-29367.4254083388,60814.0851556513,100,4.13,TRUE,"",0.1,434,910434,920434,930434
"DGMM",NA,8.82287509707554e-05,0.483,-0.000858484139071203,0.734,-31599.0184509458,65284.1789961443,26,3.08000000000004,TRUE,"",0.2,434,910434,920434,930434
"RDMM",4.9653091716532,0.940840832185354,0.015,0.807272776263087,0.077,-31213.775683959,64506.7857068916,111,4.50999999999999,TRUE,"",0.2,434,910434,920434,930434
"DGMM",NA,-0.000363260267757045,0.487,-0.00121540011725808,0.73,-33392.4015575841,68870.9452094209,21,2.51999999999998,TRUE,"",0.3,434,910434,920434,930434
"RDMM",3.89804155242476,0.913849843870793,0.022,0.711903599540379,0.12,-33055.8230380556,68190.8804150848,191,7.56000000000006,TRUE,"",0.3,434,910434,920434,930434
"DGMM",NA,-0.000234777363956044,0.486,-0.00129262448704284,0.731,-34952.0670760561,71990.2762463648,20,2.44999999999993,TRUE,"",0.4,434,910434,920434,930434
"RDMM",3.52811263274369,0.868492506388525,0.034,0.687243824820809,0.129,-34559.588009667,71198.4103583077,133,5.42000000000007,TRUE,"",0.4,434,910434,920434,930434
"DGMM",NA,0.000594877343662522,0.48,0.0918293950954944,0.617,-36812.0588403306,75710.2597749139,17,2.09999999999991,TRUE,"",0.5,434,910434,920434,930434
"RDMM",3.33087979435807,0.784780805810015,0.057,0.461227018559771,0.327,-36294.9231027812,74669.080544536,115,4.58000000000004,TRUE,"",0.5,434,910434,920434,930434
"DGMM",NA,0.992008006429343,0.002,0.836698860634509,0.065,-26977.9754002835,56042.0928948195,20,2.51999999999998,TRUE,"",0,435,910435,920435,930435
"RDMM",191.922893883963,0.992008006429343,0.002,0.850961424225941,0.059,-26958.486384009,55996.2071069917,100,3.97000000000003,TRUE,"",0,435,910435,920435,930435
"DGMM",NA,0.936960986201807,0.016,0.711562642036504,0.12,-30752.2872977374,63590.7166897273,13,1.61000000000001,TRUE,"",0.1,435,910435,920435,930435
"RDMM",8.64767724602154,0.960360340679408,0.01,0.805550406729655,0.078,-29067.307585966,60213.8495109057,100,4.02999999999997,TRUE,"",0.1,435,910435,920435,930435
"DGMM",NA,0.00290748167163294,0.468,0.000460400950837392,0.717,-31420.4998722946,64927.1418388417,36,4.49000000000001,TRUE,"",0.2,435,910435,920435,930435
"RDMM",5.17517443096993,0.925369349447941,0.019,0.746199810804387,0.104,-31006.0893896262,64091.413118226,100,4.04000000000008,TRUE,"",0.2,435,910435,920435,930435
"DGMM",NA,0.000650474124560165,0.479,-0.000344843786608338,0.716,-33275.5190661633,68637.1802265792,24,2.92999999999995,TRUE,"",0.3,435,910435,920435,930435
"RDMM",3.99522948945538,0.906210223729457,0.024,0.712434395313387,0.119,-32747.6957514015,67574.6258417765,100,4.08000000000004,TRUE,"",0.3,435,910435,920435,930435
"DGMM",NA,-0.000149888898662235,0.485,-0.00119507773667,0.728,-35058.1459439189,72202.4339820904,52,6.19999999999993,TRUE,"",0.4,435,910435,920435,930435
"RDMM",3.44165891088053,0.861045094747967,0.036,0.661845864130861,0.143,-34470.9868834164,71021.2081058064,104,4.13999999999999,TRUE,"",0.4,435,910435,920435,930435
"DGMM",NA,-0.000613020622077815,0.49,-0.00107063287859572,0.733,-36942.802058429,75971.7462111106,27,3.25999999999999,TRUE,"",0.5,435,910435,920435,930435
"RDMM",3.18003074056308,0.799035123011651,0.053,0.389131573184092,0.34,-36137.1124552593,74353.4592494923,118,4.79999999999995,TRUE,"",0.5,435,910435,920435,930435
"DGMM",NA,0.988024012072048,0.003,0.729063264062457,0.114,-27371.1399299786,56828.4219542098,13,1.62,TRUE,"",0,436,910436,920436,930436
"RDMM",199.999952308343,0.992008000063936,0.002,0.806004912002999,0.08,-27240.6291916228,56560.4927222191,144,5.77999999999997,TRUE,"",0,436,910436,920436,930436
"DGMM",NA,0.809811297140385,0.05,0.49110786880594,0.238,-31405.2009046775,64896.5439036077,12,1.52999999999997,TRUE,"",0.1,436,910436,920436,930436
"RDMM",8.07388714637348,0.952528481341696,0.012,0.80373009581599,0.079,-29515.6482160742,61110.530771122,152,6.09000000000003,TRUE,"",0.1,436,910436,920436,930436
"DGMM",NA,0.675367329311137,0.089,0.306019675714148,0.49,-33857.9027459767,69801.947586206,22,2.6099999999999,TRUE,"",0.2,436,910436,920436,930436
"RDMM",4.94347508433939,0.887251140528819,0.029,0.51109090597744,0.314,-31451.9094519477,64983.053242869,166,6.6099999999999,TRUE,"",0.2,436,910436,920436,930436
"DGMM",NA,0.756658651940575,0.065,0.368604860609843,0.504,-37119.786215968,76325.7145261885,14,1.80000000000007,TRUE,"",0.3,436,910436,920436,930436
"RDMM",3.93846857740377,0.857333190952572,0.037,0.474286507392569,0.326,-33356.4504571751,68792.1352533239,159,6.50999999999999,TRUE,"",0.3,436,910436,920436,930436
"DGMM",NA,-0.000639612623118484,0.492,0.000287692476499235,0.73,-35208.826010539,72503.7941153306,22,2.61000000000001,TRUE,"",0.4,436,910436,920436,930436
"RDMM",3.49698491837991,0.842566432073634,0.041,0.446665690594213,0.324,-34888.1164408624,71855.4672206985,145,5.78999999999996,TRUE,"",0.4,436,910436,920436,930436
"DGMM",NA,-0.000491953761915726,0.489,0.000517787000896678,0.73,-36955.670555805,75997.4832058626,26,3.13999999999999,TRUE,"",0.5,436,910436,920436,930436
"RDMM",3.16166669957571,0.795459439046414,0.054,0.474121002658611,0.255,-36514.0858343587,75107.406007691,109,4.43000000000006,TRUE,"",0.5,436,910436,920436,930436
"DGMM",NA,0.992008001521523,0.002,0.475545892680301,0.461,-27357.996666195,56802.1354266427,19,2.30999999999995,TRUE,"",0,437,910437,920437,930437
"RDMM",199.99995079202,0.995999996623648,0.001,0.830437982917416,0.068,-27206.9536699915,56493.1416789567,114,4.69999999999993,TRUE,"",0,437,910437,920437,930437
"DGMM",NA,0.883483836113813,0.03,0.702000246773567,0.124,-31188.6772869743,64463.4966682012,19,2.26999999999998,TRUE,"",0.1,437,910437,920437,930437
"RDMM",8.43633533020206,0.94862457829413,0.013,0.807837701229204,0.077,-29302.7696654748,60684.7736699233,104,4.17000000000007,TRUE,"",0.1,437,910437,920437,930437
"DGMM",NA,0.559088317999435,0.126,0.343590032318297,0.342,-33218.6475897304,68523.4372737133,19,2.27999999999997,TRUE,"",0.2,437,910437,920437,930437
"RDMM",5.65218351042177,0.929225163697984,0.018,0.759998128825519,0.098,-30976.0016757342,64031.2376904421,100,4.01999999999998,TRUE,"",0.2,437,910437,920437,930437
"DGMM",NA,0.00173292078425415,0.475,0.000265072574166791,0.729,-33122.4767081006,68331.0955104538,29,3.5,TRUE,"",0.3,437,910437,920437,930437
"RDMM",4.27756537942685,0.906210125968568,0.024,0.728517857315022,0.113,-32668.4466050856,67416.1275491449,100,4.08000000000004,TRUE,"",0.3,437,910437,920437,930437
"DGMM",NA,0.000891243397286432,0.479,-0.000325435574845658,0.736,-35154.8265641721,72395.7952225968,19,2.25999999999999,TRUE,"",0.4,437,910437,920437,930437
"RDMM",3.53302206673752,0.838894750190886,0.042,0.45501118154516,0.314,-34541.7849293263,71162.8041976263,116,4.74000000000001,TRUE,"",0.4,437,910437,920437,930437
"DGMM",NA,0.00195900996441587,0.473,3.90835802024077e-05,0.732,-36770.6308867869,75627.4038678263,24,2.86000000000001,TRUE,"",0.5,437,910437,920437,930437
"RDMM",3.24415842054857,0.806210038246064,0.051,0.610612479874819,0.17,-36031.5771461647,74142.3886313029,100,4.09000000000003,TRUE,"",0.5,437,910437,920437,930437
"DGMM",NA,0.995999997241588,0.001,0.732416366672959,0.114,-27299.059196418,56684.2604870885,18,2.31999999999994,TRUE,"",0,438,910438,920438,930438
"RDMM",199.999945260886,0.995999997241588,0.001,0.826491488307958,0.07,-27107.0303738746,56293.2950867229,215,8.64999999999998,TRUE,"",0,438,910438,920438,930438
"DGMM",NA,0.806211263071518,0.051,0.480352473340294,0.252,-32111.2564612308,66308.6550167142,10,1.24000000000001,TRUE,"",0.1,438,910438,920438,930438
"RDMM",7.28720364413901,0.944728705752729,0.014,0.768893761188242,0.095,-29456.8755689518,60992.9854768771,100,3.97000000000003,TRUE,"",0.1,438,910438,920438,930438
"DGMM",NA,0.777703173061096,0.059,0.443858070484605,0.274,-34948.7536394926,71983.6493732378,7,0.889999999999986,TRUE,"",0.2,438,910438,920438,930438
"RDMM",5.10775632666601,0.906210185729402,0.024,0.733338714177674,0.111,-31299.8605263639,64678.9553917014,115,4.67000000000007,TRUE,"",0.2,438,910438,920438,930438
"DGMM",NA,0.767143586609572,0.062,0.296068627001115,0.486,-37114.664694697,76315.4714836467,11,1.34000000000003,TRUE,"",0.3,438,910438,920438,930438
"RDMM",4.03639132656859,0.872228258696765,0.033,0.437423358348206,0.318,-33202.0153518356,68483.2650426449,300,11.8499999999999,TRUE,"",0.3,438,910438,920438,930438
"DGMM",NA,0.715431436933465,0.077,0.255173541435092,0.495,-38468.6894377852,79023.520969823,10,1.25,TRUE,"",0.4,438,910438,920438,930438
"RDMM",3.45740212609093,0.831575679238447,0.044,0.354202256447493,0.403,-34853.0929059698,71785.4201509132,126,5.04000000000008,TRUE,"",0.4,438,910438,920438,930438
"DGMM",NA,-7.92363597516865e-05,0.485,0.000540771804133984,0.721,-37022.3569136754,76130.8559216034,31,3.69999999999993,TRUE,"",0.5,438,910438,920438,930438
"RDMM",3.15558731777186,0.831575726999308,0.044,0.459266351646986,0.316,-36417.1787975427,74913.5919340589,141,5.69000000000005,TRUE,"",0.5,438,910438,920438,930438
"DGMM",NA,1,0,0.823733785946993,0.071,-27116.34422622,56318.8305466925,22,2.65999999999997,TRUE,"",0,439,910439,920439,930439
"RDMM",199.999950848462,0.995999997241588,0.001,0.854076071621043,0.058,-27086.0352632653,56251.3048655043,100,4.17000000000007,TRUE,"",0,439,910439,920439,930439
"DGMM",NA,0.910026093870971,0.023,0.549946121808825,0.212,-31815.1069719038,65716.3560380603,16,1.91999999999996,TRUE,"",0.1,439,910439,920439,930439
"RDMM",7.67052156694167,0.952528497780725,0.012,0.78210352470684,0.089,-29381.2126235069,60841.6595859873,241,9.74000000000001,TRUE,"",0.1,439,910439,920439,930439
"DGMM",NA,-0.000504430851544277,0.494,0.00120870643411411,0.721,-31634.5020465972,65355.146187447,24,2.88999999999999,TRUE,"",0.2,439,910439,920439,930439
"RDMM",4.79262195794094,0.917681667357316,0.021,0.47762527290056,0.329,-31394.7042841011,64868.6429071757,100,4.02999999999997,TRUE,"",0.2,439,910439,920439,930439
"DGMM",NA,-0.000212345961135804,0.488,0.291186021699463,0.512,-33346.2017030382,68778.545500329,25,2.98000000000002,TRUE,"",0.3,439,910439,920439,930439
"RDMM",3.80092917423702,0.913849794049433,0.022,0.727839850258505,0.113,-32901.9558422172,67883.146023408,136,5.45000000000005,TRUE,"",0.3,439,910439,920439,930439
"DGMM",NA,-0.000109093792733537,0.486,0.000661224800891587,0.729,-35161.1897912342,72408.5216767209,22,2.74000000000001,TRUE,"",0.4,439,910439,920439,930439
"RDMM",3.3011005510807,0.887251196752285,0.029,0.685362640501577,0.133,-34596.7009969747,71272.636332923,100,4.04999999999995,TRUE,"",0.4,439,910439,920439,930439
"DGMM",NA,-0.000928149877614259,0.497,-0.000606637371977262,0.732,-36848.4646728116,75783.0714398758,24,2.8599999999999,TRUE,"",0.5,439,910439,920439,930439
"RDMM",2.98557914919859,0.853629523503807,0.038,0.489792684947648,0.256,-36206.8021881829,74492.8387153394,151,6.02000000000021,TRUE,"",0.5,439,910439,920439,930439
"DGMM",NA,0.992008006585787,0.002,0.726354078175426,0.118,-27404.549930598,56895.2419554486,13,1.65999999999985,TRUE,"",0,440,910440,920440,930440
"RDMM",199.999954660679,0.995999999473251,0.001,0.863977583916781,0.054,-27210.8633199258,56500.9609788252,212,8.48000000000002,TRUE,"",0,440,910440,920440,930440
"DGMM",NA,0.795459271639611,0.054,0.457528646690937,0.261,-31451.5811690104,64989.3044322734,17,2.01999999999998,TRUE,"",0.1,440,910440,920440,930440
"RDMM",8.16990638088184,0.976120119950138,0.006,0.816751063331168,0.074,-29466.4670200412,61012.168379056,175,7.03999999999996,TRUE,"",0.1,440,910440,920440,930440
"DGMM",NA,0.577174092161099,0.12,0.319830358608894,0.37,-33711.2767875918,69508.6956694362,13,1.63000000000011,TRUE,"",0.2,440,910440,920440,930440
"RDMM",5.15757273825907,0.910026034672173,0.023,0.562769554262828,0.245,-31331.8404314405,64742.9152018547,120,4.91000000000008,TRUE,"",0.2,440,910440,920440,930440
"DGMM",NA,-0.000974231902770077,0.495,-0.00092231265814504,0.731,-33566.5328003422,69219.207694937,29,3.47000000000003,TRUE,"",0.3,440,910440,920440,930440
"RDMM",3.87041726174631,0.861045075707549,0.036,0.533029591698685,0.258,-33238.3426073123,68555.9195535981,135,5.4699999999998,TRUE,"",0.3,440,910440,920440,930440
"DGMM",NA,-0.000936970701646906,0.495,0.000743305999200256,0.724,-35317.5391376705,72721.2203695936,27,3.17000000000007,TRUE,"",0.4,440,910440,920440,930440
"RDMM",3.36814132776214,0.831575605547662,0.044,0.49550782744397,0.281,-34919.9709617837,71919.176262541,115,4.63000000000011,TRUE,"",0.4,440,910440,920440,930440
"DGMM",NA,0.742786445322991,0.069,0.380826242521373,0.329,-40326.4986213765,82739.1393370057,6,0.779999999999973,TRUE,"",0.5,440,910440,920440,930440
"RDMM",3.11836841034561,0.820656661975853,0.047,0.616124791549671,0.168,-36436.615257436,74952.4648538456,100,3.95000000000005,TRUE,"",0.5,440,910440,920440,930440
"DGMM",NA,0.984048045209306,0.004,0.832212979492308,0.067,-27182.108560184,56450.3592146206,27,3.23000000000002,TRUE,"",0,441,910441,920441,930441
"RDMM",199.999954873702,0.988024022446941,0.003,0.865847496909357,0.053,-27048.3491117391,56175.9325624519,218,8.82999999999993,TRUE,"",0,441,910441,920441,930441
"DGMM",NA,0.795459205635655,0.054,0.450305873074138,0.273,-31240.7048627035,64567.5518196596,17,2.06999999999994,TRUE,"",0.1,441,910441,920441,930441
"RDMM",8.00171433817792,0.944728738564567,0.014,0.792784480882384,0.084,-29332.9147662302,60745.0638714341,202,8.06000000000017,TRUE,"",0.1,441,910441,920441,930441
"DGMM",NA,0.000305208119085592,0.481,0.00294830818070025,0.71,-31475.2988095705,65036.7397133937,23,2.82999999999993,TRUE,"",0.2,441,910441,920441,930441
"RDMM",5.2072570093027,0.913849871721947,0.022,0.76998796160441,0.094,-31140.4987751944,64360.2318893623,116,4.80999999999995,TRUE,"",0.2,441,910441,920441,930441
"DGMM",NA,-0.00075725787517791,0.491,0.000253713012929184,0.727,-33264.8501150854,68615.8423244234,35,4.1400000000001,TRUE,"",0.3,441,910441,920441,930441
"RDMM",3.96872066502642,0.872228265972831,0.033,0.697729875469779,0.127,-32865.9722026668,67811.1787443072,109,4.57999999999993,TRUE,"",0.3,441,910441,920441,930441
"DGMM",NA,-0.00103734578290637,0.499,-0.000349580826728235,0.734,-34865.7963315236,71817.7347572998,26,3.07999999999993,TRUE,"",0.4,441,910441,920441,930441
"RDMM",3.49209667773788,0.827927977125994,0.045,0.620114451938933,0.165,-34433.7943576667,70946.8230543069,100,4.0300000000002,TRUE,"",0.4,441,910441,920441,930441
"DGMM",NA,-0.000689468643784083,0.491,-0.000891925528760976,0.736,-36613.7951433054,75313.7323808634,26,3.14999999999986,TRUE,"",0.5,441,910441,920441,930441
"RDMM",3.21912906149601,0.781237297968158,0.058,0.56337764621485,0.194,-36155.2813998249,74389.7971386233,114,4.52999999999997,TRUE,"",0.5,441,910441,920441,930441
"DGMM",NA,0.995999999123111,0.001,0.84893566244875,0.06,-27104.1079604604,56294.3580151733,43,5.1400000000001,TRUE,"",0,442,910442,920442,930442
"RDMM",199.999954635289,1,0,0.833048098131193,0.067,-27092.1984323656,56263.6312037049,125,5.04999999999995,TRUE,"",0,442,910442,920442,930442
"DGMM",NA,0.770655721862831,0.061,0.533399054007939,0.206,-31068.3541851123,64222.8504644771,23,2.71000000000004,TRUE,"",0.1,442,910442,920442,930442
"RDMM",8.42075723573603,0.960360353719972,0.01,0.797174272229748,0.082,-29323.9807466641,60727.1958323018,100,4.05999999999995,TRUE,"",0.1,442,910442,920442,930442
"DGMM",NA,-0.000198309775004373,0.488,-0.000551312036877449,0.725,-31768.8003415666,65623.7427773859,27,3.24000000000001,TRUE,"",0.2,442,910442,920442,930442
"RDMM",5.02139651908983,0.925369361034676,0.019,0.769099055618424,0.094,-31305.1801351928,64689.5946093593,101,4.11000000000013,TRUE,"",0.2,442,910442,920442,930442
"DGMM",NA,-0.000393856820981552,0.489,-0.0010319804925152,0.73,-33402.3576453873,68890.8573850273,39,4.56999999999994,TRUE,"",0.3,442,910442,920442,930442
"RDMM",4.00183975300498,0.894810787750998,0.027,0.69961756348389,0.126,-32896.496126557,67872.2265920875,159,6.46000000000004,TRUE,"",0.3,442,910442,920442,930442
"DGMM",NA,0.763639900671872,0.063,0.320459964042638,0.406,-38009.8035853027,78105.749264858,18,2.25,TRUE,"",0.4,442,910442,920442,930442
"RDMM",3.44244129146897,0.875971981975729,0.032,0.673959482072016,0.138,-34455.1729862214,70989.5803114165,118,5.39999999999986,TRUE,"",0.4,442,910442,920442,930442
"DGMM",NA,0.78833224434311,0.056,0.31710068438924,0.407,-39592.9559262522,81272.0539467569,14,1.73000000000002,TRUE,"",0.5,442,910442,920442,930442
"RDMM",3.13195022594776,0.842566532053651,0.041,0.63283528725386,0.157,-36103.3780249414,74285.9903888564,100,4.22000000000003,TRUE,"",0.5,442,910442,920442,930442
"DGMM",NA,0.992007989989967,0.002,0.820452637025017,0.072,-27261.5548493533,56609.2517929593,14,1.80999999999995,TRUE,"",0,443,910443,920443,930443
"RDMM",199.999953933555,0.995999992160313,0.001,0.84352679139225,0.062,-27240.117580266,56559.4694995055,100,4.31999999999994,TRUE,"",0,443,910443,920443,930443
"DGMM",NA,0.842562926271704,0.041,0.414704610201533,0.509,-31873.9447426544,65834.0315795615,59,6.99000000000001,TRUE,"",0.1,443,910443,920443,930443
"RDMM",7.63853759466281,0.94472856956046,0.014,0.775959094287023,0.091,-29580.5396623633,61240.3136637003,100,3.99000000000001,TRUE,"",0.1,443,910443,920443,930443
"DGMM",NA,-0.001290894667535,0.49,-0.000551218396324874,0.724,-31810.9052669012,65707.952628055,23,2.83999999999992,TRUE,"",0.2,443,910443,920443,930443
"RDMM",4.9949098194207,0.913849601757669,0.022,0.7485926789927,0.103,-31451.8117501902,64982.8578393541,108,4.35000000000014,TRUE,"",0.2,443,910443,920443,930443
"DGMM",NA,-0.00100279268841316,0.49,0.000438762186832932,0.716,-33638.3291449659,69362.8003841844,21,2.63999999999987,TRUE,"",0.3,443,910443,920443,930443
"RDMM",3.87044111530549,0.879722860332376,0.031,0.693698401437706,0.127,-33175.9330446472,68431.1004282679,162,6.73000000000002,TRUE,"",0.3,443,910443,920443,930443
"DGMM",NA,-0.0010613319550972,0.494,-0.000622757667787078,0.725,-35410.106049259,72906.3541927707,27,3.29999999999995,TRUE,"",0.4,443,910443,920443,930443
"RDMM",3.22946705915495,0.842566163359669,0.041,0.651172780675183,0.148,-34883.6078382597,71846.4500154931,193,7.68000000000006,TRUE,"",0.4,443,910443,920443,930443
"DGMM",NA,-0.000876109634554445,0.493,-0.000632473936874382,0.724,-37029.7415014497,76145.625097152,29,3.5,TRUE,"",0.5,443,910443,920443,930443
"RDMM",2.96601567831287,0.817032620531839,0.048,0.535960167076975,0.212,-36411.210931029,74901.6562010316,182,7.59999999999991,TRUE,"",0.5,443,910443,920443,930443
"DGMM",NA,0.995999996071888,0.001,0.84444326911577,0.062,-27171.1930627439,56428.5282197404,18,2.20000000000005,TRUE,"",0,444,910444,920444,930444
"RDMM",199.999953322392,0.995999996071888,0.001,0.858777557683883,0.056,-27144.2582596351,56367.7508582438,100,4.03999999999996,TRUE,"",0,444,910444,920444,930444
"DGMM",NA,0.925369337789414,0.019,0.441094437899231,0.315,-31003.9850411661,64094.1121765848,13,1.56000000000017,TRUE,"",0.1,444,910444,920444,930444
"RDMM",9.03938906021272,0.960360322224328,0.01,0.583415025656823,0.215,-29250.5317584509,60580.2978558755,119,4.78999999999996,TRUE,"",0.1,444,910444,920444,930444
"DGMM",NA,-0.000516064962563888,0.496,-0.00122533965652937,0.74,-31432.6934710075,64951.5290362677,24,2.82999999999993,TRUE,"",0.2,444,910444,920444,930444
"RDMM",5.37741568736463,0.891026922187606,0.028,0.52268706221698,0.23,-31082.7283440705,64244.6910271147,122,4.91000000000008,TRUE,"",0.2,444,910444,920444,930444
"DGMM",NA,-0.000513765943112818,0.492,-0.00111394681904233,0.737,-33051.7445567265,68189.6312077055,26,3.07999999999993,TRUE,"",0.3,444,910444,920444,930444
"RDMM",4.17503548900044,0.85733321145542,0.037,0.664021352654186,0.141,-32791.5023534486,67662.2390458709,140,5.60000000000014,TRUE,"",0.3,444,910444,920444,930444
"DGMM",NA,-0.000126181716684546,0.486,-0.00100952169512959,0.731,-34867.5140082686,71821.1701107898,22,2.61999999999989,TRUE,"",0.4,444,910444,920444,930444
"RDMM",3.50029884830385,0.784780909653325,0.057,0.37018043915252,0.369,-34627.3585045962,71333.951348166,106,4.30999999999995,TRUE,"",0.4,444,910444,920444,930444
"DGMM",NA,0.00215954869326206,0.472,0.000361190680289535,0.728,-36494.5750920739,75075.2922784005,27,3.19000000000005,TRUE,"",0.5,444,910444,920444,930444
"RDMM",3.31504842389756,0.774174057881624,0.06,0.489077833437198,0.236,-36135.0554031121,74349.3451451977,119,4.79999999999995,TRUE,"",0.5,444,910444,920444,930444
"DGMM",NA,1,0,0.817306170826638,0.074,-27139.284565645,56364.7112255427,20,2.3900000000001,TRUE,"",0,445,910445,920445,930445
"RDMM",199.999945737746,1,0,0.826507653414799,0.07,-27070.1892982958,56219.6129355651,125,5.1099999999999,TRUE,"",0,445,910445,920445,930445
"DGMM",NA,0.944728716766219,0.014,0.661919582351911,0.146,-31456.6540822216,64999.4502586958,16,1.92000000000007,TRUE,"",0.1,445,910445,920445,930445
"RDMM",8.27941759354926,0.968224194422497,0.008,0.788097550416054,0.086,-29267.3018115479,60613.8379620694,137,5.6099999999999,TRUE,"",0.1,445,910445,920445,930445
"DGMM",NA,0.626906074826443,0.104,0.485246596164458,0.24,-33582.6522024814,69251.4464992153,31,3.8900000000001,TRUE,"",0.2,445,910445,920445,930445
"RDMM",5.04892434468423,0.944728676891147,0.014,0.746698382990382,0.104,-31139.8043709021,64358.8430807779,106,4.34999999999991,TRUE,"",0.2,445,910445,920445,930445
"DGMM",NA,-0.0006245002162106,0.495,0.220706637876542,0.536,-33421.740005568,68929.6221053886,32,4.00999999999999,TRUE,"",0.3,445,910445,920445,930445
"RDMM",3.9766070847127,0.917681602167798,0.021,0.701726162996691,0.125,-32913.9182442934,67907.0708275604,100,4.17000000000007,TRUE,"",0.3,445,910445,920445,930445
"DGMM",NA,-0.000188126498479376,0.487,-0.000421850529931098,0.731,-35210.2690688439,72506.6802319405,21,2.87000000000012,TRUE,"",0.4,445,910445,920445,930445
"RDMM",3.37185121260981,0.887251142343646,0.029,0.685320208632476,0.132,-34613.3800195715,71305.9943781166,100,4.25,TRUE,"",0.4,445,910445,920445,930445
"DGMM",NA,-0.000911052218862455,0.497,0.000176953547998369,0.722,-36987.7946255919,76061.7313454364,28,3.47000000000003,TRUE,"",0.5,445,910445,920445,930445
"RDMM",3.12547767303722,0.813417291034867,0.049,0.350880997755754,0.414,-36420.726699511,74920.6877379956,100,4.07999999999993,TRUE,"",0.5,445,910445,920445,930445
"DGMM",NA,1,0,0.564083510948197,0.246,-27230.7233268382,56547.588747929,26,3.17000000000007,TRUE,"",0,446,910446,920446,930446
"RDMM",199.999949174243,1,0,0.572895565429635,0.256,-27111.6082250335,56302.4507890407,184,7.3599999999999,TRUE,"",0,446,910446,920446,930446
"DGMM",NA,0.668782727376796,0.091,0.426829704527064,0.3,-31782.4894332602,65651.1209607731,11,1.38000000000011,TRUE,"",0.1,446,910446,920446,930446
"RDMM",7.69254225235746,0.976119926583182,0.006,0.809032946763659,0.076,-29240.1258553733,60559.4860497203,237,9.43999999999983,TRUE,"",0.1,446,910446,920446,930446
"DGMM",NA,-0.00215556924329499,0.496,0.0923444423939011,0.608,-31596.2683963063,65278.6788868652,24,2.95000000000005,TRUE,"",0.2,446,910446,920446,930446
"RDMM",4.88879634217142,0.952528208726137,0.012,0.776168774979865,0.09,-31132.9300829069,64345.0945047874,268,10.95,TRUE,"",0.2,446,910446,920446,930446
"DGMM",NA,-0.000646646610827163,0.484,-0.000933279060105369,0.731,-33736.4957212489,69559.1335367503,32,3.87000000000012,TRUE,"",0.3,446,910446,920446,930446
"RDMM",3.57869177631555,0.894810170525387,0.027,0.713698044478418,0.118,-33156.7728647267,68392.780068427,132,5.32999999999993,TRUE,"",0.3,446,910446,920446,930446
"DGMM",NA,-0.000843367163209137,0.489,-0.00115347340473252,0.733,-35586.8518892213,73259.8458726952,23,2.82999999999993,TRUE,"",0.4,446,910446,920446,930446
"RDMM",3.0862614455078,0.849931891484363,0.039,0.648859600709523,0.149,-34913.1296424318,71905.4936238372,300,11.8300000000002,TRUE,"",0.4,446,910446,920446,930446
"DGMM",NA,-0.000623207211382923,0.489,-0.00107024378052207,0.732,-37369.6102141794,76825.3625226113,32,3.80999999999995,TRUE,"",0.5,446,910446,920446,930446
"RDMM",2.95100926713619,0.802615758943915,0.052,0.431479301655781,0.302,-36608.8310344009,75296.8964077754,100,4.1099999999999,TRUE,"",0.5,446,910446,920446,930446
"DGMM",NA,0.984048044897045,0.004,0.770880999391872,0.094,-27172.0478911848,56430.2378766223,15,1.87000000000012,TRUE,"",0,447,910447,920447,930447
"RDMM",199.999951004429,0.984048044897045,0.004,0.843266892860271,0.062,-27124.396113036,56328.0265650456,100,4.08999999999992,TRUE,"",0,447,910447,920447,930447
"DGMM",NA,0.526586769296838,0.137,0.300030476511917,0.393,-33039.9883098767,68166.1187140059,6,0.769999999999982,TRUE,"",0.1,447,910447,920447,930447
"RDMM",7.38305544240571,0.936960956585879,0.016,0.736959993117473,0.109,-29615.5847045348,61310.4037480432,122,4.8900000000001,TRUE,"",0.1,447,910447,920447,930447
"DGMM",NA,0.000403791658512501,0.48,0.110659534817875,0.585,-31858.4360637817,65803.014221816,17,2.06999999999994,TRUE,"",0.2,447,910447,920447,930447
"RDMM",4.85159562188074,0.91768168959215,0.021,0.717108927243158,0.117,-31323.7277913234,64726.6899216204,105,4.51999999999998,TRUE,"",0.2,447,910447,920447,930447
"DGMM",NA,-0.000100513016836037,0.484,0.172190651827671,0.569,-33838.9450669374,69764.0322281273,20,2.3900000000001,TRUE,"",0.3,447,910447,920447,930447
"RDMM",3.77898499712385,0.887251221154814,0.029,0.630661861405379,0.159,-33220.6491300916,68520.5325991567,124,5.25,TRUE,"",0.3,447,910447,920447,930447
"DGMM",NA,0.00105338718973323,0.477,0.183176335479989,0.556,-35501.5431211196,73089.2283364917,16,1.98000000000002,TRUE,"",0.4,447,910447,920447,930447
"RDMM",3.37375184327203,0.861045106617317,0.036,0.637245133159736,0.155,-34702.4836915629,71484.2017220995,132,5.28999999999996,TRUE,"",0.4,447,910447,920447,930447
"DGMM",NA,0.00506142247098204,0.461,0.00182964572488402,0.724,-36935.8528815521,75957.8478573568,21,2.52999999999997,TRUE,"",0.5,447,910447,920447,930447
"RDMM",3.33110484154613,0.853629650728058,0.038,0.413199218398407,0.361,-36197.6603018576,74474.5549426889,117,4.76999999999998,TRUE,"",0.5,447,910447,920447,930447
"DGMM",NA,0.992008000632441,0.002,0.659778981050463,0.15,-27181.9253129974,56449.9927202475,20,2.41000000000008,TRUE,"",0,448,910448,920448,930448
"RDMM",199.99994730548,0.992008000632441,0.002,0.830428559790212,0.068,-27014.7490532764,56108.7324455263,216,8.61999999999989,TRUE,"",0,448,910448,920448,930448
"DGMM",NA,0.933089026585989,0.017,0.560106627046519,0.207,-31356.814833466,64799.7717611846,18,2.22000000000003,TRUE,"",0.1,448,910448,920448,930448
"RDMM",8.1768067585796,0.956440401057714,0.011,0.801976117698264,0.08,-29168.2392107361,60415.7127604458,160,6.35000000000014,TRUE,"",0.1,448,910448,920448,930448
"DGMM",NA,-0.000301611590867974,0.492,-0.000630665084236978,0.739,-31683.370151525,65452.8823973026,26,3.17000000000007,TRUE,"",0.2,448,910448,920448,930448
"RDMM",4.90877285262157,0.917681607256691,0.021,0.742376896948064,0.106,-31065.4535579765,64210.1414549266,300,11.74,TRUE,"",0.2,448,910448,920448,930448
"DGMM",NA,0.00361305741527978,0.467,0.00108584058364422,0.725,-33477.001015255,69040.1441247627,23,2.77999999999997,TRUE,"",0.3,448,910448,920448,930448
"RDMM",3.89575562073692,0.887251156081381,0.029,0.660807989487675,0.147,-32846.2260088279,67771.6863566294,211,8.5,TRUE,"",0.3,448,910448,920448,930448
"DGMM",NA,0.00347820844717237,0.467,0.001041084527658,0.729,-35162.8505699952,72411.843234243,23,2.93999999999983,TRUE,"",0.4,448,910448,920448,930448
"RDMM",3.35249927318579,0.835231092151884,0.043,0.636918186012799,0.156,-34497.1016086427,71073.4375562591,173,6.92000000000007,TRUE,"",0.4,448,910448,920448,930448
"DGMM",NA,0.00338938553342012,0.467,0.00105829373729012,0.727,-36764.2119636121,75614.5660214768,28,3.36000000000013,TRUE,"",0.5,448,910448,920448,930448
"RDMM",3.07445343691187,0.795459344359342,0.054,0.459965630368975,0.288,-36120.2012654667,74319.636869907,105,4.22999999999979,TRUE,"",0.5,448,910448,920448,930448
"DGMM",NA,0.98404803771579,0.004,0.863645181352652,0.054,-27300.9226132165,56687.9873206855,19,2.28999999999996,TRUE,"",0,449,910449,920449,930449
"RDMM",199.99995121557,0.98404803771579,0.004,0.853865030566509,0.058,-27275.880754205,56630.9958473836,114,4.54999999999995,TRUE,"",0,449,910449,920449,930449
"DGMM",NA,0.788333799490677,0.056,0.369204134204674,0.467,-31919.5494690633,65925.2410323792,18,2.17000000000007,TRUE,"",0.1,449,910449,920449,930449
"RDMM",7.7087324144498,0.964288266883599,0.009,0.806933697084758,0.078,-29515.5504169457,61110.335172865,134,5.34999999999991,TRUE,"",0.1,449,910449,920449,930449
"DGMM",NA,0.00188574775646871,0.475,0.000887738459054928,0.721,-31990.516554574,66067.1752034006,17,2.07999999999993,TRUE,"",0.2,449,910449,920449,930449
"RDMM",4.82972531613896,0.929225186681783,0.018,0.764453461765966,0.097,-31407.5792454315,64894.3928298365,133,5.32000000000016,TRUE,"",0.2,449,910449,920449,930449
"DGMM",NA,-0.000268212365226134,0.489,0.273439495732506,0.514,-33861.0230643796,69808.1882230118,23,2.77999999999997,TRUE,"",0.3,449,910449,920449,930449
"RDMM",3.77939763966577,0.910026010369486,0.023,0.735345660522711,0.11,-33182.9397075633,68445.1137541002,100,4.02999999999997,TRUE,"",0.3,449,910449,920449,930449
"DGMM",NA,1.29867988909453e-05,0.485,0.206181018914069,0.549,-35638.8547390496,73363.8515723518,18,2.22000000000003,TRUE,"",0.4,449,910449,920449,930449
"RDMM",3.25303901557981,0.894810812844607,0.027,0.676921205976289,0.137,-34805.2837133921,71689.8017657578,131,5.33999999999992,TRUE,"",0.4,449,910449,920449,930449
"DGMM",NA,-0.000464501492921342,0.489,0.000194686881523059,0.726,-37408.6373668798,76903.4168280121,19,2.2800000000002,TRUE,"",0.5,449,910449,920449,930449
"RDMM",3.05076028366568,0.857333284601406,0.037,0.575320400103248,0.193,-36497.6314221151,75074.4971832038,158,6.53999999999996,TRUE,"",0.5,449,910449,920449,930449
"DGMM",NA,0.995999999449395,0.001,0.765563620813091,0.097,-27241.1236166442,56568.389327541,17,2.13999999999987,TRUE,"",0,450,910450,920450,930450
"RDMM",199.999946296334,0.992008006669198,0.002,0.851356795148122,0.059,-27060.1695475797,56199.573434133,161,6.5,TRUE,"",0,450,910450,920450,930450
"DGMM",NA,0.913849929392355,0.022,0.715325064578693,0.119,-31058.7853816176,64203.7128574879,17,2.0300000000002,TRUE,"",0.1,450,910450,920450,930450
"RDMM",8.30309526447148,0.976120116119789,0.006,0.829670868782664,0.068,-29262.412497631,60604.0593342357,100,4.02999999999997,TRUE,"",0.1,450,910450,920450,930450
"DGMM",NA,-0.000375371110694046,0.489,-0.000621897173735309,0.738,-31548.5475438045,65183.2371818616,22,2.63999999999987,TRUE,"",0.2,450,910450,920450,930450
"RDMM",5.19305565431119,0.933089070494574,0.017,0.772120974756125,0.093,-31022.2591441458,64123.7526272652,100,4.00999999999999,TRUE,"",0.2,450,910450,920450,930450
"DGMM",NA,-0.000889171310377395,0.497,0.000540944380228473,0.724,-33433.9180781256,68953.9782505038,21,2.59000000000015,TRUE,"",0.3,450,910450,920450,930450
"RDMM",3.89577911019051,0.917681661798606,0.021,0.73231472486627,0.111,-32904.2085850338,67887.6515090413,140,5.6099999999999,TRUE,"",0.3,450,910450,920450,930450
"DGMM",NA,-0.000570509260710653,0.49,-0.00104184210524206,0.74,-35073.0902566694,72232.3226075914,21,2.51999999999998,TRUE,"",0.4,450,910450,920450,930450
"RDMM",3.45956899115739,0.894810777207631,0.027,0.708986500540582,0.122,-34494.6032564879,71068.4408519494,100,4.03999999999996,TRUE,"",0.4,450,910450,920450,930450
"DGMM",NA,-0.000991997642759,0.499,-0.00110714782340266,0.739,-36793.7764377971,75673.6949698468,23,2.75999999999999,TRUE,"",0.5,450,910450,920450,930450
"RDMM",3.1491411269796,0.875971944752439,0.032,0.664208541763767,0.143,-36174.5309229454,74428.2961848644,100,4.02999999999997,TRUE,"",0.5,450,910450,920450,930450
"DGMM",NA,0.992008002213415,0.002,0.579200589679143,0.211,-27374.9612499794,56836.0645942114,13,1.63999999999987,TRUE,"",0,451,910451,920451,930451
"RDMM",177.841837142832,0.995999997241588,0.001,0.875239372705782,0.049,-27107.9785595862,56295.1914581461,116,4.75,TRUE,"",0,451,910451,920451,930451
"DGMM",NA,0.956440414331951,0.011,0.771840341728244,0.093,-31434.3952567051,64954.9326076628,19,2.32000000000016,TRUE,"",0.1,451,910451,920451,930451
"RDMM",7.82618774893867,0.94472868580456,0.014,0.807386130946287,0.077,-29328.7777189365,60736.7897768466,100,4.00999999999999,TRUE,"",0.1,451,910451,920451,930451
"DGMM",NA,0.662267602599086,0.093,0.340579020334047,0.527,-33438.0092892098,68962.1606726721,48,5.82999999999993,TRUE,"",0.2,451,910451,920451,930451
"RDMM",4.9520149387729,0.921521460574425,0.02,0.763566052057279,0.096,-31136.9101595566,64353.0546580869,100,4.1099999999999,TRUE,"",0.2,451,910451,920451,930451
"DGMM",NA,-0.00077979631081598,0.499,0.209801595625482,0.554,-33429.3523811944,68944.8468566415,23,2.87000000000012,TRUE,"",0.3,451,910451,920451,930451
"RDMM",3.86475152850566,0.87972375240488,0.031,0.505883194984339,0.303,-33050.2103535865,68179.6550461465,100,3.92000000000007,TRUE,"",0.3,451,910451,920451,930451
"DGMM",NA,-0.000747292586001266,0.494,-0.00111141004441627,0.736,-34963.1718330436,72012.4857603399,21,2.53999999999996,TRUE,"",0.4,451,910451,920451,930451
"RDMM",3.39112999821024,0.853629617837879,0.038,0.686930335240432,0.13,-34422.1166553582,70923.46764969,134,5.56999999999994,TRUE,"",0.4,451,910451,920451,930451
"DGMM",NA,-0.000861250083237754,0.495,-0.00134880769790442,0.739,-36656.5233359869,75399.1887662263,21,2.61000000000013,TRUE,"",0.5,451,910451,920451,930451
"RDMM",3.06312782867786,0.802618740104091,0.052,0.660152096390428,0.142,-35987.1209409793,74053.4762209322,100,4,TRUE,"",0.5,451,910451,920451,930451
"DGMM",NA,0.992008008003395,0.002,0.614722835000114,0.179,-27362.752792274,56811.6476788006,17,2.18999999999983,TRUE,"",0,452,910452,920452,930452
"RDMM",193.099522093065,0.992008008003395,0.002,0.74770806425372,0.106,-27225.1736043418,56529.5815476572,100,4.08000000000015,TRUE,"",0,452,910452,920452,930452
"DGMM",NA,0.960360359468112,0.01,0.475262129504349,0.294,-32440.019432714,66966.1809596806,14,1.72000000000003,TRUE,"",0.1,452,910452,920452,930452
"RDMM",7.15993983048158,0.956440440277027,0.011,0.587699264254847,0.219,-29688.4350038775,61456.1043467286,143,5.7199999999998,TRUE,"",0.1,452,910452,920452,930452
"DGMM",NA,0.906210202036409,0.024,0.452540910144774,0.493,-34922.4146248403,71930.9713439332,23,2.7800000000002,TRUE,"",0.2,452,910452,920452,930452
"RDMM",4.70285543757844,0.925369368572512,0.019,0.559368946761512,0.283,-31542.6725319247,65164.579402823,143,5.77999999999997,TRUE,"",0.2,452,910452,920452,930452
"DGMM",NA,-0.000329796680126751,0.487,0.000259382821249279,0.737,-33636.1442809826,69358.4306562177,21,2.53999999999996,TRUE,"",0.3,452,910452,920452,930452
"RDMM",3.66135814457597,0.887251250828274,0.029,0.630808865353069,0.162,-33358.4323486594,68796.0990362924,215,8.74000000000001,TRUE,"",0.3,452,910452,920452,930452
"DGMM",NA,-0.000426925914263875,0.488,0.000481162874625818,0.728,-35355.38219838,72796.9064910125,23,2.83999999999992,TRUE,"",0.4,452,910452,920452,930452
"RDMM",3.1990746424839,0.853629625039647,0.038,0.613229931034724,0.168,-35017.0175781384,72113.2694952504,152,6.22000000000003,TRUE,"",0.4,452,910452,920452,930452
"DGMM",NA,0.000295641805133741,0.482,0.000909646118063167,0.721,-37151.1004665572,76388.343027367,28,3.34999999999991,TRUE,"",0.5,452,910452,920452,930452
"RDMM",3.10896083015287,0.784780766061353,0.057,0.383103871765936,0.35,-36827.7815331834,75734.7974053403,110,4.5,TRUE,"",0.5,452,910452,920452,930452
"DGMM",NA,0.984047919382978,0.004,0.607565904284629,0.243,-27464.5007646894,57015.1436236313,16,1.97000000000003,TRUE,"",0,453,910453,920453,930453
"RDMM",199.99995090514,0.988023935290834,0.003,0.80797707598227,0.083,-27320.8787999583,56720.9919388903,170,6.83000000000015,TRUE,"",0,453,910453,920453,930453
"DGMM",NA,0.906208386406857,0.024,0.494978959948,0.325,-31800.8971939539,65687.9364821604,19,2.30999999999995,TRUE,"",0.1,453,910453,920453,930453
"RDMM",8.4206336975272,0.948624102629557,0.013,0.584623926590961,0.274,-29525.8220913466,61130.8785216667,100,4.02999999999997,TRUE,"",0.1,453,910453,920453,930453
"DGMM",NA,-0.00131082453958897,0.485,-0.000663406883436652,0.725,-31738.3232833706,65562.7886609938,19,2.28999999999996,TRUE,"",0.2,453,910453,920453,930453
"RDMM",5.16378125004919,0.925368716862284,0.019,0.78352320534691,0.087,-31236.0090170644,64551.2523731025,100,3.98000000000002,TRUE,"",0.2,453,910453,920453,930453
"DGMM",NA,-0.000540654947351881,0.483,-0.000210737281401768,0.724,-33591.7971310753,69269.7363564032,23,2.75,TRUE,"",0.3,453,910453,920453,930453
"RDMM",3.93519940837123,0.910025359384928,0.023,0.739893197511847,0.106,-32988.7473910738,68056.7291211212,100,4.09000000000015,TRUE,"",0.3,453,910453,920453,930453
"DGMM",NA,0.00184013070662793,0.472,0.174634487029217,0.557,-35316.7688462414,72719.6797867354,17,2.02999999999997,TRUE,"",0.4,453,910453,920453,930453
"RDMM",3.36625502338772,0.875970800978431,0.032,0.720830064728737,0.115,-34620.5170851145,71320.2685092027,100,4.04999999999995,TRUE,"",0.4,453,910453,920453,930453
"DGMM",NA,0.00300191525972374,0.468,0.000876169394249298,0.726,-37093.1544942737,76272.4510828,21,2.61000000000013,TRUE,"",0.5,453,910453,920453,930453
"RDMM",3.03062547167094,0.799034802576126,0.053,0.514504319794331,0.245,-36401.0635214574,74881.3613818884,143,5.97999999999979,TRUE,"",0.5,453,910453,920453,930453
"DGMM",NA,0.988024021691231,0.003,0.818333781088284,0.073,-27232.9866233556,56552.1153409639,18,2.17999999999984,TRUE,"",0,454,910454,920454,930454
"RDMM",199.99994957135,0.988024021691231,0.003,0.851055711294842,0.059,-27198.5619496319,56476.3582382374,113,4.6400000000001,TRUE,"",0,454,910454,920454,930454
"DGMM",NA,0.944728721551223,0.014,0.719411633335018,0.118,-31782.8494915798,65651.8410774122,13,1.59999999999991,TRUE,"",0.1,454,910454,920454,930454
"RDMM",7.59211310152508,0.956440437821632,0.011,0.759102777578682,0.099,-29526.4910825128,61132.2165039993,100,3.99000000000001,TRUE,"",0.1,454,910454,920454,930454
"DGMM",NA,0.586349622913267,0.117,0.298100828917537,0.55,-33909.0122075424,69904.1665093374,52,6.1400000000001,TRUE,"",0.2,454,910454,920454,930454
"RDMM",4.89528939113929,0.944728714639549,0.014,0.759796277175895,0.098,-31367.1601707788,64813.5546805313,171,6.8599999999999,TRUE,"",0.2,454,910454,920454,930454
"DGMM",NA,-0.000648932332712644,0.493,-0.000567243156153091,0.736,-33690.8734796455,69467.8890535436,26,3.11000000000013,TRUE,"",0.3,454,910454,920454,930454
"RDMM",3.82007227116499,0.898602589435176,0.026,0.708201254788669,0.121,-33172.6069333878,68424.4482057493,296,11.72,TRUE,"",0.3,454,910454,920454,930454
"DGMM",NA,-0.000256224383017117,0.487,-0.00091110774393797,0.734,-35442.8180824239,72971.7782591004,29,3.4699999999998,TRUE,"",0.4,454,910454,920454,930454
"RDMM",3.28848786647584,0.872228203339639,0.033,0.523156703285119,0.247,-34955.2516793098,71989.7376975933,143,5.75,TRUE,"",0.4,454,910454,920454,930454
"DGMM",NA,-0.000404663344654708,0.488,-0.0010991223089626,0.734,-37176.8815998063,76439.9052938651,25,3.55999999999995,TRUE,"",0.5,454,910454,920454,930454
"RDMM",3.05734430178255,0.853629547263333,0.038,0.578876872867722,0.187,-36600.7816038995,75280.7975467726,173,7.11999999999989,TRUE,"",0.5,454,910454,920454,930454
"DGMM",NA,0.995999999473251,0.001,0.789244673751293,0.086,-27294.3805947866,56674.9032838257,15,1.85000000000014,TRUE,"",0,455,910455,920455,930455
"RDMM",199.999950065249,0.995999999473251,0.001,0.844142185621993,0.062,-27161.7974431902,56402.829225354,170,6.94999999999982,TRUE,"",0,455,910455,920455,930455
"DGMM",NA,0.948624617859142,0.013,0.47218718292806,0.501,-31706.993353995,65500.1288022427,29,3.42000000000007,TRUE,"",0.1,455,910455,920455,930455
"RDMM",7.64673716680109,0.948624629561597,0.013,0.581794971806516,0.227,-29555.4039986046,61190.0423361828,168,6.76999999999998,TRUE,"",0.1,455,910455,920455,930455
"DGMM",NA,-0.00114924323581342,0.497,-0.00102590365202221,0.738,-31811.7747383382,65709.691570929,22,2.74000000000001,TRUE,"",0.2,455,910455,920455,930455
"RDMM",4.69316782066128,0.87222815410322,0.033,0.495620518514739,0.3,-31591.3544011949,65261.9431413635,100,3.95000000000005,TRUE,"",0.2,455,910455,920455,930455
"DGMM",NA,-0.00109147412811206,0.498,-0.000940065291383448,0.738,-33521.8545268171,69129.8511478867,21,2.57999999999993,TRUE,"",0.3,455,910455,920455,930455
"RDMM",3.75753131872679,0.872228175021943,0.033,0.523687617249803,0.246,-33245.4486158397,68570.131570653,100,3.99000000000001,TRUE,"",0.3,455,910455,920455,930455
"DGMM",NA,-0.000792786360426421,0.492,-0.000786602623222178,0.733,-35189.9745203892,72466.0911350309,23,2.79000000000019,TRUE,"",0.4,455,910455,920455,930455
"RDMM",3.28770625444753,0.813417435347274,0.049,0.488048520343181,0.263,-34834.4065915624,71748.0475220984,173,6.89999999999986,TRUE,"",0.4,455,910455,920455,930455
"DGMM",NA,-0.000818151718347677,0.493,-3.17127287489247e-05,0.728,-36846.7857844497,75779.7136631519,23,2.76999999999998,TRUE,"",0.5,455,910455,920455,930455
"RDMM",3.05490401391494,0.767142795476019,0.062,0.435160990716435,0.312,-36434.6431609619,74948.5206608975,112,4.51999999999998,TRUE,"",0.5,455,910455,920455,930455
"DGMM",NA,0.98404804262605,0.004,0.812103062084521,0.077,-27252.2791628933,56590.7004200391,15,1.84000000000015,TRUE,"",0,456,910456,920456,930456
"RDMM",199.999953844383,0.984048046143022,0.004,0.851940454580866,0.059,-27229.7567186168,56538.7477762073,106,4.26999999999998,TRUE,"",0,456,910456,920456,930456
"DGMM",NA,0.770653706568362,0.061,0.495781993707088,0.232,-31943.0620674165,65972.2662290856,14,1.68000000000006,TRUE,"",0.1,456,910456,920456,930456
"RDMM",7.76512020999333,0.93308910015311,0.017,0.720162105537302,0.12,-29569.9458412342,61219.1260214421,104,4.38999999999987,TRUE,"",0.1,456,910456,920456,930456
"DGMM",NA,0.00272363366105031,0.468,0.00122773554703329,0.722,-31745.3792180868,65576.9005304262,30,3.6400000000001,TRUE,"",0.2,456,910456,920456,930456
"RDMM",5.23998422743699,0.887251315467776,0.029,0.74094355374711,0.106,-31324.4952666923,64728.2248723582,229,9.25,TRUE,"",0.2,456,910456,920456,930456
"DGMM",NA,0.0034108395611247,0.466,0.00125523330814434,0.723,-33387.8304147306,68861.8029237137,23,2.78999999999996,TRUE,"",0.3,456,910456,920456,930456
"RDMM",4.10724584311564,0.864764808660058,0.035,0.457648025144361,0.339,-32995.4851836973,68070.2047063683,100,4.02999999999997,TRUE,"",0.3,456,910456,920456,930456
"DGMM",NA,0.00273967917777231,0.469,0.00117655692736368,0.724,-35041.4290026886,72169.0000996297,30,3.56999999999994,TRUE,"",0.4,456,910456,920456,930456
"RDMM",3.59370819916844,0.838894994052828,0.042,0.636575255240085,0.155,-34474.7828851501,71028.8001092739,179,7.22000000000003,TRUE,"",0.4,456,910456,920456,930456
"DGMM",NA,0.00386775811391495,0.465,0.00141985836844418,0.726,-36727.87463267,75541.8913595926,22,2.6400000000001,TRUE,"",0.5,456,910456,920456,930456
"RDMM",3.30656467192183,0.80261872076313,0.052,0.433620390865759,0.347,-36125.4171104536,74330.0685598808,100,4,TRUE,"",0.5,456,910456,920456,930456
"DGMM",NA,0.988024014779245,0.003,0.782983709461566,0.089,-27176.2187108926,56438.5795160378,16,2.00999999999999,TRUE,"",0,457,910457,920457,930457
"RDMM",199.99994917056,0.988024014779245,0.003,0.818701897215586,0.073,-27147.0026474571,56373.2396338879,100,4.01999999999998,TRUE,"",0,457,910457,920457,930457
"DGMM",NA,0.77770383948476,0.059,0.506713088623477,0.22,-31477.8075017771,65041.7570978069,17,2.08999999999992,TRUE,"",0.1,457,910457,920457,930457
"RDMM",8.03349113979605,0.964288264327813,0.009,0.761141089742906,0.098,-29387.4744950552,60854.1833290841,102,4.11000000000013,TRUE,"",0.1,457,910457,920457,930457
"DGMM",NA,0.00018280902232885,0.486,3.13563090866641e-05,0.731,-31682.2106496012,65450.563393455,22,2.63999999999987,TRUE,"",0.2,457,910457,920457,930457
"RDMM",5.05883903460048,0.929225182079578,0.018,0.516910336299169,0.256,-31318.4686065942,64716.171552162,105,4.2199999999998,TRUE,"",0.2,457,910457,920457,930457
"DGMM",NA,-0.000106908916221604,0.487,-0.000541853624684286,0.734,-33574.9957208734,69236.1335359995,22,2.65000000000009,TRUE,"",0.3,457,910457,920457,930457
"RDMM",3.89144948969058,0.868492412323017,0.034,0.636099229777423,0.156,-33157.563779847,68394.3618986676,100,3.47000000000003,TRUE,"",0.3,457,910457,920457,930457
"DGMM",NA,0.000868021647520738,0.479,-0.0005234136953492,0.729,-35379.2181369367,72844.5783681259,20,2,TRUE,"",0.4,457,910457,920457,930457
"RDMM",3.33949432524633,0.853629502384222,0.038,0.62696238762817,0.16,-34795.2867944238,71669.8079278212,100,3.3599999999999,TRUE,"",0.4,457,910457,920457,930457
"DGMM",NA,0.00152977478836642,0.475,-0.000240040965499162,0.726,-37394.613910981,76875.3699162146,25,2.46000000000004,TRUE,"",0.5,457,910457,920457,930457
"RDMM",3.0387257943281,0.791891716230326,0.055,0.40976266401596,0.332,-36687.4425634206,75454.1194658149,100,3.41000000000008,TRUE,"",0.5,457,910457,920457,930457
"DGMM",NA,0.995999996071888,0.001,0.810104408199873,0.077,-27221.2566012123,56528.6552966771,23,2.38999999999987,TRUE,"",0,458,910458,920458,930458
"RDMM",199.999948324993,0.992008000254206,0.002,0.83275426100471,0.067,-27200.6085833655,56480.4515057047,100,3.33000000000015,TRUE,"",0,458,910458,920458,930458
"DGMM",NA,0.906210265694583,0.024,0.45715597979382,0.314,-31822.2956771315,65730.7334485156,16,1.58999999999992,TRUE,"",0.1,458,910458,920458,930458
"RDMM",8.03391626524505,0.95252848247188,0.012,0.526580388512105,0.296,-29581.5106907723,61242.2557205183,167,5.50999999999999,TRUE,"",0.1,458,910458,920458,930458
"DGMM",NA,0.681962622708835,0.087,0.303983865549135,0.499,-33611.4079970057,69308.958088264,19,1.99000000000001,TRUE,"",0.2,458,910458,920458,930458
"RDMM",5.37051249120716,0.917681603440021,0.021,0.696518281832354,0.128,-31220.5635422449,64520.3614234635,130,4.23000000000002,TRUE,"",0.2,458,910458,920458,930458
"DGMM",NA,0.00058265251265365,0.482,0.00073106844672303,0.721,-33287.5504437053,68661.2429816631,22,2.25,TRUE,"",0.3,458,910458,920458,930458
"RDMM",4.24070157436405,0.868492381501228,0.034,0.489374119666711,0.276,-32877.608218655,67834.4507762837,139,4.68000000000006,TRUE,"",0.3,458,910458,920458,930458
"DGMM",NA,-0.00060327121421064,0.492,0.000156294867395349,0.726,-35067.0944557747,72220.331005802,21,2.06999999999994,TRUE,"",0.4,458,910458,920458,930458
"RDMM",3.72385429465326,0.791892120882062,0.055,0.436756167801422,0.281,-34768.8201480076,71616.8746349889,100,3.24000000000001,TRUE,"",0.4,458,910458,920458,930458
"DGMM",NA,-0.000706264719559499,0.492,0.0319152691510422,0.671,-36857.7696334232,75801.6813610989,20,1.83000000000015,TRUE,"",0.5,458,910458,920458,930458
"RDMM",3.53660721266551,0.78833224384427,0.056,0.470607189424545,0.265,-36080.8609161857,74240.9561713449,109,3.25999999999999,TRUE,"",0.5,458,910458,920458,930458
"DGMM",NA,0.992008004348543,0.002,0.816768755911107,0.074,-27100.1863894577,56286.514873168,19,1.22,TRUE,"",0,459,910459,920459,930459
"RDMM",199.99995335354,0.99599999837435,0.001,0.838183874144673,0.065,-27082.5177150863,56244.2697691462,100,2.11,TRUE,"",0,459,910459,920459,930459
"DGMM",NA,0.940840832185354,0.015,0.754040651405223,0.101,-31203.2031173582,64492.548328969,24,2.86,TRUE,"",0.1,459,910459,920459,930459
"RDMM",8.12972856136462,0.960360338772893,0.01,0.785358847892478,0.088,-29318.7122947671,60716.6589285077,116,4.69,TRUE,"",0.1,459,910459,920459,930459
"DGMM",NA,-0.000655905202426879,0.497,-0.000515665819809246,0.737,-31658.9212551211,65403.9846044949,28,3.33,TRUE,"",0.2,459,910459,920459,930459
"RDMM",5.00583437132508,0.929225182079578,0.018,0.749638331504841,0.104,-31235.7760133642,64550.7863657021,100,4.2,TRUE,"",0.2,459,910459,920459,930459
"DGMM",NA,-0.000817177952050203,0.499,-0.000424382463532524,0.732,-33564.511162585,69215.1644194227,26,3.11,TRUE,"",0.3,459,910459,920459,930459
"RDMM",3.87295847529038,0.835231207124161,0.043,0.458699390014251,0.316,-33145.8961417469,68371.0266224675,107,4.31,TRUE,"",0.3,459,910459,920459,930459
"DGMM",NA,-0.000652632255597859,0.492,4.90126858292507e-05,0.73,-35460.7293876168,73007.6008694861,20,2.43,TRUE,"",0.4,459,910459,920459,930459
"RDMM",3.28643375283014,0.827928037022133,0.045,0.631009848246892,0.158,-34852.0726487748,71783.3796365233,270,10.68,TRUE,"",0.4,459,910459,920459,930459
"DGMM",NA,0.000187075646416223,0.483,-0.000326494380136401,0.736,-37145.5166592585,76377.1754127697,29,3.42,TRUE,"",0.5,459,910459,920459,930459
"RDMM",3.19216717201811,0.763640719346698,0.063,0.397760338571564,0.353,-36571.7583823284,75222.7511036305,134,5.49,TRUE,"",0.5,459,910459,920459,930459
"DGMM",NA,0.992008005214688,0.002,0.818960672839871,0.073,-26927.8210238747,55941.784142002,18,2.22,TRUE,"",0,460,910460,920460,930460
"RDMM",199.999952748467,0.992008005214688,0.002,0.827748957554205,0.069,-26913.990774918,55907.2158888096,100,4.1,TRUE,"",0,460,910460,920460,930460
"DGMM",NA,0.84256679434537,0.041,0.533243390605828,0.212,-30537.0119490046,63160.1659922617,16,1.94,TRUE,"",0.1,460,910460,920460,930460
"RDMM",8.96106404526455,0.964288278031949,0.009,0.806053734394374,0.078,-28994.7323153112,60068.6989695961,156,6.22000000000001,TRUE,"",0.1,460,910460,920460,930460
"DGMM",NA,0.633255202291878,0.102,0.308016522909277,0.55,-33198.6356104332,68483.413315119,21,2.50999999999999,TRUE,"",0.2,460,910460,920460,930460
"RDMM",5.44710098351206,0.921521478782696,0.02,0.54710548297689,0.234,-30870.0244928764,63819.2833247264,105,4.28,TRUE,"",0.2,460,910460,920460,930460
"DGMM",NA,0.00110676733705936,0.478,0.230523034837024,0.52,-33043.6452346643,68173.4325635813,33,3.98999999999999,TRUE,"",0.3,460,910460,920460,930460
"RDMM",4.0035195104725,0.898602534195348,0.026,0.707123954764959,0.122,-32554.6786052535,67188.5915494807,100,4.06,TRUE,"",0.3,460,910460,920460,930460
"DGMM",NA,0.000842324151463669,0.479,0.25115964808185,0.538,-34950.0766209651,71986.2953361827,26,3.2,TRUE,"",0.4,460,910460,920460,930460
"RDMM",3.32152613973185,0.853629530881581,0.038,0.662563985362202,0.143,-34420.1478520538,70919.5300430813,100,4.03,TRUE,"",0.4,460,910460,920460,930460
"DGMM",NA,0.000317073637337889,0.482,-0.000449803166249316,0.731,-36541.278189814,75168.6984738806,22,2.62,TRUE,"",0.5,460,910460,920460,930460
"RDMM",3.08567698930798,0.831575465599528,0.044,0.62733312349509,0.16,-36012.1186740356,74103.4716870447,105,4.20999999999999,TRUE,"",0.5,460,910460,920460,930460
"DGMM",NA,0.992008006568362,0.002,0.607777341359324,0.216,-27281.2002573643,56648.5426089811,15,1.83,TRUE,"",0,461,910461,920461,930461
"RDMM",199.999947229696,0.992008006568362,0.002,0.603137972274312,0.241,-27196.8656923389,56472.9657236514,158,6.26000000000001,TRUE,"",0,461,910461,920461,930461
"DGMM",NA,0.820656953812332,0.047,0.670701104792252,0.142,-31103.4987505745,64293.1395954016,19,2.28999999999999,TRUE,"",0.1,461,910461,920461,930461
"RDMM",8.47998735083638,0.964288286771079,0.009,0.800221505843409,0.081,-29282.2622531795,60643.7588453326,133,5.35000000000001,TRUE,"",0.1,461,910461,920461,930461
"DGMM",NA,0.611139971732356,0.109,0.284421590955257,0.54,-33413.3042872628,68912.7506687783,22,2.67,TRUE,"",0.2,461,910461,920461,930461
"RDMM",5.15127350209946,0.944728729292296,0.014,0.758982488189454,0.099,-31165.4889624562,64410.2122638861,144,5.8,TRUE,"",0.2,461,910461,920461,930461
"DGMM",NA,-0.000896812777747471,0.5,0.235506887833431,0.556,-33557.3996002022,69200.9412946571,30,3.59,TRUE,"",0.3,461,910461,920461,930461
"RDMM",3.97415054110669,0.891027028138157,0.028,0.538299084678829,0.246,-33044.8527551286,68168.9398492308,166,6.72999999999999,TRUE,"",0.3,461,910461,920461,930461
"DGMM",NA,-0.00088586563750249,0.496,-0.000365523904890718,0.728,-35385.1828083926,72856.5077110379,29,3.45999999999999,TRUE,"",0.4,461,910461,920461,930461
"RDMM",3.39945369941321,0.861045080465983,0.036,0.678081632628211,0.135,-34768.0758117536,71615.3859624807,129,5.14000000000001,TRUE,"",0.4,461,910461,920461,930461
"DGMM",NA,-0.000948038232484116,0.497,2.31097729133285e-05,0.726,-37107.9305470938,76302.0031884403,28,3.44999999999999,TRUE,"",0.5,461,910461,920461,930461
"RDMM",3.15459283057346,0.875971940356033,0.032,0.668659556866234,0.14,-36339.2006975815,74757.6357341366,100,4.03,TRUE,"",0.5,461,910461,920461,930461
"DGMM",NA,0.995999996623648,0.001,0.80216352125529,0.081,-27023.4149981008,56132.9720904543,19,2.39000000000001,TRUE,"",0,462,910462,920462,930462
"RDMM",189.026299354462,0.995999996623648,0.001,0.833550533824962,0.067,-26997.3295499037,56073.893438781,100,4,TRUE,"",0,462,910462,920462,930462
"DGMM",NA,0.968224194899325,0.008,0.509497475750379,0.307,-31276.2370342954,64638.6161628433,18,2.23999999999998,TRUE,"",0.1,462,910462,920462,930462
"RDMM",8.06866811759085,0.972168143005071,0.007,0.575369254660283,0.248,-29238.1316733166,60555.4976856068,100,4,TRUE,"",0.1,462,910462,920462,930462
"DGMM",NA,0.583294521164607,0.118,0.291992398908647,0.428,-33449.2764470343,68984.6949883213,19,2.39000000000001,TRUE,"",0.2,462,910462,920462,930462
"RDMM",5.11608562284914,0.933089026585989,0.017,0.507046877383094,0.294,-31067.7703036471,64214.7749462678,100,3.97,TRUE,"",0.2,462,910462,920462,930462
"DGMM",NA,-0.000281040027542982,0.489,-0.00078260576967875,0.737,-33135.1570150255,68356.4561243036,29,3.50999999999999,TRUE,"",0.3,462,910462,920462,930462
"RDMM",3.96960341790052,0.913849789736054,0.022,0.714564223203013,0.118,-32694.8674259141,67468.9691908017,102,4.09999999999999,TRUE,"",0.3,462,910462,920462,930462
"DGMM",NA,0.678656479811895,0.088,0.432506095049941,0.278,-38246.4537308025,78579.0495558576,6,0.860000000000014,TRUE,"",0.4,462,910462,920462,930462
"RDMM",3.41583659984529,0.879723647468111,0.031,0.667057468279349,0.14,-34343.3257210524,70765.8857810783,152,6.22999999999999,TRUE,"",0.4,462,910462,920462,930462
"DGMM",NA,0.00365832971168983,0.466,0.00108888373240687,0.728,-36510.2120061471,75106.5661065469,22,2.74000000000001,TRUE,"",0.5,462,910462,920462,930462
"RDMM",3.22720381233163,0.809809702784996,0.05,0.611835428045682,0.166,-35887.80708462,73854.8485082135,100,3.99000000000001,TRUE,"",0.5,462,910462,920462,930462
"DGMM",NA,0.995999992160313,0.001,0.858337116983997,0.056,-26876.9837168448,55840.1095279421,20,2.53,TRUE,"",0,463,910463,920463,930463
"RDMM",199.999954802001,0.995999992160313,0.001,0.880031929684008,0.047,-26861.2078168466,55801.6499726668,100,3.97999999999999,TRUE,"",0,463,910463,920463,930463
"DGMM",NA,0.95644032887891,0.011,0.646401421810299,0.154,-31244.6315939803,64575.4052822132,15,1.84999999999999,TRUE,"",0.1,463,910463,920463,930463
"RDMM",8.45687721076536,0.956440355067114,0.011,0.789298581318997,0.085,-29003.9571763338,60087.1486916412,170,6.86000000000001,TRUE,"",0.1,463,910463,920463,930463
"DGMM",NA,0.620551609342613,0.106,0.299199511889374,0.373,-32939.3275175803,67964.7971294132,25,3.19999999999999,TRUE,"",0.2,463,910463,920463,930463
"RDMM",5.6436698002032,0.91002584968408,0.023,0.542219188879121,0.269,-30843.3695734072,63765.9734857881,122,4.94,TRUE,"",0.2,463,910463,920463,930463
"DGMM",NA,0.00223218317141773,0.47,0.00132541277874999,0.724,-33139.9382066686,68366.0185075897,34,4,TRUE,"",0.3,463,910463,920463,930463
"RDMM",4.1107429164047,0.872228343453054,0.033,0.712725186016023,0.118,-32580.476732565,67240.1878041035,134,5.41,TRUE,"",0.3,463,910463,920463,930463
"DGMM",NA,0.00587205631182048,0.458,0.00321399714730341,0.718,-34855.4085090805,71796.9591124137,26,3.16999999999999,TRUE,"",0.4,463,910463,920463,930463
"RDMM",3.56191594124654,0.849934101742927,0.039,0.678163193759904,0.134,-34220.0794789546,70519.3932968829,100,4.05000000000001,TRUE,"",0.4,463,910463,920463,930463
"DGMM",NA,0.00597892891618434,0.458,0.00258856938908167,0.72,-36623.5133968317,75333.1688879159,27,3.18000000000001,TRUE,"",0.5,463,910463,920463,930463
"RDMM",3.27560775903924,0.78833258811454,0.056,0.407684283848653,0.358,-35860.36911473,73799.9725684337,100,4.09999999999999,TRUE,"",0.5,463,910463,920463,930463
"DGMM",NA,0.988024014779245,0.003,0.725860335907103,0.117,-27258.9381086767,56604.018311606,15,1.84999999999999,TRUE,"",0,464,910464,920464,930464
"RDMM",199.999953952431,0.984048035241478,0.004,0.853807253234196,0.058,-27117.2560190727,56313.7463771189,147,6.04000000000002,TRUE,"",0,464,910464,920464,930464
"DGMM",NA,0.846246654535843,0.04,0.423875133609529,0.495,-30961.5646674261,64009.2714291048,33,3.92999999999998,TRUE,"",0.1,464,910464,920464,930464
"RDMM",8.29478072958982,0.960360326360835,0.01,0.803961254700953,0.079,-29376.2456706756,60831.7256803248,203,8.17000000000002,TRUE,"",0.1,464,910464,920464,930464
"DGMM",NA,0.00208222528037387,0.474,0.000219201478423046,0.725,-31425.0495505077,64936.2411952679,21,2.53,TRUE,"",0.2,464,910464,920464,930464
"RDMM",5.3503384950305,0.929225165491892,0.018,0.524365679729129,0.301,-31183.0434530913,64445.3212451563,108,4.33000000000001,TRUE,"",0.2,464,910464,920464,930464
"DGMM",NA,0.00257767919201183,0.471,0.000588914663112132,0.72,-33228.0543081883,68542.2507106292,23,2.88,TRUE,"",0.3,464,910464,920464,930464
"RDMM",4.10153269388448,0.868492408572285,0.034,0.527666400328061,0.274,-32917.324331111,67913.8830011956,100,4.02999999999997,TRUE,"",0.3,464,910464,920464,930464
"DGMM",NA,0.000257954333161423,0.483,0.182128483807447,0.567,-35036.6552541648,72159.4526025821,19,2.33000000000004,TRUE,"",0.4,464,910464,920464,930464
"RDMM",3.51346674219487,0.827927950951766,0.045,0.473426511741518,0.32,-34588.3237591753,71255.8818573243,141,5.62,TRUE,"",0.4,464,910464,920464,930464
"DGMM",NA,0.000328378006312344,0.482,0.000121106468307278,0.72,-36839.0288721886,75764.1998386297,23,2.75,TRUE,"",0.5,464,910464,920464,930464
"RDMM",3.22881568498173,0.806210236139954,0.051,0.638119506311046,0.153,-36275.2438004129,74629.7219397995,155,6.16999999999996,TRUE,"",0.5,464,910464,920464,930464
"DGMM",NA,0.992008000992225,0.002,0.831934100192055,0.068,-27109.3949197235,56304.9319336995,26,3.08999999999997,TRUE,"",0,465,910465,920465,930465
"RDMM",199.999948049826,0.992008000992225,0.002,0.846898900864661,0.061,-27069.2234984566,56217.6813358869,100,4.04000000000002,TRUE,"",0,465,910465,920465,930465
"DGMM",NA,0.956440403672337,0.011,0.593256853668151,0.191,-31808.3990547791,65702.9402038108,17,2.05000000000001,TRUE,"",0.1,465,910465,920465,930465
"RDMM",7.67793073353269,0.956440401057714,0.011,0.702471146497356,0.127,-29378.4281237497,60836.0905864731,134,5.38999999999999,TRUE,"",0.1,465,910465,920465,930465
"DGMM",NA,0.902402340525157,0.025,0.439993789207567,0.305,-34532.101836528,71150.3457673086,15,1.88,TRUE,"",0.2,465,910465,920465,930465
"RDMM",4.99420181522884,0.913849774222803,0.022,0.712242356299239,0.12,-31197.3340110409,64473.9023610554,170,7,TRUE,"",0.2,465,910465,920465,930465
"DGMM",NA,0.883483417916703,0.03,0.434710569059072,0.484,-36359.5946077126,74805.3313096777,17,2.17000000000002,TRUE,"",0.3,465,910465,920465,930465
"RDMM",3.9959026314134,0.868492371128203,0.034,0.496779658497752,0.252,-32852.0345082084,67783.3033553903,136,5.73000000000002,TRUE,"",0.3,465,910465,920465,930465
"DGMM",NA,-0.000572929583245263,0.491,-0.000368942148183444,0.725,-35033.9691980678,72154.0804903882,36,4.49000000000001,TRUE,"",0.4,465,910465,920465,930465
"RDMM",3.36867783490387,0.853629494548855,0.038,0.579879479062486,0.189,-34637.0853631432,71353.40506526,100,4.84999999999997,TRUE,"",0.4,465,910465,920465,930465
"DGMM",NA,-0.000801913392280133,0.494,-0.00070422839911167,0.727,-36970.2323371854,76026.6067686234,26,3.33000000000004,TRUE,"",0.5,465,910465,920465,930465
"RDMM",3.20231453723945,0.806210064082648,0.051,0.420787134501198,0.334,-36257.2364353902,74593.7072097539,143,5.82999999999998,TRUE,"",0.5,465,910465,920465,930465
"DGMM",NA,1,0,0.778525358835966,0.092,-27363.1207401625,56812.3835745776,18,2.53000000000003,TRUE,"",0,466,910466,920466,930466
"RDMM",199.999949960033,1,0,0.83260824926057,0.067,-27215.4622526214,56510.1588442163,174,7.94,TRUE,"",0,466,910466,920466,930466
"DGMM",NA,0.824288138172055,0.046,0.571248554407628,0.191,-31422.0522740178,64930.2466422883,12,1.74000000000001,TRUE,"",0.1,466,910466,920466,930466
"RDMM",8.29055494010942,0.948624557607229,0.013,0.771624433267032,0.093,-29418.128078728,60915.4904964296,100,4.31999999999999,TRUE,"",0.1,466,910466,920466,930466
"DGMM",NA,0.580213187452784,0.119,0.262924916790985,0.502,-33875.4884260334,69837.1189463194,28,3.32999999999998,TRUE,"",0.2,466,910466,920466,930466
"RDMM",5.00340053830857,0.906210199009577,0.024,0.714826516140615,0.119,-31327.6211417938,64734.4766225613,100,4.05000000000001,TRUE,"",0.2,466,910466,920466,930466
"DGMM",NA,-0.000921993546434939,0.492,-0.000837136254000887,0.729,-33446.1595060395,68978.4611063317,39,4.75999999999999,TRUE,"",0.3,466,910466,920466,930466
"RDMM",4.03838908484069,0.898602515975507,0.026,0.714579395267706,0.119,-32933.6652119226,67946.5647628189,100,4,TRUE,"",0.3,466,910466,920466,930466
"DGMM",NA,0.00121453498858031,0.476,0.000960262411522329,0.721,-35318.7553520456,72723.6527983439,20,2.43000000000001,TRUE,"",0.4,466,910466,920466,930466
"RDMM",3.44877986744249,0.853629687447898,0.038,0.498017079657754,0.267,-34715.9672614482,71511.16886187,106,4.26999999999998,TRUE,"",0.4,466,910466,920466,930466
"DGMM",NA,-0.000766119402981316,0.492,-0.000635116631561394,0.731,-37008.8736331325,76103.8893605177,21,2.5,TRUE,"",0.5,466,910466,920466,930466
"RDMM",3.1886508385128,0.824288267304314,0.046,0.554668790182147,0.209,-36257.7920541953,74594.8184473642,121,4.82999999999998,TRUE,"",0.5,466,910466,920466,930466
"DGMM",NA,0.98404804091283,0.004,0.728220482439645,0.117,-27213.4012044119,56512.9445030764,15,1.85999999999996,TRUE,"",0,467,910467,920467,930467
"RDMM",199.999947032475,0.980080071984374,0.005,0.796209061214092,0.084,-27068.905122306,56217.0445835857,200,7.95999999999998,TRUE,"",0,467,910467,920467,930467
"DGMM",NA,0.94084080883089,0.015,0.640456977817255,0.158,-31130.3125333475,64346.7671609477,15,1.89999999999998,TRUE,"",0.1,467,910467,920467,930467
"RDMM",8.38320204633572,0.94862459484957,0.013,0.779399694468563,0.09,-29109.6529794422,60298.540297858,150,6.16000000000003,TRUE,"",0.1,467,910467,920467,930467
"DGMM",NA,-0.000535382350666078,0.493,-0.00020901938401597,0.738,-31551.9343281094,65190.0107504714,35,4.14999999999998,TRUE,"",0.2,467,910467,920467,930467
"RDMM",4.92951964897155,0.913849818773663,0.022,0.692288287011213,0.129,-31177.8020230328,64434.8383850392,185,7.38,TRUE,"",0.2,467,910467,920467,930467
"DGMM",NA,-0.000525693290215895,0.491,-0.000694096731944425,0.736,-33461.0338741299,69008.2098425124,27,3.33999999999997,TRUE,"",0.3,467,910467,920467,930467
"RDMM",3.72751259517075,0.872228151718829,0.033,0.685480590709895,0.132,-32928.7905925172,67936.815524008,100,4.07999999999998,TRUE,"",0.3,467,910467,920467,930467
"DGMM",NA,-0.000891853799603372,0.497,-0.00110728158428362,0.74,-35256.6581702224,72599.4584346975,32,3.89000000000004,TRUE,"",0.4,467,910467,920467,930467
"RDMM",3.25812484577847,0.849933872945196,0.039,0.666789472132838,0.141,-34849.9080450053,71779.0504289841,100,4.13999999999999,TRUE,"",0.4,467,910467,920467,930467
"DGMM",NA,0.668792613582563,0.091,0.421303602118788,0.283,-40466.6255551496,83019.3932045517,6,0.899999999999977,TRUE,"",0.5,467,910467,920467,930467
"RDMM",2.87220939229264,0.824288290823605,0.046,0.62668217448414,0.162,-36274.8709609911,74628.9762609558,102,4.11000000000001,TRUE,"",0.5,467,910467,920467,930467
"DGMM",NA,0.995999999984994,0.001,0.865356139811706,0.053,-27028.7244205697,56143.5909353921,17,2.09000000000003,TRUE,"",0,468,910468,920468,930468
"RDMM",182.354547808151,0.992008008132933,0.002,0.870117228962884,0.051,-27010.7820545744,56100.7984481225,100,4.06999999999999,TRUE,"",0,468,910468,920468,930468
"DGMM",NA,0.857333319952985,0.037,0.696966057815812,0.125,-31454.7013782243,64995.5448507013,22,2.60000000000002,TRUE,"",0.1,468,910468,920468,930468
"RDMM",7.82221384029215,0.956440444525781,0.011,0.819007794466109,0.072,-29286.2435946017,60651.721528177,118,4.75,TRUE,"",0.1,468,910468,920468,930468
"DGMM",NA,0.608006039656693,0.11,0.265352388973313,0.501,-33876.1572485235,69838.4565912995,22,2.61000000000001,TRUE,"",0.2,468,910468,920468,930468
"RDMM",5.21393288336049,0.906210211676262,0.024,0.546371461774084,0.255,-31162.6455701766,64404.5254793268,134,5.38999999999999,TRUE,"",0.2,468,910468,920468,930468
"DGMM",NA,0.489484091498159,0.15,0.309787081266547,0.526,-35432.2612722827,72950.664638818,39,4.74000000000001,TRUE,"",0.3,468,910468,920468,930468
"RDMM",3.98342229551564,0.887251258723842,0.029,0.505427606304208,0.292,-32867.4386645513,67814.1116680761,100,4,TRUE,"",0.3,468,910468,920468,930468
"DGMM",NA,0.317400149036966,0.218,0.213783683128664,0.492,-37455.1466064243,76996.4353071013,15,1.82999999999998,TRUE,"",0.4,468,910468,920468,930468
"RDMM",3.36993693414739,0.868492494548119,0.034,0.695873352156503,0.127,-34465.734737797,71010.7038145677,100,4.11000000000001,TRUE,"",0.4,468,910468,920468,930468
"DGMM",NA,0.68858850564213,0.085,0.254434462612063,0.49,-39620.9083412278,81327.9587767081,14,1.71999999999997,TRUE,"",0.5,468,910468,920468,930468
"RDMM",3.10105553977898,0.849933919859614,0.039,0.656159706769489,0.146,-35989.8945164581,74059.0233718899,106,4.29000000000002,TRUE,"",0.5,468,910468,920468,930468
"DGMM",NA,1,0,0.815295101335171,0.075,-27154.7471965479,56395.6364873483,20,2.39000000000004,TRUE,"",0,469,910469,920469,930469
"RDMM",151.608913261709,1,0,0.828909734668924,0.069,-27110.3057329514,56299.8458048765,100,4.07999999999998,TRUE,"",0,469,910469,920469,930469
"DGMM",NA,0.827925191490165,0.045,0.627915913237571,0.159,-31043.5717958432,64173.2856859389,17,2.07999999999998,TRUE,"",0.1,469,910469,920469,930469
"RDMM",8.10254688984088,0.952528515349925,0.012,0.796366226168441,0.083,-29255.1262253314,60589.4867896365,100,4.13999999999999,TRUE,"",0.1,469,910469,920469,930469
"DGMM",NA,0.623703408288933,0.105,0.404387029193987,0.294,-33088.1352719658,68262.4126381841,15,1.82999999999998,TRUE,"",0.2,469,910469,920469,930469
"RDMM",5.34738723509923,0.913849825933619,0.022,0.70246284486895,0.125,-31025.3727548431,64129.9798486599,156,6.29000000000002,TRUE,"",0.2,469,910469,920469,930469
"DGMM",NA,0.535323647488397,0.134,0.355559253192418,0.437,-34928.2511840532,71942.644462359,23,2.71999999999997,TRUE,"",0.3,469,910469,920469,930469
"RDMM",4.07027434767155,0.853629547263333,0.038,0.672554077524687,0.138,-32733.7813728116,67546.7970845968,177,7.03000000000003,TRUE,"",0.3,469,910469,920469,930469
"DGMM",NA,-6.6340581281976e-05,0.484,0.000403941406522185,0.718,-34926.3179528843,71938.7780000212,33,3.86000000000001,TRUE,"",0.4,469,910469,920469,930469
"RDMM",3.39404336979204,0.824288323884128,0.046,0.562185692302568,0.195,-34534.5380811761,71148.3105013258,145,5.77999999999997,TRUE,"",0.4,469,910469,920469,930469
"DGMM",NA,0.00027885668930536,0.482,0.00105747523361715,0.714,-36627.0661209513,75340.2743361552,24,2.94999999999999,TRUE,"",0.5,469,910469,920469,930469
"RDMM",3.04109188753789,0.753177038283754,0.066,0.437829618421148,0.304,-36239.5222207881,74558.2787805499,122,5,TRUE,"",0.5,469,910469,920469,930469
"DGMM",NA,1,0,0.839681084504517,0.064,-27232.7365615524,56551.6152173574,16,2.03000000000009,TRUE,"",0,470,910470,920470,930470
"RDMM",199.999950587902,1,0,0.861741338872639,0.055,-27201.5059581495,56482.2462552727,100,4,TRUE,"",0,470,910470,920470,930470
"DGMM",NA,0.956439247198957,0.011,0.719387191922657,0.118,-31300.766938715,64687.6759716826,15,1.80999999999995,TRUE,"",0.1,470,910470,920470,930470
"RDMM",8.68655095138252,0.96822330329139,0.008,0.816305827552519,0.074,-29334.1723031602,60747.5789452941,100,4.10000000000002,TRUE,"",0.1,470,910470,920470,930470
"DGMM",NA,0.742787185601299,0.069,0.497633212289979,0.239,-34571.2592510496,71228.6605963518,6,0.779999999999973,TRUE,"",0.2,470,910470,920470,930470
"RDMM",5.25105946757195,0.936959133949049,0.016,0.779573487063799,0.09,-31271.2473426142,64621.7290242019,100,4.06999999999994,TRUE,"",0.2,470,910470,920470,930470
"DGMM",NA,0.00668855816835878,0.453,0.00238444701372612,0.714,-33588.6801633025,69263.5024208576,21,2.5,TRUE,"",0.3,470,910470,920470,930470
"RDMM",4.04256626960765,0.879721147327249,0.031,0.67550352234656,0.136,-33094.6886698476,68268.6116786688,120,4.83000000000004,TRUE,"",0.3,470,910470,920470,930470
"DGMM",NA,0.00260281016940642,0.468,0.000866286751592471,0.725,-35299.1486295142,72684.4393532811,32,3.91999999999996,TRUE,"",0.4,470,910470,920470,930470
"RDMM",3.4041076081488,0.84993028276483,0.039,0.642652242616775,0.153,-34694.5559861431,71468.3463112597,100,4.02999999999997,TRUE,"",0.4,470,910470,920470,930470
"DGMM",NA,5.32719608277608e-05,0.483,-0.000388309972367669,0.73,-36945.2647959859,75976.6716862243,26,3.08000000000004,TRUE,"",0.5,470,910470,920470,930470
"RDMM",3.22974635542356,0.84255885430305,0.041,0.416124753889465,0.356,-36320.5278404805,74720.2900199347,175,7.02999999999997,TRUE,"",0.5,470,910470,920470,930470
"DGMM",NA,0.992008007274603,0.002,0.770625236019499,0.096,-27115.2661723507,56316.674438954,23,2.7600000000001,TRUE,"",0,471,910471,920471,930471
"RDMM",199.999949184075,0.992008007274603,0.002,0.840077419815982,0.064,-26980.6772172234,56040.5887734204,146,5.82999999999993,TRUE,"",0,471,910471,920471,930471
"DGMM",NA,0.842566617677152,0.041,0.607556468620346,0.171,-31253.1521661929,64592.4464266384,29,3.5,TRUE,"",0.1,471,910471,920471,930471
"RDMM",8.34833006239004,0.964288284300031,0.009,0.773467549797073,0.093,-29171.4120372435,60422.0584134605,100,4.17000000000007,TRUE,"",0.1,471,910471,920471,930471
"DGMM",NA,0.817033117618648,0.048,0.429222985573529,0.33,-33994.0173650763,70074.1768244052,10,1.23000000000002,TRUE,"",0.2,471,910471,920471,930471
"RDMM",5.23461260781985,0.913849861037272,0.022,0.510155489287044,0.311,-31067.61067062,64214.4556802136,100,4.56999999999994,TRUE,"",0.2,471,910471,920471,930471
"DGMM",NA,0.763639647619991,0.063,0.382619193103839,0.354,-35701.3586381472,73488.859370547,7,0.870000000000005,TRUE,"",0.3,471,910471,920471,930471
"RDMM",4.34969706497056,0.902402434087352,0.025,0.465080080145327,0.325,-32664.7217528773,67408.6778447282,101,4.11000000000001,TRUE,"",0.3,471,910471,920471,930471
"DGMM",NA,0.0015231385974669,0.475,0.000950293800979195,0.726,-34634.4652192201,71355.0725326928,26,3.11000000000001,TRUE,"",0.4,471,910471,920471,930471
"RDMM",3.80511342037014,0.872228232542249,0.033,0.654023026749849,0.147,-34144.5400752264,70368.3144894265,237,9.42999999999995,TRUE,"",0.4,471,910471,920471,930471
"DGMM",NA,0.636440890839454,0.101,0.295660542277328,0.4,-39038.7597754625,80163.6616451777,6,0.839999999999918,TRUE,"",0.5,471,910471,920471,930471
"RDMM",3.46116611387066,0.853629762175814,0.038,0.63729330942649,0.155,-35829.8181945363,73738.8707280462,102,4.05000000000007,TRUE,"",0.5,471,910471,920471,930471
"DGMM",NA,0.984048046143022,0.004,0.62056773334681,0.176,-27367.4260619513,56820.9942181552,12,1.56999999999994,TRUE,"",0,472,910472,920472,930472
"RDMM",199.999948709132,0.984048046143022,0.004,0.859274147604843,0.056,-27159.6603437502,56398.555026474,194,7.7299999999999,TRUE,"",0,472,910472,920472,930472
"DGMM",NA,0.913849781386909,0.022,0.574042679649289,0.198,-31586.9152164206,65259.9725270938,29,3.41000000000008,TRUE,"",0.1,472,910472,920472,930472
"RDMM",8.11793081185261,0.968224218681107,0.008,0.818362389449313,0.073,-29381.307818239,60841.8499754516,100,4.07999999999993,TRUE,"",0.1,472,910472,920472,930472
"DGMM",NA,-4.35002723704799e-05,0.484,-0.00101961305605675,0.73,-31696.0637092067,65478.269512666,29,3.3900000000001,TRUE,"",0.2,472,910472,920472,930472
"RDMM",5.1231552458528,0.92152150312077,0.02,0.748132093429992,0.104,-31227.7588545926,64534.7520481588,113,4.59999999999991,TRUE,"",0.2,472,910472,920472,930472
"DGMM",NA,-0.000975584409060928,0.496,-0.000599687019693927,0.729,-33426.9476935258,68940.0374813042,21,2.53000000000009,TRUE,"",0.3,472,910472,920472,930472
"RDMM",4.09430968963177,0.887251213606299,0.029,0.698592904453555,0.126,-32872.7527232874,67824.7397855483,112,4.69999999999993,TRUE,"",0.3,472,910472,920472,930472
"DGMM",NA,-0.00101747369594571,0.5,0.00130558493030399,0.716,-34959.5367060577,72005.215506368,26,3.08000000000004,TRUE,"",0.4,472,910472,920472,930472
"RDMM",3.50696324997388,0.872228194195384,0.033,0.673605351947794,0.138,-34502.9026380292,71085.0396150321,100,4.07000000000005,TRUE,"",0.4,472,910472,920472,930472
"DGMM",NA,-0.000681588233570698,0.491,0.000667758110426079,0.722,-36750.2779254066,75586.6979450658,20,2.38999999999999,TRUE,"",0.5,472,910472,920472,930472
"RDMM",3.26402738520156,0.809809710038904,0.05,0.448640984942948,0.289,-36174.7004485893,74428.6352361522,120,4.81999999999994,TRUE,"",0.5,472,910472,920472,930472
"DGMM",NA,1,0,0.623244994561737,0.175,-27283.7189426995,56653.5799796516,15,1.85000000000002,TRUE,"",0,473,910473,920473,930473
"RDMM",199.999946839885,1,0,0.83839739317673,0.065,-27057.4910789326,56194.2164968389,266,10.5700000000001,TRUE,"",0,473,910473,920473,930473
"DGMM",NA,0.952528494109343,0.012,0.473306408593466,0.5,-31455.2817070796,64996.7055084117,42,5.06999999999994,TRUE,"",0.1,473,910473,920473,930473
"RDMM",7.67323982849188,0.9525285026759,0.012,0.749810385968792,0.103,-29381.8294714489,60842.8932818715,141,5.63999999999999,TRUE,"",0.1,473,910473,920473,930473
"DGMM",NA,0.639652643899767,0.1,0.315135621250062,0.529,-33686.9116837494,69459.9654617514,50,5.88999999999999,TRUE,"",0.2,473,910473,920473,930473
"RDMM",5.02896489218241,0.917681619609396,0.021,0.59047809709344,0.187,-31213.5588542782,64506.3520475301,100,4.06000000000006,TRUE,"",0.2,473,910473,920473,930473
"DGMM",NA,0.868492458166687,0.034,0.437638815101866,0.508,-35946.9411858785,73980.0244660096,39,4.53999999999996,TRUE,"",0.3,473,910473,920473,930473
"RDMM",3.93726964885003,0.906210142207933,0.024,0.703074311120729,0.124,-32882.2673190314,67843.7689770363,100,4.05999999999995,TRUE,"",0.3,473,910473,920473,930473
"DGMM",NA,-0.00043684230344049,0.489,-0.000729860609345027,0.738,-35110.62287017,72307.3878345926,29,3.63,TRUE,"",0.4,473,910473,920473,930473
"RDMM",3.41325663297309,0.857333264373048,0.037,0.54875540218463,0.206,-34498.0277462479,71075.2898314694,161,6.43000000000006,TRUE,"",0.4,473,910473,920473,930473
"DGMM",NA,0.271852817426952,0.239,0.20210617259606,0.578,-39010.3026682073,80106.7474306671,26,3.07999999999993,TRUE,"",0.5,473,910473,920473,930473
"RDMM",3.06206554464496,0.813417353684738,0.049,0.481576550823142,0.253,-36172.1775621394,74423.5894632525,161,6.47000000000003,TRUE,"",0.5,473,910473,920473,930473
"DGMM",NA,0.995999996912225,0.001,0.718441695739824,0.12,-27361.1404853259,56808.4230649044,22,2.73000000000002,TRUE,"",0,474,910474,920474,930474
"RDMM",199.999949607394,0.992008002213415,0.002,0.832407783185605,0.067,-27253.6099237383,56586.4541864502,112,4.43000000000006,TRUE,"",0,474,910474,920474,930474
"DGMM",NA,0.933089106949855,0.017,0.51453671729201,0.248,-31849.6481056476,65785.4383055479,21,2.57999999999993,TRUE,"",0.1,474,910474,920474,930474
"RDMM",8.03791891596006,0.936960915254512,0.016,0.534970267841557,0.26,-29538.443790719,61156.1219204116,144,5.95000000000005,TRUE,"",0.1,474,910474,920474,930474
"DGMM",NA,0.60802265506341,0.11,0.286136286810867,0.542,-33869.9431550977,69826.0284044481,36,4.27999999999997,TRUE,"",0.2,474,910474,920474,930474
"RDMM",5.26809112908792,0.92152147367955,0.02,0.688696273278743,0.131,-31230.5375950936,64540.3095291608,190,7.61000000000001,TRUE,"",0.2,474,910474,920474,930474
"DGMM",NA,-0.000426063582820488,0.491,-0.000843712940248807,0.743,-33369.7145771748,68825.5712486022,24,2.86000000000001,TRUE,"",0.3,474,910474,920474,930474
"RDMM",4.26301398496072,0.88725115120087,0.029,0.583078576526173,0.187,-33048.2211409519,68175.6766208775,100,4.04999999999995,TRUE,"",0.3,474,910474,920474,930474
"DGMM",NA,-0.00082727726448288,0.496,-0.00095572345568047,0.742,-35044.4443635414,72175.0308213355,31,3.69000000000005,TRUE,"",0.4,474,910474,920474,930474
"RDMM",3.63952456554086,0.849933800769111,0.039,0.641338900432175,0.154,-34596.042619717,71271.3195784076,110,4.5,TRUE,"",0.4,474,910474,920474,930474
"DGMM",NA,0.642849493050316,0.099,0.316317532979771,0.403,-39833.9815961426,81754.1052865377,6,0.850000000000023,TRUE,"",0.5,474,910474,920474,930474
"RDMM",3.29290358425562,0.777701530099928,0.059,0.396679077556047,0.335,-36174.8424989344,74428.9193368424,100,4.04999999999995,TRUE,"",0.5,474,910474,920474,930474
"DGMM",NA,0.988024012641135,0.003,0.669624050367326,0.156,-27314.4429038414,56715.0279019354,20,2.50999999999999,TRUE,"",0,475,910475,920475,930475
"RDMM",199.999954417042,0.988024012641135,0.003,0.607945207596174,0.212,-27206.6184532029,56492.4712453795,124,4.97000000000003,TRUE,"",0,475,910475,920475,930475
"DGMM",NA,0.791894169459874,0.055,0.491287560195165,0.249,-31631.2653130114,65348.6727202754,20,2.37,TRUE,"",0.1,475,910475,920475,930475
"RDMM",7.69139945838741,0.980080064289136,0.005,0.790460800325152,0.085,-29456.2677557347,60991.7698504429,282,11.22,TRUE,"",0.1,475,910475,920475,930475
"DGMM",NA,0.00155278692501553,0.477,0.000357049727330919,0.725,-31811.4823284797,65709.1067512119,20,2.38999999999999,TRUE,"",0.2,475,910475,920475,930475
"RDMM",5.03237575539929,0.936960907756526,0.016,0.524529110886758,0.289,-31380.1263441928,64839.4870273593,105,4.18000000000006,TRUE,"",0.2,475,910475,920475,930475
"DGMM",NA,0.00026946463666131,0.484,-0.000358636510581086,0.729,-33839.1355137739,69764.4131218005,19,2.28999999999996,TRUE,"",0.3,475,910475,920475,930475
"RDMM",3.79764465410091,0.910025937669061,0.023,0.693727016863388,0.129,-33188.5214087801,68456.2771565337,120,4.95000000000005,TRUE,"",0.3,475,910475,920475,930475
"DGMM",NA,0.000566946918005281,0.481,0.000136238680998186,0.724,-35589.1795353245,73264.5011649016,19,2.26999999999998,TRUE,"",0.4,475,910475,920475,930475
"RDMM",3.27799642501032,0.83889474621588,0.042,0.592924575667438,0.18,-34836.9900877745,71753.2145145226,217,8.59000000000003,TRUE,"",0.4,475,910475,920475,930475
"DGMM",NA,6.90364062808157e-05,0.484,-0.00057911821932552,0.728,-37252.2391750009,76590.6204442544,19,2.33999999999992,TRUE,"",0.5,475,910475,920475,930475
"RDMM",3.1374253244012,0.838894738591308,0.042,0.410003411467419,0.35,-36399.6823497404,74878.5990384544,112,4.43999999999994,TRUE,"",0.5,475,910475,920475,930475
"DGMM",NA,0.995999996912225,0.001,0.536264649130138,0.236,-27363.1286707738,56812.3994358002,15,1.97000000000003,TRUE,"",0,476,910476,920476,930476
"RDMM",199.999947253004,0.995999996912225,0.001,0.813137966536493,0.076,-27210.068734491,56499.3718079556,196,8.01999999999998,TRUE,"",0,476,910476,920476,930476
"DGMM",NA,0.799036524015834,0.053,0.430030614779291,0.312,-31558.3514040579,65202.8449023685,25,2.93000000000006,TRUE,"",0.1,476,910476,920476,930476
"RDMM",8.14789042126346,0.960360325900093,0.01,0.785384033553965,0.087,-29447.1630928449,60973.5605246633,129,5.21999999999991,TRUE,"",0.1,476,910476,920476,930476
"DGMM",NA,-0.000270229002998444,0.491,-0.000938487058261726,0.733,-31635.5056513422,65357.1533969371,33,3.91000000000008,TRUE,"",0.2,476,910476,920476,930476
"RDMM",5.1478156863294,0.92536930314404,0.019,0.694323951012093,0.13,-31238.9393714618,64557.1130818973,167,6.71999999999991,TRUE,"",0.2,476,910476,920476,930476
"DGMM",NA,-0.000710420043221008,0.496,0.24216210042489,0.531,-33505.1082603114,69096.3586148754,16,1.88999999999999,TRUE,"",0.3,476,910476,920476,930476
"RDMM",3.96372278645549,0.88725115120087,0.029,0.661697464379288,0.145,-32955.5656935724,67990.3657261185,174,6.93999999999994,TRUE,"",0.3,476,910476,920476,930476
"DGMM",NA,-0.000841918825270161,0.496,0.0996761619805607,0.605,-35338.0418244682,72762.225743189,18,2.14999999999998,TRUE,"",0.4,476,910476,920476,930476
"RDMM",3.49836272590964,0.827927782683949,0.045,0.48984100473229,0.261,-34641.5317526673,71362.2978443082,100,4.18000000000006,TRUE,"",0.4,476,910476,920476,930476
"DGMM",NA,-0.000645685166778201,0.491,-0.00082358264262728,0.731,-37135.3212784579,76356.7846511684,19,2.25,TRUE,"",0.5,476,910476,920476,930476
"RDMM",3.10511162490702,0.79545928164448,0.054,0.400978538622907,0.34,-36435.6495593504,74950.5334576744,126,5.02999999999997,TRUE,"",0.5,476,910476,920476,930476
"DGMM",NA,0.992008001060261,0.002,0.757268749666324,0.101,-27338.0163218135,56762.1747378797,12,1.47000000000003,TRUE,"",0,477,910477,920477,930477
"RDMM",199.999946284642,0.995999996383551,0.001,0.83054723773853,0.068,-27171.1512624191,56421.5368638118,171,6.83000000000004,TRUE,"",0,477,910477,920477,930477
"DGMM",NA,0.887251436829326,0.029,0.687910848910691,0.13,-30787.5892430798,63661.3205804123,17,2.09000000000003,TRUE,"",0.1,477,910477,920477,930477
"RDMM",8.74346930679124,0.968224193653764,0.008,0.765700547647798,0.096,-29182.7487730043,60444.7318849822,101,4.26999999999998,TRUE,"",0.1,477,910477,920477,930477
"DGMM",NA,0.553113108481375,0.128,0.301373475496631,0.362,-33585.4289605092,69257.0000152709,15,1.84000000000003,TRUE,"",0.2,477,910477,920477,930477
"RDMM",5.27088624127418,0.925369315735835,0.019,0.726281071416823,0.113,-31028.0189356044,64135.2722101825,102,4.09999999999991,TRUE,"",0.2,477,910477,920477,930477
"DGMM",NA,0.864764686387984,0.035,0.573953801495841,0.191,-35998.8979184139,74083.9379310803,7,0.889999999999986,TRUE,"",0.3,477,910477,920477,930477
"RDMM",4.14488570456358,0.883483407401727,0.03,0.684826119504939,0.132,-32677.1877911706,67433.6099213147,106,4.29999999999995,TRUE,"",0.3,477,910477,920477,930477
"DGMM",NA,0.749705560645426,0.067,0.439791509605258,0.274,-37915.8280515483,77917.7981973493,6,0.799999999999955,TRUE,"",0.4,477,910477,920477,930477
"RDMM",3.42765162961873,0.846246169612209,0.04,0.614921044416126,0.166,-34349.2734792563,70777.7812974862,110,4.33000000000004,TRUE,"",0.4,477,910477,920477,930477
"DGMM",NA,0.675359893699524,0.089,0.381144515490628,0.315,-39170.8043339026,80427.7507620578,6,0.779999999999973,TRUE,"",0.5,477,910477,920477,930477
"RDMM",3.25399783834122,0.827927804267799,0.045,0.613679597274417,0.166,-35886.1614977326,73851.5573344387,117,4.75999999999999,TRUE,"",0.5,477,910477,920477,930477
"DGMM",NA,1,0,0.85904306210664,0.056,-27046.6515034939,56179.4451012404,17,2.10000000000002,TRUE,"",0,478,910478,920478,930478
"RDMM",199.999949183789,1,0,0.868446272437361,0.052,-27038.9964787493,56157.2272964722,100,4.05000000000007,TRUE,"",0,478,910478,920478,930478
"DGMM",NA,0.872228690343049,0.033,0.689651589631506,0.129,-31264.5334991507,64615.209092554,20,2.38999999999999,TRUE,"",0.1,478,910478,920478,930478
"RDMM",7.53364258566999,0.933089026585989,0.017,0.788016997996664,0.085,-29338.9532584055,60757.1408557846,100,4.07000000000005,TRUE,"",0.1,478,910478,920478,930478
"DGMM",NA,0.000904502832906421,0.481,-0.000519502820958286,0.727,-31606.9155825592,65299.9732593709,20,2.40999999999997,TRUE,"",0.2,478,910478,920478,930478
"RDMM",4.77089765416482,0.894810747823803,0.027,0.755256844390378,0.099,-31361.6329205012,64802.5001799761,155,6.25,TRUE,"",0.2,478,910478,920478,930478
"DGMM",NA,0.0031274251459532,0.469,0.000858831424464681,0.72,-33382.2462607129,68850.6346156783,19,2.25999999999999,TRUE,"",0.3,478,910478,920478,930478
"RDMM",3.68364969712562,0.849933822508556,0.039,0.471180446416932,0.306,-33031.8811785861,68142.9966961459,100,4,TRUE,"",0.3,478,910478,920478,930478
"DGMM",NA,0.00348725395363837,0.467,0.0795017723708624,0.628,-35204.794289942,72495.7306741367,21,2.52999999999997,TRUE,"",0.4,478,910478,920478,930478
"RDMM",3.2446456429584,0.820656503446428,0.047,0.628811990282962,0.157,-34593.8375454366,71266.9094298468,179,7.24000000000001,TRUE,"",0.4,478,910478,920478,930478
"DGMM",NA,0.00482358688517508,0.462,0.00150087380466713,0.721,-36803.5530939259,75693.2482821044,23,2.92000000000007,TRUE,"",0.5,478,910478,920478,930478
"RDMM",3.01056755589734,0.78478059692235,0.057,0.59165266812993,0.176,-36238.5190036262,74556.272346226,100,3.90999999999997,TRUE,"",0.5,478,910478,920478,930478
"DGMM",NA,0.995999999814926,0.001,0.825150898544982,0.07,-27097.8003556619,56281.7428055765,28,3.38999999999999,TRUE,"",0,479,910479,920479,930479
"RDMM",199.999949826478,0.995999999814926,0.001,0.83904738196275,0.064,-27076.9523632018,56233.1390653773,128,5.17000000000007,TRUE,"",0,479,910479,920479,930479
"DGMM",NA,0.774173372310331,0.06,0.410326359925163,0.348,-31240.4285520424,64566.9991983374,20,2.40999999999997,TRUE,"",0.1,479,910479,920479,930479
"RDMM",8.29497565047826,0.948624622247563,0.013,0.562252946343697,0.241,-29401.921718282,60883.0777755377,100,4.00999999999999,TRUE,"",0.1,479,910479,920479,930479
"DGMM",NA,-0.00103546979242998,0.497,-0.000735906661226012,0.733,-31695.7254008675,65477.5928959877,28,3.34000000000003,TRUE,"",0.2,479,910479,920479,930479
"RDMM",4.84041618624439,0.906210203700942,0.024,0.524204477702242,0.306,-31305.4952968612,64690.224932696,100,3.99000000000001,TRUE,"",0.2,479,910479,920479,930479
"DGMM",NA,-0.000464308240963123,0.488,-0.000470073083928965,0.731,-33580.9658529274,69248.0738001074,27,3.17999999999995,TRUE,"",0.3,479,910479,920479,930479
"RDMM",3.75688084780389,0.883483492881383,0.03,0.702862260308991,0.124,-33083.3990919723,68246.0325229182,239,9.50999999999999,TRUE,"",0.3,479,910479,920479,930479
"DGMM",NA,-0.000618738435348125,0.49,0.0942063051853237,0.615,-35521.0067865879,73128.1556674283,18,2.16999999999996,TRUE,"",0.4,479,910479,920479,930479
"RDMM",3.25903644492764,0.864764785565492,0.035,0.66382469917941,0.141,-34862.7541356242,71804.7426102219,100,4.06000000000006,TRUE,"",0.4,479,910479,920479,930479
"DGMM",NA,-0.000810177549580669,0.493,0.166570100990778,0.568,-37272.7491316477,76631.6403575479,17,2.01999999999998,TRUE,"",0.5,479,910479,920479,930479
"RDMM",2.99518277688948,0.813417444716026,0.049,0.60924923393431,0.168,-36591.3465055331,75261.9273500398,132,5.31000000000006,TRUE,"",0.5,479,910479,920479,930479
"DGMM",NA,0.995999986914343,0.001,0.755777488795188,0.102,-27294.0417002517,56674.225494756,16,2,TRUE,"",0,480,910480,920480,930480
"RDMM",199.999949267545,0.995999986914343,0.001,0.861566577180973,0.055,-27130.3791176934,56339.9925743604,166,6.7399999999999,TRUE,"",0,480,910480,920480,930480
"DGMM",NA,-0.00186478213683118,0.491,-0.0008415206049586,0.733,-29711.9777004903,61510.0974952332,26,3.09000000000003,TRUE,"",0.1,480,910480,920480,930480
"RDMM",7.90830821532523,0.964288220240455,0.009,0.507072122966067,0.298,-29410.6234136501,60900.4811662739,187,7.49000000000001,TRUE,"",0.1,480,910480,920480,930480
"DGMM",NA,-0.00174433711339146,0.5,0.0985324628275945,0.594,-31724.6287893525,65535.3996729576,21,2.59000000000003,TRUE,"",0.2,480,910480,920480,930480
"RDMM",4.89985032710411,0.921521293193064,0.02,0.505618976137092,0.292,-31288.1272027137,64655.4887444009,129,5.11000000000001,TRUE,"",0.2,480,910480,920480,930480
"DGMM",NA,-0.00138380045782546,0.498,-0.0012452297054717,0.734,-33507.3273336753,69100.7967616031,38,4.52999999999986,TRUE,"",0.3,480,910480,920480,930480
"RDMM",3.84903374695427,0.891026352734588,0.028,0.741315424733119,0.105,-33016.1457475127,68111.5258339989,123,4.92999999999984,TRUE,"",0.3,480,910480,920480,930480
"DGMM",NA,-0.000984731433406546,0.493,-0.000955441139123004,0.729,-35106.913654151,72299.9694025547,33,3.91000000000008,TRUE,"",0.4,480,910480,920480,930480
"RDMM",3.36428579092268,0.857332094906253,0.037,0.685597951045445,0.132,-34643.7511361588,71366.7366112911,137,5.5,TRUE,"",0.4,480,910480,920480,930480
"DGMM",NA,-0.00104238632372663,0.499,0.00252435826364739,0.711,-37680.4665858286,77447.0752659099,30,3.59999999999991,TRUE,"",0.5,480,910480,920480,930480
"RDMM",3.11630397044477,0.81341634827846,0.049,0.465791795921425,0.311,-36348.3262434705,74775.8868259147,100,4.09000000000015,TRUE,"",0.5,480,910480,920480,930480
"DGMM",NA,0.992007415141274,0.002,0.842152007923061,0.063,-27128.5357968673,56343.2136879873,21,2.53999999999996,TRUE,"",0,481,910481,920481,930481
"RDMM",171.714034090035,0.995999689611498,0.001,0.848727541327175,0.06,-27112.3574800769,56303.9492991274,100,4.03999999999996,TRUE,"",0,481,910481,920481,930481
"DGMM",NA,0.93308559547517,0.017,0.640523801568454,0.162,-30990.8429577057,64067.8280096639,22,2.72000000000003,TRUE,"",0.1,481,910481,920481,930481
"RDMM",8.75436661724415,0.936955397467095,0.016,0.624239153180461,0.166,-29275.07026969,60629.3748783537,144,5.8599999999999,TRUE,"",0.1,481,910481,920481,930481
"DGMM",NA,0.756656606306569,0.065,0.47575486481304,0.296,-34400.9603858629,70888.0628659784,6,0.7800000000002,TRUE,"",0.2,481,910481,920481,930481
"RDMM",5.17714319962211,0.929219486760014,0.018,0.740443113029217,0.108,-31000.6795468431,64080.5934326599,249,9.84999999999991,TRUE,"",0.2,481,910481,920481,930481
"DGMM",NA,0.00416038553411285,0.457,0.00201768724107734,0.702,-33164.7754223667,68415.6929389859,72,8.47000000000003,TRUE,"",0.3,481,910481,920481,930481
"RDMM",4.13086129246405,0.891014883815335,0.028,0.701174754016436,0.128,-32549.2546017757,67177.7435425251,111,4.42000000000007,TRUE,"",0.3,481,910481,920481,930481
"DGMM",NA,0.00595387857968329,0.454,0.00303307223402117,0.702,-35384.9270602609,72855.9962147743,50,5.93999999999983,TRUE,"",0.4,481,910481,920481,930481
"RDMM",3.58195397292576,0.864750240822117,0.035,0.452561898503079,0.284,-34226.3990714661,70532.0324819058,151,6.1400000000001,TRUE,"",0.4,481,910481,920481,930481
"DGMM",NA,0.00389967871481785,0.464,0.00323503907861189,0.703,-36562.5537508057,75211.2495958639,32,3.77999999999997,TRUE,"",0.5,481,910481,920481,930481
"RDMM",3.21761679853801,0.820638805998646,0.047,0.419659614695782,0.307,-35916.4545697378,73912.1434784492,146,5.78999999999996,TRUE,"",0.5,481,910481,920481,930481
"DGMM",NA,0.988024022375517,0.003,0.820726992232161,0.072,-27189.221290313,56464.5846748786,19,2.36000000000013,TRUE,"",0,482,910482,920482,930482
"RDMM",199.999949397368,0.988024022375517,0.003,0.853048197527877,0.058,-27172.5995673651,56424.4334737038,100,4.04999999999995,TRUE,"",0,482,910482,920482,930482
"DGMM",NA,0.831576182508251,0.044,0.635673430899439,0.153,-31162.6396312324,64411.4213567174,17,2.07999999999993,TRUE,"",0.1,482,910482,920482,930482
"RDMM",8.03104617536283,0.944728722914949,0.014,0.792985072725961,0.083,-29448.5937942046,60976.4219273828,109,4.59000000000015,TRUE,"",0.1,482,910482,920482,930482
"DGMM",NA,-0.000380468020590654,0.489,-0.000106987744076498,0.732,-31871.9169554973,65829.9760052472,23,2.80999999999995,TRUE,"",0.2,482,910482,920482,930482
"RDMM",4.64446269534893,0.894810803434505,0.027,0.731138514492303,0.11,-31512.9922823601,65105.2189036938,100,4.07999999999993,TRUE,"",0.2,482,910482,920482,930482
"DGMM",NA,-0.000440756818708646,0.489,-0.000573252274605192,0.736,-33625.2830404346,69336.7081751218,30,3.56000000000017,TRUE,"",0.3,482,910482,920482,930482
"RDMM",3.79845794151354,0.861045065074585,0.036,0.700083333361801,0.124,-33208.0175366829,68495.2694123395,134,5.36999999999989,TRUE,"",0.3,482,910482,920482,930482
"DGMM",NA,0.000969410579899287,0.478,0.000383573886468678,0.727,-35453.7202437685,72993.5825817895,23,2.74000000000001,TRUE,"",0.4,482,910482,920482,930482
"RDMM",3.3136217981879,0.78123720059034,0.058,0.418632969579042,0.355,-35087.5629191101,72254.3601771938,100,4.03999999999996,TRUE,"",0.4,482,910482,920482,930482
"DGMM",NA,0.662258176680491,0.093,0.276747502012108,0.478,-40317.9227035465,82721.9875013456,11,1.34000000000015,TRUE,"",0.5,482,910482,920482,930482
"RDMM",3.02986662839808,0.781237230135126,0.058,0.398714215341377,0.325,-36824.9318773004,75729.0980935745,100,4.04999999999995,TRUE,"",0.5,482,910482,920482,930482
"DGMM",NA,0.984048039071483,0.004,0.858534108621793,0.056,-27169.4670927388,56425.0762797302,40,4.80999999999995,TRUE,"",0,483,910483,920483,930483
"RDMM",199.999951939146,0.988024018523238,0.003,0.863426165712087,0.054,-27159.0637802894,56397.3618995524,107,4.25999999999999,TRUE,"",0,483,910483,920483,930483
"DGMM",NA,0.940840721479113,0.015,0.778576950052164,0.089,-31395.8982425747,64877.938579402,16,2.03999999999996,TRUE,"",0.1,483,910483,920483,930483
"RDMM",7.92611369359907,0.96822419931304,0.008,0.826931402081253,0.069,-29383.97214519,60847.1786293537,100,3.96000000000004,TRUE,"",0.1,483,910483,920483,930483
"DGMM",NA,0.62055251411532,0.106,0.294848686876471,0.538,-34004.181250881,70094.5045960147,27,3.25,TRUE,"",0.2,483,910483,920483,930483
"RDMM",4.82410124064964,0.929225093490421,0.018,0.470761334290518,0.263,-31565.2107102183,65209.6557594101,153,6.19000000000005,TRUE,"",0.2,483,910483,920483,930483
"DGMM",NA,-0.000827705638026071,0.491,-0.000900550478899322,0.733,-33834.6190241388,69755.3801425303,19,2.36000000000013,TRUE,"",0.3,483,910483,920483,930483
"RDMM",3.72535530497748,0.887250986890103,0.029,0.31178929447311,0.451,-33264.1088697477,68607.4520784689,100,4.12999999999988,TRUE,"",0.3,483,910483,920483,930483
"DGMM",NA,0.000371425556610698,0.481,-0.000528646818326028,0.734,-35684.8601054003,73455.8623050532,21,3.07999999999993,TRUE,"",0.4,483,910483,920483,930483
"RDMM",3.20396537222071,0.868492323614668,0.034,0.681898539591984,0.134,-34899.8093169893,71878.8529729522,158,6.5,TRUE,"",0.4,483,910483,920483,930483
"DGMM",NA,-0.000876627259370568,0.494,-0.00112745306487927,0.729,-37586.8148655003,77259.7718252533,23,3,TRUE,"",0.5,483,910483,920483,930483
"RDMM",2.8989080584072,0.835231082642176,0.043,0.610992810118108,0.17,-36681.9927000005,75443.2197389746,265,10.5600000000002,TRUE,"",0.5,483,910483,920483,930483
"DGMM",NA,0.995999997602502,0.001,0.685003951606371,0.139,-27104.9399761289,56296.0220465103,35,4.25,TRUE,"",0,484,910484,920484,930484
"RDMM",199.999952265816,0.995999997602502,0.001,0.844211779095022,0.062,-26962.0133654875,56003.2610699486,105,4.16999999999985,TRUE,"",0,484,910484,920484,930484
"DGMM",NA,0.777703173061096,0.059,0.387623986389294,0.525,-31347.1640034658,64780.4701011843,40,5.09000000000015,TRUE,"",0.1,484,910484,920484,930484
"RDMM",7.91618218209083,0.960360338772893,0.01,0.782799739815755,0.088,-29167.5770667732,60414.3884725199,177,7.25,TRUE,"",0.1,484,910484,920484,930484
"DGMM",NA,-0.000629426769297458,0.499,0.167268117536385,0.56,-31530.3889529268,65146.9200001061,25,2.95000000000005,TRUE,"",0.2,484,910484,920484,930484
"RDMM",4.87652355067275,0.913849827363123,0.022,0.72758759159986,0.112,-31064.0700629272,64207.374464828,161,6.49000000000001,TRUE,"",0.2,484,910484,920484,930484
"DGMM",NA,0.725631531406991,0.074,0.298522081291442,0.394,-37064.9832501266,76216.1085945058,13,1.64999999999986,TRUE,"",0.3,484,910484,920484,930484
"RDMM",3.70863026710601,0.872228131881679,0.033,0.671359863337933,0.138,-32844.8199330321,67768.8742050378,100,4.10000000000014,TRUE,"",0.3,484,910484,920484,930484
"DGMM",NA,0.639642611228905,0.1,0.319035463825243,0.364,-39011.6697042693,80109.4815027912,6,0.779999999999973,TRUE,"",0.4,484,910484,920484,930484
"RDMM",3.22073116655215,0.820656569968096,0.047,0.604464993867516,0.169,-34659.633927248,71398.5021934697,158,6.54999999999995,TRUE,"",0.4,484,910484,920484,930484
"DGMM",NA,-0.000962486821035824,0.498,0.157731986606261,0.564,-37258.3514490693,76602.8449923913,20,2.3900000000001,TRUE,"",0.5,484,910484,920484,930484
"RDMM",2.88463343667431,0.767143046345678,0.062,0.468741204521846,0.255,-36414.9256065884,74909.0855521504,141,5.62999999999988,TRUE,"",0.5,484,910484,920484,930484
"DGMM",NA,0.992008001060261,0.002,0.797955410805017,0.083,-27145.0840924128,56376.3102790782,17,2.07999999999993,TRUE,"",0,485,910485,920485,930485
"RDMM",199.999953647174,0.992008001060261,0.002,0.863971415869612,0.054,-27096.7461819375,56272.7267028486,100,4.00999999999999,TRUE,"",0,485,910485,920485,930485
"DGMM",NA,0.809811713596461,0.05,0.53241009662748,0.215,-31258.4394270904,64603.0209484333,26,3.1099999999999,TRUE,"",0.1,485,910485,920485,930485
"RDMM",7.73761340418558,0.972168144675652,0.007,0.830363883825252,0.068,-29376.5245761884,60832.2834913505,157,6.25999999999999,TRUE,"",0.1,485,910485,920485,930485
"DGMM",NA,-0.000595253793185316,0.499,-0.00112750319461313,0.733,-31553.2636690262,65192.669432305,40,4.77999999999997,TRUE,"",0.2,485,910485,920485,930485
"RDMM",4.90262018082419,0.940840788344503,0.015,0.573025492225175,0.249,-31272.5379089791,64624.3101569318,100,4.05000000000018,TRUE,"",0.2,485,910485,920485,930485
"DGMM",NA,-0.000740249869493427,0.497,0.233972914003898,0.54,-33466.8297548118,69019.8016038762,27,3.26999999999998,TRUE,"",0.3,485,910485,920485,930485
"RDMM",3.80358024971741,0.906210128675129,0.024,0.512021350066757,0.299,-32997.5430880236,68074.3205150208,119,4.83999999999992,TRUE,"",0.3,485,910485,920485,930485
"DGMM",NA,-0.000863969668091544,0.497,-0.000436714154318458,0.729,-35397.7352860847,72881.6126664221,40,4.67000000000007,TRUE,"",0.4,485,910485,920485,930485
"RDMM",3.14033566357365,0.872228262334798,0.033,0.711392626364092,0.119,-34825.6853590012,71730.6050569761,126,5.12999999999988,TRUE,"",0.4,485,910485,920485,930485
"DGMM",NA,-0.000717053989047991,0.492,-0.000851563679092917,0.73,-37075.4947984562,76237.131691165,30,3.65000000000009,TRUE,"",0.5,485,910485,920485,930485
"RDMM",2.89209547929341,0.806210080188567,0.051,0.452787764200966,0.328,-36590.4728126188,75260.1799642113,153,6.3599999999999,TRUE,"",0.5,485,910485,920485,930485
"DGMM",NA,0.992008000992225,0.002,0.794888295541798,0.084,-27217.5408834748,56521.2238612021,15,1.94000000000005,TRUE,"",0,486,910486,920486,930486
"RDMM",199.99994690893,0.995999996383551,0.001,0.866364787310146,0.053,-27033.2681652279,56145.7706694295,145,6.00999999999999,TRUE,"",0,486,910486,920486,930486
"DGMM",NA,0.933089082813683,0.017,0.468702209568687,0.487,-31567.0832518693,65220.3085979912,36,4.54999999999995,TRUE,"",0.1,486,910486,920486,930486
"RDMM",7.30814608110459,0.956440401057714,0.011,0.57734883156849,0.277,-29505.8828244832,61090.9999879401,194,8.26999999999998,TRUE,"",0.1,486,910486,920486,930486
"DGMM",NA,-2.1752245414068e-05,0.488,-0.00128324512797444,0.723,-31780.4318711652,65647.0058365831,21,2.63000000000011,TRUE,"",0.2,486,910486,920486,930486
"RDMM",4.6158577990279,0.887251149313739,0.029,0.58892109643789,0.197,-31533.5441150589,65146.3225690914,117,4.75,TRUE,"",0.2,486,910486,920486,930486
"DGMM",NA,0.735901317686057,0.071,0.423289277713046,0.283,-37171.167536203,76428.4771666587,6,0.779999999999973,TRUE,"",0.3,486,910486,920486,930486
"RDMM",3.79747657061624,0.891026939541183,0.028,0.717610358930149,0.116,-33075.4949079169,68230.2241548075,170,6.75,TRUE,"",0.3,486,910486,920486,930486
"DGMM",NA,-0.000908202245046127,0.5,0.000373111276745241,0.726,-35260.094833382,72606.3317610166,25,3.01999999999998,TRUE,"",0.4,486,910486,920486,930486
"RDMM",3.22792426204112,0.85733322575526,0.037,0.682839287383019,0.131,-34672.7455701507,71424.7254792751,108,4.33000000000015,TRUE,"",0.4,486,910486,920486,930486
"DGMM",NA,-0.00096536072369974,0.498,0.00137189194150771,0.727,-36915.9759370497,75918.0939683521,25,3.00999999999999,TRUE,"",0.5,486,910486,920486,930486
"RDMM",2.98450139698499,0.831575420141783,0.044,0.649685431207164,0.147,-36268.1670803488,74615.5684996713,100,4.15999999999985,TRUE,"",0.5,486,910486,920486,930486
"DGMM",NA,1,0,0.630611891150773,0.223,-27245.7120830771,56577.5662604069,20,2.43000000000006,TRUE,"",0,487,910487,920487,930487
"RDMM",199.999947611193,0.995999997133853,0.001,0.634363072571341,0.24,-27180.7909729431,56440.8162848598,135,5.6400000000001,TRUE,"",0,487,910487,920487,930487
"DGMM",NA,0.835229417887554,0.043,0.391150999094769,0.482,-31256.1294175388,64598.4009293302,19,2.3599999999999,TRUE,"",0.1,487,910487,920487,930487
"RDMM",8.22863855554232,0.948624612983118,0.013,0.801009019952179,0.08,-29219.6362064698,60518.5067519132,197,7.83999999999992,TRUE,"",0.1,487,910487,920487,930487
"DGMM",NA,-0.000956241336751501,0.49,0.000309256317286815,0.722,-31652.9909642806,65392.1240228139,20,2.48000000000002,TRUE,"",0.2,487,910487,920487,930487
"RDMM",4.88733874784113,0.906210155355799,0.024,0.599317217437791,0.213,-31349.0904078332,64777.4151546401,197,7.91000000000008,TRUE,"",0.2,487,910487,920487,930487
"DGMM",NA,-0.00120668042894441,0.499,-0.000334676481050919,0.722,-33356.6806512273,68799.5033967071,22,2.61999999999989,TRUE,"",0.3,487,910487,920487,930487
"RDMM",3.88258411705447,0.875972020964714,0.032,0.646908730534254,0.156,-32910.2278154991,67899.6899699717,184,7.33999999999992,TRUE,"",0.3,487,910487,920487,930487
"DGMM",NA,0.580223923439404,0.119,0.316253775157493,0.374,-38546.1897015376,79178.5214973279,6,0.769999999999982,TRUE,"",0.4,487,910487,920487,930487
"RDMM",3.31581670242924,0.842566679373264,0.041,0.600381184480594,0.184,-34564.570398715,71208.3751364036,193,7.75999999999999,TRUE,"",0.4,487,910487,920487,930487
"DGMM",NA,0.538294596847044,0.133,0.300672355911302,0.373,-39827.2278512603,81740.5977967732,6,0.799999999999955,TRUE,"",0.5,487,910487,920487,930487
"RDMM",3.12283085908746,0.824288331870372,0.046,0.659856675653786,0.144,-36179.629551623,74438.4934422197,130,5.20000000000005,TRUE,"",0.5,487,910487,920487,930487
"DGMM",NA,0.995999996623648,0.001,0.821592449254424,0.072,-27152.6323173617,56391.4067289759,27,3.25,TRUE,"",0,488,910488,920488,930488
"RDMM",199.999947844616,0.995999996623648,0.001,0.851934782869611,0.059,-27106.3272623083,56291.8888635901,116,4.93000000000006,TRUE,"",0,488,910488,920488,930488
"DGMM",NA,0.788334118977217,0.056,0.493705658798842,0.238,-31381.5967703822,64849.3356350171,19,2.28999999999996,TRUE,"",0.1,488,910488,920488,930488
"RDMM",8.09253748637525,0.964288258144459,0.009,0.817435360638011,0.073,-29278.2168138468,60635.6679666672,144,5.99000000000001,TRUE,"",0.1,488,910488,920488,930488
"DGMM",NA,0.571126887134672,0.122,0.298498797011628,0.369,-34101.9243544422,70289.9908031369,13,1.65000000000009,TRUE,"",0.2,488,910488,920488,930488
"RDMM",5.04499166189253,0.929225163095476,0.018,0.744618913458154,0.105,-31152.9704645615,64385.1752680966,110,4.38999999999987,TRUE,"",0.2,488,910488,920488,930488
"DGMM",NA,-0.00069184710964079,0.496,0.00181900510108597,0.713,-33795.7706571244,69677.6834085013,18,2.21000000000004,TRUE,"",0.3,488,910488,920488,930488
"RDMM",3.74034594114769,0.883483437149633,0.03,0.7106754845852,0.12,-33001.304640537,68081.8436200477,117,4.71000000000004,TRUE,"",0.3,488,910488,920488,930488
"DGMM",NA,-0.0001009360156034,0.486,0.000725382867423483,0.726,-35739.9030166625,73565.9481275777,19,2.27999999999997,TRUE,"",0.4,488,910488,920488,930488
"RDMM",3.24728549197688,0.84624618510467,0.04,0.650333595796856,0.148,-34790.8720637134,71660.9784664005,230,9.11000000000013,TRUE,"",0.4,488,910488,920488,930488
"DGMM",NA,0.00032992114133645,0.482,-0.000106170226784792,0.738,-37461.0842689014,77008.3106320554,18,2.25,TRUE,"",0.5,488,910488,920488,930488
"RDMM",2.99263336715388,0.8098098140908,0.05,0.424646185712066,0.346,-36467.4727923891,75014.1799237517,141,5.64999999999986,TRUE,"",0.5,488,910488,920488,930488
"DGMM",NA,0.99200798499295,0.002,0.601273193146306,0.182,-27313.7444942178,56713.6310826881,12,1.5,TRUE,"",0,489,910489,920489,930489
"RDMM",199.999951027828,0.99200798499295,0.002,0.851208511021911,0.059,-27041.8902776417,56163.014894257,139,5.54999999999995,TRUE,"",0,489,910489,920489,930489
"DGMM",NA,0.853625449244703,0.038,0.552736527781702,0.201,-31358.6608981483,64803.4638905493,22,2.75,TRUE,"",0.1,489,910489,920489,930489
"RDMM",8.02135669017779,0.95644039026401,0.011,0.766700787043843,0.096,-29306.2752080769,60691.7847551274,109,4.50999999999999,TRUE,"",0.1,489,910489,920489,930489
"DGMM",NA,0.58631740435351,0.117,0.304701465846942,0.373,-34105.2703415134,70296.6827772794,14,1.70000000000005,TRUE,"",0.2,489,910489,920489,930489
"RDMM",4.76845947872454,0.913849723488411,0.022,0.763355432921833,0.097,-31344.3529430287,64767.940225031,100,4.13000000000011,TRUE,"",0.2,489,910489,920489,930489
"DGMM",NA,0.842565123023332,0.041,0.417821508434459,0.497,-36452.1954899557,74990.533074164,42,4.96000000000004,TRUE,"",0.3,489,910489,920489,930489
"RDMM",3.76471421384729,0.838894757567503,0.042,0.430447592248011,0.299,-33238.7914880198,68556.8173150131,107,4.59999999999991,TRUE,"",0.3,489,910489,920489,930489
"DGMM",NA,-0.000616764815538373,0.488,0.000254959270634368,0.734,-35292.8909386954,72671.9239716435,25,3.02999999999997,TRUE,"",0.4,489,910489,920489,930489
"RDMM",3.33395166917249,0.842565780721355,0.041,0.70583963170173,0.123,-34724.2299470824,71527.6942331384,100,4.08000000000015,TRUE,"",0.4,489,910489,920489,930489
"DGMM",NA,-0.000945744605387098,0.495,-0.000163807216999311,0.734,-36757.5080354899,75601.1581652323,26,3.09999999999991,TRUE,"",0.5,489,910489,920489,930489
"RDMM",3.14124854430568,0.784778807386433,0.057,0.428294143602666,0.327,-36307.1831298409,74693.6005986554,100,3.97000000000003,TRUE,"",0.5,489,910489,920489,930489
"DGMM",NA,0.995999997241588,0.001,0.721843562001627,0.118,-27256.1894174094,56598.5209290715,11,1.3599999999999,TRUE,"",0,490,910490,920490,930490
"RDMM",199.999949297845,1,0,0.851500907724888,0.059,-27069.3334588692,56217.9012567119,138,5.5,TRUE,"",0,490,910490,920490,930490
"DGMM",NA,0.972168154715193,0.007,0.709958961800042,0.123,-31257.638613834,64601.4193219205,13,1.58999999999992,TRUE,"",0.1,490,910490,920490,930490
"RDMM",8.56429108682163,0.972168154715193,0.007,0.819713018255061,0.072,-29130.4024270556,60340.0391930848,100,3.98000000000002,TRUE,"",0.1,490,910490,920490,930490
"DGMM",NA,0.929225219523535,0.018,0.577960451482055,0.192,-34391.5630827828,70869.2682598182,15,1.88999999999987,TRUE,"",0.2,490,910490,920490,930490
"RDMM",5.2520194807379,0.944728735674957,0.014,0.770569822001148,0.093,-30958.246213338,63995.7267656496,100,4.0300000000002,TRUE,"",0.2,490,910490,920490,930490
"DGMM",NA,0.000376468859002071,0.483,0.00229811008730855,0.727,-33329.8190474132,68745.780189079,24,2.93999999999983,TRUE,"",0.3,490,910490,920490,930490
"RDMM",4.0695072601152,0.89481086165569,0.027,0.74251097646583,0.105,-32721.0625958189,67521.3595306114,123,4.97000000000003,TRUE,"",0.3,490,910490,920490,930490
"DGMM",NA,0.388819199622517,0.188,0.233484826936844,0.479,-37365.6112642062,76817.364622665,18,2.22000000000003,TRUE,"",0.4,490,910490,920490,930490
"RDMM",3.53986867995544,0.861045062508238,0.036,0.691467543004977,0.128,-34320.8099741745,70720.8542873225,100,4.00999999999999,TRUE,"",0.4,490,910490,920490,930490
"DGMM",NA,0.0024044604834792,0.471,0.00127119701024475,0.729,-36771.5010530533,75629.1442003592,21,2.61000000000013,TRUE,"",0.5,490,910490,920490,930490
"RDMM",3.24482470046379,0.831575726999308,0.044,0.434873255816905,0.311,-36032.5987816696,74144.4319023128,104,4.24000000000001,TRUE,"",0.5,490,910490,920490,930490
"DGMM",NA,0.98008007745688,0.005,0.690854155487895,0.133,-27215.347434647,56516.8369635466,13,1.59999999999991,TRUE,"",0,491,910491,920491,930491
"RDMM",199.999948069609,0.988024022446941,0.003,0.848422658178136,0.06,-27041.5463264221,56162.3269918179,146,5.97000000000003,TRUE,"",0,491,910491,920491,930491
"DGMM",NA,0.864764387571068,0.035,0.491254962322761,0.249,-31311.7726720075,64709.6874382676,17,2.16000000000008,TRUE,"",0.1,491,910491,920491,930491
"RDMM",8.4076847004417,0.952528520080707,0.012,0.563532329319221,0.269,-29311.1834634191,60701.6012658118,100,4.02999999999997,TRUE,"",0.1,491,910491,920491,930491
"DGMM",NA,0.614264226861979,0.108,0.346671137915667,0.345,-33231.3940742941,68548.9302428407,20,2.39999999999986,TRUE,"",0.2,491,910491,920491,930491
"RDMM",5.50316028619322,0.929225219011801,0.018,0.752702997425218,0.101,-30920.214625679,63919.6635903317,124,4.97000000000003,TRUE,"",0.2,491,910491,920491,930491
"DGMM",NA,-0.00092610299754003,0.494,-0.000691078593778489,0.731,-33121.2567414128,68328.6555770783,28,3.32999999999993,TRUE,"",0.3,491,910491,920491,930491
"RDMM",4.32371717656164,0.91002602869459,0.023,0.736841505549905,0.108,-32633.2097517302,67345.653842434,100,4,TRUE,"",0.3,491,910491,920491,930491
"DGMM",NA,0.000262315667185752,0.482,-0.000298294465322487,0.73,-35148.4102730768,72382.9626404063,21,2.51999999999998,TRUE,"",0.4,491,910491,920491,930491
"RDMM",3.55526946589234,0.849933926990603,0.039,0.569987152547895,0.191,-34459.312995989,70997.8603309516,139,5.54999999999995,TRUE,"",0.4,491,910491,920491,930491
"DGMM",NA,0.701945380533913,0.081,0.284112469698382,0.466,-39789.4392137964,81665.0205218453,16,1.95000000000005,TRUE,"",0.5,491,910491,920491,930491
"RDMM",3.19159201778522,0.84624620356251,0.04,0.626971518760104,0.16,-36107.5388866516,74294.3121122769,105,4.23000000000002,TRUE,"",0.5,491,910491,920491,930491
"DGMM",NA,0.995999996383551,0.001,0.835117846804127,0.066,-27192.0921654823,56470.3264252172,13,1.57999999999993,TRUE,"",0,492,910492,920492,930492
"RDMM",136.005576170173,0.995999996383551,0.001,0.842135335938588,0.063,-27168.1136076548,56415.4615542832,100,4.01999999999998,TRUE,"",0,492,910492,920492,930492
"DGMM",NA,0.722227212775522,0.075,0.516540008393545,0.219,-31981.9133332827,66049.9687608181,12,1.45000000000005,TRUE,"",0.1,492,910492,920492,930492
"RDMM",7.35278116714184,0.956440399038085,0.011,0.803248780097915,0.079,-29525.5552254472,61130.344789868,101,4.12000000000012,TRUE,"",0.1,492,910492,920492,930492
"DGMM",NA,-0.000291015455951486,0.492,-0.000616721690508863,0.735,-31839.0927685677,65764.3276313879,26,3.1099999999999,TRUE,"",0.2,492,910492,920492,930492
"RDMM",4.91316122963188,0.944728675554002,0.014,0.764402038415982,0.096,-31213.7757236403,64506.7857862542,193,7.76999999999998,TRUE,"",0.2,492,910492,920492,930492
"DGMM",NA,-0.000740588278521705,0.499,-0.000950807961858022,0.74,-33344.2666896364,68774.6754735255,23,2.82999999999993,TRUE,"",0.3,492,910492,920492,930492
"RDMM",3.93915178276368,0.883483425409253,0.03,0.524010710966165,0.284,-33049.559447373,68178.3532337196,100,4.17000000000007,TRUE,"",0.3,492,910492,920492,930492
"DGMM",NA,-0.000621836727080685,0.492,-0.00070321978072873,0.733,-35344.0884313297,72774.318956912,23,2.75999999999999,TRUE,"",0.4,492,910492,920492,930492
"RDMM",3.30817045456997,0.849933902623982,0.039,0.507329095707744,0.257,-34859.8154622907,71798.8652635549,100,4.04999999999995,TRUE,"",0.4,492,910492,920492,930492
"DGMM",NA,-0.000912084220944098,0.497,-0.000334439993234219,0.732,-37017.7184551965,76121.5790046457,24,2.8900000000001,TRUE,"",0.5,492,910492,920492,930492
"RDMM",3.01704081391699,0.842566424229089,0.041,0.632350863329143,0.157,-36333.8334578826,74746.9012547389,105,4.42000000000007,TRUE,"",0.5,492,910492,920492,930492
"DGMM",NA,0.992008006585787,0.002,0.850228542567791,0.06,-27198.9248121087,56483.9917184699,42,5.03999999999996,TRUE,"",0,493,910493,920493,930493
"RDMM",199.999954336724,0.992008006585787,0.002,0.864076964820785,0.054,-27166.8328810123,56412.9001009982,136,5.56999999999994,TRUE,"",0,493,910493,920493,930493
"DGMM",NA,0.960360319751574,0.01,0.705062591535117,0.125,-31328.2606294672,64742.6633531871,18,2.22000000000003,TRUE,"",0.1,493,910493,920493,930493
"RDMM",8.81106162178398,0.960360346061502,0.01,0.810094989917459,0.077,-29270.62909441,60620.4925277937,100,4.07999999999993,TRUE,"",0.1,493,910493,920493,930493
"DGMM",NA,0.910025751018838,0.023,0.587767520631139,0.185,-33432.7005093295,68951.5431129117,25,2.95000000000005,TRUE,"",0.2,493,910493,920493,930493
"RDMM",5.81815037514261,0.925369335090148,0.019,0.77784493713314,0.091,-30862.1929037532,63803.62014648,167,6.71000000000004,TRUE,"",0.2,493,910493,920493,930493
"DGMM",NA,0.512143453517161,0.142,0.231321079979316,0.516,-35083.0675362237,72252.2771666999,18,2.19000000000005,TRUE,"",0.3,493,910493,920493,930493
"RDMM",4.34522316141752,0.913849801370989,0.022,0.71563767550354,0.12,-32580.7210203302,67240.676379634,133,5.36999999999989,TRUE,"",0.3,493,910493,920493,930493
"DGMM",NA,-0.000671190562824636,0.49,-0.000643351532983728,0.719,-34811.6442543449,71709.4306029424,27,3.25,TRUE,"",0.4,493,910493,920493,930493
"RDMM",3.63552942607611,0.87222823590989,0.033,0.694824519251346,0.129,-34271.8833449392,70623.001028852,100,4.17000000000007,TRUE,"",0.4,493,910493,920493,930493
"DGMM",NA,0.000131248027843583,0.483,0.00028334463310241,0.713,-36730.2430587301,75546.6282117127,24,2.92000000000007,TRUE,"",0.5,493,910493,920493,930493
"RDMM",3.22382079026198,0.853629603582178,0.038,0.501949514508069,0.284,-36121.2178194777,74321.6699779289,100,4.16000000000008,TRUE,"",0.5,493,910493,920493,930493
"DGMM",NA,1,0,0.859341162514371,0.056,-27023.8636273873,56133.8693490272,21,2.54999999999995,TRUE,"",0,494,910494,920494,930494
"RDMM",199.999916146434,1,0,0.879500223871071,0.048,-26998.230285251,56075.6949094757,100,4.05999999999995,TRUE,"",0,494,910494,920494,930494
"DGMM",NA,0.964288283063362,0.009,0.70824754695916,0.125,-30830.924721093,63747.9915364386,25,3.00999999999999,TRUE,"",0.1,494,910494,920494,930494
"RDMM",9.0955577752908,0.960360356722732,0.01,0.827732497535798,0.069,-29159.9045143112,60399.0433675961,100,4.17000000000007,TRUE,"",0.1,494,910494,920494,930494
"DGMM",NA,0.665524581071689,0.092,0.507802004973851,0.225,-33069.885083041,68225.9122603347,26,3.08999999999992,TRUE,"",0.2,494,910494,920494,930494
"RDMM",5.50757161297521,0.933089084397016,0.017,0.772500183937645,0.093,-30987.386984071,64054.0083071155,100,4.07000000000016,TRUE,"",0.2,494,910494,920494,930494
"DGMM",NA,-0.000465588722862234,0.489,-0.000189205258286063,0.734,-33122.6713555283,68331.4848053092,29,3.39999999999986,TRUE,"",0.3,494,910494,920494,930494
"RDMM",4.15822253868748,0.872228232542249,0.033,0.513393768369283,0.255,-32818.4587557528,67716.1518504792,108,4.33000000000015,TRUE,"",0.3,494,910494,920494,930494
"DGMM",NA,0.86104501497065,0.036,0.401282707997963,0.475,-38075.3046650107,78236.751424274,17,2.06999999999994,TRUE,"",0.4,494,910494,920494,930494
"RDMM",3.48989028235502,0.831575586365528,0.044,0.471703647122005,0.276,-34650.0219589334,71379.2782568404,100,4.04999999999995,TRUE,"",0.4,494,910494,920494,930494
"DGMM",NA,0.00150668027896302,0.475,0.00098383095912973,0.728,-36792.8252027308,75671.7924997142,28,3.45000000000005,TRUE,"",0.5,494,910494,920494,930494
"RDMM",3.2287706244486,0.838894940363282,0.042,0.636742030126912,0.156,-36329.78807096,74738.8104808936,102,4.07999999999993,TRUE,"",0.5,494,910494,920494,930494
"DGMM",NA,0.992008001521523,0.002,0.851246582136164,0.059,-27203.9467496387,56494.03559353,15,1.83000000000015,TRUE,"",0,495,910495,920495,930495
"RDMM",199.999955045203,0.992008001521523,0.002,0.863180445471963,0.054,-27167.4089219395,56414.0521828526,100,4.1099999999999,TRUE,"",0,495,910495,920495,930495
"DGMM",NA,0.857333731654868,0.037,0.415982014217785,0.36,-31518.939110499,65124.0203152506,18,2.29999999999995,TRUE,"",0.1,495,910495,920495,930495
"RDMM",7.93628878837708,0.960360341914831,0.01,0.815577692677944,0.074,-29442.87650272,60964.9873444136,219,8.84000000000015,TRUE,"",0.1,495,910495,920495,930495
"DGMM",NA,0.611141657662318,0.109,0.292047513526189,0.547,-33683.69763435,69453.5373629526,17,2.13999999999987,TRUE,"",0.2,495,910495,920495,930495
"RDMM",5.19101159888903,0.952528499589018,0.012,0.773592894633624,0.092,-31283.054110681,64645.3425603356,140,5.66000000000008,TRUE,"",0.2,495,910495,920495,930495
"DGMM",NA,0.00282831848131739,0.47,0.000506681872930059,0.726,-33559.1104222383,69204.3629387293,26,3.07999999999993,TRUE,"",0.3,495,910495,920495,930495
"RDMM",3.86354277013864,0.902402428454474,0.025,0.526893255755912,0.245,-33126.0201983625,68331.2747356987,152,6.11000000000013,TRUE,"",0.3,495,910495,920495,930495
"DGMM",NA,0.00346234812732073,0.467,0.000825073644337582,0.723,-35346.433465754,72779.0090257607,22,2.70999999999981,TRUE,"",0.4,495,910495,920495,930495
"RDMM",3.3379983412586,0.87222817937284,0.033,0.559590091756544,0.205,-34822.1749080435,71723.5841550607,199,7.95000000000005,TRUE,"",0.4,495,910495,920495,930495
"DGMM",NA,0.0033863002572514,0.467,0.0230206659432742,0.674,-37746.3537474194,77578.8495890914,23,2.75,TRUE,"",0.5,495,910495,920495,930495
"RDMM",2.95675013981307,0.817032947892939,0.048,0.324143322622637,0.419,-36711.4425668669,75502.1194727074,106,4.29999999999995,TRUE,"",0.5,495,910495,920495,930495
"DGMM",NA,0.992008001060261,0.002,0.823945982697066,0.071,-27132.6282905,56351.3986752527,24,2.88000000000011,TRUE,"",0,496,910496,920496,930496
"RDMM",199.999951885137,0.995999996383551,0.001,0.847000158720255,0.061,-27086.7917287535,56252.8177964806,100,4.03999999999996,TRUE,"",0,496,910496,920496,930496
"DGMM",NA,0.853630104111665,0.038,0.491395980554998,0.245,-31475.2397911466,65036.6216765457,18,2.60000000000014,TRUE,"",0.1,496,910496,920496,930496
"RDMM",8.18734221874063,0.960360329575858,0.01,0.79527678086125,0.083,-29331.5251727842,60742.284684542,152,6.20999999999981,TRUE,"",0.1,496,910496,920496,930496
"DGMM",NA,0.678662092845708,0.088,0.265137263284001,0.47,-34540.8663221137,71167.8747384801,16,2.12000000000012,TRUE,"",0.2,496,910496,920496,930496
"RDMM",4.8247562632826,0.94472868580456,0.014,0.732118112530289,0.112,-31434.0301644845,64947.2946679426,156,6.21000000000004,TRUE,"",0.2,496,910496,920496,930496
"DGMM",NA,0.887251170224013,0.029,0.331010831904339,0.419,-37164.5144921074,76415.1710784675,12,1.5,TRUE,"",0.3,496,910496,920496,930496
"RDMM",3.92112324557366,0.872228136404648,0.033,0.483996895508425,0.309,-33202.0847113434,68483.4037616604,178,7.19000000000005,TRUE,"",0.3,496,910496,920496,930496
"DGMM",NA,-0.000197283217107408,0.487,-0.000438596776766159,0.721,-35485.5929397928,73057.3279738382,28,3.41999999999985,TRUE,"",0.4,496,910496,920496,930496
"RDMM",3.29225116063331,0.891026942397631,0.028,0.676300570923339,0.138,-34796.4603649684,71672.1550689105,102,4.1400000000001,TRUE,"",0.4,496,910496,920496,930496
"DGMM",NA,0.000195380740196501,0.483,-0.000347510773786433,0.72,-37307.9063069636,76701.9547081799,25,3.04999999999995,TRUE,"",0.5,496,910496,920496,930496
"RDMM",3.12207785320152,0.802618447027372,0.052,0.377256669683901,0.356,-36725.0621767166,75529.3586924069,100,4.05999999999995,TRUE,"",0.5,496,910496,920496,930496
"DGMM",NA,0.988024023184218,0.003,0.690209983271016,0.136,-27319.8307866101,56725.8036674729,18,2.25999999999999,TRUE,"",0,497,910497,920497,930497
"RDMM",199.999951537611,0.992008007634387,0.002,0.853278749331943,0.058,-27220.1323347491,56519.4990084717,187,7.4699999999998,TRUE,"",0,497,910497,920497,930497
"DGMM",NA,0.688591057820633,0.085,0.347303368669136,0.517,-31800.1125056696,65686.3671055918,56,6.65000000000009,TRUE,"",0.1,497,910497,920497,930497
"RDMM",7.43780656902171,0.956440437385862,0.011,0.80362155163797,0.079,-29553.3246106992,61185.8835603721,100,4.01999999999998,TRUE,"",0.1,497,910497,920497,930497
"DGMM",NA,-0.000640050772765398,0.492,-0.00058090571008328,0.737,-31822.0504228841,65730.2429400207,30,3.58999999999992,TRUE,"",0.2,497,910497,920497,930497
"RDMM",4.96657099501202,0.921521508884453,0.02,0.759167473977044,0.098,-31312.1300082443,64703.4943554622,100,3.9699999999998,TRUE,"",0.2,497,910497,920497,930497
"DGMM",NA,-0.000680867502672775,0.492,-0.000890840547502344,0.742,-33707.8628814739,69501.8678572004,27,3.44000000000005,TRUE,"",0.3,497,910497,920497,930497
"RDMM",3.7633973733082,0.906210198030705,0.024,0.708627266397335,0.121,-33105.7922221381,68290.8187832497,100,4.04999999999995,TRUE,"",0.3,497,910497,920497,930497
"DGMM",NA,-0.000395319180718903,0.488,-0.000611192919007653,0.733,-35929.6077545123,73945.3576032773,36,4.31000000000017,TRUE,"",0.4,497,910497,920497,930497
"RDMM",3.30466684323618,0.872228219268337,0.033,0.675001752743843,0.137,-34679.9722583744,71439.1788557224,100,4.09999999999991,TRUE,"",0.4,497,910497,920497,930497
"DGMM",NA,0.705305471137251,0.08,0.325885876182682,0.365,-40466.1252518644,83018.3925979815,6,0.799999999999955,TRUE,"",0.5,497,910497,920497,930497
"RDMM",3.10540043089129,0.842566581695304,0.041,0.465324437883212,0.285,-36300.5883713818,74680.4110817372,138,5.50999999999999,TRUE,"",0.5,497,910497,920497,930497
"DGMM",NA,1,0,0.827997811958313,0.069,-27188.9440060015,56464.0301062556,33,3.93999999999983,TRUE,"",0,498,910498,920498,930498
"RDMM",199.999948894402,1,0,0.844543988252073,0.062,-27162.5537119707,56404.3417629151,100,3.97000000000003,TRUE,"",0,498,910498,920498,930498
"DGMM",NA,0.817032951694545,0.048,0.427033219716072,0.499,-31289.4863681,64665.1148304526,37,4.42000000000007,TRUE,"",0.1,498,910498,920498,930498
"RDMM",7.53941464313866,0.948624622247563,0.013,0.583433252605415,0.223,-29504.4060738927,61088.0464867589,149,5.93000000000006,TRUE,"",0.1,498,910498,920498,930498
"DGMM",NA,0.559060848939261,0.126,0.307060593526619,0.527,-34048.211362675,70182.5648196026,35,4.12999999999988,TRUE,"",0.2,498,910498,920498,930498
"RDMM",4.66338680414139,0.921521498017627,0.02,0.714655939826228,0.117,-31451.6976138881,64982.6295667498,149,6,TRUE,"",0.2,498,910498,920498,930498
"DGMM",NA,-0.000549454010108519,0.489,-9.42995129766818e-05,0.728,-33798.8790700116,69683.9002342758,34,4.10000000000014,TRUE,"",0.3,498,910498,920498,930498
"RDMM",3.74688617408323,0.883483422360676,0.03,0.68175472883284,0.132,-33244.9422186968,68569.1187763672,119,4.72000000000003,TRUE,"",0.3,498,910498,920498,930498
"DGMM",NA,0.000921695526148948,0.478,5.79412329088054e-06,0.726,-35632.3166252529,73350.7753447584,25,3.24000000000001,TRUE,"",0.4,498,910498,920498,930498
"RDMM",3.21108040043871,0.813417199728229,0.049,0.444144161353251,0.332,-34965.3236489475,72009.8816368687,110,3.86999999999989,TRUE,"",0.4,498,910498,920498,930498
"DGMM",NA,0.00213335207852993,0.472,0.00039673436792865,0.725,-37508.6276839392,77103.397462131,22,2.29999999999995,TRUE,"",0.5,498,910498,920498,930498
"RDMM",2.90199766439729,0.81341737938601,0.049,0.580008873476016,0.184,-36531.2737466207,75141.7818322149,134,4.41000000000008,TRUE,"",0.5,498,910498,920498,930498
"DGMM",NA,1,0,0.817138408818783,0.074,-27246.7795558923,56579.7012060371,12,1.25,TRUE,"",0,499,910499,920499,930499
"RDMM",139.638777109128,1,0,0.821620155484017,0.072,-27218.9379241952,56517.1101873641,100,3.30999999999995,TRUE,"",0,499,910499,920499,930499
"DGMM",NA,0.968224196969655,0.008,0.749863680784004,0.104,-30953.45077661,63993.0436474726,14,1.47000000000003,TRUE,"",0.1,499,910499,920499,930499
"RDMM",8.60247803493344,0.964288252648143,0.009,0.775611485526662,0.092,-29299.515885966,60678.2661109056,100,3.44000000000005,TRUE,"",0.1,499,910499,920499,930499
"DGMM",NA,-0.000431719913965633,0.494,-0.000209171276292505,0.731,-31606.3440825768,65298.8302594063,30,3.01999999999998,TRUE,"",0.2,499,910499,920499,930499
"RDMM",5.34713002048663,0.906210122247046,0.024,0.60267077398037,0.184,-31160.8698343186,64400.9740076108,129,4.23000000000002,TRUE,"",0.2,499,910499,920499,930499
"DGMM",NA,0.00117038660312212,0.478,0.000402052138334504,0.724,-33458.7252084442,69003.5925111411,35,3.45000000000005,TRUE,"",0.3,499,910499,920499,930499
"RDMM",4.1428299710736,0.861044905811623,0.036,0.48960994919695,0.302,-32963.6502684318,68006.5348758372,123,4.05999999999995,TRUE,"",0.3,499,910499,920499,930499
"DGMM",NA,0.691917034644922,0.084,0.402388447804274,0.3,-38027.0402162714,78140.2225267953,6,0.650000000000091,TRUE,"",0.4,499,910499,920499,930499
"RDMM",3.70371046613997,0.835231082642176,0.043,0.630708271842013,0.157,-34579.7013178476,71238.6369746689,133,4.49000000000001,TRUE,"",0.4,499,910499,920499,930499
"DGMM",NA,0.617413154266671,0.107,0.268758183552409,0.449,-39715.8839319397,81517.909958132,6,0.649999999999864,TRUE,"",0.5,499,910499,920499,930499
"RDMM",3.40029222176382,0.777701501232315,0.059,0.367207717555653,0.363,-36207.4757387622,74494.1858164981,100,3.34000000000015,TRUE,"",0.5,499,910499,920499,930499
"DGMM",NA,0.992008008132933,0.002,0.704050664245159,0.127,-27310.955048662,56708.0521915767,12,1.23000000000002,TRUE,"",0,500,910500,920500,930500
"RDMM",199.999949712373,0.996000000009619,0.001,0.825800810277645,0.07,-27107.4977514663,56294.2298419062,130,4.06999999999994,TRUE,"",0,500,910500,920500,930500
"DGMM",NA,0.929225241989891,0.018,0.672183546248198,0.14,-31119.7882319046,64325.7185580618,21,1.8900000000001,TRUE,"",0.1,500,910500,920500,930500
"RDMM",8.43018264710008,0.972168169841423,0.007,0.781344052000038,0.089,-29275.9074039648,60631.0491469032,100,2.86999999999989,TRUE,"",0.1,500,910500,920500,930500
"DGMM",NA,0.639640907033576,0.1,0.28820326279428,0.522,-33457.6680559273,69001.4782061071,18,1.45000000000005,TRUE,"",0.2,500,910500,920500,930500
"RDMM",5.35905494946792,0.92922523313951,0.018,0.562530496625386,0.207,-31137.9742153482,64355.1827696701,100,2.69000000000005,TRUE,"",0.2,500,910500,920500,930500
"DGMM",NA,-0.000873883350400091,0.495,-0.00103262505211718,0.734,-33277.7760134855,68641.6941212235,38,3.15999999999985,TRUE,"",0.3,500,910500,920500,930500
"RDMM",3.97454154999463,0.902402402637106,0.025,0.492948404314608,0.304,-32859.7163509987,67798.6670409709,100,2.50999999999999,TRUE,"",0.3,500,910500,920500,930500
"DGMM",NA,0.767143247578592,0.062,0.503175798627919,0.232,-37872.0276419698,77830.1973781922,6,0.5,TRUE,"",0.4,500,910500,920500,930500
"RDMM",3.58584798577661,0.883483482315985,0.03,0.674358941060489,0.137,-34295.8970248837,70671.0283887411,165,4.19000000000005,TRUE,"",0.4,500,910500,920500,930500
"DGMM",NA,0.735900159659563,0.071,0.405018945046553,0.298,-39555.400966272,81196.9440267965,6,0.490000000000009,TRUE,"",0.5,500,910500,920500,930500
"RDMM",3.24623248157554,0.846246269355501,0.04,0.545113747193421,0.207,-35991.1789025743,74061.5921441222,116,2.83999999999992,TRUE,"",0.5,500,910500,920500,930500
