"Model","Estimated_nu","FirstLayer_ARI","FirstLayer_MR","Pathway_ARI","Pathway_MR","LogLik","BIC","Iterations","Elapsed_seconds","Success","Error","Nu_true","Replication","Data_seed","Fit_seed"
"DGMM",NA,-0.000298198730683868,0.489,-0.000421851650976894,0.733,-33446.4418865789,68979.0258674105,29,1.7,TRUE,"",3,1,3100001,3300001
"RDMM",2.99815601585619,0.864764674029811,0.035,0.706343007197677,0.122,-32008.2131641672,66095.6606673081,100,2.78,TRUE,"",3,1,3100001,3300001
"DGMM",NA,0.25935459802646,0.245,0.177573625417562,0.564,-36450.4717271974,74987.0855486473,52,3.59,TRUE,"",3,2,3100002,3300002
"RDMM",2.80152007087159,0.875971974763718,0.032,0.722392969991459,0.114,-32247.1817236668,66573.5977863073,221,5.5,TRUE,"",3,2,3100002,3300002
"DGMM",NA,0.777701957767406,0.059,0.349192888312336,0.52,-35503.5901381091,73093.3223704707,23,1.73,TRUE,"",3,3,3100003,3300003
"RDMM",2.92760142828481,0.875971908143551,0.032,0.690547762439745,0.129,-31667.2706108119,65413.7755605974,202,4.97,TRUE,"",3,3,3100003,3300003
"DGMM",NA,0.887251287847775,0.029,0.308012569031771,0.478,-34845.5728509892,71777.287796231,16,1.19,TRUE,"",3,4,3100004,3300004
"RDMM",3.35254137828878,0.933089022295105,0.017,0.756830492757915,0.1,-31579.1595414139,65237.5534218015,113,2.58,TRUE,"",3,4,3100004,3300004
"DGMM",NA,0.299400368418569,0.226,0.164642060086849,0.574,-36415.5245492242,74917.1911927009,29,2.13,TRUE,"",3,5,3100005,3300005
"RDMM",3.03539255200447,0.879723773600465,0.031,0.690086793595936,0.13,-32645.2959282996,67369.8261955729,203,5.01,TRUE,"",3,5,3100005,3300005
"DGMM",NA,-0.000179237995336755,0.497,0.00159048749950565,0.726,-36316.9982452017,74720.138584656,30,2.09,TRUE,"",3,6,3100006,3300006
"RDMM",3.24664669148785,-0.000179237995336755,0.497,0.307145003083285,0.514,-32243.15605345,66565.5464458737,107,2.45,TRUE,"",3,6,3100006,3300006
"DGMM",NA,0.520774742709932,0.139,0.243628832811345,0.538,-35694.7658506954,73475.6737956435,24,1.33,TRUE,"",3,7,3100007,3300007
"RDMM",3.01835087992084,0.894810844953616,0.027,0.69340952297921,0.128,-31856.2826430773,65791.7996251283,154,3.63,TRUE,"",3,7,3100007,3300007
"DGMM",NA,0.00116784981250864,0.469,0.291570598474319,0.518,-33505.9036443994,69097.9493830514,22,1.78,TRUE,"",3,8,3100008,3300008
"RDMM",2.98333286893911,0.898601062029558,0.026,0.708292446018209,0.121,-31744.4994648223,65568.2332686181,100,2.91999999999999,TRUE,"",3,8,3100008,3300008
"DGMM",NA,0.306151409691195,0.223,0.151338409465185,0.585,-34564.2573030866,71214.6567004259,27,1.97000000000001,TRUE,"",3,9,3100009,3300009
"RDMM",3.16858406231278,0.913849759244058,0.022,0.732498697525356,0.11,-31469.9203304337,65019.074999841,100,2.59,TRUE,"",3,9,3100009,3300009
"DGMM",NA,0.00158553495446996,0.476,5.31964672263957e-05,0.727,-32710.0280882176,67506.1982706877,25,2.18,TRUE,"",3,10,3100010,3300010
"RDMM",3.37345586925414,0.906210198030705,0.024,0.7341864114231,0.109,-30944.432175774,63968.0986905217,300,7.54,TRUE,"",3,10,3100010,3300010
"DGMM",NA,-0.000707043194805044,0.492,-0.000489771978996586,0.735,-33182.9472227353,68452.0365397233,32,2.41,TRUE,"",3,11,3100011,3300011
"RDMM",3.05341603317441,0.906210214382818,0.024,0.692193028496862,0.129,-31406.9691449019,64893.1726287774,211,5.11,TRUE,"",3,11,3100011,3300011
"DGMM",NA,-0.000685741435695018,0.497,0.0028178551140986,0.712,-33415.8882287812,68917.918551815,25,1.63,TRUE,"",3,12,3100012,3300012
"RDMM",3.12803247583271,0.902402447230732,0.025,0.703501475684402,0.124,-31799.8841517704,65679.0026425144,100,2.5,TRUE,"",3,12,3100012,3300012
"DGMM",NA,-0.00104306886523984,0.493,0.0160628829934606,0.674,-34435.0121809276,70956.1664561078,20,1.52000000000001,TRUE,"",3,13,3100013,3300013
"RDMM",2.78519402982239,0.875971970182391,0.032,0.6997338267933,0.125,-32308.7972079573,66696.8287548883,144,3.59,TRUE,"",3,13,3100013,3300013
"DGMM",NA,0.718822720566807,0.076,0.291297174167699,0.504,-35776.9769887852,73640.0960718229,19,1.66,TRUE,"",3,14,3100014,3300014
"RDMM",3.11588597836973,0.861044956372323,0.036,0.521012070196965,0.251,-31707.2607361029,65493.7558111794,230,6.03,TRUE,"",3,14,3100014,3300014
"DGMM",NA,-0.00106689994779644,0.486,0.00197048689957708,0.7,-33261.3367603399,68608.8156149325,22,1.63,TRUE,"",3,15,3100015,3300015
"RDMM",2.84219061012512,0.857332276278064,0.037,0.704994466082864,0.123,-31721.1343039584,65521.5029468904,143,3.69,TRUE,"",3,15,3100015,3300015
"DGMM",NA,-0.000634271654709085,0.495,0.000393984668133276,0.73,-33816.6242482093,69719.3905906712,27,2.14,TRUE,"",3,16,3100016,3300016
"RDMM",2.7624768982012,0.879723647468111,0.031,0.705747289179125,0.122,-32116.5656229429,66312.3655848594,165,6.63,TRUE,"",3,16,3100016,3300016
"DGMM",NA,0.698594601378927,0.082,0.275300032640432,0.531,-36216.6847406267,74519.511575506,20,2.47,TRUE,"",3,17,3100017,3300017
"RDMM",2.87713120829551,0.868492377048417,0.034,0.690697808258306,0.13,-31826.4666961891,65732.1677313518,204,8.3,TRUE,"",3,17,3100017,3300017
"DGMM",NA,-0.000199804227248,0.488,0.00372029530233385,0.713,-33120.4632311318,68327.0685565163,26,3.07000000000001,TRUE,"",3,18,3100018,3300018
"RDMM",3.03032124939461,0.861044962841667,0.036,0.713751329674066,0.118,-31556.0073106094,65191.2489601925,100,4.05999999999999,TRUE,"",3,18,3100018,3300018
"DGMM",NA,0.00091333043224034,0.48,0.00197620603426808,0.729,-33176.6898385245,68439.5217713015,29,3.42,TRUE,"",3,19,3100019,3300019
"RDMM",3.10243179654933,0.898602511527835,0.026,0.734464326292656,0.11,-31750.1929609684,65579.6202609103,105,4.28999999999999,TRUE,"",3,19,3100019,3300019
"DGMM",NA,0.000319389676456631,0.483,0.00169126119535668,0.731,-33442.6613021389,68971.4646985304,28,3.33,TRUE,"",3,20,3100020,3300020
"RDMM",2.92530876030747,0.883483412452801,0.03,0.688931629168253,0.13,-31968.3554019832,66015.94514294,253,10.22,TRUE,"",3,20,3100020,3300020
"DGMM",NA,-1.94303049530872e-05,0.487,2.71560077042003e-05,0.72,-33589.6976026124,69265.5372994774,43,5.19,TRUE,"",3,21,3100021,3300021
"RDMM",3.03046589107695,0.846246340879526,0.04,0.663285828169127,0.143,-32103.3062096138,66285.8467582013,110,4.56,TRUE,"",3,21,3100021,3300021
"DGMM",NA,-0.000859573932108227,0.498,0.00198328659539729,0.718,-33609.2786565581,69304.6994073687,29,3.47,TRUE,"",3,22,3100022,3300022
"RDMM",2.87960553049712,0.883483434773537,0.03,0.6992712605527,0.127,-31737.7346612831,65554.7036615398,135,5.5,TRUE,"",3,22,3100022,3300022
"DGMM",NA,0.857333354206672,0.037,0.319411447160115,0.477,-35691.7322356432,73469.606565539,34,4.06,TRUE,"",3,23,3100023,3300023
"RDMM",3.13487105575866,0.906210134913752,0.024,0.700716203962056,0.126,-31800.06792216,65679.3701832936,140,5.63,TRUE,"",3,23,3100023,3300023
"DGMM",NA,-0.000423000754046587,0.492,4.78716568796263e-05,0.721,-33313.6461762187,68713.4344466899,27,3.28,TRUE,"",3,24,3100024,3300024
"RDMM",2.91177193461348,0.90621011773611,0.024,0.73790326730386,0.108,-31853.7551538564,65786.7446466864,135,5.33000000000001,TRUE,"",3,24,3100024,3300024
"DGMM",NA,0.646062002770769,0.098,0.285147867062519,0.526,-36768.237290352,75622.6166749566,17,2.14000000000001,TRUE,"",3,25,3100025,3300025
"RDMM",2.86124576850399,0.90621018518809,0.024,0.701757999226684,0.125,-32630.0905895741,67339.4155181219,224,8.91999999999999,TRUE,"",3,25,3100025,3300025
"DGMM",NA,-0.000726715171475195,0.497,0.00137971833680531,0.724,-33108.1077275106,68302.3575492739,25,3,TRUE,"",3,26,3100026,3300026
"RDMM",2.82415716751954,0.887251242845941,0.029,0.717372196178195,0.118,-31663.5475117357,65406.329362445,236,9.45999999999998,TRUE,"",3,26,3100026,3300026
"DGMM",NA,0.00111855100431253,0.479,0.00181379299827786,0.726,-34000.8501687663,70087.8424317852,26,3.14000000000001,TRUE,"",3,27,3100027,3300027
"RDMM",2.92273919072482,0.910025980683493,0.023,0.75603758863652,0.1,-32085.8293817742,66250.8931025221,130,3.03,TRUE,"",3,27,3100027,3300027
"DGMM",NA,0.00267104921591377,0.47,0.277895149823397,0.54,-34247.2312811666,70580.6046565857,22,1.41999999999999,TRUE,"",3,28,3100028,3300028
"RDMM",2.95516030580872,0.879723706126283,0.031,0.729129778447093,0.112,-32009.5048840877,66098.2441071489,162,4.58000000000001,TRUE,"",3,28,3100028,3300028
"DGMM",NA,0.386337975339305,0.189,0.206801425262468,0.516,-35419.7583572211,72925.6588086949,34,4.11999999999998,TRUE,"",3,29,3100029,3300029
"RDMM",3.08071238741538,0.883483431366305,0.03,0.698074757681683,0.127,-31917.822929475,65914.8801979237,132,5.36000000000001,TRUE,"",3,29,3100029,3300029
"DGMM",NA,0.00136221725351172,0.478,0.00248816930160723,0.708,-33591.0377375316,69268.2175693158,41,4.84999999999999,TRUE,"",3,30,3100030,3300030
"RDMM",2.92657455723353,0.906210119978046,0.024,0.730624080832254,0.111,-31873.9159593251,65827.0662576238,290,11.52,TRUE,"",3,30,3100030,3300030
"DGMM",NA,0.170566568561194,0.293,0.114722904274419,0.606,-36019.778435991,74125.6989662346,13,1.58000000000001,TRUE,"",3,31,3100031,3300031
"RDMM",2.92945100416294,0.902402403988997,0.025,0.743980019189836,0.104,-32079.2178988723,66237.6701367182,210,8.81999999999999,TRUE,"",3,31,3100031,3300031
"DGMM",NA,0.00746866630033384,0.451,0.0047890212119561,0.718,-32977.8762513617,68041.894596976,51,6.54999999999998,TRUE,"",3,32,3100032,3300032
"RDMM",3.13771605337216,0.90240034283655,0.025,0.745208619772009,0.105,-31379.5999349229,64838.4342088194,175,7.29999999999998,TRUE,"",3,32,3100032,3300032
"DGMM",NA,0.361845090607673,0.199,0.2210438959403,0.538,-35431.4217884366,72948.9856711259,38,4.67000000000002,TRUE,"",3,33,3100033,3300033
"RDMM",3.080794081233,0.933089033764637,0.017,0.749064928908999,0.103,-31909.199128715,65897.6325964036,100,4.22000000000003,TRUE,"",3,33,3100033,3300033
"DGMM",NA,0.000958713898389442,0.48,0.00506501317652563,0.704,-33109.1423869124,68304.4268680775,26,3.18000000000001,TRUE,"",3,34,3100034,3300034
"RDMM",3.01506842055103,0.90240231416323,0.025,0.726500980798833,0.114,-31434.2274874882,64947.68931395,144,5.94999999999999,TRUE,"",3,34,3100034,3300034
"DGMM",NA,-0.00107502112781836,0.489,-0.000574180431789365,0.728,-33542.8946557398,69171.9314057323,31,3.68000000000001,TRUE,"",3,35,3100035,3300035
"RDMM",2.8704181339995,0.906209865211721,0.024,0.72638444400413,0.113,-31836.0190641275,65751.2724672286,117,4.30000000000001,TRUE,"",3,35,3100035,3300035
"DGMM",NA,-0.000180477939485426,0.486,0.000839589148407544,0.727,-32964.4710055976,68015.0841054478,22,2.47000000000003,TRUE,"",3,36,3100036,3300036
"RDMM",3.13920534969359,0.89860261036488,0.026,0.718884102680324,0.116,-31358.0667405675,64795.3678201087,100,3.65999999999997,TRUE,"",3,36,3100036,3300036
"DGMM",NA,0.00071882305428565,0.481,0.00504942418689033,0.699,-33417.2351796949,68920.6124536424,23,3.05000000000001,TRUE,"",3,37,3100037,3300037
"RDMM",2.96002119967783,0.906210123654458,0.024,0.704543020150486,0.123,-31883.9664580608,65847.1672550953,134,4.92000000000002,TRUE,"",3,37,3100037,3300037
"DGMM",NA,0.00302318368189128,0.469,0.0194062988359263,0.677,-35009.4756778112,72105.093449875,19,2.13999999999999,TRUE,"",3,38,3100038,3300038
"RDMM",2.92379033041363,0.89860261535387,0.026,0.568435241248438,0.223,-32481.0879318076,67041.4102025888,144,5.28000000000003,TRUE,"",3,38,3100038,3300038
"DGMM",NA,-0.000848029398785278,0.498,0.000347648275028645,0.722,-34222.4006960225,70530.9434862976,42,3.94999999999999,TRUE,"",3,39,3100039,3300039
"RDMM",3.07085802180137,0.879723724660865,0.031,0.723145434398304,0.115,-32138.6722773599,66356.5788936933,238,6.35000000000002,TRUE,"",3,39,3100039,3300039
"DGMM",NA,-0.00126194710149396,0.498,-0.000825885587582444,0.729,-33408.8149013755,68903.7718970037,23,1.71999999999997,TRUE,"",3,40,3100040,3300040
"RDMM",3.09052377271354,0.891026931364929,0.028,0.699813123031054,0.125,-32044.5517159379,66168.3377708494,109,2.75,TRUE,"",3,40,3100040,3300040
"DGMM",NA,-2.34987299500664e-05,0.498,0.309503375998555,0.501,-35639.5105738798,73365.1632420123,23,1.69999999999999,TRUE,"",3,41,3100041,3300041
"RDMM",3.21700775927821,-2.34987299500664e-05,0.498,0.34265049417677,0.492,-32050.0775843775,66179.3895077287,102,2.56,TRUE,"",3,41,3100041,3300041
"DGMM",NA,-0.00139085025187702,0.493,0.000917631762563845,0.722,-32932.4054712395,67950.9530367317,21,1.58000000000004,TRUE,"",3,42,3100042,3300042
"RDMM",3.06928432754609,0.894810604648234,0.027,0.725130882094802,0.114,-31223.842344299,64526.9190275717,131,3.22999999999996,TRUE,"",3,42,3100042,3300042
"DGMM",NA,0.000544766226610159,0.482,0.00590393438911764,0.695,-32867.7268820817,67821.595858416,29,1.73,TRUE,"",3,43,3100043,3300043
"RDMM",3.1419140128463,0.868492480633109,0.034,0.669210462760079,0.14,-31559.6454912287,65198.5253214311,102,2.91,TRUE,"",3,43,3100043,3300043
"DGMM",NA,0.00163242547654271,0.473,0.00225509996824349,0.724,-33564.6356093687,69215.41331299,25,1.76,TRUE,"",3,44,3100044,3300044
"RDMM",2.93367263609545,0.89860261036488,0.026,0.731451960004413,0.11,-31947.2773631638,65973.7890653012,216,4.88,TRUE,"",3,44,3100044,3300044
"DGMM",NA,0.00478997652680228,0.463,0.00167265702710559,0.723,-34205.2503542607,70496.6428027739,43,2.89,TRUE,"",3,45,3100045,3300045
"RDMM",2.96374097674497,0.872228162165901,0.033,0.68986894664853,0.13,-31975.3868363095,66030.0080115925,129,3.18,TRUE,"",3,45,3100045,3300045
"DGMM",NA,0.00145135882768871,0.477,-0.000381076989303263,0.713,-33410.6632344983,68907.4685632493,31,2.24,TRUE,"",3,46,3100046,3300046
"RDMM",2.99107744824351,0.879723611370745,0.031,0.670559094297959,0.139,-31828.0311672124,65735.2966733985,113,2.53,TRUE,"",3,46,3100046,3300046
"DGMM",NA,-0.000583733786314902,0.493,0.00202518685670054,0.719,-33539.5008021684,69165.1436985894,32,2.03,TRUE,"",3,47,3100047,3300047
"RDMM",3.07957380395511,0.921521494092132,0.02,0.724895170383119,0.114,-31928.3937029849,65936.0217449434,239,5.67,TRUE,"",3,47,3100047,3300047
"DGMM",NA,-0.000703112469907215,0.499,0.000451188468950182,0.726,-32702.1074394666,67490.3569731857,41,2.97,TRUE,"",3,48,3100048,3300048
"RDMM",3.21099476934965,0.906210176101573,0.024,0.725313224605707,0.113,-31259.1633835387,64597.561106051,100,1.74,TRUE,"",3,48,3100048,3300048
"DGMM",NA,0.349883688609742,0.204,0.141868057593887,0.553,-34825.908203539,71737.9585013306,39,2.83000000000001,TRUE,"",3,49,3100049,3300049
"RDMM",3.23651873954525,0.87597201671148,0.032,0.668007311947394,0.14,-31488.0146893375,65055.2637176485,119,2.45,TRUE,"",3,49,3100049,3300049
"DGMM",NA,-0.000813619240301024,0.493,-0.000547815885494574,0.719,-33339.4488374928,68765.0397692382,17,1.25,TRUE,"",3,50,3100050,3300050
"RDMM",3.16245395837821,0.921521520962894,0.02,0.752185407741859,0.102,-31774.6249906194,65628.4843202124,157,4.56,TRUE,"",3,50,3100050,3300050
"DGMM",NA,-0.00020498448131408,0.488,0.00263389002272309,0.722,-33308.7945269025,68703.7311480575,23,1.61,TRUE,"",3,51,3100051,3300051
"RDMM",2.86909404865114,0.894810757800545,0.027,0.748697653346728,0.102,-31689.5940530901,65458.4224451539,145,4.2,TRUE,"",3,51,3100051,3300051
"DGMM",NA,0.00884973437219982,0.449,0.00276018074727193,0.701,-33060.9621875908,68208.0664694342,36,2.69,TRUE,"",3,52,3100052,3300052
"RDMM",3.00109414778651,0.883482762513835,0.03,0.716730259773352,0.118,-31505.2984254294,65089.8311898323,134,3.19,TRUE,"",3,52,3100052,3300052
"DGMM",NA,-0.000470728862224426,0.492,-0.000110222010264025,0.723,-32769.2944728104,67624.7310398735,25,1.88999999999999,TRUE,"",3,53,3100053,3300053
"RDMM",2.88501831334491,0.891026962560477,0.028,0.734419745988184,0.11,-31185.0867171751,64449.4077733239,123,3.06000000000001,TRUE,"",3,53,3100053,3300053
"DGMM",NA,0.000654742773097899,0.473,-0.000504772341241496,0.702,-33280.9519427352,68648.0459797229,42,3.02,TRUE,"",3,54,3100054,3300054
"RDMM",2.91155154940543,0.891023616945833,0.028,0.720063768560426,0.116,-31710.6938062941,65500.6219515618,191,4.17,TRUE,"",3,54,3100054,3300054
"DGMM",NA,-0.000242497428344,0.489,0.00504849884363919,0.693,-32727.4617322234,67541.0655586994,27,1.97,TRUE,"",3,55,3100055,3300055
"RDMM",3.07322485141504,0.913849860676788,0.022,0.741068143011327,0.107,-31240.1452348864,64559.5248087464,100,2.47000000000001,TRUE,"",3,55,3100055,3300055
"DGMM",NA,0.00173780099413991,0.475,0.00202229511150219,0.721,-33370.9478769548,68828.0378481622,21,1.48999999999999,TRUE,"",3,56,3100056,3300056
"RDMM",2.91554003221901,0.887251234755152,0.029,0.731936170744037,0.111,-31810.7564274838,65700.7471939412,210,5.97,TRUE,"",3,56,3100056,3300056
"DGMM",NA,4.0121078206763e-05,0.496,0.00368304957197139,0.709,-35850.7317769036,73787.6056480597,27,2.01000000000001,TRUE,"",3,57,3100057,3300057
"RDMM",3.10038485254484,4.0121078206763e-05,0.496,0.299330502611522,0.489,-31949.956787748,65979.1479144696,108,2.83,TRUE,"",3,57,3100057,3300057
"DGMM",NA,-0.000963821197682076,0.499,-0.000341007620844074,0.73,-33282.2040578741,68650.5502100007,21,1.53,TRUE,"",3,58,3100058,3300058
"RDMM",2.93332137068629,0.894810811063771,0.027,0.711235110076207,0.12,-31447.8133867782,64974.8611125301,242,7.41,TRUE,"",3,58,3100058,3300058
"DGMM",NA,-0.000710454269445254,0.497,-0.000684687286326281,0.736,-32865.7917832377,67817.7256607281,22,2.69,TRUE,"",3,59,3100059,3300059
"RDMM",3.21408488638751,0.92536931929657,0.019,0.718037513108001,0.117,-31509.7992850452,65098.832909064,100,4.12,TRUE,"",3,59,3100059,3300059
"DGMM",NA,0.241406453847866,0.254,0.157709533111775,0.599,-35721.6279502861,73529.3979948248,25,3,TRUE,"",3,60,3100060,3300060
"RDMM",2.97536414926864,0.913849811315375,0.022,0.72426529695086,0.114,-31868.5584549068,65816.3512487872,100,4.06999999999999,TRUE,"",3,60,3100060,3300060
"DGMM",NA,0.319788722848942,0.217,0.214385331609594,0.577,-35031.541433039,72149.2249603307,48,5.67,TRUE,"",3,61,3100061,3300061
"RDMM",3.02019445786715,0.902402321705046,0.025,0.735827427969378,0.108,-31477.8224555836,65034.8792501408,184,7.36,TRUE,"",3,61,3100061,3300061
"DGMM",NA,-7.74237482990762e-06,0.487,-0.000338137567453261,0.731,-34691.6332291387,71469.4085525301,36,4.39999999999999,TRUE,"",3,62,3100062,3300062
"RDMM",3.41283843472417,-7.74237482990762e-06,0.487,0.346829926976536,0.49,-31651.7881390198,65382.8106170132,116,4.86000000000001,TRUE,"",3,62,3100062,3300062
"DGMM",NA,0.00569489815760211,0.46,0.00788859171178188,0.683,-34189.5228407912,70465.187775835,22,2.62,TRUE,"",3,63,3100063,3300063
"RDMM",2.90026715731048,0.879723640780844,0.031,0.705723353738078,0.123,-32459.6268249429,66998.4879888595,100,4.06999999999999,TRUE,"",3,63,3100063,3300063
"DGMM",NA,-0.000557738137147635,0.499,0.00111702754970747,0.719,-34031.1655653089,70148.4732248705,21,2.56,TRUE,"",3,64,3100064,3300064
"RDMM",2.87819663360276,0.913849764216256,0.022,0.697109813668634,0.127,-32336.6541242557,66752.542587485,181,7.35999999999999,TRUE,"",3,64,3100064,3300064
"DGMM",NA,0.00394258943215838,0.466,0.00375346640109784,0.688,-33090.8240247137,68267.7901436799,23,2.78,TRUE,"",3,65,3100065,3300065
"RDMM",3.13919439914536,0.879723640780844,0.031,0.741764866828133,0.107,-31539.2058061992,65157.6459513721,147,5.88999999999999,TRUE,"",3,65,3100065,3300065
"DGMM",NA,-0.00065765658134891,0.498,0.0069905844670968,0.704,-34593.7454322965,71273.6329588455,26,3.13999999999999,TRUE,"",3,66,3100066,3300066
"RDMM",3.0886423373918,0.898602536926373,0.026,0.732761907106151,0.11,-31816.4857530565,65712.2058450866,235,9.35999999999999,TRUE,"",3,66,3100066,3300066
"DGMM",NA,0.00139809771854396,0.476,0.0047216302592242,0.7,-33983.4328925453,70053.0078793433,26,3.10999999999999,TRUE,"",3,67,3100067,3300067
"RDMM",2.73214516018936,0.887251262085965,0.029,0.701219061394608,0.124,-32098.9421443969,66277.1186277673,108,4.39000000000001,TRUE,"",3,67,3100067,3300067
"DGMM",NA,0.00212929135725693,0.472,0.00487509481106943,0.7,-33250.696107018,68587.5343082886,24,2.85999999999999,TRUE,"",3,68,3100068,3300068
"RDMM",3.14506350387437,0.90621021069739,0.024,0.785649976439817,0.086,-31790.9070608569,65661.0484606874,134,5.38,TRUE,"",3,68,3100068,3300068
"DGMM",NA,0.0362663730255696,0.403,0.0405688941082196,0.652,-35805.8526350127,73697.847364278,53,6.38,TRUE,"",3,69,3100069,3300069
"RDMM",2.89599548833519,0.864764752081391,0.035,0.57636002428119,0.192,-31991.8325607173,66062.8994604082,126,5,TRUE,"",3,69,3100069,3300069
"DGMM",NA,-0.000431945098877573,0.488,-0.00106646066746353,0.726,-33148.4727582022,68383.0876106569,29,3.53,TRUE,"",3,70,3100070,3300070
"RDMM",2.90917833730877,0.913849850297347,0.022,0.711855581073835,0.12,-31508.3456069629,65095.9255528995,105,3.19999999999999,TRUE,"",3,70,3100070,3300070
"DGMM",NA,0.824288653144964,0.046,0.297138395250705,0.49,-35336.4028503061,72758.9477948647,13,0.870000000000005,TRUE,"",3,71,3100071,3300071
"RDMM",3.191586228739,0.8948108116304,0.027,0.698990449277256,0.125,-31659.8231103661,65398.8805597058,127,2.82999999999998,TRUE,"",3,71,3100071,3300071
"DGMM",NA,-0.00101250765020311,0.488,-0.00044033203255057,0.717,-33862.4244980404,69810.9910903334,21,1.66,TRUE,"",3,72,3100072,3300072
"RDMM",2.99058428204614,0.887251149574033,0.029,0.741550461216145,0.105,-32077.5130381215,66234.2604152166,160,6.44999999999999,TRUE,"",3,72,3100072,3300072
"DGMM",NA,-0.00302081324179428,0.484,0.248827250547765,0.536,-32669.8086037072,67425.759301667,39,4.69999999999999,TRUE,"",3,73,3100073,3300073
"RDMM",3.49571973215786,0.000838411133381852,0.456,0.28040461185352,0.515,-30831.793786206,63742.8219113857,101,4.14000000000001,TRUE,"",3,73,3100073,3300073
"DGMM",NA,-0.000720170724003111,0.498,-0.00098125388646724,0.736,-33712.1145680273,69510.3712303072,23,2.73000000000002,TRUE,"",3,74,3100074,3300074
"RDMM",2.89785324650379,0.925369333295424,0.019,0.725725331034034,0.114,-32133.4802496236,66346.1948382208,123,4.97,TRUE,"",3,74,3100074,3300074
"DGMM",NA,-0.000556459200312817,0.492,0.241686270099445,0.535,-34034.9492845817,70156.040663416,22,2.67000000000002,TRUE,"",3,75,3100075,3300075
"RDMM",3.39311059057477,-7.74237482990762e-06,0.487,0.321387061277147,0.503,-32019.873679974,66118.9816989216,113,4.59,TRUE,"",3,75,3100075,3300075
"DGMM",NA,0.359356605093657,0.2,0.180728984036402,0.533,-35486.7779353935,73059.6979650395,25,3.09,TRUE,"",3,76,3100076,3300076
"RDMM",2.95528562273852,0.910026026242396,0.023,0.743016167270654,0.105,-32148.3952737254,66376.0248864245,132,5.61000000000001,TRUE,"",3,76,3100076,3300076
"DGMM",NA,0.210964420495657,0.27,0.177706967115536,0.592,-35490.0032621018,73066.1486184561,20,2.78,TRUE,"",3,77,3100077,3300077
"RDMM",3.12137758311159,0.910025965658738,0.023,0.726289334905067,0.113,-31589.6638912504,65258.5621214744,300,12.44,TRUE,"",3,77,3100077,3300077
"DGMM",NA,0.000585657246152318,0.482,0.00139113206314068,0.711,-32468.6003738292,67023.342841911,22,2.67000000000002,TRUE,"",3,78,3100078,3300078
"RDMM",3.16347804810055,0.906210150359189,0.024,0.765265662946501,0.095,-30839.3679629635,63757.9702649007,105,4.43000000000001,TRUE,"",3,78,3100078,3300078
"DGMM",NA,0.0059475575986741,0.458,0.00168302103926856,0.709,-33580.2934156909,69246.7289256345,21,2.56,TRUE,"",3,79,3100079,3300079
"RDMM",2.85363677275429,0.887251225702721,0.029,0.665268453999787,0.144,-31879.0117123285,65837.2577636306,100,4.20999999999998,TRUE,"",3,79,3100079,3300079
"DGMM",NA,-0.000566741375793886,0.49,0.00265275429600862,0.712,-33439.956536687,68966.0551676265,21,2.54999999999995,TRUE,"",3,80,3100080,3300080
"RDMM",2.98328316971506,0.891027023489231,0.028,0.689589625537793,0.13,-31828.2213705529,65735.6770800794,138,5.23999999999995,TRUE,"",3,80,3100080,3300080
"DGMM",NA,-0.000567401749454828,0.495,-0.00155244528382363,0.731,-33155.6672287411,68397.4765517348,29,3.20999999999998,TRUE,"",3,81,3100081,3300081
"RDMM",3.11066199638429,0.891026967681116,0.028,0.706495595519207,0.122,-31550.4752725482,65180.1848840701,118,4.31,TRUE,"",3,81,3100081,3300081
"DGMM",NA,0.357055015342938,0.201,0.225768840086965,0.59,-35384.8414705433,72855.8250353391,37,4.50999999999999,TRUE,"",3,82,3100082,3300082
"RDMM",2.90459372037151,0.85733320673455,0.037,0.68411516539496,0.132,-31882.6982703441,65844.6308796619,134,4.92000000000002,TRUE,"",3,82,3100082,3300082
"DGMM",NA,0.00111371855769514,0.475,0.000896602562285767,0.722,-33846.1035209894,69778.3491362314,25,2.78000000000003,TRUE,"",3,83,3100083,3300083
"RDMM",2.76457832326236,0.861044735665775,0.036,0.725466085727472,0.112,-32045.2991500019,66169.8326389773,163,5.73000000000002,TRUE,"",3,83,3100083,3300083
"DGMM",NA,0.0010145677276792,0.473,0.211656100690588,0.558,-33378.459506943,68843.0611081386,18,1.2,TRUE,"",3,84,3100084,3300084
"RDMM",2.99425931416053,0.853627808397661,0.038,0.674889052688405,0.136,-31752.5463267348,65584.3269924433,186,4.81,TRUE,"",3,84,3100084,3300084
"DGMM",NA,0.432409814406031,0.171,0.205670971254609,0.5,-35342.9032664635,72771.9486271796,20,1.14,TRUE,"",3,85,3100085,3300085
"RDMM",2.99179599713266,0.906210211166527,0.024,0.695570881471558,0.129,-31503.230607053,65085.6955530796,121,2.78,TRUE,"",3,85,3100085,3300085
"DGMM",NA,0.708674633599847,0.079,0.246395615051216,0.507,-35658.7666726736,73403.6754395997,12,0.779999999999999,TRUE,"",3,86,3100086,3300086
"RDMM",3.12695745197306,0.887251156081381,0.029,0.625025008874664,0.169,-31696.0018543195,65471.2380476126,139,3.27,TRUE,"",3,86,3100086,3300086
"DGMM",NA,0.315092821054331,0.219,0.157595848427596,0.52,-34902.5068267543,71891.1557477612,29,2.16,TRUE,"",3,87,3100087,3300087
"RDMM",3.0287552894371,0.883483112929332,0.03,0.740614749256005,0.106,-31717.7816591484,65514.7976572703,107,2.66,TRUE,"",3,87,3100087,3300087
"DGMM",NA,0.000737339245680709,0.48,-0.000717999807237307,0.724,-33737.5035804701,69561.1492551928,25,1.74,TRUE,"",3,88,3100088,3300088
"RDMM",2.88208099560688,0.883483445807812,0.03,0.687925691725114,0.131,-31853.922921073,65787.0801811196,180,4.2,TRUE,"",3,88,3100088,3300088
"DGMM",NA,0.403908555999085,0.182,0.209777266025383,0.553,-35163.7969295391,72413.7359533309,39,2.7,TRUE,"",3,89,3100089,3300089
"RDMM",3.01343257100055,0.902402396534817,0.025,0.716200951620965,0.117,-31673.6482720959,65426.5308831654,100,2.58,TRUE,"",3,89,3100089,3300089
"DGMM",NA,0.411594093377179,0.179,0.199344347642555,0.578,-35264.4894963456,72615.1210869437,26,1.89,TRUE,"",3,90,3100090,3300090
"RDMM",3.07003072885859,0.906210172913849,0.024,0.737162294715809,0.108,-31342.8424590608,64764.9192570952,122,2.52,TRUE,"",3,90,3100090,3300090
"DGMM",NA,0.00188387471453624,0.471,7.52901753572282e-05,0.724,-32857.3682517862,67800.878597825,21,1.41,TRUE,"",3,91,3100091,3300091
"RDMM",3.25762345273558,0.917681565875103,0.021,0.737513440706213,0.108,-31309.3191659973,64697.8726709683,142,3.29,TRUE,"",3,91,3100091,3300091
"DGMM",NA,0.00011715118186916,0.485,0.00355075926396704,0.706,-33361.1049405734,68808.3519753993,29,2.08,TRUE,"",3,92,3100092,3300092
"RDMM",2.92517398680443,0.875971927232431,0.032,0.67903288752609,0.135,-31850.4953965889,65780.2251321513,122,3.62,TRUE,"",3,92,3100092,3300092
"DGMM",NA,0.795458016271695,0.054,0.313253718256203,0.5,-35889.1357288378,73864.4135519281,23,1.75,TRUE,"",3,93,3100093,3300093
"RDMM",2.90622436307145,0.891026941595729,0.028,0.723457238445232,0.113,-31813.6086692051,65706.4516773837,138,3.67,TRUE,"",3,93,3100093,3300093
"DGMM",NA,-0.00104803705913673,0.499,0.00317373746912861,0.715,-33696.2926035464,69478.7273013453,25,2.19,TRUE,"",3,94,3100094,3300094
"RDMM",2.9045614872896,0.879723706126283,0.031,0.670600092489208,0.14,-32001.0960970843,66081.4265331422,207,5.16,TRUE,"",3,94,3100094,3300094
"DGMM",NA,-0.000567162130612401,0.494,0.00595936196000865,0.702,-33434.7386851077,68955.6194644679,31,2.23,TRUE,"",3,95,3100095,3300095
"RDMM",3.02220243574735,0.917681622523367,0.021,0.731829479553804,0.111,-31849.54274153,65778.3198220335,118,2.92999999999999,TRUE,"",3,95,3100095,3300095
"DGMM",NA,-0.00011976960188214,0.489,0.023398850786423,0.675,-34069.0969817974,70224.3360578474,14,1.05,TRUE,"",3,96,3100096,3300096
"RDMM",3.04435636307403,0.902402315796769,0.025,0.44698994852286,0.491,-32335.4222341628,66750.0788072991,100,2.45,TRUE,"",3,96,3100096,3300096
"DGMM",NA,-0.000665636490222505,0.492,0.00410231971282013,0.706,-34867.9537955179,71822.0496852883,40,2.45,TRUE,"",3,97,3100097,3300097
"RDMM",2.79747604755737,0.90621018630229,0.024,0.418171654738835,0.399,-32351.9883341552,66783.2110072841,129,3.17,TRUE,"",3,97,3100097,3300097
"DGMM",NA,-0.00113226465278801,0.499,-0.00189925437454891,0.735,-33396.7000098223,68879.5421138973,24,1.8,TRUE,"",3,98,3100098,3300098
"RDMM",2.96947755764113,0.90240234578252,0.025,0.737840574177485,0.107,-31827.2500666177,65733.734472209,100,2.34,TRUE,"",3,98,3100098,3300098
"DGMM",NA,0.827927931916961,0.045,0.28634483997184,0.505,-35362.4513364776,72811.0447672079,22,1.94,TRUE,"",3,99,3100099,3300099
"RDMM",3.07170208254192,0.933089041003355,0.017,0.73479178036613,0.11,-31081.1800209339,64241.5943808414,133,3.7,TRUE,"",3,99,3100099,3300099
"DGMM",NA,0.00113948167223294,0.479,0.00132831734773965,0.707,-33476.945467384,69040.0330290206,30,2.17,TRUE,"",3,100,3100100,3300100
"RDMM",3.15583950355573,0.91768163397337,0.021,0.731576437738124,0.111,-31940.0227896635,65959.2799183005,110,2.48999999999999,TRUE,"",3,100,3100100,3300100
"DGMM",NA,0.259495715129707,0.245,0.115886081199475,0.593,-33980.3337176779,70046.8095296084,48,3.55,TRUE,"",3,101,3100101,3300101
"RDMM",3.18423293088716,0.891027051073555,0.028,0.721081069850201,0.115,-31139.7229468736,64358.6802327209,100,3.19,TRUE,"",3,101,3100101,3300101
"DGMM",NA,-0.00068908927461954,0.498,0.00125517308749205,0.719,-33707.5400687132,69501.2222316789,20,2.45999999999999,TRUE,"",3,102,3100102,3300102
"RDMM",2.86286580957402,0.891027006837999,0.028,0.713565061084425,0.118,-32014.45869453,66108.1517280336,100,4.06,TRUE,"",3,102,3100102,3300102
"DGMM",NA,0.00413963485640965,0.465,0.00138038559637582,0.712,-33315.8205332505,68717.7831607535,21,2.65000000000001,TRUE,"",3,103,3100103,3300103
"RDMM",3.05608379043655,0.902402345813814,0.025,0.721460470330194,0.115,-31751.6275804979,65582.4894999694,110,4.34999999999999,TRUE,"",3,103,3100103,3300103
"DGMM",NA,0.000438314008563599,0.481,0.0014044808933487,0.721,-33210.2005908164,68506.5432758854,19,2.33,TRUE,"",3,104,3100104,3300104
"RDMM",3.21676818308326,0.902402402637106,0.025,0.740649653754728,0.106,-31879.5179272552,65838.2701934841,100,4.04000000000001,TRUE,"",3,104,3100104,3300104
"DGMM",NA,0.556089349875695,0.127,0.219124414580734,0.522,-35996.2817146794,74078.7055236115,18,2.17,TRUE,"",3,105,3100105,3300105
"RDMM",3.09251285075847,0.894810705832422,0.027,0.731357924962984,0.11,-31664.6037577012,65408.4418543761,100,4,TRUE,"",3,105,3100105,3300105
"DGMM",NA,0.216310041171803,0.267,0.175407881567027,0.532,-35563.4868827799,73213.1158598124,17,2.05,TRUE,"",3,106,3100106,3300106
"RDMM",3.15562624744078,0.929225235426993,0.018,0.742655005953743,0.106,-31681.6766313871,65442.5876017478,125,5.02999999999999,TRUE,"",3,106,3100106,3300106
"DGMM",NA,-0.000390292244517172,0.49,0.00176728663791004,0.717,-33403.0167935664,68892.1756813854,20,2.47,TRUE,"",3,107,3100107,3300107
"RDMM",3.0125075785117,0.894810795420739,0.027,0.734342866804075,0.109,-31758.2749702631,65595.7842794998,131,5.29999999999998,TRUE,"",3,107,3100107,3300107
"DGMM",NA,0.242895200198913,0.253,0.196128901773598,0.584,-35114.3719109131,72314.8859160787,31,3.73999999999998,TRUE,"",3,108,3100108,3300108
"RDMM",3.06152811152621,0.910025338405371,0.023,0.685519229209394,0.132,-31544.6965765639,65168.6274921013,133,5.35999999999999,TRUE,"",3,108,3100108,3300108
"DGMM",NA,-0.00055474139434591,0.492,-0.000975623527982103,0.741,-32674.7414025782,67435.6248994089,24,2.87,TRUE,"",3,109,3100109,3300109
"RDMM",2.94753917071852,0.929225156559796,0.018,0.727473039258562,0.113,-31326.0325603324,64731.2994596384,183,7.53,TRUE,"",3,109,3100109,3300109
"DGMM",NA,-0.00010043346644735,0.486,-0.000203143806608582,0.729,-33396.413803714,68878.9697016806,22,2.69,TRUE,"",3,110,3100110,3300110
"RDMM",2.96600562052438,0.933089102122622,0.017,0.791009593502488,0.084,-31799.9508631683,65679.1360653102,181,7.17000000000002,TRUE,"",3,110,3100110,3300110
"DGMM",NA,-0.000212481935445246,0.487,-0.000409495960476989,0.726,-33685.5713980663,69457.2848903852,24,2.91,TRUE,"",3,111,3100111,3300111
"RDMM",2.89207184998048,0.90621020160336,0.024,0.718271213572786,0.116,-32050.8975842748,66181.0295075232,141,5.65000000000001,TRUE,"",3,111,3100111,3300111
"DGMM",NA,-0.00108804408261988,0.493,0.00101044642165683,0.71,-33184.025617435,68454.1933291227,18,2.20000000000002,TRUE,"",3,112,3100112,3300112
"RDMM",2.96949027024079,0.906210130082541,0.024,0.713969256007489,0.118,-31674.4065445767,65428.0474281271,167,6.72,TRUE,"",3,112,3100112,3300112
"DGMM",NA,0.464526743433868,0.159,0.18035578447018,0.557,-34560.5467812936,71207.2356568398,17,2.06999999999999,TRUE,"",3,113,3100113,3300113
"RDMM",3.03745727086809,0.879723139673373,0.031,0.691701250446292,0.129,-31329.8863402105,64739.0070193946,100,4.10999999999999,TRUE,"",3,113,3100113,3300113
"DGMM",NA,0.000197553813358045,0.485,0.000286905784991963,0.731,-33759.9969002599,69606.1358947725,26,3.09,TRUE,"",3,114,3100114,3300114
"RDMM",2.87729379917638,0.887251154931749,0.029,0.706637505886305,0.122,-32154.1779040704,66387.5901471144,125,5.09,TRUE,"",3,114,3100114,3300114
"DGMM",NA,-0.00205619469276986,0.495,0.2660362200295,0.553,-33690.488674448,69467.1194431485,25,3,TRUE,"",3,115,3100115,3300115
"RDMM",2.94537423337313,0.875967185714019,0.032,0.740629938136737,0.105,-32096.4538348512,66272.142008676,152,4.90000000000001,TRUE,"",3,115,3100115,3300115
"DGMM",NA,-0.000856159408924961,0.5,-0.00167867677638975,0.731,-33520.9642206513,69128.0705355552,28,1.66,TRUE,"",3,116,3100116,3300116
"RDMM",3.0191422550217,0.864764749661794,0.035,0.720640039907019,0.114,-32072.1063357664,66223.4470105064,119,2.72,TRUE,"",3,116,3100116,3300116
"DGMM",NA,0.000491585179282995,0.484,0.00414346607575733,0.711,-33442.8558909323,68971.8538761172,16,1.63999999999999,TRUE,"",3,117,3100117,3300117
"RDMM",2.96389776670067,0.913849813249006,0.022,0.754797466660917,0.1,-31511.3176163584,65101.8695716905,135,5.53999999999999,TRUE,"",3,117,3100117,3300117
"DGMM",NA,-0.000376432496179465,0.483,0.00400423960752839,0.698,-33100.7700426646,68287.6821795817,30,3.63,TRUE,"",3,118,3100118,3300118
"RDMM",3.16214841250634,0.86476449971429,0.035,0.714639241635117,0.117,-31668.7832822556,65416.8009034849,100,4,TRUE,"",3,118,3100118,3300118
"DGMM",NA,0.427195026135663,0.173,0.220007291441988,0.551,-35524.3271197326,73134.7963337179,34,4.10999999999999,TRUE,"",3,119,3100119,3300119
"RDMM",2.93205475852028,0.925369340660973,0.019,0.755096836944793,0.101,-32041.6226367823,66162.4796125381,100,4.03,TRUE,"",3,119,3100119,3300119
"DGMM",NA,-0.000572430560280232,0.492,-2.84173811108589e-05,0.721,-33408.9768543461,68904.0958029448,20,2.41999999999999,TRUE,"",3,120,3100120,3300120
"RDMM",2.97199030000932,0.898602585616622,0.026,0.688321005328634,0.131,-31850.7661112954,65780.7665615643,100,4.05000000000001,TRUE,"",3,120,3100120,3300120
"DGMM",NA,-0.000820321250378321,0.486,-0.000420209403793865,0.734,-33407.6913651129,68901.5248244783,29,3.61000000000001,TRUE,"",3,121,3100121,3300121
"RDMM",2.95908686665441,0.891026528840125,0.028,0.727679481596699,0.112,-31814.2293105731,65707.6929601197,100,4.28,TRUE,"",3,121,3100121,3300121
"DGMM",NA,-0.000906732935345606,0.499,0.000228392582277116,0.717,-33487.081727866,69060.3055499846,34,4.37,TRUE,"",3,122,3100122,3300122
"RDMM",2.80509975628128,0.894810803434505,0.027,0.697410362180589,0.126,-31689.3409737872,65457.9162865479,114,4.86999999999998,TRUE,"",3,122,3100122,3300122
"DGMM",NA,0.000389097610761413,0.481,-0.000182752076611563,0.724,-33776.5883486117,69639.318791476,20,2.56999999999999,TRUE,"",3,123,3100123,3300123
"RDMM",2.9461148168615,0.879723731695212,0.031,0.716960723559896,0.117,-32230.1005321213,66539.4354032162,202,8.34000000000003,TRUE,"",3,123,3100123,3300123
"DGMM",NA,0.00157948740777394,0.474,0.000664725005387686,0.731,-33646.9770493778,69380.0961930083,23,2.92000000000002,TRUE,"",3,124,3100124,3300124
"RDMM",2.84417390290983,0.894810767008287,0.027,0.725645444204304,0.113,-31949.6989720148,65978.6322830033,135,5.57999999999998,TRUE,"",3,124,3100124,3300124
"DGMM",NA,0.000219147928379209,0.489,0.208528334852795,0.535,-37121.2100109066,76328.5621160658,23,3.06,TRUE,"",3,125,3100125,3300125
"RDMM",3.17020865863932,0.000302316133438529,0.488,0.271661667426481,0.508,-32574.1772068597,67227.588752693,104,4.15000000000003,TRUE,"",3,125,3100125,3300125
"DGMM",NA,0.419162448905666,0.176,0.199320243569214,0.572,-35464.2370946855,73014.6162836236,17,1.16,TRUE,"",3,126,3100126,3300126
"RDMM",2.9419747129871,0.891026784401791,0.028,0.69108658666863,0.13,-31645.9325384695,65371.0994159127,186,4.79,TRUE,"",3,126,3100126,3300126
"DGMM",NA,-7.53068459728665e-05,0.488,0.00091164878867647,0.73,-33692.8492142561,69471.8405227648,54,3.14,TRUE,"",3,127,3100127,3300127
"RDMM",3.08507545327116,0.891026922187606,0.028,0.50466948938064,0.27,-31985.2492198744,66049.7327787224,155,3.74,TRUE,"",3,127,3100127,3300127
"DGMM",NA,-0.00142823611584363,0.484,-0.00103115867735157,0.721,-33041.3649292416,68168.8719527358,40,2.72,TRUE,"",3,128,3100128,3300128
"RDMM",3.0080401652037,0.902399830219984,0.025,0.729808487607636,0.111,-31435.6025264433,64950.4393918602,100,2.49,TRUE,"",3,128,3100128,3300128
"DGMM",NA,-0.000263464939895125,0.49,-7.62419937367448e-05,0.725,-33655.7113764187,69397.56484709,22,1.57,TRUE,"",3,129,3100129,3300129
"RDMM",2.83726663090912,0.910025959219556,0.023,0.741991758970437,0.106,-31986.7482852006,66052.7309093748,125,3.04,TRUE,"",3,129,3100129,3300129
"DGMM",NA,0.284434940019226,0.233,0.201862639025511,0.502,-34923.4814884709,71933.1050711944,9,0.669999999999998,TRUE,"",3,130,3100130,3300130
"RDMM",3.39658954868917,0.894810810416194,0.027,0.73394015841041,0.11,-31345.8434883271,64770.9213156278,100,2.42,TRUE,"",3,130,3100130,3300130
"DGMM",NA,0.526636705595353,0.137,0.250345225330148,0.471,-35102.7091239302,72291.5603421131,27,1.83,TRUE,"",3,131,3100131,3300131
"RDMM",3.192588868709,0.917681625922999,0.021,0.735973701755337,0.109,-31856.101522061,65791.4373830956,100,2.57,TRUE,"",3,131,3100131,3300131
"DGMM",NA,0.0060300119452772,0.459,0.0139769418572127,0.68,-33499.4245022748,69084.9910988023,25,1.59,TRUE,"",3,132,3100132,3300132
"RDMM",3.13651792404004,0.929225158847284,0.018,0.705633344108684,0.124,-31877.5547767016,65834.3438923769,133,3.32,TRUE,"",3,132,3100132,3300132
"DGMM",NA,0.861045106617317,0.036,0.324696448831022,0.467,-35466.2197632583,73018.5816207692,25,1.66,TRUE,"",3,133,3100133,3300133
"RDMM",2.9282680671043,0.906210125968568,0.024,0.709403437074381,0.121,-31910.8127717855,65900.8598825447,120,2.83,TRUE,"",3,133,3100133,3300133
"DGMM",NA,-0.000509671268590896,0.497,0.00200882334905108,0.72,-34286.770752322,70659.6835988966,19,1.27,TRUE,"",3,134,3100134,3300134
"RDMM",2.79673923715451,0.894810705832422,0.027,0.712691918620177,0.119,-32557.3430112011,67193.9203613757,145,4.14,TRUE,"",3,134,3100134,3300134
"DGMM",NA,0.76714338169261,0.062,0.279043292629092,0.455,-34795.5508174315,71677.2437291156,20,1.55,TRUE,"",3,135,3100135,3300135
"RDMM",3.18674202574707,0.917681641891766,0.021,0.725541327430951,0.114,-31182.8423504784,64444.9190399305,100,2.58,TRUE,"",3,135,3100135,3300135
"DGMM",NA,0.0103324865626521,0.446,0.0014476060421915,0.719,-34028.2356256758,70142.6133456043,34,2.84,TRUE,"",3,136,3100136,3300136
"RDMM",2.91365618845384,0.89102659940797,0.028,0.702007428962726,0.124,-32478.6590014975,67036.5523419686,107,2.83,TRUE,"",3,136,3100136,3300136
"DGMM",NA,0.000144971917465001,0.481,-0.000640661228738915,0.725,-33465.8643176931,69017.8707296388,33,2.35,TRUE,"",3,137,3100137,3300137
"RDMM",2.79296375213037,0.90621006032088,0.024,0.714195766295435,0.119,-31873.8575844271,65826.9495078278,100,2.53,TRUE,"",3,137,3100137,3300137
"DGMM",NA,0.000235027419727185,0.484,0.0632129967261761,0.639,-36609.0534779487,75304.24905015,20,1.51,TRUE,"",3,138,3100138,3300138
"RDMM",3.23429847395177,0.000235027419727185,0.484,0.241540991580514,0.532,-32039.0531802679,66157.3406995094,125,3.16,TRUE,"",3,138,3100138,3300138
"DGMM",NA,0.00513292748461032,0.462,0.00335266359348099,0.705,-33796.8150608826,69679.7722160179,24,1.78,TRUE,"",3,139,3100139,3300139
"RDMM",3.12872864977775,0.910025937669061,0.023,0.705498213513758,0.123,-31673.0278857598,65425.2901104932,132,3.19999999999999,TRUE,"",3,139,3100139,3300139
"DGMM",NA,8.79884268809631e-05,0.485,0.00516825454229512,0.723,-33793.2441369167,69672.6303680861,29,2.08000000000001,TRUE,"",3,140,3100140,3300140
"RDMM",2.83378410912306,0.864764699318533,0.035,0.675309938050378,0.136,-32230.0773267179,66539.3889924095,150,3.72,TRUE,"",3,140,3100140,3300140
"DGMM",NA,-0.00100394048296006,0.499,0.000544970047477532,0.726,-34435.183027697,70956.5081496467,23,1.78,TRUE,"",3,141,3100141,3300141
"RDMM",2.80360017576026,0.838894894801912,0.042,0.633701429334669,0.157,-32810.1511957011,67699.5367303759,200,5.33,TRUE,"",3,141,3100141,3300141
"DGMM",NA,0.000409198531501916,0.481,0.216658341393337,0.522,-33002.336182813,68090.8144598786,20,1.34,TRUE,"",3,142,3100142,3300142
"RDMM",3.01577531328739,0.906210214960216,0.024,0.743628242498922,0.105,-31445.8822678797,64970.998874733,156,3.55,TRUE,"",3,142,3100142,3300142
"DGMM",NA,-4.42473590092633e-05,0.488,0.000579952451296084,0.723,-33756.2715298941,69598.6851540408,77,6.45,TRUE,"",3,143,3100143,3300143
"RDMM",3.00441353803636,0.902402319026293,0.025,0.76147153573494,0.097,-31979.8007022078,66038.8357433892,125,5.11,TRUE,"",3,143,3100143,3300143
"DGMM",NA,-0.000447908245130043,0.494,0.000285337471311057,0.727,-33586.9215704886,69259.9852352297,18,2.19,TRUE,"",3,144,3100144,3300144
"RDMM",2.90525747501173,0.879723615258155,0.031,0.731794900755035,0.11,-31685.9706498509,65451.1756386755,289,11.39,TRUE,"",3,144,3100144,3300144
"DGMM",NA,0.00079442080200561,0.48,0.000195515788097656,0.731,-33783.9900985355,69654.1222913236,87,10.36,TRUE,"",3,145,3100145,3300145
"RDMM",2.74664164313982,0.906210119978046,0.024,0.712216425264458,0.121,-31671.5993775181,65422.4330940098,300,11.99,TRUE,"",3,145,3100145,3300145
"DGMM",NA,0.391339525473332,0.187,0.176582454835953,0.539,-34779.303166271,71644.7484267946,20,2.41,TRUE,"",3,146,3100146,3300146
"RDMM",3.10349236308161,0.894810709205225,0.027,0.727647429378836,0.112,-31391.4621041836,64862.1585473408,217,8.69,TRUE,"",3,146,3100146,3300146
"DGMM",NA,0.0017041957586365,0.475,0.00113161879002729,0.714,-33074.9685616032,68236.079217459,21,2.71000000000001,TRUE,"",3,147,3100147,3300147
"RDMM",2.82883322489258,0.906210168258568,0.024,0.688847822001079,0.131,-31479.3516912205,65037.9377214146,100,4.06999999999999,TRUE,"",3,147,3100147,3300147
"DGMM",NA,-0.00173737410054217,0.498,-0.000407658272498287,0.724,-33670.6223472576,69427.3867887677,25,3.07999999999998,TRUE,"",3,148,3100148,3300148
"RDMM",3.03907118250459,0.864764418410256,0.035,0.662926054990797,0.143,-31877.4249928547,65834.084324683,112,4.47,TRUE,"",3,148,3100148,3300148
"DGMM",NA,-0.00122538339844255,0.488,-0.00147468570188726,0.726,-33394.1631772307,68874.468448714,22,2.62,TRUE,"",3,149,3100149,3300149
"RDMM",3.03904784928413,0.883483069486869,0.03,0.749867134032789,0.101,-31941.2488139598,65961.7319668932,124,4.94999999999999,TRUE,"",3,149,3100149,3300149
"DGMM",NA,0.401294516006528,0.183,0.249432511553304,0.581,-35880.1963606707,73846.534815594,30,3.59,TRUE,"",3,150,3100150,3300150
"RDMM",2.89703337487218,0.879723597834228,0.031,0.722817310272631,0.115,-32201.6101217824,66482.4545825384,208,8.25,TRUE,"",3,150,3100150,3300150
"DGMM",NA,0.0043218831724903,0.465,0.00545289743718862,0.689,-33215.2098241906,68516.5617426339,21,2.64000000000001,TRUE,"",3,151,3100151,3300151
"RDMM",3.1814510822972,0.853629493335652,0.038,0.551122432210611,0.212,-31994.2460771599,66067.7264932934,141,5.66,TRUE,"",3,151,3100151,3300151
"DGMM",NA,0.685271925849069,0.086,0.277547062617376,0.507,-35664.0223803741,73414.1868550009,33,3.96000000000001,TRUE,"",3,152,3100152,3300152
"RDMM",2.95580008911069,0.864764679025115,0.035,0.706925371167914,0.122,-31449.5265724092,64978.2874837921,136,5.5,TRUE,"",3,152,3100152,3300152
"DGMM",NA,0.209078767581503,0.271,0.115502409430564,0.622,-35560.5084272209,73207.1589486945,56,5.76999999999998,TRUE,"",3,153,3100153,3300153
"RDMM",2.95713743190169,0.89860261535387,0.026,0.753869648127679,0.1,-32130.3850714517,66340.004481877,113,2.34,TRUE,"",3,153,3100153,3300153
"DGMM",NA,-0.00125860957532102,0.495,-0.00205011391023355,0.737,-33640.9535307349,69368.0491557224,21,1.24000000000001,TRUE,"",3,154,3100154,3300154
"RDMM",3.0639651146552,0.887251322734293,0.029,0.655796294964227,0.147,-32196.5425758119,66472.3194905975,145,4.82999999999998,TRUE,"",3,154,3100154,3300154
"DGMM",NA,-0.000706774675410437,0.499,-0.000114174519081921,0.732,-33031.4980580793,68149.1382104113,26,3.16,TRUE,"",3,155,3100155,3300155
"RDMM",3.05413461716083,0.879723620973572,0.031,0.749096592431627,0.102,-31392.1010112687,64863.436361511,204,8.15000000000001,TRUE,"",3,155,3100155,3300155
"DGMM",NA,0.838894790545315,0.042,0.377400985294344,0.47,-35510.6741458602,73107.4903859731,60,7.16,TRUE,"",3,156,3100156,3300156
"RDMM",3.04947142240013,0.90240234390489,0.025,0.720634915044042,0.116,-31774.9671296842,65629.168598342,100,4.09,TRUE,"",3,156,3100156,3300156
"DGMM",NA,5.53579119112465e-05,0.486,-0.000919248148212491,0.724,-33191.0756497409,68468.2933937345,106,13,TRUE,"",3,157,3100157,3300157
"RDMM",3.36765563780973,-0.000144191844616449,0.493,0.327415494207938,0.475,-31293.5687757645,64666.3718905026,120,5.22,TRUE,"",3,157,3100157,3300157
"DGMM",NA,0.308556686782279,0.222,0.166601161830122,0.529,-34675.1630500071,71436.4681942668,25,3.09999999999999,TRUE,"",3,158,3100158,3300158
"RDMM",3.02832813358602,0.906210149461514,0.024,0.691559225616319,0.13,-31714.5250615227,65508.2844620189,126,5.33999999999997,TRUE,"",3,158,3100158,3300158
"DGMM",NA,-0.000971600882493269,0.497,-0.0010328603127729,0.74,-32979.5966431221,68045.3353804968,33,4.07999999999998,TRUE,"",3,159,3100159,3300159
"RDMM",3.0552727562549,0.891027029605687,0.028,0.714866453574906,0.119,-31350.1637193617,64779.5617776971,100,4.19999999999999,TRUE,"",3,159,3100159,3300159
"DGMM",NA,0.00037756960224932,0.483,0.000806416038414492,0.73,-33651.404081155,69388.9502565627,40,4.93000000000001,TRUE,"",3,160,3100160,3300160
"RDMM",3.08367189072395,0.921521508884453,0.02,0.775154841285574,0.091,-32071.7037337956,66222.6418065647,138,5.65000000000003,TRUE,"",3,160,3100160,3300160
"DGMM",NA,0.243079995638616,0.253,0.178215849578827,0.595,-34879.6130839251,71845.3682621027,36,4.13999999999999,TRUE,"",3,161,3100161,3300161
"RDMM",3.20381443894884,0.902402211118751,0.025,0.731962000521883,0.11,-31580.673664994,65240.5816689616,123,4.61000000000001,TRUE,"",3,161,3100161,3300161
"DGMM",NA,0.00414601476272122,0.462,0.00154758640770461,0.712,-34242.796112026,70571.7343183046,21,2.32999999999998,TRUE,"",3,162,3100162,3300162
"RDMM",2.74065192333235,0.868491426676398,0.034,0.686556522464328,0.132,-32599.1912753192,67277.6168896119,100,4.16999999999996,TRUE,"",3,162,3100162,3300162
"DGMM",NA,-0.000667104325708546,0.493,0.00206912755757507,0.719,-32722.4466930763,67531.0354804052,32,3.53999999999996,TRUE,"",3,163,3100163,3300163
"RDMM",3.10107979497881,0.898602559523974,0.026,0.733021889125675,0.109,-31209.0970034875,64497.4283459486,119,4.37,TRUE,"",3,163,3100163,3300163
"DGMM",NA,-0.000333018288057305,0.487,-0.00196487219191407,0.732,-33082.3731870408,68250.8884683342,39,4.30000000000001,TRUE,"",3,164,3100164,3300164
"RDMM",3.16638448233283,0.898602602544081,0.026,0.697944719556339,0.126,-31617.8316514282,65314.89764183,140,4.58999999999997,TRUE,"",3,164,3100164,3300164
"DGMM",NA,-0.000480602491583582,0.492,-0.00063706643837652,0.734,-32955.9358582386,67998.0138107298,23,2.10999999999996,TRUE,"",3,165,3100165,3300165
"RDMM",3.0176902445082,0.944728683869289,0.014,0.75770964894042,0.099,-31568.8716803509,65216.9776996753,100,2.64000000000004,TRUE,"",3,165,3100165,3300165
"DGMM",NA,-0.000243224668894399,0.487,-0.00104012853046502,0.723,-34079.6887528315,70245.5195999156,51,3.81999999999999,TRUE,"",3,166,3100166,3300166
"RDMM",2.89065326610314,0.861045062519377,0.036,0.709810200145887,0.121,-32183.4972457424,66446.2288304585,153,3.81999999999999,TRUE,"",3,166,3100166,3300166
"DGMM",NA,0.191256534575497,0.281,0.117000845318296,0.602,-35661.377478462,73408.8970511767,100,7.25,TRUE,"",3,167,3100167,3300167
"RDMM",3.01992852456267,0.894810790321069,0.027,0.711418357901041,0.12,-32396.8096147158,66872.8535684052,111,2.66000000000003,TRUE,"",3,167,3100167,3300167
"DGMM",NA,0.00179666666672012,0.472,0.00237295538518133,0.731,-33553.6125104716,69193.3671151958,24,1.49,TRUE,"",3,168,3100168,3300168
"RDMM",2.90643912669403,0.898602432523086,0.026,0.732753378086187,0.11,-32023.7872197091,66126.8087783919,198,5.19,TRUE,"",3,168,3100168,3300168
"DGMM",NA,0.712048039018253,0.078,0.244013396391945,0.509,-35957.5357358389,74001.2135659303,11,0.66,TRUE,"",3,169,3100169,3300169
"RDMM",2.93612142001488,0.887251250047394,0.029,0.688013324894552,0.131,-31787.3751139762,65653.9845669261,111,2.67,TRUE,"",3,169,3100169,3300169
"DGMM",NA,0.242660465518194,0.253,0.113053494908119,0.583,-34720.2480961,71526.6382864526,42,2.94,TRUE,"",3,170,3100170,3300170
"RDMM",2.97010058820672,0.887250591848183,0.029,0.729473283424162,0.111,-31734.1673040578,65547.5689470893,100,2.52,TRUE,"",3,170,3100170,3300170
"DGMM",NA,0.8948107748804,0.027,0.345149992870438,0.464,-35388.0898899565,72862.3218741656,19,1.31,TRUE,"",3,171,3100171,3300171
"RDMM",3.00222388817517,0.917681653563478,0.021,0.718532422306424,0.117,-31865.4711999481,65810.1767388699,188,4.36,TRUE,"",3,171,3100171,3300171
"DGMM",NA,-0.000558002473050302,0.489,-0.000106741563578089,0.73,-33215.1763622215,68516.4948186955,26,1.72,TRUE,"",3,172,3100172,3300172
"RDMM",2.73095790133737,0.913849851196484,0.022,0.726523240390906,0.113,-31521.5217069232,65122.27775282,225,5.28,TRUE,"",3,172,3100172,3300172
"DGMM",NA,-0.000867496451096265,0.492,0.0010738449633129,0.718,-33555.8528041007,69197.847702454,27,1.98,TRUE,"",3,173,3100173,3300173
"RDMM",2.95674726753722,0.883483475396918,0.03,0.604069560275222,0.178,-32012.933793709,66105.1019263917,100,2.36,TRUE,"",3,173,3100173,3300173
"DGMM",NA,0.642846087969265,0.099,0.250861718751705,0.517,-36627.4566575677,75341.055409388,9,0.660000000000004,TRUE,"",3,174,3100174,3300174
"RDMM",2.80015302715121,0.913847623495116,0.022,0.70178809892987,0.125,-32032.7621074063,66144.7585537863,135,3.08,TRUE,"",3,174,3100174,3300174
"DGMM",NA,0.347492938781933,0.205,0.179887620835328,0.502,-34976.1463280307,72038.4347503139,28,1.76,TRUE,"",3,175,3100175,3300175
"RDMM",3.08795769268034,0.92152148113422,0.02,0.727191888156531,0.114,-31497.0631778982,65073.36069477,161,3.99,TRUE,"",3,175,3100175,3300175
"DGMM",NA,0.705306000565118,0.08,0.253204009938495,0.497,-35633.7005772558,73353.5432487642,16,1.48,TRUE,"",3,176,3100176,3300176
"RDMM",2.93455225633834,0.917681620559604,0.021,0.714728009885056,0.118,-31508.4373955032,65096.1091299799,125,3.36,TRUE,"",3,176,3100176,3300176
"DGMM",NA,0.00496006735084724,0.462,0.00648635162158538,0.699,-34152.5773801348,70391.2968545223,17,1.33000000000001,TRUE,"",3,177,3100177,3300177
"RDMM",2.83982723048695,0.879723800372608,0.031,0.733528125083293,0.109,-32131.9332691521,66343.1008772777,148,4.3,TRUE,"",3,177,3100177,3300177
"DGMM",NA,-0.000109614611252718,0.489,-1.84468358505269e-05,0.731,-33582.1229026015,69250.3878994556,22,1.64,TRUE,"",3,178,3100178,3300178
"RDMM",3.0210828484765,0.872228125293875,0.033,0.719818868085339,0.115,-31940.2554274003,65959.7451937742,167,4.16,TRUE,"",3,178,3100178,3300178
"DGMM",NA,0.668802240768219,0.091,0.264748115844137,0.526,-35160.6285084183,72407.3991110892,17,1.23,TRUE,"",3,179,3100179,3300179
"RDMM",3.22048590966511,0.933089022312268,0.017,0.696059618487996,0.129,-31380.7726242359,64840.7795874454,100,2.6,TRUE,"",3,179,3100179,3300179
"DGMM",NA,-0.000627160728769094,0.497,0.00091126508578768,0.726,-33822.2302996729,69730.6026935983,44,3.2,TRUE,"",3,180,3100180,3300180
"RDMM",2.93103798486463,0.883483375953925,0.03,0.695346947955208,0.127,-31892.9065332554,65865.0474054843,100,2.52,TRUE,"",3,180,3100180,3300180
"DGMM",NA,0.000640530483670604,0.482,0.000166702382487142,0.733,-33344.824155977,68775.7904062066,38,2.66,TRUE,"",3,181,3100181,3300181
"RDMM",3.05153568596257,0.891026932292619,0.028,0.708965007091493,0.121,-31884.5603634545,65848.3550658827,123,3.17,TRUE,"",3,181,3100181,3300181
"DGMM",NA,-0.000503237497533208,0.49,0.00525627512660528,0.704,-35781.0822334006,73648.3065610538,17,1.25,TRUE,"",3,182,3100182,3300182
"RDMM",3.25586430494224,-0.000418765877285511,0.489,0.273320191267173,0.514,-31628.074865723,65335.3840704195,100,2.69999999999999,TRUE,"",3,182,3100182,3300182
"DGMM",NA,0.000113364323954595,0.493,0.0017902807940043,0.722,-34427.0523658822,70940.246826017,26,2.22000000000001,TRUE,"",3,183,3100183,3300183
"RDMM",3.32223441604357,5.76534108948474e-05,0.494,0.289273775468264,0.529,-31411.5480670097,64902.3304729931,100,2.5,TRUE,"",3,183,3100183,3300183
"DGMM",NA,0.205545968496531,0.273,0.184919282735551,0.588,-34729.1684475276,71544.4789893079,21,1.52999999999999,TRUE,"",3,184,3100184,3300184
"RDMM",3.26072705269895,0.898602521198594,0.026,0.697970910197047,0.126,-31049.1921149371,64177.6185688478,103,2.57000000000001,TRUE,"",3,184,3100184,3300184
"DGMM",NA,0.739339094872042,0.07,0.267394541523594,0.518,-35256.0354383718,72598.2129709963,29,2.09999999999999,TRUE,"",3,185,3100185,3300185
"RDMM",3.1340192937696,0.87972360754504,0.031,0.70274658717002,0.124,-31676.4413214353,65432.1169818443,179,5.03,TRUE,"",3,185,3100185,3300185
"DGMM",NA,0.608007871001005,0.11,0.287701057183958,0.545,-35622.3878941832,73330.917882619,16,1.95999999999999,TRUE,"",3,186,3100186,3300186
"RDMM",2.89752070935771,0.91002596605686,0.023,0.756063834651017,0.099,-31327.7289491692,64734.692237312,237,9.54000000000001,TRUE,"",3,186,3100186,3300186
"DGMM",NA,0.00164928200438084,0.475,0.000375950672547797,0.72,-33777.8709366608,69641.8839675741,24,2.89999999999999,TRUE,"",3,187,3100187,3300187
"RDMM",2.77413820152929,0.875971920414123,0.032,0.738761367237974,0.106,-32092.6093524015,66264.4530437767,266,10.6,TRUE,"",3,187,3100187,3300187
"DGMM",NA,-0.000519768934277685,0.493,-0.000177626437381592,0.728,-33563.2849890546,69212.7120723618,23,2.72,TRUE,"",3,188,3100188,3300188
"RDMM",2.97866572025406,0.883483382191183,0.03,0.716510228459777,0.118,-32094.4892732735,66268.2128855207,160,6.37999999999998,TRUE,"",3,188,3100188,3300188
"DGMM",NA,0.23172531052793,0.259,0.16653898297192,0.596,-35792.679051257,73671.5001967665,39,4.75,TRUE,"",3,189,3100189,3300189
"RDMM",2.83828980684924,0.898602572975889,0.026,0.696567039923054,0.128,-31478.4666957778,65036.1677305291,155,6.26000000000002,TRUE,"",3,189,3100189,3300189
"DGMM",NA,-0.000541718763404871,0.487,0.000726503801828526,0.702,-33036.821100833,68159.7842959185,19,2.37,TRUE,"",3,190,3100190,3300190
"RDMM",2.89420988823457,0.902402235527995,0.025,0.704732819983999,0.125,-31404.7385623035,64888.7114635806,165,6.72,TRUE,"",3,190,3100190,3300190
"DGMM",NA,0.00227818469400551,0.472,0.0098293500009126,0.693,-34463.9930503089,71014.1281948703,27,3.25,TRUE,"",3,191,3100191,3300191
"RDMM",2.78194480369459,0.906210217775035,0.024,0.73256010811617,0.11,-31787.5595177957,65654.353374565,192,7.75,TRUE,"",3,191,3100191,3300191
"DGMM",NA,-0.00115603909063517,0.483,0.00138536877095944,0.722,-33110.6606855012,68307.463465255,24,2.88,TRUE,"",3,192,3100192,3300192
"RDMM",3.1768697794811,0.913848138243695,0.022,0.758825420421403,0.098,-31549.3862819749,65178.0069029234,103,4.18000000000001,TRUE,"",3,192,3100192,3300192
"DGMM",NA,0.286564311773126,0.232,0.18191733230102,0.553,-35910.7053270719,73907.5527483964,34,4.03,TRUE,"",3,193,3100193,3300193
"RDMM",2.77478692993562,0.891027019464004,0.028,0.700423915674947,0.126,-32231.2952805762,66541.824900126,184,7.29999999999998,TRUE,"",3,193,3100193,3300193
"DGMM",NA,-0.000770200150248826,0.49,-0.00111657657747166,0.738,-33573.2591935992,69232.660481451,27,3.25,TRUE,"",3,194,3100194,3300194
"RDMM",2.92784648487488,0.87222819412164,0.033,0.699140048080147,0.125,-31967.353179472,66013.9406979176,194,7.72,TRUE,"",3,194,3100194,3300194
"DGMM",NA,0.777702922279829,0.059,0.273847675733397,0.483,-35256.6773589221,72599.4968120967,20,2.50999999999999,TRUE,"",3,195,3100195,3300195
"RDMM",3.03358831414896,0.894810806341856,0.027,0.731284858840389,0.111,-31592.3556099269,65263.9455588273,100,3.97,TRUE,"",3,195,3100195,3300195
"DGMM",NA,0.000856997040838996,0.481,0.000402479140438493,0.726,-33524.772621976,69135.6873382046,22,2.69999999999999,TRUE,"",3,196,3100196,3300196
"RDMM",3.05038313263818,0.879723634417527,0.031,0.700944211657393,0.124,-32064.8858111727,66209.0059613191,100,4.06,TRUE,"",3,196,3100196,3300196
"DGMM",NA,-0.000347428387459602,0.491,0.00203998414989949,0.719,-33626.3329270215,69338.8079482956,30,2,TRUE,"",3,197,3100197,3300197
"RDMM",3.01269555428591,0.875971865591234,0.032,0.701115315361445,0.124,-32077.5360835163,66234.3065060062,178,3.72999999999999,TRUE,"",3,197,3100197,3300197
"DGMM",NA,0.000881437594178732,0.477,7.40180935692849e-05,0.725,-33387.0489333094,68860.2399608714,22,1.58000000000001,TRUE,"",3,198,3100198,3300198
"RDMM",2.97613960440189,0.93308910015311,0.017,0.761352331116491,0.098,-31799.1573697008,65677.5490783752,100,4.16,TRUE,"",3,198,3100198,3300198
"DGMM",NA,-0.000705020152571609,0.495,0.000819273116099337,0.719,-33067.1296105624,68220.4013153774,40,4.86000000000001,TRUE,"",3,199,3100199,3300199
"RDMM",3.16740846291471,0.910025941979161,0.023,0.692420313277348,0.13,-31466.0641016759,65011.3625423255,132,5.25,TRUE,"",3,199,3100199,3300199
"DGMM",NA,0.556091540073517,0.127,0.213405307494511,0.533,-36066.9167510574,74219.9755963674,15,1.84,TRUE,"",3,200,3100200,3300200
"RDMM",2.96736939090879,0.879723759254109,0.031,0.724894583758791,0.113,-31913.1455046761,65905.5253483259,264,10.38,TRUE,"",3,200,3100200,3300200
"DGMM",NA,0.284454495587003,0.233,0.119839359035366,0.58,-35244.0308392933,72574.2037728392,24,2.91999999999999,TRUE,"",3,201,3100201,3300201
"RDMM",3.03662608276094,0.864764738422371,0.035,0.672335982700975,0.138,-31903.4833142415,65886.2009674566,239,10.11,TRUE,"",3,201,3100201,3300201
"DGMM",NA,-0.000588743994037088,0.495,0.00054988282901239,0.724,-33391.0650355782,68868.272165409,26,3.47,TRUE,"",3,202,3100202,3300202
"RDMM",2.91502296980531,0.853629512183711,0.038,0.524054381427822,0.262,-31833.2155469848,65745.6654329432,110,4.64000000000001,TRUE,"",3,202,3100202,3300202
"DGMM",NA,0.00188103827976406,0.468,0.00185093893437507,0.715,-33351.7008170615,68789.5437283757,27,3.38,TRUE,"",3,203,3100203,3300203
"RDMM",2.95309974279349,0.887249887134419,0.029,0.715854168120863,0.119,-31522.0602421024,65123.3548231783,178,7.25,TRUE,"",3,203,3100203,3300203
"DGMM",NA,-0.00011750616793858,0.499,0.00265550365203163,0.722,-35964.7882694737,74015.7186332,41,5.18000000000001,TRUE,"",3,204,3100204,3300204
"RDMM",3.18056893523727,-0.00011750616793858,0.499,0.247783985970918,0.502,-32014.6582581594,66108.5508552923,104,4.31,TRUE,"",3,204,3100204,3300204
"DGMM",NA,7.15295026654943e-05,0.479,0.00187697743510788,0.707,-33954.2597384861,69994.6615712248,20,2.56999999999999,TRUE,"",3,205,3100205,3300205
"RDMM",2.92729978065403,0.883482867556325,0.03,0.723217777285146,0.115,-32102.7311295713,66284.6965981162,100,3.78000000000003,TRUE,"",3,205,3100205,3300205
"DGMM",NA,0.5008042157499,0.146,0.209355234261118,0.549,-35776.6061568414,73639.3544079353,33,3.76999999999998,TRUE,"",3,206,3100206,3300206
"RDMM",2.92051307780692,0.910025944679464,0.023,0.716131055336741,0.121,-32164.9158258583,66409.0659906903,200,7.72000000000003,TRUE,"",3,206,3100206,3300206
"DGMM",NA,0.774174057881624,0.06,0.321927537693183,0.494,-35347.6908601739,72781.5238146005,28,3.13999999999999,TRUE,"",3,207,3100207,3300207
"RDMM",2.97748697906745,0.868492365973315,0.034,0.694773628399344,0.127,-31392.6330933505,64864.5005256746,195,7.11000000000001,TRUE,"",3,207,3100207,3300207
"DGMM",NA,0.000968761727506218,0.477,2.94188063724282e-05,0.727,-33078.9886227222,68244.119339697,29,3.17000000000002,TRUE,"",3,208,3100208,3300208
"RDMM",3.00102733939303,0.902402263692492,0.025,0.649437086848507,0.156,-31782.4880721076,65644.2104831887,183,5.63999999999999,TRUE,"",3,208,3100208,3300208
"DGMM",NA,0.478374029438753,0.154,0.181478153783534,0.565,-35649.1288795117,73384.399853276,17,1.11,TRUE,"",3,209,3100209,3300209
"RDMM",2.95713741301289,0.898602517024025,0.026,0.742647253949612,0.106,-31555.4355306722,65190.105400318,238,5.9,TRUE,"",3,209,3100209,3300209
"DGMM",NA,0.34050422890614,0.208,0.244099624292527,0.56,-35475.3852366644,73036.9125675813,50,3.33,TRUE,"",3,210,3100210,3300210
"RDMM",3.01026714081811,0.88348337138666,0.03,0.733158534452259,0.109,-32115.769950376,66310.7742397255,203,4.71,TRUE,"",3,210,3100210,3300210
"DGMM",NA,0.00294604264519757,0.47,0.287515943536922,0.533,-32854.7789734232,67795.7000410991,21,1.41,TRUE,"",3,211,3100211,3300211
"RDMM",3.19136320014921,0.936960900313113,0.016,0.703106754863521,0.125,-31289.5623116898,64658.3589623533,111,2.69,TRUE,"",3,211,3100211,3300211
"DGMM",NA,-0.000105675055464786,0.488,-5.37853585473641e-05,0.725,-33433.7914732284,68953.7250407094,42,2.96,TRUE,"",3,212,3100212,3300212
"RDMM",2.80175887859781,0.835231161509318,0.043,0.701001592382566,0.123,-31695.7726888833,65470.7797167402,240,5.89,TRUE,"",3,212,3100212,3300212
"DGMM",NA,0.359175545662534,0.2,0.256301967438308,0.58,-35861.7980810094,73809.7382562714,45,3.23,TRUE,"",3,213,3100213,3300213
"RDMM",2.82585762368685,0.894810764013242,0.027,0.691427861402404,0.13,-32196.0431095155,66471.3205580047,160,3.89,TRUE,"",3,213,3100213,3300213
"DGMM",NA,0.00167807624778303,0.475,0.256626499296073,0.523,-33661.7560765204,69409.6542472933,28,1.95,TRUE,"",3,214,3100214,3300214
"RDMM",3.22276271411185,-1.01310071062175e-05,0.488,0.295894826409329,0.48,-31763.0432781354,65605.3208952445,103,2.41,TRUE,"",3,214,3100214,3300214
"DGMM",NA,0.000660453951142983,0.478,0.270609474982841,0.534,-34435.1263629168,70956.3948200861,19,1.31,TRUE,"",3,215,3100215,3300215
"RDMM",2.63919020265525,0.883483492403175,0.03,0.688652512766886,0.131,-32512.0458504764,67103.3260399265,166,4.64,TRUE,"",3,215,3100215,3300215
"DGMM",NA,0.419374437348452,0.176,0.198428309384585,0.508,-34653.4788750447,71393.0998443419,30,2.22,TRUE,"",3,216,3100216,3300216
"RDMM",3.08151964547286,0.921521458517313,0.02,0.735167166403866,0.109,-31330.5844282703,64740.4031955142,100,2.58000000000001,TRUE,"",3,216,3100216,3300216
"DGMM",NA,-9.27377428329217e-05,0.491,-0.000524394880776596,0.737,-36624.9794339192,75336.100962091,20,1.81,TRUE,"",3,217,3100217,3300217
"RDMM",3.1346884546582,-1.43338668493031e-05,0.49,0.288563359150432,0.523,-31872.7907742209,65824.8158874155,100,2.59,TRUE,"",3,217,3100217,3300217
"DGMM",NA,-0.000668636086147972,0.496,-0.000663652910190715,0.734,-33333.3208554421,68752.7838051368,26,1.88,TRUE,"",3,218,3100218,3300218
"RDMM",2.95647961803179,0.883483385144493,0.03,0.710569211566946,0.12,-31647.9696667389,65375.1736724515,248,5.98,TRUE,"",3,218,3100218,3300218
"DGMM",NA,0.00170133198557045,0.474,0.00116534503795698,0.73,-33114.5380667444,68315.2182277415,22,1.61,TRUE,"",3,219,3100219,3300219
"RDMM",2.79630783907564,0.887251253951796,0.029,0.7137572477434,0.118,-31587.3944261269,65254.0231912274,139,3.53,TRUE,"",3,219,3100219,3300219
"DGMM",NA,0.245258979144502,0.252,0.205036788339712,0.503,-36281.7918309368,74649.7257561262,10,0.769999999999996,TRUE,"",3,220,3100220,3300220
"RDMM",3.18820184469013,0.868492490594991,0.034,0.720076466810006,0.115,-32084.3219890239,66247.8783170215,236,5.86,TRUE,"",3,220,3100220,3300220
"DGMM",NA,0.00217331559280362,0.472,0.0032113243223547,0.703,-33727.4089697041,69540.9600336607,27,1.93000000000001,TRUE,"",3,221,3100221,3300221
"RDMM",2.85242962772819,0.872228255574939,0.033,0.7174214960808,0.118,-31931.6919480568,65942.6182350873,179,5.12,TRUE,"",3,221,3100221,3300221
"DGMM",NA,-0.000424643800291394,0.489,-0.000624862967181878,0.722,-33322.7999971158,68731.7420884842,62,4.48,TRUE,"",3,222,3100222,3300222
"RDMM",3.12467568473389,0.913849827889347,0.022,0.717232420124183,0.117,-31710.2292659297,65499.692870833,205,4.92999999999999,TRUE,"",3,222,3100222,3300222
"DGMM",NA,-0.00119653847710667,0.495,2.94553457231848e-05,0.731,-33411.1004601347,68908.343014522,22,2.44999999999999,TRUE,"",3,223,3100223,3300223
"RDMM",3.52311238775126,0.902402227022314,0.025,0.456386081578563,0.299,-32124.7675671407,66328.769473255,170,6.75,TRUE,"",3,223,3100223,3300223
"DGMM",NA,0.00349118797311903,0.467,0.00104741144969434,0.72,-32763.2690791165,67612.6802524857,34,4.11,TRUE,"",3,224,3100224,3300224
"RDMM",3.24456609955978,0.894810781578777,0.027,0.774542968360158,0.091,-31372.026050817,64823.2864406076,100,4.00999999999999,TRUE,"",3,224,3100224,3300224
"DGMM",NA,0.00143616501069978,0.477,0.00118541544982723,0.722,-33689.1563456536,69464.4547855598,32,3.86,TRUE,"",3,225,3100225,3300225
"RDMM",2.94927126132149,0.917681602167798,0.021,0.72272005102261,0.115,-32142.3406102646,66363.9155595028,100,3.97999999999999,TRUE,"",3,225,3100225,3300225
"DGMM",NA,-0.000261831844021772,0.489,-0.000856895344110445,0.731,-33545.0427800106,69176.2276542737,35,4.2,TRUE,"",3,226,3100226,3300226
"RDMM",2.93398213357883,0.913849780686659,0.022,0.713160676637168,0.119,-32113.2416172297,66305.7175734331,120,4.86,TRUE,"",3,226,3100226,3300226
"DGMM",NA,0.304005400064459,0.224,0.229586849562295,0.57,-37013.4894755137,76113.12104528,23,2.76000000000001,TRUE,"",3,227,3100227,3300227
"RDMM",2.80085913132221,0.92536936593068,0.019,0.725030036298916,0.114,-32489.11562998,67057.4655989335,184,7.31999999999999,TRUE,"",3,227,3100227,3300227
"DGMM",NA,-2.94804615529955e-05,0.486,0.000105336866333447,0.73,-32941.9835028654,67970.1090999833,21,2.60000000000002,TRUE,"",3,228,3100228,3300228
"RDMM",3.16934395122607,0.89102698893936,0.028,0.719045616414142,0.117,-31569.7086907081,65218.6517203898,155,6.28999999999999,TRUE,"",3,228,3100228,3300228
"DGMM",NA,-0.00027543324724793,0.488,0.000890890102090225,0.718,-33448.2031452819,68982.5483848164,26,3.28,TRUE,"",3,229,3100229,3300229
"RDMM",3.04106174595,0.910026027488688,0.023,0.706559794100495,0.123,-32100.5542105275,66280.3427600286,130,5.23000000000002,TRUE,"",3,229,3100229,3300229
"DGMM",NA,-0.000726062291020199,0.487,0.00453286839667922,0.705,-34178.7126855952,70443.567465443,34,4.12,TRUE,"",3,230,3100230,3300230
"RDMM",2.90918688325003,0.898602334557025,0.026,0.724899069208571,0.113,-31926.9997967281,65933.2339324299,143,5.77000000000001,TRUE,"",3,230,3100230,3300230
"DGMM",NA,-0.000414190792933228,0.493,-0.000450768319164316,0.728,-33089.92016154,68265.9824173326,15,1.91999999999999,TRUE,"",3,231,3100231,3300231
"RDMM",3.04051818707235,0.894810715707988,0.027,0.755377014845565,0.099,-31488.8331216906,65056.9005823549,212,8.40000000000001,TRUE,"",3,231,3100231,3300231
"DGMM",NA,-0.000172407587699841,0.491,-0.000780097616759123,0.731,-35543.6825423396,73173.5071789317,24,2.97,TRUE,"",3,232,3100232,3300232
"RDMM",3.24301692872189,-0.000172407587699841,0.491,0.283036623509461,0.521,-32249.0560692556,66577.3464774848,113,4.40000000000001,TRUE,"",3,232,3100232,3300232
"DGMM",NA,-0.00085707762385853,0.496,0.000241431416163875,0.731,-32922.6434918369,67931.4290779265,29,3.56,TRUE,"",3,233,3100233,3300233
"RDMM",3.10043406076852,0.917681684461036,0.021,0.740748659694751,0.107,-31495.0759219036,65069.3861827808,300,11.75,TRUE,"",3,233,3100233,3300233
"DGMM",NA,0.333519777457728,0.211,0.225169040886628,0.568,-35426.4376109811,72939.0173162148,30,3.65000000000001,TRUE,"",3,234,3100234,3300234
"RDMM",2.8597442811742,0.875971910153849,0.032,0.708651357142452,0.121,-31857.6585220052,65794.5513829841,100,3.56,TRUE,"",3,234,3100234,3300234
"DGMM",NA,0.00332110820098463,0.468,0.260444150418732,0.532,-33244.4731764768,68575.0884472063,20,1.03,TRUE,"",3,235,3100235,3300235
"RDMM",2.99899705476466,0.906210128675129,0.024,0.728233132589237,0.112,-31803.8205897261,65686.8755184258,100,2.34999999999999,TRUE,"",3,235,3100235,3300235
"DGMM",NA,0.000250633989440498,0.486,0.168686888083071,0.562,-33650.515391954,69387.1728781606,20,1.15000000000001,TRUE,"",3,236,3100236,3300236
"RDMM",3.14937534611451,0.00026885843475664,0.489,0.355247738203704,0.492,-31534.1611378065,65147.5566145865,119,4.25,TRUE,"",3,236,3100236,3300236
"DGMM",NA,-0.00060429358596173,0.492,-0.00120246084980447,0.728,-32736.3399440225,67558.8219822975,28,3.41,TRUE,"",3,237,3100237,3300237
"RDMM",3.04331513455195,0.906210217775035,0.024,0.722077306511099,0.116,-31453.5024384144,64986.2392158023,147,5.97,TRUE,"",3,237,3100237,3300237
"DGMM",NA,0.00138560443455746,0.477,0.000837602818274191,0.731,-33580.8188312358,69247.7797567241,48,5.69999999999999,TRUE,"",3,238,3100238,3300238
"RDMM",2.91606211941506,0.872228100712513,0.033,0.701834165174689,0.124,-31751.5383233764,65582.3109857264,159,6.31,TRUE,"",3,238,3100238,3300238
"DGMM",NA,-0.00029117081923572,0.487,0.00337455622805241,0.706,-33548.827948653,69183.7979915586,28,3.31,TRUE,"",3,239,3100239,3300239
"RDMM",2.81076238843405,0.92152151620575,0.02,0.739211827212402,0.107,-31929.708557882,65938.6514547376,100,4.22,TRUE,"",3,239,3100239,3300239
"DGMM",NA,-0.000248878316319091,0.488,0.000586526462383927,0.728,-33374.2017317394,68834.5455577314,35,4.30000000000001,TRUE,"",3,240,3100240,3300240
"RDMM",3.00824634526796,0.929225200488394,0.018,0.722388383526208,0.117,-31712.0688731637,65503.3720853011,160,7.06,TRUE,"",3,240,3100240,3300240
"DGMM",NA,0.879723218810497,0.031,0.317333816716563,0.463,-35147.9747838348,72382.0916619223,27,3.29000000000002,TRUE,"",3,241,3100241,3300241
"RDMM",3.1135184443165,0.940840757614896,0.015,0.729577845352404,0.112,-31745.9973620919,65571.2290631573,160,6.69999999999999,TRUE,"",3,241,3100241,3300241
"DGMM",NA,-0.000824169413247678,0.499,-0.000984342074861052,0.739,-34015.1055607879,70116.3532158283,45,5.54000000000002,TRUE,"",3,242,3100242,3300242
"RDMM",3.09208009436578,0.925369298434679,0.019,0.694569689131983,0.129,-32648.9252907629,67377.0849204994,250,10.28,TRUE,"",3,242,3100242,3300242
"DGMM",NA,-0.000640309606066597,0.498,-0.000401463330528884,0.733,-33614.7851544945,69315.7124032415,30,3.61000000000001,TRUE,"",3,243,3100243,3300243
"RDMM",2.90432579356136,0.910025940507842,0.023,0.749004712431435,0.103,-31902.8230230742,65884.880385122,100,3.78000000000003,TRUE,"",3,243,3100243,3300243
"DGMM",NA,0.364268169698776,0.198,0.259112606521283,0.547,-35483.9965334951,73054.1351612429,33,3.69999999999999,TRUE,"",3,244,3100244,3300244
"RDMM",2.93484959082524,0.898602517024025,0.026,0.733429794029667,0.11,-31808.2916403321,65695.8176196377,261,9.91000000000003,TRUE,"",3,244,3100244,3300244
"DGMM",NA,0.553090463133026,0.128,0.24343738380388,0.501,-35840.917564255,73767.9772227625,10,1.15999999999997,TRUE,"",3,245,3100245,3300245
"RDMM",3.10147809201831,0.910026031435277,0.023,0.767171670144733,0.094,-31615.0977540251,65309.4298470238,227,8.23000000000002,TRUE,"",3,245,3100245,3300245
"DGMM",NA,0.000122133542119046,0.461,-0.00028499394566377,0.722,-34468.1990764096,71022.5402470717,22,2.25,TRUE,"",3,246,3100246,3300246
"RDMM",3.38025831795508,0.000122133542119046,0.461,0.305818059170918,0.499,-31784.085469763,65647.4052784996,103,3.08000000000004,TRUE,"",3,246,3100246,3300246
"DGMM",NA,-0.000975421390602831,0.5,-0.00131809103205443,0.735,-33729.1753322552,69544.4927587629,44,3.45999999999998,TRUE,"",3,247,3100247,3300247
"RDMM",2.87058888024208,0.906210209270434,0.024,0.727263285142755,0.113,-32041.8241015236,66162.8825420208,119,3.03000000000003,TRUE,"",3,247,3100247,3300247
"DGMM",NA,-0.000638443141142187,0.495,0.00377695296157701,0.705,-33511.9077111203,69109.9575164931,21,1.63999999999999,TRUE,"",3,248,3100248,3300248
"RDMM",3.0533644973366,0.879723643025359,0.031,0.527108823497875,0.244,-32137.1289190288,66353.4921770311,116,2.86000000000001,TRUE,"",3,248,3100248,3300248
"DGMM",NA,0.74278745459442,0.069,0.383831027740054,0.517,-35829.9222063184,73745.9865068894,61,4.57999999999998,TRUE,"",3,249,3100249,3300249
"RDMM",2.93735828898489,0.898602615770025,0.026,0.72317875468316,0.114,-32065.8216166611,66210.8775722958,300,7.01999999999998,TRUE,"",3,249,3100249,3300249
"DGMM",NA,0.0800919290784304,0.358,0.0989116713406907,0.562,-36372.7031117738,74831.5483178002,33,2.25,TRUE,"",3,250,3100250,3300250
"RDMM",2.77986613477905,0.879723626827825,0.031,0.696504874932257,0.126,-32398.3955451792,66876.025429332,152,3.48999999999995,TRUE,"",3,250,3100250,3300250
"DGMM",NA,-0.000667604824245463,0.499,0.000935523334470953,0.721,-33413.2550795856,68912.6522534237,26,1.48,TRUE,"",3,251,3100251,3300251
"RDMM",3.20318549576362,0.898602521242485,0.026,0.711600822582486,0.12,-31711.4159505382,65502.0662400501,181,4.74,TRUE,"",3,251,3100251,3300251
"DGMM",NA,-0.000494583655508993,0.492,0.00142608875632167,0.717,-33222.7918211214,68531.7257364955,27,1.54,TRUE,"",3,252,3100252,3300252
"RDMM",3.15829576540797,0.913849822618825,0.022,0.706650343962268,0.123,-31849.8841016424,65779.0025422585,179,4.3,TRUE,"",3,252,3100252,3300252
"DGMM",NA,-0.000238720859740944,0.489,0.00279713767934273,0.697,-33555.9623890975,69198.0668724476,34,2.33,TRUE,"",3,253,3100253,3300253
"RDMM",2.85384051223521,0.875971904427184,0.032,0.735141912078532,0.108,-31816.6129247031,65712.4601883798,115,2.81,TRUE,"",3,253,3100253,3300253
"DGMM",NA,0.0105762495159122,0.446,0.00392663101255034,0.69,-33106.6980517789,68299.5381978103,23,1.68,TRUE,"",3,254,3100254,3300254
"RDMM",3.12321316297784,0.879723655374048,0.031,0.699941261491892,0.125,-31552.7338759548,65184.7020908831,114,2.87,TRUE,"",3,254,3100254,3300254
"DGMM",NA,0.868492519133404,0.034,0.323267087522773,0.479,-35718.6259440866,73523.3939824257,34,2.37,TRUE,"",3,255,3100255,3300255
"RDMM",2.89179933975335,0.910026029063862,0.023,0.735360582597226,0.109,-31685.0020245318,65449.2383880373,100,2.58,TRUE,"",3,255,3100255,3300255
"DGMM",NA,0.000390777563074146,0.483,0.000741928629214182,0.72,-33029.9749964898,68146.0920872321,25,1.79,TRUE,"",3,256,3100256,3300256
"RDMM",3.1630826305626,0.887251194431333,0.029,0.778181694268136,0.089,-31459.8477803665,64998.9298997066,135,3.03,TRUE,"",3,256,3100256,3300256
"DGMM",NA,-0.000796402843188762,0.495,0.000238886670886575,0.723,-33518.796928712,69123.7359516766,40,2.72,TRUE,"",3,257,3100257,3300257
"RDMM",3.12539562435498,0.898602627752377,0.026,0.688752727614467,0.13,-31829.4046731316,65738.0436852368,100,2.08,TRUE,"",3,257,3100257,3300257
"DGMM",NA,0.887250466797273,0.029,0.338745204505545,0.439,-34083.8012145087,70253.74452327,15,1.12,TRUE,"",3,258,3100258,3300258
"RDMM",3.35263132731926,0.921521295521952,0.02,0.733611126984701,0.11,-30779.0827696572,63637.399878288,235,6.09,TRUE,"",3,258,3100258,3300258
"DGMM",NA,-6.96548411679803e-05,0.479,-0.000982027561969456,0.729,-33533.1591630529,69152.4604203583,22,1.67,TRUE,"",3,259,3100259,3300259
"RDMM",3.11970053715124,0.891026713210482,0.028,0.684108900887307,0.134,-32030.6089277937,66140.4521945611,196,5.02,TRUE,"",3,259,3100259,3300259
"DGMM",NA,0.280308768492287,0.235,0.184834420707731,0.595,-36078.6461664252,74243.4344271029,43,3.55,TRUE,"",3,260,3100260,3300260
"RDMM",2.72823007158301,0.864764741232227,0.035,0.682163265137111,0.133,-32034.8654955405,66148.9653300547,255,6.22000000000001,TRUE,"",3,260,3100260,3300260
"DGMM",NA,0.00367965776017494,0.463,0.000196260211763651,0.72,-33225.1990167326,68536.5401277178,27,1.87,TRUE,"",3,261,3100261,3300261
"RDMM",3.04719765391535,0.887250424390527,0.029,0.702814928019412,0.123,-31582.3215983763,65243.8775357262,131,3.33000000000001,TRUE,"",3,261,3100261,3300261
"DGMM",NA,0.000369980378300257,0.484,0.00285337638948159,0.718,-33571.4092937488,69228.9606817502,28,1.97,TRUE,"",3,262,3100262,3300262
"RDMM",2.85539193513383,0.906210129765272,0.024,0.697738029846243,0.127,-31936.9447461235,65953.1238312205,105,2.69,TRUE,"",3,262,3100262,3300262
"DGMM",NA,0.00109376545898022,0.478,0.000464990250070713,0.724,-34038.1502346257,70162.442563504,35,2.42,TRUE,"",3,263,3100263,3300263
"RDMM",2.96055282961383,0.906210176378244,0.024,0.698896842221509,0.126,-32426.2263217021,66931.6869823778,121,3.06,TRUE,"",3,263,3100263,3300263
"DGMM",NA,0.331147881578159,0.212,0.176433155403565,0.526,-35603.6614643347,73293.465022922,24,1.89999999999999,TRUE,"",3,264,3100264,3300264
"RDMM",2.94815169418405,0.894810838889332,0.027,0.748984107056777,0.102,-32067.4457023151,66214.1257436039,174,4.83000000000001,TRUE,"",3,264,3100264,3300264
"DGMM",NA,0.00536482885431587,0.461,0.00361781639700925,0.707,-33109.6453876994,68305.4328696513,23,1.53,TRUE,"",3,265,3100265,3300265
"RDMM",3.12073816504849,0.894810720949323,0.027,0.716730371734304,0.117,-31514.7014431866,65108.6372253467,108,2.53,TRUE,"",3,265,3100265,3300265
"DGMM",NA,0.509214888025219,0.143,0.287739182517073,0.527,-35404.7739216368,72895.6899375263,36,2.47,TRUE,"",3,266,3100266,3300266
"RDMM",3.22560090606814,0.891025900224608,0.028,0.539663155794612,0.274,-31995.2871270525,66069.8085930786,100,2.44,TRUE,"",3,266,3100266,3300266
"DGMM",NA,0.802618424006117,0.052,0.269899436061286,0.498,-35392.7839104782,72871.709915209,24,2.95999999999999,TRUE,"",3,267,3100267,3300267
"RDMM",3.07193597805789,0.913849763527054,0.022,0.684962214312732,0.133,-31377.3438003295,64833.9219396326,100,3.95999999999999,TRUE,"",3,267,3100267,3300267
"DGMM",NA,-0.00211109353239848,0.486,-0.000754401388317242,0.715,-34476.8149946833,71039.7720836192,24,3,TRUE,"",3,268,3100268,3300268
"RDMM",2.7268897528536,0.887248520544209,0.029,0.718544692057051,0.117,-32190.4334681114,66460.1012751965,211,8.45,TRUE,"",3,268,3100268,3300268
"DGMM",NA,-0.000911903361927838,0.494,0.000698675653219785,0.71,-34014.3729101864,70114.8879146253,29,3.42,TRUE,"",3,269,3100269,3300269
"RDMM",2.95223723348113,0.906210214960216,0.024,0.716702635370329,0.117,-32385.560076202,66850.3544913777,165,6.61,TRUE,"",3,269,3100269,3300269
"DGMM",NA,0.000402901600904106,0.483,0.00205866742686107,0.724,-33234.2093850285,68554.5608643097,40,4.83999999999999,TRUE,"",3,270,3100270,3300270
"RDMM",3.05422446435064,0.894810715707988,0.027,0.669581197879674,0.14,-31881.3514253319,65841.9371896374,207,8.25999999999999,TRUE,"",3,270,3100270,3300270
"DGMM",NA,0.00244121224066997,0.468,0.00329405136544724,0.694,-33816.2367170338,69718.6155283201,27,3.27000000000001,TRUE,"",3,271,3100271,3300271
"RDMM",2.930512008766,0.894810638808038,0.027,0.718954630269541,0.116,-32247.5669762821,66574.3682915379,152,6.13,TRUE,"",3,271,3100271,3300271
"DGMM",NA,-0.000499701977707295,0.492,-7.29832439744988e-05,0.732,-33504.8185986138,69095.7792914803,27,3.25,TRUE,"",3,272,3100272,3300272
"RDMM",3.15862286329961,0.921521447918464,0.02,0.717402660329081,0.118,-31944.8500088955,65968.9343567646,113,4.71000000000001,TRUE,"",3,272,3100272,3300272
"DGMM",NA,3.71889227445256e-05,0.487,0.00407832538889942,0.709,-33746.9560920114,69580.0542782753,22,2.75,TRUE,"",3,273,3100273,3300273
"RDMM",3.00779923215791,0.853629522163887,0.038,0.696037805286096,0.126,-31889.258138871,65857.7506167156,161,6.47,TRUE,"",3,273,3100273,3300273
"DGMM",NA,-0.000447366529949387,0.489,0.00831790220627357,0.708,-33986.8004057071,70059.7429056667,25,3.03999999999999,TRUE,"",3,274,3100274,3300274
"RDMM",2.8362106090943,0.868492540992606,0.034,0.693967254250627,0.128,-32421.4776519525,66922.1896428787,100,4.03,TRUE,"",3,274,3100274,3300274
"DGMM",NA,-0.000386523176212192,0.491,0.00150116549793623,0.72,-33227.6511505145,68541.4443952815,27,3.28,TRUE,"",3,275,3100275,3300275
"RDMM",2.94035143774716,0.929225161655584,0.018,0.713351058027588,0.12,-31567.7456306181,65214.7256002097,194,7.71000000000001,TRUE,"",3,275,3100275,3300275
"DGMM",NA,-7.7872899895859e-05,0.487,0.000752086122834402,0.716,-33668.2684397476,69422.6789737479,21,2.53999999999999,TRUE,"",3,276,3100276,3300276
"RDMM",2.95636599077998,0.902402340525157,0.025,0.699950484055201,0.125,-32036.1306071798,66151.4955533333,100,4.06999999999999,TRUE,"",3,276,3100276,3300276
"DGMM",NA,-0.00115840443588767,0.499,-0.000247890656920709,0.726,-33430.4781614843,68947.0984172213,28,3.32999999999998,TRUE,"",3,277,3100277,3300277
"RDMM",2.98587398768764,0.891027054055785,0.028,0.748220059228086,0.102,-31944.0534737327,65967.341286439,230,9.20000000000002,TRUE,"",3,277,3100277,3300277
"DGMM",NA,0.231722295976482,0.259,0.175209101147687,0.621,-35995.866189622,74077.8744734966,28,3.33000000000001,TRUE,"",3,278,3100278,3300278
"RDMM",2.78037703737514,0.910025982535623,0.023,0.733008459617517,0.11,-31997.5159632244,66074.2662654223,167,4.68000000000001,TRUE,"",3,278,3100278,3300278
"DGMM",NA,-0.000793528792268478,0.5,-0.000736940846058071,0.735,-33898.96343903,69884.0689723126,23,1.30000000000001,TRUE,"",3,279,3100279,3300279
"RDMM",2.9943868145453,0.883483435048133,0.03,0.687030395570753,0.131,-32193.7523660671,66466.7390711078,119,3,TRUE,"",3,279,3100279,3300279
"DGMM",NA,-0.00102557149069169,0.485,-0.00074751685130586,0.735,-33662.9003978641,69411.9428899808,28,3.5,TRUE,"",3,280,3100280,3300280
"RDMM",2.95476458065765,0.902402242813213,0.025,0.727491593478351,0.112,-31787.5653298883,65654.3649987502,200,8.00999999999999,TRUE,"",3,280,3100280,3300280
"DGMM",NA,-0.000458838977659262,0.494,0.0023420420708272,0.71,-33070.0516624877,68226.245419228,28,3.34,TRUE,"",3,281,3100281,3300281
"RDMM",3.09981415052963,0.913849777139825,0.022,0.71253954886175,0.12,-31489.8081330067,65058.850604987,168,6.67000000000002,TRUE,"",3,281,3100281,3300281
"DGMM",NA,-0.000667662837598035,0.5,7.42209176960407e-05,0.734,-34073.1272617472,70232.3966177471,19,2.28,TRUE,"",3,282,3100282,3300282
"RDMM",2.89672867922114,0.913849794873989,0.022,0.734240013256206,0.11,-32393.6988539394,66866.6320468525,175,7.22,TRUE,"",3,282,3100282,3300282
"DGMM",NA,0.342844893956349,0.207,0.19101969070775,0.524,-35310.2320010546,72706.6060963618,28,3.42000000000002,TRUE,"",3,283,3100283,3300283
"RDMM",2.91675882839772,0.91384977034449,0.022,0.705012703394715,0.123,-31631.0688840405,65341.3721070547,288,12.26,TRUE,"",3,283,3100283,3300283
"DGMM",NA,0.756657944661451,0.065,0.335323950033575,0.489,-35176.5309546345,72439.2040035216,49,6.13,TRUE,"",3,284,3100284,3300284
"RDMM",3.21757162424362,0.910025965658738,0.023,0.761244786563196,0.098,-31898.4456387762,65876.1256165261,100,4.05000000000001,TRUE,"",3,284,3100284,3300284
"DGMM",NA,-0.00068032148233122,0.499,-0.000820870374555625,0.736,-33423.85390581,68933.8499058726,35,4.44,TRUE,"",3,285,3100285,3300285
"RDMM",2.99400005153033,0.879723605609048,0.031,0.727634215599715,0.112,-31832.7087350774,65744.6518091284,100,4.13999999999999,TRUE,"",3,285,3100285,3300285
"DGMM",NA,0.85362967234743,0.038,0.299585370371164,0.46,-35346.925217511,72779.9925292747,17,2.16999999999996,TRUE,"",3,286,3100286,3300286
"RDMM",2.95470549141796,0.902402352748525,0.025,0.705990199271449,0.124,-32020.9702204438,66121.1747798612,178,6.94,TRUE,"",3,286,3100286,3300286
"DGMM",NA,0.0017080216972132,0.475,0.00102883594357862,0.723,-33018.6292828181,68123.4006598889,57,6.31,TRUE,"",3,287,3100287,3300287
"RDMM",3.10674212761306,0.910025946185403,0.023,0.687089586436312,0.132,-31447.5890244809,64974.4123879354,128,5.19,TRUE,"",3,287,3100287,3300287
"DGMM",NA,-0.000995071887216667,0.494,-0.000475029594003185,0.733,-33495.2888840234,69076.7198622993,24,2.63,TRUE,"",3,288,3100288,3300288
"RDMM",2.96825884276841,0.89481082091908,0.027,0.748409394824322,0.103,-31959.0323501947,65997.2990393629,127,4.69999999999999,TRUE,"",3,288,3100288,3300288
"DGMM",NA,0.391217594713424,0.187,0.230396608603905,0.476,-34583.1021250207,71252.346344294,24,2.67000000000002,TRUE,"",3,289,3100289,3300289
"RDMM",2.99427692136873,0.933089041144954,0.017,0.740015421927953,0.107,-31191.6312299261,64462.4967988258,100,3.62,TRUE,"",3,289,3100289,3300289
"DGMM",NA,0.00197213624130394,0.473,0.000849347631521365,0.724,-33286.5726235197,68659.287341292,55,5.04000000000002,TRUE,"",3,290,3100290,3300290
"RDMM",3.05441706269899,0.894810844960362,0.027,0.711789237010431,0.121,-31515.8796419059,65110.9936227854,138,3.57999999999998,TRUE,"",3,290,3100290,3300290
"DGMM",NA,-7.38684301185971e-06,0.497,0.00554699522969365,0.709,-36674.5967457061,75435.3355856648,41,3.07999999999998,TRUE,"",3,291,3100291,3300291
"RDMM",3.1541905529284,-2.34987299500664e-05,0.498,0.299284689724364,0.526,-32171.3203188548,66421.8749766832,112,2.81,TRUE,"",3,291,3100291,3300291
"DGMM",NA,-0.00129519999402174,0.497,-0.00134501654654715,0.728,-33141.8104557125,68369.7630056776,26,1.92000000000002,TRUE,"",3,292,3100292,3300292
"RDMM",3.02924792886724,0.88725124822534,0.029,0.739021575039402,0.107,-31492.353587787,65063.9415145476,141,3.57999999999998,TRUE,"",3,292,3100292,3300292
"DGMM",NA,-0.000484728000742526,0.489,-2.83280236859682e-05,0.725,-33561.121948287,69208.3859908266,29,1.67,TRUE,"",3,293,3100293,3300293
"RDMM",2.95383773694343,0.921521520735165,0.02,0.713455164605553,0.12,-31961.2410830353,66001.7165050441,157,4.51,TRUE,"",3,293,3100293,3300293
"DGMM",NA,0.265600791097491,0.242,0.202250359619559,0.577,-35593.6447687022,73273.4316316569,32,1.82,TRUE,"",3,294,3100294,3300294
"RDMM",2.93815235949422,0.902402355170666,0.025,0.70029266526382,0.125,-31907.0215218005,65893.2773825746,300,7.32,TRUE,"",3,294,3100294,3300294
"DGMM",NA,0.00149283175219755,0.472,0.0011616275609578,0.724,-33395.76009209,68877.6622784327,27,1.94,TRUE,"",3,295,3100295,3300295
"RDMM",2.90580464647198,0.891026841356168,0.028,0.508230127918161,0.293,-31678.9263107194,65437.0869604124,100,2.53,TRUE,"",3,295,3100295,3300295
"DGMM",NA,0.177531963405636,0.289,0.0983622223410117,0.608,-35149.3167847972,72384.7756638469,27,1.89,TRUE,"",3,296,3100296,3300296
"RDMM",2.97706885191254,0.861044941455406,0.036,0.722742918447856,0.113,-31690.201361881,65459.6370627355,106,2.79,TRUE,"",3,296,3100296,3300296
"DGMM",NA,0.000189128138814101,0.478,0.00902122641090839,0.678,-33188.4733292765,68463.0887528055,25,1.64,TRUE,"",3,297,3100297,3300297
"RDMM",2.80889808534642,0.872227161697381,0.033,0.703402867328066,0.123,-31473.9094272653,65027.0531935043,115,2.84,TRUE,"",3,297,3100297,3300297
"DGMM",NA,-0.000441755452521687,0.492,0.274990376188761,0.545,-33540.781629615,69167.7053534827,17,1.02,TRUE,"",3,298,3100298,3300298
"RDMM",3.5950677225913,-1.23281367436994e-05,0.489,0.278911620768539,0.527,-31601.7560932928,65282.7465255592,117,2.78,TRUE,"",3,298,3100298,3300298
"DGMM",NA,-0.000581208442866393,0.495,-0.000308212864935866,0.729,-33712.9800659886,69512.1022262299,25,1.78,TRUE,"",3,299,3100299,3300299
"RDMM",2.94636375678981,0.838894754840015,0.042,0.491437343073404,0.32,-32184.9366920065,66449.1077229867,136,3.39,TRUE,"",3,299,3100299,3300299
"DGMM",NA,-0.00168801268897305,0.498,-0.00102470322115634,0.721,-33430.3689759542,68946.8800461611,26,1.69,TRUE,"",3,300,3100300,3300300
"RDMM",3.22911118075301,0.879723123352293,0.031,0.696665091220036,0.126,-31897.6549244464,65874.5441878664,100,2.58,TRUE,"",3,300,3100300,3300300
"DGMM",NA,-0.000535076821604335,0.494,0.00420957533117573,0.703,-33265.5495435736,68617.2411813998,22,1.93,TRUE,"",3,301,3100301,3300301
"RDMM",2.99682753501744,0.917681600842785,0.021,0.714898613943547,0.119,-31739.2667559103,65557.7678507942,117,3.05,TRUE,"",3,301,3100301,3300301
"DGMM",NA,0.310643139837709,0.221,0.191431937137324,0.542,-34759.3997056415,71604.9415055356,25,1.84,TRUE,"",3,302,3100302,3300302
"RDMM",3.0848957469377,0.913849842286599,0.022,0.734408623279564,0.109,-31420.7377393683,64920.7098177103,131,3.77999999999999,TRUE,"",3,302,3100302,3300302
"DGMM",NA,-0.000473676734520295,0.492,-0.000837939821276214,0.74,-33871.6461282387,69829.4343507299,23,1.7,TRUE,"",3,303,3100303,3300303
"RDMM",2.81567784547447,0.875971888297074,0.032,0.685335199977314,0.132,-32320.5746946703,66720.3837283143,105,2.68,TRUE,"",3,303,3100303,3300303
"DGMM",NA,0.265661212856594,0.242,0.213430856767412,0.559,-35143.0535445448,72372.2491833423,47,3.32,TRUE,"",3,304,3100304,3300304
"RDMM",3.23653137125265,0.944728682080226,0.014,0.762139332717189,0.097,-31794.8682579936,65668.9708549609,104,2.69,TRUE,"",3,304,3100304,3300304
"DGMM",NA,-0.000498341133822852,0.491,-0.000273064828439631,0.735,-32682.5862252662,67451.314544785,37,2.42,TRUE,"",3,305,3100305,3300305
"RDMM",3.12295674634653,0.879723714757244,0.031,0.706875423490809,0.121,-31323.3526114876,64725.9395619489,101,2.63,TRUE,"",3,305,3100305,3300305
"DGMM",NA,-0.000575145769060058,0.496,7.50692723649269e-05,0.721,-34418.9819470884,70924.1059884295,34,2.46000000000001,TRUE,"",3,306,3100306,3300306
"RDMM",2.93646980825994,0.853629523503807,0.038,0.701485005832453,0.123,-32582.9703654691,67245.1750699118,275,6.98,TRUE,"",3,306,3100306,3300306
"DGMM",NA,-0.000194428961678381,0.489,0.00038298950228628,0.724,-34123.705402529,70333.5528993107,22,1.86,TRUE,"",3,307,3100307,3300307
"RDMM",2.90614391176639,0.891026966585708,0.028,0.723826973746876,0.113,-32191.7441763543,66462.7226916821,149,3.75,TRUE,"",3,307,3100307,3300307
"DGMM",NA,-0.000748148496917457,0.5,0.000325408412152876,0.724,-34146.8766741602,70379.895442573,33,2.28999999999999,TRUE,"",3,308,3100308,3300308
"RDMM",2.90935934613725,0.925369299655092,0.019,0.664870773928972,0.148,-31679.8472505492,65438.928840072,291,8.11,TRUE,"",3,308,3100308,3300308
"DGMM",NA,-0.000519983679887947,0.483,-0.000152071463816005,0.721,-33223.7981777131,68533.7384496787,21,2.59,TRUE,"",3,309,3100309,3300309
"RDMM",2.97744625915144,0.89102697858278,0.028,0.741616299083377,0.106,-31741.3746189296,65561.9835768328,106,4.23999999999999,TRUE,"",3,309,3100309,3300309
"DGMM",NA,0.000744133634806085,0.482,0.239959990733246,0.548,-34745.395153593,71576.9324014385,26,3.20999999999999,TRUE,"",3,310,3100310,3300310
"RDMM",3.20981140593869,0.000126267937317049,0.49,0.225341625884553,0.531,-32621.5615946367,67322.357528247,145,5.78,TRUE,"",3,310,3100310,3300310
"DGMM",NA,-4.59582887907398e-05,0.489,-7.52412890128307e-05,0.735,-33323.4296957735,68733.0014857996,30,3.55,TRUE,"",3,311,3100311,3300311
"RDMM",3.13949438549436,0.925369297281268,0.019,0.731173518236167,0.111,-31570.5685648399,65220.3714686534,100,4.04000000000001,TRUE,"",3,311,3100311,3300311
"DGMM",NA,-0.000440003406477874,0.492,0.00151949405912496,0.718,-33418.8481215497,68923.8383373519,39,4.58,TRUE,"",3,312,3100312,3300312
"RDMM",3.04580152106849,0.883483535600615,0.03,0.693807154856559,0.128,-31603.4453396032,65286.12501818,120,4.81,TRUE,"",3,312,3100312,3300312
"DGMM",NA,-4.97346869870562e-05,0.487,0.00170017869402571,0.708,-33404.5747466584,68895.2915875693,21,2.60000000000001,TRUE,"",3,313,3100313,3300313
"RDMM",3.06603295638778,0.887251179768119,0.029,0.664184252782895,0.143,-31957.8916643802,65995.0176677341,154,6.15000000000001,TRUE,"",3,313,3100313,3300313
"DGMM",NA,0.0037561713985716,0.466,0.00208952462762305,0.716,-33712.6048081635,69511.3517105796,26,3.14000000000001,TRUE,"",3,314,3100314,3300314
"RDMM",2.86372437518824,0.898602628449762,0.026,0.718543576407733,0.116,-32270.9021450663,66621.0386291062,119,4.79999999999998,TRUE,"",3,314,3100314,3300314
"DGMM",NA,0.265579439558493,0.242,0.145186022429269,0.609,-35119.0058247947,72324.1537438419,29,3.59999999999999,TRUE,"",3,315,3100315,3300315
"RDMM",3.07123842843155,0.902402369065119,0.025,0.740195736783162,0.106,-31680.1669585767,65439.5682561269,204,8.25,TRUE,"",3,315,3100315,3300315
"DGMM",NA,-0.000472069663553533,0.492,-0.000353249839473681,0.73,-33434.1512571831,68954.4446086189,24,2.89000000000001,TRUE,"",3,316,3100316,3300316
"RDMM",3.07592729580456,0.906210134913752,0.024,0.7567187600557,0.099,-31981.8723890463,66042.9791170662,194,7.83000000000001,TRUE,"",3,316,3100316,3300316
"DGMM",NA,0.333475325728354,0.211,0.175787329403971,0.545,-35440.2919294329,72966.7259531185,13,1.56,TRUE,"",3,317,3100317,3300317
"RDMM",3.1331806797187,0.944728676891147,0.014,0.745552497595407,0.105,-31412.7088749536,64904.6520888807,144,5.78999999999999,TRUE,"",3,317,3100317,3300317
"DGMM",NA,0.705306205005151,0.08,0.266133896233112,0.504,-35514.6871778095,73115.5164498716,12,1.48999999999998,TRUE,"",3,318,3100318,3300318
"RDMM",3.0464369036437,0.917681661798606,0.021,0.763688799612985,0.096,-31561.0948887254,65201.4241164244,187,7.39000000000001,TRUE,"",3,318,3100318,3300318
"DGMM",NA,0.231713449018029,0.259,0.127103784629633,0.584,-35201.3284551158,72488.7990044842,64,7.63,TRUE,"",3,319,3100319,3300319
"RDMM",2.89670545239169,0.879723737711429,0.031,0.705400885164444,0.121,-31894.4158396679,65868.0660183095,135,5.43000000000001,TRUE,"",3,319,3100319,3300319
"DGMM",NA,0.00319524929480097,0.468,0.00163976838457623,0.728,-33668.5266040346,69423.1953023219,25,2.97,TRUE,"",3,320,3100320,3300320
"RDMM",2.88008980725414,0.894810777207631,0.027,0.693368689382759,0.128,-32006.8225557449,66092.8794504635,141,4.75,TRUE,"",3,320,3100320,3300320
"DGMM",NA,-0.000762075694916792,0.497,0.00209722134559047,0.719,-33557.3106007458,69200.7632957442,35,1.97999999999999,TRUE,"",3,321,3100321,3300321
"RDMM",2.9452509873999,0.898602567162711,0.026,0.736580255272399,0.108,-31941.9624381404,65963.1592152544,160,3.90000000000001,TRUE,"",3,321,3100321,3300321
"DGMM",NA,0.352090016903593,0.203,0.176107545795194,0.546,-35183.3063912503,72452.7548767533,30,3.78,TRUE,"",3,322,3100322,3300322
"RDMM",3.03838313579859,0.891026841356168,0.028,0.71921088968115,0.116,-31779.3489557973,65637.9322505683,113,4.53,TRUE,"",3,322,3100322,3300322
"DGMM",NA,0.795460515275646,0.054,0.30421480637027,0.501,-35570.4294816817,73227.001057616,26,3.19999999999999,TRUE,"",3,323,3100323,3300323
"RDMM",3.06241470792059,0.88725115120087,0.029,0.722335724391921,0.114,-31780.7239118996,65640.6821627728,114,4.50999999999999,TRUE,"",3,323,3100323,3300323
"DGMM",NA,-0.00031306011630658,0.489,0.00161285307818618,0.721,-32975.775430318,68037.6929548886,24,2.94,TRUE,"",3,324,3100324,3300324
"RDMM",2.98534471202695,0.898602567162711,0.026,0.732522466943906,0.11,-31241.9971209318,64563.2285808371,245,9.75999999999999,TRUE,"",3,324,3100324,3300324
"DGMM",NA,-0.0017605724120853,0.496,-0.0015633473116788,0.734,-33060.815407262,68207.7729087765,25,3.19,TRUE,"",3,325,3100325,3300325
"RDMM",3.08904454850051,0.898602142408785,0.026,0.741890776531611,0.106,-31382.2222952883,64843.6789295502,100,4.18000000000001,TRUE,"",3,325,3100325,3300325
"DGMM",NA,0.381378663556581,0.191,0.158612802951773,0.534,-34166.9618140056,70420.0657222637,31,4.01000000000002,TRUE,"",3,326,3100326,3300326
"RDMM",3.24172162939333,0.902402327062551,0.025,0.786877287144392,0.086,-31178.8183110943,64436.8709611622,100,4.34,TRUE,"",3,326,3100326,3300326
"DGMM",NA,0.475594863694211,0.155,0.210077325043883,0.542,-36353.8799101211,74793.9019144948,13,1.72999999999999,TRUE,"",3,327,3100327,3300327
"RDMM",2.78332634089949,0.898602615345742,0.026,0.714728552779917,0.118,-31758.5503421879,65596.3350233494,205,8.5,TRUE,"",3,327,3100327,3300327
"DGMM",NA,0.39877674028931,0.184,0.178750879416514,0.519,-34532.3451332031,71150.8323606588,16,1.99000000000001,TRUE,"",3,328,3100328,3300328
"RDMM",3.23792338671767,0.933089041144954,0.017,0.746380138925415,0.105,-31648.1118813915,65375.4581017567,100,4.21999999999997,TRUE,"",3,328,3100328,3300328
"DGMM",NA,-0.000550027956366953,0.497,0.00376551523252096,0.706,-33638.1149470749,69362.3719884024,22,2.69,TRUE,"",3,329,3100329,3300329
"RDMM",2.7566455420955,0.894810749847483,0.027,0.728380757586934,0.112,-31962.3629301915,66003.9601993567,132,5.48000000000002,TRUE,"",3,329,3100329,3300329
"DGMM",NA,0.00314022131431544,0.466,0.12411309896263,0.594,-33391.3673722596,68868.8768387717,13,1.56999999999999,TRUE,"",3,330,3100330,3300330
"RDMM",2.83631088867398,0.913849665269403,0.022,0.734697264848,0.109,-31435.6371809213,64950.5087008163,123,4.75,TRUE,"",3,330,3100330,3300330
"DGMM",NA,-0.000773905590458065,0.493,-0.000617788621759108,0.736,-33405.088846947,68896.3197881466,24,2.69,TRUE,"",3,331,3100331,3300331
"RDMM",3.07834743712428,0.902402396534817,0.025,0.585267995594887,0.191,-32021.7035523323,66122.6414436383,155,5.65999999999997,TRUE,"",3,331,3100331,3300331
"DGMM",NA,0.308467981498879,0.222,0.148575592503373,0.536,-35401.7073623044,72889.5568188614,21,2.80000000000001,TRUE,"",3,332,3100332,3300332
"RDMM",2.97564599520937,0.872228151645085,0.033,0.703800755025874,0.123,-31952.0831811945,65983.4007013627,125,4.59000000000003,TRUE,"",3,332,3100332,3300332
"DGMM",NA,-0.000616811770825493,0.498,-0.000852096360916415,0.735,-33255.6484582512,68597.4390107549,24,2.65999999999997,TRUE,"",3,333,3100333,3300333
"RDMM",2.88108777132708,0.891026942397631,0.028,0.709118872159143,0.121,-31749.829485303,65578.8933095797,141,5.17000000000002,TRUE,"",3,333,3100333,3300333
"DGMM",NA,0.806208753976478,0.051,0.316547721399689,0.493,-35079.1206326641,72244.3833595808,37,2.03,TRUE,"",3,334,3100334,3300334
"RDMM",3.02499851772053,0.891026989987597,0.028,0.720944903861966,0.115,-31546.3998976888,65172.0341343512,219,5.73,TRUE,"",3,334,3100334,3300334
"DGMM",NA,0.00162100121572821,0.476,0.000512521570700457,0.727,-32988.1659070698,68062.4739083922,21,1.22,TRUE,"",3,335,3100335,3300335
"RDMM",3.18377894344723,0.910025963979704,0.023,0.717540359744618,0.117,-31532.1293121649,65143.4929633034,163,3.91,TRUE,"",3,335,3100335,3300335
"DGMM",NA,0.308402283359355,0.222,0.157250813760475,0.545,-34660.5850118612,71407.312117975,12,0.93,TRUE,"",3,336,3100336,3300336
"RDMM",3.03081851155072,0.906210136682038,0.024,0.714275759426022,0.119,-31187.8062691561,64454.8468772858,153,3.89,TRUE,"",3,336,3100336,3300336
"DGMM",NA,0.369116744567644,0.196,0.161812094886634,0.513,-35209.0590097385,72504.2601137296,13,0.890000000000001,TRUE,"",3,337,3100337,3300337
"RDMM",3.10882641405068,0.902402311234126,0.025,0.71709579200038,0.117,-31525.9851658331,65131.2046706398,162,3.6,TRUE,"",3,337,3100337,3300337
"DGMM",NA,-0.00080225111184956,0.498,0.00261874121187923,0.712,-33488.5509889382,69063.2440721289,19,0.949999999999999,TRUE,"",3,338,3100338,3300338
"RDMM",2.90461792210963,0.913849801370989,0.022,0.709350775274747,0.121,-32043.8877024976,66167.0097439688,176,4.31,TRUE,"",3,338,3100338,3300338
"DGMM",NA,0.000815674366661494,0.48,0.000968664215941414,0.719,-33625.5349741705,69337.2120425935,25,1.83,TRUE,"",3,339,3100339,3300339
"RDMM",2.85296322164234,0.887251268506535,0.029,0.685330045963249,0.132,-31880.8134807392,65840.8613004521,230,5.5,TRUE,"",3,339,3100339,3300339
"DGMM",NA,0.000860898317126536,0.48,0.000524581736587062,0.719,-33787.0028973992,69660.147889051,20,1.55,TRUE,"",3,340,3100340,3300340
"RDMM",3.03129806836741,0.913849789736054,0.022,0.714826850196706,0.119,-32311.5027520508,66702.2398430753,144,3.74,TRUE,"",3,340,3100340,3300340
"DGMM",NA,0.000282350032052134,0.483,0.00191952060869665,0.718,-33826.1995985849,69738.5412914225,29,2.12,TRUE,"",3,341,3100341,3300341
"RDMM",2.88641348783785,0.906210211166527,0.024,0.697857232083346,0.127,-32159.9399116163,66399.1141622063,100,3,TRUE,"",3,341,3100341,3300341
"DGMM",NA,0.0014924730174952,0.475,0.00028761641033209,0.709,-33422.2900101452,68930.7221145431,25,1.96,TRUE,"",3,342,3100342,3300342
"RDMM",2.93716320084406,0.872228229813723,0.033,0.732161233530124,0.11,-31746.7555613416,65572.7454616569,100,2.51,TRUE,"",3,342,3100342,3300342
"DGMM",NA,-0.00217963665143207,0.494,0.00227026607357496,0.706,-33128.9576492417,68344.057392736,46,3.78,TRUE,"",3,343,3100343,3300343
"RDMM",3.12089242965942,0.917678853524536,0.021,0.762052921765927,0.097,-31655.531854854,65390.2980486816,254,6.38999999999999,TRUE,"",3,343,3100343,3300343
"DGMM",NA,-0.00076609058547293,0.498,0.000226926810583349,0.727,-33722.798864868,69531.7398239885,21,1.43,TRUE,"",3,344,3100344,3300344
"RDMM",2.76264998024704,0.910025982535623,0.023,0.68246723527976,0.134,-31973.5448006808,66026.3239403353,172,4.13999999999999,TRUE,"",3,344,3100344,3300344
"DGMM",NA,0.691916260495194,0.084,0.28436038735597,0.517,-36474.6036143194,75035.3493228913,17,1.17,TRUE,"",3,345,3100345,3300345
"RDMM",2.80797233952207,0.868492395939127,0.034,0.705226015916481,0.122,-31860.7937071958,65800.8217533652,215,4.98999999999999,TRUE,"",3,345,3100345,3300345
"DGMM",NA,0.293175376830751,0.229,0.173179915365273,0.597,-35422.0457081744,72930.2335106014,24,1.67,TRUE,"",3,346,3100346,3300346
"RDMM",3.12350781362068,0.902402336920108,0.025,0.736350777073961,0.109,-31478.6561495621,65036.5466380978,121,3.00999999999999,TRUE,"",3,346,3100346,3300346
"DGMM",NA,0.506485963771945,0.144,0.28908279835193,0.542,-35424.930350292,72936.0027948365,33,2.85000000000001,TRUE,"",3,347,3100347,3300347
"RDMM",3.1068204309383,0.883483370439583,0.03,0.727455906711423,0.112,-31833.4611116202,65746.156562214,240,6.03999999999999,TRUE,"",3,347,3100347,3300347
"DGMM",NA,-0.000528685631134325,0.493,0.000659350406041596,0.727,-33688.7059726445,69463.5540395417,35,2.44999999999999,TRUE,"",3,348,3100348,3300348
"RDMM",2.92243489755211,0.894810707512078,0.027,0.727788018829413,0.112,-32231.9829518177,66543.2002426089,211,6.30000000000001,TRUE,"",3,348,3100348,3300348
"DGMM",NA,0.437701620478275,0.169,0.186529711899618,0.549,-35605.0302266225,73296.2025474976,19,2.34,TRUE,"",3,349,3100349,3300349
"RDMM",2.87974443777327,0.887251243344837,0.029,0.705206290779455,0.122,-31559.9689874554,65199.1723138845,121,4.86999999999999,TRUE,"",3,349,3100349,3300349
"DGMM",NA,-0.000787310299268302,0.498,0.000907064400314281,0.723,-33232.8197750169,68551.7816442864,24,2.97999999999999,TRUE,"",3,350,3100350,3300350
"RDMM",2.94108379816972,0.88348337138666,0.03,0.721779094831075,0.115,-31820.5266096012,65720.2875581761,278,11,TRUE,"",3,350,3100350,3300350
"DGMM",NA,0.180707043694352,0.287,0.0970960299781636,0.611,-35788.3889446284,73662.9199835094,47,5.56,TRUE,"",3,351,3100351,3300351
"RDMM",2.81632796700501,0.883483459879451,0.03,0.745156185686195,0.104,-32112.0751181079,66303.3845751895,176,6.99999999999999,TRUE,"",3,351,3100351,3300351
"DGMM",NA,0.000506058228065772,0.483,0.000715085497588503,0.721,-33383.1842347303,68852.5105637131,25,3.11000000000001,TRUE,"",3,352,3100352,3300352
"RDMM",3.13645757443248,0.87597189282472,0.032,0.562221806286138,0.214,-31887.0884684969,65853.4112759674,100,4.03,TRUE,"",3,352,3100352,3300352
"DGMM",NA,0.00198592511287377,0.473,0.00141795879192137,0.717,-33176.2458341614,68438.6337625754,20,2.43000000000001,TRUE,"",3,353,3100353,3300353
"RDMM",3.12146115665427,0.879723752775109,0.031,0.728978802480849,0.113,-31638.5564972872,65356.3473335479,123,5.03,TRUE,"",3,353,3100353,3300353
"DGMM",NA,0.000328285358441545,0.482,0.000749316061903128,0.718,-33221.4678650166,68529.0778242857,26,3.12,TRUE,"",3,354,3100354,3300354
"RDMM",2.88019555257728,0.910026018308826,0.023,0.695892485966493,0.127,-31659.2712586405,65397.7768562547,115,4.70000000000002,TRUE,"",3,354,3100354,3300354
"DGMM",NA,-0.000689274259182872,0.494,0.000537791677220154,0.726,-33339.1312512906,68764.4045968337,19,2.39000000000001,TRUE,"",3,355,3100355,3300355
"RDMM",2.93368332775026,0.917681682703154,0.021,0.694958408399899,0.128,-31816.4692983625,65712.1729356986,181,7.28,TRUE,"",3,355,3100355,3300355
"DGMM",NA,-0.000679921542464143,0.492,0.00241142281498227,0.718,-33895.7077925894,69877.5576794315,25,3.08000000000001,TRUE,"",3,356,3100356,3300356
"RDMM",2.97741249330478,0.90621020160336,0.024,0.710738714424131,0.12,-31799.0161606294,65677.2666602324,255,10.08,TRUE,"",3,356,3100356,3300356
"DGMM",NA,0.00106520415040548,0.475,0.00585321522928761,0.689,-34279.0582185085,70644.2585312695,44,5.28,TRUE,"",3,357,3100357,3300357
"RDMM",3.12523910843378,1.82761338944601e-05,0.479,0.234002014691221,0.548,-32276.1189958918,66631.4723307572,104,4.24000000000001,TRUE,"",3,357,3100357,3300357
"DGMM",NA,-0.00128449319657303,0.494,0.0263466583834129,0.673,-34474.3306171566,71034.8033285659,26,3.22,TRUE,"",3,358,3100358,3300358
"RDMM",2.92929392083719,0.894810321331474,0.027,0.754477569867258,0.099,-31608.3139969997,65295.8623329729,187,7.39000000000001,TRUE,"",3,358,3100358,3300358
"DGMM",NA,0.559030718014546,0.126,0.22313109336163,0.497,-35238.1486572964,72562.4394088454,12,1.5,TRUE,"",3,359,3100359,3300359
"RDMM",2.96559326993726,0.913847899464932,0.022,0.738952649329099,0.108,-31419.1258000648,64917.4859391032,138,5.51000000000002,TRUE,"",3,359,3100359,3300359
"DGMM",NA,-3.74026821757309e-05,0.487,0.000389053721990849,0.72,-33329.4088351471,68744.9597645467,23,2.41,TRUE,"",3,360,3100360,3300360
"RDMM",2.93235870511798,0.853629547263333,0.038,0.504801103716739,0.258,-31908.7916762678,65896.8176915091,210,4.26000000000002,TRUE,"",3,360,3100360,3300360
"DGMM",NA,-0.00044520033790212,0.491,-0.000527476542813197,0.739,-33317.7035349943,68721.5491642412,25,2.06,TRUE,"",3,361,3100361,3300361
"RDMM",2.92287167638035,0.887251194431333,0.029,0.705923620007941,0.122,-31840.1837715705,65759.6018821145,213,8.63,TRUE,"",3,361,3100361,3300361
"DGMM",NA,0.0026984538739802,0.471,0.000880240040087693,0.72,-33655.0556680609,69396.2534303744,24,2.91,TRUE,"",3,362,3100362,3300362
"RDMM",3.13835176808469,0.913849777139825,0.022,0.694395632798271,0.129,-32093.9496247049,66267.1335883834,113,4.56999999999999,TRUE,"",3,362,3100362,3300362
"DGMM",NA,0.383793700126211,0.19,0.178728377079346,0.588,-34877.1810156469,71840.5041255464,22,2.64000000000001,TRUE,"",3,363,3100363,3300363
"RDMM",3.06985219095236,0.933089087640918,0.017,0.742353849891625,0.106,-31508.6767241782,65096.58778733,151,5.97,TRUE,"",3,363,3100363,3300363
"DGMM",NA,-5.41079709920106e-05,0.487,0.00142337884883814,0.723,-33560.4019738903,69206.9460420332,31,3.78,TRUE,"",3,364,3100364,3300364
"RDMM",3.03939112720412,0.86104493713137,0.036,0.707513024973208,0.121,-32073.5321531817,66226.298645337,148,6.16,TRUE,"",3,364,3100364,3300364
"DGMM",NA,-0.000755692362908864,0.499,-0.00069862543905069,0.726,-33853.6556441554,69793.4533825633,24,3.16,TRUE,"",3,365,3100365,3300365
"RDMM",2.91669424381432,0.910025963979704,0.023,0.745464559571133,0.104,-31570.1616640664,65219.5576671063,114,4.99000000000001,TRUE,"",3,365,3100365,3300365
"DGMM",NA,0.000768063489138932,0.481,0.00123474842693558,0.717,-33051.4965342402,68189.135162733,28,3.56000000000003,TRUE,"",3,366,3100366,3300366
"RDMM",2.86321253140285,0.875971867293327,0.032,0.710466992040535,0.12,-31541.8712407007,65162.9768203751,166,6.90999999999997,TRUE,"",3,366,3100366,3300366
"DGMM",NA,-0.00125816027474051,0.499,-0.000670741811117763,0.733,-33580.0831523476,69246.3083989478,39,4.73000000000002,TRUE,"",3,367,3100367,3300367
"RDMM",2.98872110652483,0.887250794336796,0.029,0.692392999551373,0.128,-31798.327535801,65675.8894105757,104,4.41000000000003,TRUE,"",3,367,3100367,3300367
"DGMM",NA,0.00265033691435567,0.471,0.000837961682342107,0.721,-33240.3098438587,68566.76178197,40,4.96999999999997,TRUE,"",3,368,3100368,3300368
"RDMM",2.92370318253618,0.917681607446733,0.021,0.71891718124729,0.117,-31833.6155753046,65746.4654895828,300,11.42,TRUE,"",3,368,3100368,3300368
"DGMM",NA,-8.55022797256533e-05,0.497,0.000913268503233554,0.723,-35396.1940554393,72878.5302051312,29,3.23000000000002,TRUE,"",3,369,3100369,3300369
"RDMM",3.17427081987497,-8.55022797256533e-05,0.497,0.297353000291808,0.503,-31852.6581270372,65784.5505930479,121,4.83000000000004,TRUE,"",3,369,3100369,3300369
"DGMM",NA,0.000217532624121657,0.483,0.000416218574208515,0.722,-33298.9092152257,68683.9605247039,23,2.59999999999997,TRUE,"",3,370,3100370,3300370
"RDMM",2.82754779662696,0.906210182806319,0.024,0.713285202237215,0.119,-31859.5281465103,65798.2906319942,194,7.03000000000003,TRUE,"",3,370,3100370,3300370
"DGMM",NA,0.827927984883363,0.045,0.282390327411029,0.493,-35727.6811355394,73541.5043653315,13,1.44,TRUE,"",3,371,3100371,3300371
"RDMM",3.22230537618438,0.875971885427776,0.032,0.530962924865957,0.25,-31909.4231825941,65898.0807041618,100,3.40000000000003,TRUE,"",3,371,3100371,3300371
"DGMM",NA,0.316909236360335,0.218,0.221571631077852,0.56,-35629.5367673915,73345.2156290355,40,3.55000000000001,TRUE,"",3,372,3100372,3300372
"RDMM",3.12001120381013,0.891022060615096,0.028,0.731475104545812,0.11,-31865.0327385923,65809.2998161582,123,3.19999999999999,TRUE,"",3,372,3100372,3300372
"DGMM",NA,-0.001570915851132,0.493,-0.00077106335842202,0.729,-33769.9261837321,69625.9944617169,28,2.15000000000003,TRUE,"",3,373,3100373,3300373
"RDMM",3.01244835915588,0.861044841231726,0.036,0.666745999806514,0.14,-32031.5397179563,66142.3137748863,208,5.09999999999997,TRUE,"",3,373,3100373,3300373
"DGMM",NA,0.00110279204195231,0.479,0.000449244811181231,0.731,-33566.0806424986,69218.3033792498,29,2.14000000000004,TRUE,"",3,374,3100374,3300374
"RDMM",2.9415944088491,0.929225158847284,0.018,0.739811807987246,0.107,-31882.1346650801,65843.5036691338,198,4.85999999999996,TRUE,"",3,374,3100374,3300374
"DGMM",NA,-0.000441557935053924,0.493,0.00807260945529458,0.695,-34434.0939894545,70954.3300731615,25,1.76999999999998,TRUE,"",3,375,3100375,3300375
"RDMM",2.96440004381234,0.906210125968568,0.024,0.728605317182942,0.112,-32085.9906406124,66251.2156201985,148,3.36000000000001,TRUE,"",3,375,3100375,3300375
"DGMM",NA,0.00407280031012202,0.465,0.00257024845597331,0.715,-33339.6369234452,68765.4159411429,26,1.5,TRUE,"",3,376,3100376,3300376
"RDMM",3.02858039713815,0.872228142500823,0.033,0.678052638945186,0.135,-31785.4342918194,65650.1029226124,112,2.86,TRUE,"",3,376,3100376,3300376
"DGMM",NA,-0.000765777296091522,0.495,0.141113636967638,0.578,-33208.9695839152,68504.0812620831,23,1.79,TRUE,"",3,377,3100377,3300377
"RDMM",3.06579848883459,0.933089068331971,0.017,0.736056954164756,0.109,-31703.5378521345,65486.3100432426,158,3.61,TRUE,"",3,377,3100377,3300377
"DGMM",NA,0.802619238765407,0.052,0.292545627315649,0.498,-34745.5721504163,71577.2863950852,16,1.04,TRUE,"",3,378,3100378,3300378
"RDMM",3.12827610347485,0.91384978072395,0.022,0.730650300301067,0.112,-31182.2984465624,64443.8312320984,161,3.86,TRUE,"",3,378,3100378,3300378
"DGMM",NA,-0.000514045214560305,0.495,-0.000469026444355542,0.739,-33468.5171015249,69023.1762973024,27,1.89,TRUE,"",3,379,3100379,3300379
"RDMM",2.99082111480859,0.872228104809407,0.033,0.723053419483313,0.114,-31906.4450697023,65892.1244783782,116,2.94,TRUE,"",3,379,3100379,3300379
"DGMM",NA,0.000622207742946301,0.475,0.000333041845427164,0.72,-33511.5241618221,69109.1904178968,28,2.14,TRUE,"",3,380,3100380,3300380
"RDMM",2.97307025009118,0.898602038350944,0.026,0.558704702912951,0.205,-31889.4010131386,65858.0363652507,300,7.25,TRUE,"",3,380,3100380,3300380
"DGMM",NA,-0.000301161891149864,0.489,-0.000512610973315883,0.732,-34083.3254872962,70252.793068845,26,1.89,TRUE,"",3,381,3100381,3300381
"RDMM",2.72388166676481,0.883483397936566,0.03,0.687463997936646,0.131,-32480.1442942412,67039.5229274559,239,5.66,TRUE,"",3,381,3100381,3300381
"DGMM",NA,0.000253841075149003,0.483,-0.0011916811310143,0.727,-34866.7037977351,71819.5496897228,36,2.53,TRUE,"",3,382,3100382,3300382
"RDMM",3.37180534921038,0.000253841075149003,0.483,0.311149595610962,0.49,-31893.2689693992,65865.7722777721,102,2.64,TRUE,"",3,382,3100382,3300382
"DGMM",NA,0.369116092126207,0.196,0.223384732831949,0.583,-35513.786505842,73113.7151059365,22,1.97,TRUE,"",3,383,3100383,3300383
"RDMM",2.85926935012879,0.902402355170666,0.025,0.736509173701793,0.108,-31861.096202857,65801.4267446875,102,2.76,TRUE,"",3,383,3100383,3300383
"DGMM",NA,0.456445120232402,0.162,0.195284065446061,0.573,-35420.4707697658,72927.0836337842,17,1.27,TRUE,"",3,384,3100384,3300384
"RDMM",2.95322274472215,0.917681665646944,0.021,0.715642162126774,0.118,-31757.7021059176,65594.6385508088,107,2.91999999999999,TRUE,"",3,384,3100384,3300384
"DGMM",NA,-0.000728256097114394,0.5,0.000767161484755215,0.721,-33277.5388816437,68641.21985754,31,2.59,TRUE,"",3,385,3100385,3300385
"RDMM",2.82169016242766,0.910025968982187,0.023,0.705963074991691,0.123,-31829.1152795961,65737.4648981657,100,2.41,TRUE,"",3,385,3100385,3300385
"DGMM",NA,-0.000210188855843903,0.485,0.00386978411891976,0.701,-33678.0928154865,69442.3277252256,38,2.61,TRUE,"",3,386,3100386,3300386
"RDMM",2.89443705529675,0.925369371582861,0.019,0.727066298744126,0.114,-32022.755430575,66124.7452001236,123,3.06,TRUE,"",3,386,3100386,3300386
"DGMM",NA,-0.000647330303442858,0.495,0.000662914089370265,0.725,-32991.1947076076,68068.5315094678,22,1.53,TRUE,"",3,387,3100387,3300387
"RDMM",3.15776329000944,0.887251303038777,0.029,0.472283182659107,0.316,-31478.0681450803,65035.3706291341,103,2.58000000000001,TRUE,"",3,387,3100387,3300387
"DGMM",NA,-0.000402472442815308,0.485,0.00205162341403685,0.711,-33060.813342668,68207.7687795885,27,1.86,TRUE,"",3,388,3100388,3300388
"RDMM",2.960072683978,0.929225027697723,0.018,0.778245856644455,0.09,-31642.3490083006,65363.9323555749,159,3.91999999999999,TRUE,"",3,388,3100388,3300388
"DGMM",NA,-0.00120074810681266,0.497,0.0246915669378463,0.667,-35917.9451253889,73922.0323450304,34,2.36999999999999,TRUE,"",3,389,3100389,3300389
"RDMM",3.01103992662121,0.887251278484446,0.029,0.554731756126766,0.243,-32351.2166546773,66781.6676483282,207,5.60000000000001,TRUE,"",3,389,3100389,3300389
"DGMM",NA,-7.03576430603276e-05,0.498,0.00362391205316181,0.701,-35454.3896551873,72994.9214046272,22,1.71000000000001,TRUE,"",3,390,3100390,3300390
"RDMM",3.26994609730736,-7.03576430603276e-05,0.498,0.289130344163252,0.492,-32068.6493377004,66216.5330143745,114,2.78,TRUE,"",3,390,3100390,3300390
"DGMM",NA,0.00542028302167217,0.461,0.00833337430529501,0.688,-33949.7968169791,69985.7357282108,26,1.95,TRUE,"",3,391,3100391,3300391
"RDMM",2.95210713528058,0.925369326116525,0.019,0.750557629133354,0.102,-31486.0013606956,65051.2370603649,213,5.30999999999999,TRUE,"",3,391,3100391,3300391
"DGMM",NA,-0.000109092243611027,0.488,-0.00103733814775843,0.735,-35553.931104207,73194.0043026665,23,2.75,TRUE,"",3,392,3100392,3300392
"RDMM",3.22134917200985,-0.000199873742170197,0.489,0.295779905967374,0.519,-31687.0272031575,65453.2887452886,106,4.29000000000001,TRUE,"",3,392,3100392,3300392
"DGMM",NA,0.0032662838749505,0.467,-0.000826647156272797,0.726,-33890.1166247448,69866.3753437423,27,3.25,TRUE,"",3,393,3100393,3300393
"RDMM",2.8671186218848,0.894810805943866,0.027,0.505336362976466,0.291,-32300.7240401573,66680.6824192882,108,4.39,TRUE,"",3,393,3100393,3300393
"DGMM",NA,-0.000902515886697826,0.49,-0.00101575208434955,0.734,-32915.7266107635,67917.5953157796,22,2.66,TRUE,"",3,394,3100394,3300394
"RDMM",3.05645916758273,0.883483199360235,0.03,0.680416092621049,0.134,-31538.5785679428,65156.3914748593,125,5.06,TRUE,"",3,394,3100394,3300394
"DGMM",NA,0.00708972203412213,0.452,0.0030435734385613,0.702,-33834.1312998105,69754.4046938736,19,2.28999999999999,TRUE,"",3,395,3100395,3300395
"RDMM",2.94890429888315,0.87972266255761,0.031,0.685446047238475,0.132,-32177.4250304899,66434.0843999533,184,7.31,TRUE,"",3,395,3100395,3300395
"DGMM",NA,-1.43338668493031e-05,0.49,-0.000736488828145079,0.73,-35741.3445491798,73568.8311926123,23,2.84,TRUE,"",3,396,3100396,3300396
"RDMM",3.07505254321457,-1.43338668493031e-05,0.49,0.213108592267401,0.529,-31962.2418332259,66003.7180054255,100,4.10999999999999,TRUE,"",3,396,3100396,3300396
"DGMM",NA,-0.000776660717884519,0.497,-0.000449289714042561,0.714,-33675.1537487422,69436.4495917371,27,3.25,TRUE,"",3,397,3100397,3300397
"RDMM",3.15108231596869,0.891026977129225,0.028,0.734537118551096,0.109,-31491.2793994961,65061.7931379658,178,7.15000000000001,TRUE,"",3,397,3100397,3300397
"DGMM",NA,0.515047146540749,0.141,0.271072241968472,0.494,-36708.0196978646,75502.1814899819,10,1.26000000000002,TRUE,"",3,398,3100398,3300398
"RDMM",2.98501299621451,0.857333193230667,0.037,0.695360377906394,0.127,-32162.4100005396,66404.0543400529,300,12.1,TRUE,"",3,398,3100398,3300398
"DGMM",NA,-0.000154410512465182,0.496,0.00030472927314775,0.733,-36926.2981659714,75938.7384261954,17,2.24000000000001,TRUE,"",3,399,3100399,3300399
"RDMM",3.24654803580275,-0.000115224219609127,0.495,-2.37668935468747e-05,0.741,-32140.1940203955,66359.6223797647,102,4.07999999999998,TRUE,"",3,399,3100399,3300399
"DGMM",NA,0.00092898980151395,0.478,-8.16415646839937e-05,0.73,-33324.5940784593,68735.3302511712,27,3.22,TRUE,"",3,400,3100400,3300400
"RDMM",2.9323201951727,0.879723722439492,0.031,0.720053727041658,0.115,-31659.8822937046,65398.9989263827,107,4.29999999999998,TRUE,"",3,400,3100400,3300400
"DGMM",NA,0.376350413469969,0.193,0.172363169768923,0.562,-35240.6504183477,72567.4429309481,22,2.63999999999999,TRUE,"",3,401,3100401,3300401
"RDMM",3.02428629714088,0.917681663028596,0.021,0.725720662836262,0.113,-31883.860183509,65846.9547059916,108,4.44,TRUE,"",3,401,3100401,3300401
"DGMM",NA,0.000101482684132294,0.486,0.000449088466123789,0.733,-32838.6822859246,67763.5066661018,28,3.31,TRUE,"",3,402,3100402,3300402
"RDMM",3.19025684525438,0.917681607446733,0.021,0.782364988451918,0.088,-31508.2119476279,65095.6582342295,118,4.79999999999998,TRUE,"",3,402,3100402,3300402
"DGMM",NA,-0.000452522830963296,0.491,-0.000570244612836171,0.739,-32887.3964952856,67860.9350848238,20,2.41999999999999,TRUE,"",3,403,3100403,3300403
"RDMM",2.98921649246792,0.936960926630346,0.016,0.786335080700571,0.087,-31288.8680128589,64656.9703646914,172,6.83000000000001,TRUE,"",3,403,3100403,3300403
"DGMM",NA,0.838894721730463,0.042,0.3074648667601,0.481,-35559.1367868462,73204.4156679449,49,5.89000000000001,TRUE,"",3,404,3100404,3300404
"RDMM",3.14067750239361,0.875971961083365,0.032,0.73051139822944,0.111,-31625.4581114558,65330.1505618852,151,5.09,TRUE,"",3,404,3100404,3300404
"DGMM",NA,0.383821604909139,0.19,0.176444758878775,0.513,-35602.3051744608,73290.7524431743,28,1.75,TRUE,"",3,405,3100405,3300405
"RDMM",3.09647970252798,0.933089074420727,0.017,0.508691355862609,0.312,-31956.9803184611,65993.1949758959,112,2.58000000000001,TRUE,"",3,405,3100405,3300405
"DGMM",NA,-0.00105591248975415,0.498,-0.00100155861667985,0.736,-34570.1740828138,71226.4902598801,20,1.77000000000001,TRUE,"",3,406,3100406,3300406
"RDMM",2.80059941475845,0.879723739817105,0.031,0.704117965377085,0.123,-32732.417112033,67544.0685630397,138,5.67000000000002,TRUE,"",3,406,3100406,3300406
"DGMM",NA,-0.000306061463215893,0.491,-0.00269243539928646,0.731,-33560.9062311273,69207.9545565073,20,2.52000000000001,TRUE,"",3,407,3100407,3300407
"RDMM",2.86763507984194,0.85362950609423,0.038,0.71485383615623,0.117,-31880.074373157,65839.3830852876,155,6.09999999999999,TRUE,"",3,407,3100407,3300407
"DGMM",NA,0.263628136271566,0.243,0.198013023596534,0.587,-35264.4204578769,72614.9830100064,48,5.75,TRUE,"",3,408,3100408,3300408
"RDMM",3.24800619975488,0.925369298434679,0.019,0.712108879997998,0.12,-31849.1035686137,65777.441476201,300,12.01,TRUE,"",3,408,3100408,3300408
"DGMM",NA,-0.000100457696559122,0.496,0.26181908849021,0.525,-34989.780152076,72065.7023984045,20,2.66,TRUE,"",3,409,3100409,3300409
"RDMM",3.37513149585685,-0.000100457696559122,0.496,0.288642309616427,0.521,-32154.4422196043,66388.1187781821,117,4.93000000000001,TRUE,"",3,409,3100409,3300409
"DGMM",NA,0.00089351830535482,0.48,0.204883819348072,0.559,-33445.8525224747,68977.847139202,30,3.95000000000002,TRUE,"",3,410,3100410,3300410
"RDMM",2.97952090090638,0.887251240676829,0.029,0.723098010323438,0.115,-31898.462541396,65876.1594217657,228,9.47,TRUE,"",3,410,3100410,3300410
"DGMM",NA,-0.000172404414779053,0.489,-0.000618423618772752,0.731,-33465.8467188889,69017.8355320304,22,2.73000000000002,TRUE,"",3,411,3100411,3300411
"RDMM",2.96569718597471,0.921521451032443,0.02,0.742533389310661,0.106,-31806.0577752778,65691.3498895293,100,4.25,TRUE,"",3,411,3100411,3300411
"DGMM",NA,0.198114207370607,0.277,0.158243671049756,0.549,-35429.6860027021,72945.5140996569,14,1.73000000000002,TRUE,"",3,412,3100412,3300412
"RDMM",2.89768310400452,0.906210150359189,0.024,0.729492171076234,0.112,-31714.6462263537,65508.5267916811,232,9.45999999999998,TRUE,"",3,412,3100412,3300412
"DGMM",NA,-0.000273894796099767,0.488,0.000811683039400205,0.72,-33951.5967540831,69989.3356024189,34,3.83000000000004,TRUE,"",3,413,3100413,3300413
"RDMM",2.96257619048302,0.910026006301727,0.023,0.69415893383264,0.129,-32436.3196952436,66951.8737294608,134,5,TRUE,"",3,413,3100413,3300413
"DGMM",NA,0.204625194866111,0.273,0.134658441447918,0.624,-36180.2650447412,74446.6721837351,18,2,TRUE,"",3,414,3100414,3300414
"RDMM",2.82160355878798,0.910022780435927,0.023,0.740129156483873,0.109,-32124.2310613349,66327.6964616435,109,4.50999999999999,TRUE,"",3,414,3100414,3300414
"DGMM",NA,0.767143527476332,0.062,0.285039401090689,0.498,-34252.5414341019,70591.2249624565,21,2.31,TRUE,"",3,415,3100415,3300415
"RDMM",3.46582176309068,0.925369369950859,0.019,0.742329398225198,0.106,-30901.9780134238,63883.1903658213,191,7.01000000000005,TRUE,"",3,415,3100415,3300415
"DGMM",NA,0.608009320891097,0.11,0.22605738024703,0.499,-36063.208656368,74212.5594069886,13,1.46999999999997,TRUE,"",3,416,3100416,3300416
"RDMM",2.97935775323957,0.8834833676656,0.03,0.726932849779156,0.112,-31564.0862448844,65207.4068287425,103,3.56999999999999,TRUE,"",3,416,3100416,3300416
"DGMM",NA,0.369010555931875,0.196,0.227161862871928,0.539,-35027.385088017,72140.9122702866,34,3.00999999999999,TRUE,"",3,417,3100417,3300417
"RDMM",2.90167942081781,0.902402389550042,0.025,0.751814577143962,0.102,-31680.6324986929,65440.4993363594,100,2.68000000000001,TRUE,"",3,417,3100417,3300417
"DGMM",NA,0.00360281641170869,0.464,-6.61131116299625e-05,0.714,-34046.5049896703,70179.1520735931,20,1.26,TRUE,"",3,418,3100418,3300418
"RDMM",2.86896595080338,0.898602432523086,0.026,0.69456379382165,0.127,-32359.3107839291,66797.8559068318,156,4.33,TRUE,"",3,418,3100418,3300418
"DGMM",NA,-0.000347733858637669,0.488,5.99886633720578e-05,0.733,-32853.0902581369,67792.3226105265,25,1.34,TRUE,"",3,419,3100419,3300419
"RDMM",3.42655106810651,0.879723773600465,0.031,0.492514894815741,0.309,-31487.4197299005,65054.0737987746,115,2.57,TRUE,"",3,419,3100419,3300419
"DGMM",NA,-0.000732136526541506,0.498,-0.000337397523297201,0.725,-33524.064593519,69134.2712812907,28,2,TRUE,"",3,420,3100420,3300420
"RDMM",2.84833552861373,0.887251240676829,0.029,0.68353158196517,0.134,-31956.4651953178,65992.1647296093,147,3.61,TRUE,"",3,420,3100420,3300420
"DGMM",NA,0.0010074656537194,0.479,-0.000296225113883378,0.732,-33492.4580348466,69071.0581639458,27,1.87,TRUE,"",3,421,3100421,3300421
"RDMM",3.0515431988768,0.891026960595032,0.028,0.692330581786305,0.129,-32078.134233863,66235.5028066996,240,5.89,TRUE,"",3,421,3100421,3300421
"DGMM",NA,-0.000476452516355594,0.492,-0.00260206898733027,0.73,-34165.5444512527,70417.2309967581,30,1.84,TRUE,"",3,422,3100422,3300422
"RDMM",2.96386943999507,0.894810768060601,0.027,0.715671177996556,0.117,-32416.0511119325,66911.3365628387,117,2.89,TRUE,"",3,422,3100422,3300422
"DGMM",NA,-0.000370646600435995,0.489,-0.00113031893135989,0.736,-34061.8443546572,70209.830803567,17,1.13,TRUE,"",3,423,3100423,3300423
"RDMM",2.74515933330578,0.894810812116083,0.027,0.720591233794658,0.115,-32116.5418314038,66312.3180017813,125,3.12,TRUE,"",3,423,3100423,3300423
"DGMM",NA,0.4090254006999,0.18,0.24189450331958,0.527,-35922.3234310227,73930.788956298,10,0.690000000000005,TRUE,"",3,424,3100424,3300424
"RDMM",2.99592094774177,0.883483445807812,0.03,0.433237426152917,0.482,-31538.1254874527,65155.4853138789,101,2.58,TRUE,"",3,424,3100424,3300424
"DGMM",NA,0.189527975721598,0.282,0.161748257508492,0.591,-35710.7051028666,73507.5522999857,33,1.9,TRUE,"",3,425,3100425,3300425
"RDMM",2.88285470949247,0.887251140528819,0.029,0.706079203874771,0.122,-31894.9907671163,65869.2158732061,239,5.61,TRUE,"",3,425,3100425,3300425
"DGMM",NA,0.429833284369818,0.172,0.219988108038976,0.564,-34653.9151929488,71393.9724801502,34,2.75,TRUE,"",3,426,3100426,3300426
"RDMM",3.17105109626362,0.917681608634493,0.021,0.725551097177514,0.114,-31584.8105964856,65248.8555319448,192,5.06,TRUE,"",3,426,3100426,3300426
"DGMM",NA,0.0022639020580453,0.473,0.00501556643169641,0.7,-33502.993297326,69092.1286889046,29,2.42,TRUE,"",3,427,3100427,3300427
"RDMM",2.87964205216536,0.887251170224013,0.029,0.687255677818505,0.131,-31842.7551798662,65764.744698706,145,3.64,TRUE,"",3,427,3100427,3300427
"DGMM",NA,0.393849257878148,0.186,0.201783381764879,0.574,-35507.3109044879,73100.7639032283,26,1.84,TRUE,"",3,428,3100428,3300428
"RDMM",2.97738584353566,0.910025944679464,0.023,0.699700999186713,0.126,-31636.7573946314,65352.7491282364,155,3.61,TRUE,"",3,428,3100428,3300428
"DGMM",NA,0.000547607010833099,0.479,0.00196084726859213,0.718,-33319.1383240363,68724.4187423251,33,2.44,TRUE,"",3,429,3100429,3300429
"RDMM",2.96326759883612,0.917681659708151,0.021,0.736012777636364,0.108,-31797.5280098123,65674.2903585983,122,2.66,TRUE,"",3,429,3100429,3300429
"DGMM",NA,-0.00164099039475623,0.491,0.000372634503184269,0.729,-34269.0605716349,70624.2632375224,41,2.90000000000001,TRUE,"",3,430,3100430,3300430
"RDMM",2.67495920173788,0.861042953526941,0.036,0.545743810034384,0.273,-32603.7934522601,67286.8212434937,100,2.63,TRUE,"",3,430,3100430,3300430
"DGMM",NA,-0.000557268251232816,0.498,0.00331992113234739,0.708,-33793.6470648756,69673.4362240038,21,1.52,TRUE,"",3,431,3100431,3300431
"RDMM",2.83279493722262,0.921521470277452,0.02,0.731482817073815,0.111,-31984.3796835213,66047.9937060163,278,7.55000000000001,TRUE,"",3,431,3100431,3300431
"DGMM",NA,-0.000695042791541684,0.495,0.00085886472074471,0.713,-32753.0629354554,67592.2679651634,41,2.87,TRUE,"",3,432,3100432,3300432
"RDMM",3.22385169296289,0.92152147367955,0.02,0.690756174081969,0.13,-31357.4399761276,64794.1142912287,168,4.22,TRUE,"",3,432,3100432,3300432
"DGMM",NA,0.82791857971311,0.045,0.295582547351812,0.449,-35406.5360908808,72899.2142760141,19,1.34,TRUE,"",3,433,3100433,3300433
"RDMM",3.10327195195945,0.913848812361314,0.022,0.740083134568434,0.107,-31669.3926127526,65418.0195644789,144,5.03,TRUE,"",3,433,3100433,3300433
"DGMM",NA,-0.000605582585480096,0.495,0.00211189251859053,0.71,-33583.3340704398,69252.8102351321,22,2.62,TRUE,"",3,434,3100434,3300434
"RDMM",3.00424805856072,0.910025965658738,0.023,0.723462660419481,0.114,-31954.9024651809,65989.0392693355,100,4.09999999999999,TRUE,"",3,434,3100434,3300434
"DGMM",NA,0.421930228046395,0.175,0.179739354434016,0.544,-33928.6715213552,69943.4851369631,27,3.25,TRUE,"",3,435,3100435,3300435
"RDMM",3.42666706376329,0.929225221565932,0.018,0.7070629775638,0.124,-31261.6841821171,64602.6027032079,135,5.38,TRUE,"",3,435,3100435,3300435
"DGMM",NA,-0.00101435907024242,0.492,5.10977039692734e-05,0.705,-33527.5355875148,69141.2132692821,34,4,TRUE,"",3,436,3100436,3300436
"RDMM",3.07427093744289,0.906210155355799,0.024,0.736401477452936,0.108,-31987.0777125347,66053.3897640429,100,4.02999999999999,TRUE,"",3,436,3100436,3300436
"DGMM",NA,-0.000335586580422791,0.484,0.00175139322772274,0.709,-33803.6001889744,69693.3424722014,17,2.02,TRUE,"",3,437,3100437,3300437
"RDMM",2.88709126888455,0.875972048309484,0.032,0.730505434090976,0.11,-32016.9750107308,66113.1843604352,164,6.62,TRUE,"",3,437,3100437,3300437
"DGMM",NA,-0.000448637072786252,0.491,-0.00075930157026557,0.736,-33587.8983652305,69261.9388247136,33,4.08999999999999,TRUE,"",3,438,3100438,3300438
"RDMM",2.86081627555122,0.906210127876694,0.024,0.667834378994896,0.141,-32184.6507760932,66448.53589116,208,8.28,TRUE,"",3,438,3100438,3300438
"DGMM",NA,-0.000297489181706722,0.488,-0.000644149379758708,0.728,-33358.0333517605,68802.2087977736,37,4.41999999999999,TRUE,"",3,439,3100439,3300439
"RDMM",3.19438180778252,0.906210223729457,0.024,0.719018690222543,0.116,-31803.5046135369,65686.2435660475,156,6.42000000000002,TRUE,"",3,439,3100439,3300439
"DGMM",NA,-0.000745621214973675,0.496,0.000957279915850235,0.723,-33745.6660021025,69577.4740984577,36,4.43000000000001,TRUE,"",3,440,3100440,3300440
"RDMM",2.98463680070857,0.910025939117301,0.023,0.690982840882011,0.13,-32412.0673648538,66903.3690686813,278,11.07,TRUE,"",3,440,3100440,3300440
"DGMM",NA,-0.000306061463215893,0.491,-0.000627772044488734,0.721,-32578.8289528584,67243.7999999695,46,5.46000000000001,TRUE,"",3,441,3100441,3300441
"RDMM",3.29040453689955,0.913849805514484,0.022,0.745883748961379,0.105,-31081.4387562459,64242.1118514654,117,4.74000000000001,TRUE,"",3,441,3100441,3300441
"DGMM",NA,0.249424746575616,0.25,0.188126571492253,0.599,-35290.1666556945,72666.4754056417,43,5.08999999999997,TRUE,"",3,442,3100442,3300442
"RDMM",2.77812010606214,0.898602542617634,0.026,0.731099572930497,0.111,-31756.7486745041,65592.7316879818,192,7.69,TRUE,"",3,442,3100442,3300442
"DGMM",NA,0.00288446435875996,0.462,0.00549503220468481,0.69,-32724.010979739,67534.1640537305,25,2.98999999999998,TRUE,"",3,443,3100443,3300443
"RDMM",3.25065117192387,0.887246393405944,0.029,0.530778407585073,0.28,-31382.7624013886,64844.7591417509,144,5.79999999999998,TRUE,"",3,443,3100443,3300443
"DGMM",NA,0.00700348587949654,0.455,0.00110318388316818,0.714,-32750.9781206256,67588.0983355037,35,4.25,TRUE,"",3,444,3100444,3300444
"RDMM",2.96054685019857,0.883483451137214,0.03,0.726931049999751,0.113,-31293.3583123738,64665.9509637213,106,2.28999999999999,TRUE,"",3,444,3100444,3300444
"DGMM",NA,-0.000635671788013227,0.498,0.00165770116280871,0.727,-32981.7775159416,68049.6971261359,23,1.43000000000001,TRUE,"",3,445,3100445,3300445
"RDMM",3.48985929783368,0.887251158026354,0.029,0.568126840741702,0.2,-31731.5323433634,65542.2990257005,160,4.54999999999998,TRUE,"",3,445,3100445,3300445
"DGMM",NA,0.000873437834719523,0.47,0.000109634849288232,0.714,-33786.7721683994,69659.6864310513,47,5.84,TRUE,"",3,446,3100446,3300446
"RDMM",2.86743442604711,0.883480141013569,0.03,0.721405476491146,0.116,-32173.4501175147,66426.1345740031,102,4.04999999999998,TRUE,"",3,446,3100446,3300446
"DGMM",NA,-0.000408651041825455,0.49,-0.000845803409560923,0.735,-33372.3933222682,68830.928738789,24,2.91,TRUE,"",3,447,3100447,3300447
"RDMM",3.11216374881305,0.898602560452197,0.026,0.538705398516361,0.295,-31864.9645772978,65809.1634935693,128,5.16,TRUE,"",3,447,3100447,3300447
"DGMM",NA,0.00145577716422361,0.476,0.000149438666519253,0.729,-33953.3285955574,69992.7992853674,26,3.14000000000001,TRUE,"",3,448,3100448,3300448
"RDMM",3.12569640004841,0.89860252908443,0.026,0.656948912622967,0.147,-31898.5216799151,65876.2776988038,229,9.28,TRUE,"",3,448,3100448,3300448
"DGMM",NA,-0.000396229618874099,0.486,0.00148661314648691,0.721,-33989.5527338575,70065.2475619676,21,2.61000000000001,TRUE,"",3,449,3100449,3300449
"RDMM",2.68599887653676,0.86104493610884,0.036,0.510707021890638,0.234,-32446.8610996883,66972.9565383502,144,6.22999999999999,TRUE,"",3,449,3100449,3300449
"DGMM",NA,-0.000294216172581391,0.488,-0.000669953251442525,0.737,-33483.3689991599,69052.8800925723,36,4.53,TRUE,"",3,450,3100450,3300450
"RDMM",2.87673270242925,0.872228282319396,0.033,0.676178593771352,0.135,-31813.8149381084,65706.8642151905,100,4.25999999999999,TRUE,"",3,450,3100450,3300450
"DGMM",NA,-0.000380358132142225,0.492,-5.88465082644289e-05,0.727,-33830.2063231092,69746.5547404709,26,3.19,TRUE,"",3,451,3100451,3300451
"RDMM",2.8190440889652,0.879723633029167,0.031,0.552049599445957,0.217,-32218.3609967029,66515.9563323795,198,8.11000000000001,TRUE,"",3,451,3100451,3300451
"DGMM",NA,0.777701709207269,0.059,0.384060780927021,0.49,-35782.830696992,73651.8034882366,31,3.88,TRUE,"",3,452,3100452,3300452
"RDMM",2.9170369106171,0.913849833889123,0.022,0.758824278916406,0.098,-31585.4712061441,65250.1767512619,123,5.12,TRUE,"",3,452,3100452,3300452
"DGMM",NA,0.652518396675613,0.096,0.246426303869386,0.497,-36871.4805902775,75829.1032748076,11,1.42000000000002,TRUE,"",3,453,3100453,3300453
"RDMM",2.74451652013316,0.898598507368228,0.026,0.698443735340254,0.126,-32562.85803559,67204.9504101536,120,4.5,TRUE,"",3,453,3100453,3300453
"DGMM",NA,-0.000541718763404871,0.487,0.00124304078663133,0.714,-33368.0689567794,68822.2800078115,18,2.04999999999995,TRUE,"",3,454,3100454,3300454
"RDMM",3.03017052016899,0.913849761593421,0.022,0.698425247264976,0.126,-31700.5566249705,65480.3475889146,140,5.19,TRUE,"",3,454,3100454,3300454
"DGMM",NA,0.774174021821894,0.06,0.3233809950082,0.486,-35922.4844558431,73931.1110059389,13,1.45999999999998,TRUE,"",3,455,3100455,3300455
"RDMM",3.0619462990487,0.894810712551045,0.027,0.429967119086216,0.473,-32041.3380527467,66161.9104444671,100,4.19,TRUE,"",3,455,3100455,3300455
"DGMM",NA,0.295363521228772,0.228,0.16215653624446,0.579,-35683.784190244,73453.7104747406,16,1.77000000000004,TRUE,"",3,456,3100456,3300456
"RDMM",3.05204599387139,0.913849766967539,0.022,0.730077845571542,0.111,-31414.412703235,64908.0597454436,149,5.47999999999996,TRUE,"",3,456,3100456,3300456
"DGMM",NA,-0.000830289686269599,0.498,0.00333412677692924,0.707,-33610.5182063279,69307.1785069084,24,2.60999999999996,TRUE,"",3,457,3100457,3300457
"RDMM",2.91931181454484,0.887251246461129,0.029,0.725920889850005,0.112,-31852.3855636529,65784.0054662793,180,5.63999999999999,TRUE,"",3,457,3100457,3300457
"DGMM",NA,0.4894983316969,0.15,0.207796800622758,0.494,-35691.0406094963,73468.2233132452,9,0.810000000000002,TRUE,"",3,458,3100458,3300458
"RDMM",3.06873574723779,0.921521470690133,0.02,0.555422926151502,0.224,-31595.9495382155,65271.1334154045,170,4.43000000000001,TRUE,"",3,458,3100458,3300458
"DGMM",NA,0.000112999355030002,0.485,0.000495307884427818,0.717,-34123.1432989129,70332.4286920785,21,1.22,TRUE,"",3,459,3100459,3300459
"RDMM",2.92825834606436,0.879723605609048,0.031,0.740232899424077,0.106,-32434.9435563138,66949.1214516012,153,4.16,TRUE,"",3,459,3100459,3300459
"DGMM",NA,-0.000854411622241989,0.5,-0.000520688583426359,0.73,-33408.8621150007,68903.8663242541,20,1.25,TRUE,"",3,460,3100460,3300460
"RDMM",3.15308284772974,0.894810844953616,0.027,0.675204008119993,0.137,-31909.1107998803,65897.4559387341,174,4,TRUE,"",3,460,3100460,3300460
"DGMM",NA,0.82065673184418,0.047,0.336510375506492,0.511,-35451.0644794167,72988.2710530859,29,1.89,TRUE,"",3,461,3100461,3300461
"RDMM",3.05839884103296,0.902402394031314,0.025,0.690269440965036,0.13,-31721.5865915695,65522.4075221127,145,3.61,TRUE,"",3,461,3100461,3300461
"DGMM",NA,0.00422424800575095,0.464,0.00160605942004533,0.714,-33298.9836127096,68684.1093196718,26,1.85,TRUE,"",3,462,3100462,3300462
"RDMM",2.94663223923628,0.913849847052994,0.022,0.749353085792535,0.103,-31777.058912899,65633.3521647717,300,7.51,TRUE,"",3,462,3100462,3300462
"DGMM",NA,-0.000710706450094027,0.496,2.26130220846663e-05,0.715,-33647.4446759245,69381.0314461016,20,1.47,TRUE,"",3,463,3100463,3300463
"RDMM",2.81227716287433,0.89102707007282,0.028,0.692873503431046,0.128,-31818.9418952749,65717.1181295235,211,4.73,TRUE,"",3,463,3100463,3300463
"DGMM",NA,0.366695991432003,0.197,0.184970731260106,0.54,-35547.4985588016,73181.1392118558,25,1.95,TRUE,"",3,464,3100464,3300464
"RDMM",2.93245320907888,0.917681603440021,0.021,0.683162639556932,0.134,-32215.1462587492,66509.526856472,172,4.25,TRUE,"",3,464,3100464,3300464
"DGMM",NA,0.875971849683818,0.032,0.366029550619269,0.493,-35457.6693668702,73001.480827993,24,1.73,TRUE,"",3,465,3100465,3300465
"RDMM",3.11225400924836,0.917681603440021,0.021,0.725478847455298,0.114,-31791.4710889632,65662.1765168999,100,2.69,TRUE,"",3,465,3100465,3300465
"DGMM",NA,-0.000616454407881621,0.498,-8.21149312330102e-05,0.733,-33531.8908880048,69149.9238702623,25,2.18,TRUE,"",3,466,3100466,3300466
"RDMM",2.90752543064648,0.86849239602346,0.034,0.684333036144211,0.132,-31967.9166739708,66015.0676869151,210,5.16,TRUE,"",3,466,3100466,3300466
"DGMM",NA,0.00128289659806398,0.478,0.00118221754238434,0.71,-33396.3542918731,68878.8506779988,30,2.63,TRUE,"",3,467,3100467,3300467
"RDMM",2.8665200405072,0.872228231288602,0.033,0.752879010270832,0.1,-31748.3977788455,65576.0298966647,103,2.73,TRUE,"",3,467,3100467,3300467
"DGMM",NA,0.83157550556236,0.044,0.295781589857174,0.515,-35972.4614537649,74031.0650017825,38,2.53,TRUE,"",3,468,3100468,3300468
"RDMM",3.16201599834024,0.898602625879677,0.026,0.703820892411717,0.124,-31891.9868080479,65863.2079550694,104,2.58000000000001,TRUE,"",3,468,3100468,3300468
"DGMM",NA,0.000370304844290938,0.483,-0.000628714104004528,0.734,-32484.3654249661,67054.8729441849,28,1.7,TRUE,"",3,469,3100469,3300469
"RDMM",3.26584304242627,0.960360325900093,0.01,0.743826362610443,0.106,-31021.2546215367,64121.743582047,151,3.78,TRUE,"",3,469,3100469,3300469
"DGMM",NA,0.00571663172823918,0.46,0.00207768511107095,0.708,-33511.6967464678,69109.5355871882,30,2.03,TRUE,"",3,470,3100470,3300470
"RDMM",2.96312769176982,0.89860252908443,0.026,0.633095174620101,0.161,-32008.4185609837,66096.071460941,114,2.69,TRUE,"",3,470,3100470,3300470
"DGMM",NA,-0.000645349092890866,0.499,-0.00158754431759832,0.733,-33488.6943373353,69063.5307689232,28,2.11000000000001,TRUE,"",3,471,3100471,3300471
"RDMM",2.94386984433826,0.883483382191183,0.03,0.697304531844782,0.126,-31828.473190292,65736.1807195577,179,4.61,TRUE,"",3,471,3100471,3300471
"DGMM",NA,0.2840837523967,0.233,0.130467623970779,0.61,-35274.8486794904,72635.8394532335,33,2.83,TRUE,"",3,472,3100472,3300472
"RDMM",3.04238431023576,0.940840224929158,0.015,0.707793508559699,0.122,-31620.6298613242,65320.4940616221,194,4.92,TRUE,"",3,472,3100472,3300472
"DGMM",NA,0.32650733385259,0.214,0.164129441209666,0.596,-36007.0876748241,74100.3174439009,19,1.34,TRUE,"",3,473,3100473,3300473
"RDMM",2.90060536426298,0.875971969180226,0.032,0.693195048880362,0.129,-32078.3911243788,66236.0165877313,189,4.59999999999999,TRUE,"",3,473,3100473,3300473
"DGMM",NA,0.304142986384166,0.224,0.148734179259908,0.592,-35288.8870457268,72663.9161857062,11,1.02,TRUE,"",3,474,3100474,3300474
"RDMM",3.01954196337433,0.879723611370745,0.031,0.702365948229617,0.124,-31757.9798897143,65595.1941184022,168,6.72,TRUE,"",3,474,3100474,3300474
"DGMM",NA,0.364131035168481,0.198,0.151125458995401,0.568,-34875.4167993818,71836.9756930161,30,3.59,TRUE,"",3,475,3100475,3300475
"RDMM",3.10021863501311,0.85362953195164,0.038,0.675010991388274,0.136,-31409.6959575258,64898.6262540253,105,4.28,TRUE,"",3,475,3100475,3300475
"DGMM",NA,0.371565261688043,0.195,0.251884929757664,0.55,-35217.5496974878,72521.2414892282,47,5.56999999999999,TRUE,"",3,476,3100476,3300476
"RDMM",2.92005349797738,0.891026970909686,0.028,0.720884525301603,0.116,-31502.0893396806,65083.4130183348,110,4.41000000000001,TRUE,"",3,476,3100476,3300476
"DGMM",NA,0.43771741220505,0.169,0.274521205122503,0.545,-36039.3832706907,74164.9086356341,54,6.47,TRUE,"",3,477,3100477,3300477
"RDMM",2.96217093108221,0.891027008771995,0.028,0.688620469131545,0.131,-32184.2474090912,66447.7291571559,142,5.69,TRUE,"",3,477,3100477,3300477
"DGMM",NA,-0.00118045323839064,0.498,0.0035390378496882,0.704,-33172.5959198706,68431.3339339938,26,3.17000000000002,TRUE,"",3,478,3100478,3300478
"RDMM",2.89233622986584,0.864764702648735,0.035,0.732153448828168,0.11,-31650.4923564245,65380.2190518227,106,4.25,TRUE,"",3,478,3100478,3300478
"DGMM",NA,-0.001222037594909,0.497,0.00405601881187156,0.713,-33606.3646097288,69298.8713137101,25,3.03,TRUE,"",3,479,3100479,3300479
"RDMM",2.92360974748573,0.875972057424405,0.032,0.703347896879446,0.123,-32005.295908111,66089.8261551956,118,4.83000000000001,TRUE,"",3,479,3100479,3300479
"DGMM",NA,-0.000843022304201604,0.5,0.00407247974902037,0.696,-33577.5725361879,69241.2871666285,16,1.92999999999998,TRUE,"",3,480,3100480,3300480
"RDMM",3.15085443949007,0.883483525698364,0.03,0.704038281699858,0.123,-31881.8152019322,65842.8647428381,186,7.59,TRUE,"",3,480,3100480,3300480
"DGMM",NA,0.636435167517055,0.101,0.246430330573761,0.547,-35262.5055419362,72611.1531781251,26,3.14000000000001,TRUE,"",3,481,3100481,3300481
"RDMM",3.24732116438181,0.906209766098297,0.024,0.706868956506275,0.122,-31275.1684442439,64629.5712274613,195,7.72999999999999,TRUE,"",3,481,3100481,3300481
"DGMM",NA,0.440393242378734,0.168,0.190591365017943,0.566,-34920.1897982401,71926.5216907327,22,2.72,TRUE,"",3,482,3100482,3300482
"RDMM",2.92423885632102,0.933089041003355,0.017,0.709204051326575,0.122,-31551.1113978303,65181.4571346343,154,6.06,TRUE,"",3,482,3100482,3300482
"DGMM",NA,0.414085146581114,0.178,0.227952649065125,0.563,-34970.3835365518,72026.9091673563,31,3.75999999999999,TRUE,"",3,483,3100483,3300483
"RDMM",2.94578518476458,0.921521431404939,0.02,0.713307773579388,0.12,-31528.4412897581,65136.1169184897,172,7.03,TRUE,"",3,483,3100483,3300483
"DGMM",NA,0.235330338832231,0.257,0.160418746661617,0.585,-34842.7016254243,71771.5453451013,45,5.29999999999998,TRUE,"",3,484,3100484,3300484
"RDMM",3.24373379134211,0.898602601139555,0.026,0.718368896560237,0.116,-31480.7088248549,65040.6519886834,134,5.34,TRUE,"",3,484,3100484,3300484
"DGMM",NA,-0.000706181402502611,0.497,0.00156884237284994,0.722,-33435.7406627122,68957.6234196769,22,2.66,TRUE,"",3,485,3100485,3300485
"RDMM",2.78247442783098,0.917681618136574,0.021,0.730408595421181,0.111,-31880.8339031917,65840.9021453571,100,4.09,TRUE,"",3,485,3100485,3300485
"DGMM",NA,0.000933013306964806,0.479,6.13575500228696e-05,0.731,-33409.9993565051,68906.1408072628,36,2.52000000000001,TRUE,"",3,486,3100486,3300486
"RDMM",3.18413745336345,0.849933793753592,0.039,0.704836624380295,0.122,-31986.2625616754,66051.7594623244,100,2.11999999999998,TRUE,"",3,486,3100486,3300486
"DGMM",NA,-0.000489774845981992,0.493,-0.000420194646694013,0.733,-33294.8347296893,68675.8115536313,27,1.71000000000001,TRUE,"",3,487,3100487,3300487
"RDMM",2.95999822835923,0.898602504227217,0.026,0.764570844368043,0.095,-31752.9820778076,65585.1984945889,103,3.95999999999998,TRUE,"",3,487,3100487,3300487
"DGMM",NA,-0.00033250949034199,0.491,0.00103690061865669,0.713,-33562.8397532994,69211.8216008515,37,4.53,TRUE,"",3,488,3100488,3300488
"RDMM",2.9999815666493,0.8948107663,0.027,0.696764992897435,0.128,-32040.7064808878,66160.6473007493,157,6.16000000000003,TRUE,"",3,488,3100488,3300488
"DGMM",NA,-0.000552895658177482,0.493,0.00440047722564235,0.713,-34223.7577036083,70533.6575014692,30,3.63999999999999,TRUE,"",3,489,3100489,3300489
"RDMM",2.86049330182299,0.910025980683493,0.023,0.693575230610261,0.129,-31905.4524075995,65890.1391541727,139,5.56,TRUE,"",3,489,3100489,3300489
"DGMM",NA,-0.000403541138013513,0.491,-0.000130876150982804,0.722,-33509.5042772469,69105.1506487465,33,3.94,TRUE,"",3,490,3100490,3300490
"RDMM",2.8341145827563,0.891026950987937,0.028,0.704622557638255,0.124,-31817.0580483076,65713.3504355889,293,12.16,TRUE,"",3,490,3100490,3300490
"DGMM",NA,-0.000580422862383775,0.489,-0.00227232998988344,0.729,-33525.7177784369,69137.5776511264,23,3.12,TRUE,"",3,491,3100491,3300491
"RDMM",2.9493426998641,0.898602600130053,0.026,0.684011428730432,0.133,-31786.9258128592,65653.0859646921,187,7.85000000000002,TRUE,"",3,491,3100491,3300491
"DGMM",NA,0.515042884373863,0.141,0.213925209704507,0.535,-35634.1048019551,73354.3516981629,10,1.28999999999996,TRUE,"",3,492,3100492,3300492
"RDMM",2.98215377270162,0.940840836692353,0.015,0.762182501288117,0.097,-31263.0925262497,64605.419391473,193,7.83000000000004,TRUE,"",3,492,3100492,3300492
"DGMM",NA,0.354534871919536,0.202,0.232615872004149,0.581,-35596.3265716025,73278.7952374576,57,7.07999999999998,TRUE,"",3,493,3100493,3300493
"RDMM",2.86928077035471,0.868492354183484,0.034,0.718297480289361,0.116,-32073.1390842535,66225.5125074807,194,7.72000000000003,TRUE,"",3,493,3100493,3300493
"DGMM",NA,0.434877800765172,0.17,0.194480187606103,0.492,-34884.8015607887,71855.7452158301,36,4.08999999999997,TRUE,"",3,494,3100494,3300494
"RDMM",3.19757944693064,0.933088814701477,0.017,0.739345120852337,0.107,-31743.4291844836,65566.0927079408,100,3.73000000000002,TRUE,"",3,494,3100494,3300494
"DGMM",NA,-0.000913402815240816,0.499,0.00422947877513623,0.706,-32894.6393905965,67875.4208754456,23,2.62,TRUE,"",3,495,3100495,3300495
"RDMM",3.26340180482217,0.898602586274994,0.026,0.727371752404099,0.113,-31538.224999642,65155.6843382576,189,7.38999999999999,TRUE,"",3,495,3100495,3300495
"DGMM",NA,0.00058391574739992,0.481,0.000689161602031877,0.724,-34243.2839692108,70572.7100326741,37,4.08999999999997,TRUE,"",3,496,3100496,3300496
"RDMM",2.75973340596485,0.879723707167552,0.031,0.437840132399544,0.502,-32356.4580600141,66792.1504590018,100,3.70999999999998,TRUE,"",3,496,3100496,3300496
"DGMM",NA,0.00250756538792495,0.472,0.00109608571976285,0.712,-33028.8876234101,68143.9173410728,25,2.45000000000005,TRUE,"",3,497,3100497,3300497
"RDMM",3.02221566062592,0.913849772470104,0.022,0.740154007935148,0.107,-31269.9919971184,64619.2183332105,124,3.61000000000001,TRUE,"",3,497,3100497,3300497
"DGMM",NA,-0.000377388185360332,0.49,0.000886960961019602,0.719,-33555.4953218029,69197.1327378583,24,1.92000000000002,TRUE,"",3,498,3100498,3300498
"RDMM",2.85596798058053,0.87972365163319,0.031,0.710762022407259,0.12,-31806.2696854366,65691.7737098467,153,3.84999999999997,TRUE,"",3,498,3100498,3300498
"DGMM",NA,-1.92035560176853e-05,0.493,0.000545040628893266,0.726,-34797.5515864132,71681.2452670791,32,2.44999999999999,TRUE,"",3,499,3100499,3300499
"RDMM",3.42358532639004,-1.92035560176853e-05,0.493,0.222599529585222,0.529,-31521.1373529203,65121.5090448143,178,4.33000000000004,TRUE,"",3,499,3100499,3300499
"DGMM",NA,0.000114504106027978,0.481,0.00331002174780709,0.706,-32797.9460480597,67682.034190372,18,1.40999999999997,TRUE,"",3,500,3100500,3300500
"RDMM",3.10982079735859,0.917681669637813,0.021,0.741858980783794,0.108,-31337.1399804352,64753.514299844,212,5.14000000000004,TRUE,"",3,500,3100500,3300500
"DGMM",NA,0.00204956086038717,0.474,-0.000179918832285183,0.726,-33085.0529138072,68256.2479218669,26,1.91,TRUE,"",3.5,1,3600001,3800001
"RDMM",3.33436563855574,0.917681626815139,0.021,0.737247211147132,0.108,-31557.2724816813,65193.7793023361,121,5.38,TRUE,"",3.5,1,3600001,3800001
"DGMM",NA,0.639640333834649,0.1,0.251637686069457,0.457,-34965.7642905307,72017.670675314,10,1.25,TRUE,"",3.5,2,3600002,3800002
"RDMM",3.54804971271056,0.910026062592551,0.023,0.528981075877557,0.297,-31619.8129999098,65318.8603387933,190,7.56,TRUE,"",3.5,2,3600002,3800002
"DGMM",NA,0.386125511242622,0.189,0.158520343415863,0.544,-33657.3383751071,69400.8188444667,26,3.14,TRUE,"",3.5,3,3600003,3800003
"RDMM",3.4349176916539,0.913849609410739,0.022,0.732897447762887,0.111,-30949.3183660615,63977.8710710967,100,4.09,TRUE,"",3.5,3,3600003,3800003
"DGMM",NA,0.393855622662389,0.186,0.167655366735312,0.532,-33687.8600708271,69461.8622359069,29,3.45,TRUE,"",3.5,4,3600004,3800004
"RDMM",3.84587167175748,0.887251185906713,0.029,0.70174850449242,0.124,-31079.0563081411,64237.3469552558,231,9.24,TRUE,"",3.5,4,3600004,3800004
"DGMM",NA,0.898602513590736,0.026,0.356079163837532,0.435,-33967.9315335942,70022.0051614411,15,1.86,TRUE,"",3.5,5,3600005,3800005
"RDMM",3.55367290566708,0.906210127876694,0.024,0.726016610731298,0.114,-30875.1174047619,63829.4691484974,300,12.01,TRUE,"",3.5,5,3600005,3800005
"DGMM",NA,0.715430452148189,0.077,0.281318447913684,0.459,-34727.0290285776,71540.2001514077,11,1.36,TRUE,"",3.5,6,3600006,3800006
"RDMM",3.51512808917783,0.944728708791209,0.014,0.784467857040498,0.088,-31398.4686873569,64876.1717136874,117,4.76,TRUE,"",3.5,6,3600006,3800006
"DGMM",NA,-0.000337382131295467,0.489,0.00033670029042974,0.721,-32716.074542855,67518.2911799626,23,2.8,TRUE,"",3.5,7,3600007,3800007
"RDMM",3.34486897740964,0.891027007397058,0.028,0.70271682579323,0.124,-31131.6001113892,64342.4345617521,237,9.42999999999999,TRUE,"",3.5,7,3600007,3800007
"DGMM",NA,-0.00150040632452851,0.489,0.000321118442723849,0.706,-32438.3607762725,66962.8636467975,23,2.72,TRUE,"",3.5,8,3600008,3800008
"RDMM",3.29593655890964,0.936960358076201,0.016,0.76506737704085,0.096,-30922.9666515748,63925.1676421233,104,4.22,TRUE,"",3.5,8,3600008,3800008
"DGMM",NA,0.894810732706909,0.027,0.314330197038473,0.485,-33666.5180988686,69419.1782919898,16,1.92999999999999,TRUE,"",3.5,9,3600009,3800009
"RDMM",3.63073517758692,0.921521451032443,0.02,0.739929499351055,0.107,-30914.2971522722,63907.8286435181,147,5.90000000000001,TRUE,"",3.5,9,3600009,3800009
"DGMM",NA,0.00152559520694227,0.476,0.00116375717561607,0.718,-32858.6332177219,67803.4085296964,20,2.48999999999999,TRUE,"",3.5,10,3600010,3800010
"RDMM",3.50375114940298,0.929225230933722,0.018,0.741641614893792,0.107,-31274.8760550723,64628.9864491182,146,5.84,TRUE,"",3.5,10,3600010,3800010
"DGMM",NA,0.00152809255404035,0.476,0.000918486219791034,0.729,-32924.3182174479,67934.7785291485,27,3.25,TRUE,"",3.5,11,3600011,3800011
"RDMM",3.41489060094081,0.910026019318554,0.023,0.709211498837163,0.121,-31493.0451839401,65065.3247068538,176,7.03,TRUE,"",3.5,11,3600011,3800011
"DGMM",NA,0.760144514372972,0.064,0.261439130269722,0.5,-34535.042550275,71156.2271948026,11,1.43000000000001,TRUE,"",3.5,12,3600012,3800012
"RDMM",3.42710196608367,0.910025731683887,0.023,0.765698530084286,0.095,-30916.320378208,63911.8750953897,155,6.34999999999999,TRUE,"",3.5,12,3600012,3800012
"DGMM",NA,-0.000572694808353996,0.488,-0.000661468505428385,0.724,-32546.9351205136,67180.0123352798,31,3.75,TRUE,"",3.5,13,3600013,3800013
"RDMM",3.45708023426518,0.894810731067728,0.027,0.708341974021344,0.121,-31210.1751510008,64499.5846409753,106,4.28,TRUE,"",3.5,13,3600013,3800013
"DGMM",NA,0.864764686353295,0.035,0.626948049232935,0.161,-34387.7448395918,70861.6317734363,14,1.75,TRUE,"",3.5,14,3600014,3800014
"RDMM",3.5922488617897,0.894810740700448,0.027,0.734129167634856,0.109,-31229.367569232,64537.9694774375,100,4.09999999999999,TRUE,"",3.5,14,3600014,3800014
"DGMM",NA,0.432424359271022,0.171,0.172342578689234,0.541,-35827.8843716951,73741.9108376428,10,1.24000000000001,TRUE,"",3.5,15,3600015,3800015
"RDMM",3.53520469145865,0.910026083364056,0.023,0.448609244769527,0.487,-32050.2938219573,66179.8219828882,100,4.00000000000001,TRUE,"",3.5,15,3600015,3800015
"DGMM",NA,-0.000583131046371936,0.491,-5.67139162413171e-06,0.731,-32784.8958892055,67655.9338726635,25,3.05000000000001,TRUE,"",3.5,16,3600016,3800016
"RDMM",3.21851774022982,0.891027017026855,0.028,0.71893637642506,0.116,-31201.5365782546,64482.3074954829,214,8.5,TRUE,"",3.5,16,3600016,3800016
"DGMM",NA,-0.000124414844069312,0.486,0.00337504347298322,0.722,-32762.8509776059,67611.8440494644,25,3.02000000000001,TRUE,"",3.5,17,3600017,3800017
"RDMM",3.18871048101699,0.902402400290072,0.025,0.737524353042069,0.108,-31109.5696563426,64298.3736516588,131,5.22999999999999,TRUE,"",3.5,17,3600017,3800017
"DGMM",NA,0.383684330780209,0.19,0.148666248244307,0.551,-33994.0799665797,70074.302027412,35,4.38,TRUE,"",3.5,18,3600018,3800018
"RDMM",3.49131610107613,0.894810700712507,0.027,0.75537633807218,0.1,-31127.5493739831,64334.3330869398,126,5.04999999999998,TRUE,"",3.5,18,3600018,3800018
"DGMM",NA,0.846246800666786,0.04,0.29545456590376,0.457,-34224.8325602576,70535.8072147678,18,2.21000000000001,TRUE,"",3.5,19,3600019,3800019
"RDMM",3.39755635563642,0.925368156339596,0.019,0.741327662366645,0.106,-31082.8627726935,64244.9598843607,100,4.11000000000001,TRUE,"",3.5,19,3600019,3800019
"DGMM",NA,0.00182042662090286,0.475,0.0019113378489377,0.714,-32341.9790949968,66770.1002842463,25,3.14999999999998,TRUE,"",3.5,20,3600020,3800020
"RDMM",3.46227976267603,0.925369298434679,0.019,0.744328107789476,0.105,-30991.6839362395,64062.6022114526,156,6.24000000000001,TRUE,"",3.5,20,3600020,3800020
"DGMM",NA,0.000517286279544674,0.477,0.00139263004176198,0.719,-33069.2217550727,68224.585604398,32,3.85000000000002,TRUE,"",3.5,21,3600021,3800021
"RDMM",3.50714718575965,0.921521536588113,0.02,0.751904055359466,0.102,-31623.6811872062,65326.5967133859,127,5.16999999999999,TRUE,"",3.5,21,3600021,3800021
"DGMM",NA,0.868492506388525,0.034,0.302003592499834,0.452,-34250.656124162,70587.4543425767,24,2.97,TRUE,"",3.5,22,3600022,3800022
"RDMM",3.52680864847989,0.929225200488394,0.018,0.691780388114745,0.13,-30792.309306094,63663.8529511616,100,4.03,TRUE,"",3.5,22,3600022,3800022
"DGMM",NA,0.470103834987985,0.157,0.185887997450332,0.531,-34590.5508932478,71267.2438807481,17,2.08000000000001,TRUE,"",3.5,23,3600023,3800023
"RDMM",3.24022337062468,0.906210129765272,0.024,0.686726483583237,0.132,-31376.3076078753,64831.8495547243,160,6.41,TRUE,"",3.5,23,3600023,3800023
"DGMM",NA,0.809809774573961,0.05,0.274274123748987,0.501,-35283.436386379,72653.0148670107,23,2.81999999999999,TRUE,"",3.5,24,3600024,3800024
"RDMM",3.16411681922983,0.913849786598047,0.022,0.740921860097105,0.107,-31227.0763071474,64533.3869532684,113,4.53,TRUE,"",3.5,24,3600024,3800024
"DGMM",NA,0.0010175288421028,0.479,0.00108337115470415,0.727,-33153.4668904001,68393.0758750528,36,4.34,TRUE,"",3.5,25,3600025,3800025
"RDMM",3.44150297786626,0.898602567162711,0.026,0.743028526224666,0.106,-31776.9475062535,65633.1293514806,116,4.74000000000001,TRUE,"",3.5,25,3600025,3800025
"DGMM",NA,0.39628247545204,0.185,0.176637229435576,0.569,-34526.8145641916,71139.7712226358,36,4.24000000000001,TRUE,"",3.5,26,3600026,3800026
"RDMM",3.36620153815703,0.910026025688489,0.023,0.741701420722122,0.106,-31806.5051256785,65692.2445903306,116,4.85000000000002,TRUE,"",3.5,26,3600026,3800026
"DGMM",NA,0.443040204731894,0.167,0.218163275704875,0.505,-33981.9634382648,70050.0689707822,28,3.45999999999998,TRUE,"",3.5,27,3600027,3800027
"RDMM",3.49761990182835,0.891027019645698,0.028,0.773394310218031,0.091,-31091.6840270717,64262.6023931169,100,4.05000000000001,TRUE,"",3.5,27,3600027,3800027
"DGMM",NA,0.0798006150162091,0.358,0.0865926660040679,0.601,-34551.0023764736,71188.1468471998,24,2.90000000000001,TRUE,"",3.5,28,3600028,3800028
"RDMM",3.4322095266081,0.906210134913752,0.024,0.684653095326992,0.133,-31425.6585667356,64930.5514724448,100,4.09,TRUE,"",3.5,28,3600028,3800028
"DGMM",NA,0.00111579376608406,0.479,-7.34582585547431e-05,0.733,-32025.4864813274,66137.1150569075,36,4.33000000000001,TRUE,"",3.5,29,3600029,3800029
"RDMM",3.7539104743644,0.929225179011441,0.018,0.762364603271718,0.097,-30669.1056892695,63417.4457175127,100,4.06999999999999,TRUE,"",3.5,29,3600029,3800029
"DGMM",NA,0.335765041646243,0.21,0.151898574739848,0.52,-34623.9593963912,71334.060887035,24,2.94999999999999,TRUE,"",3.5,30,3600030,3800030
"RDMM",3.34610937108545,0.879723747152261,0.031,0.726232593224484,0.112,-31325.3223741298,64729.8790872332,130,5.22,TRUE,"",3.5,30,3600030,3800030
"DGMM",NA,0.784781785237255,0.057,0.331282178285364,0.406,-34435.5990497089,70957.3401936704,18,2.17000000000002,TRUE,"",3.5,31,3600031,3800031
"RDMM",3.34764872087296,0.913849847052994,0.022,0.710036372066495,0.121,-31169.0163060893,64417.2669511522,136,5.71000000000004,TRUE,"",3.5,31,3600031,3800031
"DGMM",NA,-0.0011473963203126,0.495,0.00141813099364526,0.719,-32198.6580298775,66483.4581540076,34,4.5,TRUE,"",3.5,32,3600032,3800032
"RDMM",3.31917533452141,0.936960907104659,0.016,0.753280112195576,0.101,-30809.2410118349,63697.7163626434,126,4.99000000000001,TRUE,"",3.5,32,3600032,3800032
"DGMM",NA,0.849933936835409,0.039,0.30634002143299,0.454,-34468.8060916388,71023.7542775302,35,4.21999999999997,TRUE,"",3.5,33,3600033,3800033
"RDMM",3.2438945965579,0.89860252908443,0.026,0.720763357277123,0.116,-31397.5025505001,64874.2394399738,140,5.66000000000003,TRUE,"",3.5,33,3600033,3800033
"DGMM",NA,0.000191238415215035,0.485,0.000454633705822214,0.72,-32801.7380222471,67689.6181387469,23,2.79000000000002,TRUE,"",3.5,34,3600034,3800034
"RDMM",3.44210039701104,0.887251170224013,0.029,0.733038181395699,0.109,-31409.2882559068,64897.8108507872,100,4.19999999999999,TRUE,"",3.5,34,3600034,3800034
"DGMM",NA,0.369092381388671,0.196,0.148381396644829,0.574,-33884.9660485488,69856.0741913503,31,3.67000000000002,TRUE,"",3.5,35,3600035,3800035
"RDMM",3.48057578612068,0.894810744120468,0.027,0.611383462762917,0.175,-31431.6927150335,64942.6197690407,112,4.52999999999997,TRUE,"",3.5,35,3600035,3800035
"DGMM",NA,0.827927238947904,0.045,0.392529519545766,0.498,-34321.2958885783,70728.7338714093,25,3,TRUE,"",3.5,36,3600036,3800036
"RDMM",3.58476463274928,0.902402389550042,0.025,0.551197867046585,0.244,-31153.5533223495,64386.3409836726,110,4.39000000000004,TRUE,"",3.5,36,3600036,3800036
"DGMM",NA,0.368909547852406,0.196,0.175267040368008,0.533,-33283.5354577555,68653.2130097635,19,2.26999999999998,TRUE,"",3.5,37,3600037,3800037
"RDMM",3.53743734974594,0.9330889177218,0.017,0.774728929568632,0.092,-30803.075472269,63685.3852835117,122,4.96000000000004,TRUE,"",3.5,37,3600037,3800037
"DGMM",NA,-0.000824198901879687,0.483,-0.000352523907414068,0.731,-32454.7312787986,66995.6046518499,29,3.5,TRUE,"",3.5,38,3600038,3800038
"RDMM",3.50568538412214,0.879722501666999,0.031,0.697838169650629,0.126,-31225.9876563956,64531.2096517648,129,5.16000000000003,TRUE,"",3.5,38,3600038,3800038
"DGMM",NA,0.842566487227728,0.041,0.287347309648481,0.513,-33653.3454095986,69392.8329134499,15,1.87,TRUE,"",3.5,39,3600039,3800039
"RDMM",3.62650451751573,0.944728716598743,0.014,0.742382700013569,0.107,-30790.724839693,63660.6840183597,168,6.72999999999996,TRUE,"",3.5,39,3600039,3800039
"DGMM",NA,-0.000613488048665332,0.496,0.00748277615696394,0.711,-32950.719178842,67987.5804519366,21,2.51999999999998,TRUE,"",3.5,40,3600040,3800040
"RDMM",3.27663583214063,0.925369296079998,0.019,0.721974566686887,0.116,-31506.9436467328,65093.1216324392,118,4.81,TRUE,"",3.5,40,3600040,3800040
"DGMM",NA,-0.000864929556520442,0.494,-0.000969070383605795,0.737,-33145.8540749371,68377.8502441269,28,3.34000000000003,TRUE,"",3.5,41,3600041,3800041
"RDMM",3.31727437278818,0.887251250828274,0.029,0.717153786494166,0.117,-31638.3038797856,65355.8420985447,107,4.32999999999998,TRUE,"",3.5,41,3600041,3800041
"DGMM",NA,-0.000685592420651951,0.494,-5.74993651534587e-05,0.731,-32792.121032232,67670.3841587165,37,4.21999999999997,TRUE,"",3.5,42,3600042,3800042
"RDMM",3.30839352445275,0.940840793944117,0.015,0.747235438285612,0.104,-31422.4161561732,64924.06665132,100,3.70000000000005,TRUE,"",3.5,42,3600042,3800042
"DGMM",NA,0.342567777547217,0.207,0.177857381588139,0.548,-34464.3371016249,71014.8162975024,28,1.87,TRUE,"",3.5,43,3600043,3800043
"RDMM",3.28633985928454,0.864763107983868,0.035,0.543572377889887,0.289,-31054.977927985,64189.1901949436,147,6.34,TRUE,"",3.5,43,3600043,3800043
"DGMM",NA,0.00168026055896189,0.475,0.000549821247034709,0.722,-32569.0460269198,67224.2341480923,47,5.58,TRUE,"",3.5,44,3600044,3800044
"RDMM",3.50575817738636,0.933089037437632,0.017,0.732824996082749,0.111,-31315.5018864743,64710.2381119222,100,4.04,TRUE,"",3.5,44,3600044,3800044
"DGMM",NA,0.450736766985397,0.164,0.223422747347548,0.523,-34978.2723027889,72042.6866998304,33,4,TRUE,"",3.5,45,3600045,3800045
"RDMM",2.9932613091313,0.887248907683056,0.029,0.685189035464281,0.133,-31731.1568790146,65541.5480970028,100,4.03,TRUE,"",3.5,45,3600045,3800045
"DGMM",NA,0.846246213501344,0.04,0.302547596288343,0.464,-34205.7214062004,70497.5849066535,13,1.59,TRUE,"",3.5,46,3600046,3800046
"RDMM",3.57762118982737,0.902402400290072,0.025,0.736137249041975,0.109,-31013.3665605509,64105.9674600754,113,4.66,TRUE,"",3.5,46,3600046,3800046
"DGMM",NA,-0.000568479852275556,0.496,0.000203206820375351,0.733,-32836.9448961646,67760.0318865819,21,2.54,TRUE,"",3.5,47,3600047,3800047
"RDMM",3.20352987654036,0.894810723836441,0.027,0.671615925365306,0.139,-31405.8333489278,64890.9010368292,136,5.53,TRUE,"",3.5,47,3600047,3800047
"DGMM",NA,-0.000506306550268836,0.492,0.000237389199545332,0.727,-32456.3224717213,66998.7870376952,35,4.12,TRUE,"",3.5,48,3600048,3800048
"RDMM",3.43397988589772,0.898602534195348,0.026,0.745884503227681,0.103,-31093.2554972394,64265.7453334524,100,4.21,TRUE,"",3.5,48,3600048,3800048
"DGMM",NA,0.416709010286235,0.177,0.185688574716808,0.525,-35553.3793003057,73192.9006948641,26,3.11,TRUE,"",3.5,49,3600049,3800049
"RDMM",3.16908108899061,0.898602582573483,0.026,0.72045454014848,0.115,-32054.7160051843,66188.6663493422,166,6.74,TRUE,"",3.5,49,3600049,3800049
"DGMM",NA,-0.000163557024107573,0.482,-0.0015640229095296,0.734,-32173.5532742286,66433.2486427097,27,3.27,TRUE,"",3.5,50,3600050,3800050
"RDMM",3.48657112034889,0.910025811118113,0.023,0.726612320974904,0.113,-30730.2455759899,63539.7254909534,100,4.06,TRUE,"",3.5,50,3600050,3800050
"DGMM",NA,0.361846771868093,0.199,0.150814706802069,0.57,-33748.1134648152,69582.369023883,36,4.26000000000001,TRUE,"",3.5,51,3600051,3800051
"RDMM",3.45580966782214,0.898602521198594,0.026,0.756468170622908,0.099,-30942.7218959485,63964.6781308706,132,5.25,TRUE,"",3.5,51,3600051,3800051
"DGMM",NA,0.263539650613159,0.243,0.107218994263763,0.585,-32595.7359680984,67277.6140304494,27,3.31,TRUE,"",3.5,52,3600052,3800052
"RDMM",4.0080910035947,0.952528511936547,0.012,0.77104153578021,0.093,-30488.2098980063,63055.6541349862,107,4.22,TRUE,"",3.5,52,3600052,3800052
"DGMM",NA,0.774175337777347,0.06,0.265073792717738,0.513,-34011.8340761428,70109.8102465382,21,2.63,TRUE,"",3.5,53,3600053,3800053
"RDMM",3.62088535237248,0.940840800044508,0.015,0.779735388810722,0.09,-30830.448909094,63740.1321571616,112,4.56999999999999,TRUE,"",3.5,53,3600053,3800053
"DGMM",NA,0.118374577977663,0.327,0.0862109412080285,0.645,-34425.5959592853,70937.3340128231,38,4.56,TRUE,"",3.5,54,3600054,3800054
"RDMM",3.61248225621894,0.929225212878938,0.018,0.734654867682245,0.109,-31285.5117068863,64650.2577527462,141,5.66999999999999,TRUE,"",3.5,54,3600054,3800054
"DGMM",NA,-0.00180022848492234,0.496,0.000234040697454419,0.718,-32629.8971846761,67345.9364636048,40,4.91,TRUE,"",3.5,55,3600055,3800055
"RDMM",3.13713288061179,0.91768127078131,0.021,0.697189136890052,0.128,-31304.8400863979,64688.9145117694,137,5.58,TRUE,"",3.5,55,3600055,3800055
"DGMM",NA,0.162641780469392,0.298,0.0786412247329824,0.626,-34382.483655453,70851.1094051587,37,4.44,TRUE,"",3.5,56,3600056,3800056
"RDMM",3.31443067044787,0.891026926459176,0.028,0.732732954189569,0.11,-31087.0297955847,64253.2939301431,113,4.67,TRUE,"",3.5,56,3600056,3800056
"DGMM",NA,0.000431854427403798,0.482,0.00117902950169866,0.732,-32914.7236845418,67915.5894633363,46,5.57000000000001,TRUE,"",3.5,57,3600057,3800057
"RDMM",3.39128395090572,0.925369354832112,0.019,0.778743719523952,0.09,-31192.5266410469,64464.2876210674,100,4.03,TRUE,"",3.5,57,3600057,3800057
"DGMM",NA,-0.00113788595511789,0.494,0.000172393302800664,0.731,-32593.7720829499,67273.6862601524,33,3.98000000000002,TRUE,"",3.5,58,3600058,3800058
"RDMM",3.59263728772122,0.936960925487305,0.016,0.7039422284846,0.124,-31139.6560235429,64358.5463860593,105,4.32999999999998,TRUE,"",3.5,58,3600058,3800058
"DGMM",NA,-0.000164981390058689,0.487,-0.000741211571492726,0.729,-32576.0051806979,67238.1524556485,27,3.24000000000001,TRUE,"",3.5,59,3600059,3800059
"RDMM",3.42145537426284,0.933089099329263,0.017,0.735153928877441,0.11,-31167.3950933549,64414.0245256834,100,4.03,TRUE,"",3.5,59,3600059,3800059
"DGMM",NA,0.853629648024756,0.038,0.313525100041814,0.491,-34222.1594461054,70530.4609864634,13,1.66,TRUE,"",3.5,60,3600060,3800060
"RDMM",3.6552291490299,0.913849814037651,0.022,0.717272293200153,0.118,-31106.4440376911,64292.1224143557,165,6.81999999999999,TRUE,"",3.5,60,3600060,3800060
"DGMM",NA,0.381360407129018,0.191,0.163908978350595,0.571,-33589.4008266479,69264.9437475484,32,3.79999999999998,TRUE,"",3.5,61,3600061,3800061
"RDMM",3.83702726225434,0.933089044491842,0.017,0.749330315165236,0.103,-30894.8014372712,63868.8372135161,100,4.09,TRUE,"",3.5,61,3600061,3800061
"DGMM",NA,-0.000680660437226087,0.498,-0.000594340293563689,0.736,-31894.3261741298,65874.7944425123,35,4.22999999999999,TRUE,"",3.5,62,3600062,3800062
"RDMM",3.62097059608229,0.92922515932271,0.018,0.708652038990831,0.122,-30714.4802952424,63508.1949294585,194,7.94,TRUE,"",3.5,62,3600062,3800062
"DGMM",NA,0.849934190519145,0.039,0.328981559227805,0.435,-33966.9097016107,70019.9614974741,12,1.5,TRUE,"",3.5,63,3600063,3800063
"RDMM",3.46394825708044,0.92152149321267,0.02,0.664080041791835,0.145,-30870.5681859253,63820.3707108242,119,4.82999999999998,TRUE,"",3.5,63,3600063,3800063
"DGMM",NA,0.00132718883319484,0.477,-0.000360949977412961,0.727,-32714.2849662438,67514.7120267403,37,4.53,TRUE,"",3.5,64,3600064,3800064
"RDMM",3.4090096964771,0.910026008500048,0.023,0.743064409538511,0.105,-31452.5403048554,64984.3149486844,213,8.5,TRUE,"",3.5,64,3600064,3800064
"DGMM",NA,-0.000548385751297545,0.5,-0.000155324888136426,0.731,-32738.8270195552,67563.7961333631,47,5.72,TRUE,"",3.5,65,3600065,3800065
"RDMM",3.63092418784749,-2.37850212119547e-05,0.499,0.257403364873582,0.517,-30907.4521709234,63894.1386808204,146,5.87,TRUE,"",3.5,65,3600065,3800065
"DGMM",NA,0.373988433436065,0.194,0.154794748923129,0.55,-33970.7386706301,70027.6194355128,24,2.87,TRUE,"",3.5,66,3600066,3800066
"RDMM",3.64338881934282,0.898602513590736,0.026,0.555071149834954,0.221,-31117.4941842557,64314.2227074851,141,5.71000000000001,TRUE,"",3.5,66,3600066,3800066
"DGMM",NA,-0.000715374578354831,0.482,-0.000708201781948382,0.711,-32441.5321521322,66969.2063985171,29,3.5,TRUE,"",3.5,67,3600067,3800067
"RDMM",3.40095009760747,0.917681090403528,0.021,0.760277653518293,0.099,-30852.5345202472,63784.303379468,127,5.22999999999999,TRUE,"",3.5,67,3600067,3800067
"DGMM",NA,0.00184890334194417,0.475,0.00119802808347545,0.724,-32346.0758698796,66778.2938340118,32,3.90000000000001,TRUE,"",3.5,68,3600068,3800068
"RDMM",3.56934368942301,0.902402311234126,0.025,0.505054818311282,0.296,-31224.6534947304,64528.5413284344,102,4.22,TRUE,"",3.5,68,3600068,3800068
"DGMM",NA,0.817033053493044,0.048,0.327039148279799,0.48,-33727.2167862317,69540.575666716,11,1.38,TRUE,"",3.5,69,3600069,3800069
"RDMM",3.60674846036774,0.879723643025359,0.031,0.712732273997645,0.119,-30496.3836505139,63072.0016400015,105,4.22999999999999,TRUE,"",3.5,69,3600069,3800069
"DGMM",NA,0.00158846395400438,0.473,0.000658782974320825,0.719,-31976.3617170041,66038.8655282608,28,3.35999999999999,TRUE,"",3.5,70,3600070,3800070
"RDMM",3.53726354365949,0.898602513590736,0.026,0.745867124171701,0.103,-30604.9901064889,63289.2145519515,186,7.5,TRUE,"",3.5,70,3600070,3800070
"DGMM",NA,0.00131347350165787,0.477,0.00368998993481553,0.717,-32733.4112595378,67552.9646133282,22,2.75,TRUE,"",3.5,71,3600071,3800071
"RDMM",3.22080163453395,0.940840790905302,0.015,0.738503697678068,0.108,-31308.1689081371,64695.5721552477,154,6.19,TRUE,"",3.5,71,3600071,3800071
"DGMM",NA,0.795459254964828,0.054,0.27750833344088,0.48,-34496.3017380682,71078.7455703891,13,1.68000000000001,TRUE,"",3.5,72,3600072,3800072
"RDMM",3.41384117377862,0.891023029311978,0.028,0.679478369334592,0.137,-31345.5236149109,64770.2815687953,124,5.23000000000002,TRUE,"",3.5,72,3600072,3800072
"DGMM",NA,-0.00111926925133101,0.498,0.000637860377974672,0.722,-32435.3771511027,66956.896396458,29,3.83000000000004,TRUE,"",3.5,73,3600073,3800073
"RDMM",3.48836449155451,0.917681680802741,0.021,0.754378324395304,0.1,-31023.1897391311,64125.6138172357,144,5.75999999999999,TRUE,"",3.5,73,3600073,3800073
"DGMM",NA,0.868491420091962,0.034,0.31408894057721,0.464,-34076.1701584936,70238.4824112397,16,1.98000000000002,TRUE,"",3.5,74,3600074,3800074
"RDMM",3.69250445979621,0.936960820606327,0.016,0.761763972958597,0.097,-30964.7706012878,64008.7755415492,100,4.09999999999997,TRUE,"",3.5,74,3600074,3800074
"DGMM",NA,0.196538221541469,0.278,0.0907749279883577,0.609,-34433.9369066923,70954.0159076371,35,4.16999999999996,TRUE,"",3.5,75,3600075,3800075
"RDMM",3.58552361700092,0.902402383391423,0.025,0.739164561700032,0.107,-31247.9652388085,64575.1648165906,143,5.94,TRUE,"",3.5,75,3600075,3800075
"DGMM",NA,0.349904797149274,0.204,0.145089585172608,0.571,-34249.2551194634,70584.6523331793,37,4.35999999999996,TRUE,"",3.5,76,3600076,3800076
"RDMM",3.31597355426656,0.906210221997262,0.024,0.512910931813489,0.305,-31411.998852225,64903.2320434237,213,8.5,TRUE,"",3.5,76,3600076,3800076
"DGMM",NA,-0.00105633328069242,0.494,-0.000669151189449527,0.727,-32786.2739139788,67658.6899222101,52,6.12,TRUE,"",3.5,77,3600077,3800077
"RDMM",3.55453840003825,0.910026002008943,0.023,0.743211578716281,0.105,-31395.4538129568,64870.1419648873,100,4.11000000000001,TRUE,"",3.5,77,3600077,3800077
"DGMM",NA,0.354658580050141,0.202,0.149534506706798,0.584,-34436.0223090866,70958.1867124258,36,4.36000000000001,TRUE,"",3.5,78,3600078,3800078
"RDMM",3.2305002466694,0.879723653985688,0.031,0.752397590731524,0.101,-31331.4042900649,64742.0429191034,108,4.39999999999998,TRUE,"",3.5,78,3600078,3800078
"DGMM",NA,0.000422546301409965,0.483,0.000627982059466533,0.733,-32332.6596225075,66751.4613392676,25,3.02000000000004,TRUE,"",3.5,79,3600079,3800079
"RDMM",3.80887617736874,0.913849774222803,0.022,0.755080551428773,0.1,-31148.4537762991,64376.1418915719,125,5.02999999999997,TRUE,"",3.5,79,3600079,3800079
"DGMM",NA,0.827927999581534,0.045,0.323883850370606,0.51,-34946.3358151578,71978.8137245683,15,1.81,TRUE,"",3.5,80,3600080,3800080
"RDMM",3.38241768341131,0.917681659708151,0.021,0.726874715557157,0.113,-31746.566542132,65572.3674232376,100,4.06,TRUE,"",3.5,80,3600080,3800080
"DGMM",NA,0.685271856596917,0.086,0.239699246218,0.51,-34391.4201024563,70868.9822991653,14,1.69999999999999,TRUE,"",3.5,81,3600081,3800081
"RDMM",3.41883511387665,0.898602552064052,0.026,0.738417321169066,0.107,-30799.8289325565,63678.8922040865,174,6.97000000000003,TRUE,"",3.5,81,3600081,3800081
"DGMM",NA,0.553098518611339,0.128,0.385622250043032,0.33,-35221.6778176514,72529.4977295555,6,0.810000000000002,TRUE,"",3.5,82,3600082,3800082
"RDMM",3.48340494737888,0.913849777139825,0.022,0.750329709038416,0.103,-31034.3065058957,64147.847350765,200,7.5,TRUE,"",3.5,82,3600082,3800082
"DGMM",NA,0.492204541921227,0.149,0.208085230521432,0.529,-34143.5607999379,70373.2636941284,27,2.66000000000003,TRUE,"",3.5,83,3600083,3800083
"RDMM",3.5004376735115,0.910024337624136,0.023,0.735340135075699,0.109,-31220.9565627292,64521.1474644319,171,4.82999999999998,TRUE,"",3.5,83,3600083,3800083
"DGMM",NA,0.235544325813624,0.257,0.0995956208399971,0.587,-33990.6612216404,70067.4645375334,36,2.66,TRUE,"",3.5,84,3600084,3800084
"RDMM",3.54566315203366,0.929225192818055,0.018,0.726452171148864,0.114,-31021.1948772412,64121.6240934561,110,5.3,TRUE,"",3.5,84,3600084,3800084
"DGMM",NA,0.315049323928057,0.219,0.174527821637561,0.591,-35242.8238424928,72571.7897792381,14,1.7,TRUE,"",3.5,85,3600085,3800085
"RDMM",3.28523473012018,0.87597181719092,0.032,0.71750843901214,0.118,-31770.816541355,65620.8674216837,152,6.14,TRUE,"",3.5,85,3600085,3800085
"DGMM",NA,0.562062878256682,0.125,0.218877809208677,0.516,-34354.8972559834,70795.9366062195,14,1.72,TRUE,"",3.5,86,3600086,3800086
"RDMM",3.81998849391674,0.887251261825671,0.029,0.738413462978812,0.107,-30974.0625554481,64027.3594498698,252,10.05,TRUE,"",3.5,86,3600086,3800086
"DGMM",NA,0.000632780298449706,0.482,0.00208327164687335,0.711,-32282.1016237633,66650.3453417792,57,6.75,TRUE,"",3.5,87,3600087,3800087
"RDMM",3.41170494846089,0.906210123654458,0.024,0.743107443744574,0.105,-30800.4800728648,63680.1944847033,171,6.87,TRUE,"",3.5,87,3600087,3800087
"DGMM",NA,0.887251262085965,0.029,0.395656546724328,0.499,-33862.9839074374,69812.1099091275,54,6.53,TRUE,"",3.5,88,3600088,3800088
"RDMM",3.40829132556574,0.921521531712703,0.02,0.750124354599616,0.103,-30693.3838534059,63466.0020457855,187,7.56,TRUE,"",3.5,88,3600088,3800088
"DGMM",NA,0.41678657671854,0.177,0.16925812611745,0.57,-33407.1141214103,68900.3703370731,21,2.53,TRUE,"",3.5,89,3600089,3800089
"RDMM",3.53712158079176,0.910025995292812,0.023,0.752612951872892,0.101,-30980.3419995853,64039.9183381443,100,4.03,TRUE,"",3.5,89,3600089,3800089
"DGMM",NA,0.77417518753372,0.06,0.371308967916377,0.453,-35122.5713691884,72331.2848326293,20,2.38999999999999,TRUE,"",3.5,90,3600090,3800090
"RDMM",3.40664320124212,0.936960928519243,0.016,0.763934596869744,0.096,-31286.4163099036,64652.0669587809,100,4.08000000000001,TRUE,"",3.5,90,3600090,3800090
"DGMM",NA,-0.000717962530880056,0.493,-0.0010547619445096,0.726,-32609.4370164621,67305.0161271768,29,3.47,TRUE,"",3.5,91,3600091,3800091
"RDMM",3.52084334989011,0.913849833889123,0.022,0.748137861979905,0.104,-31151.4903282847,64382.2149955431,102,4.09999999999999,TRUE,"",3.5,91,3600091,3800091
"DGMM",NA,0.432452433607575,0.171,0.206519132690901,0.526,-33696.4759629407,69479.0940201339,39,4.72,TRUE,"",3.5,92,3600092,3800092
"RDMM",3.4628150802943,0.872228108873526,0.033,0.718937147142114,0.117,-31011.2449621722,64101.724263318,100,4.05,TRUE,"",3.5,92,3600092,3800092
"DGMM",NA,0.342754253473985,0.207,0.180575561491868,0.539,-33981.7694597068,70049.6810136663,41,4.95999999999999,TRUE,"",3.5,93,3600093,3800093
"RDMM",3.55747989967224,0.910026027142495,0.023,0.778526236890863,0.089,-30699.1211533752,63477.4766457241,196,7.87,TRUE,"",3.5,93,3600093,3800093
"DGMM",NA,-0.000654513070166654,0.494,-0.00097713284582054,0.739,-32809.793544714,67705.7291836807,45,5.40000000000001,TRUE,"",3.5,94,3600094,3800094
"RDMM",3.14819706878222,0.913849814037651,0.022,0.743167204472232,0.105,-31436.9197771936,64953.0738933608,112,4.69,TRUE,"",3.5,94,3600094,3800094
"DGMM",NA,0.000783114594624134,0.48,0.00281130809198825,0.712,-32912.540110662,67911.2223155767,20,2.44,TRUE,"",3.5,95,3600095,3800095
"RDMM",3.46305907631598,0.936960920733226,0.016,0.718790315222662,0.117,-31545.4889346968,65170.2122083673,300,11.97,TRUE,"",3.5,95,3600095,3800095
"DGMM",NA,0.891027023609778,0.028,0.419610265112593,0.419,-33821.5354540216,69729.2130022959,17,2.06,TRUE,"",3.5,96,3600096,3800096
"RDMM",3.81475355900776,0.933089087859753,0.017,0.75695314369414,0.099,-30755.205310323,63589.6449596196,100,4.13,TRUE,"",3.5,96,3600096,3800096
"DGMM",NA,0.396294057103595,0.185,0.159034922688563,0.579,-34419.1298376281,70924.4017695088,24,2.87,TRUE,"",3.5,97,3600097,3800097
"RDMM",3.2470476623313,0.917681682703154,0.021,0.720119555494765,0.116,-30918.759492833,63916.7533246395,100,4.01000000000002,TRUE,"",3.5,97,3600097,3800097
"DGMM",NA,0.712053096058051,0.078,0.286919617681748,0.497,-34401.0743856011,70888.2908654548,24,2.97,TRUE,"",3.5,98,3600098,3800098
"RDMM",3.36992371348795,0.91768159952833,0.021,0.735047269076711,0.109,-31228.0807590371,64535.3958570478,137,5.59,TRUE,"",3.5,98,3600098,3800098
"DGMM",NA,0.35944845395689,0.2,0.144553827764215,0.572,-34216.854498866,70519.8510919845,23,2.72999999999999,TRUE,"",3.5,99,3600099,3800099
"RDMM",3.34167135486223,0.894810740235001,0.027,0.759373164028841,0.098,-31228.9686678578,64537.1716746892,100,4.08000000000001,TRUE,"",3.5,99,3600099,3800099
"DGMM",NA,0.770655612307613,0.061,0.280480653384678,0.437,-34100.3047557658,70286.7516057841,13,1.72,TRUE,"",3.5,100,3600100,3800100
"RDMM",3.74578933995912,0.921521446019881,0.02,0.759502757046767,0.098,-30902.0666838362,63883.3677066461,106,4.25999999999999,TRUE,"",3.5,100,3600100,3800100
"DGMM",NA,0.788332441262542,0.056,0.345734363001876,0.485,-34593.2209934147,71272.5840810821,36,4.34,TRUE,"",3.5,101,3600101,3800101
"RDMM",3.15301285341077,0.898602583817074,0.026,0.711381475372951,0.12,-31397.7686781455,64874.7716952647,152,6.41999999999999,TRUE,"",3.5,101,3600101,3800101
"DGMM",NA,0.443006016446428,0.167,0.188502945964541,0.562,-33545.3724346426,69176.8869635377,21,2.59999999999999,TRUE,"",3.5,102,3600102,3800102
"RDMM",3.34544673513203,0.902402405297078,0.025,0.736247872306506,0.11,-30887.7991717576,63854.8326824887,216,8.53,TRUE,"",3.5,102,3600102,3800102
"DGMM",NA,0.887251196687212,0.029,0.326754724393822,0.441,-34516.7748414604,71119.6917771733,16,2.05000000000001,TRUE,"",3.5,103,3600103,3800103
"RDMM",3.49191569144798,0.940840224929158,0.015,0.736433602790869,0.109,-31218.25815591,64515.7506507937,169,6.83000000000001,TRUE,"",3.5,103,3600103,3800103
"DGMM",NA,0.883483402180665,0.03,0.595267139932853,0.18,-33688.0008280088,69462.1437502702,19,2.27999999999997,TRUE,"",3.5,104,3600104,3800104
"RDMM",3.78140682466364,0.929225180061007,0.018,0.754178724832149,0.101,-30664.421498939,63408.0773368516,100,4.01999999999998,TRUE,"",3.5,104,3600104,3800104
"DGMM",NA,0.00176942653624773,0.474,0.000291430219792564,0.729,-32577.8371816672,67241.816457587,58,6.97,TRUE,"",3.5,105,3600105,3800105
"RDMM",3.52125160501943,0.917681669637813,0.021,0.738846256141389,0.107,-31259.1343253587,64597.502989691,100,4.06,TRUE,"",3.5,105,3600105,3800105
"DGMM",NA,0.846246256096336,0.04,0.28701637696746,0.491,-34961.380810335,72008.9037149226,20,2.38999999999999,TRUE,"",3.5,106,3600106,3800106
"RDMM",3.50280907743225,0.913849850297347,0.022,0.729982031146906,0.111,-31630.7563202777,65340.746979529,122,4.94,TRUE,"",3.5,106,3600106,3800106
"DGMM",NA,0.864764735118189,0.035,0.299255924027078,0.451,-34363.6563359651,70813.4547661828,20,2.38999999999999,TRUE,"",3.5,107,3600107,3800107
"RDMM",3.48883081203335,0.921521507384713,0.02,0.747641690631506,0.103,-31208.2437187806,64495.7217765349,123,5,TRUE,"",3.5,107,3600107,3800107
"DGMM",NA,0.777701723063698,0.059,0.289386510191947,0.431,-34453.5189734531,70993.1800411588,12,1.55000000000001,TRUE,"",3.5,108,3600108,3800108
"RDMM",3.57038130000926,0.910025957817476,0.023,0.656880559143657,0.148,-31192.9073785872,64465.049096148,106,4.32999999999998,TRUE,"",3.5,108,3600108,3800108
"DGMM",NA,-0.000971200974813824,0.5,-0.000258640139972744,0.73,-32220.2169309646,66526.5759561819,33,4.04000000000002,TRUE,"",3.5,109,3600109,3800109
"RDMM",3.70707676016222,0.917681686630674,0.021,0.730271926280067,0.111,-30991.9648503276,64063.1640396288,131,5.29999999999998,TRUE,"",3.5,109,3600109,3800109
"DGMM",NA,0.864760321939274,0.035,0.332423343505627,0.412,-34621.0068459038,71328.1557860601,15,1.86000000000001,TRUE,"",3.5,110,3600110,3800110
"RDMM",3.52504724019209,0.913844029498104,0.022,0.731907677533675,0.111,-31064.3075722415,64207.8494834567,100,4.02999999999997,TRUE,"",3.5,110,3600110,3800110
"DGMM",NA,0.831575514821313,0.044,0.332749836185214,0.397,-33758.6142713316,69603.3706369158,16,2.01000000000002,TRUE,"",3.5,111,3600111,3800111
"RDMM",3.90113757294299,0.913849805514484,0.022,0.721900350801529,0.115,-30827.7095830531,63734.6535050798,100,3.98999999999998,TRUE,"",3.5,111,3600111,3800111
"DGMM",NA,-0.00101826640255673,0.487,-0.00113783265284729,0.735,-32685.3932897027,67456.928673658,27,3.38999999999999,TRUE,"",3.5,112,3600112,3800112
"RDMM",3.3752951935426,0.887250441396612,0.029,0.730741425508993,0.11,-31188.605540601,64456.4454201757,131,5.30000000000001,TRUE,"",3.5,112,3600112,3800112
"DGMM",NA,0.000627471084384126,0.481,-0.00117964538269341,0.732,-32796.1510958179,67678.4442858883,35,4.24000000000001,TRUE,"",3.5,113,3600113,3800113
"RDMM",3.38377581945011,0.925369353008673,0.019,0.740524303336945,0.107,-31337.0873980546,64753.4091350828,157,6.88,TRUE,"",3.5,113,3600113,3800113
"DGMM",NA,0.335778816583354,0.21,0.137392801313695,0.582,-33595.0916715483,69276.3254373493,22,2.67000000000002,TRUE,"",3.5,114,3600114,3800114
"RDMM",3.61890226997659,0.936960955176029,0.016,0.727524892051313,0.113,-31355.3413789342,64789.9170968421,108,4.46999999999997,TRUE,"",3.5,114,3600114,3800114
"DGMM",NA,0.898602646089222,0.026,0.359874555904766,0.509,-33826.8407329312,69739.823560115,20,2.39999999999998,TRUE,"",3.5,115,3600115,3800115
"RDMM",3.88063240552247,0.93696090226164,0.016,0.755914053921112,0.1,-30955.3291138302,63989.8925666341,164,6.53000000000003,TRUE,"",3.5,115,3600115,3800115
"DGMM",NA,0.729045445775026,0.073,0.259248112607431,0.525,-34058.2485130534,70202.6391203594,10,1.25,TRUE,"",3.5,116,3600116,3800116
"RDMM",3.6154700463816,0.948624575793517,0.013,0.76940196981417,0.094,-30630.6305797243,63340.4954984221,105,4.38999999999999,TRUE,"",3.5,116,3600116,3800116
"DGMM",NA,-0.000847890466653216,0.499,-0.0012217197475177,0.737,-32653.7844271587,67393.7109485699,56,6.66999999999996,TRUE,"",3.5,117,3600117,3800117
"RDMM",3.53794382108756,0.913849777139825,0.022,0.743392857806922,0.105,-31281.9830329194,64643.2004048125,253,10.1,TRUE,"",3.5,117,3600117,3800117
"DGMM",NA,-4.63856251640179e-05,0.488,0.000974951850842109,0.73,-32458.7420898418,67003.6262739361,28,3.35000000000002,TRUE,"",3.5,118,3600118,3800118
"RDMM",3.42175320833001,0.898602528221231,0.026,0.730881996544257,0.111,-31024.8338305445,64128.9020000626,140,5.75,TRUE,"",3.5,118,3600118,3800118
"DGMM",NA,-0.000627195175577919,0.497,0.000170166110971919,0.729,-33079.8060232868,68245.7541408262,21,2.55000000000001,TRUE,"",3.5,119,3600119,3800119
"RDMM",3.2472019254362,0.917681602167798,0.021,0.711267945548442,0.121,-31460.3609133964,64999.9561657664,197,7.87,TRUE,"",3.5,119,3600119,3800119
"DGMM",NA,0.0026704402762195,0.471,0.000587245582350369,0.721,-32307.1464799685,66700.4350541896,25,3.05000000000001,TRUE,"",3.5,120,3600120,3800120
"RDMM",3.59779159455077,0.917681615365134,0.021,0.776614519292649,0.09,-30848.2897368799,63775.8138127335,172,6.94,TRUE,"",3.5,120,3600120,3800120
"DGMM",NA,0.37891814962308,0.192,0.159993199152931,0.546,-33744.2649032004,69574.6719006535,26,3.15999999999997,TRUE,"",3.5,121,3600121,3800121
"RDMM",3.82194450988239,0.913849769630427,0.022,0.778608479543267,0.089,-30733.1401918546,63545.5147226829,111,4.46999999999997,TRUE,"",3.5,121,3600121,3800121
"DGMM",NA,0.369124278750116,0.196,0.170045435162048,0.526,-34276.0927038339,70638.3275019205,57,6.59000000000003,TRUE,"",3.5,122,3600122,3800122
"RDMM",3.43322967583178,0.891026922187606,0.028,0.729912814507001,0.111,-31419.5418168608,64918.3179726952,233,7.54000000000002,TRUE,"",3.5,122,3600122,3800122
"DGMM",NA,0.265627952675328,0.242,0.100370936964267,0.606,-34524.0405845265,71134.2232633057,48,3.78000000000003,TRUE,"",3.5,123,3600123,3800123
"RDMM",3.40322280120558,0.898602557248121,0.026,0.709548183190048,0.121,-31385.6551187946,64850.5445765628,136,3.21999999999997,TRUE,"",3.5,123,3600123,3800123
"DGMM",NA,-0.000688175617223744,0.493,0.000535847223698786,0.719,-32682.5703693429,67451.2828329385,26,1.72000000000003,TRUE,"",3.5,124,3600124,3800124
"RDMM",3.5477954810995,0.879723735281803,0.031,0.532160291206091,0.286,-31529.6168093866,65138.4679577468,100,2.27999999999997,TRUE,"",3.5,124,3600124,3800124
"DGMM",NA,0.770654781528854,0.061,0.29331203733427,0.476,-34084.1619931185,70254.4660804895,14,0.939999999999998,TRUE,"",3.5,125,3600125,3800125
"RDMM",3.66573901264112,0.948624621021968,0.013,0.776404636030394,0.091,-31061.5904484012,64202.4152357759,111,2.56,TRUE,"",3.5,125,3600125,3800125
"DGMM",NA,0.849933918897268,0.039,0.289566290235151,0.486,-34398.3507412535,70882.8435767596,37,2.36,TRUE,"",3.5,126,3600126,3800126
"RDMM",3.48440228220137,0.910025936232361,0.023,0.735285569698862,0.109,-31156.791180258,64392.8166994896,217,9.44,TRUE,"",3.5,126,3600126,3800126
"DGMM",NA,0.00309908424584343,0.469,0.00327053033873471,0.714,-32905.5544404726,67897.2509751979,20,2.47,TRUE,"",3.5,127,3600127,3800127
"RDMM",3.34363450788799,0.90621023841703,0.024,0.710836753930444,0.12,-31522.4253406916,65124.0850203568,102,4.17,TRUE,"",3.5,127,3600127,3800127
"DGMM",NA,0.722227693344783,0.075,0.262683804257546,0.508,-34017.1918131631,70120.5257205789,17,2.1,TRUE,"",3.5,128,3600128,3800128
"RDMM",3.59263131843017,0.913849766967539,0.022,0.69594335380997,0.128,-31197.7089782982,64474.65229557,100,4.17,TRUE,"",3.5,128,3600128,3800128
"DGMM",NA,0.00345184084636195,0.468,0.0036587251300081,0.707,-32305.4456909755,66697.0334762037,60,7.12,TRUE,"",3.5,129,3600129,3800129
"RDMM",3.61553369380114,0.921521444143945,0.02,0.748606633998891,0.103,-30836.4152027522,63752.064744478,100,3.99,TRUE,"",3.5,129,3600129,3800129
"DGMM",NA,0.553115632532366,0.128,0.218014420070778,0.534,-33965.031155652,70016.2044055566,20,2.47000000000001,TRUE,"",3.5,130,3600130,3800130
"RDMM",3.6722710595362,0.891026970909686,0.028,0.759336710627123,0.098,-31267.5009007185,64614.2361404105,138,5.5,TRUE,"",3.5,130,3600130,3800130
"DGMM",NA,0.824286776592673,0.046,0.285382597381532,0.491,-34341.9193004265,70769.9806951056,13,1.75,TRUE,"",3.5,131,3600131,3800131
"RDMM",3.49823145996338,0.93308701669282,0.017,0.712714739585841,0.121,-30822.0926501147,63723.4196392029,104,4.23,TRUE,"",3.5,131,3600131,3800131
"DGMM",NA,0.861045048333178,0.036,0.290772896668082,0.473,-35298.3166305174,72682.7753552874,18,2.2,TRUE,"",3.5,132,3600132,3800132
"RDMM",3.3740388790788,0.879723724660865,0.031,0.718451967549724,0.116,-31840.0067225905,65759.2477841547,100,4.11,TRUE,"",3.5,132,3600132,3800132
"DGMM",NA,0.853628797493457,0.038,0.302435171604455,0.508,-34929.2785448588,71944.6991839703,15,1.85,TRUE,"",3.5,133,3600133,3800133
"RDMM",3.31661458751547,0.936960855222061,0.016,0.715027411863366,0.12,-31619.0544342436,65317.3432074609,227,8.97,TRUE,"",3.5,133,3600133,3800133
"DGMM",NA,0.887251236403677,0.029,0.307304837514482,0.479,-34019.2698748737,70124.6818440001,18,2.23999999999999,TRUE,"",3.5,134,3600134,3800134
"RDMM",3.62207331410999,0.913849795271764,0.022,0.766626060099173,0.095,-30819.4373347811,63718.1090085358,181,7.25,TRUE,"",3.5,134,3600134,3800134
"DGMM",NA,0.301871936320369,0.225,0.207855043598131,0.515,-34462.060981452,71010.2640571566,11,1.37,TRUE,"",3.5,135,3600135,3800135
"RDMM",3.69163081022563,0.913849898328656,0.022,0.746398760715723,0.104,-31103.7516651882,64286.73766935,100,4.06,TRUE,"",3.5,135,3600135,3800135
"DGMM",NA,0.872228201569783,0.033,0.349346210357077,0.397,-34556.590631725,71199.3233577026,13,1.59,TRUE,"",3.5,136,3600136,3800136
"RDMM",3.45600216737335,0.929225218730405,0.018,0.735304666945942,0.11,-31192.7606289582,64464.7555968899,253,10.1,TRUE,"",3.5,136,3600136,3800136
"DGMM",NA,-0.000397210840832049,0.488,0.000282529680772783,0.729,-32558.4332285394,67203.0085513313,34,4.05999999999999,TRUE,"",3.5,137,3600137,3800137
"RDMM",3.23146990831228,0.887251254595299,0.029,0.718340462513604,0.116,-31058.9601455133,64197.1546300002,171,6.8,TRUE,"",3.5,137,3600137,3800137
"DGMM",NA,0.678652199147767,0.088,0.330725119211703,0.498,-34979.0616438231,72044.2653818988,12,1.66,TRUE,"",3.5,138,3600138,3800138
"RDMM",3.44286718165867,0.872228048477086,0.033,0.431224785751412,0.481,-31394.137038688,64867.5084163497,100,4.05,TRUE,"",3.5,138,3600138,3800138
"DGMM",NA,-0.000400456938494621,0.488,0.0029999992126948,0.711,-32499.9218034369,67085.9857011264,35,4.23999999999999,TRUE,"",3.5,139,3600139,3800139
"RDMM",3.61888544067823,0.89860260418757,0.026,0.69560401652432,0.128,-31189.8391122833,64458.9125635403,235,9.39,TRUE,"",3.5,139,3600139,3800139
"DGMM",NA,0.317489155037353,0.218,0.129727409409589,0.557,-34201.9785059307,70490.099106114,33,3.91999999999999,TRUE,"",3.5,140,3600140,3800140
"RDMM",3.64629650560645,0.906210167264659,0.024,0.57725496083548,0.205,-31757.7711272283,65594.7765934302,106,4.25,TRUE,"",3.5,140,3600140,3800140
"DGMM",NA,0.83157558410547,0.044,0.282669396982063,0.482,-34536.0798170798,71158.3017284121,22,2.66,TRUE,"",3.5,141,3600141,3800141
"RDMM",3.48570528473543,0.902402382508938,0.025,0.760609958035277,0.098,-31464.1684965262,65007.5713320261,201,8.03,TRUE,"",3.5,141,3600141,3800141
"DGMM",NA,0.817032975199378,0.048,0.295145785087963,0.493,-33860.7802425004,69807.7025792535,12,1.59,TRUE,"",3.5,142,3600142,3800142
"RDMM",3.82103850221384,0.925369315735835,0.019,0.757230372719607,0.099,-30879.282721506,63837.7997819856,155,6.16999999999999,TRUE,"",3.5,142,3600142,3800142
"DGMM",NA,0.00118912164545224,0.477,-0.000173587008037927,0.727,-32616.6482993936,67319.4386930397,24,3.17000000000002,TRUE,"",3.5,143,3600143,3800143
"RDMM",3.45867715414575,0.910026055235975,0.023,0.736038901059513,0.109,-31263.0894701966,64605.4132793668,149,6.07999999999998,TRUE,"",3.5,143,3600143,3800143
"DGMM",NA,0.265266947805323,0.242,0.114535488342434,0.586,-34310.4439398468,70707.0299739461,31,3.75999999999999,TRUE,"",3.5,144,3600144,3800144
"RDMM",3.38315379958777,0.925369063324806,0.019,0.7204838032316,0.116,-31304.6777008298,64688.5897406332,105,4.47999999999999,TRUE,"",3.5,144,3600144,3800144
"DGMM",NA,0.472596884281299,0.156,0.190460327620579,0.544,-33647.5999723492,69381.3420389509,27,3.19999999999999,TRUE,"",3.5,145,3600145,3800145
"RDMM",3.65107657827595,0.952527994830325,0.012,0.746759496005929,0.104,-30580.3116905234,63239.8577200203,156,6.28,TRUE,"",3.5,145,3600145,3800145
"DGMM",NA,0.421981805473554,0.175,0.172969487062837,0.566,-33755.452504043,69597.0471023387,20,2.44,TRUE,"",3.5,146,3600146,3800146
"RDMM",3.47998875371397,0.910026010369486,0.023,0.736212110480022,0.108,-30926.9019299476,63933.0381988689,219,8.78999999999999,TRUE,"",3.5,146,3600146,3800146
"DGMM",NA,0.000166358319956566,0.485,0.000248144603500804,0.72,-32602.062159201,67290.2664126545,27,3.28,TRUE,"",3.5,147,3600147,3800147
"RDMM",3.41940869040346,0.894810712551045,0.027,0.717291934778799,0.118,-31338.5474096619,64756.3291582974,126,5.07999999999998,TRUE,"",3.5,147,3600147,3800147
"DGMM",NA,0.00152737698363333,0.476,0.00114803796473041,0.727,-32588.0134304664,67262.1689551854,27,3.34999999999999,TRUE,"",3.5,148,3600148,3800148
"RDMM",3.17225570676308,0.917681626815139,0.021,0.750672610193138,0.102,-31179.6950096388,64438.6243582512,127,5.07999999999998,TRUE,"",3.5,148,3600148,3800148
"DGMM",NA,0.835231151492434,0.043,0.280609953388951,0.498,-34684.9003474942,71455.9427892409,19,2.38999999999999,TRUE,"",3.5,149,3600149,3800149
"RDMM",3.54150311919624,0.913849780686659,0.022,0.748419778780351,0.103,-31415.4402483002,64910.1148355741,101,4.00999999999999,TRUE,"",3.5,149,3600149,3800149
"DGMM",NA,-0.00101127609224267,0.496,-0.000103327242527748,0.725,-32871.7268879076,67829.5958700679,27,3.28,TRUE,"",3.5,150,3600150,3800150
"RDMM",3.43767648074997,0.9215215160749,0.02,0.620775198861221,0.173,-31444.1208894219,64967.4761178175,115,4.72,TRUE,"",3.5,150,3600150,3800150
"DGMM",NA,0.857333303567201,0.037,0.296175383020319,0.452,-34521.0442286936,71128.2305516397,13,1.61999999999998,TRUE,"",3.5,151,3600151,3800151
"RDMM",3.4037984003952,0.92536937188916,0.019,0.75735601764885,0.099,-31187.5660009152,64454.366340804,100,4.16999999999999,TRUE,"",3.5,151,3600151,3800151
"DGMM",NA,0.35922004732141,0.2,0.160986398815382,0.557,-34866.192000628,71818.5260955085,36,4.38,TRUE,"",3.5,152,3600152,3800152
"RDMM",3.10444799205688,0.902402158069286,0.025,0.724548505578472,0.113,-31376.1743061809,64831.5829513354,173,6.88999999999999,TRUE,"",3.5,152,3600152,3800152
"DGMM",NA,0.00178961252224043,0.474,0.00193860322641166,0.728,-32874.7697072566,67835.6815087659,29,3.53999999999999,TRUE,"",3.5,153,3600153,3800153
"RDMM",3.6682604508136,0.88725123163163,0.029,0.696947424165129,0.126,-31474.9436350305,65029.1216090346,162,6.49000000000001,TRUE,"",3.5,153,3600153,3800153
"DGMM",NA,0.791891978551488,0.055,0.2711009835872,0.51,-34711.4756521624,71509.0933985774,14,1.75,TRUE,"",3.5,154,3600154,3800154
"RDMM",3.33364615496371,0.940840790905302,0.015,0.756322836422981,0.1,-31078.9362746928,64237.1068883593,100,4.03,TRUE,"",3.5,154,3600154,3800154
"DGMM",NA,-0.000737870983983735,0.494,-0.000664802859245197,0.722,-32826.39681269,67738.9357196326,34,4.09999999999999,TRUE,"",3.5,155,3600155,3800155
"RDMM",3.39338791090101,0.864764858543602,0.035,0.475528806759725,0.29,-31515.7040990407,65110.6425370551,111,4.50999999999999,TRUE,"",3.5,155,3600155,3800155
"DGMM",NA,-0.000796586778784358,0.499,-3.22387594811951e-05,0.726,-32523.8505342162,67133.843162685,36,4.78000000000003,TRUE,"",3.5,156,3600156,3800156
"RDMM",3.50777765737004,0.89860260406565,0.026,0.724721742806552,0.114,-31139.0814377127,64357.3972143991,221,8.82999999999998,TRUE,"",3.5,156,3600156,3800156
"DGMM",NA,-0.000891713954471277,0.493,-0.00122012001378017,0.731,-32920.6551319494,67927.4523581513,24,2.88999999999999,TRUE,"",3.5,157,3600157,3800157
"RDMM",3.34880578922565,0.90621022200478,0.024,0.666935349494226,0.144,-31527.9544352035,65135.1432093806,144,5.80000000000001,TRUE,"",3.5,157,3600157,3800157
"DGMM",NA,0.838895068562608,0.042,0.285345833616021,0.482,-34640.8019957901,71367.7460858328,18,2.18000000000001,TRUE,"",3.5,158,3600158,3800158
"RDMM",3.29349737780597,0.917681602167798,0.021,0.754496670780956,0.101,-31382.571807304,64844.3779535816,132,5.44,TRUE,"",3.5,158,3600158,3800158
"DGMM",NA,-0.000448403851284764,0.491,-0.000863396254374177,0.739,-32691.378415862,67468.8989259765,35,4.23000000000002,TRUE,"",3.5,159,3600159,3800159
"RDMM",3.39258938982279,0.921521451032443,0.02,0.712108921018479,0.12,-31389.0915472586,64857.4174334908,134,5.28000000000003,TRUE,"",3.5,159,3600159,3800159
"DGMM",NA,0.403970481152687,0.182,0.19470868365972,0.516,-34102.5998366584,70291.3417675695,25,3.06999999999999,TRUE,"",3.5,160,3600160,3800160
"RDMM",3.38829139594659,0.883483370439583,0.03,0.737830625558681,0.107,-30906.4170544354,63892.0684478444,100,3.99000000000001,TRUE,"",3.5,160,3600160,3800160
"DGMM",NA,0.846246325813539,0.04,0.297838287090648,0.477,-34461.4907160128,71009.1235262781,21,2.63999999999999,TRUE,"",3.5,161,3600161,3800161
"RDMM",3.54352572639302,0.921521494847035,0.02,0.784179878131719,0.087,-31327.388880358,64734.0120996897,187,7.53000000000003,TRUE,"",3.5,161,3600161,3800161
"DGMM",NA,-0.000393211380751571,0.49,0.000992008857714235,0.723,-32481.7845817718,67049.7112577962,24,2.90999999999997,TRUE,"",3.5,162,3600162,3800162
"RDMM",3.5558620885456,0.906210163463448,0.024,0.756709697578527,0.099,-30845.3380481047,63769.910435183,193,7.68000000000001,TRUE,"",3.5,162,3600162,3800162
"DGMM",NA,0.385938657453512,0.189,0.180443718092921,0.554,-33526.1002800335,69138.3426543196,34,4.11000000000001,TRUE,"",3.5,163,3600163,3800163
"RDMM",3.4599345822576,0.906204557303263,0.024,0.728056946593354,0.112,-30998.4844825789,64076.2033041315,102,4.19,TRUE,"",3.5,163,3600163,3800163
"DGMM",NA,0.718825631633618,0.076,0.243915755977633,0.535,-34392.002621554,70870.1473373606,13,1.56,TRUE,"",3.5,164,3600164,3800164
"RDMM",3.31526724148922,0.925369324637672,0.019,0.757088227338304,0.101,-30781.0613160763,63641.3569711261,151,6.06,TRUE,"",3.5,164,3600164,3800164
"DGMM",NA,-0.00248146626115698,0.479,-0.00251100094583043,0.725,-33452.0264162926,68990.1949268377,32,3.66000000000003,TRUE,"",3.5,165,3600165,3800165
"RDMM",3.30534904604648,0.883461210771214,0.03,0.718112144718992,0.116,-32009.9996203487,66099.2335796711,100,3.71999999999997,TRUE,"",3.5,165,3600165,3800165
"DGMM",NA,-0.000530853932677194,0.488,0.000598364835315109,0.724,-32703.6377639857,67493.417622224,27,2.39000000000004,TRUE,"",3.5,166,3600166,3800166
"RDMM",3.28844591385591,0.92922521124502,0.018,0.730534309836879,0.112,-31281.6854082058,64642.6051553852,143,4.07999999999998,TRUE,"",3.5,166,3600166,3800166
"DGMM",NA,0.000474508461419785,0.479,0.0025317950072755,0.715,-33743.1465751066,69572.4352444658,33,2.38999999999999,TRUE,"",3.5,167,3600167,3800167
"RDMM",3.85827836960883,0.000474508461419785,0.479,0.290961428479238,0.501,-30819.6878839286,63718.6101068309,113,2.68000000000001,TRUE,"",3.5,167,3600167,3800167
"DGMM",NA,-0.00132782335178429,0.493,-2.80489905480817e-05,0.727,-32614.3303410085,67314.8027762695,26,1.52,TRUE,"",3.5,168,3600168,3800168
"RDMM",3.28846001466415,0.894810610375265,0.027,0.646081577795461,0.152,-31306.5872124537,64692.408763881,127,5.34,TRUE,"",3.5,168,3600168,3800168
"DGMM",NA,0.732471117394199,0.072,0.259990845117388,0.495,-34155.0068913269,70396.1558769064,18,2.17,TRUE,"",3.5,169,3600169,3800169
"RDMM",3.43449926657971,0.913849833889123,0.022,0.739729087922426,0.108,-31038.7442373005,64156.7228135746,151,6.08,TRUE,"",3.5,169,3600169,3800169
"DGMM",NA,-0.00123209276106851,0.5,0.0012153179771051,0.72,-32213.965870365,66514.0738349825,35,4.19,TRUE,"",3.5,170,3600170,3800170
"RDMM",3.95514632526939,0.906210217390102,0.024,0.71876397256409,0.118,-31094.9726838598,64269.1797066932,154,6.16,TRUE,"",3.5,170,3600170,3800170
"DGMM",NA,0.000561499429587037,0.481,0.00154348067685956,0.714,-32934.8587060629,67955.8595063783,37,4.46,TRUE,"",3.5,171,3600171,3800171
"RDMM",3.57679390211392,0.917681670350468,0.021,0.727390723738618,0.113,-31644.0147757934,65367.2638905605,108,4.27,TRUE,"",3.5,171,3600171,3800171
"DGMM",NA,0.802615162686517,0.052,0.301146281415787,0.494,-34572.722137413,71231.5863690785,13,1.67,TRUE,"",3.5,172,3600172,3800172
"RDMM",3.70867918135169,0.93696085355348,0.016,0.50878296822184,0.315,-31411.3723321161,64901.9790032057,101,4.1,TRUE,"",3.5,172,3600172,3800172
"DGMM",NA,0.0018813108611901,0.475,0.000652713005733653,0.722,-32412.7696622791,66911.6814188108,29,3.42,TRUE,"",3.5,173,3600173,3800173
"RDMM",3.58374693455206,0.87597189163763,0.032,0.545668654271893,0.238,-31229.5189374347,64538.272213843,119,4.98,TRUE,"",3.5,173,3600173,3800173
"DGMM",NA,0.887251218870015,0.029,0.335809049855611,0.425,-34211.9347097094,70510.0115136714,13,1.61,TRUE,"",3.5,174,3600174,3800174
"RDMM",3.54140297924785,0.910025968982187,0.023,0.740565281920471,0.107,-31215.665125205,64510.5645893837,100,3.97,TRUE,"",3.5,174,3600174,3800174
"DGMM",NA,-0.000537744184715439,0.494,-0.000467698841179238,0.737,-32697.1901359621,67480.5223661768,23,2.94,TRUE,"",3.5,175,3600175,3800175
"RDMM",3.24838916121776,0.925369309246108,0.019,0.74467967349499,0.105,-31144.3350417644,64367.9044225025,143,5.70999999999999,TRUE,"",3.5,175,3600175,3800175
"DGMM",NA,0.898602628345724,0.026,0.343663948727759,0.464,-34397.9390579967,70882.020210246,19,2.3,TRUE,"",3.5,176,3600176,3800176
"RDMM",3.56147296860136,0.925369326097381,0.019,0.723384153328269,0.115,-31209.4226758947,64498.0796907631,100,4.01000000000001,TRUE,"",3.5,176,3600176,3800176
"DGMM",NA,-0.000730603832983105,0.491,0.000701964329062175,0.733,-33072.5472485924,68231.2365914375,52,6.25,TRUE,"",3.5,177,3600177,3800177
"RDMM",3.301701163604,0.921521525496083,0.02,0.71715481139897,0.118,-31566.0737503793,65211.3818397322,154,6.08000000000001,TRUE,"",3.5,177,3600177,3800177
"DGMM",NA,0.000489743872152617,0.483,0.00316177407721186,0.718,-32617.5020083888,67321.1461110301,50,6.01000000000001,TRUE,"",3.5,178,3600178,3800178
"RDMM",3.54382827578538,0.936960898806238,0.016,0.77286631160437,0.093,-31352.4507086513,64784.1357562761,100,4.08,TRUE,"",3.5,178,3600178,3800178
"DGMM",NA,0.361830420080699,0.199,0.162823443067827,0.535,-34124.2228909423,70334.5878761373,21,2.62,TRUE,"",3.5,179,3600179,3800179
"RDMM",3.37209992565979,0.921521496715419,0.02,0.737587873469832,0.108,-31250.3155568065,64579.8654525866,109,4.38,TRUE,"",3.5,179,3600179,3800179
"DGMM",NA,0.419169758712532,0.176,0.188304105280138,0.581,-34642.1186905484,71370.3794753495,9,1.16,TRUE,"",3.5,180,3600180,3800180
"RDMM",3.5817338590199,0.913847885446868,0.022,0.734738586287669,0.111,-31092.8289610587,64264.892261091,140,5.69000000000001,TRUE,"",3.5,180,3600180,3800180
"DGMM",NA,0.347433433689943,0.205,0.16641570688536,0.55,-33510.1693287345,69106.4807517216,28,3.47,TRUE,"",3.5,181,3600181,3800181
"RDMM",3.49541336502697,0.925369374315625,0.019,0.70873293441075,0.123,-31237.5991759039,64554.4326907815,100,4.01000000000001,TRUE,"",3.5,181,3600181,3800181
"DGMM",NA,0.467354707614983,0.158,0.22741982974813,0.537,-34321.9457772482,70730.0336487489,20,2.39999999999999,TRUE,"",3.5,182,3600182,3800182
"RDMM",3.47931682399205,0.92152148113422,0.02,0.755845432085938,0.1,-31135.8631236396,64350.9605862528,107,4.44000000000001,TRUE,"",3.5,182,3600182,3800182
"DGMM",NA,0.636440513332952,0.101,0.252052232411294,0.475,-34143.7589525359,70373.6599993243,12,1.5,TRUE,"",3.5,183,3600183,3800183
"RDMM",3.74999614618789,0.925369326097381,0.019,0.756965366600652,0.099,-30861.2299722152,63801.694283404,248,9.84,TRUE,"",3.5,183,3600183,3800183
"DGMM",NA,0.328655740309765,0.213,0.148958620064105,0.548,-33021.2959383495,68128.7339709517,36,4.31,TRUE,"",3.5,184,3600184,3800184
"RDMM",3.52470010563555,0.921521346791413,0.02,0.763423697825276,0.096,-30652.0880892367,63383.410517447,100,4.06999999999999,TRUE,"",3.5,184,3600184,3800184
"DGMM",NA,0.478384715741543,0.154,0.203957655902215,0.538,-34138.7744725082,70363.6910392691,21,2.53,TRUE,"",3.5,185,3600185,3800185
"RDMM",3.43736698005534,0.93696090562204,0.016,0.73858892087343,0.108,-31440.1871181654,64959.6085753044,100,4.09999999999999,TRUE,"",3.5,185,3600185,3800185
"DGMM",NA,-0.000106447821541605,0.487,0.000122810246527982,0.728,-32773.6247617102,67633.3916176731,23,2.79000000000002,TRUE,"",3.5,186,3600186,3800186
"RDMM",3.3884807189981,0.898602595734409,0.026,0.71565445212553,0.118,-31496.4612381936,65072.1568153608,107,4.56999999999999,TRUE,"",3.5,186,3600186,3800186
"DGMM",NA,-0.00108225758444986,0.492,0.000479677029759629,0.714,-32877.3916315406,67840.9253573339,27,3.22,TRUE,"",3.5,187,3600187,3800187
"RDMM",3.42596803911005,0.9062102811084,0.024,0.750256947576705,0.102,-31561.4714046333,65202.1771482402,145,5.93000000000001,TRUE,"",3.5,187,3600187,3800187
"DGMM",NA,0.000696051396416452,0.479,-6.9990914781202e-05,0.721,-32800.2213690488,67686.5848323502,23,2.80000000000001,TRUE,"",3.5,188,3600188,3800188
"RDMM",3.27594346812687,0.921521512149407,0.02,0.708184862361455,0.121,-31250.8341126046,64580.9025641828,100,4.31,TRUE,"",3.5,188,3600188,3800188
"DGMM",NA,0.00416899782639869,0.465,0.00150507373421787,0.724,-32426.9976751832,66940.1374446191,26,3.11999999999998,TRUE,"",3.5,189,3600189,3800189
"RDMM",3.34735942368359,0.894810764256083,0.027,0.698261213503719,0.127,-31024.4793827761,64128.1931045259,113,4.63000000000002,TRUE,"",3.5,189,3600189,3800189
"DGMM",NA,0.887251300609374,0.029,0.372899445628167,0.443,-33467.6087275438,69021.3595493401,18,2.14999999999998,TRUE,"",3.5,190,3600190,3800190
"RDMM",3.68600682360272,0.940840784611426,0.015,0.754586357736674,0.101,-30833.6386136079,63746.5115661895,208,8.37,TRUE,"",3.5,190,3600190,3800190
"DGMM",NA,-0.000698302293045709,0.497,0.226813451544166,0.533,-32962.586443856,68011.3149819646,28,3.36000000000001,TRUE,"",3.5,191,3600191,3800191
"RDMM",3.30177647353973,0.91768163234218,0.021,0.726458258255578,0.113,-31310.5564548648,64700.3472487033,217,8.69,TRUE,"",3.5,191,3600191,3800191
"DGMM",NA,-0.00053820115758052,0.493,9.99497727923514e-05,0.725,-32634.6279572607,67355.398008774,26,3.18000000000001,TRUE,"",3.5,192,3600192,3800192
"RDMM",3.35305692409686,0.89102698893936,0.028,0.73624318999288,0.109,-31125.3836218349,64330.0015826434,142,5.60999999999999,TRUE,"",3.5,192,3600192,3800192
"DGMM",NA,0.315278086591567,0.219,0.125181903931456,0.573,-34016.2536109502,70118.649316153,31,3.80000000000001,TRUE,"",3.5,193,3600193,3800193
"RDMM",3.42750939975676,0.940840790905302,0.015,0.768191822084094,0.095,-31150.2711686313,64379.7766762362,180,7.29999999999998,TRUE,"",3.5,193,3600193,3800193
"DGMM",NA,0.00129271019324594,0.477,0.00181872120001853,0.719,-32805.2681677212,67696.678429695,24,2.95999999999998,TRUE,"",3.5,194,3600194,3800194
"RDMM",3.34593559028969,0.883483492881383,0.03,0.687052120284316,0.131,-31342.7984281951,64764.8311953639,121,5.03,TRUE,"",3.5,194,3600194,3800194
"DGMM",NA,0.749708407648389,0.067,0.256220217292398,0.508,-34339.4141527335,70764.9703997196,21,2.51999999999998,TRUE,"",3.5,195,3600195,3800195
"RDMM",3.59015504311546,0.940840800044508,0.015,0.737657330867896,0.108,-30917.4892431153,63914.2128252041,165,6.66000000000003,TRUE,"",3.5,195,3600195,3800195
"DGMM",NA,0.305656130772779,0.223,0.146010855118189,0.6,-34467.9105233921,71021.9631410368,32,3.91,TRUE,"",3.5,196,3600196,3800196
"RDMM",3.61881198080285,0.90239819735324,0.025,0.734327393013574,0.109,-31368.0017067452,64815.2377524641,172,6.89000000000001,TRUE,"",3.5,196,3600196,3800196
"DGMM",NA,0.806210349067541,0.051,0.290221815098795,0.473,-34818.4971603924,71723.1364150374,19,2.37,TRUE,"",3.5,197,3600197,3800197
"RDMM",3.41392733249855,0.929225164760032,0.018,0.710713592540984,0.121,-31283.1453392285,64645.5250174306,104,4.29000000000002,TRUE,"",3.5,197,3600197,3800197
"DGMM",NA,0.467369996599842,0.158,0.193055762976533,0.549,-34384.9102626819,70855.9626196165,13,1.58999999999997,TRUE,"",3.5,198,3600198,3800198
"RDMM",3.35214753802297,0.910025941979161,0.023,0.729261072884322,0.112,-31223.0415792683,64525.3174975103,108,4.48000000000002,TRUE,"",3.5,198,3600198,3800198
"DGMM",NA,0.917681612197773,0.021,0.375153975855225,0.408,-33821.3040595834,69728.7502134194,14,1.84000000000003,TRUE,"",3.5,199,3600199,3800199
"RDMM",3.64065498312264,0.936960901838179,0.016,0.762251778527494,0.097,-30677.2721179804,63433.7785749343,100,4.44,TRUE,"",3.5,199,3600199,3800199
"DGMM",NA,0.620573513357419,0.106,0.231020391066486,0.489,-34484.4404229695,71055.0229401916,19,2.37,TRUE,"",3.5,200,3600200,3800200
"RDMM",3.60163448224693,0.933089077445796,0.017,0.751147791112321,0.102,-30904.193938938,63887.6222168495,114,4.52999999999997,TRUE,"",3.5,200,3600200,3800200
"DGMM",NA,0.763639444208023,0.063,0.269666378756912,0.525,-34477.0911700279,71040.3244343085,13,1.63,TRUE,"",3.5,201,3600201,3800201
"RDMM",3.24890867469017,0.872228122581732,0.033,0.70199310820562,0.124,-31219.2178955925,64517.6701301585,201,8.02999999999997,TRUE,"",3.5,201,3600201,3800201
"DGMM",NA,0.328915622473546,0.213,0.1517482960676,0.529,-34062.5503945849,70211.2428834224,28,3.41000000000003,TRUE,"",3.5,202,3600202,3800202
"RDMM",3.65036802122306,0.91768159952833,0.021,0.77803599207689,0.09,-31041.0476210491,64161.3295810718,130,5.38999999999999,TRUE,"",3.5,202,3600202,3800202
"DGMM",NA,0.88348169297951,0.03,0.373529886990476,0.48,-33820.4644890066,69727.0710722659,14,1.67000000000002,TRUE,"",3.5,203,3600203,3800203
"RDMM",3.76219189980607,0.94862445655449,0.013,0.734623954886487,0.111,-31112.3473503298,64303.9290396331,100,4.02000000000004,TRUE,"",3.5,203,3600203,3800203
"DGMM",NA,0.437713829995021,0.169,0.184391280798285,0.568,-33485.0340185985,69056.2101314495,24,2.87,TRUE,"",3.5,204,3600204,3800204
"RDMM",3.54930447806682,0.906210153823586,0.024,0.772729978604255,0.092,-30935.6741348718,63950.5826087172,134,5.40999999999997,TRUE,"",3.5,204,3600204,3800204
"DGMM",NA,0.000965411933615284,0.48,0.00399772184727394,0.7,-33344.7592018995,68775.6604980515,23,2.78000000000003,TRUE,"",3.5,205,3600205,3800205
"RDMM",3.23240894933514,0.887251183672525,0.029,0.703457400429402,0.124,-31998.2576785396,66075.7496960527,140,5.77999999999997,TRUE,"",3.5,205,3600205,3800205
"DGMM",NA,0.00206205200143424,0.472,0.000727519898662379,0.724,-32325.7039275447,66737.5499493419,32,3.86000000000001,TRUE,"",3.5,206,3600206,3800206
"RDMM",3.54182682221825,0.940840807222329,0.015,0.782740655631864,0.088,-31109.1918740548,64297.6180870832,195,7.77999999999997,TRUE,"",3.5,206,3600206,3800206
"DGMM",NA,0.000251480745008556,0.484,-0.000464991837602876,0.738,-33147.2904775797,68380.7230494121,38,4.61000000000001,TRUE,"",3.5,207,3600207,3800207
"RDMM",3.3976950816901,0.883483397936566,0.03,0.700309853951668,0.125,-31762.6478568017,65604.530052577,154,6.19999999999999,TRUE,"",3.5,207,3600207,3800207
"DGMM",NA,0.838894976964746,0.042,0.303487358963463,0.482,-34115.1800149687,70316.50212419,26,3.19,TRUE,"",3.5,208,3600208,3800208
"RDMM",3.67657636926527,0.960360357675353,0.01,0.785524933861897,0.087,-30830.8367258636,63740.9077907008,100,4.08000000000004,TRUE,"",3.5,208,3600208,3800208
"DGMM",NA,0.00335481835917096,0.468,0.00230947570523432,0.718,-32843.4897263056,67773.1215468637,23,1.32,TRUE,"",3.5,209,3600209,3800209
"RDMM",3.28879544433246,0.906210144765632,0.024,0.751885052559531,0.101,-31365.3181223038,64809.8705835812,211,8,TRUE,"",3.5,209,3600209,3800209
"DGMM",NA,0.368870491672297,0.196,0.175950461444845,0.519,-33687.7095058234,69461.5611058994,23,2.77,TRUE,"",3.5,210,3600210,3800210
"RDMM",3.79935884117639,0.925368611091288,0.019,0.757074338509387,0.1,-31273.5226053203,64626.2795496141,143,5.76,TRUE,"",3.5,210,3600210,3800210
"DGMM",NA,0.42169903122101,0.175,0.183737307686166,0.558,-33308.7253161211,68703.5927264949,23,2.85,TRUE,"",3.5,211,3600211,3800211
"RDMM",3.76106194099319,0.925366777060704,0.019,0.748102462146487,0.103,-30950.7693852448,63980.7731094632,100,4.06,TRUE,"",3.5,211,3600211,3800211
"DGMM",NA,0.00466802897060868,0.46,0.00303205912945808,0.71,-33230.0519314465,68546.2459571456,19,2.3,TRUE,"",3.5,212,3600212,3800212
"RDMM",3.17285973468738,0.853629819590361,0.038,0.486392778924865,0.29,-31743.1142536586,65565.4628462907,146,5.8,TRUE,"",3.5,212,3600212,3800212
"DGMM",NA,0.820656599364584,0.047,0.28795948391355,0.483,-34555.1533600657,71196.4488143841,14,1.8,TRUE,"",3.5,213,3600213,3800213
"RDMM",3.38076607264646,0.921521525496083,0.02,0.744883859621272,0.107,-31065.0504634094,64209.3352657925,202,8.02,TRUE,"",3.5,213,3600213,3800213
"DGMM",NA,0.00218712723011291,0.469,-0.000135173015156076,0.724,-32473.1811891922,67032.5044726371,26,3.35,TRUE,"",3.5,214,3600214,3800214
"RDMM",3.63013048712258,0.925369264377939,0.019,0.4255501515554,0.365,-31205.2625238249,64489.7593866235,142,5.7,TRUE,"",3.5,214,3600214,3800214
"DGMM",NA,-0.000615138209514782,0.491,-0.00108250280187585,0.736,-33062.9693567319,68212.0808077165,25,3.04,TRUE,"",3.5,215,3600215,3800215
"RDMM",3.31141209777639,0.902402400290072,0.025,0.525047509750361,0.276,-31664.9917958155,65409.2179306046,103,4.19,TRUE,"",3.5,215,3600215,3800215
"DGMM",NA,-0.000365577327035254,0.491,-0.000493604608763965,0.74,-32740.8714233433,67567.8849409393,45,5.37,TRUE,"",3.5,216,3600216,3800216
"RDMM",3.7711931907074,0.906210116232465,0.024,0.723102400824597,0.115,-31463.9579351455,65007.1502092646,152,6.03,TRUE,"",3.5,216,3600216,3800216
"DGMM",NA,0.76714443883045,0.062,0.264281574083831,0.499,-35366.4142828547,72818.970659962,16,2,TRUE,"",3.5,217,3600217,3800217
"RDMM",3.29890789833005,0.894810735216274,0.027,0.739299727119931,0.106,-31667.299996429,65413.8343318316,216,8.64,TRUE,"",3.5,217,3600217,3800217
"DGMM",NA,0.712046362494942,0.078,0.264459764911223,0.477,-34837.6907621136,71761.5236184798,18,2.2,TRUE,"",3.5,218,3600218,3800218
"RDMM",3.37543574594322,0.887251254595299,0.029,0.703646165565159,0.124,-31466.2501778063,65011.7346945862,160,6.5,TRUE,"",3.5,218,3600218,3800218
"DGMM",NA,0.257429898044953,0.246,0.111627507408054,0.574,-35140.5578280217,72367.2577502959,16,1.97,TRUE,"",3.5,219,3600219,3800219
"RDMM",3.35497330635746,0.913849835977443,0.022,0.750208437755407,0.102,-31230.7047592263,64540.6438574263,100,4.06,TRUE,"",3.5,219,3600219,3800219
"DGMM",NA,0.00175156908451995,0.475,0.00239029413651078,0.724,-33140.2061618455,68366.5544179436,40,4.75,TRUE,"",3.5,220,3600220,3800220
"RDMM",3.0723684716046,0.891026976318589,0.028,0.70967139954579,0.12,-31691.1405224432,65461.51538386,139,5.75,TRUE,"",3.5,220,3600220,3800220
"DGMM",NA,0.322025101063766,0.216,0.175321572711682,0.559,-34380.1908135266,70846.5237213058,17,2.11,TRUE,"",3.5,221,3600221,3800221
"RDMM",3.54011636128973,0.933089056746597,0.017,0.756223652791586,0.099,-31100.437967148,64280.1102732697,119,4.70999999999999,TRUE,"",3.5,221,3600221,3800221
"DGMM",NA,0.875972121849198,0.032,0.297463370969428,0.48,-33690.7994959799,69467.7410862124,17,2.11,TRUE,"",3.5,222,3600222,3800222
"RDMM",3.66927281861626,0.902402211118751,0.025,0.614002511595627,0.188,-31045.7652446333,64170.7648282402,144,5.84,TRUE,"",3.5,222,3600222,3800222
"DGMM",NA,0.784781679448778,0.057,0.290718018869852,0.486,-34494.1134864066,71074.3690670658,13,1.69,TRUE,"",3.5,223,3600223,3800223
"RDMM",3.39900572065924,0.91002594916266,0.023,0.746268873813818,0.104,-30930.2585589945,63939.7514569627,215,8.56,TRUE,"",3.5,223,3600223,3800223
"DGMM",NA,0.725632783035012,0.074,0.273210406911695,0.492,-34257.2452009772,70600.6324962069,16,1.94,TRUE,"",3.5,224,3600224,3800224
"RDMM",3.61009715417213,0.925369326097381,0.019,0.721517866893585,0.116,-31135.5433566206,64350.3210522149,186,7.43000000000001,TRUE,"",3.5,224,3600224,3800224
"DGMM",NA,0.861044996478232,0.036,0.350436909953954,0.434,-33382.7326198086,68851.6073338697,16,1.95000000000002,TRUE,"",3.5,225,3600225,3800225
"RDMM",3.83353774272767,0.917681648226481,0.021,0.754774377761402,0.1,-30388.0123876587,62855.2591142911,202,8.10999999999999,TRUE,"",3.5,225,3600225,3800225
"DGMM",NA,0.60489104761635,0.111,0.268693165416824,0.516,-34435.9942465045,70958.1305872617,30,3.78,TRUE,"",3.5,226,3600226,3800226
"RDMM",3.27025630567477,0.925369356382753,0.019,0.746303584336761,0.104,-31083.7687500942,64246.771839162,139,5.44999999999999,TRUE,"",3.5,226,3600226,3800226
"DGMM",NA,-9.46491338262574e-05,0.489,0.00342718515856729,0.703,-32778.7842361398,67643.7105665322,26,3.25,TRUE,"",3.5,227,3600227,3800227
"RDMM",3.44329017212277,0.917681645249165,0.021,0.768045638232111,0.095,-31150.615674729,64380.4656884315,178,7.33000000000001,TRUE,"",3.5,227,3600227,3800227
"DGMM",NA,0.429656363807219,0.172,0.196197609722131,0.556,-34324.5423401551,70735.2267745629,16,1.94999999999999,TRUE,"",3.5,228,3600228,3800228
"RDMM",3.37438209091572,0.906209766098297,0.024,0.548846727452013,0.237,-31016.5995634883,64112.4334659502,100,4.09,TRUE,"",3.5,228,3600228,3800228
"DGMM",NA,0.421532982419266,0.175,0.170604800752472,0.54,-34329.5209413545,70745.1839769616,24,2.83000000000001,TRUE,"",3.5,229,3600229,3800229
"RDMM",3.36758215969427,0.902401752504343,0.025,0.712688567679418,0.118,-31532.6537366974,65144.5418123685,102,4.18000000000001,TRUE,"",3.5,229,3600229,3800229
"DGMM",NA,0.894810831300544,0.027,0.387579786110863,0.485,-33851.4552966325,69789.0526875176,49,5.88999999999999,TRUE,"",3.5,230,3600230,3800230
"RDMM",3.61366194266309,0.910026026727065,0.023,0.717253244134611,0.117,-30834.1008170363,63747.4359730462,100,4.06999999999999,TRUE,"",3.5,230,3600230,3800230
"DGMM",NA,0.000352755787756632,0.484,-0.00156951054716603,0.73,-32837.8481169847,67761.838328222,24,2.88999999999999,TRUE,"",3.5,231,3600231,3800231
"RDMM",3.19328022660668,0.883483409129628,0.03,0.521379250306692,0.253,-31480.5325694973,65040.2994779681,106,4.38,TRUE,"",3.5,231,3600231,3800231
"DGMM",NA,0.386337975339305,0.189,0.161600276658621,0.537,-34499.0174123276,71084.1769189078,34,4.03,TRUE,"",3.5,232,3600232,3800232
"RDMM",3.2303098546682,0.917681675544931,0.021,0.739595710274383,0.107,-31359.5809869454,64798.3963128645,100,4.07999999999998,TRUE,"",3.5,232,3600232,3800232
"DGMM",NA,0.820656791752633,0.047,0.29710761201683,0.447,-34462.3859468919,71010.9139880364,12,1.47999999999999,TRUE,"",3.5,233,3600233,3800233
"RDMM",3.52551133316066,0.933089001806126,0.017,0.725988070661343,0.114,-31499.6459892945,65078.5263175626,100,4.09999999999999,TRUE,"",3.5,233,3600233,3800233
"DGMM",NA,0.875971981466693,0.032,0.414138532993072,0.495,-34343.1081844284,70772.3584631094,33,3.88999999999999,TRUE,"",3.5,234,3600234,3800234
"RDMM",3.45751156431336,0.929225201169193,0.018,0.753259594344646,0.102,-31155.37098133,64389.9763016337,107,4.47999999999999,TRUE,"",3.5,234,3600234,3800234
"DGMM",NA,0.883483459879451,0.03,0.345491412234255,0.387,-34015.1467206594,70116.4355355714,19,2.32000000000002,TRUE,"",3.5,235,3600235,3800235
"RDMM",3.54676193844454,0.933089079299455,0.017,0.738978744613855,0.108,-30627.1054576876,63333.4452543488,102,4.25999999999999,TRUE,"",3.5,235,3600235,3800235
"DGMM",NA,0.437686561971456,0.169,0.185683682795184,0.558,-34570.8893892832,71227.920872819,20,2.43000000000001,TRUE,"",3.5,236,3600236,3800236
"RDMM",3.24776408440714,0.913849845395598,0.022,0.723855232048725,0.114,-31517.0675820635,65113.3695031006,300,12.04,TRUE,"",3.5,236,3600236,3800236
"DGMM",NA,0.312866721904874,0.22,0.136130951724034,0.573,-34530.5756790154,71147.2934522833,29,3.47999999999999,TRUE,"",3.5,237,3600237,3800237
"RDMM",3.45347265584348,0.891027019464004,0.028,0.73538954546348,0.108,-31675.7725967879,65430.7795325495,150,6.04999999999998,TRUE,"",3.5,237,3600237,3800237
"DGMM",NA,-0.000616956598614805,0.492,-0.00060250430773463,0.73,-32947.5911950952,67981.3244844429,21,2.54999999999998,TRUE,"",3.5,238,3600238,3800238
"RDMM",3.36178882124595,0.887251201350807,0.029,0.733814831134045,0.109,-31674.2979126404,65427.8301642545,111,4.58000000000004,TRUE,"",3.5,238,3600238,3800238
"DGMM",NA,0.00120477831896573,0.478,0.000999520248775851,0.713,-32489.9489109435,67066.0399161396,25,3.31,TRUE,"",3.5,239,3600239,3800239
"RDMM",3.3712558861018,0.940840803333711,0.015,0.745964595817603,0.105,-30954.3094332253,63987.8532054243,100,4.31,TRUE,"",3.5,239,3600239,3800239
"DGMM",NA,0.347518243346959,0.205,0.144213571291652,0.543,-33540.3941353095,69166.9303648715,39,4.69999999999999,TRUE,"",3.5,240,3600240,3800240
"RDMM",3.63002806158089,0.910025972149848,0.023,0.716226513974449,0.118,-30997.5553791692,64074.3450973121,100,4.02000000000004,TRUE,"",3.5,240,3600240,3800240
"DGMM",NA,0.354636622346773,0.202,0.160189654429639,0.582,-34771.9011990641,71629.9444923809,21,2.56999999999999,TRUE,"",3.5,241,3600241,3800241
"RDMM",3.3295478480503,0.929225179011441,0.018,0.76404556702339,0.096,-31506.1849778031,65091.6042945799,100,4.06999999999999,TRUE,"",3.5,241,3600241,3800241
"DGMM",NA,-7.88577307604293e-05,0.483,-0.000418791315637785,0.729,-32342.7087136375,66771.5595215276,26,3.17000000000002,TRUE,"",3.5,242,3600242,3800242
"RDMM",3.44114894567013,0.898602523110312,0.026,0.706356997830362,0.124,-30949.4927673753,63978.2198737242,100,4.16000000000003,TRUE,"",3.5,242,3600242,3800242
"DGMM",NA,0.401430055046174,0.183,0.15163829947929,0.536,-34019.1047233885,70124.3515410295,23,2.81999999999999,TRUE,"",3.5,243,3600243,3800243
"RDMM",3.77935348317679,0.894810710830916,0.027,0.539313365679067,0.263,-31232.2833275731,64543.8009941197,116,4.63,TRUE,"",3.5,243,3600243,3800243
"DGMM",NA,0.902402388123045,0.025,0.307829031513774,0.466,-33387.6990038243,68861.5401019011,41,4.94,TRUE,"",3.5,244,3600244,3800244
"RDMM",3.5760312899548,0.960360358507229,0.01,0.771363625589008,0.094,-30718.8908674055,63517.0160737846,145,5.72000000000003,TRUE,"",3.5,244,3600244,3800244
"DGMM",NA,0.84256616481349,0.041,0.349849871728648,0.418,-33510.055674609,69106.2534434706,19,2.38999999999999,TRUE,"",3.5,245,3600245,3800245
"RDMM",3.76114568310107,0.913849806310034,0.022,0.717792133785698,0.117,-30796.4068281541,63672.0479952818,105,4.24000000000001,TRUE,"",3.5,245,3600245,3800245
"DGMM",NA,0.347550649402641,0.205,0.140417058597086,0.571,-34036.2957613278,70158.7336169082,30,3.68000000000001,TRUE,"",3.5,246,3600246,3800246
"RDMM",3.53241711943818,0.917681618136574,0.021,0.742915578177998,0.106,-31199.9269460449,64479.0882310634,287,11.44,TRUE,"",3.5,246,3600246,3800246
"DGMM",NA,0.868492464485369,0.034,0.303735747910217,0.473,-34898.7778798017,71883.6978538561,18,2.19999999999999,TRUE,"",3.5,247,3600247,3800247
"RDMM",3.24210167168033,0.887251215233134,0.029,0.747850945009973,0.104,-31415.7732964057,64910.7809317851,124,4.96999999999997,TRUE,"",3.5,247,3600247,3800247
"DGMM",NA,0.917681612197773,0.021,0.330857044006217,0.447,-34315.5497826445,70717.2416595417,13,1.56999999999999,TRUE,"",3.5,248,3600248,3800248
"RDMM",3.70813174112669,0.940840796231763,0.015,0.743118965249461,0.107,-31220.2765985175,64519.7875360087,100,4.08999999999997,TRUE,"",3.5,248,3600248,3800248
"DGMM",NA,0.898602552064052,0.026,0.365656127661864,0.443,-33542.3149054687,69170.7719051901,18,2.02999999999997,TRUE,"",3.5,249,3600249,3800249
"RDMM",3.91952909108371,0.921521494092132,0.02,0.755933259148672,0.1,-31082.0854238525,64243.4051866786,100,3.91000000000003,TRUE,"",3.5,249,3600249,3800249
"DGMM",NA,0.0902161638140867,0.349,0.077617676956087,0.585,-34774.5659859221,71635.2740660967,12,1.33999999999997,TRUE,"",3.5,250,3600250,3800250
"RDMM",3.49639024581154,0.913846689398755,0.022,0.717273809707713,0.118,-31365.007023214,64809.2483854015,279,8.07999999999998,TRUE,"",3.5,250,3600250,3800250
"DGMM",NA,0.207024435296792,0.272,0.0910431371454187,0.623,-33836.5460212181,69759.2341366889,34,1.81,TRUE,"",3.5,251,3600251,3800251
"RDMM",3.54389358706728,0.929225212630446,0.018,0.734825121254548,0.11,-31129.325470524,64337.8852800216,140,5.96,TRUE,"",3.5,251,3600251,3800251
"DGMM",NA,0.366694083116583,0.197,0.184458394226656,0.559,-34438.6220153827,70963.3861250179,29,3.44,TRUE,"",3.5,252,3600252,3800252
"RDMM",3.37865394514241,0.936960912004273,0.016,0.751222083260648,0.102,-31182.188403237,64443.6111454476,100,4.09,TRUE,"",3.5,252,3600252,3800252
"DGMM",NA,0.849934101742927,0.039,0.341009771017809,0.498,-33806.1712859983,69698.4846662492,21,2.51,TRUE,"",3.5,253,3600253,3800253
"RDMM",3.75989463492149,0.91002597209792,0.023,0.726321309341855,0.113,-31080.7885591296,64240.8114572328,198,7.89,TRUE,"",3.5,253,3600253,3800253
"DGMM",NA,0.685275288560665,0.086,0.235632643725768,0.503,-35052.8159637831,72191.7740218189,10,1.25,TRUE,"",3.5,254,3600254,3800254
"RDMM",3.36921916041744,0.91384978072395,0.022,0.75634271085203,0.099,-31185.1213664215,64449.4770718167,263,10.5,TRUE,"",3.5,254,3600254,3800254
"DGMM",NA,0.879723935544364,0.031,0.320741639569742,0.49,-35052.2630537182,72190.6682016891,37,4.43,TRUE,"",3.5,255,3600255,3800255
"RDMM",3.17086612559102,0.921521504298419,0.02,0.732854901703277,0.111,-31607.6072338574,65294.4488066883,147,6.03,TRUE,"",3.5,255,3600255,3800255
"DGMM",NA,-0.000138695361990971,0.489,0.000396092340508016,0.732,-32840.8882020337,67767.91849832,26,3.16,TRUE,"",3.5,256,3600256,3800256
"RDMM",3.42021164249004,0.948624584965727,0.013,0.787530293124659,0.086,-31283.50008514,64646.2345092535,100,4.09,TRUE,"",3.5,256,3600256,3800256
"DGMM",NA,0.817032956543352,0.048,0.2778145349459,0.507,-34917.5576613081,71921.2574168688,17,2.07,TRUE,"",3.5,257,3600257,3800257
"RDMM",3.35467558171504,0.921521514319752,0.02,0.721490998672891,0.116,-31281.7548839452,64642.7441068639,111,4.5,TRUE,"",3.5,257,3600257,3800257
"DGMM",NA,0.359376792879273,0.2,0.149970697398281,0.58,-33182.4073560522,68450.956806357,31,3.66,TRUE,"",3.5,258,3600258,3800258
"RDMM",3.71894689239969,0.917681667357316,0.021,0.75772448257475,0.099,-30847.638026617,63774.5103922076,100,4.03,TRUE,"",3.5,258,3600258,3800258
"DGMM",NA,0.592494480620915,0.115,0.248283324279528,0.474,-35110.9789916014,72308.1000774554,12,1.45,TRUE,"",3.5,259,3600259,3800259
"RDMM",3.19014045608615,0.921521488898399,0.02,0.740101933710739,0.108,-30985.0816950649,64049.3977291034,106,4.28999999999999,TRUE,"",3.5,259,3600259,3800259
"DGMM",NA,0.788332569073845,0.056,0.296047229214469,0.443,-34667.4616441659,71421.0653825845,13,1.56,TRUE,"",3.5,260,3600260,3800260
"RDMM",3.84546199851937,0.925369336339277,0.019,0.749120870838472,0.103,-31242.4594729468,64564.1532848671,105,4.30999999999999,TRUE,"",3.5,260,3600260,3800260
"DGMM",NA,0.391291001829565,0.187,0.167114035013851,0.58,-33937.7409714185,69961.6240370896,39,4.64,TRUE,"",3.5,261,3600261,3800261
"RDMM",3.48890990771066,0.925369346691245,0.019,0.738190074948319,0.108,-30973.0049634634,64025.2442659004,115,4.58999999999999,TRUE,"",3.5,261,3600261,3800261
"DGMM",NA,0.864764877275938,0.035,0.308616296307767,0.499,-34340.0331711274,70766.2084365075,14,1.74000000000001,TRUE,"",3.5,262,3600262,3800262
"RDMM",3.57441478423548,0.891026844240574,0.028,0.722085932295782,0.115,-31040.8918314402,64161.018001854,100,4.06,TRUE,"",3.5,262,3600262,3800262
"DGMM",NA,-7.54945551419537e-05,0.484,0.000920773518709332,0.717,-32487.6169996216,67061.3760934957,40,4.77,TRUE,"",3.5,263,3600263,3800263
"RDMM",3.63354718419733,0.891026989987597,0.028,0.729581009229845,0.111,-31345.6690665144,64770.5724720023,133,5.51000000000001,TRUE,"",3.5,263,3600263,3800263
"DGMM",NA,0.297552717438535,0.227,0.143044387670257,0.574,-34569.218769809,71224.5796338707,31,3.77999999999999,TRUE,"",3.5,264,3600264,3800264
"RDMM",3.48213589612517,0.925369294888299,0.019,0.723497191983759,0.115,-31113.6379327862,64306.510204546,191,7.68000000000001,TRUE,"",3.5,264,3600264,3800264
"DGMM",NA,0.437645406073649,0.169,0.19137963940527,0.556,-33282.9726383309,68652.0873709145,26,3.19999999999999,TRUE,"",3.5,265,3600265,3800265
"RDMM",3.73302727448843,0.944728709942269,0.014,0.716617135363055,0.12,-30888.4586352287,63856.151609431,107,4.32000000000001,TRUE,"",3.5,265,3600265,3800265
"DGMM",NA,0.88348347559119,0.03,0.324107975163462,0.445,-34124.3182474534,70334.7785891594,14,1.71999999999998,TRUE,"",3.5,266,3600266,3800266
"RDMM",3.51156893100298,0.921521485586891,0.02,0.75504186622027,0.1,-31199.1741107732,64477.5825605201,174,6.88,TRUE,"",3.5,266,3600266,3800266
"DGMM",NA,0.846246180924048,0.04,0.297230502566282,0.462,-34435.1325770866,70956.4072484257,15,1.85999999999999,TRUE,"",3.5,267,3600267,3800267
"RDMM",3.57834372822135,0.910025939117301,0.023,0.737868717082015,0.108,-31110.7932162087,64300.8207713909,208,8.36000000000001,TRUE,"",3.5,267,3600267,3800267
"DGMM",NA,0.00371458765678136,0.464,0.00182068837542736,0.724,-32881.699402645,67849.5408995426,26,3.20000000000002,TRUE,"",3.5,268,3600268,3800268
"RDMM",3.2031193988751,0.910025748110806,0.023,0.72457398121785,0.115,-31407.0156567221,64893.2656524179,115,4.85999999999999,TRUE,"",3.5,268,3600268,3800268
"DGMM",NA,0.817033751005075,0.048,0.298110464683446,0.475,-34789.7004430054,71665.5429802634,14,1.76999999999998,TRUE,"",3.5,269,3600269,3800269
"RDMM",3.54503785394401,0.891026939541183,0.028,0.717104711974937,0.117,-31623.800868272,65326.8360755176,101,4.09,TRUE,"",3.5,269,3600269,3800269
"DGMM",NA,0.705307350552922,0.08,0.257683573456025,0.48,-34444.1547514958,70974.4515972442,12,1.49000000000001,TRUE,"",3.5,270,3600270,3800270
"RDMM",3.44511805906046,0.913849880926014,0.022,0.754875967335673,0.1,-31044.880797807,64168.9959345876,170,7.03,TRUE,"",3.5,270,3600270,3800270
"DGMM",NA,0.777689413083333,0.059,0.385507413610103,0.519,-34370.7904647352,70827.723023723,31,3.78,TRUE,"",3.5,271,3600271,3800271
"RDMM",3.6454630338505,0.929224828906223,0.018,0.733856915544399,0.111,-31225.7348778862,64530.7040947461,100,4.07999999999998,TRUE,"",3.5,271,3600271,3800271
"DGMM",NA,-0.000585476787766325,0.494,0.00176544991784062,0.716,-32985.9069179823,68057.9559302172,29,3.44,TRUE,"",3.5,272,3600272,3800272
"RDMM",3.3290230511078,0.879723792227584,0.031,0.736865561684929,0.108,-31578.9749187134,65237.1841764004,145,5.89000000000001,TRUE,"",3.5,272,3600272,3800272
"DGMM",NA,0.34987447842204,0.204,0.17106918063708,0.564,-34415.7298491093,70917.6017924712,17,2.09999999999999,TRUE,"",3.5,273,3600273,3800273
"RDMM",3.45618947805204,0.913849814037651,0.022,0.711578422287986,0.12,-31200.4303085891,64480.0949561517,129,5.16999999999999,TRUE,"",3.5,273,3600273,3800273
"DGMM",NA,-0.00123047735402948,0.496,0.00144191652404647,0.708,-32821.1857311055,67728.5135564637,26,3.12,TRUE,"",3.5,274,3600274,3800274
"RDMM",3.27115165087852,0.940840832185354,0.015,0.768921229513012,0.095,-31493.8695945226,65066.9735280187,153,6.19,TRUE,"",3.5,274,3600274,3800274
"DGMM",NA,0.290971496694208,0.23,0.122248732008758,0.553,-33665.8471800397,69417.836454332,34,4.09,TRUE,"",3.5,275,3600275,3800275
"RDMM",3.48387545598825,0.936960932763956,0.016,0.723856066299547,0.115,-30851.1530538114,63781.5404465965,175,7.03,TRUE,"",3.5,275,3600275,3800275
"DGMM",NA,0.470103977393354,0.157,0.220734753957672,0.503,-34793.0363377406,71672.2147697338,20,2.41999999999999,TRUE,"",3.5,276,3600276,3800276
"RDMM",3.32241203919672,0.913849789736054,0.022,0.74139605386587,0.107,-31073.7522426321,64226.7388242378,125,5.08000000000001,TRUE,"",3.5,276,3600276,3800276
"DGMM",NA,0.326633432846931,0.214,0.142885070144314,0.572,-33693.0781668976,69472.2984280478,42,5.08000000000001,TRUE,"",3.5,277,3600277,3800277
"RDMM",3.41740152874324,0.917681625922999,0.021,0.751816335674387,0.101,-31145.524844914,64370.2840288016,100,4.19999999999999,TRUE,"",3.5,277,3600277,3800277
"DGMM",NA,0.633254539639084,0.102,0.238428287129789,0.465,-34454.223916934,70994.5899281207,18,2.21000000000001,TRUE,"",3.5,278,3600278,3800278
"RDMM",3.40849572776924,0.913849814037651,0.022,0.755716645448724,0.1,-31153.2066505161,64385.6476400059,123,4.94,TRUE,"",3.5,278,3600278,3800278
"DGMM",NA,0.00196017800423098,0.474,0.00130649963422368,0.726,-32801.6221181555,67689.3863305635,22,2.63,TRUE,"",3.5,279,3600279,3800279
"RDMM",3.30487191128112,0.887251216274309,0.029,0.675597906003099,0.137,-31195.1143943504,64469.4631276744,100,4.09999999999999,TRUE,"",3.5,279,3600279,3800279
"DGMM",NA,0.820655573690557,0.047,0.364793837575779,0.486,-34978.3565334891,72042.8551612307,24,2.91,TRUE,"",3.5,280,3600280,3800280
"RDMM",3.34719561470398,0.917681701564748,0.021,0.744485349032646,0.105,-31496.5188498788,65072.2720387312,188,7.62,TRUE,"",3.5,280,3600280,3800280
"DGMM",NA,-0.000578022493495588,0.491,-0.000623295164438258,0.734,-32837.1148771957,67760.3718486441,29,3.48000000000002,TRUE,"",3.5,281,3600281,3800281
"RDMM",3.36417487158382,0.898602585616622,0.026,0.720168088756084,0.115,-31365.9108434817,64811.056025937,174,7.31,TRUE,"",3.5,281,3600281,3800281
"DGMM",NA,0.864764683786264,0.035,0.295503147655185,0.487,-34552.167125388,71190.4763450285,11,1.48000000000002,TRUE,"",3.5,282,3600282,3800282
"RDMM",3.27012056792543,0.917681641891766,0.021,0.745127682937467,0.105,-31268.9938153395,64617.2219696526,239,9.69,TRUE,"",3.5,282,3600282,3800282
"DGMM",NA,0.347465004580903,0.205,0.154595760333887,0.543,-33676.1798706658,69438.5018355841,20,2.44,TRUE,"",3.5,283,3600283,3800283
"RDMM",3.54833255519834,0.883483484088715,0.03,0.648757881678607,0.15,-31327.844450418,64734.9232398097,106,4.27999999999997,TRUE,"",3.5,283,3600283,3800283
"DGMM",NA,0.853629554303191,0.038,0.295945116162485,0.45,-34733.0216262698,71552.1853467921,18,2.25,TRUE,"",3.5,284,3600284,3800284
"RDMM",3.47969887459061,0.89102693355924,0.028,0.728211400568267,0.112,-31208.064156533,64495.3626520395,101,4.22000000000003,TRUE,"",3.5,284,3600284,3800284
"DGMM",NA,0.791892121722833,0.055,0.330437987695333,0.441,-34289.5667814816,70665.2756572157,13,1.63999999999999,TRUE,"",3.5,285,3600285,3800285
"RDMM",3.7340215003275,0.921521500584297,0.02,0.712936690889513,0.121,-31375.8783825807,64830.9911041349,216,8.52999999999997,TRUE,"",3.5,285,3600285,3800285
"DGMM",NA,0.000881211041929257,0.479,-0.000310000579221647,0.727,-32583.9269510392,67253.995996331,23,2.82999999999998,TRUE,"",3.5,286,3600286,3800286
"RDMM",3.59152942528835,0.917681675909177,0.021,0.728804212291128,0.112,-31154.2412748235,64387.7168886205,173,6.97000000000003,TRUE,"",3.5,286,3600286,3800286
"DGMM",NA,0.00121730491031754,0.478,0.000250967813654317,0.732,-32617.3609735673,67320.8640413872,24,2.89999999999998,TRUE,"",3.5,287,3600287,3800287
"RDMM",3.52640193101404,0.898602513590736,0.026,0.728569354417543,0.112,-31402.3695740068,64883.9734869873,205,8.27999999999997,TRUE,"",3.5,287,3600287,3800287
"DGMM",NA,0.781234641516523,0.058,0.294052083299631,0.456,-34451.2332682261,70988.6086307048,12,1.5,TRUE,"",3.5,288,3600288,3800288
"RDMM",3.52683150209653,0.921521398849683,0.02,0.775394403264551,0.091,-31207.3403147763,64493.9149685263,232,9.31999999999999,TRUE,"",3.5,288,3600288,3800288
"DGMM",NA,0.331169517115432,0.212,0.194764145679433,0.573,-33737.3094235749,69560.7609414024,32,3.85999999999996,TRUE,"",3.5,289,3600289,3800289
"RDMM",3.4865347463602,0.952528532357446,0.012,0.740881308800463,0.107,-30866.8569876459,63812.9483142654,118,4.81,TRUE,"",3.5,289,3600289,3800289
"DGMM",NA,0.887251154931749,0.029,0.345120234443894,0.492,-34023.2592135233,70132.6605212992,61,7.12,TRUE,"",3.5,290,3600290,3800290
"RDMM",3.62259217692459,0.921521463902292,0.02,0.742670744780738,0.106,-31009.8859466568,64099.0062322871,118,4.48000000000002,TRUE,"",3.5,290,3600290,3800290
"DGMM",NA,0.467340578858151,0.158,0.22922391836645,0.548,-35362.2646006993,72810.6712956513,11,1.25,TRUE,"",3.5,291,3600291,3800291
"RDMM",3.10815966364326,0.894810710830916,0.027,0.74297239842547,0.106,-31225.8076364314,64530.8496118365,112,3.48000000000002,TRUE,"",3.5,291,3600291,3800291
"DGMM",NA,0.66878352856453,0.091,0.254287417720006,0.462,-34435.5541239572,70957.250342167,14,1.26999999999998,TRUE,"",3.5,292,3600292,3800292
"RDMM",3.33000778384471,0.887251149574033,0.029,0.723033400139843,0.114,-31032.0141105031,64143.2625599798,100,2.73000000000002,TRUE,"",3.5,292,3600292,3800292
"DGMM",NA,0.00417457774731623,0.465,0.000852706691705402,0.718,-32324.3730039755,66734.8881022035,21,1.22,TRUE,"",3.5,293,3600293,3800293
"RDMM",3.58416065993004,0.879723605609048,0.031,0.736312379271089,0.107,-30930.0025155784,63939.2393701304,202,7.12,TRUE,"",3.5,293,3600293,3800293
"DGMM",NA,0.00181066910941498,0.474,0.00245739760772806,0.713,-32988.9679583156,68064.0780108838,21,2.54,TRUE,"",3.5,294,3600294,3800294
"RDMM",3.40682777779779,0.906210244191013,0.024,0.727836500178343,0.113,-31562.9693138868,65205.1729667473,216,8.69,TRUE,"",3.5,294,3600294,3800294
"DGMM",NA,-0.000990107639940543,0.488,0.000739052844544354,0.73,-32585.1892863972,67256.5206670471,27,3.26,TRUE,"",3.5,295,3600295,3800295
"RDMM",3.44349672073156,0.902402152442634,0.025,0.658590632748306,0.145,-31175.6658601416,64430.5660592568,100,4.05,TRUE,"",3.5,295,3600295,3800295
"DGMM",NA,-0.000938073669059212,0.494,-0.00107268483046847,0.736,-32516.555132241,67119.2523587346,26,3.1,TRUE,"",3.5,296,3600296,3800296
"RDMM",3.40131147997211,0.929225219011801,0.018,0.753138226012269,0.101,-31226.0212156123,64531.2767701983,100,4.01,TRUE,"",3.5,296,3600296,3800296
"DGMM",NA,0.000312632580336941,0.477,0.000792355192688224,0.723,-32695.8138402682,67477.769774789,22,2.76,TRUE,"",3.5,297,3600297,3800297
"RDMM",3.26573869369579,0.906209868154371,0.024,0.727904186538529,0.112,-31197.1500625641,64473.5344641018,130,5.25,TRUE,"",3.5,297,3600297,3800297
"DGMM",NA,0.887251238659554,0.029,0.339087828074261,0.485,-34362.3165055437,70810.7751053401,37,4.47,TRUE,"",3.5,298,3600298,3800298
"RDMM",3.35326181314485,0.910026008500048,0.023,0.709515595553546,0.122,-31165.0089145951,64409.2521681639,100,4.05,TRUE,"",3.5,298,3600298,3800298
"DGMM",NA,0.626883575818377,0.104,0.23796178450979,0.525,-35002.396207736,72090.9345097247,18,2.14,TRUE,"",3.5,299,3600299,3800299
"RDMM",3.41899773463185,0.894810700712507,0.027,0.707818525664348,0.124,-31583.2755628587,65245.7854646911,199,7.96,TRUE,"",3.5,299,3600299,3800299
"DGMM",NA,0.806211500630612,0.051,0.314209832584979,0.412,-34419.8021853272,70925.746464907,15,1.81,TRUE,"",3.5,300,3600300,3800300
"RDMM",3.50267922099144,0.906210123654458,0.024,0.736759936179461,0.109,-31114.0768512138,64307.3880414012,101,4.1,TRUE,"",3.5,300,3600300,3800300
"DGMM",NA,0.739342678152566,0.07,0.266677172421821,0.495,-33818.2633481513,69722.6687905552,14,1.73999999999999,TRUE,"",3.5,301,3600301,3800301
"RDMM",3.53765387906775,0.89860252908443,0.026,0.740843866696029,0.107,-31038.707702469,64156.6497439117,100,3.95,TRUE,"",3.5,301,3600301,3800301
"DGMM",NA,0.36663759530477,0.197,0.183752056721311,0.506,-33411.1372286108,68908.4165514742,24,2.89,TRUE,"",3.5,302,3600302,3800302
"RDMM",3.48885449681707,0.925369366198692,0.019,0.755174785826055,0.1,-30872.208915603,63823.6521701797,175,7.04000000000001,TRUE,"",3.5,302,3600302,3800302
"DGMM",NA,-0.000680044955476007,0.496,0.114362643072931,0.582,-32466.5700623182,67019.2822188891,20,2.48,TRUE,"",3.5,303,3600303,3800303
"RDMM",3.52446215982104,0.917681611358423,0.021,0.717806064284441,0.118,-30934.4602313696,63948.1548017129,100,4.06999999999999,TRUE,"",3.5,303,3600303,3800303
"DGMM",NA,0.820656743448642,0.047,0.27900105216167,0.483,-34661.2322742386,71408.6066427298,16,1.98999999999999,TRUE,"",3.5,304,3600304,3800304
"RDMM",3.33157224196042,0.933089099329263,0.017,0.737521854083131,0.108,-30980.5816933387,64040.3977256511,100,4.06,TRUE,"",3.5,304,3600304,3800304
"DGMM",NA,-0.000449568566416598,0.492,0.00976605281419509,0.706,-33830.6002512634,69747.3425967793,29,3.50999999999999,TRUE,"",3.5,305,3600305,3800305
"RDMM",3.24042782592942,0.940840796231763,0.015,0.725670231732166,0.114,-31284.8737283298,64648.9817956332,100,4.06,TRUE,"",3.5,305,3600305,3800305
"DGMM",NA,0.32432906170942,0.215,0.145737752109429,0.563,-33793.3903442229,69672.9227826985,32,4,TRUE,"",3.5,306,3600306,3800306
"RDMM",3.42567915402794,0.933089056746597,0.017,0.729112240295144,0.112,-30825.8090462889,63730.8524315514,298,11.89,TRUE,"",3.5,306,3600306,3800306
"DGMM",NA,0.424584935882607,0.174,0.189392842540748,0.531,-33870.2704822286,69826.6830587099,24,2.95,TRUE,"",3.5,307,3600307,3800307
"RDMM",3.57448680700525,0.917681622523367,0.021,0.725749138380205,0.114,-31373.6698127813,64826.5739645362,142,5.68000000000001,TRUE,"",3.5,307,3600307,3800307
"DGMM",NA,0.849933888333129,0.039,0.314444817700193,0.451,-34031.8091880016,70149.7604702559,26,3.11000000000001,TRUE,"",3.5,308,3600308,3800308
"RDMM",3.72624967825785,0.89860250902602,0.026,0.732732039992887,0.11,-30996.4897378841,64072.2138147418,172,6.81999999999999,TRUE,"",3.5,308,3600308,3800308
"DGMM",NA,0.586341194736252,0.117,0.273387523284641,0.42,-34816.6148554543,71719.3718051613,6,0.830000000000013,TRUE,"",3.5,309,3600309,3800309
"RDMM",3.52512900730323,0.921521494847035,0.02,0.764553360105437,0.096,-30825.6447792471,63730.5238974679,175,7.00999999999999,TRUE,"",3.5,309,3600309,3800309
"DGMM",NA,0.349811711990419,0.204,0.152714653015876,0.596,-33956.3256875067,69998.793469266,30,3.59,TRUE,"",3.5,310,3600310,3800310
"RDMM",3.54789118568788,0.921521522653875,0.02,0.71065929269044,0.122,-31510.5284731933,65100.2912853603,217,8.79999999999998,TRUE,"",3.5,310,3600310,3800310
"DGMM",NA,0.141814729728492,0.311,0.0926974139627375,0.641,-34579.5181200151,71245.1783342827,53,6.5,TRUE,"",3.5,311,3600311,3800311
"RDMM",3.39355377075694,0.902402400609268,0.025,0.67154055566703,0.141,-31455.3590863995,64989.9525117726,100,4.20000000000002,TRUE,"",3.5,311,3600311,3800311
"DGMM",NA,0.861045266311997,0.036,0.304323769685911,0.455,-34746.8325516483,71579.8071975492,26,3.12,TRUE,"",3.5,312,3600312,3800312
"RDMM",3.25825989557513,0.940840811027485,0.015,0.735721757509499,0.109,-31540.9622648187,65161.1588686111,157,6.29000000000002,TRUE,"",3.5,312,3600312,3800312
"DGMM",NA,0.83157610966036,0.044,0.303651365936749,0.446,-34962.8928277833,72011.9277498192,31,3.72,TRUE,"",3.5,313,3600313,3800313
"RDMM",3.42854159727645,0.906210211166527,0.024,0.751029192308575,0.101,-31576.1249501587,65231.4842392911,100,4.08999999999997,TRUE,"",3.5,313,3600313,3800313
"DGMM",NA,0.69525371039378,0.083,0.244054157559796,0.476,-35109.1862366355,72304.5145675236,15,1.84999999999999,TRUE,"",3.5,314,3600314,3800314
"RDMM",3.40507128043752,0.91384977034449,0.022,0.754418284010395,0.1,-31395.4705511454,64870.1754412644,100,4.12,TRUE,"",3.5,314,3600314,3800314
"DGMM",NA,-3.94993619398575e-05,0.5,0.000301407815536978,0.727,-33833.497421458,69753.1369371686,27,3.31999999999999,TRUE,"",3.5,315,3600315,3800315
"RDMM",3.90072292443335,-3.94993619398575e-05,0.5,0.290569194426342,0.52,-31100.490465504,64280.2152699817,132,5.36000000000001,TRUE,"",3.5,315,3600315,3800315
"DGMM",NA,-0.00128375633267964,0.489,-0.00101372536674006,0.721,-32337.1974100318,66760.5369143161,58,6.94,TRUE,"",3.5,316,3600316,3800316
"RDMM",3.48835268703173,0.929224654370865,0.018,0.739112911393605,0.107,-30965.8246522016,64010.8836433768,177,7.06,TRUE,"",3.5,316,3600316,3800316
"DGMM",NA,0.00546699349082038,0.461,0.00261967225888417,0.716,-32525.1928887022,67136.527871657,22,2.69,TRUE,"",3.5,317,3600317,3800317
"RDMM",3.3983277566406,0.925369315735835,0.019,0.769341560818702,0.093,-30959.5946059625,63998.4235508987,153,6.31,TRUE,"",3.5,317,3600317,3800317
"DGMM",NA,0.784782182760856,0.057,0.286263975150835,0.493,-34771.8441104881,71629.8303152289,13,1.61000000000001,TRUE,"",3.5,318,3600318,3800318
"RDMM",3.49265398352538,0.910025951632168,0.023,0.699794238315376,0.126,-31434.0826825971,64947.3997041679,259,10.44,TRUE,"",3.5,318,3600318,3800318
"DGMM",NA,-0.000635516344876729,0.498,-0.000939968615906434,0.739,-32163.2013813267,66412.544856906,39,4.66,TRUE,"",3.5,319,3600319,3800319
"RDMM",3.61097395831729,0.940840782744888,0.015,0.778855186661066,0.09,-30785.4673644396,63650.1690678529,108,4.47,TRUE,"",3.5,319,3600319,3800319
"DGMM",NA,0.735903567201743,0.071,0.2799506969273,0.493,-34273.9251831766,70633.9924606058,23,2.78999999999999,TRUE,"",3.5,320,3600320,3800320
"RDMM",3.24545563312017,0.910025944679464,0.023,0.736029868816989,0.109,-31002.8973226527,64085.028984279,228,9.12999999999997,TRUE,"",3.5,320,3600320,3800320
"DGMM",NA,0.614274081801265,0.108,0.232762463314211,0.511,-34169.8204149146,70425.7829240818,14,1.78000000000003,TRUE,"",3.5,321,3600321,3800321
"RDMM",3.62738469336777,0.921521511330337,0.02,0.700895112201479,0.126,-30967.8151017685,64014.8645425107,237,10.05,TRUE,"",3.5,321,3600321,3800321
"DGMM",NA,0.33349562713665,0.211,0.156379910237745,0.566,-33813.4154450097,69712.972984272,43,5.14999999999998,TRUE,"",3.5,322,3600322,3800322
"RDMM",3.3125348421642,0.906210180564387,0.024,0.733381869213065,0.11,-30988.2382687464,64055.7108764664,181,7.28000000000003,TRUE,"",3.5,322,3600322,3800322
"DGMM",NA,0.414125362394378,0.178,0.181790955674267,0.553,-33405.6191569948,68897.3804082422,22,2.63999999999999,TRUE,"",3.5,323,3600323,3800323
"RDMM",3.8040589077007,0.933089088374658,0.017,0.748947335892095,0.104,-31029.3371066406,64137.9085522548,164,6.67000000000002,TRUE,"",3.5,323,3600323,3800323
"DGMM",NA,0.00802478955516525,0.441,0.0075480807579655,0.681,-32738.5214299486,67563.1849541497,27,3.27999999999997,TRUE,"",3.5,324,3600324,3800324
"RDMM",3.4906807656205,0.933080496955365,0.017,0.726734985244056,0.115,-31373.619479674,64826.4732983216,100,3.96000000000004,TRUE,"",3.5,324,3600324,3800324
"DGMM",NA,0.806211372679835,0.051,0.329884064778408,0.494,-33915.2014229753,69916.5449402032,34,4.15999999999997,TRUE,"",3.5,325,3600325,3800325
"RDMM",3.44394611467461,0.929225168405716,0.018,0.76319787929169,0.096,-30700.1501139354,63479.5345668444,100,3.96999999999997,TRUE,"",3.5,325,3600325,3800325
"DGMM",NA,0.795459464063461,0.054,0.297848193215871,0.435,-33847.7674919039,69781.6770780605,10,1.23000000000002,TRUE,"",3.5,326,3600326,3800326
"RDMM",3.76432078307504,0.94084078557884,0.015,0.729971205092443,0.112,-30632.4307105378,63344.0957600492,195,7.91000000000003,TRUE,"",3.5,326,3600326,3800326
"DGMM",NA,-0.000605437867399618,0.495,0.20384236783536,0.555,-32790.7437348608,67667.6295639742,21,2.61000000000001,TRUE,"",3.5,327,3600327,3800327
"RDMM",3.17133767651813,0.91002595008007,0.023,0.768617672339591,0.094,-31206.6864116187,64492.607162211,100,3.96999999999997,TRUE,"",3.5,327,3600327,3800327
"DGMM",NA,0.574157094699552,0.121,0.245076480507162,0.5,-34584.9187179767,71255.9795302059,34,4.15000000000003,TRUE,"",3.5,328,3600328,3800328
"RDMM",3.33204389492795,0.921521561908781,0.02,0.719036118554524,0.117,-31008.8702261481,64096.9747912699,100,3.98000000000002,TRUE,"",3.5,328,3600328,3800328
"DGMM",NA,0.401298386147344,0.183,0.156543808310476,0.566,-34773.0212065995,71632.1845074516,25,3,TRUE,"",3.5,329,3600329,3800329
"RDMM",3.3451201139153,0.921521477359704,0.02,0.755488872517367,0.1,-31396.8785321499,64872.9914032735,195,7.78000000000003,TRUE,"",3.5,329,3600329,3800329
"DGMM",NA,0.472835120935004,0.156,0.18661186658066,0.566,-35700.5950889,73487.3322720527,10,1.25999999999999,TRUE,"",3.5,330,3600330,3800330
"RDMM",3.18960708974901,0.887251161872919,0.029,0.704254343299628,0.123,-31680.2997496434,65439.8338382605,107,4.28000000000003,TRUE,"",3.5,330,3600330,3800330
"DGMM",NA,0.887251173499377,0.029,0.335041017186968,0.478,-34405.0225532712,70896.1872007951,27,3.06,TRUE,"",3.5,331,3600331,3800331
"RDMM",3.58954583363203,0.887251219918419,0.029,0.607793367038101,0.177,-31336.1144628869,64751.4632647473,123,4.43000000000001,TRUE,"",3.5,331,3600331,3800331
"DGMM",NA,0.781235220219221,0.058,0.271055394290141,0.468,-35436.9909675465,72960.1240293456,11,1.01999999999998,TRUE,"",3.5,332,3600332,3800332
"RDMM",3.29959520623846,0.910025854582718,0.023,0.700109175780886,0.125,-31662.2840918427,65403.8025226591,111,3.25,TRUE,"",3.5,332,3600332,3800332
"DGMM",NA,0.401433384923917,0.183,0.166770349729462,0.565,-34389.4050775912,70864.952249435,30,2.37,TRUE,"",3.5,333,3600333,3800333
"RDMM",3.50388472683741,0.910025944679464,0.023,0.752834825302148,0.101,-31423.9824461316,64927.1992312368,115,2.80000000000001,TRUE,"",3.5,333,3600333,3800333
"DGMM",NA,-0.000529570351926826,0.494,0.00201122120230216,0.706,-33167.7174114471,68421.5769171469,32,1.73,TRUE,"",3.5,334,3600334,3800334
"RDMM",3.14639531284065,0.879723633029167,0.031,0.734341381718237,0.11,-31579.4397912868,65238.1139215473,100,3.8,TRUE,"",3.5,334,3600334,3800334
"DGMM",NA,0.725629771615806,0.074,0.27053614603413,0.485,-34813.090121225,71712.3223367026,12,1.52,TRUE,"",3.5,335,3600335,3800335
"RDMM",3.41230079654576,0.929225179011441,0.018,0.7413984552639,0.106,-30992.6656913733,64064.5657217202,201,8,TRUE,"",3.5,335,3600335,3800335
"DGMM",NA,0.853629616197594,0.038,0.380838490280042,0.396,-33670.5121290983,69427.1663524493,21,2.56,TRUE,"",3.5,336,3600336,3800336
"RDMM",3.80451247327043,0.929225218730405,0.018,0.729503391371465,0.112,-30935.7091109118,63950.6525607973,100,4.11,TRUE,"",3.5,336,3600336,3800336
"DGMM",NA,0.388733968541668,0.188,0.155891750983653,0.57,-34369.8407139457,70825.8235221439,17,2.1,TRUE,"",3.5,337,3600337,3800337
"RDMM",3.39480627788059,0.933089095518966,0.017,0.74987116928784,0.103,-31446.9189819344,64973.0723028424,127,5.11,TRUE,"",3.5,337,3600337,3800337
"DGMM",NA,-0.000842796032972318,0.496,0.00059146242761368,0.723,-32814.3784532289,67714.8990007104,26,3.13,TRUE,"",3.5,338,3600338,3800338
"RDMM",3.37987700203599,0.913849835977443,0.022,0.726475934600167,0.113,-31254.8432899958,64588.9209189652,114,4.67,TRUE,"",3.5,338,3600338,3800338
"DGMM",NA,0.831576506787124,0.044,0.289052017853027,0.468,-34215.8792820638,70517.9006583803,15,1.85,TRUE,"",3.5,339,3600339,3800339
"RDMM",3.47635601798488,0.940840806554625,0.015,0.755798651867392,0.1,-30921.6257466904,63922.4858323543,100,4.03,TRUE,"",3.5,339,3600339,3800339
"DGMM",NA,0.282455301222089,0.234,0.117156985801711,0.596,-33392.0722865891,68870.2866674307,36,4.44,TRUE,"",3.5,340,3600340,3800340
"RDMM",3.62544416080569,0.948624583898271,0.013,0.755935670967202,0.1,-30858.6768107272,63796.587960428,142,5.69,TRUE,"",3.5,340,3600340,3800340
"DGMM",NA,0.371565261688043,0.195,0.149332743553158,0.575,-33978.947531355,70044.0371569626,26,3.24,TRUE,"",3.5,341,3600341,3800341
"RDMM",3.56528906052856,0.948624573352206,0.013,0.750453357822945,0.103,-30942.1910538074,63963.6164465884,142,5.71,TRUE,"",3.5,341,3600341,3800341
"DGMM",NA,-0.00115908310878394,0.498,0.00163911020239906,0.719,-32550.4389531483,67187.0200005492,26,3.13999999999999,TRUE,"",3.5,342,3600342,3800342
"RDMM",3.41226702572678,0.910025988559371,0.023,0.734926547808979,0.109,-31055.7484899483,64190.7313188702,187,7.41000000000001,TRUE,"",3.5,342,3600342,3800342
"DGMM",NA,0.861045056252766,0.036,0.293091989326268,0.496,-34414.3952047057,70914.932503664,31,3.76000000000001,TRUE,"",3.5,343,3600343,3800343
"RDMM",3.37871329928623,0.929225200488394,0.018,0.747884189793628,0.103,-31151.6877446662,64382.609828306,100,4.06,TRUE,"",3.5,343,3600343,3800343
"DGMM",NA,0.317448292520292,0.218,0.130315419646996,0.57,-34116.570924421,70319.2839430945,18,2.25,TRUE,"",3.5,344,3600344,3800344
"RDMM",3.62386393832172,0.910026019716675,0.023,0.717171249008547,0.117,-30992.3094113461,64063.8531616659,151,6.08,TRUE,"",3.5,344,3600344,3800344
"DGMM",NA,-0.000716628349972926,0.498,0.00353735125438801,0.709,-32877.8730965313,67841.8882873151,32,3.87,TRUE,"",3.5,345,3600345,3800345
"RDMM",3.14847238093209,0.87222823030535,0.033,0.6272363607576,0.167,-31449.2865270845,64977.8073931425,119,4.86,TRUE,"",3.5,345,3600345,3800345
"DGMM",NA,0.424384589623413,0.174,0.190384196654534,0.544,-33904.2241252095,69894.5903446716,28,3.37,TRUE,"",3.5,346,3600346,3800346
"RDMM",3.41217832216607,0.906210001389901,0.024,0.72522323858363,0.113,-31047.0819709515,64173.3982808767,101,4.05,TRUE,"",3.5,346,3600346,3800346
"DGMM",NA,0.440207972415102,0.168,0.176670853294826,0.523,-34695.754863446,71477.6518211447,15,2.05,TRUE,"",3.5,347,3600347,3800347
"RDMM",3.67438947298499,0.917680865834222,0.021,0.735516493112887,0.108,-31731.4142756425,65542.0628902586,117,4.69,TRUE,"",3.5,347,3600347,3800347
"DGMM",NA,0.297486786128811,0.227,0.139006536540565,0.595,-34057.1675906708,70200.4772755941,46,5.56,TRUE,"",3.5,348,3600348,3800348
"RDMM",3.5772475352985,0.944728721551223,0.014,0.758178699373806,0.099,-31474.5514487005,65028.3372363746,109,4.55,TRUE,"",3.5,348,3600348,3800348
"DGMM",NA,0.788333422983363,0.056,0.303045720495027,0.431,-34578.478547648,71243.0991895486,14,1.73999999999999,TRUE,"",3.5,349,3600349,3800349
"RDMM",3.57207328852012,0.89860252908443,0.026,0.706863871727517,0.122,-31514.517521423,65108.2693818196,189,7.47999999999999,TRUE,"",3.5,349,3600349,3800349
"DGMM",NA,-0.00068163460148954,0.499,0.00232334768335688,0.709,-32884.17564239,67854.4933790327,24,2.87,TRUE,"",3.5,350,3600350,3800350
"RDMM",3.24449803778155,0.902402320021437,0.025,0.756739160982571,0.099,-31320.3224747231,64719.8792884198,102,4.15000000000001,TRUE,"",3.5,350,3600350,3800350
"DGMM",NA,-0.00111345352863511,0.498,-0.000667151844348679,0.727,-32631.3521283909,67348.8463510344,34,4.06,TRUE,"",3.5,351,3600351,3800351
"RDMM",3.26480922224884,0.906210223729457,0.024,0.734175292726934,0.109,-31236.4275738612,64552.0894866961,164,6.56,TRUE,"",3.5,351,3600351,3800351
"DGMM",NA,0.421908068804902,0.175,0.170411624437,0.551,-34019.1835088565,70124.5091119655,18,2.31,TRUE,"",3.5,352,3600352,3800352
"RDMM",3.55438069938301,0.910025985997547,0.023,0.725507526230198,0.114,-31048.605242089,64176.4448231517,142,5.84999999999999,TRUE,"",3.5,352,3600352,3800352
"DGMM",NA,0.41680259714038,0.177,0.145922367021735,0.545,-34387.1232889765,70860.3886722056,39,4.75,TRUE,"",3.5,353,3600353,3800353
"RDMM",3.38154909524769,0.91384977034449,0.022,0.715846802074389,0.118,-31326.4436138322,64732.121566638,112,4.63999999999999,TRUE,"",3.5,353,3600353,3800353
"DGMM",NA,0.827927932049377,0.045,0.280549199862767,0.49,-33692.395367216,69470.9328286845,14,1.91999999999999,TRUE,"",3.5,354,3600354,3800354
"RDMM",3.5808112015879,0.921521451032443,0.02,0.750238297617111,0.102,-30934.9343711994,63949.1030813725,221,8.81,TRUE,"",3.5,354,3600354,3800354
"DGMM",NA,0.831576653818732,0.044,0.311640042771554,0.453,-34896.307630853,71878.7573559586,20,2.38999999999999,TRUE,"",3.5,355,3600355,3800355
"RDMM",3.45552518662655,0.933089070494574,0.017,0.742274841762743,0.106,-31478.2561617229,65035.7466624195,117,4.84,TRUE,"",3.5,355,3600355,3800355
"DGMM",NA,0.371427984408874,0.195,0.233350919313178,0.477,-34760.3826363826,71606.9073670177,10,1.25999999999999,TRUE,"",3.5,356,3600356,3800356
"RDMM",3.43187158837778,0.913849036475075,0.022,0.72023222969574,0.116,-31292.2690889766,64663.7725169269,105,4.25,TRUE,"",3.5,356,3600356,3800356
"DGMM",NA,0.00477522584123117,0.461,0.00150880664308596,0.725,-32498.0279473529,67082.1979889583,29,3.47,TRUE,"",3.5,357,3600357,3800357
"RDMM",3.59826328043538,0.917681626450892,0.021,0.735063078834321,0.109,-31203.5991818744,64486.4327027225,189,7.56,TRUE,"",3.5,357,3600357,3800357
"DGMM",NA,-0.000494794450015993,0.488,0.00115620625775815,0.72,-31844.648859482,65775.4398132166,24,2.93000000000001,TRUE,"",3.5,358,3600358,3800358
"RDMM",3.44036225791648,0.929225212630446,0.018,0.754048126532892,0.1,-30387.9895666321,62855.2134722379,100,3.97999999999999,TRUE,"",3.5,358,3600358,3800358
"DGMM",NA,0.398869785381098,0.184,0.176392376477055,0.496,-34142.0489885922,70370.240071437,28,3.49000000000001,TRUE,"",3.5,359,3600359,3800359
"RDMM",3.35095043909205,0.902402391502775,0.025,0.738060068073941,0.107,-31123.907725421,64327.0497898157,116,4.66,TRUE,"",3.5,359,3600359,3800359
"DGMM",NA,-0.000255077964252849,0.49,0.00335996667042769,0.715,-32464.887267727,67015.9166297066,27,3.33000000000001,TRUE,"",3.5,360,3600360,3800360
"RDMM",3.53836949191623,0.88725117488038,0.029,0.71327263550182,0.119,-31065.0910729728,64209.4164849192,123,5.00999999999999,TRUE,"",3.5,360,3600360,3800360
"DGMM",NA,0.313037234590371,0.22,0.128533879919383,0.57,-34683.0504340675,71452.2429623875,27,3.44999999999999,TRUE,"",3.5,361,3600361,3800361
"RDMM",3.2924871990579,0.898602552064052,0.026,0.618058724666714,0.169,-31520.0755007463,65119.3853404662,194,7.69,TRUE,"",3.5,361,3600361,3800361
"DGMM",NA,0.861044955042365,0.036,0.30165311703227,0.48,-35448.2087542382,72982.559602729,58,6.94999999999999,TRUE,"",3.5,362,3600362,3800362
"RDMM",3.21891269645631,0.90240234390489,0.025,0.727825683597154,0.112,-31762.9440483772,65605.1224357281,100,4,TRUE,"",3.5,362,3600362,3800362
"DGMM",NA,0.849931105866504,0.039,0.315798777458709,0.483,-33813.1119026891,69712.3658996307,16,2.08000000000001,TRUE,"",3.5,363,3600363,3800363
"RDMM",3.82740977463658,0.898602048967906,0.026,0.753556370224139,0.101,-30826.6755538239,63732.5854466213,104,4.15000000000001,TRUE,"",3.5,363,3600363,3800363
"DGMM",NA,0.388805881062524,0.188,0.17102755418274,0.555,-33911.1467163496,69908.4355269519,30,3.70000000000002,TRUE,"",3.5,364,3600364,3800364
"RDMM",3.33829027366309,0.910026008500048,0.023,0.699228143660875,0.128,-31077.4131469841,64234.0606329417,165,6.86000000000001,TRUE,"",3.5,364,3600364,3800364
"DGMM",NA,-0.000684810120073119,0.499,-0.0011254607694267,0.731,-32102.534332249,66291.2107587507,53,6.61000000000001,TRUE,"",3.5,365,3600365,3800365
"RDMM",3.32143497158662,0.917681620559604,0.021,0.730020055237071,0.111,-30818.19752425,63715.6293874737,192,7.64999999999998,TRUE,"",3.5,365,3600365,3800365
"DGMM",NA,-0.000825121183052085,0.499,0.000473587639395845,0.724,-33017.5885618375,68121.3192179275,24,3,TRUE,"",3.5,366,3600366,3800366
"RDMM",3.37106268100146,0.913849847052994,0.022,0.535100089714277,0.285,-31389.693009924,64858.6203588216,118,4.72000000000003,TRUE,"",3.5,366,3600366,3800366
"DGMM",NA,0.192907830658979,0.28,0.109566282625956,0.593,-34519.9587597904,71126.0596138334,25,3.22000000000003,TRUE,"",3.5,367,3600367,3800367
"RDMM",3.55813958682223,0.913849819739097,0.022,0.764139107850817,0.096,-31180.7085062452,64440.6513514641,171,6.88999999999999,TRUE,"",3.5,367,3600367,3800367
"DGMM",NA,-0.00023752204840278,0.488,0.000575513640756743,0.725,-33196.7339037783,68479.6099018091,22,2.63,TRUE,"",3.5,368,3600368,3800368
"RDMM",3.21617389335961,0.89481079906336,0.027,0.681896268264128,0.134,-31584.0088196078,65247.2519781892,128,5.14999999999998,TRUE,"",3.5,368,3600368,3800368
"DGMM",NA,3.85046683647634e-05,0.485,-0.000627514092046081,0.729,-32192.1188506943,66470.3797956412,34,4.01999999999998,TRUE,"",3.5,369,3600369,3800369
"RDMM",3.78351372629265,0.910025995292812,0.023,0.747762523115622,0.103,-30917.1724581957,63913.579255365,100,4.08999999999997,TRUE,"",3.5,369,3600369,3800369
"DGMM",NA,0.354642517340668,0.202,0.167873734353548,0.589,-34412.511417853,70911.1649299587,25,3.09000000000003,TRUE,"",3.5,370,3600370,3800370
"RDMM",3.20220227702807,0.910025991415458,0.023,0.695118440286764,0.129,-31503.4675328739,65086.1694047215,100,4.06999999999999,TRUE,"",3.5,370,3600370,3800370
"DGMM",NA,0.681959473873981,0.087,0.234092230878307,0.532,-34864.3181985497,71814.7784913521,11,1.37,TRUE,"",3.5,371,3600371,3800371
"RDMM",3.42420847471245,0.933089022312268,0.017,0.74169316387781,0.107,-31250.1254423744,64579.4852237225,180,7.19999999999999,TRUE,"",3.5,371,3600371,3800371
"DGMM",NA,-0.000436497576280149,0.491,0.0014827211333862,0.726,-32585.7452876011,67257.6326694549,37,4.40999999999997,TRUE,"",3.5,372,3600372,3800372
"RDMM",3.62715043497258,0.906210161943264,0.024,0.7175398895503,0.117,-31221.7640932421,64522.7625254579,154,6.17000000000002,TRUE,"",3.5,372,3600372,3800372
"DGMM",NA,-0.000398356974712727,0.489,-0.000370008105240963,0.732,-32571.9769851937,67230.0960646401,25,3.07999999999998,TRUE,"",3.5,373,3600373,3800373
"RDMM",3.42272165385443,0.894810842774791,0.027,0.589572762661435,0.188,-31309.0948767402,64697.424092454,117,4.62,TRUE,"",3.5,373,3600373,3800373
"DGMM",NA,6.76917346747302e-05,0.486,0.000503286545178555,0.731,-32674.1803773578,67434.5028489682,28,3.25999999999999,TRUE,"",3.5,374,3600374,3800374
"RDMM",3.54394995708893,0.929225182079578,0.018,0.736531488769083,0.109,-31203.0764002951,64485.3871395639,140,4.95999999999998,TRUE,"",3.5,374,3600374,3800374
"DGMM",NA,0.312677910976894,0.22,0.151850601439506,0.556,-33948.9274630987,69983.99702045,43,3.80000000000001,TRUE,"",3.5,375,3600375,3800375
"RDMM",3.44700836843059,0.894810399749659,0.027,0.712774979456226,0.119,-31144.2950246282,64367.8243882301,100,2.63999999999999,TRUE,"",3.5,375,3600375,3800375
"DGMM",NA,-0.000885565780567246,0.496,-0.0011866433113869,0.739,-32914.0960476485,67914.3341895497,32,1.7,TRUE,"",3.5,376,3600376,3800376
"RDMM",3.41249909101224,0.906210192834115,0.024,0.758586055372966,0.098,-31424.3083552921,64927.8510495578,258,9.61,TRUE,"",3.5,376,3600376,3800376
"DGMM",NA,0.864764664351409,0.035,0.314025304656328,0.469,-34192.6274747343,70471.3970437212,12,1.52,TRUE,"",3.5,377,3600377,3800377
"RDMM",3.56969126498659,0.913849789736054,0.022,0.719630760236048,0.116,-31146.0290838408,64371.2925066552,191,7.73,TRUE,"",3.5,377,3600377,3800377
"DGMM",NA,0.846243474009617,0.04,0.487183523317231,0.243,-34240.5947229422,70567.3315401369,27,3.3,TRUE,"",3.5,378,3600378,3800378
"RDMM",3.49712480711692,0.940840689326766,0.015,0.710366568362696,0.122,-31030.6051342104,64140.4446073945,100,4.05,TRUE,"",3.5,378,3600378,3800378
"DGMM",NA,0.000613225672824109,0.477,0.000998774026249978,0.718,-32284.6165666986,66655.3752276498,26,3.21,TRUE,"",3.5,379,3600379,3800379
"RDMM",3.3271202509364,0.902402100939028,0.025,0.744841109107651,0.104,-30666.548128037,63412.3305950476,232,9.18,TRUE,"",3.5,379,3600379,3800379
"DGMM",NA,0.872227785873585,0.033,0.295534945155099,0.492,-34002.0723764841,70090.2868472207,17,2.08000000000001,TRUE,"",3.5,380,3600380,3800380
"RDMM",3.51563843394262,0.913849705345392,0.022,0.556285272046262,0.244,-31007.2977799693,64093.8298989123,124,5.19,TRUE,"",3.5,380,3600380,3800380
"DGMM",NA,-0.000824384096489772,0.498,-0.00107107358855039,0.74,-32095.4582820023,66277.0586582572,36,4.27,TRUE,"",3.5,381,3600381,3800381
"RDMM",3.74669488166677,0.929225213369113,0.018,0.745950943525967,0.105,-30748.0568023376,63575.3479436488,115,4.78,TRUE,"",3.5,381,3600381,3800381
"DGMM",NA,0.109450727112721,0.334,0.07406794109154,0.644,-34251.9539046654,70590.0499035833,31,3.72,TRUE,"",3.5,382,3600382,3800382
"RDMM",3.4143602336844,0.933089079878723,0.017,0.741328795463158,0.107,-31096.8721393702,64272.9786177139,257,10.17,TRUE,"",3.5,382,3600382,3800382
"DGMM",NA,0.853629554303191,0.038,0.307210443972685,0.436,-34790.4284507857,71666.998995824,29,3.47,TRUE,"",3.5,383,3600383,3800383
"RDMM",3.3933897482186,0.921521458517313,0.02,0.737096747166959,0.109,-31576.0930891915,65231.4205173566,163,6.58,TRUE,"",3.5,383,3600383,3800383
"DGMM",NA,0.774174124613817,0.06,0.263903913407472,0.489,-34740.0680069477,71566.2781081481,10,1.27,TRUE,"",3.5,384,3600384,3800384
"RDMM",3.50400797537204,0.887251218870015,0.029,0.547866590741674,0.22,-31540.9643074058,65161.1629537852,148,5.98,TRUE,"",3.5,384,3600384,3800384
"DGMM",NA,0.00230287565886819,0.472,0.000344996041901946,0.719,-32667.916105206,67421.9743046647,32,3.89999999999999,TRUE,"",3.5,385,3600385,3800385
"RDMM",3.41470472084611,0.917681672488433,0.021,0.736158580608224,0.109,-31371.7088524855,64822.6520439447,172,6.90000000000001,TRUE,"",3.5,385,3600385,3800385
"DGMM",NA,0.849933635245028,0.039,0.294720890918061,0.49,-34630.8726698083,71347.8874338691,13,1.66,TRUE,"",3.5,386,3600386,3800386
"RDMM",3.4377909572379,0.894810735438878,0.027,0.685504499552405,0.133,-31447.6351005183,64974.5045400103,134,5.5,TRUE,"",3.5,386,3600386,3800386
"DGMM",NA,0.868485310058146,0.034,0.318496651229346,0.477,-34309.9112061521,70705.9645065568,13,1.69,TRUE,"",3.5,387,3600387,3800387
"RDMM",3.62285326009136,0.891015681312169,0.028,0.714310319110261,0.119,-31141.415661815,64362.0656626036,135,5.31999999999999,TRUE,"",3.5,387,3600387,3800387
"DGMM",NA,0.583270416467106,0.118,0.244247558147546,0.47,-34227.4986898562,70541.139473965,14,1.81,TRUE,"",3.5,388,3600388,3800388
"RDMM",3.67145886449515,0.910025589120822,0.023,0.764593083987835,0.096,-30934.1743394719,63947.5830179175,100,4.05,TRUE,"",3.5,388,3600388,3800388
"DGMM",NA,0.639641865966069,0.1,0.406931805229562,0.289,-34883.305524825,71852.7531439026,6,0.800000000000011,TRUE,"",3.5,389,3600389,3800389
"RDMM",3.53592789090974,0.925369298434679,0.019,0.750725936275706,0.103,-31069.3076433409,64217.8496256553,100,4.11,TRUE,"",3.5,389,3600389,3800389
"DGMM",NA,0.662266145384934,0.093,0.256226547188257,0.515,-34483.5183963303,71053.1788869132,11,1.39,TRUE,"",3.5,390,3600390,3800390
"RDMM",3.47325529368565,0.929225163697984,0.018,0.744287500411587,0.105,-30846.1967306243,63771.6278002221,100,4.01999999999998,TRUE,"",3.5,390,3600390,3800390
"DGMM",NA,0.781237480550016,0.058,0.31508714466315,0.504,-35130.9645521702,72348.0711985931,30,3.57999999999998,TRUE,"",3.5,391,3600391,3800391
"RDMM",3.2141772372236,0.936960956690986,0.016,0.764799474496053,0.096,-31386.6470555978,64852.5284501692,170,6.83000000000001,TRUE,"",3.5,391,3600391,3800391
"DGMM",NA,0.817032947892939,0.048,0.28412972574106,0.508,-34819.9914110813,71726.1249164152,14,1.78,TRUE,"",3.5,392,3600392,3800392
"RDMM",3.435752197377,0.913849856798482,0.022,0.658592452412968,0.147,-31701.6605689193,65482.5554768122,160,6.39000000000001,TRUE,"",3.5,392,3600392,3800392
"DGMM",NA,0.0011328239303647,0.479,-0.000305009639292931,0.73,-32394.9015013964,66875.9450970454,25,2.99000000000001,TRUE,"",3.5,393,3600393,3800393
"RDMM",3.19077303526615,0.872228114846797,0.033,0.708499465928536,0.121,-30893.0086762297,63865.2516914329,140,5.74000000000001,TRUE,"",3.5,393,3600393,3800393
"DGMM",NA,-0.000633408388771145,0.487,0.00016702546871485,0.724,-32810.9298573497,67708.001808952,25,3,TRUE,"",3.5,394,3600394,3800394
"RDMM",3.38398482850485,0.891026867190026,0.028,0.713450717897839,0.119,-31257.1027264842,64593.439791942,182,7.56,TRUE,"",3.5,394,3600394,3800394
"DGMM",NA,0.381341520876813,0.191,0.176691515535043,0.524,-34463.1159251111,71012.3739444749,21,2.67000000000002,TRUE,"",3.5,395,3600395,3800395
"RDMM",3.33618838514436,0.917681661798606,0.021,0.739954052150187,0.107,-31450.1377650513,64979.5098690763,100,3.97,TRUE,"",3.5,395,3600395,3800395
"DGMM",NA,0.00132945630552674,0.472,0.000705080410060542,0.722,-32332.8060457039,66751.7541856605,36,4.34,TRUE,"",3.5,396,3600396,3800396
"RDMM",3.51744993830575,0.933088398072884,0.017,0.80132735330663,0.081,-30881.746815596,63842.7279701655,155,6.25,TRUE,"",3.5,396,3600396,3800396
"DGMM",NA,0.831575440433735,0.044,0.285183205822419,0.484,-35143.3855691986,72372.9132326497,16,2.05000000000001,TRUE,"",3.5,397,3600397,3800397
"RDMM",3.2913620443858,0.861044933549171,0.036,0.68547499656248,0.133,-31597.3642645867,65273.9628681469,100,3.96000000000001,TRUE,"",3.5,397,3600397,3800397
"DGMM",NA,0.000282664361012354,0.48,-0.000738264954318088,0.728,-33302.8561451168,68691.8543844863,27,3.28,TRUE,"",3.5,398,3600398,3800398
"RDMM",3.44514755192812,0.898602584558351,0.026,0.732487237885581,0.11,-31792.3286317734,65663.8916025203,185,7.47,TRUE,"",3.5,398,3600398,3800398
"DGMM",NA,0.891026934137518,0.028,0.31389288111996,0.449,-33948.3262911106,69982.7946764738,10,1.25,TRUE,"",3.5,399,3600399,3800399
"RDMM",3.70027295520272,0.925369368572512,0.019,0.758109730579569,0.099,-30719.6131549999,63518.4606489734,221,8.78,TRUE,"",3.5,399,3600399,3800399
"DGMM",NA,0.000473846816411824,0.482,-0.000129339023708306,0.735,-32686.319600983,67458.7812962187,45,5.42000000000002,TRUE,"",3.5,400,3600400,3800400
"RDMM",3.06786622314114,0.87597185648225,0.032,0.657094680482084,0.145,-31232.6555198813,64544.5453787362,229,9.31,TRUE,"",3.5,400,3600400,3800400
"DGMM",NA,0.393839681139833,0.186,0.173292105385529,0.562,-34067.2828766851,70220.7078476229,24,3.06,TRUE,"",3.5,401,3600401,3800401
"RDMM",3.41420042241317,0.933089044195771,0.017,0.764596969269773,0.096,-31193.0394985765,64465.3133361267,166,6.68000000000001,TRUE,"",3.5,401,3600401,3800401
"DGMM",NA,-0.000783688366356941,0.495,-0.000930054589384489,0.736,-31817.9303015659,65722.0026973844,26,3.17000000000002,TRUE,"",3.5,402,3600402,3800402
"RDMM",3.66407523533351,0.91768168713745,0.021,0.760454843875408,0.097,-30459.8499541324,62998.9342472384,163,6.54999999999998,TRUE,"",3.5,402,3600402,3800402
"DGMM",NA,-0.000807349664307128,0.498,0.000634216496160132,0.727,-32872.4534224621,67831.0489391768,33,4.12,TRUE,"",3.5,403,3600403,3800403
"RDMM",3.45944439757522,0.936960910351866,0.016,0.757216516141041,0.099,-31193.14618734,64465.5267136537,138,5.48999999999998,TRUE,"",3.5,403,3600403,3800403
"DGMM",NA,-0.000957036585500017,0.499,-0.000418214314260214,0.72,-32738.7104583385,67563.5630109297,25,3.04999999999998,TRUE,"",3.5,404,3600404,3800404
"RDMM",3.37457622123239,0.906210202654406,0.024,0.769436447034899,0.093,-31316.7950236029,64712.8243861794,213,9.07999999999998,TRUE,"",3.5,404,3600404,3800404
"DGMM",NA,0.672072682450003,0.09,0.257720962361022,0.474,-34804.1781243908,71694.4983430342,9,1.13999999999999,TRUE,"",3.5,405,3600405,3800405
"RDMM",3.51081254979411,0.887251229288988,0.029,0.486880906375955,0.311,-31393.6304557647,64866.495250503,100,4.07999999999998,TRUE,"",3.5,405,3600405,3800405
"DGMM",NA,0.879716722393563,0.031,0.430886798179096,0.51,-33595.8775416117,69277.8971774759,47,5.59999999999997,TRUE,"",3.5,406,3600406,3800406
"RDMM",3.72003483854944,0.936960142728184,0.016,0.731039159511436,0.111,-30772.19739591,63623.6291307937,153,6.19999999999999,TRUE,"",3.5,406,3600406,3800406
"DGMM",NA,-0.000469165300694541,0.489,-0.000353914690337185,0.734,-32548.2716274681,67182.6853491888,20,2.48000000000002,TRUE,"",3.5,407,3600407,3800407
"RDMM",3.41932978322915,0.894810813930647,0.027,0.7106020525391,0.12,-31113.4677137809,64306.1697665354,129,5.24000000000001,TRUE,"",3.5,407,3600407,3800407
"DGMM",NA,0.376450617779644,0.193,0.161743478913964,0.572,-33950.5013357908,69987.1447658341,33,3.97000000000003,TRUE,"",3.5,408,3600408,3800408
"RDMM",3.61641792703669,0.936960898299904,0.016,0.73399257154254,0.11,-31054.523664423,64188.2816678197,196,7.90999999999997,TRUE,"",3.5,408,3600408,3800408
"DGMM",NA,0.906210150359189,0.024,0.316289422974276,0.44,-34540.6537526596,71167.4495995717,23,2.75,TRUE,"",3.5,409,3600409,3800409
"RDMM",3.34908339808083,0.940840818083903,0.015,0.745629163854347,0.106,-31318.1445528209,64715.5234446155,152,6.13999999999999,TRUE,"",3.5,409,3600409,3800409
"DGMM",NA,0.712051806346414,0.078,0.242457668662513,0.509,-34679.7181356971,71445.5783656468,15,1.88999999999999,TRUE,"",3.5,410,3600410,3800410
"RDMM",3.5672260923681,0.940840818083903,0.015,0.737388528838573,0.109,-31608.3821780401,65295.9986950538,189,7.59999999999997,TRUE,"",3.5,410,3600410,3800410
"DGMM",NA,0.879723633029167,0.031,0.297990759756031,0.469,-34253.4864869155,70593.1150680837,30,3.63,TRUE,"",3.5,411,3600411,3800411
"RDMM",3.50532403312106,0.902402311234126,0.025,0.731253848431743,0.111,-31161.4278070926,64402.0899531589,100,4.01999999999998,TRUE,"",3.5,411,3600411,3800411
"DGMM",NA,0.770655324233808,0.061,0.257463302697274,0.526,-34447.6632733913,70981.4686410352,14,1.69,TRUE,"",3.5,412,3600412,3800412
"RDMM",3.75169999205738,0.929225179383611,0.018,0.738828561280565,0.107,-31099.3236800123,64277.8816989982,136,5.56,TRUE,"",3.5,412,3600412,3800412
"DGMM",NA,0.321915870414689,0.216,0.15976849200184,0.531,-34270.0973869492,70626.336868151,29,3.45000000000005,TRUE,"",3.5,413,3600413,3800413
"RDMM",3.33082895906209,0.910026005638192,0.023,0.701221156672217,0.125,-31301.3604816961,64681.9553023657,128,5.04999999999995,TRUE,"",3.5,413,3600413,3800413
"DGMM",NA,0.701949379743682,0.081,0.268858266290401,0.449,-34534.8850090874,71155.9121124273,10,1.14999999999998,TRUE,"",3.5,414,3600414,3800414
"RDMM",3.65516243146143,0.917681600842785,0.021,0.754442556563409,0.1,-30919.9815345516,63919.1974080769,104,4.04000000000002,TRUE,"",3.5,414,3600414,3800414
"DGMM",NA,0.887247207928429,0.029,0.32617210984287,0.488,-34029.2239795701,70144.5900533927,17,1.81,TRUE,"",3.5,415,3600415,3800415
"RDMM",3.66962342920915,0.925368716862284,0.019,0.761139137439617,0.097,-30906.9020288057,63893.0383965851,100,2.94,TRUE,"",3.5,415,3600415,3800415
"DGMM",NA,0.30405986846627,0.224,0.130764461858949,0.572,-33934.7153511021,69955.5727964567,30,2.60000000000002,TRUE,"",3.5,416,3600416,3800416
"RDMM",3.35842254726232,0.87222820021781,0.033,0.717489785766473,0.117,-31065.45395127,64210.1422415137,203,4.91999999999996,TRUE,"",3.5,416,3600416,3800416
"DGMM",NA,0.366638668369202,0.197,0.134720913672089,0.573,-34105.0706552199,70296.2834046923,31,2.06,TRUE,"",3.5,417,3600417,3800417
"RDMM",3.49602573753157,0.887251262085965,0.029,0.720946724422652,0.115,-31113.2812109697,64305.796760913,107,2.45000000000005,TRUE,"",3.5,417,3600417,3800417
"DGMM",NA,-0.00049796622108644,0.494,0.000797273362761893,0.721,-33152.1156743219,68390.3734428964,29,1.58,TRUE,"",3.5,418,3600418,3800418
"RDMM",3.27203431704567,0.90240232503471,0.025,0.703388661603644,0.124,-31376.7034133144,64832.6411656024,143,4.68,TRUE,"",3.5,418,3600418,3800418
"DGMM",NA,0.338171980195674,0.209,0.143678199476548,0.537,-33598.6510680746,69283.4442304018,31,3.67,TRUE,"",3.5,419,3600419,3800419
"RDMM",3.69970601747934,0.933089028594122,0.017,0.73790766728013,0.108,-31110.2616508727,64299.757640719,213,8.51,TRUE,"",3.5,419,3600419,3800419
"DGMM",NA,-0.000800884389961472,0.497,-0.000546909059525855,0.727,-32628.043390897,67342.2288760467,32,3.89,TRUE,"",3.5,420,3600420,3800420
"RDMM",3.36499110452898,0.902402403613472,0.025,0.74611644652253,0.103,-31016.7109875779,64112.6563141295,168,6.75,TRUE,"",3.5,420,3600420,3800420
"DGMM",NA,0.271910928674581,0.239,0.112880248473887,0.584,-34069.9214392163,70225.9849726852,28,3.42,TRUE,"",3.5,421,3600421,3800421
"RDMM",3.56259908136569,0.925369298434679,0.019,0.720963283323845,0.116,-31113.4774901624,64306.1893192983,128,5.19,TRUE,"",3.5,421,3600421,3800421
"DGMM",NA,0.154812924906343,0.302,0.164148200333494,0.53,-34653.8300367096,71393.8021676718,13,1.61,TRUE,"",3.5,422,3600422,3800422
"RDMM",3.7591753939721,0.91384890312241,0.022,0.711563694955209,0.12,-31288.7121917653,64656.6587225041,247,9.91,TRUE,"",3.5,422,3600422,3800422
"DGMM",NA,0.34748594666906,0.205,0.17724092834724,0.529,-34524.9988610792,71136.1398164109,33,3.97,TRUE,"",3.5,423,3600423,3800423
"RDMM",3.31896708420138,0.879723707167552,0.031,0.708592137308042,0.122,-30938.3064703361,63955.8472796459,117,4.81,TRUE,"",3.5,423,3600423,3800423
"DGMM",NA,0.304061133612689,0.224,0.144939109427628,0.517,-34235.491777954,70557.1256501606,21,2.52,TRUE,"",3.5,424,3600424,3800424
"RDMM",3.51797714355153,0.933089070494574,0.017,0.762854741178772,0.097,-31319.2563045273,64717.7469480282,110,4.34,TRUE,"",3.5,424,3600424,3800424
"DGMM",NA,0.337975834538392,0.209,0.147032669009072,0.587,-33342.5224535478,68771.1870013482,36,4.31,TRUE,"",3.5,425,3600425,3800425
"RDMM",3.61969495069645,0.933088910616072,0.017,0.741857160047784,0.107,-30763.8633062174,63606.9609514084,212,8.39999999999999,TRUE,"",3.5,425,3600425,3800425
"DGMM",NA,0.906208798507811,0.024,0.685995055065977,0.131,-33471.2711407901,69028.6843758327,25,3.03,TRUE,"",3.5,426,3600426,3800426
"RDMM",3.83646902352782,0.913848553137554,0.022,0.748948518467202,0.102,-30756.9233920113,63593.0811229962,100,4,TRUE,"",3.5,426,3600426,3800426
"DGMM",NA,0.440390907440421,0.168,0.201583200737226,0.521,-33963.5297854602,70013.201665173,29,3.55,TRUE,"",3.5,427,3600427,3800427
"RDMM",3.53007226086534,0.894810722021874,0.027,0.725852257134648,0.113,-30842.4094431435,63764.0532252606,149,5.94,TRUE,"",3.5,427,3600427,3800427
"DGMM",NA,-0.000330965372110228,0.492,0.0015608448253095,0.714,-32871.2428605605,67828.6278153737,21,2.53,TRUE,"",3.5,428,3600428,3800428
"RDMM",3.1731320363239,0.883483388915988,0.03,0.702218671699211,0.124,-31390.2595293711,64859.7533977159,167,6.69,TRUE,"",3.5,428,3600428,3800428
"DGMM",NA,0.442948227060565,0.167,0.179677561808065,0.556,-33453.7986247451,68993.7393437428,27,3.42999999999999,TRUE,"",3.5,429,3600429,3800429
"RDMM",3.40448444828962,0.921521302493515,0.02,0.709638129324404,0.121,-30736.4382694053,63552.1108777843,113,4.53,TRUE,"",3.5,429,3600429,3800429
"DGMM",NA,0.695255190333521,0.083,0.252273798725901,0.46,-34602.791502678,71291.7250996085,14,1.70999999999999,TRUE,"",3.5,430,3600430,3800430
"RDMM",3.37839945612808,0.894810804486817,0.027,0.733937809195458,0.11,-31139.3884799105,64358.0112987946,134,5.41000000000001,TRUE,"",3.5,430,3600430,3800430
"DGMM",NA,0.846238079555171,0.04,0.284042130900935,0.491,-34929.2051042752,71944.552302803,20,2.48,TRUE,"",3.5,431,3600431,3800431
"RDMM",3.46951526440276,0.933087248413662,0.017,0.739099824065827,0.107,-31514.4263573837,65108.0870537411,243,9.64,TRUE,"",3.5,431,3600431,3800431
"DGMM",NA,0.614271520672429,0.108,0.246015275441594,0.476,-34301.1488046021,70688.4397034568,12,1.54999999999998,TRUE,"",3.5,432,3600432,3800432
"RDMM",3.4447455485306,0.936960900313113,0.016,0.710756273086227,0.121,-31171.2362631549,64421.7068652834,136,5.44,TRUE,"",3.5,432,3600432,3800432
"DGMM",NA,0.459198820127284,0.161,0.204176052063536,0.518,-34112.6887049833,70311.5195042193,35,4.16,TRUE,"",3.5,433,3600433,3800433
"RDMM",3.57006708196704,0.921521460574425,0.02,0.726740676496935,0.113,-31010.4914215142,64100.217182002,135,5.47,TRUE,"",3.5,433,3600433,3800433
"DGMM",NA,0.48392428422344,0.152,0.289596399831212,0.544,-35012.8787517759,72111.8995978043,24,2.89000000000001,TRUE,"",3.5,434,3600434,3800434
"RDMM",3.2161249025292,0.898602534195348,0.026,0.60709194697542,0.179,-31200.8368725452,64480.9080840641,100,4.22,TRUE,"",3.5,434,3600434,3800434
"DGMM",NA,0.4142195522305,0.178,0.173794212123699,0.568,-34219.3764835809,70524.8950614143,30,3.53,TRUE,"",3.5,435,3600435,3800435
"RDMM",3.45664572080863,0.906210119978046,0.024,0.729898025610864,0.112,-30844.350559616,63767.9354582056,154,6.31,TRUE,"",3.5,435,3600435,3800435
"DGMM",NA,0.875971931867449,0.032,0.295860776112727,0.488,-34174.8500237221,70435.8421416968,15,1.88,TRUE,"",3.5,436,3600436,3800436
"RDMM",3.42990499741672,0.913849871217823,0.022,0.729705901970162,0.112,-31185.1936317906,64449.6216025548,108,4.51000000000002,TRUE,"",3.5,436,3600436,3800436
"DGMM",NA,-0.000617349344147263,0.494,0.00156748045783991,0.725,-33258.0305476275,68602.2031895076,33,4,TRUE,"",3.5,437,3600437,3800437
"RDMM",3.38872016674016,0.929225186681783,0.018,0.748087170371622,0.103,-30822.1277517327,63723.4898424389,160,6.31999999999999,TRUE,"",3.5,437,3600437,3800437
"DGMM",NA,0.917681625922999,0.021,0.391439961972601,0.443,-34139.8455933949,70365.8332810424,22,2.83000000000001,TRUE,"",3.5,438,3600438,3800438
"RDMM",3.45849877698164,0.917681602167798,0.021,0.744464183838841,0.105,-30831.1428464053,63741.5200317843,178,7.09,TRUE,"",3.5,438,3600438,3800438
"DGMM",NA,0.675360786812814,0.089,0.253246979970425,0.468,-34427.7608858981,70941.6638660489,11,1.36000000000001,TRUE,"",3.5,439,3600439,3800439
"RDMM",3.63526247066384,0.891027049102872,0.028,0.719312543754958,0.116,-31071.5027080069,64222.2397549874,143,5.72,TRUE,"",3.5,439,3600439,3800439
"DGMM",NA,0.875971999340624,0.032,0.323233478492149,0.506,-34412.90106647,70911.9442271927,18,2.21000000000001,TRUE,"",3.5,440,3600440,3800440
"RDMM",3.24152982652513,0.894810813930647,0.027,0.726741881167763,0.113,-31151.9855429528,64383.2054248793,100,4.08000000000001,TRUE,"",3.5,440,3600440,3800440
"DGMM",NA,0.443058249952247,0.167,0.158495880627752,0.548,-33739.4780917414,69565.0982777354,23,2.75,TRUE,"",3.5,441,3600441,3800441
"RDMM",3.55783955925877,0.933089025491814,0.017,0.795254218275442,0.082,-30480.4060555249,63040.0464500235,110,4.48000000000002,TRUE,"",3.5,441,3600441,3800441
"DGMM",NA,0.326601161778873,0.214,0.135790425821666,0.587,-34229.3909063715,70544.9239069955,26,3.16999999999999,TRUE,"",3.5,442,3600442,3800442
"RDMM",3.55368013429769,0.894810727425102,0.027,0.700740292521343,0.125,-30971.6498775207,64022.534094015,100,4.02000000000001,TRUE,"",3.5,442,3600442,3800442
"DGMM",NA,0.559072981525263,0.126,0.220075154303522,0.503,-34357.0805245866,70800.3031434258,21,2.66,TRUE,"",3.5,443,3600443,3800443
"RDMM",3.60406439992302,0.910026050043096,0.023,0.717293464844295,0.117,-30851.0019370526,63781.2382130789,100,4.06,TRUE,"",3.5,443,3600443,3800443
"DGMM",NA,0.393717466455566,0.186,0.156422589619066,0.57,-34686.3132107145,71458.7685156815,31,3.84,TRUE,"",3.5,444,3600444,3800444
"RDMM",3.32862339412197,0.933089058355677,0.017,0.736557988513678,0.109,-31627.5227492351,65334.2798374437,100,4.06,TRUE,"",3.5,444,3600444,3800444
"DGMM",NA,-1.0031252191879e-05,0.483,0.00118997447268381,0.72,-32374.976941154,66836.0959765607,53,6.31,TRUE,"",3.5,445,3600445,3800445
"RDMM",3.61628272623933,0.925369326073452,0.019,0.745913432096643,0.105,-30962.2849279016,64003.8041947768,100,3.97999999999999,TRUE,"",3.5,445,3600445,3800445
"DGMM",NA,0.36186575466727,0.199,0.145127481538898,0.578,-33576.3510438637,69238.8441819801,23,2.85999999999999,TRUE,"",3.5,446,3600446,3800446
"RDMM",3.28764446374294,0.93696090226164,0.016,0.736061027612241,0.109,-31036.4721430926,64152.1786251588,100,4.06,TRUE,"",3.5,446,3600446,3800446
"DGMM",NA,0.000838660166455271,0.48,0.000358641465040254,0.719,-32506.0019993609,67098.1460929745,25,3.09999999999999,TRUE,"",3.5,447,3600447,3800447
"RDMM",3.36529351040371,0.902402327062551,0.025,0.695571970079305,0.128,-31193.2495464725,64465.7334319187,153,6.21000000000001,TRUE,"",3.5,447,3600447,3800447
"DGMM",NA,0.429726218253466,0.172,0.180887239229737,0.545,-33976.7168607144,70039.5758156814,18,2.31,TRUE,"",3.5,448,3600448,3800448
"RDMM",3.64962697237504,0.902401928477595,0.025,0.734452695034933,0.109,-30919.54344104,63918.3212210536,190,8.02999999999997,TRUE,"",3.5,448,3600448,3800448
"DGMM",NA,-0.000143402743633396,0.483,-0.00101477615144143,0.734,-32737.2963652156,67560.7348246839,27,3.31,TRUE,"",3.5,449,3600449,3800449
"RDMM",3.36632256582318,0.894810700712507,0.027,0.720458245325954,0.115,-31301.4092511159,64682.0528412054,109,4.32999999999998,TRUE,"",3.5,449,3600449,3800449
"DGMM",NA,0.824288378714539,0.046,0.275475501625658,0.496,-34456.0650683054,70998.2722308634,15,1.85000000000002,TRUE,"",3.5,450,3600450,3800450
"RDMM",3.28646940151435,0.868492598069375,0.034,0.729551870363348,0.11,-30876.8596580775,63832.9536551287,101,4.09999999999997,TRUE,"",3.5,450,3600450,3800450
"DGMM",NA,0.872228262334798,0.033,0.295569962657009,0.473,-33956.4888897875,69999.1198738276,14,1.70999999999998,TRUE,"",3.5,451,3600451,3800451
"RDMM",3.74551436859381,0.944728688654299,0.014,0.75285544430053,0.102,-31168.4702249887,64416.174788951,124,5.17000000000002,TRUE,"",3.5,451,3600451,3800451
"DGMM",NA,0.435011512008604,0.17,0.196613699896454,0.496,-33942.9479385224,69972.0379712974,19,2.28000000000003,TRUE,"",3.5,452,3600452,3800452
"RDMM",3.37831682262247,0.92536930641762,0.019,0.750769887660047,0.101,-30989.7115945873,64058.6575281483,161,6.40999999999997,TRUE,"",3.5,452,3600452,3800452
"DGMM",NA,0.630075626420547,0.103,0.237403551194,0.539,-35113.7584765585,72313.6590473697,10,1.25,TRUE,"",3.5,453,3600453,3800453
"RDMM",3.59562435519319,0.91002594916266,0.023,0.689757920483833,0.131,-31895.4077172499,65870.0497734735,234,9.28000000000003,TRUE,"",3.5,453,3600453,3800453
"DGMM",NA,0.835231565321847,0.043,0.332956622842115,0.411,-34419.2661640946,70924.6744224419,13,1.73000000000002,TRUE,"",3.5,454,3600454,3800454
"RDMM",3.67835720322909,0.894810720949323,0.027,0.734107431990822,0.109,-31083.1293352509,64245.4930094755,112,4.55000000000001,TRUE,"",3.5,454,3600454,3800454
"DGMM",NA,0.00638317726915818,0.455,0.0033704022838038,0.7,-32712.6097779265,67511.3616501056,23,2.88999999999999,TRUE,"",3.5,455,3600455,3800455
"RDMM",3.47484601753116,0.921521173132497,0.02,0.743371364981213,0.105,-31172.0449741899,64423.3242873535,256,10.14,TRUE,"",3.5,455,3600455,3800455
"DGMM",NA,-0.000578624534137623,0.493,0.000538465784876025,0.726,-32244.0627039024,66574.2675020574,24,2.85999999999996,TRUE,"",3.5,456,3600456,3800456
"RDMM",3.48403901310012,0.906210176378244,0.024,0.745339822576243,0.105,-30794.8931191981,63669.0205773698,118,4.74000000000001,TRUE,"",3.5,456,3600456,3800456
"DGMM",NA,0.00121793592500653,0.476,0.00164536754739739,0.719,-32370.0775826107,66826.2972594739,28,3.38,TRUE,"",3.5,457,3600457,3800457
"RDMM",3.67969253069646,0.936960974871474,0.016,0.755954717892237,0.1,-30987.9243243718,64055.0829877173,104,4.25,TRUE,"",3.5,457,3600457,3800457
"DGMM",NA,0.824288545098597,0.046,0.302101360603388,0.422,-34353.5257673163,70793.1936288852,15,1.65999999999997,TRUE,"",3.5,458,3600458,3800458
"RDMM",3.41507944505315,0.887251158026354,0.029,0.731570206283451,0.11,-31372.1597931571,64823.5539252878,153,5.82999999999998,TRUE,"",3.5,458,3600458,3800458
"DGMM",NA,0.275998891621572,0.237,0.141175643981212,0.573,-34874.8921727231,71835.9264396988,14,1.02,TRUE,"",3.5,459,3600459,3800459
"RDMM",3.38238985556411,0.921521513266662,0.02,0.65729728457109,0.152,-31063.2642822735,64205.7629035207,206,5.89,TRUE,"",3.5,459,3600459,3800459
"DGMM",NA,0.36182987686039,0.199,0.144786865677359,0.547,-33225.1706206803,68536.4833356131,28,3.32,TRUE,"",3.5,460,3600460,3800460
"RDMM",3.78896707668015,0.910025982535623,0.023,0.713912662433635,0.119,-30900.5284323753,63880.2912037241,100,4.08,TRUE,"",3.5,460,3600460,3800460
"DGMM",NA,0.000341492994205089,0.483,0.00193158617921501,0.714,-32462.8103135872,67011.7627214271,24,2.91,TRUE,"",3.5,461,3600461,3800461
"RDMM",3.32899643787429,0.906210176101573,0.024,0.714339980647935,0.118,-31144.1784456363,64367.5912302463,100,4.11,TRUE,"",3.5,461,3600461,3800461
"DGMM",NA,0.917681682703154,0.021,0.37458579975093,0.484,-34109.015648065,70304.1733903827,17,2.1,TRUE,"",3.5,462,3600462,3800462
"RDMM",3.6149885082474,0.948624613361998,0.013,0.746423125704266,0.106,-31107.9259993429,64295.0863376594,100,3.95,TRUE,"",3.5,462,3600462,3800462
"DGMM",NA,-0.000960609311749694,0.498,-0.00114272069357725,0.731,-32455.0710833542,66996.284260961,29,3.52,TRUE,"",3.5,463,3600463,3800463
"RDMM",3.41363763743046,0.92922523313951,0.018,0.735496397001582,0.109,-31084.1514224568,64247.5371838872,119,4.78,TRUE,"",3.5,463,3600463,3800463
"DGMM",NA,-0.000578017585780643,0.496,0.000507698168468545,0.722,-32812.0251402623,67710.1923747772,28,3.44,TRUE,"",3.5,464,3600464,3800464
"RDMM",3.42307105436833,0.894810800439461,0.027,0.529059900642677,0.239,-31410.2214838402,64899.6773066539,100,4,TRUE,"",3.5,464,3600464,3800464
"DGMM",NA,0.000462024661809882,0.483,0.000703956968788046,0.728,-32412.9899750832,66912.1220444189,28,3.53,TRUE,"",3.5,465,3600465,3800465
"RDMM",3.37870565464852,0.90621011773611,0.024,0.726093273673972,0.113,-31063.559677629,64206.3536942316,101,4.04,TRUE,"",3.5,465,3600465,3800465
"DGMM",NA,0.440300730749683,0.168,0.206703896009124,0.555,-33888.7877257405,69863.7175457336,26,3.19,TRUE,"",3.5,466,3600466,3800466
"RDMM",3.45725196168891,0.910025961556356,0.023,0.700570168918082,0.125,-31226.0193042252,64531.272947424,155,6.28,TRUE,"",3.5,466,3600466,3800466
"DGMM",NA,-0.000177513013801104,0.481,0.000390668674230906,0.723,-32726.9706816566,67540.0834575658,21,2.64,TRUE,"",3.5,467,3600467,3800467
"RDMM",3.28423496895211,0.921521389885187,0.02,0.757747278558011,0.099,-31174.684275558,64428.6028900896,115,4.55,TRUE,"",3.5,467,3600467,3800467
"DGMM",NA,0.868492574293719,0.034,0.324497655148374,0.476,-34149.7464221304,70385.6349385134,14,1.78999999999999,TRUE,"",3.5,468,3600468,3800468
"RDMM",3.51745853468194,0.921521525496083,0.02,0.759789718006369,0.098,-31017.8799636319,64114.9942662374,100,3.97000000000001,TRUE,"",3.5,468,3600468,3800468
"DGMM",NA,0.381388294836193,0.191,0.251256973478146,0.545,-34691.3418253332,71468.825744919,40,4.84,TRUE,"",3.5,469,3600469,3800469
"RDMM",3.37219437212546,0.902402381363585,0.025,0.726438111509071,0.113,-31376.437610091,64832.1095591557,106,4.23,TRUE,"",3.5,469,3600469,3800469
"DGMM",NA,0.419375036723456,0.176,0.185012372113803,0.566,-34026.0413648326,70138.2248239178,21,2.59,TRUE,"",3.5,470,3600470,3800470
"RDMM",3.45648950307458,0.902402369065119,0.025,0.72247890247227,0.115,-31121.1426065364,64321.5195520465,172,6.95,TRUE,"",3.5,470,3600470,3800470
"DGMM",NA,-0.0014698136206602,0.497,0.00153392930362254,0.716,-32899.8355211902,67885.813136633,22,2.64,TRUE,"",3.5,471,3600471,3800471
"RDMM",3.57831686855772,0.902401870796291,0.025,0.739600515862899,0.106,-31602.1442699552,65283.5228788841,100,4.11,TRUE,"",3.5,471,3600471,3800471
"DGMM",NA,0.760144154815075,0.064,0.299457570987704,0.432,-34397.2017865501,70880.5456673529,27,3.23999999999999,TRUE,"",3.5,472,3600472,3800472
"RDMM",3.57094370191391,0.921521506019597,0.02,0.747493995082045,0.104,-30858.5428549687,63796.3200489109,139,5.79000000000001,TRUE,"",3.5,472,3600472,3800472
"DGMM",NA,0.000385759701964166,0.482,-6.85742912371123e-05,0.719,-32525.4850429534,67137.1121801594,37,4.41,TRUE,"",3.5,473,3600473,3800473
"RDMM",3.20424167889162,0.92922521778069,0.018,0.760861358068301,0.098,-31051.059339868,64181.3530187096,100,4.06,TRUE,"",3.5,473,3600473,3800473
"DGMM",NA,-0.00112272881259447,0.497,0.00128247321727588,0.708,-32994.4285758969,68074.9992460464,26,3.17999999999999,TRUE,"",3.5,474,3600474,3800474
"RDMM",3.3703630667261,0.917681670841408,0.021,0.753139973658465,0.101,-31427.2055558528,64933.6454506793,100,4.05000000000001,TRUE,"",3.5,474,3600474,3800474
"DGMM",NA,-0.000740746542020996,0.497,-0.000665648253270989,0.729,-32536.430281482,67159.0026572166,24,2.87,TRUE,"",3.5,475,3600475,3800475
"RDMM",3.47959450315583,0.921521545123539,0.02,0.744360824001592,0.105,-31163.4590880204,64406.1525150144,100,3.99999999999999,TRUE,"",3.5,475,3600475,3800475
"DGMM",NA,0.448202809085652,0.165,0.189321076522145,0.474,-34050.9680517394,70188.0781977314,29,3.47999999999999,TRUE,"",3.5,476,3600476,3800476
"RDMM",3.68824838862473,0.940840734533526,0.015,0.737184175396496,0.109,-31225.7944535866,64530.8232461468,126,5.06,TRUE,"",3.5,476,3600476,3800476
"DGMM",NA,0.131656608689786,0.318,0.0929260639173586,0.573,-35016.149846846,72118.4417879446,14,1.76000000000002,TRUE,"",3.5,477,3600477,3800477
"RDMM",3.29834799429704,0.929225218842736,0.018,0.719725433083924,0.117,-31317.1876421858,64713.6096233452,149,5.95000000000002,TRUE,"",3.5,477,3600477,3800477
"DGMM",NA,0.328918502303792,0.213,0.149154853416855,0.593,-34741.8744174495,71569.8909291516,22,2.59,TRUE,"",3.5,478,3600478,3800478
"RDMM",3.40707791502833,0.910025944679464,0.023,0.71791275947666,0.117,-31213.4079494567,64506.050237887,105,4.47999999999999,TRUE,"",3.5,478,3600478,3800478
"DGMM",NA,-0.00105875785759316,0.497,-0.00112259165286871,0.722,-32885.8132143114,67857.7685228754,31,3.66999999999999,TRUE,"",3.5,479,3600479,3800479
"RDMM",3.28693633225098,0.898602633097373,0.026,0.727827210070668,0.114,-31565.382026365,65209.9983917036,158,6.38999999999999,TRUE,"",3.5,479,3600479,3800479
"DGMM",NA,0.735899881837375,0.071,0.253442150216211,0.483,-35057.8101435125,72201.7623812777,17,2.03,TRUE,"",3.5,480,3600480,3800480
"RDMM",3.18871861524868,0.891026680463392,0.028,0.720321355075388,0.115,-31685.371749338,65449.9778376497,140,5.91,TRUE,"",3.5,480,3600480,3800480
"DGMM",NA,0.293072117988906,0.229,0.144577341309539,0.569,-35126.1211725312,72338.3844393149,12,1.5,TRUE,"",3.5,481,3600481,3800481
"RDMM",3.32725793400108,0.910025941979161,0.023,0.730151380061056,0.111,-31426.1721274252,64931.5785938241,101,4.15000000000001,TRUE,"",3.5,481,3600481,3800481
"DGMM",NA,0.297223968688055,0.227,0.192375160642061,0.595,-34544.0907531961,71174.3236006449,31,3.72,TRUE,"",3.5,482,3600482,3800482
"RDMM",3.4781981950374,0.936960949964132,0.016,0.748638252703508,0.103,-31266.7415628458,64612.7174646652,135,5.53,TRUE,"",3.5,482,3600482,3800482
"DGMM",NA,0.000604585623424541,0.482,-0.000260084644929305,0.727,-32787.1014457095,67660.3449856717,38,4.5,TRUE,"",3.5,483,3600483,3800483
"RDMM",3.3403075920066,0.913849782944864,0.022,0.71422659811284,0.119,-31398.1650100461,64875.5643590659,106,4.26999999999998,TRUE,"",3.5,483,3600483,3800483
"DGMM",NA,0.906210128675129,0.024,0.329954691394663,0.435,-34336.4626059799,70759.0673062125,28,3.43000000000001,TRUE,"",3.5,484,3600484,3800484
"RDMM",3.60396029307297,0.917681607256691,0.021,0.722534485829882,0.115,-31238.591541237,64556.4174214476,137,5.53,TRUE,"",3.5,484,3600484,3800484
"DGMM",NA,0.725631019177913,0.074,0.268496139832319,0.462,-35347.2058737369,72780.5538417264,13,1.59,TRUE,"",3.5,485,3600485,3800485
"RDMM",3.22697224066125,0.91002595008007,0.023,0.744802499414803,0.104,-31328.2138027748,64735.6619445233,293,11.72,TRUE,"",3.5,485,3600485,3800485
"DGMM",NA,0.00171494120987934,0.476,0.000276697214969136,0.736,-33257.7319636637,68601.6060215799,35,4.28999999999999,TRUE,"",3.5,486,3600486,3800486
"RDMM",3.38278614982571,0.921521451032443,0.02,0.73666247599025,0.109,-31831.4845194881,65742.2033779498,262,10.6,TRUE,"",3.5,486,3600486,3800486
"DGMM",NA,0.795459423778437,0.054,0.283086478015859,0.464,-34475.190959022,71036.5240122966,15,1.85999999999999,TRUE,"",3.5,487,3600487,3800487
"RDMM",3.62983225534168,0.913849665269403,0.022,0.696159144210039,0.128,-31106.226937458,64291.6882138896,190,7.64000000000001,TRUE,"",3.5,487,3600487,3800487
"DGMM",NA,0.000161282095094814,0.486,-0.000109698657668041,0.731,-33209.9813383748,68506.1047710021,22,2.72,TRUE,"",3.5,488,3600488,3800488
"RDMM",3.57938668425644,0.910025944679464,0.023,0.743851540894563,0.105,-31874.0411249026,65827.3165887789,100,4.12,TRUE,"",3.5,488,3600488,3800488
"DGMM",NA,0.846246232136656,0.04,0.286919767291237,0.494,-33734.7170578391,69555.5762099308,14,1.75,TRUE,"",3.5,489,3600489,3800489
"RDMM",3.43446088621621,0.940840832697513,0.015,0.74264610817108,0.107,-30524.0027122103,63127.2397633941,184,7.38000000000002,TRUE,"",3.5,489,3600489,3800489
"DGMM",NA,0.386312143722476,0.189,0.158419237304331,0.546,-34406.9764220336,70900.0949383198,25,3.14999999999998,TRUE,"",3.5,490,3600490,3800490
"RDMM",3.3224237089966,0.906210193315281,0.024,0.735461272283977,0.109,-31451.7982265037,64982.830791981,172,7.38999999999999,TRUE,"",3.5,490,3600490,3800490
"DGMM",NA,-0.000562904481074277,0.49,0.000161416938755149,0.724,-32716.2014223044,67518.5449388614,33,4,TRUE,"",3.5,491,3600491,3800491
"RDMM",3.48781534759677,0.910026017154853,0.023,0.52911382817904,0.291,-31393.3944553245,64866.0232496227,155,6.28000000000003,TRUE,"",3.5,491,3600491,3800491
"DGMM",NA,0.354578248106835,0.202,0.153460669112542,0.577,-33679.1658675107,69444.4738292741,22,2.63,TRUE,"",3.5,492,3600492,3800492
"RDMM",3.33568753484931,0.952528525313029,0.012,0.764892475650306,0.096,-31065.9864576008,64211.2072541752,145,5.91999999999996,TRUE,"",3.5,492,3600492,3800492
"DGMM",NA,-0.00152568351360739,0.492,-0.000179637238527819,0.717,-32704.4304189076,67495.0029320677,34,4.10999999999996,TRUE,"",3.5,493,3600493,3800493
"RDMM",3.3678149643438,0.894810162976977,0.027,0.713976468844889,0.119,-31439.5706799788,64958.3756989312,103,4.18000000000001,TRUE,"",3.5,493,3600493,3800493
"DGMM",NA,0.00426427150149255,0.465,0.00161920953398486,0.726,-33001.7920044942,68089.7261032409,24,2.90999999999997,TRUE,"",3.5,494,3600494,3800494
"RDMM",3.18910239915671,0.910025998685497,0.023,0.747676968119216,0.103,-31388.8167749257,64856.867888825,180,7.21000000000004,TRUE,"",3.5,494,3600494,3800494
"DGMM",NA,0.739339243019279,0.07,0.365719097696259,0.525,-34459.5775347571,71005.2971637667,37,4.55000000000001,TRUE,"",3.5,495,3600495,3800495
"RDMM",3.49683091942033,0.925369369089393,0.019,0.738394367600864,0.108,-31216.6560536618,64512.5464462972,100,4.06999999999999,TRUE,"",3.5,495,3600495,3800495
"DGMM",NA,0.89860260406565,0.026,0.303445316331085,0.492,-34375.7090578597,70837.560209972,15,1.84000000000003,TRUE,"",3.5,496,3600496,3800496
"RDMM",3.79152594222104,0.936960960924578,0.016,0.735621253954088,0.109,-31133.6906291418,64346.6155972572,178,7.07999999999998,TRUE,"",3.5,496,3600496,3800496
"DGMM",NA,0.221744367329953,0.264,0.105118217299676,0.558,-34395.056944553,70876.2559833587,25,3.11000000000001,TRUE,"",3.5,497,3600497,3800497
"RDMM",3.59416887996711,0.872227424721336,0.033,0.712199687153598,0.119,-31161.7533211509,64402.7409812754,112,4.44,TRUE,"",3.5,497,3600497,3800497
"DGMM",NA,0.662266986656704,0.093,0.281030146945352,0.448,-34417.6851453796,70921.5123850118,13,1.61000000000001,TRUE,"",3.5,498,3600498,3800498
"RDMM",3.68755780279321,0.9215214435136,0.02,0.744086258579599,0.105,-31172.2268547751,64423.6880485237,169,6.75999999999999,TRUE,"",3.5,498,3600498,3800498
"DGMM",NA,0.842565518224338,0.041,0.329238784132848,0.484,-34849.9415698073,71786.0252338672,38,4.64999999999998,TRUE,"",3.5,499,3600499,3800499
"RDMM",3.34504460573903,0.879723691687354,0.031,0.720317726550769,0.115,-31530.3180063718,65139.8703517172,156,5.99000000000001,TRUE,"",3.5,499,3600499,3800499
"DGMM",NA,-0.00153288855007712,0.496,-0.00159523345869894,0.738,-32735.7815450075,67557.7051842676,32,3.20999999999998,TRUE,"",3.5,500,3600500,3800500
"RDMM",3.52103410584978,0.929224973754292,0.018,0.732226849107311,0.111,-31116.6780379362,64312.5904148461,122,3.61000000000001,TRUE,"",3.5,500,3600500,3800500
"DGMM",NA,0.201811539361962,0.275,0.0852574503119889,0.605,-34179.3867434374,70444.9155811274,29,2.08,TRUE,"",4,1,4100001,4300001
"RDMM",3.5280451044941,0.875971922651101,0.032,0.708821470588306,0.121,-31152.246167966,64383.7266749056,120,5.47,TRUE,"",4,1,4100001,4300001
"DGMM",NA,0.85733336112328,0.037,0.372341205869298,0.446,-33245.1060417636,68576.3541777799,14,1.71,TRUE,"",4,2,4100002,4300002
"RDMM",4.36582599825373,0.944728719469746,0.014,0.761830419053561,0.097,-30831.1459730656,63741.5262851048,230,9.39,TRUE,"",4,2,4100002,4300002
"DGMM",NA,0.894810899599598,0.027,0.317627812047865,0.454,-33993.5720824988,70073.2862592501,12,1.48,TRUE,"",4,3,4100003,4300003
"RDMM",3.71319287670863,0.976119927510061,0.006,0.755239787244585,0.101,-30720.2495274763,63519.7333939263,176,7.1,TRUE,"",4,3,4100003,4300003
"DGMM",NA,0.853629614233475,0.038,0.284889329774908,0.5,-33447.77596468,68981.6940236126,14,1.75,TRUE,"",4,4,4100004,4300004
"RDMM",4.05500080667695,0.917681658805454,0.021,0.752254779524578,0.101,-30614.7679807479,63308.7703004695,100,4,TRUE,"",4,4,4100004,4300004
"DGMM",NA,0.898602569815705,0.026,0.378631392344028,0.424,-33025.8158453531,68137.7737849587,14,1.77,TRUE,"",4,5,4100005,4300005
"RDMM",4.11654391574454,0.952528530932732,0.012,0.742245893153247,0.107,-30537.6801886892,63154.5947163519,175,7.11,TRUE,"",4,5,4100005,4300005
"DGMM",NA,0.875971932768206,0.032,0.314904324058679,0.429,-33443.0887765397,68972.3196473321,17,2.08,TRUE,"",4,6,4100006,4300006
"RDMM",4.00982517445133,0.948624604980505,0.013,0.763637008323502,0.097,-30582.7840631727,63244.8024653191,100,4.07,TRUE,"",4,6,4100006,4300006
"DGMM",NA,0.00248080422957164,0.472,0.0024547773171034,0.725,-31973.2035528039,66032.5491998603,35,4.16,TRUE,"",4,7,4100007,4300007
"RDMM",4.02206414893604,0.948624614617245,0.013,0.737463557967362,0.109,-30600.813955019,63280.8622490116,210,8.36,TRUE,"",4,7,4100007,4300007
"DGMM",NA,0.512195580903413,0.142,0.205908896449929,0.548,-33043.6793517,68173.5007976526,35,4.35,TRUE,"",4,8,4100008,4300008
"RDMM",3.95311980544371,0.910025953541997,0.023,0.754236419279676,0.1,-30537.0413951541,63153.3171292818,100,4.04000000000001,TRUE,"",4,8,4100008,4300008
"DGMM",NA,0.948624594836391,0.013,0.403740914026503,0.438,-32914.1261191945,67914.3943326416,15,1.86,TRUE,"",4,9,4100009,4300009
"RDMM",4.01870431554262,0.948624592052443,0.013,0.749873071404353,0.104,-30398.2526515125,62875.7396419986,144,5.8,TRUE,"",4,9,4100009,4300009
"DGMM",NA,0.902402340525157,0.025,0.331873311112612,0.461,-33735.1240065728,69556.3901073983,17,2.08000000000001,TRUE,"",4,10,4100010,4300010
"RDMM",3.88890158152933,0.952528533544707,0.012,0.778214049552808,0.09,-30608.5239222772,63296.282183528,127,5.11999999999999,TRUE,"",4,10,4100010,4300010
"DGMM",NA,0.427170218022419,0.173,0.184245955691654,0.542,-33297.5972326814,68681.3365596154,22,2.66,TRUE,"",4,11,4100011,4300011
"RDMM",3.76632482077106,0.910025998114279,0.023,0.744092950513347,0.106,-30659.8199628921,63398.8742647578,228,9.23999999999999,TRUE,"",4,11,4100011,4300011
"DGMM",NA,0.282447491738844,0.234,0.104632510619813,0.589,-32980.8554710169,68047.8530362864,34,4.16,TRUE,"",4,12,4100012,4300012
"RDMM",3.8375805467825,0.944728682080226,0.014,0.76553377666799,0.096,-30404.2868668001,62887.8080725739,145,5.84,TRUE,"",4,12,4100012,4300012
"DGMM",NA,-0.000478333406580907,0.492,0.000704816574674366,0.729,-32016.9684025066,66120.0788992657,41,4.92999999999999,TRUE,"",4,13,4100013,4300013
"RDMM",3.69021052940147,0.929225170260895,0.018,0.781691303566436,0.088,-30644.7427991284,63368.7199372304,100,3.97999999999999,TRUE,"",4,13,4100013,4300013
"DGMM",NA,0.541231443255435,0.132,0.219557258218976,0.527,-32746.3248094097,67578.7917130721,18,2.17,TRUE,"",4,14,4100014,4300014
"RDMM",4.1847434292089,0.944728731527955,0.014,0.760749628347287,0.098,-30471.9090037345,63023.0523464427,115,4.64,TRUE,"",4,14,4100014,4300014
"DGMM",NA,0.310735990721777,0.221,0.12971991356409,0.561,-33236.4593462885,68559.0607868296,31,3.73999999999999,TRUE,"",4,15,4100015,4300015
"RDMM",4.1091360716009,0.944728703009325,0.014,0.718466658605045,0.118,-30992.899975189,64065.0342893517,125,5.10999999999999,TRUE,"",4,15,4100015,4300015
"DGMM",NA,0.898602556173593,0.026,0.413014003718946,0.453,-32403.0286537366,66892.1994017258,18,2.16999999999999,TRUE,"",4,16,4100016,4300016
"RDMM",4.71973389690358,0.948624592052443,0.013,0.724061410328537,0.115,-30387.1634426022,62853.5612241781,300,11.97,TRUE,"",4,16,4100016,4300016
"DGMM",NA,0.345189496932906,0.206,0.136329434305745,0.563,-32665.6934888642,67417.529071981,28,3.44,TRUE,"",4,17,4100017,4300017
"RDMM",4.00429505556233,0.940840790302092,0.015,0.765349939106103,0.096,-30344.1270479756,62767.4884349249,193,7.77000000000001,TRUE,"",4,17,4100017,4300017
"DGMM",NA,0.806211019397618,0.051,0.315531645528625,0.455,-33768.6981491159,69623.5383924844,19,2.38,TRUE,"",4,18,4100018,4300018
"RDMM",3.95583606993059,0.940840782744888,0.015,0.772077658364464,0.093,-30731.0414785641,63541.3172961018,118,4.76000000000002,TRUE,"",4,18,4100018,4300018
"DGMM",NA,-0.000865983879726672,0.498,0.00153052674407391,0.719,-31750.9959762299,65588.1340467124,23,2.87,TRUE,"",4,19,4100019,4300019
"RDMM",3.76013543237524,0.940840836692353,0.015,0.791446213078327,0.084,-30312.7711658757,62704.776670725,100,4.03,TRUE,"",4,19,4100019,4300019
"DGMM",NA,0.708643504326984,0.079,0.306802159223904,0.519,-33780.9913302031,69648.1247546588,29,3.56,TRUE,"",4,20,4100020,4300020
"RDMM",4.00328832426851,0.940840476494417,0.015,0.75957713817239,0.099,-30898.5068366221,63876.2480122178,129,5.66999999999999,TRUE,"",4,20,4100020,4300020
"DGMM",NA,0.388851174018643,0.188,0.163098879921618,0.543,-32596.7519026661,67279.6458995849,44,5.34,TRUE,"",4,21,4100021,4300021
"RDMM",3.88392761906548,0.944728682080226,0.014,0.783514434434879,0.088,-30375.6199882692,62830.474315512,109,4.47,TRUE,"",4,21,4100021,4300021
"DGMM",NA,0.445711035438308,0.166,0.187833483075776,0.546,-32924.0222229827,67934.1865402181,17,2.08000000000001,TRUE,"",4,22,4100022,4300022
"RDMM",4.0303556895029,0.89860252908443,0.026,0.703659719255705,0.123,-30739.1087899648,63557.4519189033,154,6.31,TRUE,"",4,22,4100022,4300022
"DGMM",NA,0.00232115990299952,0.468,0.00153394188089425,0.729,-32294.9899762422,66676.122046737,43,5.19,TRUE,"",4,23,4100023,4300023
"RDMM",3.50580251539498,0.933088504076701,0.017,0.755860053185987,0.1,-30907.8302812077,63894.894901389,167,6.57999999999998,TRUE,"",4,23,4100023,4300023
"DGMM",NA,0.925368319329297,0.019,0.418164758340975,0.393,-32947.9810416865,67982.1041776256,16,2.04999999999998,TRUE,"",4,24,4100024,4300024
"RDMM",3.96289891743597,0.910024392186025,0.023,0.740824267907277,0.107,-30220.1131517492,62519.4606424721,186,7.45000000000002,TRUE,"",4,24,4100024,4300024
"DGMM",NA,0.729040042766519,0.073,0.426279730944196,0.277,-32428.083940479,66942.3099752105,13,1.61000000000001,TRUE,"",4,25,4100025,4300025
"RDMM",4.60541279771825,0.944728107341246,0.014,0.805845437258877,0.078,-30425.3965041462,62930.027347266,100,4,TRUE,"",4,25,4100025,4300025
"DGMM",NA,0.910025962941127,0.023,0.359660496478035,0.43,-33298.07198812,68682.2860704926,14,1.80000000000001,TRUE,"",4,26,4100026,4300026
"RDMM",3.9209765817066,0.936960949742801,0.016,0.796453565219679,0.082,-30391.1513921045,62861.5371231826,100,3.97,TRUE,"",4,26,4100026,4300026
"DGMM",NA,0.875971864149624,0.032,0.343379121272041,0.467,-33813.3430629013,69712.8282200552,15,1.84,TRUE,"",4,27,4100027,4300027
"RDMM",3.83507368685044,0.913849797331082,0.022,0.746316390533713,0.104,-30962.7249785715,64004.6842961167,133,5.35999999999999,TRUE,"",4,27,4100027,4300027
"DGMM",NA,0.393661226225779,0.186,0.175325088321562,0.527,-33050.8280346521,68187.7981635568,24,2.88999999999999,TRUE,"",4,28,4100028,4300028
"RDMM",3.96730762368626,0.93308875509638,0.017,0.719503381892803,0.117,-30779.5812045131,63638.3967479999,100,4.17999999999998,TRUE,"",4,28,4100028,4300028
"DGMM",NA,0.00086007314866862,0.475,0.00033739144553682,0.723,-32406.6424516544,66899.4269975615,23,2.79999999999998,TRUE,"",4,29,4100029,4300029
"RDMM",3.95252461163804,0.933088764175963,0.017,0.730581647267727,0.112,-30911.8421372227,63902.9186134191,291,11.71,TRUE,"",4,29,4100029,4300029
"DGMM",NA,0.432381614454536,0.171,0.189485541519399,0.547,-33227.8972651435,68541.9366245396,27,3.24000000000001,TRUE,"",4,30,4100030,4300030
"RDMM",4.20013452354621,0.940840833050333,0.015,0.766524879338838,0.095,-30865.8379664247,63810.9102718229,169,5.07999999999998,TRUE,"",4,30,4100030,4300030
"DGMM",NA,0.887251218870015,0.029,0.318281343079778,0.451,-33453.5785529185,68993.2992000896,16,1,TRUE,"",4,31,4100031,4300031
"RDMM",4.22547317270561,0.933089046667319,0.017,0.763766157986714,0.096,-30664.8853770416,63409.0050930569,168,5.92000000000002,TRUE,"",4,31,4100031,4300031
"DGMM",NA,0.913849554654177,0.022,0.373845277465739,0.404,-33385.2166375027,68856.575369258,15,1.86000000000001,TRUE,"",4,32,4100032,4300032
"RDMM",4.13210113457737,0.956440396957001,0.011,0.758119917816462,0.1,-30631.3846678254,63342.0036746244,100,4.04000000000002,TRUE,"",4,32,4100032,4300032
"DGMM",NA,0.921521501037238,0.02,0.307187005489498,0.505,-33713.4914575336,69513.1250093198,27,3.19999999999999,TRUE,"",4,33,4100033,4300033
"RDMM",3.9075163223691,0.944728692928908,0.014,0.750917781884805,0.103,-31014.7909117486,64108.8161624709,182,7.33000000000004,TRUE,"",4,33,4100033,4300033
"DGMM",NA,0.781237518164808,0.058,0.294428564812029,0.475,-33703.2687662646,69492.6796267818,12,1.50999999999999,TRUE,"",4,34,4100034,4300034
"RDMM",3.98723328841571,0.925369364882562,0.019,0.777034028985672,0.09,-30840.8850746513,63761.0044882762,230,9.21999999999997,TRUE,"",4,34,4100034,4300034
"DGMM",NA,0.470112855916266,0.157,0.205590497279689,0.515,-33261.4575203027,68609.0571348581,29,3.58999999999997,TRUE,"",4,35,4100035,4300035
"RDMM",3.89538304161093,0.921521482406232,0.02,0.728562320728002,0.112,-30695.3235761104,63469.8814911944,100,3.99000000000001,TRUE,"",4,35,4100035,4300035
"DGMM",NA,0.401435823586811,0.183,0.16502953715588,0.539,-33509.9160672891,69105.9742288307,21,2.57999999999998,TRUE,"",4,36,4100036,4300036
"RDMM",3.70571362538048,0.910025980250753,0.023,0.756927830942399,0.099,-30972.4408858415,64024.1161106567,100,4.31999999999999,TRUE,"",4,36,4100036,4300036
"DGMM",NA,0.875971867293327,0.032,0.336592274296656,0.493,-33162.7136094595,68411.5693131716,26,2.99000000000001,TRUE,"",4,37,4100037,4300037
"RDMM",4.15924565957868,0.944728681321713,0.014,0.765016828147868,0.096,-30473.968798494,63027.1719359615,115,4.25,TRUE,"",4,37,4100037,4300037
"DGMM",NA,0.831575583068598,0.044,0.326416871103611,0.489,-33066.0100604121,68218.1622150768,19,2.08999999999997,TRUE,"",4,38,4100038,4300038
"RDMM",4.13287056836587,0.940840840983107,0.015,0.757659117678904,0.1,-30411.888541068,62903.0114211096,101,3.05000000000001,TRUE,"",4,38,4100038,4300038
"DGMM",NA,0.906210150359189,0.024,0.339924448960538,0.485,-33772.4764600522,69631.0950143569,12,0.95999999999998,TRUE,"",4,39,4100039,4300039
"RDMM",3.79440309124291,0.944728698072792,0.014,0.741063026920558,0.107,-30733.0460254431,63545.3263898599,250,6.22000000000003,TRUE,"",4,39,4100039,4300039
"DGMM",NA,0.8948107498205,0.027,0.596814393472748,0.179,-32835.534935979,67757.2119662106,16,1.19,TRUE,"",4,40,4100040,4300040
"RDMM",4.35521462130816,0.925369322053268,0.019,0.727197266141843,0.113,-30686.9591055953,63453.1525501643,100,2.44,TRUE,"",4,40,4100040,4300040
"DGMM",NA,0.861045047905454,0.036,0.295400421515426,0.475,-33480.1317375209,69046.4055692943,23,1.56,TRUE,"",4,41,4100041,4300041
"RDMM",3.76305292498281,0.929225224204027,0.018,0.74426106147275,0.105,-30729.7187823767,63538.6719037271,100,2.30000000000001,TRUE,"",4,41,4100041,4300041
"DGMM",NA,0.509268168063472,0.143,0.213124011154481,0.477,-33313.4163969788,68712.9748882101,22,1.5,TRUE,"",4,42,4100042,4300042
"RDMM",3.57631858028474,0.921521475622168,0.02,0.777008443158299,0.09,-30763.2359103169,63605.7061596074,100,2.32999999999998,TRUE,"",4,42,4100042,4300042
"DGMM",NA,0.376432581182823,0.193,0.132931083554949,0.551,-32885.9165832889,67857.9752608305,24,1.68,TRUE,"",4,43,4100043,4300043
"RDMM",4.0107027727561,0.940840822488473,0.015,0.763531238501117,0.097,-30051.208989549,62181.6523180716,100,4.44,TRUE,"",4,43,4100043,4300043
"DGMM",NA,0.388833288854731,0.188,0.163509342197262,0.523,-33077.1616373039,68240.4653688605,34,4.04,TRUE,"",4,44,4100044,4300044
"RDMM",3.88855536180824,0.917681625922999,0.021,0.759113600761702,0.098,-30705.2227091245,63489.6797572225,100,4.3,TRUE,"",4,44,4100044,4300044
"DGMM",NA,0.857333461990403,0.037,0.355227938181748,0.448,-33843.4231934543,69772.9884811612,18,2.23,TRUE,"",4,45,4100045,4300045
"RDMM",3.79987499327451,0.913849838662425,0.022,0.565170032897256,0.218,-31036.5620860677,64152.358511109,110,4.41,TRUE,"",4,45,4100045,4300045
"DGMM",NA,0.280254496543498,0.235,0.130518371679044,0.567,-33745.9960459236,69578.1341860998,45,5.35,TRUE,"",4,46,4100046,4300046
"RDMM",3.88221555762522,0.925369331400195,0.019,0.768533272614353,0.094,-31108.2737975623,64295.7819340982,185,7.37,TRUE,"",4,46,4100046,4300046
"DGMM",NA,0.36426546054782,0.198,0.16134502917703,0.525,-32892.4864292237,67871.1149527,27,3.48,TRUE,"",4,47,4100047,4300047
"RDMM",3.76229762895111,0.906210119978046,0.024,0.710471179803555,0.12,-30529.1034539545,63137.4412468827,168,6.7,TRUE,"",4,47,4100047,4300047
"DGMM",NA,0.739339292953272,0.07,0.279948816726491,0.474,-34347.1316428842,70780.405380021,11,1.36,TRUE,"",4,48,4100048,4300048
"RDMM",3.62209236521445,0.933089093111785,0.017,0.684744986671292,0.139,-30754.0780690556,63587.3904770849,167,6.72,TRUE,"",4,48,4100048,4300048
"DGMM",NA,0.708677304565779,0.079,0.28192501961017,0.487,-34105.0627353664,70296.2675649854,16,1.96,TRUE,"",4,49,4100049,4300049
"RDMM",3.9459405570706,0.940840793181568,0.015,0.739078755630391,0.108,-31170.8090723333,64420.8524836402,182,7.24,TRUE,"",4,49,4100049,4300049
"DGMM",NA,0.910026007253756,0.023,0.392451526018449,0.441,-32942.1312415559,67970.4045773645,16,2.00000000000001,TRUE,"",4,50,4100050,4300050
"RDMM",3.99611193139594,0.925369361034676,0.019,0.743461135789299,0.105,-30390.8855107496,62861.0053604727,171,6.91,TRUE,"",4,50,4100050,4300050
"DGMM",NA,0.361863820276409,0.199,0.148200374791693,0.56,-32980.9091926084,68047.9604794693,26,3.25,TRUE,"",4,51,4100051,4300051
"RDMM",3.85143448645507,0.925369322053268,0.019,0.652464376467594,0.152,-30559.6048555187,63198.444050011,119,4.72000000000001,TRUE,"",4,51,4100051,4300051
"DGMM",NA,0.89860258034965,0.026,0.681369547256637,0.135,-33216.4819977085,68519.1060896695,15,1.88,TRUE,"",4,52,4100052,4300052
"RDMM",3.93803381650845,0.929225222927529,0.018,0.72950982164318,0.112,-30403.3212870328,62885.8769130392,100,4.08,TRUE,"",4,52,4100052,4300052
"DGMM",NA,0.857333125299507,0.037,0.336645715389857,0.484,-34064.6620937584,70215.4662817693,12,1.48,TRUE,"",4,53,4100053,4300053
"RDMM",3.86326514209327,0.936960785023363,0.016,0.758664121170205,0.098,-31006.6013427771,64092.4370245278,160,6.44999999999999,TRUE,"",4,53,4100053,4300053
"DGMM",NA,0.906210283738267,0.024,0.386901440200168,0.464,-33487.5726666335,69061.2874275196,14,1.72,TRUE,"",4,54,4100054,4300054
"RDMM",3.91375577775155,0.952528501815135,0.012,0.750354966238867,0.103,-30601.8936374897,63283.0216139529,108,4.64,TRUE,"",4,54,4100054,4300054
"DGMM",NA,0.695258451626042,0.083,0.295583617360667,0.4,-33110.2345213791,68306.6111370108,22,2.68000000000001,TRUE,"",4,55,4100055,4300055
"RDMM",3.84184475653845,0.940840793944117,0.015,0.782019105092203,0.088,-30288.8362851862,62656.906909346,105,4.31,TRUE,"",4,55,4100055,4300055
"DGMM",NA,0.280251853176929,0.235,0.13455738618713,0.579,-33132.7955812927,68351.733256838,39,4.61,TRUE,"",4,56,4100056,4300056
"RDMM",3.8784208946031,0.898602610781036,0.026,0.514111044829373,0.255,-30483.0692093962,63045.372757766,123,4.99000000000001,TRUE,"",4,56,4100056,4300056
"DGMM",NA,-0.000687547317401957,0.497,0.182235800088805,0.522,-31668.7246935526,65423.5914813579,24,2.88000000000001,TRUE,"",4,57,4100057,4300057
"RDMM",3.86533134979956,0.925369296079998,0.019,0.772199081089964,0.092,-30301.4730794172,62682.1804978079,100,4.03,TRUE,"",4,57,4100057,4300057
"DGMM",NA,0.921521522321718,0.02,0.385983448161691,0.451,-33197.5395088739,68481.2211120005,14,1.70999999999999,TRUE,"",4,58,4100058,4300058
"RDMM",4.22366027558568,0.936960960924578,0.016,0.75700085428059,0.1,-30516.4688605872,63112.1720601479,225,9.09,TRUE,"",4,58,4100058,4300058
"DGMM",NA,0.8722284382056,0.033,0.371460231686596,0.416,-34001.9928470638,70090.1277883803,13,1.58000000000001,TRUE,"",4,59,4100059,4300059
"RDMM",3.83716203029623,0.936960910351866,0.016,0.718223005274485,0.118,-30955.5067184969,63990.2477759674,235,9.25,TRUE,"",4,59,4100059,4300059
"DGMM",NA,0.478391847819322,0.154,0.19965659234165,0.535,-33728.0667503695,69542.2755949916,24,3.04999999999998,TRUE,"",4,60,4100060,4300060
"RDMM",3.79894440519561,0.948624576633644,0.013,0.776678322996555,0.091,-30892.6648564,63864.5640517736,100,4.09,TRUE,"",4,60,4100060,4300060
"DGMM",NA,0.547159356364803,0.13,0.223850055947836,0.502,-34310.5393625759,70707.2208194043,12,1.5,TRUE,"",4,61,4100061,4300061
"RDMM",3.60398974419205,0.910026000185663,0.023,0.697668027019348,0.128,-30819.4320528211,63718.0984446158,230,9.16,TRUE,"",4,61,4100061,4300061
"DGMM",NA,0.868492458969963,0.034,0.297074169091321,0.498,-34370.4324422596,70827.0069787719,24,2.94,TRUE,"",4,62,4100062,4300062
"RDMM",3.72558297338036,0.933089061895653,0.017,0.767000575702126,0.095,-30909.5018056347,63898.237950243,196,7.84,TRUE,"",4,62,4100062,4300062
"DGMM",NA,0.324221666225677,0.215,0.142581641626441,0.558,-32951.8516396494,67989.8453735514,27,3.26000000000002,TRUE,"",4,63,4100063,4300063
"RDMM",4.12743678339439,0.944728728696829,0.014,0.740821707069747,0.107,-30691.6662539387,63462.566846851,110,5.13999999999999,TRUE,"",4,63,4100063,4300063
"DGMM",NA,0.929225195804495,0.018,0.35177999437639,0.455,-33540.67303064,69167.4881555325,15,1.83000000000001,TRUE,"",4,64,4100064,4300064
"RDMM",3.69065828529928,0.940840827871836,0.015,0.782903495712935,0.088,-30399.4132430069,62878.0608249875,132,5.36000000000001,TRUE,"",4,64,4100064,4300064
"DGMM",NA,0.857333637457687,0.037,0.350494491981248,0.448,-33788.782662854,69663.7074199606,13,1.66,TRUE,"",4,65,4100065,4300065
"RDMM",3.846256000597,0.933088929268603,0.017,0.78719622954719,0.087,-30821.4831161123,63722.2005711983,100,4.22,TRUE,"",4,65,4100065,4300065
"DGMM",NA,0.917681626450892,0.021,0.390476321387056,0.484,-33113.7066696188,68313.5554334903,17,2.07999999999998,TRUE,"",4,66,4100066,4300066
"RDMM",4.42624418240304,0.925369306374546,0.019,0.729634100001025,0.112,-30919.4614742683,63918.1572875102,144,5.78,TRUE,"",4,66,4100066,4300066
"DGMM",NA,-0.000336212509997116,0.493,-0.00159068877136319,0.728,-32396.4726411866,66879.0873766257,22,2.66,TRUE,"",4,67,4100067,4300067
"RDMM",3.72126953158328,0.90240232503471,0.025,0.71957457273489,0.115,-31011.118498133,64101.4713352395,108,4.36000000000001,TRUE,"",4,67,4100067,4300067
"DGMM",NA,0.419363237869436,0.176,0.183162710655369,0.519,-33150.8877373328,68387.9175689182,36,4.34,TRUE,"",4,68,4100068,4300068
"RDMM",3.88945528223401,0.925369340660973,0.019,0.766473012560135,0.095,-30647.5805732873,63374.3954855481,100,4.06,TRUE,"",4,68,4100068,4300068
"DGMM",NA,0.861045249370143,0.036,0.310312936602395,0.442,-33194.93733472,68476.0167636927,11,1.38,TRUE,"",4,69,4100069,4300069
"RDMM",4.27733758626684,0.925369380790983,0.019,0.543746396111908,0.236,-30529.7411884357,63138.7167158451,219,8.70000000000002,TRUE,"",4,69,4100069,4300069
"DGMM",NA,0.827927908711046,0.045,0.298877771099976,0.473,-34010.9366198654,70108.0153339833,21,2.53,TRUE,"",4,70,4100070,4300070
"RDMM",3.96743225969943,0.902402391502775,0.025,0.716304453438849,0.119,-30984.0512992495,64047.3369374727,123,4.92000000000002,TRUE,"",4,70,4100070,4300070
"DGMM",NA,0.448355456706784,0.165,0.188268478180052,0.533,-32567.3905018283,67220.9230979093,30,3.57999999999998,TRUE,"",4,71,4100071,4300071
"RDMM",4.24703760680885,0.933089085066393,0.017,0.781711455845402,0.088,-30375.1497135588,62829.5337660913,300,12.19,TRUE,"",4,71,4100071,4300071
"DGMM",NA,0.891027136698604,0.028,0.408254126173598,0.393,-33280.1738267167,68646.4897476861,16,2,TRUE,"",4,72,4100072,4300072
"RDMM",4.1297424690075,0.933089044195771,0.017,0.784331083405037,0.087,-30408.9123396167,62897.0590182071,106,4.33000000000001,TRUE,"",4,72,4100072,4300072
"DGMM",NA,0.4895276255309,0.15,0.186231211518757,0.535,-33818.6391640722,69723.420422397,23,2.78000000000003,TRUE,"",4,73,4100073,4300073
"RDMM",4.00565076659322,0.91768160478615,0.021,0.737300760043664,0.109,-30842.7949831398,63764.8243052532,102,4.15999999999997,TRUE,"",4,73,4100073,4300073
"DGMM",NA,0.827927930063137,0.045,0.359019638241678,0.39,-33605.4846839547,69297.1114621621,13,1.61000000000001,TRUE,"",4,74,4100074,4300074
"RDMM",4.12082350754081,0.917681680802741,0.021,0.74904272263211,0.103,-30841.4466738072,63762.1276865881,113,2.26999999999998,TRUE,"",4,74,4100074,4300074
"DGMM",NA,0.831575564167279,0.044,0.344165983241373,0.455,-34010.2488741041,70106.6398424607,28,2.29999999999995,TRUE,"",4,75,4100075,4300075
"RDMM",3.72330464161239,0.913849791729076,0.022,0.743597168058164,0.105,-31071.403527373,64222.0413937197,100,4.14999999999998,TRUE,"",4,75,4100075,4300075
"DGMM",NA,0.944728714301941,0.014,0.336835836525822,0.431,-32303.0923558506,66692.3268059538,16,1.94,TRUE,"",4,76,4100076,4300076
"RDMM",4.109901620412,0.960360351660936,0.01,0.776190159054116,0.091,-29813.5858351685,61706.4060093107,100,3.98000000000002,TRUE,"",4,76,4100076,4300076
"DGMM",NA,0.857333377591391,0.037,0.362284531574058,0.4,-33361.4965611312,68809.135216515,13,1.69,TRUE,"",4,77,4100077,4300077
"RDMM",4.32515885644485,0.944728742817901,0.014,0.747210498515349,0.104,-30830.8926116967,63741.019562367,140,5.54000000000002,TRUE,"",4,77,4100077,4300077
"DGMM",NA,0.788332815666016,0.056,0.273523423770884,0.498,-34002.599063935,70091.3402221227,11,1.37,TRUE,"",4,78,4100078,4300078
"RDMM",3.75828992020781,0.917680750397521,0.021,0.726158473286452,0.113,-30857.5381165796,63794.3105721329,195,7.78000000000003,TRUE,"",4,78,4100078,4300078
"DGMM",NA,0.426989144381596,0.173,0.196657707561962,0.491,-33197.5068888006,68481.1558718538,28,3.32999999999998,TRUE,"",4,79,4100079,4300079
"RDMM",3.98369860946153,0.921521173132497,0.02,0.763300110524424,0.096,-30839.1028007283,63757.4399404302,133,5.50999999999999,TRUE,"",4,79,4100079,4300079
"DGMM",NA,0.894810800439461,0.027,0.398099311905646,0.392,-33504.1772830506,69094.4966603537,23,2.79000000000002,TRUE,"",4,80,4100080,4300080
"RDMM",4.26110357209558,0.940840839560444,0.015,0.762977429191996,0.097,-30788.0172265251,63655.2687920237,187,7.64999999999998,TRUE,"",4,80,4100080,4300080
"DGMM",NA,0.806211372679835,0.051,0.29332291072898,0.498,-33862.811411788,69811.7649178286,24,2.81,TRUE,"",4,81,4100081,4300081
"RDMM",4.06598366400463,0.940840790905302,0.015,0.738964283692278,0.108,-30815.1319855378,63709.4983100492,100,3.71999999999997,TRUE,"",4,81,4100081,4300081
"DGMM",NA,0.813417512881746,0.049,0.357353600603057,0.409,-32857.5528534451,67801.2478011428,13,1.49000000000001,TRUE,"",4,82,4100082,4300082
"RDMM",3.82998173454547,0.929225229759345,0.018,0.7337823911752,0.11,-30143.1688057508,62365.5719504753,101,3.43000000000001,TRUE,"",4,82,4100082,4300082
"DGMM",NA,0.883483435048133,0.03,0.344935927043709,0.422,-33556.1309674057,69198.4040290639,15,1.21000000000004,TRUE,"",4,83,4100083,4300083
"RDMM",3.95357202522029,0.910025982535623,0.023,0.715885466630084,0.118,-30699.1074089714,63477.4491569164,123,3.15999999999997,TRUE,"",4,83,4100083,4300083
"DGMM",NA,0.883483507087506,0.03,0.342160154931094,0.41,-34359.6808441798,70805.5037826121,25,1.52,TRUE,"",4,84,4100084,4300084
"RDMM",3.5290462923434,0.933089079299455,0.017,0.767181315436641,0.095,-31220.0988657798,64519.4320705333,100,4.32,TRUE,"",4,84,4100084,4300084
"DGMM",NA,0.925368459871746,0.019,0.402663312463549,0.457,-33250.5566731853,68587.2554406232,22,2.74,TRUE,"",4,85,4100085,4300085
"RDMM",3.9535140943053,0.95252808033317,0.012,0.680432494848493,0.137,-30561.8449046075,63202.9241481886,102,4.37,TRUE,"",4,85,4100085,4300085
"DGMM",NA,0.95252848285774,0.012,0.369606518499699,0.403,-32612.6799294971,67311.5019532469,22,2.66,TRUE,"",4,86,4100086,4300086
"RDMM",4.29712165886881,0.968224192638976,0.008,0.776985723553399,0.091,-30234.9446078894,62549.1235547524,100,4.01,TRUE,"",4,86,4100086,4300086
"DGMM",NA,0.921521490313842,0.02,0.319462434473258,0.494,-33604.9536407168,69296.0493756862,17,2.14,TRUE,"",4,87,4100087,4300087
"RDMM",3.99832121852993,0.952528486855622,0.012,0.782159568830519,0.088,-30890.320532635,63859.8754042435,100,3.98,TRUE,"",4,87,4100087,4300087
"DGMM",NA,0.827927932049377,0.045,0.32355987290224,0.387,-33543.3239134359,69172.7899211244,27,3.33,TRUE,"",4,88,4100088,4300088
"RDMM",4.07574820245744,0.92152151975505,0.02,0.750870416208719,0.102,-30831.0439805192,63741.322300012,196,7.97,TRUE,"",4,88,4100088,4300088
"DGMM",NA,0.472862746723498,0.156,0.196839198591461,0.539,-32614.3119589072,67314.766012067,25,2.95,TRUE,"",4,89,4100089,4300089
"RDMM",4.19407797665949,0.921521446019881,0.02,0.679154643286049,0.138,-30444.7040828087,62968.642504591,111,4.5,TRUE,"",4,89,4100089,4300089
"DGMM",NA,7.31458787769747e-05,0.483,-0.000516233194352968,0.729,-32003.6807372799,66093.5035688125,29,3.4,TRUE,"",4,90,4100090,4300090
"RDMM",4.01259782293472,0.917681654434502,0.021,0.759126494339002,0.098,-30847.0628791932,63773.36009736,196,7.83,TRUE,"",4,90,4100090,4300090
"DGMM",NA,0.445727438141931,0.166,0.193595228271495,0.547,-33543.8429034006,69173.8279010538,25,3.14,TRUE,"",4,91,4100091,4300091
"RDMM",3.83951885816765,0.968224193653764,0.008,0.80352521604596,0.079,-30880.6162724498,63840.4668838733,117,4.66,TRUE,"",4,91,4100091,4300091
"DGMM",NA,0.879721826529546,0.031,0.360261449283912,0.426,-33072.2918213756,68230.7257370038,16,2.05999999999999,TRUE,"",4,92,4100092,4300092
"RDMM",4.04803538442972,0.940840734533526,0.015,0.751433589281608,0.102,-30517.027067579,63113.2884741317,100,4.10000000000001,TRUE,"",4,92,4100092,4300092
"DGMM",NA,0.875971902178275,0.032,0.304175187377559,0.447,-33411.8020968723,68909.7462879971,18,2.20999999999999,TRUE,"",4,93,4100093,4300093
"RDMM",3.87892193866694,0.944728708791209,0.014,0.738415501424926,0.108,-30592.8292481241,63264.8928352218,117,4.70999999999999,TRUE,"",4,93,4100093,4300093
"DGMM",NA,0.894810751034709,0.027,0.370590036675991,0.476,-33340.6110188832,68767.3641320189,15,1.85000000000001,TRUE,"",4,94,4100094,4300094
"RDMM",3.99665773381706,0.929225234125533,0.018,0.742191134396348,0.106,-30780.9236988547,63641.0817366829,100,4.13000000000001,TRUE,"",4,94,4100094,4300094
"DGMM",NA,0.898602607737898,0.026,0.420212926358443,0.349,-32700.2149814423,67486.5720571371,17,2.05000000000001,TRUE,"",4,95,4100095,4300095
"RDMM",4.3317770719425,0.929225208630752,0.018,0.754729731197215,0.101,-30555.6572743369,63190.5488876475,114,4.63,TRUE,"",4,95,4100095,4300095
"DGMM",NA,0.857333554541009,0.037,0.301441943650099,0.488,-33301.00496162,68688.1520174925,14,1.73999999999999,TRUE,"",4,96,4100096,4300096
"RDMM",4.00847878932215,0.917681682323071,0.021,0.741787827865766,0.106,-30478.8834784219,63037.0012958174,136,5.62,TRUE,"",4,96,4100096,4300096
"DGMM",NA,0.691919657210215,0.084,0.263263474413932,0.496,-33811.8846158099,69709.9113258724,17,2.03,TRUE,"",4,97,4100097,4300097
"RDMM",3.951733766657,0.925369338804031,0.019,0.74351850405688,0.105,-30881.3461087902,63841.926556554,102,4.08000000000001,TRUE,"",4,97,4100097,4300097
"DGMM",NA,0.902402369816171,0.025,0.353990428434297,0.42,-33972.6662599838,70031.4746142203,16,2.09,TRUE,"",4,98,4100098,4300098
"RDMM",3.75258813719473,0.940840415910897,0.015,0.740401155391533,0.107,-31169.386535824,64418.0074106217,154,6.14,TRUE,"",4,98,4100098,4300098
"DGMM",NA,0.92152156568329,0.02,0.36057464093129,0.47,-32728.6172234011,67543.3765410548,13,1.59,TRUE,"",4,99,4100099,4300099
"RDMM",4.38010998292286,0.944728744327834,0.014,0.59230847347243,0.22,-30495.1246094967,63069.4835579671,116,4.64,TRUE,"",4,99,4100099,4300099
"DGMM",NA,0.691914691478698,0.084,0.288101094985877,0.538,-33318.1057988176,68722.3536918879,48,5.72,TRUE,"",4,100,4100100,4300100
"RDMM",4.17583462836815,0.933089091073619,0.017,0.775922296143167,0.091,-30455.5440129549,62990.3223648835,142,5.86,TRUE,"",4,100,4100100,4300100
"DGMM",NA,0.902402372125654,0.025,0.373664838121394,0.399,-33241.5072514676,68569.1565971878,12,1.48000000000002,TRUE,"",4,101,4100101,4300101
"RDMM",4.19926889026928,0.921521485003099,0.02,0.690108164875847,0.131,-30623.5187319188,63326.2718028112,138,5.5,TRUE,"",4,101,4100101,4300101
"DGMM",NA,0.846246248997172,0.04,0.329554626291728,0.424,-33658.4880237603,69403.1181417732,14,1.76999999999998,TRUE,"",4,102,4100102,4300102
"RDMM",3.78108221948252,0.898602602544081,0.026,0.722496522594143,0.115,-30956.5866923531,63992.4077236799,101,4.01000000000002,TRUE,"",4,102,4100102,4300102
"DGMM",NA,0.820654482792772,0.047,0.292086850571973,0.466,-33740.5173906827,69567.1768756181,13,1.70000000000002,TRUE,"",4,103,4100103,4300103
"RDMM",4.07401729768993,0.952528470471382,0.012,0.68630141607817,0.133,-30831.8281007661,63742.8905405058,100,4.10999999999999,TRUE,"",4,103,4100103,4300103
"DGMM",NA,0.89481080178858,0.027,0.305275680018629,0.504,-33394.8720808307,68875.886255914,32,3.91999999999999,TRUE,"",4,104,4100104,4300104
"RDMM",3.78892309428136,0.948624623512694,0.013,0.736534291824272,0.109,-30703.2918644173,63485.8180678083,100,4,TRUE,"",4,104,4100104,4300104
"DGMM",NA,0.891026942397631,0.028,0.388071696994182,0.415,-33464.9728257284,69016.0877457093,13,1.68000000000001,TRUE,"",4,105,4100105,4300105
"RDMM",3.95223516242594,0.948624574999514,0.013,0.777044153533469,0.091,-30580.0417170831,63239.3177731399,172,6.81,TRUE,"",4,105,4100105,4300105
"DGMM",NA,2.5745894958171e-05,0.487,-0.000327532642535514,0.727,-32186.1642898888,66458.4706740301,26,3.19999999999999,TRUE,"",4,106,4100106,4300106
"RDMM",4.11800019472639,0.921521477993822,0.02,0.753255726578933,0.1,-30902.1699125138,63883.5741640013,293,12.06,TRUE,"",4,106,4100106,4300106
"DGMM",NA,0.898602632195161,0.026,0.333660047310832,0.469,-33286.4266861793,68658.9954666112,14,1.87,TRUE,"",4,107,4100107,4300107
"RDMM",4.40132623826938,0.913849786653293,0.022,0.706898653011796,0.122,-30859.9569066041,63799.1481521818,187,7.56999999999999,TRUE,"",4,107,4100107,4300107
"DGMM",NA,-8.4470055500446e-05,0.488,-0.000538574604077066,0.73,-32214.126296509,66514.3946872706,32,3.92000000000002,TRUE,"",4,108,4100108,4300108
"RDMM",3.93276327834556,0.925369324637672,0.019,0.727501684826961,0.113,-30941.065908882,63961.3661567377,110,4.54999999999998,TRUE,"",4,108,4100108,4300108
"DGMM",NA,0.902402430307065,0.025,0.692468036502997,0.129,-33100.5004451416,68287.1429845358,13,1.59999999999999,TRUE,"",4,109,4100109,4300109
"RDMM",4.07370804497087,0.940840787354327,0.015,0.782595681876534,0.088,-30525.888599202,63131.0115373776,100,4,TRUE,"",4,109,4100109,4300109
"DGMM",NA,0.849934341712743,0.039,0.323778609570341,0.478,-33139.1519573095,68364.4460088717,17,2.07999999999998,TRUE,"",4,110,4100110,4300110
"RDMM",4.03973584762129,0.940840832697513,0.015,0.774187187771057,0.092,-30604.3664234674,63287.9671859084,270,10.8,TRUE,"",4,110,4100110,4300110
"DGMM",NA,0.846246221487907,0.04,0.607647683616656,0.171,-33604.7076541498,69295.5574025522,12,1.56,TRUE,"",4,111,4100111,4300111
"RDMM",3.91790534916463,0.910025959219556,0.023,0.746928294416872,0.104,-30708.0513193431,63495.3369776598,100,4.00999999999999,TRUE,"",4,111,4100111,4300111
"DGMM",NA,0.461908009404274,0.16,0.192651290478776,0.538,-32578.6198279544,67243.3817501614,27,3.32999999999998,TRUE,"",4,112,4100112,4300112
"RDMM",3.83841860016644,0.948624584965727,0.013,0.780927213541188,0.089,-30267.3429567927,62613.920252559,230,9.17000000000002,TRUE,"",4,112,4100112,4300112
"DGMM",NA,0.902402417338925,0.025,0.340407275412615,0.471,-33929.1009866299,69944.3440675125,16,1.95000000000002,TRUE,"",4,113,4100113,4300113
"RDMM",3.89383105638818,0.913849809761565,0.022,0.757096539937335,0.099,-30871.1873524912,63821.6090439561,100,4.06,TRUE,"",4,113,4100113,4300113
"DGMM",NA,0.887251298201662,0.029,0.505138129990107,0.237,-33248.3588895373,68582.8598733272,14,1.83000000000001,TRUE,"",4,114,4100114,4300114
"RDMM",4.08089146219394,0.944728677720549,0.014,0.74582287902111,0.105,-30455.2718196942,62989.777978362,100,4.09,TRUE,"",4,114,4100114,4300114
"DGMM",NA,0.742788832655764,0.069,0.271830579932977,0.513,-33898.5385914896,69883.2192772318,11,1.36000000000001,TRUE,"",4,115,4100115,4300115
"RDMM",4.1712542174566,0.921521517463921,0.02,0.756278111710995,0.101,-31268.0503473311,64615.3350336358,218,8.72,TRUE,"",4,115,4100115,4300115
"DGMM",NA,0.708676355158651,0.079,0.271299446003124,0.521,-33628.2972104811,69342.7365152148,15,1.86000000000001,TRUE,"",4,116,4100116,4300116
"RDMM",4.0983613954819,0.913849789736054,0.022,0.720641290993625,0.116,-30823.7464069223,63726.7271528183,113,4.56999999999999,TRUE,"",4,116,4100116,4300116
"DGMM",NA,-0.00118131905321186,0.498,-0.000435670619350751,0.725,-32425.0460429842,66936.234180221,26,3.11000000000001,TRUE,"",4,117,4100117,4300117
"RDMM",3.79630725018821,0.936960960051381,0.016,0.746495340582842,0.105,-31157.259012506,64393.7523639855,100,1.78000000000003,TRUE,"",4,117,4100117,4300117
"DGMM",NA,0.902402383391423,0.025,0.393550026212881,0.414,-33411.8112157669,68909.7645257864,13,0.860000000000014,TRUE,"",4,118,4100118,4300118
"RDMM",4.16887939823967,0.91384982467814,0.022,0.681530183248879,0.136,-30933.282006838,63945.7983526496,110,3.44999999999999,TRUE,"",4,118,4100118,4300118
"DGMM",NA,0.89860260418757,0.026,0.340266255363826,0.468,-33735.1605529582,69556.463200169,17,2.13999999999999,TRUE,"",4,119,4100119,4300119
"RDMM",3.83622828001183,0.936960966045515,0.016,0.789427040758826,0.085,-30386.4585355168,62852.1514100073,163,6.51000000000005,TRUE,"",4,119,4100119,4300119
"DGMM",NA,0.39637849276988,0.185,0.157863150074358,0.583,-33055.5486019586,68197.2392981699,23,2.73000000000002,TRUE,"",4,120,4100120,4300120
"RDMM",4.13440533853289,0.929225155443284,0.018,0.57463706008178,0.219,-30984.8039999212,64048.8423388161,114,4.63,TRUE,"",4,120,4100120,4300120
"DGMM",NA,0.864765043785366,0.035,0.374403638698886,0.502,-33351.7886370032,68789.7193682589,25,2.99000000000001,TRUE,"",4,121,4100121,4300121
"RDMM",3.96525677342978,0.921521446019881,0.02,0.755478310289474,0.101,-30559.6830345104,63198.6004079944,115,4.63999999999999,TRUE,"",4,121,4100121,4300121
"DGMM",NA,0.74279087708195,0.069,0.309932723809722,0.464,-33632.2528405019,69350.6477752565,21,2.55000000000001,TRUE,"",4,122,4100122,4300122
"RDMM",4.12989533892259,0.940840790905302,0.015,0.7523454514688,0.102,-30813.9190174878,63707.0723739493,187,7.63,TRUE,"",4,122,4100122,4300122
"DGMM",NA,0.401209558322329,0.183,0.165380858992123,0.535,-33043.2952312333,68172.7325567193,25,3.03999999999996,TRUE,"",4,123,4100123,4300123
"RDMM",3.74681228295522,0.913849662286078,0.022,0.747860227256763,0.105,-30662.4201002596,63404.0745394928,138,5.84000000000003,TRUE,"",4,123,4100123,4300123
"DGMM",NA,0.861044920236219,0.036,0.536043251194602,0.212,-33494.2591332033,69074.6603606591,14,1.71999999999997,TRUE,"",4,124,4100124,4300124
"RDMM",3.56547981879662,0.910026008500048,0.023,0.731708845310579,0.111,-30670.3773567885,63419.9890525505,100,3.83000000000004,TRUE,"",4,124,4100124,4300124
"DGMM",NA,0.82065722817801,0.047,0.313032535442915,0.487,-33366.4347429168,68819.0115800862,13,1.46999999999997,TRUE,"",4,125,4100125,4300125
"RDMM",4.06051390441706,0.940840832697513,0.015,0.727767320502095,0.114,-30447.1771877763,62973.5887145263,103,3.75,TRUE,"",4,125,4100125,4300125
"DGMM",NA,0.827928914835648,0.045,0.308055788183086,0.454,-33504.7868528402,69095.7157999329,12,1,TRUE,"",4,126,4100126,4300126
"RDMM",4.06428610821307,0.94862457829413,0.013,0.763461144906339,0.097,-30629.8784874359,63338.9913138453,100,3.58,TRUE,"",4,126,4100126,4300126
"DGMM",NA,0.838892207077195,0.042,0.325832169022947,0.506,-33597.9831323707,69282.1083589941,14,1.88,TRUE,"",4,127,4100127,4300127
"RDMM",3.99251052064333,0.925369129773108,0.019,0.744987281886036,0.107,-30797.9288934036,63675.0921257807,259,10.6,TRUE,"",4,127,4100127,4300127
"DGMM",NA,0.541261457990206,0.132,0.226992344295543,0.534,-32886.7727022481,67859.6874987488,22,2.67,TRUE,"",4,128,4100128,4300128
"RDMM",4.31357000880515,0.93696094103508,0.016,0.718402931013684,0.117,-30570.9289212263,63221.0921814262,180,7.25,TRUE,"",4,128,4100128,4300128
"DGMM",NA,0.313032670103197,0.22,0.151715561707903,0.524,-33599.5354423094,69285.2129788714,24,2.88,TRUE,"",4,129,4100129,4300129
"RDMM",3.77939875056496,0.936960954871825,0.016,0.781552345203534,0.088,-30756.3883612974,63592.0110615684,130,5.26,TRUE,"",4,129,4100129,4300129
"DGMM",NA,0.278179235586697,0.236,0.116288088340752,0.581,-33863.7814380853,69813.7049704233,22,2.76,TRUE,"",4,130,4100130,4300130
"RDMM",4.00598555255796,0.929225186681783,0.018,0.722616384016451,0.116,-31166.0429824641,64411.3203039018,214,8.45,TRUE,"",4,130,4100130,4300130
"DGMM",NA,0.835231776435859,0.043,0.315542136171862,0.449,-33498.2558098899,69082.6537140324,12,1.48,TRUE,"",4,131,4100131,4300131
"RDMM",4.04662015529647,0.929225156559796,0.018,0.745438947315927,0.105,-30766.75202967,63612.7383983137,100,4.03,TRUE,"",4,131,4100131,4300131
"DGMM",NA,0.288860804355641,0.231,0.122851795764732,0.564,-33762.4837851194,69611.1096644914,32,3.83,TRUE,"",4,132,4100132,4300132
"RDMM",3.60642728184459,0.921521451032443,0.02,0.735658560322923,0.109,-31134.6798301258,64348.5939992253,160,6.39,TRUE,"",4,132,4100132,4300132
"DGMM",NA,0.891026942397631,0.028,0.333885165396783,0.477,-33119.980016879,68326.1021280105,13,1.63999999999999,TRUE,"",4,133,4100133,4300133
"RDMM",4.16500142097794,0.929225163697984,0.018,0.535129923111876,0.305,-30738.7559905814,63556.7463201365,100,4.13000000000001,TRUE,"",4,133,4100133,4300133
"DGMM",NA,0.902402562792188,0.025,0.635621323870574,0.157,-32712.6686128184,67511.4793198894,15,1.85000000000001,TRUE,"",4,134,4100134,4300134
"RDMM",4.24115675782696,0.940840800044508,0.015,0.749777290343511,0.103,-30471.2279318127,63021.690202599,100,4.08,TRUE,"",4,134,4100134,4300134
"DGMM",NA,0.791892121722833,0.055,0.283680227250128,0.49,-33835.7500577243,69757.6422097012,15,1.86,TRUE,"",4,135,4100135,4300135
"RDMM",4.06449211277069,0.933089089919374,0.017,0.567014278739765,0.229,-30788.267528079,63655.7693951316,100,4.05,TRUE,"",4,135,4100135,4300135
"DGMM",NA,0.857333462319765,0.037,0.595717585172881,0.178,-32866.6518270355,67819.4457483236,18,2.21000000000001,TRUE,"",4,136,4100136,4300136
"RDMM",4.02427463063475,0.929225163697984,0.018,0.758408964374948,0.099,-30323.4804939852,62726.1953269441,100,3.97,TRUE,"",4,136,4100136,4300136
"DGMM",NA,-0.00067213538724297,0.496,0.00193267529463744,0.718,-32465.4022405181,67016.9465752888,26,3.14,TRUE,"",4,137,4100137,4300137
"RDMM",4.02460342992442,0.906210149461514,0.024,0.715469701772158,0.119,-31192.6171817987,64464.468702571,104,4.19,TRUE,"",4,137,4100137,4300137
"DGMM",NA,0.263509814084296,0.243,0.111915734759754,0.571,-32689.9869853097,67466.1160648721,35,4.37,TRUE,"",4,138,4100138,4300138
"RDMM",3.74592238556263,0.929225235426993,0.018,0.759520875820287,0.098,-30472.4489291138,63024.1321972012,100,4.05,TRUE,"",4,138,4100138,4300138
"DGMM",NA,0.795461116375239,0.054,0.308934315979697,0.492,-33851.7889224275,69789.7199391076,16,2,TRUE,"",4,139,4100139,4300139
"RDMM",4.06166292429392,0.948624579035419,0.013,0.782670476487968,0.088,-30689.1382081294,63457.5107552324,197,7.80000000000001,TRUE,"",4,139,4100139,4300139
"DGMM",NA,0.791890637912045,0.055,0.331653426254044,0.458,-32707.128748671,67500.3995915945,20,2.48,TRUE,"",4,140,4100140,4300140
"RDMM",3.98858916861231,0.944728713384815,0.014,0.75571854537966,0.101,-30391.630136014,62862.4946110016,228,9.02,TRUE,"",4,140,4100140,4300140
"DGMM",NA,0.806211065440699,0.051,0.296822887365465,0.491,-33414.0956584826,68914.3334112179,27,3.31,TRUE,"",4,141,4100141,4300141
"RDMM",3.743202684448,0.90621019023582,0.024,0.748003577835842,0.103,-30463.4488126333,63006.1319642402,100,4.08000000000001,TRUE,"",4,141,4100141,4300141
"DGMM",NA,0.72563075337016,0.074,0.306466382246866,0.438,-34185.0727508643,70456.2875959812,17,2.05000000000001,TRUE,"",4,142,4100142,4300142
"RDMM",3.80432478477334,0.936960910379154,0.016,0.717369675492058,0.118,-31207.7464613007,64494.727261575,117,4.70000000000002,TRUE,"",4,142,4100142,4300142
"DGMM",NA,0.393684202323392,0.186,0.167306181153816,0.553,-32991.304806549,68068.7517073507,23,2.78999999999999,TRUE,"",4,143,4100143,4300143
"RDMM",3.84905733093365,0.944728636019139,0.014,0.772869997747565,0.093,-30739.6438996019,63558.5221381773,100,4.04999999999998,TRUE,"",4,143,4100143,4300143
"DGMM",NA,0.921521449096114,0.02,0.360784147483447,0.445,-32621.46692693,67329.0759481127,13,1.59,TRUE,"",4,144,4100144,4300144
"RDMM",4.33780330380098,0.944728677720549,0.014,0.74300749267084,0.106,-30362.8614307372,62804.957200448,120,4.97999999999999,TRUE,"",4,144,4100144,4300144
"DGMM",NA,0.529535405651659,0.136,0.231676313805155,0.487,-32581.8181628613,67249.7784199752,24,2.87,TRUE,"",4,145,4100145,4300145
"RDMM",4.30304557001871,0.94084080883089,0.015,0.779581655043871,0.089,-30329.3189124742,62737.8721639221,100,4.10999999999999,TRUE,"",4,145,4100145,4300145
"DGMM",NA,0.802618606277349,0.052,0.283894247817094,0.465,-33935.7493923099,69957.6408788723,12,1.5,TRUE,"",4,146,4100146,4300146
"RDMM",3.80822222519885,0.93308875509638,0.017,0.736786021168165,0.108,-30949.8261667218,63978.8866724173,198,7.85999999999999,TRUE,"",4,146,4100146,4300146
"DGMM",NA,0.00174956748566919,0.475,0.00222087616859706,0.715,-31751.7759447198,65589.6939836922,32,3.90000000000001,TRUE,"",4,147,4100147,4300147
"RDMM",3.6681324117401,0.902402306558825,0.025,0.763848574270249,0.096,-30562.8420513892,63204.9184417521,126,5.22,TRUE,"",4,147,4100147,4300147
"DGMM",NA,0.872217194085929,0.033,0.309361997162771,0.494,-33635.1078819619,69356.3578581764,21,2.81,TRUE,"",4,148,4100148,4300148
"RDMM",4.12858600070427,0.929223607569564,0.018,0.780049594100467,0.09,-30977.8204754105,64034.8752897947,100,4.10999999999999,TRUE,"",4,148,4100148,4300148
"DGMM",NA,0.883483464721305,0.03,0.3311026035057,0.419,-33879.1107293237,69844.3635529,18,2.25,TRUE,"",4,149,4100149,4300149
"RDMM",3.77242418676558,0.921521505623273,0.02,0.766658289477084,0.095,-30723.7954282012,63526.825195376,121,4.94999999999999,TRUE,"",4,149,4100149,4300149
"DGMM",NA,0.879723726604567,0.031,0.358978974756826,0.501,-33323.9512105273,68734.0445153073,18,2.21000000000001,TRUE,"",4,150,4100150,4300150
"RDMM",4.00294985186015,0.925369305613583,0.019,0.701867895505935,0.125,-30557.0590845719,63193.3525081174,100,4.14000000000001,TRUE,"",4,150,4100150,4300150
"DGMM",NA,0.925369346217438,0.019,0.754645203947922,0.1,-32344.2342984363,66774.6106911252,31,3.73000000000002,TRUE,"",4,151,4100151,4300151
"RDMM",4.5037123776305,0.940840812245286,0.015,0.773507693006127,0.092,-30136.9720831842,62353.1785053419,100,4.01999999999998,TRUE,"",4,151,4100151,4300151
"DGMM",NA,0.642844827598024,0.099,0.266812520738349,0.524,-33665.6025924737,69417.3472792001,12,1.51999999999998,TRUE,"",4,152,4100152,4300152
"RDMM",4.2531246278444,0.929225152720084,0.018,0.755029895581789,0.1,-31043.3936043391,64166.0215476517,239,9.54000000000002,TRUE,"",4,152,4100152,4300152
"DGMM",NA,0.312950184570784,0.22,0.141103943849571,0.561,-33956.923906381,69999.9899070146,27,3.30000000000001,TRUE,"",4,153,4100153,4300153
"RDMM",3.55500572811892,0.906210233473056,0.024,0.749046871626813,0.102,-31307.1971963891,64693.6287317519,200,7.96000000000001,TRUE,"",4,153,4100153,4300153
"DGMM",NA,0.642860725914996,0.099,0.251566959285743,0.456,-33530.0530954283,69146.2482851091,20,2.41,TRUE,"",4,154,4100154,4300154
"RDMM",3.97492233268325,0.913849815591461,0.022,0.742669443705344,0.106,-30686.615828998,63452.4659969696,212,8.34999999999999,TRUE,"",4,154,4100154,4300154
"DGMM",NA,0.411631192374856,0.179,0.170204993336363,0.548,-33209.6717123896,68505.4855190317,22,2.71000000000001,TRUE,"",4,155,4100155,4300155
"RDMM",3.94153335879515,0.921521470690133,0.02,0.761821814770305,0.097,-30708.5271043627,63496.2885476989,100,4.19999999999999,TRUE,"",4,155,4100155,4300155
"DGMM",NA,0.853629731763708,0.038,0.471176952198025,0.264,-33384.3990393035,68854.9401728596,21,2.64000000000001,TRUE,"",4,156,4100156,4300156
"RDMM",4.29682112132895,0.944728704006202,0.014,0.755561675609763,0.1,-30645.1935548068,63369.6214485873,101,4.13999999999999,TRUE,"",4,156,4100156,4300156
"DGMM",NA,0.359287857496692,0.2,0.183061248081072,0.442,-33307.5284535514,68701.1990013555,27,3.38000000000002,TRUE,"",4,157,4100157,4300157
"RDMM",3.93384909459108,0.929225234416007,0.018,0.784769980702228,0.087,-30876.5559199273,63832.3461788282,100,4,TRUE,"",4,157,4100157,4300157
"DGMM",NA,0.409047676522713,0.18,0.231783927601048,0.493,-34585.718122969,71257.5783401906,18,2.21999999999997,TRUE,"",4,158,4100158,4300158
"RDMM",3.7766223012716,0.929225157135072,0.018,0.754705187027946,0.1,-30667.2707647749,63413.7758685234,229,6.70000000000005,TRUE,"",4,158,4100158,4300158
"DGMM",NA,0.608009013357832,0.11,0.324283289899198,0.357,-33820.7741610273,69727.6904163072,6,0.379999999999995,TRUE,"",4,159,4100159,4300159
"RDMM",3.98265222532762,0.940840135470065,0.015,0.746356781946047,0.104,-30533.5703279089,63146.3749947915,100,3.13,TRUE,"",4,159,4100159,4300159
"DGMM",NA,0.894810824885488,0.027,0.436619691014097,0.493,-33559.249233234,69204.6405607206,30,3.63,TRUE,"",4,160,4100160,4300160
"RDMM",3.96673795787675,0.929225220313262,0.018,0.765213709758407,0.096,-30611.7163854129,63302.6671097993,124,4.93000000000001,TRUE,"",4,160,4100160,4300160
"DGMM",NA,0.90240245521064,0.025,0.358202128847848,0.4,-33501.2932415764,69088.7285774053,15,1.88,TRUE,"",4,161,4100161,4300161
"RDMM",4.06202356843191,0.948624590154745,0.013,0.735925823884799,0.11,-30675.8592857771,63430.9529105279,100,4,TRUE,"",4,161,4100161,4300161
"DGMM",NA,0.875971932768206,0.032,0.366988574237807,0.416,-33153.1379269704,68392.4179481935,15,1.84999999999997,TRUE,"",4,162,4100162,4300162
"RDMM",4.03481292393119,0.917681622523367,0.021,0.741230892610028,0.107,-30687.1305574596,63453.4954538929,144,5.78000000000003,TRUE,"",4,162,4100162,4300162
"DGMM",NA,0.000892516833539096,0.48,0.000790456160087344,0.724,-31935.1175201153,65956.3771344831,31,3.74000000000001,TRUE,"",4,163,4100163,4300163
"RDMM",3.91785750128621,0.921521458551284,0.02,0.587460721076787,0.195,-30803.01077567,63685.2558903137,100,4.07999999999998,TRUE,"",4,163,4100163,4300163
"DGMM",NA,0.809810224186798,0.05,0.301308070299036,0.427,-33514.0514209193,69114.2449360912,14,1.88,TRUE,"",4,164,4100164,4300164
"RDMM",4.16733219066003,0.925369328988085,0.019,0.71717770678254,0.118,-30814.01304768,63707.2604343335,100,4.06999999999999,TRUE,"",4,164,4100164,4300164
"DGMM",NA,0.71543181397281,0.077,0.463746673194044,0.263,-34330.2540920368,70746.6502783262,6,0.79000000000002,TRUE,"",4,165,4100165,4300165
"RDMM",3.71516487413584,0.913849856798482,0.022,0.756514556783714,0.099,-30854.0508383164,63787.3360156064,131,5.43000000000001,TRUE,"",4,165,4100165,4300165
"DGMM",NA,0.824289266002398,0.046,0.351156146123971,0.43,-33112.8679734116,68311.8780410758,16,2.06,TRUE,"",4,166,4100166,4300166
"RDMM",4.08792529751754,0.940840811027485,0.015,0.74794720486181,0.104,-30638.0412392998,63355.3168175733,137,5.15000000000003,TRUE,"",4,166,4100166,4300166
"DGMM",NA,0.9062102811084,0.024,0.385241033132496,0.398,-32986.5636809118,68059.2694560762,22,2.47000000000003,TRUE,"",4,167,4100167,4300167
"RDMM",4.13025099939977,0.952528506791744,0.012,0.785086787253802,0.088,-30480.1263613954,63039.4870617644,100,3.52999999999997,TRUE,"",4,167,4100167,4300167
"DGMM",NA,0.000631210279036956,0.478,0.00140200140467366,0.732,-31878.1750960678,65842.4922863882,27,1.58,TRUE,"",4,168,4100168,4300168
"RDMM",4.11314871447873,0.933089041144954,0.017,0.766014742773379,0.095,-30632.6147453831,63344.4638297398,219,8.94,TRUE,"",4,168,4100168,4300168
"DGMM",NA,-0.00170535851606431,0.489,-0.000368568326579997,0.721,-32498.2553478414,67082.6527899354,27,3.53,TRUE,"",4,169,4100169,4300169
"RDMM",3.74581678792845,0.921520492292905,0.02,0.756207651219724,0.099,-31259.0743173306,64597.3829736348,100,4.08,TRUE,"",4,169,4100169,4300169
"DGMM",NA,0.398887650144472,0.184,0.169855493273864,0.539,-32425.7417895971,66937.6256734468,23,2.83,TRUE,"",4,170,4100170,4300170
"RDMM",4.14675200267394,0.929225173262087,0.018,0.764859582806489,0.096,-30295.3847197467,62670.003778467,218,8.69,TRUE,"",4,170,4100170,4300170
"DGMM",NA,0.639641447785609,0.1,0.270198260040819,0.449,-33529.0554645844,69144.2530234213,11,1.41,TRUE,"",4,171,4100171,4300171
"RDMM",4.08273041870255,0.944728728174909,0.014,0.743180425400616,0.106,-30893.1601150449,63865.5545690634,115,4.78,TRUE,"",4,171,4100171,4300171
"DGMM",NA,0.29509794197426,0.228,0.109032536537254,0.584,-33133.2554273878,68352.6529490283,30,3.63,TRUE,"",4,172,4100172,4300172
"RDMM",3.96287636080579,0.929225183831502,0.018,0.753870004235946,0.101,-30781.9415650974,63643.1174691685,155,6.14,TRUE,"",4,172,4100172,4300172
"DGMM",NA,0.586333613078435,0.117,0.262543447312135,0.502,-32416.0396408314,66918.2213759155,20,2.52,TRUE,"",4,173,4100173,4300173
"RDMM",4.06655698162643,0.89481071595083,0.027,0.55963285462994,0.257,-30152.5811663046,62384.3966715828,124,4.95,TRUE,"",4,173,4100173,4300173
"DGMM",NA,0.795459200661091,0.054,0.3146583926669,0.43,-33346.2558414274,68778.6537771074,11,1.38,TRUE,"",4,174,4100174,4300174
"RDMM",4.28353204276919,0.9369609637655,0.016,0.739945041805518,0.107,-30602.6264732279,63284.4872854293,101,4.04,TRUE,"",4,174,4100174,4300174
"DGMM",NA,0.00273051843760902,0.47,0.000727450268152551,0.728,-32295.0618538986,66676.2658020499,34,4.13,TRUE,"",4,175,4100175,4300175
"RDMM",3.51781305747538,0.952528498235081,0.012,0.778923394845121,0.09,-31038.5184506661,64156.2712403058,168,6.84999999999999,TRUE,"",4,175,4100175,4300175
"DGMM",NA,0.827927905268228,0.045,0.312471678030116,0.479,-33725.1008102752,69536.343714803,13,1.60000000000001,TRUE,"",4,176,4100176,4300176
"RDMM",4.05221906342786,0.948624610910807,0.013,0.723257465100985,0.116,-30720.1719489931,63519.5782369598,118,4.8,TRUE,"",4,176,4100176,4300176
"DGMM",NA,0.340507904635507,0.208,0.148736574083654,0.541,-33328.9310287177,68744.0041516881,34,4.05,TRUE,"",4,177,4100177,4300177
"RDMM",3.68952013260156,0.898602515632503,0.026,0.73054442101692,0.111,-30785.0340790298,63649.3024970333,134,5.34,TRUE,"",4,177,4100177,4300177
"DGMM",NA,0.443038750589439,0.167,0.172187887652672,0.551,-33381.024913495,68848.1919212425,27,3.25,TRUE,"",4,178,4100178,4300178
"RDMM",3.83531393759661,0.913849805514484,0.022,0.487313906350678,0.294,-30886.6796213942,63852.593581762,124,4.98999999999999,TRUE,"",4,178,4100178,4300178
"DGMM",NA,0.864764751430962,0.035,0.4119002812606,0.349,-33572.9820771639,69232.1062485805,16,2,TRUE,"",4,179,4100179,4300179
"RDMM",4.02173302612329,0.906210202654406,0.024,0.767229917864404,0.095,-30872.9364333884,63825.1072057503,145,6.02,TRUE,"",4,179,4100179,4300179
"DGMM",NA,0.788332417084117,0.056,0.302969839673387,0.44,-34139.4079858813,70364.9580660152,12,1.47,TRUE,"",4,180,4100180,4300180
"RDMM",3.97065192563774,0.91002595008007,0.023,0.754451841777135,0.101,-31006.7051799208,64092.6446988152,127,5.16,TRUE,"",4,180,4100180,4300180
"DGMM",NA,0.87597198755922,0.032,0.343327068121574,0.41,-33924.610645441,69935.3633851345,11,1.35000000000001,TRUE,"",4,181,4100181,4300181
"RDMM",3.97257701100854,0.917681684461036,0.021,0.719146266013332,0.117,-31062.2530057417,64203.740350457,172,6.78999999999999,TRUE,"",4,181,4100181,4300181
"DGMM",NA,0.00366516445502822,0.466,0.00129242705368319,0.712,-32128.872567568,66343.8872293886,26,3.11999999999999,TRUE,"",4,182,4100182,4300182
"RDMM",4.03083287722392,0.944728728174909,0.014,0.77101028247969,0.093,-30801.2524096515,63681.7391582766,159,6.40000000000001,TRUE,"",4,182,4100182,4300182
"DGMM",NA,0.80260846946041,0.052,0.308695808271056,0.498,-33927.4127029463,69940.9675001451,22,2.77,TRUE,"",4,183,4100183,4300183
"RDMM",3.84707716604354,0.944728354344009,0.014,0.729296062622152,0.113,-30777.7870034295,63634.8083458326,108,4.35999999999999,TRUE,"",4,183,4100183,4300183
"DGMM",NA,0.419347090421495,0.176,0.171509305214628,0.549,-33321.1129910435,68728.3680763396,28,3.38,TRUE,"",4,184,4100184,4300184
"RDMM",3.90062782708759,0.929225197080993,0.018,0.763799185157673,0.096,-30842.2159387873,63763.6662165483,100,4,TRUE,"",4,184,4100184,4300184
"DGMM",NA,0.861045401258561,0.036,0.358969715295559,0.399,-33719.5452300486,69525.2325543498,15,1.84,TRUE,"",4,185,4100185,4300185
"RDMM",3.97306186925318,0.936960899800715,0.016,0.721771285391826,0.116,-30901.9833969791,63883.2011329318,125,5.15000000000001,TRUE,"",4,185,4100185,4300185
"DGMM",NA,0.887251242845941,0.029,0.31126097014123,0.478,-32957.4172862633,68000.9766667791,16,1.96000000000001,TRUE,"",4,186,4100186,4300186
"RDMM",4.42730664195091,0.948624593831534,0.013,0.716100224405301,0.119,-30083.6118578886,62246.4580547509,180,7.18000000000001,TRUE,"",4,186,4100186,4300186
"DGMM",NA,0.831574660139205,0.044,0.34247039315595,0.401,-33341.7249732237,68769.5920407,12,1.53999999999999,TRUE,"",4,187,4100187,4300187
"RDMM",3.95419898326137,0.910025936209281,0.023,0.756587589381044,0.099,-30449.8210096128,62978.8763581993,100,4.03,TRUE,"",4,187,4100187,4300187
"DGMM",NA,0.868492412323017,0.034,0.297842081170566,0.501,-33939.4957272592,69965.1335487709,17,2.09999999999999,TRUE,"",4,188,4100188,4300188
"RDMM",3.68822844227158,0.925369311758724,0.019,0.776327537711262,0.091,-30830.3335082521,63739.9013554779,100,4.06,TRUE,"",4,188,4100188,4300188
"DGMM",NA,0.933089044491842,0.017,0.389521401735639,0.41,-33414.1715289862,68914.485152225,13,1.60999999999999,TRUE,"",4,189,4100189,4300189
"RDMM",4.29357980171093,0.921521504298419,0.02,0.74925671309404,0.103,-30898.5621177073,63876.3585743883,127,5.13,TRUE,"",4,189,4100189,4300189
"DGMM",NA,0.883483507087506,0.03,0.349555551713228,0.406,-32969.5695334552,68025.281161163,12,1.97,TRUE,"",4,190,4100190,4300190
"RDMM",4.22498138869184,0.921521552729176,0.02,0.716914976267039,0.119,-30198.5946277066,62476.4235943868,208,8.38999999999999,TRUE,"",4,190,4100190,4300190
"DGMM",NA,0.712051325493889,0.078,0.293249835230278,0.479,-33570.0221214764,69226.1863372053,33,4.06,TRUE,"",4,191,4100191,4300191
"RDMM",4.02358034517678,0.90240230963814,0.025,0.773144401816128,0.091,-30552.074453395,63183.3832457636,141,5.78,TRUE,"",4,191,4100191,4300191
"DGMM",NA,0.784781608357206,0.057,0.279516472123625,0.491,-33373.0567064088,68832.2555070702,14,1.79999999999998,TRUE,"",4,192,4100192,4300192
"RDMM",3.9786275849066,0.936960928519243,0.016,0.748483728587587,0.103,-30761.4906267963,63602.2155925662,100,3.97,TRUE,"",4,192,4100192,4300192
"DGMM",NA,0.875972170573385,0.032,0.377613037789508,0.359,-33725.8024523294,69537.7469989113,12,1.47999999999999,TRUE,"",4,193,4100193,4300193
"RDMM",3.75621171747882,0.929224828906223,0.018,0.756398835526869,0.099,-30738.8423881115,63556.9191151966,100,4.05000000000001,TRUE,"",4,193,4100193,4300193
"DGMM",NA,0.913849845395598,0.022,0.380355904389159,0.444,-33064.5146851399,68215.1714645325,14,1.74000000000001,TRUE,"",4,194,4100194,4300194
"RDMM",4.51380430330048,0.944728729592688,0.014,0.792978477247468,0.084,-30504.5286063704,63088.2915517145,100,4.13999999999999,TRUE,"",4,194,4100194,4300194
"DGMM",NA,0.59250900996235,0.115,0.247335310983525,0.511,-33273.52613348,68633.1943612126,15,1.81999999999999,TRUE,"",4,195,4100195,4300195
"RDMM",4.35938372263328,0.936960898299904,0.016,0.756323702471801,0.101,-30543.4645167047,63166.1633723831,126,5.09999999999999,TRUE,"",4,195,4100195,4300195
"DGMM",NA,0.445703537207373,0.166,0.175756578600543,0.55,-33135.3592414619,68356.8605771764,24,2.94999999999999,TRUE,"",4,196,4100196,4300196
"RDMM",3.729192744603,0.902402421970404,0.025,0.757295018468348,0.099,-30631.0585226094,63341.3513841924,100,4.05000000000001,TRUE,"",4,196,4100196,4300196
"DGMM",NA,0.857333303567201,0.037,0.352289836805879,0.444,-33443.2358595332,68972.613813319,21,2.57999999999998,TRUE,"",4,197,4100197,4300197
"RDMM",3.71672039408305,0.933089024457711,0.017,0.744220715175292,0.105,-30689.1839314311,63457.6022018358,162,6.53,TRUE,"",4,197,4100197,4300197
"DGMM",NA,0.902402308129777,0.025,0.376266460272583,0.407,-34133.5014107248,70353.1449157021,16,1.97,TRUE,"",4,198,4100198,4300198
"RDMM",3.63307689951316,0.917681683590013,0.021,0.761928056917649,0.096,-31054.8028107293,64188.8399604322,166,6.76999999999998,TRUE,"",4,198,4100198,4300198
"DGMM",NA,0.712054771690496,0.078,0.285452788094193,0.441,-33413.1613710242,68912.4648363009,19,2.31999999999999,TRUE,"",4,199,4100199,4300199
"RDMM",3.75455738508621,0.952528519733661,0.012,0.726451142706102,0.114,-30825.1234563415,63729.4812516567,102,4.22,TRUE,"",4,199,4100199,4300199
"DGMM",NA,0.891027160299585,0.028,0.30498490319718,0.497,-32918.6655227958,67923.4731398442,11,1.37,TRUE,"",4,200,4100200,4300200
"RDMM",4.2550747034667,0.93696090562204,0.016,0.433991667832111,0.363,-30398.2508386681,62875.7360163098,133,5.31999999999999,TRUE,"",4,200,4100200,4300200
"DGMM",NA,0.817032851163136,0.048,0.293860375442081,0.458,-34369.3578040638,70824.8577023802,15,1.82999999999998,TRUE,"",4,201,4100201,4300201
"RDMM",3.53293514680263,0.910025987953534,0.023,0.713689650974473,0.119,-31280.5977573969,64640.4298537675,140,5.69,TRUE,"",4,201,4100201,4300201
"DGMM",NA,0.891026987396705,0.028,0.341345422716777,0.48,-33651.0227402265,69388.1875747055,18,1.32999999999998,TRUE,"",4,202,4100202,4300202
"RDMM",3.93614591350185,0.948624582145536,0.013,0.739668288107983,0.108,-30871.2292181616,63821.6927752968,100,1.93000000000001,TRUE,"",4,202,4100202,4300202
"DGMM",NA,0.940840787490903,0.015,0.368866634043264,0.492,-33208.8002170797,68503.7425284119,19,1.72000000000003,TRUE,"",4,203,4100203,4300203
"RDMM",4.06749498795022,0.936960855222061,0.016,0.692885276047709,0.132,-30729.0368851951,63537.3081093638,105,4.32999999999998,TRUE,"",4,203,4100203,4300203
"DGMM",NA,0.753180841497228,0.066,0.335611759560616,0.435,-32988.51655702,68063.1752082926,25,2.98000000000002,TRUE,"",4,204,4100204,4300204
"RDMM",4.30407598931909,0.940840790302092,0.015,0.781344231920702,0.089,-30487.8546269804,63054.9435929344,187,7.42000000000002,TRUE,"",4,204,4100204,4300204
"DGMM",NA,0.929225182675278,0.018,0.433219559267642,0.375,-33060.2480299828,68206.6381542181,21,2.5,TRUE,"",4,205,4100205,4300205
"RDMM",4.27571371059252,0.944728687524505,0.014,0.778468149274558,0.09,-30529.4063115948,63138.0469621633,144,5.75,TRUE,"",4,205,4100205,4300205
"DGMM",NA,0.48671064148539,0.151,0.212304166245222,0.513,-33085.878716342,68257.8995269366,21,2.55000000000001,TRUE,"",4,206,4100206,4300206
"RDMM",4.26010046287196,0.925369370295446,0.019,0.746719541012763,0.104,-30754.5940577423,63588.4224544581,100,4.04000000000002,TRUE,"",4,206,4100206,4300206
"DGMM",NA,0.827928374417142,0.045,0.417369767546894,0.31,-33338.3867699214,68762.9156340953,12,1.50999999999999,TRUE,"",4,207,4100207,4300207
"RDMM",4.05583122944843,0.929225188778645,0.018,0.745227282797377,0.106,-30582.0159183193,63243.2661756123,187,7.52999999999997,TRUE,"",4,207,4100207,4300207
"DGMM",NA,0.824288147299211,0.046,0.302578068466764,0.489,-34346.0178246417,70778.1777435359,14,1.73000000000002,TRUE,"",4,208,4100208,4300208
"RDMM",4.00600771075337,0.917681600842785,0.021,0.741383584287774,0.106,-31195.8020852473,64470.8385094682,167,6.92000000000002,TRUE,"",4,208,4100208,4300208
"DGMM",NA,0.155096892972451,0.302,0.0667827482898591,0.627,-33923.8138062235,69933.7697066997,45,3.17,TRUE,"",4,209,4100209,4300209
"RDMM",3.78100422422815,0.936960674857207,0.016,0.727233459338921,0.113,-31169.7898800893,64418.8140991522,137,6.18,TRUE,"",4,209,4100209,4300209
"DGMM",NA,0.791892120882062,0.055,0.279615795821161,0.473,-34370.2742047928,70826.6905038383,22,2.81,TRUE,"",4,210,4100210,4300210
"RDMM",3.64277225490057,0.894810707512078,0.027,0.52741977427884,0.287,-31197.1809311292,64473.596201232,112,4.7,TRUE,"",4,210,4100210,4300210
"DGMM",NA,0.749708112718742,0.067,0.270594572809428,0.473,-33471.7912689294,69029.7246321114,15,1.85,TRUE,"",4,211,4100211,4300211
"RDMM",3.98169712795685,0.948624625262132,0.013,0.796154305097881,0.082,-30741.9147240519,63563.0637870775,157,6.35,TRUE,"",4,211,4100211,4300211
"DGMM",NA,0.87597215764072,0.032,0.321710064846526,0.486,-32819.8340319724,67725.8101581975,14,1.73,TRUE,"",4,212,4100212,4300212
"RDMM",4.10809594857631,0.917681600842785,0.021,0.759371705799374,0.098,-30268.5597847147,62616.3539084031,110,4.45,TRUE,"",4,212,4100212,4300212
"DGMM",NA,0.813417422951324,0.049,0.330766295214233,0.477,-33169.0048784704,68424.1518511933,14,1.75,TRUE,"",4,213,4100213,4300213
"RDMM",3.91678757118833,0.940840840983107,0.015,0.760506793883358,0.098,-30616.9531645948,63313.1406681632,165,6.78,TRUE,"",4,213,4100213,4300213
"DGMM",NA,0.861045156600889,0.036,0.341345100740331,0.507,-33373.188930743,68832.5199557386,14,1.68,TRUE,"",4,214,4100214,4300214
"RDMM",4.13171243093575,0.913849780686659,0.022,0.761483569407176,0.097,-30751.2596413455,63581.7536216647,195,7.79,TRUE,"",4,214,4100214,4300214
"DGMM",NA,-0.000578516196735638,0.491,-1.62731907419392e-05,0.727,-32399.0893022584,66884.3206987694,29,3.49,TRUE,"",4,215,4100215,4300215
"RDMM",4.00146041821018,0.929225212113039,0.018,0.695394039140794,0.128,-31248.5101812994,64576.2547015725,199,8,TRUE,"",4,215,4100215,4300215
"DGMM",NA,0.391078355273581,0.187,0.174292200210731,0.495,-33240.7773059811,68567.6967062148,21,2.53,TRUE,"",4,216,4100216,4300216
"RDMM",3.70961964937666,0.925368312442153,0.019,0.731981617605156,0.11,-30910.6562753737,63900.546889721,138,5.66,TRUE,"",4,216,4100216,4300216
"DGMM",NA,0.902402404664943,0.025,0.301331502043401,0.488,-33182.826179073,68451.7944523987,18,2.14,TRUE,"",4,217,4100217,4300217
"RDMM",3.980792260873,0.91768168016927,0.021,0.767473942412754,0.094,-30442.3920455867,62964.0184301469,100,4.02000000000001,TRUE,"",4,217,4100217,4300217
"DGMM",NA,0.883483434773537,0.03,0.375660492813742,0.415,-33374.8458535516,68835.8338013559,19,2.38,TRUE,"",4,218,4100218,4300218
"RDMM",4.08843362524101,0.921521445381987,0.02,0.744062218681163,0.105,-30741.8692312315,63562.9728014365,105,4.25,TRUE,"",4,218,4100218,4300218
"DGMM",NA,0.861045645815125,0.036,0.401177451026206,0.394,-32886.5386767527,67859.2194477581,19,2.34,TRUE,"",4,219,4100219,4300219
"RDMM",4.24015212121177,0.940840791925828,0.015,0.747458484212883,0.104,-30477.5841888308,63034.4027166351,130,5.22,TRUE,"",4,219,4100219,4300219
"DGMM",NA,0.580226884025159,0.119,0.236764105439738,0.511,-33418.6506510811,68923.4433964147,12,1.53,TRUE,"",4,220,4100220,4300220
"RDMM",4.11268838231309,0.929225216034441,0.018,0.757085045145385,0.099,-30560.8381046189,63200.9105482115,154,6.33000000000001,TRUE,"",4,220,4100220,4300220
"DGMM",NA,0.5561003232781,0.127,0.230571191996292,0.539,-32744.4139218044,67574.9699378615,18,2.14999999999999,TRUE,"",4,221,4100221,4300221
"RDMM",4.5176715980829,0.948624573352206,0.013,0.767109181836784,0.095,-30469.3014973391,63017.8373336518,114,4.66000000000001,TRUE,"",4,221,4100221,4300221
"DGMM",NA,0.718826910076981,0.076,0.297980212620132,0.526,-33505.8233913133,69097.7888768792,19,2.30999999999999,TRUE,"",4,222,4100222,4300222
"RDMM",3.98841569862713,0.933089042947125,0.017,0.728674247830972,0.113,-30637.4822883486,63354.1989156709,173,6.91,TRUE,"",4,222,4100222,4300222
"DGMM",NA,0.921521471441262,0.02,0.674046594361449,0.139,-33243.8538954089,68573.8498850703,24,2.88,TRUE,"",4,223,4100223,4300223
"RDMM",4.11175883223416,0.929225168405716,0.018,0.745191825733826,0.105,-30432.7608775023,62944.7560939782,100,4.03,TRUE,"",4,223,4100223,4300223
"DGMM",NA,0.910026031989185,0.023,0.388932486293801,0.471,-33676.1349145046,69438.4119232618,15,1.86,TRUE,"",4,224,4100224,4300224
"RDMM",4.07938331468472,0.921521522321718,0.02,0.557541763724969,0.285,-31024.924690771,64129.0837205157,150,6.06,TRUE,"",4,224,4100224,4300224
"DGMM",NA,0.317332809307192,0.218,0.146192776802971,0.521,-32951.8783488353,67989.8987919232,31,3.72,TRUE,"",4,225,4100225,4300225
"RDMM",3.99776881376612,0.940840723091472,0.015,0.773206324821958,0.093,-30733.8951378794,63547.0246147323,122,4.90000000000001,TRUE,"",4,225,4100225,4300225
"DGMM",NA,0.00662695385587261,0.457,0.00226418332618152,0.719,-32577.6782307155,67241.4985556837,20,2.41,TRUE,"",4,226,4100226,4300226
"RDMM",3.874306329432,0.933089085066393,0.017,0.728465016952317,0.113,-31226.5162717132,64532.2668824001,207,8.40000000000001,TRUE,"",4,226,4100226,4300226
"DGMM",NA,0.421986393925846,0.175,0.170067945953006,0.536,-32735.9581621694,67558.0584185913,29,3.59,TRUE,"",4,227,4100227,4300227
"RDMM",4.19650122627292,0.944728684355765,0.014,0.794255318639983,0.083,-30498.5011281747,63076.2365953231,100,3.98999999999998,TRUE,"",4,227,4100227,4300227
"DGMM",NA,0.245257235857619,0.252,0.102083257797354,0.588,-31991.1030268453,66068.3481479431,31,3.81,TRUE,"",4,228,4100228,4300228
"RDMM",4.38544150629538,0.944728729526229,0.014,0.767824734879855,0.095,-30164.8512557969,62408.9368505674,101,4,TRUE,"",4,228,4100228,4300228
"DGMM",NA,0.483890980874769,0.152,0.205344932498228,0.482,-33061.8421429149,68209.8263800825,27,3.33000000000001,TRUE,"",4,229,4100229,4300229
"RDMM",4.08314652309155,0.9292252234994,0.018,0.76892296079406,0.094,-30608.5427945836,63296.3199281409,100,4.00999999999999,TRUE,"",4,229,4100229,4300229
"DGMM",NA,0.879723892929621,0.031,0.536643710137946,0.221,-33245.2619340442,68576.6659623409,13,1.59,TRUE,"",4,230,4100230,4300230
"RDMM",3.91184485341039,0.952528495403916,0.012,0.743839480127544,0.106,-30484.4293321699,63048.0930033135,100,4.31,TRUE,"",4,230,4100230,4300230
"DGMM",NA,0.354639695589288,0.202,0.153573943260714,0.573,-33055.5626227761,68197.2673398049,27,3.41999999999999,TRUE,"",4,231,4100231,4300231
"RDMM",3.74377553140008,0.952528494109343,0.012,0.749583759384628,0.103,-30450.4002433964,62980.0348257664,107,4.52000000000001,TRUE,"",4,231,4100231,4300231
"DGMM",NA,0.883483409129628,0.03,0.305409986838901,0.461,-33165.7492160477,68417.640526348,24,2.88,TRUE,"",4,232,4100232,4300232
"RDMM",3.77156212092583,0.936960914677433,0.016,0.751619826307316,0.103,-30394.4414845325,62868.1173080387,100,4.15000000000001,TRUE,"",4,232,4100232,4300232
"DGMM",NA,0.861044934618484,0.036,0.305238764445432,0.472,-33350.1164288096,68786.3749518719,15,1.87,TRUE,"",4,233,4100233,4300233
"RDMM",3.9363544147576,0.940840844761702,0.015,0.759698954082682,0.099,-30510.2911173172,63099.8165736081,162,6.56999999999999,TRUE,"",4,233,4100233,4300233
"DGMM",NA,0.396281592140649,0.185,0.16805807222399,0.542,-34075.275216708,70236.6925276686,34,4.12,TRUE,"",4,234,4100234,4300234
"RDMM",3.90142714855534,0.921521522748238,0.02,0.711211778879111,0.121,-31216.9529318141,64513.1402026018,153,6.11000000000001,TRUE,"",4,234,4100234,4300234
"DGMM",NA,0.864764782859706,0.035,0.308472617169768,0.503,-33554.7773705644,69195.6968353815,21,2.65000000000001,TRUE,"",4,235,4100235,4300235
"RDMM",4.09797964263933,0.917681611358423,0.021,0.724737867989075,0.114,-30689.813433823,63458.8612066196,140,5.60999999999999,TRUE,"",4,235,4100235,4300235
"DGMM",NA,0.61428136732392,0.108,0.220685665622671,0.537,-33759.6565543243,69605.4552029012,17,2.16,TRUE,"",4,236,4100236,4300236
"RDMM",3.65529511005077,0.913849856798482,0.022,0.71055203575368,0.121,-31059.3472712173,64197.9288814081,100,3.97,TRUE,"",4,236,4100236,4300236
"DGMM",NA,0.875971960590236,0.032,0.511058518239421,0.244,-33327.0221588844,68740.1864120215,15,1.91999999999999,TRUE,"",4,237,4100237,4300237
"RDMM",3.90341442087329,0.917681679900044,0.021,0.764786339463056,0.096,-30485.7608542309,63050.7560474355,100,3.97,TRUE,"",4,237,4100237,4300237
"DGMM",NA,0.328295476677992,0.213,0.13354270321607,0.572,-33020.2299985205,68126.6020912937,22,2.69,TRUE,"",4,238,4100238,4300238
"RDMM",3.93119157013761,0.917676869858302,0.021,0.734956990828407,0.108,-30461.2150029418,63001.6643448572,182,7.25999999999999,TRUE,"",4,238,4100238,4300238
"DGMM",NA,0.883483412452801,0.03,0.302067603067662,0.51,-33166.4866596419,68419.1154135365,16,2.15000000000001,TRUE,"",4,239,4100239,4300239
"RDMM",3.79060165587227,0.91002594488718,0.023,0.74991261998066,0.102,-30398.0116424008,62875.2576237753,100,3.98999999999998,TRUE,"",4,239,4100239,4300239
"DGMM",NA,0.497961657964486,0.147,0.205080512128696,0.546,-33937.7810715626,69961.7042373777,40,4.95999999999998,TRUE,"",4,240,4100240,4300240
"RDMM",3.90199689465083,0.925369313955468,0.019,0.728106690728429,0.113,-31295.5861810613,64670.4067010962,100,4,TRUE,"",4,240,4100240,4300240
"DGMM",NA,0.00376535515516471,0.465,0.00135186787357607,0.719,-32013.917679106,66113.9774524646,28,3.39000000000004,TRUE,"",4,241,4100241,4300241
"RDMM",4.02545098728134,0.933089012014145,0.017,0.720718871832303,0.116,-30748.7938892012,63576.8221173761,198,7.41999999999996,TRUE,"",4,241,4100241,4300241
"DGMM",NA,0.902402320021437,0.025,0.392136405282573,0.497,-33025.5370941549,68137.2162825625,36,1.93000000000001,TRUE,"",4,242,4100242,4300242
"RDMM",3.92641245360852,0.933089026585989,0.017,0.762247131096081,0.097,-30173.0369427851,62425.3082245438,156,5.67000000000002,TRUE,"",4,242,4100242,4300242
"DGMM",NA,0.853629603263038,0.038,0.37251786920911,0.354,-33375.9010136319,68837.9441215165,14,1.72000000000003,TRUE,"",4,243,4100243,4300243
"RDMM",3.98886016711736,0.921521501516602,0.02,0.77616794055559,0.091,-30460.1084202355,62999.4511794447,100,4.04000000000002,TRUE,"",4,243,4100243,4300243
"DGMM",NA,0.378868014990102,0.192,0.160758146964902,0.553,-32986.2147660783,68058.5716264091,19,2.36000000000001,TRUE,"",4,244,4100244,4300244
"RDMM",4.05934257917138,0.940840838327468,0.015,0.759444044801881,0.099,-30645.9877894318,63371.2099178373,100,3.96999999999997,TRUE,"",4,244,4100244,4300244
"DGMM",NA,0.80621068292829,0.051,0.302761780536872,0.482,-33485.4575678298,69057.0572299123,16,2.04000000000002,TRUE,"",4,245,4100245,4300245
"RDMM",4.05303804159307,0.894810729610678,0.027,0.740586897719131,0.106,-30586.1431130864,63251.5205651465,169,6.62,TRUE,"",4,245,4100245,4300245
"DGMM",NA,0.817033199071388,0.048,0.368331754582824,0.407,-33157.5265544126,68401.1952030778,16,2.00999999999999,TRUE,"",4,246,4100246,4300246
"RDMM",4.25884706009512,0.913849609410739,0.022,0.758057859640498,0.098,-30936.6115362154,63952.4574114044,122,4.99000000000001,TRUE,"",4,246,4100246,4300246
"DGMM",NA,0.770654619378705,0.061,0.275594438004117,0.461,-34045.7569277933,70177.6559498391,13,1.64000000000004,TRUE,"",4,247,4100247,4300247
"RDMM",3.813467119048,0.93696096128841,0.016,0.738342704849688,0.108,-30572.544660046,63224.3236590657,100,4.04999999999995,TRUE,"",4,247,4100247,4300247
"DGMM",NA,0.827927919966412,0.045,0.331751027817087,0.514,-34079.8347575317,70245.811609316,32,3.78999999999996,TRUE,"",4,248,4100248,4300248
"RDMM",3.63076243842412,0.898602609098532,0.026,0.740994150226063,0.107,-30887.8448858485,63854.9241106706,100,4.37,TRUE,"",4,248,4100248,4300248
"DGMM",NA,0.906210125968568,0.024,0.386306053911283,0.388,-33464.684329953,69015.5107541586,16,1.92000000000002,TRUE,"",4,249,4100249,4300249
"RDMM",3.84823482113736,0.933089031928139,0.017,0.669873576483806,0.142,-30605.8481531636,63290.9306453009,135,5,TRUE,"",4,249,4100249,4300249
"DGMM",NA,0.806210919034812,0.051,0.27111128543243,0.512,-33188.9249322504,68463.9919587534,13,1.5,TRUE,"",4,250,4100250,4300250
"RDMM",4.14485982674297,0.92152147367955,0.02,0.753489174401296,0.101,-30620.1995812662,63319.633501506,155,4.77000000000004,TRUE,"",4,250,4100250,4300250
"DGMM",NA,0.00588021520756554,0.458,0.00208747822558744,0.717,-32405.4711845802,66897.0844634129,23,1.36,TRUE,"",4,251,4100251,4300251
"RDMM",3.68976432901107,0.925369359541466,0.019,0.770001377341543,0.093,-31034.6434785547,64148.521296083,238,8.87,TRUE,"",4,251,4100251,4300251
"DGMM",NA,0.403939998094174,0.182,0.165146914245387,0.569,-32833.3380052734,67752.8181047995,24,3.16,TRUE,"",4,252,4100252,4300252
"RDMM",4.15702611899518,0.952528511404562,0.012,0.623379940063717,0.175,-30542.138694338,63163.5117276497,116,4.75,TRUE,"",4,252,4100252,4300252
"DGMM",NA,0.35460988992127,0.202,0.149918356245656,0.566,-32925.795911465,67937.7339171826,21,2.55,TRUE,"",4,253,4100253,4300253
"RDMM",3.88853075098289,0.925369337789414,0.019,0.738639055031727,0.107,-30706.4837825464,63492.2019040664,117,4.78,TRUE,"",4,253,4100253,4300253
"DGMM",NA,0.864765178111345,0.035,0.323862483739717,0.457,-33416.8871194504,68919.9163331534,15,1.82,TRUE,"",4,254,4100254,4300254
"RDMM",3.88469318621585,0.925369346217438,0.019,0.720193681141439,0.116,-30675.3042086696,63429.8427563128,193,7.84,TRUE,"",4,254,4100254,4300254
"DGMM",NA,0.378918364879055,0.192,0.16129565583192,0.588,-33227.2979185354,68540.7379313235,24,3.02999999999999,TRUE,"",4,255,4100255,4300255
"RDMM",3.97584415942544,0.906210144765632,0.024,0.526528386772394,0.291,-30763.675806474,63606.5859519217,110,4.52,TRUE,"",4,255,4100255,4300255
"DGMM",NA,0.891026626178373,0.028,0.30358715187156,0.476,-33629.3303874562,69344.8028691651,20,2.42,TRUE,"",4,256,4100256,4300256
"RDMM",3.65292275014183,0.929225021410511,0.018,0.75826174772627,0.098,-30634.4261789648,63348.0866969033,164,6.58,TRUE,"",4,256,4100256,4300256
"DGMM",NA,0.345186736214863,0.206,0.144222534929117,0.565,-32912.6902029321,67911.5225001168,34,4.06,TRUE,"",4,257,4100257,4300257
"RDMM",4.09913316614157,0.921521452629064,0.02,0.717610242472744,0.117,-30716.3402696163,63511.9148782062,231,9.43000000000001,TRUE,"",4,257,4100257,4300257
"DGMM",NA,0.378924075514525,0.192,0.154757298878722,0.576,-33099.9373986552,68286.016891563,29,3.56,TRUE,"",4,258,4100258,4300258
"RDMM",4.01737423477358,0.917681602167798,0.021,0.737277136048167,0.108,-30715.2379513156,63509.7102416047,179,7.36,TRUE,"",4,258,4100258,4300258
"DGMM",NA,0.875970092865582,0.032,0.305032732906782,0.474,-34249.9860256467,70586.114145546,19,2.28,TRUE,"",4,259,4100259,4300259
"RDMM",3.68432488389364,0.894810804830843,0.027,0.726824797908891,0.113,-31282.9484784111,64645.1312957959,161,6.52,TRUE,"",4,259,4100259,4300259
"DGMM",NA,0.478282204680291,0.154,0.195170570774467,0.551,-32618.8645022633,67323.8710987792,28,3.41000000000001,TRUE,"",4,260,4100260,4300260
"RDMM",3.99799667322658,0.933088968852098,0.017,0.768412375929559,0.094,-30340.1644995895,62759.5633381527,130,5.28,TRUE,"",4,260,4100260,4300260
"DGMM",NA,0.742768290593793,0.069,0.351282450188556,0.357,-33382.8915828676,68851.9252599878,13,1.77,TRUE,"",4,261,4100261,4300261
"RDMM",4.01637133037347,0.92922490166733,0.018,0.74927514166297,0.103,-30616.7812170498,63312.7967730732,100,4.15000000000001,TRUE,"",4,261,4100261,4300261
"DGMM",NA,0.883483412452801,0.03,0.309985052682854,0.5,-33373.3382750059,68832.8186442644,17,2.13999999999999,TRUE,"",4,262,4100262,4300262
"RDMM",4.01448363217771,0.944728679084277,0.014,0.772739443989812,0.093,-30572.8768858869,63224.9881107475,112,4.55000000000001,TRUE,"",4,262,4100262,4300262
"DGMM",NA,0.906209240404954,0.024,0.413116154107259,0.416,-32805.2863181038,67696.7147304601,19,2.37,TRUE,"",4,263,4100263,4300263
"RDMM",3.96136963920916,0.956440264619208,0.011,0.750491514735428,0.104,-30371.9589636034,62823.1522661805,103,4.14,TRUE,"",4,263,4100263,4300263
"DGMM",NA,0.857333539747193,0.037,0.370817844432348,0.485,-33066.5965729693,68219.3352401913,23,2.86,TRUE,"",4,264,4100264,4300264
"RDMM",4.16926956076528,0.921521529814124,0.02,0.746818202161638,0.104,-30473.681630559,63026.5976000917,195,7.84,TRUE,"",4,264,4100264,4300264
"DGMM",NA,0.898602682094769,0.026,0.369025295968143,0.461,-33550.747921575,69187.6379374025,30,3.69,TRUE,"",4,265,4100265,4300265
"RDMM",3.97279226486887,0.936960746804578,0.016,0.7561683894902,0.099,-30739.4701412035,63558.1746213805,100,4.13999999999999,TRUE,"",4,265,4100265,4300265
"DGMM",NA,0.799028459072374,0.053,0.336721480670352,0.457,-32809.8807418655,67705.9035779836,12,1.47,TRUE,"",4,266,4100266,4300266
"RDMM",4.1214916026632,0.933089100513544,0.017,0.746153183650858,0.105,-30366.9490120969,62813.1323631675,106,4.38,TRUE,"",4,266,4100266,4300266
"DGMM",NA,0.87972195676921,0.031,0.709599493515312,0.12,-33436.7050181467,68959.552130546,23,2.75,TRUE,"",4,267,4100267,4300267
"RDMM",4.13617312148848,0.921521173132497,0.02,0.787676218524179,0.086,-30537.0515186949,63153.3373763634,100,4.13,TRUE,"",4,267,4100267,4300267
"DGMM",NA,0.767144080538939,0.062,0.286118871179339,0.468,-32964.6218936995,68015.3858816516,23,2.90000000000001,TRUE,"",4,268,4100268,4300268
"RDMM",4.28503533256989,0.929225185970347,0.018,0.746106212957782,0.104,-30461.3818749429,63001.9980888595,100,4.09999999999999,TRUE,"",4,268,4100268,4300268
"DGMM",NA,0.868492717029753,0.034,0.332328197545415,0.477,-33132.6632199024,68351.4685340574,14,1.78,TRUE,"",4,269,4100269,4300269
"RDMM",3.81587424754626,0.936960913965938,0.016,0.783401374635905,0.088,-30327.5472253941,62734.3287897619,104,4.25,TRUE,"",4,269,4100269,4300269
"DGMM",NA,0.705305278729656,0.08,0.436790858884727,0.278,-34728.8302540497,71543.8026023521,6,0.840000000000003,TRUE,"",4,270,4100270,4300270
"RDMM",3.8089264425591,0.917681626450892,0.021,0.731475613262253,0.111,-31399.9654124048,64879.1651637831,213,8.51000000000002,TRUE,"",4,270,4100270,4300270
"DGMM",NA,0.73247073726446,0.072,0.280856087122283,0.477,-33583.4379654343,69253.0180251212,11,1.37,TRUE,"",4,271,4100271,4300271
"RDMM",3.7415616508974,0.898602511527835,0.026,0.743356641689048,0.106,-30761.3658417656,63601.9660225047,248,10.49,TRUE,"",4,271,4100271,4300271
"DGMM",NA,0.79189368602509,0.055,0.312393330689818,0.513,-33107.2459525871,68300.6339994269,14,1.80000000000001,TRUE,"",4,272,4100272,4300272
"RDMM",3.78770577757513,0.940840787490903,0.015,0.751471895983391,0.102,-30354.0609533318,62787.3562456372,195,8,TRUE,"",4,272,4100272,4300272
"DGMM",NA,0.853629682660804,0.038,0.67585324745031,0.136,-32697.7802360336,67481.7025663198,31,3.81,TRUE,"",4,273,4100273,4300273
"RDMM",4.1842406828785,0.936960944506647,0.016,0.761936087776325,0.097,-30424.5838379158,62928.4020148052,110,4.63999999999999,TRUE,"",4,273,4100273,4300273
"DGMM",NA,0.520840628221517,0.139,0.231646438015565,0.516,-33562.0806500263,69210.3033943053,20,2.47999999999999,TRUE,"",4,274,4100274,4300274
"RDMM",3.90468510847733,0.940840791925828,0.015,0.737943555785465,0.11,-30749.3602526717,63577.954844317,167,6.69999999999999,TRUE,"",4,274,4100274,4300274
"DGMM",NA,0.883483375953925,0.03,0.369548369252539,0.395,-32776.0537282173,67638.2495506873,13,1.62,TRUE,"",4,275,4100275,4300275
"RDMM",3.96543220971164,0.925369298434679,0.019,0.740388478948848,0.107,-30179.74213249,62438.7186039537,100,4.03,TRUE,"",4,275,4100275,4300275
"DGMM",NA,6.95848510662683e-05,0.486,0.00080002657368543,0.723,-32286.7786827578,66659.6994597682,26,3.20000000000002,TRUE,"",4,276,4100276,4300276
"RDMM",3.57290852083973,0.925369313955468,0.019,0.768687152657023,0.095,-30844.0422163542,63767.3187716821,170,6.91,TRUE,"",4,276,4100276,4300276
"DGMM",NA,0.883483498614268,0.03,0.329998105627147,0.467,-33601.6433712708,69289.4288367941,17,2.07999999999998,TRUE,"",4,277,4100277,4300277
"RDMM",3.93859032204733,0.910026002008943,0.023,0.719159603317226,0.117,-30593.8915748574,63267.0174886885,123,5.01999999999998,TRUE,"",4,277,4100277,4300277
"DGMM",NA,0.861044927768196,0.036,0.29232406398827,0.481,-33370.1597367013,68826.4615676551,15,1.84,TRUE,"",4,278,4100278,4300278
"RDMM",3.94433466605335,0.95252848172299,0.012,0.765276345724006,0.096,-30560.0524775087,63199.339293991,210,8.44,TRUE,"",4,278,4100278,4300278
"DGMM",NA,0.887250272528562,0.029,0.314342895745291,0.476,-33252.1371218459,68590.4163379444,14,1.87,TRUE,"",4,279,4100279,4300279
"RDMM",3.85869373669868,0.9292248510971,0.018,0.762888996913523,0.097,-30350.7502364501,62780.7348118739,159,6.44999999999999,TRUE,"",4,279,4100279,4300279
"DGMM",NA,0.432454826748966,0.171,0.183773142584537,0.536,-34193.7432280857,70473.628550424,35,4.29999999999998,TRUE,"",4,280,4100280,4300280
"RDMM",3.73052501766099,0.925369298434679,0.019,0.724227252601348,0.115,-31158.995415033,64397.2251690396,173,7,TRUE,"",4,280,4100280,4300280
"DGMM",NA,0.898601309237791,0.026,0.336752335053193,0.464,-33600.9846797546,69288.1114537619,15,1.90000000000003,TRUE,"",4,281,4100281,4300281
"RDMM",3.93487234381678,0.906207802382333,0.024,0.697732299656106,0.126,-30774.288843491,63627.8120259557,167,5.82999999999998,TRUE,"",4,281,4100281,4300281
"DGMM",NA,0.906210207165334,0.024,0.379357519668403,0.411,-33809.4794019063,69705.1008980652,18,0.96999999999997,TRUE,"",4,282,4100282,4300282
"RDMM",4.03834937978279,0.925369379120695,0.019,0.745091634037275,0.105,-31249.8362915741,64578.9069221219,100,2.97999999999996,TRUE,"",4,282,4100282,4300282
"DGMM",NA,0.364069341018288,0.198,0.146126823315864,0.578,-33523.1746433224,69132.4913808974,27,3.25,TRUE,"",4,283,4100283,4300283
"RDMM",4.09071612266754,0.94472856956046,0.014,0.779149084151514,0.09,-30983.8956039145,64047.0255468026,170,6.83999999999997,TRUE,"",4,283,4100283,4300283
"DGMM",NA,0.864764752081391,0.035,0.412663098776911,0.369,-33043.9348610431,68174.0118163388,19,2.31999999999999,TRUE,"",4,284,4100284,4300284
"RDMM",4.2803800712514,0.952528528775114,0.012,0.779458206845971,0.089,-30519.5787882287,63118.3919154309,100,4.10999999999996,TRUE,"",4,284,4100284,4300284
"DGMM",NA,0.000756181770467349,0.481,-0.000112438004368997,0.725,-31834.9500598767,65756.042214006,27,3.25999999999999,TRUE,"",4,285,4100285,4300285
"RDMM",4.04294075081601,0.936960900313113,0.016,0.782811459290401,0.088,-30491.1743313196,63061.5830016128,100,4.11000000000001,TRUE,"",4,285,4100285,4300285
"DGMM",NA,0.70866839284167,0.079,0.308841168061979,0.489,-33235.9016397073,68557.9453736672,14,1.73999999999995,TRUE,"",4,286,4100286,4300286
"RDMM",4.1663662917642,0.917681524826046,0.021,0.75451677957741,0.101,-30805.523654965,63690.2816489036,163,6.76000000000005,TRUE,"",4,286,4100286,4300286
"DGMM",NA,0.861045008775323,0.036,0.326232844325697,0.509,-33281.2505177964,68648.6431298454,15,1.87,TRUE,"",4,287,4100287,4300287
"RDMM",3.82988982942824,0.894810747763092,0.027,0.740750368641047,0.107,-30677.7689947572,63434.7723284881,120,4.86000000000001,TRUE,"",4,287,4100287,4300287
"DGMM",NA,0.361852516762373,0.199,0.145184981815106,0.554,-32771.62623493,67629.3945641126,25,3.19,TRUE,"",4,288,4100288,4300288
"RDMM",4.08533990214592,0.917681619609396,0.021,0.739312898589466,0.107,-30533.9627184831,63147.1597759398,138,5.56999999999999,TRUE,"",4,288,4100288,4300288
"DGMM",NA,0.00190804908262247,0.473,0.00247564432565431,0.716,-32403.533121101,66893.2083364546,22,2.47000000000003,TRUE,"",4,289,4100289,4300289
"RDMM",3.78536880387226,0.925369367998201,0.019,0.577726161490622,0.215,-31190.5966553291,64460.4276496318,142,5.17000000000002,TRUE,"",4,289,4100289,4300289
"DGMM",NA,0.861045326995211,0.036,0.33378701779508,0.465,-33440.8496127523,68967.8413197573,16,1.5,TRUE,"",4,290,4100290,4300290
"RDMM",4.05105836812648,0.933089069872396,0.017,0.759836088661287,0.098,-30667.7210897035,63414.6765183806,196,5.04000000000002,TRUE,"",4,290,4100290,4300290
"DGMM",NA,0.802618836647453,0.052,0.338297172247013,0.436,-33442.3563976586,68970.8548895698,17,1.31999999999999,TRUE,"",4,291,4100291,4300291
"RDMM",4.00143206815742,0.960360353219829,0.01,0.798500896131763,0.081,-30725.2790695494,63529.7924780725,102,2.56,TRUE,"",4,291,4100291,4300291
"DGMM",NA,0.898602624977465,0.026,0.597745144166754,0.18,-33167.725247863,68421.5925899786,18,1.27999999999997,TRUE,"",4,292,4100292,4300292
"RDMM",4.027522400827,0.92152146676086,0.02,0.739308061647446,0.107,-30543.2293768604,63165.6930926944,100,2.38999999999999,TRUE,"",4,292,4100292,4300292
"DGMM",NA,0.902402404740048,0.025,0.453989221453493,0.281,-33229.3558973105,68544.8538888736,15,1.04,TRUE,"",4,293,4100293,4300293
"RDMM",4.18516854912002,0.952528485889829,0.012,0.777314996100903,0.091,-30420.293291987,62919.8209229476,194,6.48,TRUE,"",4,293,4100293,4300293
"DGMM",NA,0.292981231554934,0.229,0.105655548210908,0.602,-33041.3801807007,68168.9024556541,39,4.84,TRUE,"",4,294,4100294,4300294
"RDMM",4.05506786275547,0.925369338291937,0.019,0.735442015264875,0.109,-30485.7725939811,63050.7795269358,142,5.81,TRUE,"",4,294,4100294,4300294
"DGMM",NA,0.85733321145542,0.037,0.334641468649044,0.47,-34404.6776615154,70895.4974172833,16,1.97,TRUE,"",4,295,4100295,4300295
"RDMM",3.64644813140039,0.90621013495435,0.024,0.743593105767181,0.105,-31227.5367674416,64534.3078738568,125,5.07,TRUE,"",4,295,4100295,4300295
"DGMM",NA,0.872228718758841,0.033,0.299783240748337,0.499,-33424.5234197861,68935.1889338248,15,1.84,TRUE,"",4,296,4100296,4300296
"RDMM",4.08340558073233,0.956440410401638,0.011,0.75688446992851,0.1,-30590.6538204615,63260.5419798967,153,6.07,TRUE,"",4,296,4100296,4300296
"DGMM",NA,0.92151714633487,0.02,0.374084205743162,0.449,-33192.8999118845,68471.9419180215,12,1.52,TRUE,"",4,297,4100297,4300297
"RDMM",3.99356958326091,0.944725936782101,0.014,0.740050614148757,0.109,-30644.2400442147,63367.7144274031,184,7.47,TRUE,"",4,297,4100297,4300297
"DGMM",NA,0.861043940417323,0.036,0.322882818441875,0.409,-33657.6794048408,69401.5009039343,12,1.49,TRUE,"",4,298,4100298,4300298
"RDMM",3.79478968477816,0.925368592382713,0.019,0.702887189762502,0.125,-30721.7319464294,63522.6982318325,134,5.36,TRUE,"",4,298,4100298,4300298
"DGMM",NA,0.646063531570761,0.098,0.240092335076829,0.503,-33608.7460141256,69303.6341225038,15,1.85,TRUE,"",4,299,4100299,4300299
"RDMM",3.7482611341859,0.913849851196484,0.022,0.754176577230455,0.1,-30600.5575055061,63280.3493499858,217,8.64,TRUE,"",4,299,4100299,4300299
"DGMM",NA,0.349911615148996,0.204,0.138505409332791,0.581,-33239.8915284273,68565.9251511073,29,3.55,TRUE,"",4,300,4100300,4300300
"RDMM",3.72842643757039,0.906210131052392,0.024,0.743887537559546,0.105,-30813.7635566856,63706.7614523448,126,5.17,TRUE,"",4,300,4100300,4300300
"DGMM",NA,0.424520195487822,0.174,0.174735080837495,0.572,-33631.0004758766,69348.1430460058,25,3.05,TRUE,"",4,301,4100301,4300301
"RDMM",3.80417811753749,0.910026017587593,0.023,0.712720119883936,0.119,-30824.7037082711,63728.6417555159,166,6.70999999999999,TRUE,"",4,301,4100301,4300301
"DGMM",NA,0.626884627344354,0.104,0.236792767227987,0.517,-33895.2968412409,69876.7357767343,26,3.09999999999999,TRUE,"",4,302,4100302,4300302
"RDMM",3.53816628058635,0.917681677872937,0.021,0.749670882714111,0.103,-30925.7447351408,63930.7238092552,100,4.03,TRUE,"",4,302,4100302,4300302
"DGMM",NA,0.868492560170001,0.034,0.597636590760778,0.185,-33535.6864980361,69157.5150903247,21,2.50999999999999,TRUE,"",4,303,4100303,4300303
"RDMM",4.13491853694951,0.921521520389168,0.02,0.773440289669654,0.092,-30778.7960075608,63636.8263540953,152,6.16000000000001,TRUE,"",4,303,4100303,4300303
"DGMM",NA,0.414219517721705,0.178,0.161473171744689,0.573,-33736.2899026377,69558.7218995281,29,3.61,TRUE,"",4,304,4100304,4300304
"RDMM",3.75766413762235,0.921521463952619,0.02,0.744081805716782,0.105,-31077.3300144634,64233.8943679005,192,7.67,TRUE,"",4,304,4100304,4300304
"DGMM",NA,0.921521517852695,0.02,0.325368282662063,0.47,-33882.7666830142,69851.675460281,18,2.17999999999999,TRUE,"",4,305,4100305,4300305
"RDMM",3.70327516014271,0.921521514319752,0.02,0.754876062242045,0.1,-30817.2112992082,63713.6569373901,245,9.77000000000001,TRUE,"",4,305,4100305,4300305
"DGMM",NA,0.910026055230205,0.023,0.327834374750175,0.446,-33570.5558014504,69227.2536971533,14,1.70999999999999,TRUE,"",4,306,4100306,4300306
"RDMM",4.10283270411519,0.952528513523368,0.012,0.771239724027288,0.093,-30771.3928405319,63622.0200200374,146,5.83000000000001,TRUE,"",4,306,4100306,4300306
"DGMM",NA,0.269647074932185,0.24,0.128259855445553,0.58,-33584.6420052659,69255.4261047845,26,3.22,TRUE,"",4,307,4100307,4300307
"RDMM",3.89765702730002,0.92536937188916,0.019,0.74584174075892,0.104,-31026.402634676,64132.0396083256,145,5.77000000000001,TRUE,"",4,307,4100307,4300307
"DGMM",NA,0.846246226279844,0.04,0.36970280258672,0.496,-33749.9885055584,69586.1191053694,19,2.33000000000001,TRUE,"",4,308,4100308,4300308
"RDMM",4.21408423151607,0.94862462502492,0.013,0.715459244357088,0.119,-30967.4864173772,64014.207173728,162,6.46000000000001,TRUE,"",4,308,4100308,4300308
"DGMM",NA,0.917681611358423,0.021,0.64747166592103,0.153,-32483.2871127852,67052.7163198231,18,2.22,TRUE,"",4,309,4100309,4300309
"RDMM",4.50374286429822,0.925369294888299,0.019,0.708908165039161,0.122,-30301.4219175414,62682.0781740564,100,4.19,TRUE,"",4,309,4100309,4300309
"DGMM",NA,0.784781217166401,0.057,0.486165631966254,0.243,-33387.216054223,68860.5742026986,6,0.820000000000022,TRUE,"",4,310,4100310,4300310
"RDMM",4.12621219556847,0.944728688148329,0.014,0.763653594466277,0.097,-30497.5446409857,63074.3236209451,145,5.84999999999999,TRUE,"",4,310,4100310,4300310
"DGMM",NA,0.391298687933972,0.187,0.1543834554323,0.58,-32519.8810557489,67125.9042057505,25,2.98000000000002,TRUE,"",4,311,4100311,4300311
"RDMM",4.22336145207688,0.944728711258145,0.014,0.736565872161802,0.109,-30605.0086844643,63289.2517079023,100,4.03999999999999,TRUE,"",4,311,4100311,4300311
"DGMM",NA,0.891026939541183,0.028,0.349128667832676,0.436,-33642.4994623212,69371.141018895,15,1.83000000000001,TRUE,"",4,312,4100312,4300312
"RDMM",3.97799228301001,0.917681618136574,0.021,0.761780985851318,0.097,-30624.8153880799,63328.8651151334,128,5.17999999999998,TRUE,"",4,312,4100312,4300312
"DGMM",NA,0.921521463016539,0.02,0.364410875193012,0.481,-33929.0267469065,69944.1955880656,17,2.06,TRUE,"",4,313,4100313,4300313
"RDMM",4.00032574158689,0.936960906891412,0.016,0.812606324442867,0.075,-31087.6320982549,64254.4985354835,113,5.09,TRUE,"",4,313,4100313,4300313
"DGMM",NA,0.39369868983399,0.186,0.142740482390711,0.563,-32929.3112822139,67944.7646586804,21,2.55000000000001,TRUE,"",4,314,4100314,4300314
"RDMM",4.07082381266308,0.9138497994636,0.022,0.48326090326838,0.309,-30494.4095567746,63068.0534525227,101,4.25,TRUE,"",4,314,4100314,4300314
"DGMM",NA,0.662257986169774,0.093,0.347220255835549,0.338,-35051.3068081646,72188.7557105818,6,0.800000000000011,TRUE,"",4,315,4100315,4300315
"RDMM",3.60471938333254,0.894810759965882,0.027,0.686109157590758,0.133,-31064.0910509082,64207.4164407901,130,5.27000000000001,TRUE,"",4,315,4100315,4300315
"DGMM",NA,0.898602580656891,0.026,0.375126588367853,0.468,-33142.9295262392,68372.0011467311,13,1.66,TRUE,"",4,316,4100316,4300316
"RDMM",4.10853298251721,0.936960964999498,0.016,0.775219103113778,0.091,-30711.3948538206,63502.0240466148,222,9,TRUE,"",4,316,4100316,4300316
"DGMM",NA,0.59866240894799,0.113,0.255215197529936,0.518,-33554.8926783752,69195.927451003,20,2.41,TRUE,"",4,317,4100317,4300317
"RDMM",3.93732470695808,0.929225164896192,0.018,0.759522485052959,0.098,-30679.7704296013,63438.7751981763,156,6.25,TRUE,"",4,317,4100317,4300317
"DGMM",NA,0.532399708960984,0.135,0.204533644260116,0.535,-33328.7587081337,68743.65951052,27,3.27000000000001,TRUE,"",4,318,4100318,4300318
"RDMM",3.86236281338429,0.929225216773108,0.018,0.764965887699234,0.095,-30785.9863360088,63651.2070109913,155,6.22999999999999,TRUE,"",4,318,4100318,4300318
"DGMM",NA,0.461764440512083,0.16,0.19865920707614,0.553,-32888.9360674754,67864.0142292034,23,2.81,TRUE,"",4,319,4100319,4300319
"RDMM",4.11408818632163,0.948624243970807,0.013,0.761089431290922,0.099,-30367.0790407433,62813.3924204603,223,8.86000000000001,TRUE,"",4,319,4100319,4300319
"DGMM",NA,0.820657305291452,0.047,0.348115146738691,0.449,-33040.3962748314,68166.9346439154,18,2.20999999999998,TRUE,"",4,320,4100320,4300320
"RDMM",3.94561935017053,0.910025941979161,0.023,0.761991064193224,0.097,-30411.346282151,62901.9269032757,120,4.78,TRUE,"",4,320,4100320,4300320
"DGMM",NA,0.00110658211504398,0.478,-2.58951760792593e-05,0.733,-31751.2212434057,65588.5845810641,29,3.59999999999999,TRUE,"",4,321,4100321,4300321
"RDMM",4.00440439294749,0.929225221565932,0.018,0.732549074105511,0.111,-30666.9239632554,63413.0822654844,143,5.74000000000001,TRUE,"",4,321,4100321,4300321
"DGMM",NA,0.381346439898838,0.191,0.164913421804459,0.53,-32591.8242155527,67269.790525358,22,2.71000000000001,TRUE,"",4,322,4100322,4300322
"RDMM",4.25986187305019,0.902402352748525,0.025,0.737612601039048,0.108,-30625.5531330027,63330.340604979,100,4.09,TRUE,"",4,322,4100322,4300322
"DGMM",NA,0.91768159952833,0.021,0.403312891301388,0.446,-32800.8567039249,67687.8555021024,14,1.72999999999996,TRUE,"",4,323,4100323,4300323
"RDMM",3.99467622038747,0.94084078557884,0.015,0.757903089846145,0.099,-30307.7370983451,62694.7085356639,254,10.18,TRUE,"",4,323,4100323,4300323
"DGMM",NA,0.371559512555617,0.195,0.160107806699345,0.501,-33118.4785102408,68323.0991147342,18,1.12,TRUE,"",4,324,4100324,4300324
"RDMM",3.8181750826771,0.921521446019881,0.02,0.74861331432348,0.103,-30588.9682356856,63257.1708103449,169,4.56,TRUE,"",4,324,4100324,4300324
"DGMM",NA,0.426984551458468,0.173,0.201875679917403,0.538,-32878.9381974937,67844.0184892399,20,2.38999999999999,TRUE,"",4,325,4100325,4300325
"RDMM",3.98774764983265,0.936959708519647,0.016,0.75059443653135,0.102,-30580.7089852889,63240.6523095514,209,8.41999999999996,TRUE,"",4,325,4100325,4300325
"DGMM",NA,0.831575748319956,0.044,0.334301163641309,0.437,-33490.2766689507,69066.6954321541,30,3.58999999999997,TRUE,"",4,326,4100326,4300326
"RDMM",4.06284634728941,0.92152153331687,0.02,0.726234008422821,0.114,-30741.1401730001,63561.5146849738,100,4.09000000000003,TRUE,"",4,326,4100326,4300326
"DGMM",NA,0.725633494659158,0.074,0.315483609741928,0.415,-32704.7564200745,67495.6549344017,19,2.31,TRUE,"",4,327,4100327,4300327
"RDMM",4.11336095262819,0.929225168405716,0.018,0.748710521752987,0.103,-30357.3407235841,62793.9157861417,148,5.92000000000002,TRUE,"",4,327,4100327,4300327
"DGMM",NA,0.461898061096866,0.16,0.18936739881626,0.554,-33125.672530878,68337.4871560085,27,3.21999999999997,TRUE,"",4,328,4100328,4300328
"RDMM",4.09205712482822,0.936960932763956,0.016,0.775042006240501,0.091,-30781.2372188993,63641.7087767721,161,6.66000000000003,TRUE,"",4,328,4100328,4300328
"DGMM",NA,0.89481080968767,0.027,0.333777426248317,0.478,-33373.1532930865,68832.4486804256,12,1.46999999999997,TRUE,"",4,329,4100329,4300329
"RDMM",3.92948111256485,0.948624624076072,0.013,0.833504237001975,0.066,-30511.2044804508,63101.6432998753,119,5.11000000000001,TRUE,"",4,329,4100329,4300329
"DGMM",NA,0.857333622608994,0.037,0.365769088432671,0.491,-33654.5081677446,69395.1584297418,18,2.17000000000002,TRUE,"",4,330,4100330,4300330
"RDMM",3.87353620825715,0.944728684355765,0.014,0.731057776764551,0.112,-30951.1753188255,63981.5849766246,195,7.22000000000003,TRUE,"",4,330,4100330,4300330
"DGMM",NA,0.887251239953792,0.029,0.344927670718115,0.423,-33299.077857306,68684.2978088646,13,1.46999999999997,TRUE,"",4,331,4100331,4300331
"RDMM",3.92299548719673,0.944728725871018,0.014,0.777427129736035,0.091,-30428.0452088976,62935.3247567688,101,3.05000000000001,TRUE,"",4,331,4100331,4300331
"DGMM",NA,0.913849835977443,0.022,0.333968132628451,0.486,-33515.295627558,69116.7333493685,41,3.17000000000002,TRUE,"",4,332,4100332,4300332
"RDMM",3.822829318371,0.929225218730405,0.018,0.727044974219209,0.113,-30584.0923565514,63247.4190520764,265,6.40999999999997,TRUE,"",4,332,4100332,4300332
"DGMM",NA,0.357016983151761,0.201,0.167925838731185,0.541,-33089.2220535925,68264.5862014377,31,2.15999999999997,TRUE,"",4,333,4100333,4300333
"RDMM",3.75414883580497,0.933089068331971,0.017,0.715487230586396,0.12,-30595.6856517603,63270.6056424942,124,2.86000000000001,TRUE,"",4,333,4100333,4300333
"DGMM",NA,0.378918490323013,0.192,0.155307564590789,0.56,-33270.8199309018,68627.7819560562,27,1.53,TRUE,"",4,334,4100334,4300334
"RDMM",4.03701386422533,0.925369297281268,0.019,0.724781162225541,0.115,-31075.4610385815,64230.1564161367,100,3.23,TRUE,"",4,334,4100334,4300334
"DGMM",NA,0.910020836090754,0.023,0.350929774878494,0.497,-33501.6024327917,69089.346959836,30,3.61,TRUE,"",4,335,4100335,4300335
"RDMM",4.09656699020446,0.956438146700075,0.011,0.751864588395201,0.103,-30884.1298308065,63847.4940005866,100,4.3,TRUE,"",4,335,4100335,4300335
"DGMM",NA,0.835232083532874,0.043,0.330123456896201,0.431,-32549.8626051663,67185.8673045853,18,2.2,TRUE,"",4,336,4100336,4300336
"RDMM",4.34525133219543,0.933089068331971,0.017,0.683653647702047,0.135,-30533.8821356913,63146.9986103562,130,5.29,TRUE,"",4,336,4100336,4300336
"DGMM",NA,0.929225243193769,0.018,0.424124509265723,0.464,-32935.7590884617,67957.6602711759,20,2.42,TRUE,"",4,337,4100337,4300337
"RDMM",4.21674442422839,0.936960928519243,0.016,0.747493450633233,0.104,-30371.9448175134,62823.1239740004,100,4.03,TRUE,"",4,337,4100337,4300337
"DGMM",NA,0.887251172197908,0.029,0.34613285550836,0.501,-32525.0613423013,67136.2647788551,21,2.52,TRUE,"",4,338,4100338,4300338
"RDMM",4.53963399424939,0.917681077987316,0.021,0.751394916185026,0.101,-30336.297523545,62751.8293860637,198,8.06,TRUE,"",4,338,4100338,4300338
"DGMM",NA,0.722224855968826,0.075,0.28206262129681,0.463,-33519.0989109746,69124.3399162018,12,1.47,TRUE,"",4,339,4100339,4300339
"RDMM",3.95264691862024,0.91002596136595,0.023,0.722251261196711,0.116,-30912.9512850862,63905.1369091461,139,5.58,TRUE,"",4,339,4100339,4300339
"DGMM",NA,0.781239746115848,0.058,0.304859523727699,0.447,-33035.2368478193,68156.6157898912,15,1.84,TRUE,"",4,340,4100340,4300340
"RDMM",4.17552356751973,0.944728693457917,0.014,0.565316718726907,0.244,-30674.5340193779,63428.3023777294,122,4.9,TRUE,"",4,340,4100340,4300340
"DGMM",NA,0.429553075554161,0.172,0.166786673540683,0.555,-32879.9852205952,67846.1125354431,25,3,TRUE,"",4,341,4100341,4300341
"RDMM",3.95772698006123,0.952528262701526,0.012,0.779738080085555,0.089,-30529.1366753147,63137.5076896031,299,12.02,TRUE,"",4,341,4100341,4300341
"DGMM",NA,0.820656793949314,0.047,0.327381702909736,0.468,-33478.3354740932,69042.813042439,14,1.70999999999999,TRUE,"",4,342,4100342,4300342
"RDMM",4.09513657896658,0.902402305000392,0.025,0.704985850897961,0.123,-30597.7838825764,63274.8021041263,276,11,TRUE,"",4,342,4100342,4300342
"DGMM",NA,0.87972392138316,0.031,0.316053226376208,0.435,-33501.5358124259,69089.2137191044,19,2.33999999999999,TRUE,"",4,343,4100343,4300343
"RDMM",3.94976245794686,0.944728681321713,0.014,0.726809975504817,0.114,-30425.9779312469,62931.1902014675,106,4.27000000000001,TRUE,"",4,343,4100343,4300343
"DGMM",NA,0.902402265100717,0.025,0.412207498036739,0.351,-33004.591658346,68095.3254109447,21,2.55,TRUE,"",4,344,4100344,4300344
"RDMM",4.260505996077,0.944728665260907,0.014,0.770178062394771,0.094,-30701.4611824022,63482.1567037781,100,4.08,TRUE,"",4,344,4100344,4300344
"DGMM",NA,0.868492495199594,0.034,0.298431810048085,0.479,-33943.1234666449,69972.3890275424,27,3.33,TRUE,"",4,345,4100345,4300345
"RDMM",3.74363253240693,0.902402398881851,0.025,0.730912920124603,0.112,-30997.0716101909,64073.3775593554,163,6.7,TRUE,"",4,345,4100345,4300345
"DGMM",NA,0.838876120464785,0.042,0.594759631255403,0.176,-33284.092595345,68654.3272849426,22,2.70999999999999,TRUE,"",4,346,4100346,4300346
"RDMM",3.99984281226988,0.925367057874303,0.019,0.743975981842786,0.106,-30540.5851723424,63160.4046836584,100,4.08999999999999,TRUE,"",4,346,4100346,4300346
"DGMM",NA,0.424596701145304,0.174,0.188357650268493,0.529,-32404.4339665873,66895.0100274271,21,2.52,TRUE,"",4,347,4100347,4300347
"RDMM",4.29366126563687,0.929225177477372,0.018,0.749389481933552,0.104,-30352.6379563035,62784.5102515807,162,6.42,TRUE,"",4,347,4100347,4300347
"DGMM",NA,0.763642617455479,0.063,0.304836190907264,0.454,-33742.4885083858,69571.1191110242,14,1.73,TRUE,"",4,348,4100348,4300348
"RDMM",3.8194860833419,0.940840823850437,0.015,0.760611363931407,0.098,-30836.4390698714,63752.1124787165,124,5.02,TRUE,"",4,348,4100348,4300348
"DGMM",NA,0.891026942993379,0.028,0.518428050871759,0.231,-33736.8739320067,69559.889958266,17,2.13000000000001,TRUE,"",4,349,4100349,4300349
"RDMM",4.12807176036528,0.906209453721608,0.024,0.706979968822978,0.123,-30634.8080542122,63348.8504473979,100,4.08,TRUE,"",4,349,4100349,4300349
"DGMM",NA,0.868492726255793,0.034,0.331660420578908,0.421,-33696.4661222033,69479.0743386591,16,1.94,TRUE,"",4,350,4100350,4300350
"RDMM",3.94037321531837,0.929225253369435,0.018,0.639980368914715,0.162,-31132.3680655365,64343.9704700466,100,4.00999999999999,TRUE,"",4,350,4100350,4300350
"DGMM",NA,0.538235410029141,0.133,0.224789076656634,0.49,-33774.2769304153,69634.6959550832,21,2.53,TRUE,"",4,351,4100351,4300351
"RDMM",3.97598019575043,0.933088882411984,0.017,0.754400890608168,0.1,-31013.7195731907,64106.6734853551,109,4.44999999999999,TRUE,"",4,351,4100351,4300351
"DGMM",NA,0.846244089342005,0.04,0.318746860008097,0.498,-34015.8749982996,70117.8920908518,15,1.81,TRUE,"",4,352,4100352,4300352
"RDMM",3.92689130004388,0.940840795992756,0.015,0.752296619888346,0.102,-30878.6235642234,63836.4814674205,229,9.18000000000001,TRUE,"",4,352,4100352,4300352
"DGMM",NA,0.340247738098316,0.208,0.134834058180023,0.539,-33865.3191648968,69816.7804240462,30,3.64000000000001,TRUE,"",4,353,4100353,4300353
"RDMM",3.68950532672219,0.913849575868986,0.022,0.741680490034664,0.107,-30978.278736348,64035.7918116697,100,4.07999999999998,TRUE,"",4,353,4100353,4300353
"DGMM",NA,0.883483383545484,0.03,0.298590441349696,0.508,-33148.5917106974,68383.3255156474,18,2.19999999999999,TRUE,"",4,354,4100354,4300354
"RDMM",3.74814747894033,0.91002594488718,0.023,0.719227293281229,0.117,-30492.4033920617,63064.041123097,101,4.08000000000001,TRUE,"",4,354,4100354,4300354
"DGMM",NA,0.902402392779562,0.025,0.345953251421607,0.427,-33013.0697166045,68112.2815274616,18,2.16,TRUE,"",4,355,4100355,4300355
"RDMM",4.20077991963771,0.960360359073464,0.01,0.774576728087622,0.092,-30309.1244550647,62697.4832491029,100,4.03,TRUE,"",4,355,4100355,4300355
"DGMM",NA,0.391256619895086,0.187,0.163741045029246,0.572,-32971.4094960007,68028.9610862539,25,3.5,TRUE,"",4,356,4100356,4300356
"RDMM",3.92602489703809,0.92922522880963,0.018,0.769683095844144,0.093,-30503.1525130914,63085.5393651563,139,5.74000000000001,TRUE,"",4,356,4100356,4300356
"DGMM",NA,0.517922511657718,0.14,0.215971847268351,0.496,-33476.8075781563,69039.7572505653,26,3.14000000000001,TRUE,"",4,357,4100357,4300357
"RDMM",3.89668808652321,0.929225220431267,0.018,0.75625268145147,0.1,-30769.187923712,63617.6101863977,100,4.16,TRUE,"",4,357,4100357,4300357
"DGMM",NA,0.492311804476402,0.149,0.211413830985415,0.531,-32869.0610752858,67824.2642448243,17,2.22,TRUE,"",4,358,4100358,4300358
"RDMM",4.00260445755746,0.948624613361998,0.013,0.615765774158087,0.182,-30519.4734725078,63118.1812839892,100,4.03,TRUE,"",4,358,4100358,4300358
"DGMM",NA,0.349922224010179,0.204,0.133063375950629,0.59,-33846.0112158025,69778.1645258576,22,2.66,TRUE,"",4,359,4100359,4300359
"RDMM",3.83375580996734,0.91768159952833,0.021,0.754471742768113,0.1,-31055.9656483215,64191.1656356165,139,5.50999999999999,TRUE,"",4,359,4100359,4300359
"DGMM",NA,0.315079113196912,0.219,0.130193288916599,0.575,-33100.1524369859,68286.4469682244,25,3.03999999999999,TRUE,"",4,360,4100360,4300360
"RDMM",4.18877292274049,0.917681517836723,0.021,0.736628542728099,0.109,-30810.0682333037,63699.370805581,103,4.21000000000001,TRUE,"",4,360,4100360,4300360
"DGMM",NA,-0.000333250764915794,0.493,0.000986962439045686,0.727,-32535.8997545578,67157.9416033682,27,3.27000000000001,TRUE,"",4,361,4100361,4300361
"RDMM",3.82571670807362,0.902402311234126,0.025,0.778573835891623,0.089,-31069.1613815275,64217.5571020286,243,9.75999999999999,TRUE,"",4,361,4100361,4300361
"DGMM",NA,0.831573145468099,0.044,0.31684828477643,0.413,-33944.8807156105,69975.9035254736,13,1.57999999999998,TRUE,"",4,362,4100362,4300362
"RDMM",3.7879583124,0.929225019718716,0.018,0.736704062528275,0.108,-30721.412081115,63522.0585012035,105,4.15000000000001,TRUE,"",4,362,4100362,4300362
"DGMM",NA,0.284511934046972,0.233,0.119312138349805,0.555,-33113.1709086149,68312.4839114824,25,3.09999999999999,TRUE,"",4,363,4100363,4300363
"RDMM",3.94087651385089,0.929225218730405,0.018,0.750072126681365,0.103,-30606.3015378063,63291.8374145863,136,5.39000000000001,TRUE,"",4,363,4100363,4300363
"DGMM",NA,0.90621017122225,0.024,0.313278262586896,0.48,-33669.778704629,69425.6995035105,17,2.24000000000001,TRUE,"",4,364,4100364,4300364
"RDMM",4.21404851726033,0.917681682703154,0.021,0.752648212196287,0.101,-30818.6345414213,63716.5034218162,285,11.28,TRUE,"",4,364,4100364,4300364
"DGMM",NA,0.290945031591272,0.23,0.11262460428012,0.572,-33172.1583718072,68430.4588378669,37,4.5,TRUE,"",4,365,4100365,4300365
"RDMM",4.05189766643293,0.929225222927529,0.018,0.75042266216866,0.102,-30645.6472022038,63370.5287433813,100,3.96000000000004,TRUE,"",4,365,4100365,4300365
"DGMM",NA,0.419270022838915,0.176,0.172314862145232,0.543,-33286.7646062273,68659.6713067073,27,3.30000000000001,TRUE,"",4,366,4100366,4300366
"RDMM",4.02846695630472,0.929225185398476,0.018,0.739717326100668,0.107,-30747.1903792948,63573.6150975631,118,2.16999999999996,TRUE,"",4,366,4100366,4300366
"DGMM",NA,0.887251239953792,0.029,0.336618182486328,0.483,-33055.3426271935,68196.8273486397,14,1.03000000000003,TRUE,"",4,367,4100367,4300367
"RDMM",4.26501360724905,0.929225226331523,0.018,0.774023575631385,0.092,-30553.3216645297,63185.8776680329,100,4,TRUE,"",4,367,4100367,4300367
"DGMM",NA,0.806210100084841,0.051,0.554930286106717,0.2,-32403.4519702736,66893.0460347999,13,1.56999999999999,TRUE,"",4,368,4100368,4300368
"RDMM",4.12941027171319,0.906210226900638,0.024,0.72076707206731,0.116,-30263.2626869484,62605.7597128705,108,4.43000000000001,TRUE,"",4,368,4100368,4300368
"DGMM",NA,0.944728749112834,0.014,0.682910940860679,0.135,-33238.9578048091,68564.0577038708,21,2.52000000000004,TRUE,"",4,369,4100369,4300369
"RDMM",4.24301478698782,0.940840836692353,0.015,0.72286320153163,0.116,-30869.1300552558,63817.4944494853,100,4.06,TRUE,"",4,369,4100369,4300369
"DGMM",NA,0.872228352007336,0.033,0.35931453470718,0.385,-33372.6846291155,68831.5113524836,14,1.72999999999996,TRUE,"",4,370,4100370,4300370
"RDMM",3.9096743826486,0.925369361034676,0.019,0.750684164596695,0.103,-30505.7513265177,63090.7369920091,240,9.49000000000001,TRUE,"",4,370,4100370,4300370
"DGMM",NA,0.354657444972219,0.202,0.142678667481604,0.55,-33039.9422009464,68166.0264961454,27,3.25,TRUE,"",4,371,4100371,4300371
"RDMM",4.03651903570879,0.910025963979704,0.023,0.760467284196396,0.098,-30837.9476241622,63755.1295872979,121,5.05000000000001,TRUE,"",4,371,4100371,4300371
"DGMM",NA,0.366620828733835,0.197,0.173499323930334,0.507,-32526.6551629588,67139.4524201702,26,3.22000000000003,TRUE,"",4,372,4100372,4300372
"RDMM",4.14534898590863,0.93696096128841,0.016,0.795370234935843,0.083,-30391.0163528157,62861.267044605,141,5.94,TRUE,"",4,372,4100372,4300372
"DGMM",NA,-0.000340392478813716,0.49,-0.000646859612682824,0.737,-31528.4160500395,65142.9741943317,24,2.88,TRUE,"",4,373,4100373,4300373
"RDMM",3.9603842819385,0.913849797331082,0.022,0.764285807182136,0.096,-30359.1627584164,62797.5598558065,205,7.46999999999997,TRUE,"",4,373,4100373,4300373
"DGMM",NA,0.742787418174487,0.069,0.290167427308921,0.45,-33235.0055023469,68556.1530989464,12,1.31,TRUE,"",4,374,4100374,4300374
"RDMM",4.15886393658179,0.936960938927884,0.016,0.765187329851045,0.096,-30416.7539656919,62912.7422703575,182,4.90999999999997,TRUE,"",4,374,4100374,4300374
"DGMM",NA,0.630066058059488,0.103,0.407789780286547,0.292,-33533.5781814174,69153.2984570875,6,0.5,TRUE,"",4,375,4100375,4300375
"RDMM",4.27889495318214,0.906210205360963,0.024,0.690389457765312,0.13,-30775.3781645506,63629.9906680748,129,3.23999999999995,TRUE,"",4,375,4100375,4300375
"DGMM",NA,0.722227458591209,0.075,0.285507740830505,0.446,-32831.3660052508,67748.8741047542,18,1.12,TRUE,"",4,376,4100376,4300376
"RDMM",4.12787764831107,0.952528485889829,0.012,0.760835240962041,0.098,-30446.230785262,62971.6959094977,113,2.93,TRUE,"",4,376,4100376,4300376
"DGMM",NA,0.655747523474474,0.095,0.262765088401805,0.502,-33467.2638477085,69020.6697896697,11,1.41,TRUE,"",4,377,4100377,4300377
"RDMM",4.01622784886769,0.925369063324806,0.019,0.736360740778237,0.109,-30746.1022644873,63571.4388679483,138,5.58,TRUE,"",4,377,4100377,4300377
"DGMM",NA,0.875971958925925,0.032,0.331463953701778,0.501,-33900.788820554,69887.7197353605,12,1.68,TRUE,"",4,378,4100378,4300378
"RDMM",3.66967629896275,0.933089079878723,0.017,0.757596473810918,0.099,-30777.3531711608,63633.9406812953,115,4.68,TRUE,"",4,378,4100378,4300378
"DGMM",NA,0.732468398637965,0.072,0.282174074894761,0.531,-33619.14753082,69324.4371558926,15,1.8,TRUE,"",4,379,4100379,4300379
"RDMM",3.92558401744318,0.917681665646944,0.021,0.734247777526678,0.109,-30788.6746576921,63656.5836543578,135,5.43,TRUE,"",4,379,4100379,4300379
"DGMM",NA,0.777702727222589,0.059,0.319861405862508,0.471,-33721.2219636431,69528.5860215388,24,2.87,TRUE,"",4,380,4100380,4300380
"RDMM",4.02233880105651,0.933089041003355,0.017,0.759540133554787,0.098,-30775.3360603609,63629.9064596954,108,4.4,TRUE,"",4,380,4100380,4300380
"DGMM",NA,0.824289685169102,0.046,0.331647233199431,0.496,-33638.4135917657,69362.969277784,19,2.3,TRUE,"",4,381,4100381,4300381
"RDMM",3.8497155545746,0.929225226491511,0.018,0.548109660008866,0.295,-30815.4574605615,63710.1492600966,143,5.85,TRUE,"",4,381,4100381,4300381
"DGMM",NA,0.898602592808314,0.026,0.355914499472255,0.465,-33449.5550186491,68985.2521315509,13,1.6,TRUE,"",4,382,4100382,4300382
"RDMM",3.78349998143542,0.936960906158693,0.016,0.747378214158019,0.104,-30696.9197809025,63473.0739007786,231,9.19,TRUE,"",4,382,4100382,4300382
"DGMM",NA,0.925369077725777,0.019,0.328552303217699,0.418,-33563.4003809396,69212.9428561318,16,1.93,TRUE,"",4,383,4100383,4300383
"RDMM",3.88722447224834,0.933088894550944,0.017,0.770443174504989,0.094,-30715.68403982,63510.6024186137,100,4.07,TRUE,"",4,383,4100383,4300383
"DGMM",NA,0.906210282948856,0.024,0.552730067773193,0.21,-34062.7167490795,70211.5755924116,13,1.61,TRUE,"",4,384,4100384,4300384
"RDMM",3.65013657256896,0.944728709410601,0.014,0.723470894218381,0.115,-31027.5953987493,64134.4251364722,100,3.95,TRUE,"",4,384,4100384,4300384
"DGMM",NA,0.861045517331644,0.036,0.430693717386378,0.495,-33333.5329062169,68753.2079066864,35,4.29,TRUE,"",4,385,4100385,4300385
"RDMM",4.12335917007535,0.89860250902602,0.026,0.326870715091159,0.438,-30701.163886875,63481.5621127236,107,4.3,TRUE,"",4,385,4100385,4300385
"DGMM",NA,0.813412811448108,0.049,0.341230886543762,0.424,-33686.3164449329,69458.7749841185,16,2.05000000000001,TRUE,"",4,386,4100386,4300386
"RDMM",3.63930367920019,0.894810541408018,0.027,0.714875063968841,0.118,-30828.8189345951,63736.8722081639,145,5.78,TRUE,"",4,386,4100386,4300386
"DGMM",NA,0.906210301384983,0.024,0.374942228106502,0.417,-32937.7597184203,67961.6615310932,16,2,TRUE,"",4,387,4100387,4300387
"RDMM",4.10675767972698,0.952528498235081,0.012,0.73469067127025,0.11,-30505.5051097551,63090.2445584838,202,8.03999999999999,TRUE,"",4,387,4100387,4300387
"DGMM",NA,0.388803596309139,0.188,0.156997591534227,0.568,-33283.4270543226,68652.9962028978,33,3.97999999999999,TRUE,"",4,388,4100388,4300388
"RDMM",3.59678479905962,0.89860257675543,0.026,0.748828815946631,0.103,-30450.5124893871,62980.2593177478,100,4.25,TRUE,"",4,388,4100388,4300388
"DGMM",NA,0.705307520988942,0.08,0.271046504961584,0.522,-34068.9663779077,70224.0748500681,20,2.41,TRUE,"",4,389,4100389,4300389
"RDMM",3.88491446315626,0.894810740700448,0.027,0.726733145980705,0.112,-31180.5473692717,64440.329077517,100,4.15000000000001,TRUE,"",4,389,4100389,4300389
"DGMM",NA,0.403974768725672,0.182,0.173599544371385,0.526,-33291.8131090921,68669.7683124368,33,3.98,TRUE,"",4,390,4100390,4300390
"RDMM",4.09490746019366,0.921521446019881,0.02,0.74849273629489,0.103,-30790.7607312815,63660.7558015366,100,4.11,TRUE,"",4,390,4100390,4300390
"DGMM",NA,0.827925927302278,0.045,0.334635126843492,0.441,-33425.2804555038,68936.7030052603,11,1.36,TRUE,"",4,391,4100391,4300391
"RDMM",4.10033072027211,0.917681475599854,0.021,0.714416128999229,0.119,-30681.7003776099,63442.6350941934,209,8.31,TRUE,"",4,391,4100391,4300391
"DGMM",NA,0.853629522257752,0.038,0.32519013789924,0.434,-33926.3732493304,69938.8885929134,14,1.7,TRUE,"",4,392,4100392,4300392
"RDMM",3.44995351084166,0.940840784611426,0.015,0.767286327664247,0.095,-30575.0970574976,63229.4284539689,146,5.98999999999999,TRUE,"",4,392,4100392,4300392
"DGMM",NA,0.37630453943204,0.193,0.157195810008771,0.558,-33170.5994222264,68427.3409387055,24,2.90000000000001,TRUE,"",4,393,4100393,4300393
"RDMM",3.89462188156409,0.944728618003536,0.014,0.750398624984323,0.103,-30905.8028874702,63890.840113914,148,5.88999999999999,TRUE,"",4,393,4100393,4300393
"DGMM",NA,0.868492509019726,0.034,0.344305974063837,0.477,-33291.4295070971,68669.0011084468,14,1.81,TRUE,"",4,394,4100394,4300394
"RDMM",4.16618774478765,0.925369333295424,0.019,0.75803890944483,0.099,-30694.4613553364,63468.1570496464,100,4,TRUE,"",4,394,4100394,4300394
"DGMM",NA,0.461898533334391,0.16,0.195915693364442,0.544,-32650.4270948799,67386.9962840125,22,2.75999999999999,TRUE,"",4,395,4100395,4300395
"RDMM",3.93350866509601,0.894810740235001,0.027,0.741346612009905,0.107,-30347.5979521595,62774.4302432926,128,5.16,TRUE,"",4,395,4100395,4300395
"DGMM",NA,0.817033464698691,0.048,0.305296712066857,0.515,-33733.4234226118,69552.9889394763,14,1.72,TRUE,"",4,396,4100396,4300396
"RDMM",3.97574061114414,0.936960900313113,0.016,0.717062553004595,0.118,-30914.4416895231,63908.1177180199,100,4.06999999999999,TRUE,"",4,396,4100396,4300396
"DGMM",NA,0.342799678927408,0.207,0.157668716907909,0.599,-33527.1071575465,69140.3564093456,34,4.06,TRUE,"",4,397,4100397,4300397
"RDMM",3.97270387955497,0.891026970946374,0.028,0.550870607585793,0.218,-31131.7372191946,64342.7087773628,120,4.88999999999999,TRUE,"",4,397,4100397,4300397
"DGMM",NA,0.4065223941362,0.181,0.182612811856654,0.483,-33101.8400674626,68289.8222291777,20,2.47999999999999,TRUE,"",4,398,4100398,4300398
"RDMM",3.82575708522047,0.944728679084277,0.014,0.790077432373029,0.085,-30192.5975261808,62464.4293913353,100,4.03,TRUE,"",4,398,4100398,4300398
"DGMM",NA,0.784781438598458,0.057,0.353343095340127,0.5,-33455.3121275303,68996.7663493133,18,2.25999999999999,TRUE,"",4,399,4100399,4300399
"RDMM",4.05526951682341,0.92152156568329,0.02,0.722724377826118,0.115,-31023.4592038872,64126.152746748,201,8.57999999999998,TRUE,"",4,399,4100399,4300399
"DGMM",NA,0.328814862080325,0.213,0.135394124139122,0.571,-34597.8310542747,71281.804202802,27,3.25,TRUE,"",4,400,4100400,4300400
"RDMM",3.5554767008259,0.887251286228172,0.029,0.710094548274216,0.12,-31286.4749615582,64652.1842620901,100,4.13,TRUE,"",4,400,4100400,4300400
"DGMM",NA,0.917681659755661,0.021,0.345311064157374,0.454,-33916.2286244021,69918.5993430568,13,1.66,TRUE,"",4,401,4100401,4300401
"RDMM",4.00668560562269,0.948624626359237,0.013,0.744874693166623,0.106,-31101.9740333319,64283.1824056375,124,5,TRUE,"",4,401,4100401,4300401
"DGMM",NA,0.898602556173593,0.026,0.330072706874763,0.471,-33411.3066137912,68908.7553218351,20,2.37,TRUE,"",4,402,4100402,4300402
"RDMM",3.88053910174416,0.948624590382073,0.013,0.755162016979001,0.101,-30739.606456781,63558.4472525357,299,11.91,TRUE,"",4,402,4100402,4300402
"DGMM",NA,0.809810305293488,0.05,0.289236257478745,0.474,-33446.3337749798,68978.8096442123,12,1.46000000000001,TRUE,"",4,403,4100403,4300403
"RDMM",3.92272616800319,0.910025936232361,0.023,0.578722871014788,0.197,-30777.797805659,63634.8299502916,136,5.47,TRUE,"",4,403,4100403,4300403
"DGMM",NA,0.347543766459995,0.205,0.160810382432548,0.579,-33283.0475019045,68652.2370980615,29,3.5,TRUE,"",4,404,4100404,4300404
"RDMM",3.81279668397263,0.933089032610389,0.017,0.59441667446822,0.195,-30833.8640020635,63746.9623431006,100,4.02000000000001,TRUE,"",4,404,4100404,4300404
"DGMM",NA,0.361812084871313,0.199,0.149274435599149,0.551,-32813.7792531528,67713.7006005582,30,3.57000000000002,TRUE,"",4,405,4100405,4300405
"RDMM",4.02882777484481,0.948624618887061,0.013,0.780004092081935,0.089,-30325.794612782,62730.8235645377,100,4.11000000000001,TRUE,"",4,405,4100405,4300405
"DGMM",NA,0.42714179864744,0.173,0.178580581316123,0.576,-33681.2795089908,69448.7011122341,26,3.09999999999999,TRUE,"",4,406,4100406,4300406
"RDMM",3.71350037863161,0.921521521476227,0.02,0.746019189517536,0.104,-31190.6587825989,64460.5519041713,121,5.01000000000002,TRUE,"",4,406,4100406,4300406
"DGMM",NA,0.910025898151138,0.023,0.357893987853782,0.488,-33594.103075039,69274.3482443307,37,4.44,TRUE,"",4,407,4100407,4300407
"RDMM",4.02107881623353,0.948624610910807,0.013,0.794586150799892,0.083,-30683.4481765703,63446.1306921142,164,6.59,TRUE,"",4,407,4100407,4300407
"DGMM",NA,0.902402404664943,0.025,0.352683126364962,0.441,-32842.5965535385,67771.3352013296,12,1.47999999999999,TRUE,"",4,408,4100408,4300408
"RDMM",4.0982578693892,0.933089025491814,0.017,0.746160373272536,0.105,-30303.3969897558,62686.0283184853,143,5.69999999999999,TRUE,"",4,408,4100408,4300408
"DGMM",NA,-1.68171765506596e-05,0.488,0.00118990989630741,0.728,-31946.1408393373,65978.4237729272,31,3.75,TRUE,"",4,409,4100409,4300409
"RDMM",4.05259128724243,0.929225168405716,0.018,0.750151321855031,0.103,-30666.6055798135,63412.4454986005,224,6,TRUE,"",4,409,4100409,4300409
"DGMM",NA,0.872228171678881,0.033,0.357007950498945,0.419,-33003.4173015199,68092.9766972925,14,1.67000000000002,TRUE,"",4,410,4100410,4300410
"RDMM",4.02927178969893,0.929225168405716,0.018,0.763775436885852,0.097,-30421.2126321668,62921.6596033071,188,7.52999999999997,TRUE,"",4,410,4100410,4300410
"DGMM",NA,0.925369336339277,0.019,0.370219342587781,0.427,-33719.3650170911,69524.8721284347,17,2.05000000000001,TRUE,"",4,411,4100411,4300411
"RDMM",3.93938821729768,0.940840791925828,0.015,0.730664681518848,0.112,-30909.0697534254,63897.3738458243,255,10.12,TRUE,"",4,411,4100411,4300411
"DGMM",NA,0.846246621169941,0.04,0.433883589776644,0.287,-33468.4810889255,69023.1042721035,13,1.60999999999996,TRUE,"",4,412,4100412,4300412
"RDMM",4.05250045976585,0.936960273816001,0.016,0.76782726997833,0.096,-30616.7219145534,63312.6781680804,100,4.03000000000003,TRUE,"",4,412,4100412,4300412
"DGMM",NA,0.891027070659832,0.028,0.360885689012369,0.437,-33718.5239877649,69523.1900697824,22,2.63999999999999,TRUE,"",4,413,4100413,4300413
"RDMM",3.97928396778842,0.968224217947527,0.008,0.772553128351043,0.093,-30566.0615608603,63211.3574606942,199,8.06999999999999,TRUE,"",4,413,4100413,4300413
"DGMM",NA,0.31887267404546,0.217,0.154604423808422,0.567,-33329.3216147876,68744.7853238277,23,2.82999999999998,TRUE,"",4,414,4100414,4300414
"RDMM",4.0838143732457,0.944717309618549,0.014,0.652902203934513,0.156,-30943.6843109223,63966.6029608182,137,5.73000000000002,TRUE,"",4,414,4100414,4300414
"DGMM",NA,0.827928176886296,0.045,0.314847411116308,0.481,-33569.0692670972,69224.280628447,19,2.17000000000002,TRUE,"",4,415,4100415,4300415
"RDMM",3.80027454566766,0.910026027488688,0.023,0.715011268777938,0.119,-30612.6052260209,63304.4447910154,236,8.13999999999999,TRUE,"",4,415,4100415,4300415
"DGMM",NA,0.39370666414602,0.186,0.238723937130013,0.522,-33406.6064448405,68899.3549839335,10,0.870000000000005,TRUE,"",4,416,4100416,4300416
"RDMM",3.93498561139016,0.933088764175963,0.017,0.748446614717636,0.105,-30380.0708965602,62839.376132094,300,7.43000000000001,TRUE,"",4,416,4100416,4300416
"DGMM",NA,0.000853695396619237,0.474,0.0011028027169957,0.717,-32425.3208202172,66936.783734687,29,2.10000000000002,TRUE,"",4,417,4100417,4300417
"RDMM",3.92388177455809,0.929225027697723,0.018,0.770037621075034,0.093,-31108.2498208301,64295.7339806338,100,2.29999999999995,TRUE,"",4,417,4100417,4300417
"DGMM",NA,0.933089050293113,0.017,0.343519718531942,0.494,-33498.1406743568,69082.4234429663,21,1.25,TRUE,"",4,418,4100418,4300418
"RDMM",3.98026147832828,0.94084080653945,0.015,0.791537845856856,0.084,-30847.4269510372,63774.088241048,100,2.36,TRUE,"",4,418,4100418,4300418
"DGMM",NA,0.910023304536282,0.023,0.387232441418777,0.444,-33387.1709887046,68860.4840716617,16,1.97,TRUE,"",4,419,4100419,4300419
"RDMM",4.16615133038751,0.94472802372131,0.014,0.742050570145069,0.106,-30708.107088386,63495.4485157456,232,9.48,TRUE,"",4,419,4100419,4300419
"DGMM",NA,-0.000572480344189881,0.496,0.000140877778029301,0.735,-31930.9109322162,65947.963958685,25,3.03,TRUE,"",4,420,4100420,4300420
"RDMM",3.86083571741885,0.956440399750402,0.011,0.767319490741057,0.095,-30742.1532353166,63563.5408096067,100,4.1,TRUE,"",4,420,4100420,4300420
"DGMM",NA,0.902402488607323,0.025,0.658298101094345,0.147,-34202.792579009,70491.7272522705,23,2.8,TRUE,"",4,421,4100421,4300421
"RDMM",3.86804431641404,0.956440422737287,0.011,0.785590260920326,0.087,-30923.05207113,63925.3384812335,100,3.98,TRUE,"",4,421,4100421,4300421
"DGMM",NA,-0.001116207582073,0.495,-0.00064087298564385,0.732,-31872.9401990039,65832.0224922605,28,3.44,TRUE,"",4,422,4100422,4300422
"RDMM",4.10367940779134,0.944728701286723,0.014,0.759344411305167,0.1,-30585.9199553267,63251.074249627,168,6.84,TRUE,"",4,422,4100422,4300422
"DGMM",NA,0.0017977046519669,0.473,0.000907420691124704,0.723,-31754.3749624095,65594.8920190715,34,4.04,TRUE,"",4,423,4100423,4300423
"RDMM",4.14463816063554,0.921521507555824,0.02,0.744851501146143,0.105,-30481.4563527584,63042.1470444904,117,4.69,TRUE,"",4,423,4100423,4300423
"DGMM",NA,0.921521519060539,0.02,0.388927361069514,0.382,-33324.1429596251,68734.4280135028,18,2.15,TRUE,"",4,424,4100424,4300424
"RDMM",3.98026261689596,0.94862462443189,0.013,0.757910462655622,0.099,-30580.519916734,63240.2741724416,100,4.05,TRUE,"",4,424,4100424,4300424
"DGMM",NA,-0.000683475661344237,0.495,-0.000933215925800119,0.734,-31536.6488525728,65159.4397993982,29,3.46,TRUE,"",4,425,4100425,4300425
"RDMM",3.92754955501935,0.925369346217438,0.019,0.749677590544868,0.103,-30305.7134548848,62690.6612487431,199,8.05,TRUE,"",4,425,4100425,4300425
"DGMM",NA,0.43243056108511,0.171,0.177127107645191,0.508,-33741.0739904716,69568.2900751957,40,4.84,TRUE,"",4,426,4100426,4300426
"RDMM",3.73919829975029,0.936960938221442,0.016,0.755600988424372,0.1,-30846.6031791592,63772.4406972921,144,5.76000000000001,TRUE,"",4,426,4100426,4300426
"DGMM",NA,0.861044766675943,0.036,0.300912971487789,0.505,-33517.8420556965,69121.8262056456,13,1.67,TRUE,"",4,427,4100427,4300427
"RDMM",3.76307660444596,0.952528501815135,0.012,0.756522896653857,0.101,-30687.1066968182,63453.4477326101,140,5.66,TRUE,"",4,427,4100427,4300427
"DGMM",NA,0.777700512016621,0.059,0.319736213006302,0.498,-33562.3679848748,69210.8780640021,16,1.91999999999999,TRUE,"",4,428,4100428,4300428
"RDMM",4.23852217352723,0.933089095518966,0.017,0.762575067248971,0.097,-30887.4384374902,63854.111213954,124,5.00999999999999,TRUE,"",4,428,4100428,4300428
"DGMM",NA,0.883483409129628,0.03,0.342218456510046,0.446,-33798.5997812014,69683.3416566553,12,1.56,TRUE,"",4,429,4100429,4300429
"RDMM",3.90647579423818,0.91768163234218,0.021,0.763969972136879,0.096,-30714.3349016806,63507.9041423348,103,4.31,TRUE,"",4,429,4100429,4300429
"DGMM",NA,0.879723793430826,0.031,0.330993785774663,0.493,-33766.738012211,69619.6181186746,15,1.89,TRUE,"",4,430,4100430,4300430
"RDMM",4.02304046276151,0.9330890616854,0.017,0.733206976331998,0.111,-30944.2493912992,63967.733121572,233,9.33,TRUE,"",4,430,4100430,4300430
"DGMM",NA,0.781237241740501,0.058,0.347580099783899,0.443,-33527.7664787395,69141.6750517315,13,1.58,TRUE,"",4,431,4100431,4300431
"RDMM",4.11669297542712,0.925369370295446,0.019,0.582821340757832,0.21,-30718.3461614408,63515.9266618553,132,5.25,TRUE,"",4,431,4100431,4300431
"DGMM",NA,0.831575888556539,0.044,0.313822840218021,0.463,-34293.307102319,70672.7562988907,25,2.99000000000001,TRUE,"",4,432,4100432,4300432
"RDMM",3.6231496348923,0.91768168959215,0.021,0.511058252948377,0.264,-31205.9918790885,64491.2180971506,107,4.39,TRUE,"",4,432,4100432,4300432
"DGMM",NA,0.817032876099465,0.048,0.36324169361369,0.491,-33629.4012678382,69344.9446299291,27,3.18000000000001,TRUE,"",4,433,4100433,4300433
"RDMM",4.00166212946769,0.898602502627615,0.026,0.712241620399452,0.119,-30704.5618595454,63488.3580580644,206,8.31999999999999,TRUE,"",4,433,4100433,4300433
"DGMM",NA,0.902402351941144,0.025,0.391249559760373,0.484,-32970.2086882266,68026.5594707058,19,2.30000000000001,TRUE,"",4,434,4100434,4300434
"RDMM",3.94220028095182,0.936960944142815,0.016,0.746387888302199,0.105,-30442.020228118,62963.2747952097,300,12,TRUE,"",4,434,4100434,4300434
"DGMM",NA,0.550117385332646,0.129,0.243770930222478,0.533,-34064.7857713258,70215.7136369042,12,1.5,TRUE,"",4,435,4100435,4300435
"RDMM",3.93708954357741,0.929225221916543,0.018,0.709852474866501,0.121,-30860.5760819521,63800.3865028778,300,11.94,TRUE,"",4,435,4100435,4300435
"DGMM",NA,0.470110627139374,0.157,0.189988545608564,0.566,-34333.6784936074,70753.4990814675,22,2.64000000000001,TRUE,"",4,436,4100436,4300436
"RDMM",3.87432737537927,0.925369299655092,0.019,0.74427219063958,0.106,-31321.0366521932,64721.3076433599,148,5.95999999999998,TRUE,"",4,436,4100436,4300436
"DGMM",NA,0.83523114207783,0.043,0.316722089138442,0.464,-33876.0939013771,69838.3298970068,13,1.59999999999999,TRUE,"",4,437,4100437,4300437
"RDMM",3.89712325046419,0.936960938221442,0.016,0.761914502532737,0.097,-30795.5503673323,63670.3350736383,118,5.24000000000001,TRUE,"",4,437,4100437,4300437
"DGMM",NA,0.917681639801309,0.021,0.374513202214761,0.431,-33694.5959370372,69475.333968327,23,2.74000000000001,TRUE,"",4,438,4100438,4300438
"RDMM",3.93329643583134,0.956440397663732,0.011,0.761275233528937,0.098,-30796.8345409808,63672.9034209353,100,4.25,TRUE,"",4,438,4100438,4300438
"DGMM",NA,0.777702078711471,0.059,0.305865257143766,0.413,-33808.0681950226,69702.2784842977,11,1.38,TRUE,"",4,439,4100439,4300439
"RDMM",4.0338776295162,0.902402385419261,0.025,0.753285118931081,0.1,-30719.2387546368,63517.7118482472,146,5.95000000000002,TRUE,"",4,439,4100439,4300439
"DGMM",NA,0.92152147367955,0.02,0.384869294585306,0.443,-33367.7825542124,68821.7072026774,16,1.99000000000001,TRUE,"",4,440,4100440,4300440
"RDMM",4.03256588541319,0.944728716598743,0.014,0.752175097349882,0.102,-30499.9466067133,63079.1275524003,138,5.50999999999999,TRUE,"",4,440,4100440,4300440
"DGMM",NA,0.910026018308826,0.023,0.389339314435457,0.476,-33361.2323909104,68808.6068760733,21,2.54999999999998,TRUE,"",4,441,4100441,4300441
"RDMM",4.04415351694155,0.940840800044508,0.015,0.73404500840092,0.111,-30523.4282509878,63126.0908409493,261,10.39,TRUE,"",4,441,4100441,4300441
"DGMM",NA,0.853629968365329,0.038,0.290025525573132,0.5,-33252.3549632557,68590.8520207639,14,1.77000000000001,TRUE,"",4,442,4100442,4300442
"RDMM",4.02812449310792,0.913849869626723,0.022,0.736625945345072,0.109,-30569.6519289177,63218.5381968091,106,4.28,TRUE,"",4,442,4100442,4300442
"DGMM",NA,0.8684924366216,0.034,0.350516400964365,0.501,-33751.8963882782,69589.9348708089,22,2.71000000000001,TRUE,"",4,443,4100443,4300443
"RDMM",3.82830445695724,0.925369343877118,0.019,0.742224000733687,0.106,-30869.880837829,63818.9960146316,104,4.18000000000001,TRUE,"",4,443,4100443,4300443
"DGMM",NA,0.77417591740763,0.06,0.32612963966123,0.412,-33517.5416821012,69121.225458455,19,2.31,TRUE,"",4,444,4100444,4300444
"RDMM",3.91174246215043,0.933089037437632,0.017,0.719085477701867,0.117,-30879.801324442,63838.8369878575,100,4.04999999999998,TRUE,"",4,444,4100444,4300444
"DGMM",NA,0.902402432059516,0.025,0.365780727652248,0.482,-33929.5146636219,69945.1714214964,21,2.54000000000002,TRUE,"",4,445,4100445,4300445
"RDMM",3.99290046165367,0.910026008500048,0.023,0.749210929316901,0.102,-31124.8949196236,64329.0241782208,168,6.70000000000002,TRUE,"",4,445,4100445,4300445
"DGMM",NA,0.77065463314493,0.061,0.340696451854299,0.458,-32887.6438818602,67861.4298579729,25,3.15000000000001,TRUE,"",4,446,4100446,4300446
"RDMM",3.99665057943117,0.921521522653875,0.02,0.772300616891384,0.092,-30341.2697373467,62761.773813667,100,4.06999999999999,TRUE,"",4,446,4100446,4300446
"DGMM",NA,0.883483424596672,0.03,0.35662431499928,0.465,-34007.3817246597,70100.905543572,19,2.31999999999999,TRUE,"",4,447,4100447,4300447
"RDMM",3.81132395529451,0.925369352458291,0.019,0.773990642927307,0.092,-31132.9437818505,64345.1219026746,106,4.34999999999999,TRUE,"",4,447,4100447,4300447
"DGMM",NA,0.898602521242485,0.026,0.346077076472033,0.424,-33003.9850843281,68094.1122629088,18,2.15999999999997,TRUE,"",4,448,4100448,4300448
"RDMM",4.06903896780873,0.936960915254512,0.016,0.775319703892682,0.091,-30237.4560659912,62554.1464709561,100,4.14000000000004,TRUE,"",4,448,4100448,4300448
"DGMM",NA,0.906210172913849,0.024,0.3874319438696,0.396,-33004.8781671085,68095.8984284696,16,1.94,TRUE,"",4,449,4100449,4300449
"RDMM",4.36877589113161,0.933089026585989,0.017,0.764089273129383,0.096,-30585.0281081541,63249.2905552817,100,3.73000000000002,TRUE,"",4,449,4100449,4300449
"DGMM",NA,0.760141224599514,0.064,0.271452923839279,0.508,-34738.4081798263,71562.9584539051,12,0.599999999999966,TRUE,"",4,450,4100450,4300450
"RDMM",3.73887967460168,0.913849839561563,0.022,0.726746251689359,0.113,-31427.0157034803,64933.2657459342,142,2.94,TRUE,"",4,450,4100450,4300450
"DGMM",NA,0.921521449096114,0.02,0.356625084878153,0.469,-33629.6938108561,69345.5297159648,15,1.85000000000002,TRUE,"",4,451,4100451,4300451
"RDMM",3.90519958526775,0.948624581259285,0.013,0.771500912468565,0.093,-30889.2523672389,63857.7390734514,119,4.87,TRUE,"",4,451,4100451,4300451
"DGMM",NA,0.917681622523367,0.021,0.398395809989533,0.354,-33479.8127805511,69045.7676553547,16,1.94999999999999,TRUE,"",4,452,4100452,4300452
"RDMM",3.91704602032643,0.936960916973621,0.016,0.750043474705309,0.103,-30734.4104662576,63548.0552714888,100,3.95000000000005,TRUE,"",4,452,4100452,4300452
"DGMM",NA,0.906210154725772,0.024,0.312309190481457,0.449,-33989.7341782375,70065.6104507276,16,2.00999999999999,TRUE,"",4,453,4100453,4300453
"RDMM",3.73353579359053,0.929225156559796,0.018,0.740309786071699,0.107,-30969.9721863671,64019.1787117079,107,4.26000000000005,TRUE,"",4,453,4100453,4300453
"DGMM",NA,0.795455076089907,0.054,0.330540911657639,0.46,-32619.3470174111,67324.8361290748,14,1.77999999999997,TRUE,"",4,454,4100454,4300454
"RDMM",4.18357002124514,0.944728681508683,0.014,0.809648190637802,0.077,-30237.3520345761,62553.9384081258,145,5.81,TRUE,"",4,454,4100454,4300454
"DGMM",NA,0.328767256981347,0.213,0.139005802992497,0.564,-32709.23354421,67504.6091826726,24,2.88999999999999,TRUE,"",4,455,4100455,4300455
"RDMM",3.94045179409459,0.944728691844306,0.014,0.76296005778402,0.098,-30425.1451314127,62929.524601799,100,4.17000000000002,TRUE,"",4,455,4100455,4300455
"DGMM",NA,0.464634564601738,0.159,0.191033262561528,0.506,-33692.6417414971,69471.4255772468,36,4.35000000000002,TRUE,"",4,456,4100456,4300456
"RDMM",3.99167089355359,0.933089050293113,0.017,0.772983274857591,0.092,-30802.4400915503,63684.1145220743,100,4.01999999999998,TRUE,"",4,456,4100456,4300456
"DGMM",NA,0.824288387165586,0.046,0.299992642511292,0.451,-33982.0020065138,70050.1461072803,14,2.04000000000002,TRUE,"",4,457,4100457,4300457
"RDMM",3.66505545473313,0.917681641844255,0.021,0.788033131596237,0.085,-30968.1661155131,64015.5665699999,215,8.12,TRUE,"",4,457,4100457,4300457
"DGMM",NA,0.902402378828787,0.025,0.644159304104949,0.155,-32122.1150368987,66330.37216805,16,1.78000000000003,TRUE,"",4,458,4100458,4300458
"RDMM",4.27388018106597,0.948624587703552,0.013,0.77480667815915,0.092,-29715.8975842614,61511.0295074964,100,3.45999999999998,TRUE,"",4,458,4100458,4300458
"DGMM",NA,0.868489812236379,0.034,0.303546633738328,0.481,-33998.5814927065,70083.3050796656,29,1.55,TRUE,"",4,459,4100459,4300459
"RDMM",3.87158635773821,0.91384893643679,0.022,0.728328628018914,0.111,-30979.4381714773,64038.1106819282,115,3.09,TRUE,"",4,459,4100459,4300459
"DGMM",NA,0.864764679025115,0.035,0.355430726637428,0.472,-33803.5760173154,69693.2941288834,18,2.18,TRUE,"",4,460,4100460,4300460
"RDMM",3.91289014339954,0.894810740700448,0.027,0.687445745925355,0.133,-30918.2092125474,63915.6527640685,300,12.27,TRUE,"",4,460,4100460,4300460
"DGMM",NA,0.774172776830937,0.06,0.30316342279114,0.478,-33334.4040468047,68754.9501878621,12,1.6,TRUE,"",4,461,4100461,4300461
"RDMM",4.13667857036841,0.944728567920258,0.014,0.784497558435534,0.088,-30417.2575346297,62913.7494082329,201,7.97,TRUE,"",4,461,4100461,4300461
"DGMM",NA,0.933089025491814,0.017,0.382001383821979,0.441,-33331.2348037817,68748.6117018161,17,2.11,TRUE,"",4,462,4100462,4300462
"RDMM",4.33462590355076,0.933089033764637,0.017,0.71413815068093,0.119,-30395.3752112173,62869.9847614082,171,6.97,TRUE,"",4,462,4100462,4300462
"DGMM",NA,0.868492414694897,0.034,0.311752640438675,0.454,-33748.8665178873,69583.8751300271,24,2.9,TRUE,"",4,463,4100463,4300463
"RDMM",3.7674121977487,0.90240241741403,0.025,0.791253432798815,0.084,-30849.8284374934,63778.8912139605,100,4.06,TRUE,"",4,463,4100463,4300463
"DGMM",NA,0.280328807460501,0.235,0.122242931017858,0.596,-33231.3596337421,68548.8613617368,31,3.72000000000001,TRUE,"",4,464,4100464,4300464
"RDMM",3.8331388001762,0.91768160478615,0.021,0.734015771228255,0.11,-30795.8152446424,63670.8648282583,134,5.36,TRUE,"",4,464,4100464,4300464
"DGMM",NA,0.88348347559119,0.03,0.376744378402235,0.493,-33018.5153232471,68123.1727407469,15,1.83,TRUE,"",4,465,4100465,4300465
"RDMM",4.19240671860651,0.929225220431267,0.018,0.770671518701978,0.093,-30686.0055417883,63451.2454225503,122,4.97,TRUE,"",4,465,4100465,4300465
"DGMM",NA,0.756657175394766,0.065,0.267093764988457,0.474,-33785.0669658772,69656.2760260069,11,1.39,TRUE,"",4,466,4100466,4300466
"RDMM",3.86617716722502,0.933089026585989,0.017,0.734325226894385,0.11,-30534.8566184567,63148.947575887,167,6.81,TRUE,"",4,466,4100466,4300466
"DGMM",NA,0.910025965658738,0.023,0.403364657898062,0.396,-33538.0698926475,69162.2818795476,16,1.98,TRUE,"",4,467,4100467,4300467
"RDMM",4.13277247533479,0.933089032610389,0.017,0.762092496366846,0.097,-30926.8383728024,63932.9110845785,126,5.03,TRUE,"",4,467,4100467,4300467
"DGMM",NA,0.879723609403901,0.031,0.34263201091992,0.447,-33787.4587627875,69661.0596198275,15,1.90000000000001,TRUE,"",4,468,4100468,4300468
"RDMM",3.82671090584656,0.910025944679464,0.023,0.676860864188684,0.137,-31119.4109229913,64318.0561849562,192,7.66999999999999,TRUE,"",4,468,4100468,4300468
"DGMM",NA,0.366620537758582,0.197,0.213475296686897,0.513,-33507.8632828628,69101.8686599782,11,1.36,TRUE,"",4,469,4100469,4300469
"RDMM",4.20594187854842,0.921521464620709,0.02,0.68679923460079,0.134,-30650.1155803211,63379.4654996157,166,6.67,TRUE,"",4,469,4100469,4300469
"DGMM",NA,-0.000317165877767734,0.489,0.000594736704576142,0.718,-32150.9932561731,66388.1286065989,36,4.45,TRUE,"",4,470,4100470,4300470
"RDMM",3.76415508629205,0.936960916973621,0.016,0.755410019900921,0.1,-31007.8358793569,64094.9060976874,252,10.06,TRUE,"",4,470,4100470,4300470
"DGMM",NA,0.93696095588247,0.016,0.425793581439168,0.359,-32964.792248732,68015.7265917166,19,2.3,TRUE,"",4,471,4100471,4300471
"RDMM",4.38430694761088,0.952528526987372,0.012,0.762225942184599,0.098,-30689.1056627818,63457.4456645373,111,4.57000000000001,TRUE,"",4,471,4100471,4300471
"DGMM",NA,0.925369381709881,0.019,0.347909129474788,0.465,-33134.448662804,68355.0394198606,22,2.61,TRUE,"",4,472,4100472,4300472
"RDMM",3.91403960366803,0.94862460102697,0.013,0.802510292483607,0.079,-30144.2636218601,62367.7615826939,100,4.02000000000001,TRUE,"",4,472,4100472,4300472
"DGMM",NA,0.902402158069286,0.025,0.366608149935746,0.437,-33054.6521910784,68195.4464764095,16,1.98,TRUE,"",4,473,4100473,4300473
"RDMM",4.15606591572311,0.929225169740083,0.018,0.536755515114704,0.231,-30641.8296241324,63362.8935872384,104,4.27999999999999,TRUE,"",4,473,4100473,4300473
"DGMM",NA,0.842567081078284,0.041,0.3005117376993,0.458,-33247.7513177729,68581.6447297984,13,1.59999999999999,TRUE,"",4,474,4100474,4300474
"RDMM",4.16056952500499,0.910025977342736,0.023,0.76432224015601,0.096,-30508.3305019375,63095.8953428486,100,4.02000000000001,TRUE,"",4,474,4100474,4300474
"DGMM",NA,0.000319456374106697,0.484,-0.000448419720455525,0.732,-31921.9062915289,65929.9546773104,26,3.14000000000001,TRUE,"",4,475,4100475,4300475
"RDMM",3.82413971094562,0.936960901838179,0.016,0.716902268823461,0.118,-30718.8535514872,63516.9414419481,157,6.32999999999998,TRUE,"",4,475,4100475,4300475
"DGMM",NA,0.894810777207631,0.027,0.341968896591774,0.428,-33458.8556561373,69003.8534065271,16,2,TRUE,"",4,476,4100476,4300476
"RDMM",3.77206538278785,0.933089029714043,0.017,0.735532749554928,0.109,-30902.8843883516,63885.0031156768,164,6.75999999999999,TRUE,"",4,476,4100476,4300476
"DGMM",NA,0.633255211464015,0.102,0.435397916189887,0.268,-33133.5341890401,68353.2104723328,18,2.28,TRUE,"",4,477,4100477,4300477
"RDMM",3.98230170294056,0.906210189626845,0.024,0.723938545261042,0.115,-30764.079097653,63607.3925342797,100,4.02000000000001,TRUE,"",4,477,4100477,4300477
"DGMM",NA,0.453724731362009,0.163,0.235816453291649,0.515,-33901.1328687728,69888.4078317983,12,1.50999999999999,TRUE,"",4,478,4100478,4300478
"RDMM",3.93972239974688,0.925369376368788,0.019,0.734145868727376,0.111,-31055.9646893831,64191.1637177398,166,6.61000000000001,TRUE,"",4,478,4100478,4300478
"DGMM",NA,0.875972009272794,0.032,0.406754670051615,0.355,-32642.3900228126,67370.9221398777,17,2.10000000000002,TRUE,"",4,479,4100479,4300479
"RDMM",4.15214720995679,0.940840825049269,0.015,0.748971462316789,0.104,-30177.3070812538,62433.8485014812,100,4.02999999999997,TRUE,"",4,479,4100479,4300479
"DGMM",NA,0.760143923895922,0.064,0.275233583752337,0.489,-34134.3475023607,70354.837098974,14,1.78,TRUE,"",4,480,4100480,4300480
"RDMM",3.70750147912657,0.910025607348009,0.023,0.725821096560168,0.115,-30785.1462859603,63649.5269108941,165,7.12,TRUE,"",4,480,4100480,4300480
"DGMM",NA,0.324269620845194,0.215,0.134102933938205,0.581,-32463.0025141073,67012.1471224672,38,4.53,TRUE,"",4,481,4100481,4300481
"RDMM",4.17380644111806,0.92922521778069,0.018,0.677655844934467,0.143,-30326.9200941984,62733.0745273704,127,5.28,TRUE,"",4,481,4100481,4300481
"DGMM",NA,0.0571625738548359,0.38,0.0444374302666229,0.637,-34106.6087547042,70299.359603661,25,3.08000000000001,TRUE,"",4,482,4100482,4300482
"RDMM",3.66286844439124,0.952528487259748,0.012,0.757471604304198,0.1,-30870.5950036713,63820.4243463161,186,7.41999999999999,TRUE,"",4,482,4100482,4300482
"DGMM",NA,0.879723662531812,0.031,0.300762792997208,0.487,-34317.5674608013,70721.2770158552,12,1.5,TRUE,"",4,483,4100483,4300483
"RDMM",3.68204437410547,0.933089067714085,0.017,0.768102355188301,0.095,-31099.3530924039,64277.9405237814,213,8.5,TRUE,"",4,483,4100483,4300483
"DGMM",NA,0.906210329352669,0.024,0.403393968344602,0.391,-32815.2679772774,67716.6780488074,18,2.23000000000002,TRUE,"",4,484,4100484,4300484
"RDMM",4.0430379501674,0.929225202854171,0.018,0.772626372824661,0.092,-30250.6852049396,62580.6047488529,112,4.48999999999998,TRUE,"",4,484,4100484,4300484
"DGMM",NA,0.276084674657814,0.237,0.108216969062331,0.596,-33354.8030203152,68795.748134883,21,2.63,TRUE,"",4,485,4100485,4300485
"RDMM",4.00449964401733,0.917681665646944,0.021,0.742825479519759,0.106,-30593.9801011477,63267.1945412689,166,6.66999999999999,TRUE,"",4,485,4100485,4300485
"DGMM",NA,0.872228175898677,0.033,0.31603795032077,0.447,-33879.4848119221,69845.1117180967,17,2.05000000000001,TRUE,"",4,486,4100486,4300486
"RDMM",3.81539190570772,0.95252848285774,0.012,0.773583924347221,0.093,-30920.4549541797,63920.144247333,208,8.25,TRUE,"",4,486,4100486,4300486
"DGMM",NA,0.371561269618857,0.195,0.152152924957792,0.556,-33532.8833511596,69151.9087965719,30,3.75,TRUE,"",4,487,4100487,4300487
"RDMM",4.03713845932019,0.940840784611426,0.015,0.754073423869172,0.101,-30942.2081982562,63963.6507354861,151,6.13,TRUE,"",4,487,4100487,4300487
"DGMM",NA,0.898602597394154,0.026,0.303151034195451,0.48,-34071.6600772787,70229.46224881,12,1.48000000000002,TRUE,"",4,488,4100488,4300488
"RDMM",3.78223798952814,0.964288288154316,0.009,0.780728658668677,0.089,-30746.7898018858,63572.8139427453,100,4.07999999999998,TRUE,"",4,488,4100488,4300488
"DGMM",NA,0.388668033522858,0.188,0.187781495151419,0.5,-32720.8625445907,67527.8671834341,21,2.56,TRUE,"",4,489,4100489,4300489
"RDMM",3.94637619721396,0.92922517799478,0.018,0.743160543942108,0.107,-30414.0245090833,62907.2833571402,100,4.05000000000001,TRUE,"",4,489,4100489,4300489
"DGMM",NA,0.440115662465562,0.168,0.198606503411461,0.551,-32568.3404985852,67222.8230914231,21,2.58999999999997,TRUE,"",4,490,4100490,4300490
"RDMM",4.38670321833133,0.913846318345262,0.022,0.746650956446227,0.106,-30565.0420909587,63209.3185208911,156,4.36000000000001,TRUE,"",4,490,4100490,4300490
"DGMM",NA,0.8834834582655,0.03,0.350746593231172,0.389,-33290.0342436027,68666.2105814581,28,1.44,TRUE,"",4,491,4100491,4300491
"RDMM",4.11946656199781,0.929225218730405,0.018,0.75237626659257,0.101,-30701.4770138878,63482.1883667493,232,8.69999999999999,TRUE,"",4,491,4100491,4300491
"DGMM",NA,0.842566827419506,0.041,0.313867307228101,0.463,-33698.4592950124,69483.0606842775,15,1.85000000000002,TRUE,"",4,492,4100492,4300492
"RDMM",3.76052423774282,0.875971973236609,0.032,0.705671831907203,0.123,-30841.1669153383,63761.5681696502,160,6.47000000000003,TRUE,"",4,492,4100492,4300492
"DGMM",NA,0.000264145665863008,0.486,-0.000350309412604958,0.729,-32374.8361488623,66835.8143919772,23,2.75999999999999,TRUE,"",4,493,4100493,4300493
"RDMM",3.67413807887769,0.91768163397337,0.021,0.564844010432353,0.232,-31014.1528710706,64107.5400811148,129,5.24000000000001,TRUE,"",4,493,4100493,4300493
"DGMM",NA,0.917681670350468,0.021,0.654057327466403,0.149,-33054.3199427445,68194.7819797415,13,1.57999999999998,TRUE,"",4,494,4100494,4300494
"RDMM",4.25478377575039,0.925369351343169,0.019,0.764375782617831,0.096,-30689.4152792718,63458.0648975172,100,4.06,TRUE,"",4,494,4100494,4300494
"DGMM",NA,0.774174054134454,0.06,0.303894265571492,0.494,-33697.1776758632,69480.497445979,18,2.27000000000004,TRUE,"",4,495,4100495,4300495
"RDMM",3.96832881059763,0.933089087293357,0.017,0.74207368009378,0.106,-30981.5305753745,64042.2954897225,152,6.08999999999997,TRUE,"",4,495,4100495,4300495
"DGMM",NA,0.827927004172045,0.045,0.302825116250142,0.44,-33918.0016475871,69922.1453894268,29,3.47000000000003,TRUE,"",4,496,4100496,4300496
"RDMM",3.67544865523913,0.929225185398476,0.018,0.744654040818113,0.106,-31037.5745496258,64154.3834382253,100,4.33999999999997,TRUE,"",4,496,4100496,4300496
"DGMM",NA,0.83157554534426,0.044,0.292490476296083,0.451,-33369.4004611657,68824.943016584,13,1.56,TRUE,"",4,497,4100497,4300497
"RDMM",4.04173899423793,0.929225226491511,0.018,0.768307933357741,0.095,-30798.4440102747,63676.1223595231,183,6.77999999999997,TRUE,"",4,497,4100497,4300497
"DGMM",NA,0.849933897687142,0.039,0.312423683477816,0.466,-33411.6577060671,68909.4575063868,12,1.36000000000001,TRUE,"",4,498,4100498,4300498
"RDMM",4.0791086831695,0.933089072927502,0.017,0.756480923697556,0.099,-30434.8520852121,62948.9385093978,133,3.92000000000002,TRUE,"",4,498,4100498,4300498
"DGMM",NA,0.732471610571778,0.072,0.279876911348673,0.507,-33097.7094331639,68281.5609605804,17,1.32999999999998,TRUE,"",4,499,4100499,4300499
"RDMM",4.21511430074484,0.944728719469746,0.014,0.752080757833564,0.102,-30375.6267059427,62830.4877508591,100,2.60000000000002,TRUE,"",4,499,4100499,4300499
"DGMM",NA,0.574158952108057,0.121,0.223469548273084,0.511,-33568.6887538873,69223.5196020272,17,1.27999999999997,TRUE,"",4,500,4100500,4300500
"RDMM",3.90930603563431,0.952528529377877,0.012,0.796098216849335,0.082,-30941.1469488377,63961.5282366489,107,2.65000000000003,TRUE,"",4,500,4100500,4300500
"DGMM",NA,0.883481971124883,0.03,0.387390097615951,0.446,-33031.866966232,68149.8760267166,25,1.92,TRUE,"",4.5,1,4600001,4800001
"RDMM",4.18487389781211,0.921519302604229,0.02,0.743335559917089,0.105,-30641.8303905494,63362.8951200723,100,4.55,TRUE,"",4.5,1,4600001,4800001
"DGMM",NA,0.872228231288602,0.033,0.34024396391775,0.44,-33090.5587467197,68267.259587692,11,1.36,TRUE,"",4.5,2,4600002,4800002
"RDMM",4.41543891140962,0.944728729015829,0.014,0.725778042401226,0.114,-30729.8121185479,63538.8585760694,101,4.08,TRUE,"",4.5,2,4600002,4800002
"DGMM",NA,0.894810731492701,0.027,0.39906748432563,0.43,-33209.6478130139,68505.4377202803,19,2.52,TRUE,"",4.5,3,4600003,4800003
"RDMM",4.30512868638721,0.906210221997262,0.024,0.763703340324089,0.096,-30633.6258232611,63346.4859854957,190,7.63,TRUE,"",4.5,3,4600003,4800003
"DGMM",NA,0.933089023380699,0.017,0.34752122593533,0.49,-32839.1813309385,67764.5047561297,17,2.05,TRUE,"",4.5,4,4600004,4800004
"RDMM",4.51804421240527,0.9603603209584,0.01,0.763709705272036,0.097,-30443.0467557725,62965.3278505186,100,4.2,TRUE,"",4.5,4,4600004,4800004
"DGMM",NA,0.925369302067204,0.019,0.686950814602064,0.133,-32009.8803176319,66105.9027295164,36,4.28,TRUE,"",4.5,5,4600005,4800005
"RDMM",4.71487742125061,0.956440396968175,0.011,0.755031262112376,0.101,-29996.0323122927,62071.298963559,100,4.05,TRUE,"",4.5,5,4600005,4800005
"DGMM",NA,0.809810004878231,0.05,0.325853464645973,0.496,-32935.572026479,67957.2861472105,13,1.67,TRUE,"",4.5,6,4600006,4800006
"RDMM",4.78156686186306,0.929225220431267,0.018,0.737566597530531,0.108,-30155.8595694982,62390.95347797,144,5.7,TRUE,"",4.5,6,4600006,4800006
"DGMM",NA,0.902402361103974,0.025,0.37104355565457,0.462,-32685.7579918476,67457.6580779479,21,2.66999999999999,TRUE,"",4.5,7,4600007,4800007
"RDMM",4.75222410965589,0.95252848285774,0.012,0.788661956951719,0.085,-30323.066998796,62725.3683365657,200,7.96,TRUE,"",4.5,7,4600007,4800007
"DGMM",NA,0.774177218917506,0.06,0.349195895043802,0.423,-32484.8438270681,67055.8297483887,14,1.73,TRUE,"",4.5,8,4600008,4800008
"RDMM",4.63674934583659,0.956440407594271,0.011,0.784472215328885,0.088,-30099.3412348704,62277.9168087144,100,4.08,TRUE,"",4.5,8,4600008,4800008
"DGMM",NA,0.913849822618825,0.022,0.40843083327328,0.447,-32508.5249765001,67103.1920472527,18,2.17,TRUE,"",4.5,9,4600009,4800009
"RDMM",4.46147116363891,0.925369374315625,0.019,0.751006118534466,0.102,-30457.6531141067,62994.540567187,100,4,TRUE,"",4.5,9,4600009,4800009
"DGMM",NA,0.910026027488688,0.023,0.355804005835662,0.486,-32250.1007720274,66586.3436383074,13,1.64,TRUE,"",4.5,10,4600010,4800010
"RDMM",4.46377613339439,0.960360342209705,0.01,0.754381655649257,0.101,-30002.4106599154,62084.0556588045,190,7.75,TRUE,"",4.5,10,4600010,4800010
"DGMM",NA,0.894810788135497,0.027,0.412607781245112,0.394,-32640.381192793,67366.9044798387,21,2.55,TRUE,"",4.5,11,4600011,4800011
"RDMM",4.27120609758498,0.952528481341696,0.012,0.753916043786122,0.101,-30482.834659262,63044.9036574976,163,6.55,TRUE,"",4.5,11,4600011,4800011
"DGMM",NA,0.944727690331657,0.014,0.44508664429558,0.385,-32859.4908355379,67805.1237653285,20,2.42,TRUE,"",4.5,12,4600012,4800012
"RDMM",4.44175131720609,0.952528277585835,0.012,0.729143237678859,0.115,-30462.7803199045,63004.7949787827,193,7.86999999999999,TRUE,"",4.5,12,4600012,4800012
"DGMM",NA,0.715436678860496,0.077,0.319513498493894,0.487,-32174.8131204088,66435.7683350702,16,1.99000000000001,TRUE,"",4.5,13,4600013,4800013
"RDMM",4.58620575302159,0.944728724984907,0.014,0.782254579307404,0.089,-30038.1347055091,62155.5037499917,100,4.06,TRUE,"",4.5,13,4600013,4800013
"DGMM",NA,0.57719624780011,0.12,0.383579367763344,0.297,-32930.7104888019,67947.5630718563,24,2.95,TRUE,"",4.5,14,4600014,4800014
"RDMM",4.71318684141083,0.933089063350261,0.017,0.769726601180718,0.095,-30621.446805825,63322.1279506237,100,4.06,TRUE,"",4.5,14,4600014,4800014
"DGMM",NA,0.879723674841931,0.031,0.343527772756744,0.464,-32684.8586584174,67455.8594110873,15,1.78999999999999,TRUE,"",4.5,15,4600015,4800015
"RDMM",4.36933005868851,0.936960938221442,0.016,0.747450830782839,0.104,-30171.7225681702,62422.679475314,133,5.41000000000001,TRUE,"",4.5,15,4600015,4800015
"DGMM",NA,0.681957938837212,0.087,0.497557104640069,0.237,-32358.7701417996,66803.6823778518,6,0.810000000000002,TRUE,"",4.5,16,4600016,4800016
"RDMM",5.21120149234701,0.956440441732386,0.011,0.771638014005831,0.093,-30008.5108472703,62096.2560335142,100,4.06,TRUE,"",4.5,16,4600016,4800016
"DGMM",NA,0.9525285026759,0.012,0.427186645203981,0.381,-31920.7732541088,65927.6886024703,20,2.42,TRUE,"",4.5,17,4600017,4800017
"RDMM",4.89527592519895,0.96822421311812,0.008,0.771202002802765,0.094,-30067.7183847031,62214.6711083798,100,4.01000000000001,TRUE,"",4.5,17,4600017,4800017
"DGMM",NA,0.435033858240046,0.17,0.184106207360376,0.561,-32430.4865351304,66947.1151645133,21,2.53999999999999,TRUE,"",4.5,18,4600018,4800018
"RDMM",4.47233236856892,0.925369369548842,0.019,0.678662577917796,0.144,-30231.9424033838,62543.1191457413,100,4.00999999999999,TRUE,"",4.5,18,4600018,4800018
"DGMM",NA,0.824270952828844,0.046,0.33295500242033,0.487,-33133.1171029817,68352.3763002161,23,2.91999999999999,TRUE,"",4.5,19,4600019,4800019
"RDMM",4.29894284654963,0.929223642077409,0.018,0.76660451479149,0.096,-30685.0565910999,63449.3475211734,115,4.63,TRUE,"",4.5,19,4600019,4800019
"DGMM",NA,0.784781184042644,0.057,0.361128839714682,0.387,-32735.6362417344,67557.4145777213,12,1.50999999999999,TRUE,"",4.5,20,4600020,4800020
"RDMM",4.28960652505142,0.913849814037651,0.022,0.786345050215198,0.086,-30407.3781677227,62893.990674419,105,4.29000000000002,TRUE,"",4.5,20,4600020,4800020
"DGMM",NA,0.838895591430883,0.042,0.385267168399305,0.382,-32301.4311369868,66689.0043682263,14,1.73000000000002,TRUE,"",4.5,21,4600021,4800021
"RDMM",4.74615556263112,0.948624587703552,0.013,0.792732587256843,0.084,-30286.9622990311,62653.1589370358,136,5.48000000000002,TRUE,"",4.5,21,4600021,4800021
"DGMM",NA,0.678653802947698,0.088,0.310949647100625,0.448,-33015.0789317787,68116.2999578101,12,1.45000000000002,TRUE,"",4.5,22,4600022,4800022
"RDMM",4.65133950684778,0.92922522880963,0.018,0.747835444378438,0.104,-30842.6485190837,63764.5313771411,101,4.15000000000001,TRUE,"",4.5,22,4600022,4800022
"DGMM",NA,0.913849154980965,0.022,0.340072702523738,0.49,-32363.7766440814,66813.6953824154,15,1.88999999999999,TRUE,"",4.5,23,4600023,4800023
"RDMM",4.43557954942779,0.948624308216573,0.013,0.757684900566912,0.099,-30068.3810360488,62215.9964110713,126,5.08000000000001,TRUE,"",4.5,23,4600023,4800023
"DGMM",NA,0.929225159909332,0.018,0.36716852312307,0.452,-32905.8185762805,67897.7792468136,13,1.59,TRUE,"",4.5,24,4600024,4800024
"RDMM",4.35726785447489,0.933089032610389,0.017,0.747229345696052,0.104,-30561.7870100913,63202.8083591563,189,7.48999999999998,TRUE,"",4.5,24,4600024,4800024
"DGMM",NA,0.872228114846797,0.033,0.345731835937891,0.492,-32693.9484098739,67474.0389140003,14,1.75,TRUE,"",4.5,25,4600025,4800025
"RDMM",4.70540351245916,0.913849787386692,0.022,0.741293682494139,0.107,-30409.736977392,62898.7082937576,111,4.48999999999998,TRUE,"",4.5,25,4600025,4800025
"DGMM",NA,0.929225157135072,0.018,0.742531506496193,0.106,-32309.0197552928,66704.1816048382,19,2.31,TRUE,"",4.5,26,4600026,4800026
"RDMM",4.46172357290537,0.948624573352206,0.013,0.799449949026742,0.081,-30166.8286325552,62412.891604084,101,4.06999999999999,TRUE,"",4.5,26,4600026,4800026
"DGMM",NA,0.872228343748029,0.033,0.373354738538587,0.491,-32984.0775081749,68054.2971106024,13,1.62,TRUE,"",4.5,27,4600027,4800027
"RDMM",4.3222813194299,0.940840784611426,0.015,0.72635580838843,0.114,-30474.4146027498,63028.0635444733,102,4.22,TRUE,"",4.5,27,4600027,4800027
"DGMM",NA,0.948624629442991,0.013,0.429935036923358,0.378,-32285.0245566554,66656.1912075634,19,2.39000000000001,TRUE,"",4.5,28,4600028,4800028
"RDMM",4.98107917656626,0.952528532162613,0.012,0.758786470489051,0.099,-30370.5588132804,62820.3519655344,159,6.35999999999999,TRUE,"",4.5,28,4600028,4800028
"DGMM",NA,0.861045180125703,0.036,0.337943510974766,0.496,-32745.6202043658,67577.3825029841,25,3,TRUE,"",4.5,29,4600029,4800029
"RDMM",4.68162695290176,0.956440411214517,0.011,0.762947093994388,0.098,-30385.5276752233,62850.2896894201,100,4.01999999999998,TRUE,"",4.5,29,4600029,4800029
"DGMM",NA,0.944728675104742,0.014,0.426973037362734,0.479,-31597.2641893654,65280.6704729834,20,2.45999999999998,TRUE,"",4.5,30,4600030,4800030
"RDMM",4.68675102721575,0.960360323778139,0.01,0.788121654828135,0.086,-29607.2349210887,61293.7041811509,100,4.14000000000001,TRUE,"",4.5,30,4600030,4800030
"DGMM",NA,0.944728691440238,0.014,0.723501160798906,0.115,-31619.2557678715,65324.6536299956,21,2.53,TRUE,"",4.5,31,4600031,4800031
"RDMM",5.11171326486093,0.948624594836391,0.013,0.795795157705281,0.082,-29934.9641935757,61949.162726125,100,4.13,TRUE,"",4.5,31,4600031,4800031
"DGMM",NA,0.879723983511946,0.031,0.355366346946722,0.476,-32335.9250059713,66757.9921061952,14,1.70999999999998,TRUE,"",4.5,32,4600032,4800032
"RDMM",4.7267754679083,0.956440427930214,0.011,0.792385745132149,0.084,-30323.5534493122,62726.341237598,115,4.58000000000001,TRUE,"",4.5,32,4600032,4800032
"DGMM",NA,0.864764664351409,0.035,0.381858483793273,0.456,-32477.3531525322,67040.8483993169,17,2.12,TRUE,"",4.5,33,4600033,4800033
"RDMM",4.48130884277695,0.933089023380699,0.017,0.793839207000954,0.083,-30334.0246672149,62747.2836734035,187,7.45000000000002,TRUE,"",4.5,33,4600033,4800033
"DGMM",NA,0.71543196901469,0.077,0.541441293637729,0.204,-32967.9063943531,68021.9548829589,6,0.779999999999973,TRUE,"",4.5,34,4600034,4800034
"RDMM",4.53276722563413,0.933089036047386,0.017,0.755748747040786,0.1,-30273.6773564637,62626.589051901,120,4.84,TRUE,"",4.5,34,4600034,4800034
"DGMM",NA,0.835231922915699,0.043,0.364392766023716,0.448,-32605.7651966052,67297.6724874631,24,2.87,TRUE,"",4.5,35,4600035,4800035
"RDMM",4.57023226181823,0.944728676891147,0.014,0.753625690462433,0.101,-30390.6059675564,62860.4462740864,159,6.33999999999997,TRUE,"",4.5,35,4600035,4800035
"DGMM",NA,0.940840853502545,0.015,0.397913425704447,0.489,-32753.7910134671,67593.7241211869,15,1.97999999999996,TRUE,"",4.5,36,4600036,4800036
"RDMM",4.6485424978714,0.968224078956321,0.008,0.762763565795683,0.098,-30681.8739147328,63442.9821684392,100,4.13,TRUE,"",4.5,36,4600036,4800036
"DGMM",NA,0.898602680422021,0.026,0.393136663169604,0.457,-32935.9735146549,67958.0891235624,18,2.17000000000002,TRUE,"",4.5,37,4600037,4800037
"RDMM",4.17554088693049,0.940840852364415,0.015,0.738236745803973,0.108,-30364.7015989132,62808.6375368001,169,6.86000000000001,TRUE,"",4.5,37,4600037,4800037
"DGMM",NA,0.725631377313118,0.074,0.278486196977489,0.52,-34025.0613822123,70136.2648586772,16,1.95999999999998,TRUE,"",4.5,38,4600038,4800038
"RDMM",4.07988100482607,0.940840816797814,0.015,0.743797847329132,0.106,-30786.1743474263,63651.5830338263,109,4.47000000000003,TRUE,"",4.5,38,4600038,4800038
"DGMM",NA,0.809810822423238,0.05,0.517220965533272,0.229,-32749.2691515365,67584.6803973257,14,1.74000000000001,TRUE,"",4.5,39,4600039,4800039
"RDMM",4.72781196154392,0.95252848247188,0.012,0.753149566551495,0.102,-30029.7482895886,62138.7309181509,130,5.25,TRUE,"",4.5,39,4600039,4800039
"DGMM",NA,0.887251104174418,0.029,0.415903161276363,0.49,-32757.9434162042,67602.0289266609,16,1.94999999999999,TRUE,"",4.5,40,4600040,4800040
"RDMM",4.49473141013223,0.917681453306837,0.021,0.593610062009058,0.184,-30580.2074358116,63239.6492105969,116,4.63999999999999,TRUE,"",4.5,40,4600040,4800040
"DGMM",NA,0.929224176602599,0.018,0.425290461968173,0.422,-32950.892902154,67987.9278985606,18,2.18000000000001,TRUE,"",4.5,41,4600041,4800041
"RDMM",4.33321164982011,0.936960142728184,0.016,0.770744793152628,0.094,-30464.4400887723,63008.1145165183,210,8.38,TRUE,"",4.5,41,4600041,4800041
"DGMM",NA,0.827928914835648,0.045,0.386371922298963,0.365,-32125.0168618255,66336.1758179036,12,1.51999999999998,TRUE,"",4.5,42,4600042,4800042
"RDMM",4.57404006087924,0.968224194422497,0.008,0.769505838388008,0.095,-29851.9698491493,61783.1740372722,219,8.25999999999999,TRUE,"",4.5,42,4600042,4800042
"DGMM",NA,0.925369134468133,0.019,0.378698402792718,0.449,-32612.0275122247,67310.197118702,14,0.99,TRUE,"",4.5,43,4600043,4800043
"RDMM",4.30206901191439,0.936960860215673,0.016,0.738012371228449,0.109,-30253.9425784907,62587.119495955,108,3.95,TRUE,"",4.5,43,4600043,4800043
"DGMM",NA,0.861045021767464,0.036,0.388631413023626,0.401,-33198.0392876415,68482.2206695356,13,1.62,TRUE,"",4.5,44,4600044,4800044
"RDMM",4.62613610415644,0.921521494092132,0.02,0.756815283604974,0.099,-30617.4602641518,63314.1548672772,100,4.09,TRUE,"",4.5,44,4600044,4800044
"DGMM",NA,0.906210262988029,0.024,0.373715460730063,0.489,-32440.2508226282,66966.6437395089,19,2.48,TRUE,"",4.5,45,4600045,4800045
"RDMM",4.48284918670305,0.956440412823515,0.011,0.778527517805132,0.09,-30240.0978892244,62559.4301174225,100,4.1,TRUE,"",4.5,45,4600045,4800045
"DGMM",NA,0.898601627838066,0.026,0.414117824193344,0.388,-32219.156874665,66524.4558435826,14,1.69,TRUE,"",4.5,46,4600046,4800046
"RDMM",4.67777760070339,0.925369022088894,0.019,0.786298054545805,0.087,-29852.0741481929,61783.3826353595,106,4.31,TRUE,"",4.5,46,4600046,4800046
"DGMM",NA,0.770655900689549,0.061,0.281389757137467,0.466,-33985.5386408095,70057.2193758715,13,1.65,TRUE,"",4.5,47,4600047,4800047
"RDMM",3.81516446102505,0.921521460574425,0.02,0.709770827559051,0.123,-30939.7182933744,63958.6709257225,172,6.98,TRUE,"",4.5,47,4600047,4800047
"DGMM",NA,0.864764787126522,0.035,0.357640731085305,0.406,-33209.4123090733,68504.9667123991,12,1.5,TRUE,"",4.5,48,4600048,4800048
"RDMM",4.20069540281154,0.940840850623075,0.015,0.739428542785518,0.109,-30470.3785999024,63019.9915387784,100,4.04,TRUE,"",4.5,48,4600048,4800048
"DGMM",NA,0.633165806218955,0.102,0.288927240629026,0.528,-32477.3909702656,67040.9240347838,28,3.34,TRUE,"",4.5,49,4600049,4800049
"RDMM",4.74129589973914,0.936960554799359,0.016,0.568354462321513,0.266,-30328.2993633859,62735.8330657454,100,4.06,TRUE,"",4.5,49,4600049,4800049
"DGMM",NA,0.857333333676419,0.037,0.343912335078715,0.423,-32847.0230611291,67780.1882165108,17,2.09,TRUE,"",4.5,50,4600050,4800050
"RDMM",4.11112494962733,0.940840841574935,0.015,0.796442802055509,0.082,-30189.208869614,62457.6520782016,100,4.14,TRUE,"",4.5,50,4600050,4800050
"DGMM",NA,0.263555162952861,0.243,0.110149863652157,0.571,-31563.3345782291,65212.8112507108,31,3.7,TRUE,"",4.5,51,4600051,4800051
"RDMM",4.68332930160225,0.933089061895653,0.017,0.788608731698477,0.085,-29920.7086743979,61920.6516877695,100,4.1,TRUE,"",4.5,51,4600051,4800051
"DGMM",NA,0.90621020160336,0.024,0.408237718793078,0.408,-33247.5746692354,68581.2914327233,22,2.64,TRUE,"",4.5,52,4600052,4800052
"RDMM",4.2376905527881,0.948624622441945,0.013,0.771454181677997,0.093,-30826.4594730929,63732.1532851594,113,4.58,TRUE,"",4.5,52,4600052,4800052
"DGMM",NA,0.933089060775733,0.017,0.532338859653662,0.222,-32322.3735992734,66730.8892927994,17,2.03,TRUE,"",4.5,53,4600053,4800053
"RDMM",4.64916793524957,0.956440434444416,0.011,0.799335289028822,0.081,-30181.6361950255,62442.5067290246,100,4.14,TRUE,"",4.5,53,4600053,4800053
"DGMM",NA,0.898602684006481,0.026,0.395702988603311,0.468,-32899.0762584655,67884.2946111837,18,2.33,TRUE,"",4.5,54,4600054,4800054
"RDMM",4.45539101932845,0.936960925487305,0.016,0.715230173153605,0.119,-30529.3240740098,63137.8824869932,163,6.55999999999999,TRUE,"",4.5,54,4600054,4800054
"DGMM",NA,0.267624104540037,0.241,0.127506340833002,0.537,-32551.9964905031,67190.1350752588,26,3.14,TRUE,"",4.5,55,4600055,4800055
"RDMM",4.37081802225601,0.940840846525805,0.015,0.756323685347271,0.1,-30497.0996143832,63073.4335677401,248,10.14,TRUE,"",4.5,55,4600055,4800055
"DGMM",NA,0.906210144765632,0.024,0.414573756355795,0.446,-32453.0714947091,66992.2850836708,15,1.81999999999999,TRUE,"",4.5,56,4600056,4800056
"RDMM",4.46141921608617,0.936960910351866,0.016,0.773520025371016,0.092,-30231.1323414775,62541.4990219287,155,6.18000000000001,TRUE,"",4.5,56,4600056,4800056
"DGMM",NA,0.489532589672619,0.15,0.204450870865651,0.551,-33252.8682845813,68591.8786634152,24,2.91999999999999,TRUE,"",4.5,57,4600057,4800057
"RDMM",4.35071723064982,0.936960898806238,0.016,0.718702418201834,0.117,-30657.5982027982,63394.43074457,186,7.39,TRUE,"",4.5,57,4600057,4800057
"DGMM",NA,0.940839636061036,0.015,0.371845578512383,0.486,-32437.5005351924,66961.1431646373,15,1.88000000000001,TRUE,"",4.5,58,4600058,4800058
"RDMM",4.3841716067369,0.940840008481697,0.015,0.736068044520916,0.109,-30147.3253150491,62373.8849690718,300,11.95,TRUE,"",4.5,58,4600058,4800058
"DGMM",NA,0.902402475920842,0.025,0.400727071300877,0.409,-32506.0814691167,67098.305032486,13,1.59,TRUE,"",4.5,59,4600059,4800059
"RDMM",4.60310151270027,0.952528484718547,0.012,0.746737136166487,0.105,-30515.1424533288,63109.5192456313,202,8.23999999999998,TRUE,"",4.5,59,4600059,4800059
"DGMM",NA,0.883483613802378,0.03,0.399628417220577,0.436,-32238.866772033,66563.8756383186,15,1.84999999999999,TRUE,"",4.5,60,4600060,4800060
"RDMM",4.41140021519516,0.929225180061007,0.018,0.795591168970519,0.082,-29881.4831535938,61842.2006461612,166,6.63999999999999,TRUE,"",4.5,60,4600060,4800060
"DGMM",NA,0.838894959401418,0.042,0.333330796586793,0.483,-33159.3731756064,68404.8884454654,16,1.94999999999999,TRUE,"",4.5,61,4600061,4800061
"RDMM",4.08212410009036,0.913849843870793,0.022,0.757325171797246,0.099,-30410.7555618522,62900.745462678,104,4.19999999999999,TRUE,"",4.5,61,4600061,4800061
"DGMM",NA,0.735900027709339,0.071,0.5152010932301,0.227,-32648.7636637721,67383.6694217968,6,0.819999999999993,TRUE,"",4.5,62,4600062,4800062
"RDMM",4.66589670230511,0.952528515863644,0.012,0.796893522943983,0.082,-30308.9723080424,62697.1789550585,167,6.66,TRUE,"",4.5,62,4600062,4800062
"DGMM",NA,0.910026084985387,0.023,0.418676962987682,0.44,-32306.2164318891,66698.5749580307,16,1.99000000000001,TRUE,"",4.5,63,4600063,4800063
"RDMM",4.52301054779618,0.94862460102697,0.013,0.776079435010725,0.091,-30218.4811605619,62516.1966600974,212,8.57999999999998,TRUE,"",4.5,63,4600063,4800063
"DGMM",NA,0.835231247064865,0.043,0.336291423086448,0.495,-33186.7149044066,68459.5719030657,14,1.70000000000002,TRUE,"",4.5,64,4600064,4800064
"RDMM",4.26269577201297,0.952528524172193,0.012,0.76206723860106,0.098,-30785.6651895358,63650.5647180452,187,7.44999999999999,TRUE,"",4.5,64,4600064,4800064
"DGMM",NA,0.83157606462149,0.044,0.440880464880921,0.279,-33194.5703108329,68475.2827159185,13,1.60999999999999,TRUE,"",4.5,65,4600065,4800065
"RDMM",4.45870287471649,0.948624581259285,0.013,0.81953225009842,0.072,-30576.8359852801,63232.9063095338,100,4.09,TRUE,"",4.5,65,4600065,4800065
"DGMM",NA,0.91002596605686,0.023,0.358630496207459,0.406,-32901.5682167561,67889.2785277647,12,1.47999999999999,TRUE,"",4.5,66,4600066,4800066
"RDMM",4.5961050981529,0.948624579035419,0.013,0.757071733640666,0.1,-30209.8505020531,62498.9353430798,216,8.56,TRUE,"",4.5,66,4600066,4800066
"DGMM",NA,0.806210145506988,0.051,0.356294779297318,0.495,-33052.0568634168,68190.2558210862,22,2.82999999999998,TRUE,"",4.5,67,4600067,4800067
"RDMM",4.20431458945411,0.936960953432666,0.016,0.756043237926197,0.1,-30701.4610988837,63482.156536741,103,4.15000000000001,TRUE,"",4.5,67,4600067,4800067
"DGMM",NA,0.601795480065665,0.112,0.270617981244862,0.505,-32897.4302844637,67881.0026631801,10,1.25,TRUE,"",4.5,68,4600068,4800068
"RDMM",4.61682192225739,0.929225159909332,0.018,0.778694469538543,0.09,-30366.0133568071,62811.2610525879,196,7.75,TRUE,"",4.5,68,4600068,4800068
"DGMM",NA,0.944728688148329,0.014,0.371991669330473,0.418,-32671.649435046,67429.4409643445,15,1.84999999999999,TRUE,"",4.5,69,4600069,4800069
"RDMM",4.32109510607957,0.948624589196012,0.013,0.796335380933886,0.082,-30318.9532709729,62717.1408809194,172,6.88999999999999,TRUE,"",4.5,69,4600069,4800069
"DGMM",NA,0.8948109433042,0.027,0.500627048836271,0.248,-32880.0121344082,67846.166363069,16,1.94999999999999,TRUE,"",4.5,70,4600070,4800070
"RDMM",4.58983022093939,0.921521346791413,0.02,0.736216146074766,0.109,-30303.8962603674,62687.0268597084,100,4.09999999999999,TRUE,"",4.5,70,4600070,4800070
"DGMM",NA,0.902402432059516,0.025,0.318201283326652,0.451,-32837.8072566417,67761.7566075361,12,1.47,TRUE,"",4.5,71,4600071,4800071
"RDMM",4.4131087613991,0.944728719469746,0.014,0.779994103317797,0.089,-30300.6423752887,62680.519089551,287,11.42,TRUE,"",4.5,71,4600071,4800071
"DGMM",NA,0.820656597294409,0.047,0.569941495922638,0.19,-32381.5136882533,66849.1694707591,13,1.65000000000001,TRUE,"",4.5,72,4600072,4800072
"RDMM",4.31952044350793,0.933089059321125,0.017,0.780679925802698,0.089,-29975.0703159713,62029.3749709163,103,4.09999999999999,TRUE,"",4.5,72,4600072,4800072
"DGMM",NA,0.8573333552771,0.037,0.349237162668564,0.459,-33256.4831981378,68599.1084905282,13,1.60999999999999,TRUE,"",4.5,73,4600073,4800073
"RDMM",4.14988463049492,0.913849839561563,0.022,0.71536245800516,0.119,-30598.990722021,63277.2157830155,101,4.09,TRUE,"",4.5,73,4600073,4800073
"DGMM",NA,0.481152062137457,0.153,0.200156992850361,0.52,-32189.3063521217,66464.7547984959,19,2.30000000000001,TRUE,"",4.5,74,4600074,4800074
"RDMM",4.45605521091245,0.925369317903863,0.019,0.783561258059612,0.088,-29840.6107211737,61760.455781321,100,4.20000000000002,TRUE,"",4.5,74,4600074,4800074
"DGMM",NA,0.345182038765225,0.206,0.145493441201141,0.562,-32117.7148274971,66321.5717492468,28,3.38999999999999,TRUE,"",4.5,75,4600075,4800075
"RDMM",4.42093462510651,0.948624581259285,0.013,0.796402492952826,0.082,-30007.2052596065,62093.6448581866,127,5.19999999999999,TRUE,"",4.5,75,4600075,4800075
"DGMM",NA,0.906210243757964,0.024,0.337695238296463,0.482,-32851.9268439386,67789.9957821298,14,1.69999999999999,TRUE,"",4.5,76,4600076,4800076
"RDMM",4.44009929907333,0.936960912004273,0.016,0.767480742858503,0.096,-30487.9050033748,63055.0443457232,100,4.13999999999999,TRUE,"",4.5,76,4600076,4800076
"DGMM",NA,0.401235484542022,0.183,0.190677699733878,0.551,-32067.541740985,66221.2255762226,19,2.28000000000003,TRUE,"",4.5,77,4600077,4800077
"RDMM",4.57141845406694,0.925368915093552,0.019,0.765075429623257,0.096,-29863.3282845991,61805.8909081718,100,4.05000000000001,TRUE,"",4.5,77,4600077,4800077
"DGMM",NA,0.891026893754144,0.028,0.398981147330386,0.448,-33158.3810289406,68402.9041521338,19,2.40999999999997,TRUE,"",4.5,78,4600078,4800078
"RDMM",4.41163609946972,0.948624523932911,0.013,0.748736962139609,0.103,-30743.5045340359,63566.2434070454,165,6.64999999999998,TRUE,"",4.5,78,4600078,4800078
"DGMM",NA,0.652481783761715,0.096,0.278606427689767,0.456,-32463.1973096158,67012.5367134842,19,2.32999999999998,TRUE,"",4.5,79,4600079,4800079
"RDMM",4.54058340676069,0.960360215792703,0.01,0.749790293279509,0.105,-30328.7913551559,62736.8170492854,116,4.63,TRUE,"",4.5,79,4600079,4800079
"DGMM",NA,0.729012407414642,0.073,0.297751779797901,0.44,-32539.3027924764,67164.7476792054,18,2.18000000000001,TRUE,"",4.5,80,4600080,4800080
"RDMM",4.30701436623821,0.952528000933441,0.012,0.759341406160172,0.098,-30230.8011790181,62540.8366970099,208,8.34000000000003,TRUE,"",4.5,80,4600080,4800080
"DGMM",NA,0.872228217269056,0.033,0.394997737534085,0.436,-32952.6807551466,67991.5036045457,18,2.14999999999998,TRUE,"",4.5,81,4600081,4800081
"RDMM",4.34147668980882,0.883483385144493,0.03,0.741158104485866,0.106,-30513.1139556799,63105.4622503335,100,3.71000000000004,TRUE,"",4.5,81,4600081,4800081
"DGMM",NA,0.894810689137045,0.027,0.401280644046651,0.461,-33110.2554223381,68306.6529389288,26,2.65999999999997,TRUE,"",4.5,82,4600082,4800082
"RDMM",4.16632276133235,0.921520649316418,0.02,0.763142190439624,0.096,-30552.7237747916,63184.6818885568,173,5.94,TRUE,"",4.5,82,4600082,4800082
"DGMM",NA,0.944728732269631,0.014,0.648229846453859,0.154,-32169.8781796302,66425.898453513,17,1.71999999999997,TRUE,"",4.5,83,4600083,4800083
"RDMM",4.69097175232077,0.944728735679388,0.014,0.762898113704612,0.098,-29990.5173494281,62060.2690378299,100,3.06,TRUE,"",4.5,83,4600083,4800083
"DGMM",NA,0.936960961870541,0.016,0.663739245667313,0.145,-31716.7234589693,65519.5890121912,24,1.26,TRUE,"",4.5,84,4600084,4800084
"RDMM",4.78111336838048,0.952528528190616,0.012,0.746842123745772,0.104,-29803.0870892167,61685.4085174071,100,4.11,TRUE,"",4.5,84,4600084,4800084
"DGMM",NA,0.820656687277969,0.047,0.350365568930003,0.422,-32528.0890155898,67142.3201254322,21,2.53,TRUE,"",4.5,85,4600085,4800085
"RDMM",4.36550540836326,0.933088961591909,0.017,0.775137854192573,0.092,-30163.9475823439,62407.1295036614,146,6.01,TRUE,"",4.5,85,4600085,4800085
"DGMM",NA,0.853629908386057,0.038,0.364739827459919,0.43,-32310.675351656,66707.4927975646,11,1.39,TRUE,"",4.5,86,4600086,4800086
"RDMM",4.96105543883669,0.964288259518538,0.009,0.781880450679416,0.089,-30306.2636484882,62691.76163595,201,7.97,TRUE,"",4.5,86,4600086,4800086
"DGMM",NA,0.925369368572512,0.019,0.405608102591595,0.463,-32890.6399781319,67867.4220505165,33,4.16,TRUE,"",4.5,87,4600087,4800087
"RDMM",4.44109812435033,0.940840840209178,0.015,0.580119378047536,0.21,-30503.4062533494,63086.0468456725,116,4.64,TRUE,"",4.5,87,4600087,4800087
"DGMM",NA,0.33338815678305,0.211,0.135523678733183,0.575,-31820.3958179,65726.9337300526,29,3.52,TRUE,"",4.5,88,4600088,4800088
"RDMM",4.80736802140367,0.948624622247563,0.013,0.766997581560147,0.095,-29920.6399486272,61920.5142362281,166,6.63,TRUE,"",4.5,88,4600088,4800088
"DGMM",NA,0.902402340525157,0.025,0.370272491355865,0.462,-32488.2171787521,67062.5764517569,17,2.07,TRUE,"",4.5,89,4600089,4800089
"RDMM",4.76854357464324,0.964288258144459,0.009,0.783705709077985,0.089,-30360.7931995319,62800.8207380375,100,4.08000000000001,TRUE,"",4.5,89,4600089,4800089
"DGMM",NA,0.936960967622121,0.016,0.702340383251943,0.125,-31716.1519208239,65518.4459359004,19,2.32,TRUE,"",4.5,90,4600090,4800090
"RDMM",4.64534985564517,0.964288270291312,0.009,0.812684736374424,0.075,-29768.0745185274,61615.3833760285,100,4.03,TRUE,"",4.5,90,4600090,4800090
"DGMM",NA,0.91002291213671,0.023,0.383972680041996,0.462,-32733.7427702835,67553.6276348197,14,1.72000000000001,TRUE,"",4.5,91,4600091,4800091
"RDMM",4.51910479763726,0.936958648349786,0.016,0.768342880549907,0.094,-30562.7465019907,63204.7273429549,184,7.39,TRUE,"",4.5,91,4600091,4800091
"DGMM",NA,0.933089033764637,0.017,0.416311177521088,0.464,-32419.1530885881,66924.4482714289,23,2.76000000000001,TRUE,"",4.5,92,4600092,4800092
"RDMM",4.57569057136648,0.956440399038085,0.011,0.559409701383185,0.245,-30135.3706853874,62349.9757097484,141,5.72,TRUE,"",4.5,92,4600092,4800092
"DGMM",NA,0.902402311234126,0.025,0.437530281630023,0.343,-32578.1009061007,67242.3439064539,18,2.33,TRUE,"",4.5,93,4600093,4800093
"RDMM",4.93991248935239,0.906210119978046,0.024,0.756448648785009,0.099,-30728.3963464495,63536.0270318727,100,4.09,TRUE,"",4.5,93,4600093,4800093
"DGMM",NA,0.87597230132558,0.032,0.658566161098613,0.145,-33100.4992107447,68287.1405157421,17,2.00999999999999,TRUE,"",4.5,94,4600094,4800094
"RDMM",4.3729937090506,0.917681618136574,0.021,0.763992545992196,0.096,-30774.3286675132,63627.8916740001,100,4.10000000000001,TRUE,"",4.5,94,4600094,4800094
"DGMM",NA,0.87597192400323,0.032,0.300890495822434,0.476,-33122.9406293177,68332.0233528879,14,1.69,TRUE,"",4.5,95,4600095,4800095
"RDMM",4.10540699537666,0.936960974871474,0.016,0.782182463721882,0.089,-30343.1450277238,62765.5243944212,100,4.12,TRUE,"",4.5,95,4600095,4800095
"DGMM",NA,0.868492713437163,0.034,0.367670726106049,0.398,-32503.8203049357,67093.782704124,13,1.67,TRUE,"",4.5,96,4600096,4800096
"RDMM",4.73987643401846,0.95252848172299,0.012,0.744234260891204,0.106,-30185.1992426197,62449.6328242131,167,6.73,TRUE,"",4.5,96,4600096,4800096
"DGMM",NA,0.913849858953097,0.022,0.363320820479767,0.486,-31869.1469078201,65824.4359098929,16,1.91999999999999,TRUE,"",4.5,97,4600097,4800097
"RDMM",4.89199536500937,0.929225230933722,0.018,0.74953249871433,0.103,-29802.6676678265,61684.5696746266,100,3.99000000000001,TRUE,"",4.5,97,4600097,4800097
"DGMM",NA,0.910026010369486,0.023,0.405322529130786,0.392,-32557.166182383,67200.4744590187,20,2.49000000000001,TRUE,"",4.5,98,4600098,4800098
"RDMM",4.28545819052237,0.964288263661385,0.009,0.759861896938069,0.099,-30261.0777256805,62601.3897903347,100,4,TRUE,"",4.5,98,4600098,4800098
"DGMM",NA,0.913849794873989,0.022,0.417338110443887,0.428,-32895.0238262943,67876.1897468411,14,1.77,TRUE,"",4.5,99,4600099,4800099
"RDMM",4.4818642560191,0.944728690161577,0.014,0.700216140998539,0.132,-30608.6263567461,63296.4870524658,111,4.51000000000001,TRUE,"",4.5,99,4600099,4800099
"DGMM",NA,0.376416641997701,0.193,0.147841858588807,0.566,-32056.9929553625,66200.1280049776,23,2.79000000000001,TRUE,"",4.5,100,4600100,4800100
"RDMM",4.42210038946058,0.952528524172193,0.012,0.784490135731411,0.087,-30029.0153648139,62137.2650686015,147,5.88,TRUE,"",4.5,100,4600100,4800100
"DGMM",NA,0.401257584902697,0.183,0.172960200341268,0.519,-32560.5394642951,67207.2210228427,28,3.38,TRUE,"",4.5,101,4600101,4800101
"RDMM",4.71763972752376,0.968224131774498,0.008,0.78017498056394,0.09,-30252.2250203102,62583.684379594,165,6.80000000000001,TRUE,"",4.5,101,4600101,4800101
"DGMM",NA,0.921521569823925,0.02,0.429899449450447,0.423,-32080.9098619618,66247.9618181763,30,3.59,TRUE,"",4.5,102,4600102,4800102
"RDMM",4.51455983010804,0.944728698628385,0.014,0.756678602163974,0.1,-29899.0222010504,61877.2787410743,186,7.41,TRUE,"",4.5,102,4600102,4800102
"DGMM",NA,0.891027029479899,0.028,0.445866925843035,0.49,-32657.9729571158,67402.0880084843,33,4.06,TRUE,"",4.5,103,4600103,4800103
"RDMM",4.61919071846668,0.952528528190616,0.012,0.782024009260576,0.089,-30165.7389190962,62410.7121771659,119,4.79000000000002,TRUE,"",4.5,103,4600103,4800103
"DGMM",NA,0.894810717468591,0.027,0.327453287700025,0.473,-32793.5998521379,67673.3417985284,16,1.99000000000001,TRUE,"",4.5,104,4600104,4800104
"RDMM",4.24365225986589,0.925369310208081,0.019,0.774001882569516,0.092,-30161.8525467648,62402.9394325032,100,4.06999999999999,TRUE,"",4.5,104,4600104,4800104
"DGMM",NA,0.861042783494385,0.036,0.331694315959016,0.484,-33301.9787587229,68690.0996116984,24,2.95000000000002,TRUE,"",4.5,105,4600105,4800105
"RDMM",4.14882254521581,0.936960883864831,0.016,0.750065426443279,0.103,-30637.6649192192,63354.5641774121,171,6.81,TRUE,"",4.5,105,4600105,4800105
"DGMM",NA,0.450956953481249,0.164,0.190933262387368,0.524,-32663.0369352821,67412.2159648168,20,2.44,TRUE,"",4.5,106,4600106,4800106
"RDMM",4.26498532311301,0.925369235260263,0.019,0.769479055810875,0.095,-30260.570636145,62600.3756112637,110,4.53,TRUE,"",4.5,106,4600106,4800106
"DGMM",NA,0.41422373156765,0.178,0.166238377732352,0.556,-33133.5534502418,68353.2489947361,31,3.75,TRUE,"",4.5,107,4600107,4800107
"RDMM",4.14479957059648,0.910025951632168,0.023,0.754472188490654,0.1,-30793.616118229,63666.4665754316,100,4.03,TRUE,"",4.5,107,4600107,4800107
"DGMM",NA,0.753176071581198,0.066,0.335630034267811,0.467,-32598.704044498,67283.5501832485,24,2.87,TRUE,"",4.5,108,4600108,4800108
"RDMM",4.45388698611573,0.913849801370989,0.022,0.523866428393919,0.253,-30507.8590693442,63094.9524776619,100,4.03,TRUE,"",4.5,108,4600108,4800108
"DGMM",NA,0.87597196078709,0.032,0.328107763644318,0.5,-32191.430392786,66469.0028798246,13,1.75,TRUE,"",4.5,109,4600109,4800109
"RDMM",4.64826253240945,0.952528530640484,0.012,0.801342002965043,0.08,-30180.5309073739,62440.2961537214,272,10.8,TRUE,"",4.5,109,4600109,4800109
"DGMM",NA,0.388841815239511,0.188,0.159301442297653,0.57,-32079.1991899581,66244.5404741689,26,3.11000000000001,TRUE,"",4.5,110,4600110,4800110
"RDMM",4.49896346789971,0.960360328536806,0.01,0.774903781575383,0.092,-30234.824519519,62548.8833780116,215,8.59999999999999,TRUE,"",4.5,110,4600110,4800110
"DGMM",NA,0.835231262312065,0.043,0.335649842580276,0.484,-32987.6088261215,68061.3597464956,19,2.31,TRUE,"",4.5,111,4600111,4800111
"RDMM",4.34383387205042,0.925369383447172,0.019,0.648962636841863,0.163,-30622.9570152206,63325.1483694149,100,4.07000000000002,TRUE,"",4.5,111,4600111,4800111
"DGMM",NA,0.698601632373516,0.082,0.320951759218206,0.487,-32384.4550774402,66855.052249133,13,1.60999999999999,TRUE,"",4.5,112,4600112,4800112
"RDMM",4.52693900220086,0.944728700284529,0.014,0.779360465425803,0.09,-30109.2347109483,62297.7037608703,112,4.53,TRUE,"",4.5,112,4600112,4800112
"DGMM",NA,0.910026010369486,0.023,0.537569330442545,0.226,-32379.9212925671,66845.9846793868,14,1.68000000000001,TRUE,"",4.5,113,4600113,4800113
"RDMM",4.56756373325754,0.948624629561597,0.013,0.762919989005264,0.097,-30269.302501054,62617.8393410816,100,4.17999999999998,TRUE,"",4.5,113,4600113,4800113
"DGMM",NA,0.9253692720163,0.019,0.39306547248702,0.457,-32537.6512954586,67161.4446851698,17,2.07000000000002,TRUE,"",4.5,114,4600114,4800114
"RDMM",4.8332268277527,0.929225201169193,0.018,0.650751009492576,0.151,-30848.4275185258,63776.0893760252,107,4.40000000000001,TRUE,"",4.5,114,4600114,4800114
"DGMM",NA,0.712055032120279,0.078,0.258054344581139,0.518,-32939.3060572169,67964.7542086864,11,1.34,TRUE,"",4.5,115,4600115,4800115
"RDMM",4.60787383011197,0.944728682080226,0.014,0.783808232200534,0.088,-30258.7197556237,62596.6738502211,100,4.01999999999998,TRUE,"",4.5,115,4600115,4800115
"DGMM",NA,0.891026784401791,0.028,0.368969611906377,0.441,-33339.9675969553,68766.0772881631,18,2.23000000000002,TRUE,"",4.5,116,4600116,4800116
"RDMM",4.18664652968564,0.940840621004335,0.015,0.774993196355864,0.092,-30591.5448630838,63262.3240651412,101,4.12999999999997,TRUE,"",4.5,116,4600116,4800116
"DGMM",NA,0.409084001588229,0.18,0.191272893137796,0.511,-32374.7367337705,66835.6155617935,24,3.06,TRUE,"",4.5,117,4600117,4800117
"RDMM",4.74262017453834,0.925369299655092,0.019,0.725023150908664,0.114,-30397.4777532555,62874.1898454846,163,6.49000000000001,TRUE,"",4.5,117,4600117,4800117
"DGMM",NA,0.492304196808322,0.149,0.215400071009163,0.492,-32222.2497098608,66530.6415139741,17,2.09999999999997,TRUE,"",4.5,118,4600118,4800118
"RDMM",4.62345614050786,0.960360353977351,0.01,0.76261424795281,0.097,-30406.8426056202,62892.9195502139,148,5.97000000000003,TRUE,"",4.5,118,4600118,4800118
"DGMM",NA,0.872228453249316,0.033,0.349589241896642,0.427,-33473.6953874967,69033.5328692461,12,1.47000000000003,TRUE,"",4.5,119,4600119,4800119
"RDMM",3.95851774379888,0.910026000185663,0.023,0.724343017170097,0.114,-30627.4995634171,63334.2334658078,214,8.61000000000001,TRUE,"",4.5,119,4600119,4800119
"DGMM",NA,0.898602592808314,0.026,0.382489044673685,0.426,-33129.0921184848,68344.3263312223,17,2.06,TRUE,"",4.5,120,4600120,4800120
"RDMM",4.4696626633961,0.95252848285774,0.012,0.790174639230974,0.085,-30413.3193215084,62905.8729819904,101,4.20999999999998,TRUE,"",4.5,120,4600120,4800120
"DGMM",NA,0.763642275195202,0.063,0.344894380708479,0.388,-32521.7776183707,67129.6973309941,12,1.44,TRUE,"",4.5,121,4600121,4800121
"RDMM",4.70014852299947,0.93696090226164,0.016,0.731223032850764,0.111,-30287.2079528197,62653.6502446131,111,4.47000000000003,TRUE,"",4.5,121,4600121,4800121
"DGMM",NA,0.906210171001214,0.024,0.372231136129898,0.432,-32688.9618650836,67464.0658244198,12,1.47000000000003,TRUE,"",4.5,122,4600122,4800122
"RDMM",4.62142857066473,0.960360360764541,0.01,0.749391408096394,0.104,-30518.411866239,63116.0580714517,144,5.69,TRUE,"",4.5,122,4600122,4800122
"DGMM",NA,0.910026086687496,0.023,0.379859258042501,0.441,-33429.6928249227,68945.527744098,14,1.77999999999997,TRUE,"",4.5,123,4600123,4800123
"RDMM",4.07471002539249,0.940840781785062,0.015,0.742410449469651,0.106,-30775.2071181509,63629.6485752753,177,6.54000000000002,TRUE,"",4.5,123,4600123,4800123
"DGMM",NA,0.879723643557564,0.031,0.39075154002089,0.419,-32843.3057532093,67772.7536006712,12,1.30000000000001,TRUE,"",4.5,124,4600124,4800124
"RDMM",4.4982691966574,0.94084080653945,0.015,0.781206751634721,0.089,-30559.8146766764,63198.8636923264,100,3.23000000000002,TRUE,"",4.5,124,4600124,4800124
"DGMM",NA,-0.000311026983373047,0.493,0.00137304265080288,0.716,-31879.9083812569,65845.9588567665,30,3.15000000000003,TRUE,"",4.5,125,4600125,4800125
"RDMM",4.38999815379712,0.921521468576403,0.02,0.733830499704022,0.11,-30654.4828167095,63388.1999723925,109,3.59999999999997,TRUE,"",4.5,125,4600125,4800125
"DGMM",NA,0.349833146124081,0.204,0.144430916107174,0.584,-32518.3254955527,67122.7930853581,30,1.93,TRUE,"",4.5,126,4600126,4800126
"RDMM",4.54356541238389,0.929225245199855,0.018,0.747445175814965,0.103,-30156.7426207548,62392.7195804831,135,5.98,TRUE,"",4.5,126,4600126,4800126
"DGMM",NA,0.86476479187899,0.035,0.395370329696452,0.473,-32452.6190515887,66991.38019743,22,2.65,TRUE,"",4.5,127,4600127,4800127
"RDMM",4.50204070104187,0.910025968982187,0.023,0.549741690940619,0.298,-30400.9118081914,62881.0579553565,112,4.72,TRUE,"",4.5,127,4600127,4800127
"DGMM",NA,0.929225173307474,0.018,0.41455852111128,0.405,-32533.7728645499,67153.6878233525,19,2.3,TRUE,"",4.5,128,4600128,4800128
"RDMM",4.39035039263723,0.93696092599667,0.016,0.721335587088747,0.116,-30320.4140594481,62720.0624578698,108,4.33,TRUE,"",4.5,128,4600128,4800128
"DGMM",NA,0.887251156081381,0.029,0.395849821892046,0.404,-32888.7803680284,67863.7028303094,16,1.94,TRUE,"",4.5,129,4600129,4800129
"RDMM",4.61647880523375,0.944728684355765,0.014,0.769766287015884,0.094,-30344.1471983173,62767.5287356083,154,6.39,TRUE,"",4.5,129,4600129,4800129
"DGMM",NA,0.944728736695758,0.014,0.430321843809859,0.411,-32588.6094046202,67263.360903493,15,1.81,TRUE,"",4.5,130,4600130,4800130
"RDMM",4.58531066355768,0.948624621021968,0.013,0.737388117758846,0.109,-30434.6783780487,62948.5910950709,116,4.63999999999999,TRUE,"",4.5,130,4600130,4800130
"DGMM",NA,0.883483392995703,0.03,0.407467544156758,0.445,-32453.3542941008,66992.8506824542,19,2.28,TRUE,"",4.5,131,4600131,4800131
"RDMM",5.13472476022218,0.921521460574425,0.02,0.7845318183084,0.087,-30378.5097520662,62836.253843106,198,7.99,TRUE,"",4.5,131,4600131,4800131
"DGMM",NA,0.842567037373313,0.041,0.377181789866124,0.444,-33039.657594133,68165.4572825186,21,2.57,TRUE,"",4.5,132,4600132,4800132
"RDMM",4.42448629811605,0.929225163697984,0.018,0.514520052622256,0.282,-30669.0947362446,63417.4238114629,100,4.05,TRUE,"",4.5,132,4600132,4800132
"DGMM",NA,0.371376222431665,0.195,0.167685232029094,0.53,-32315.3112480501,66716.7645903528,23,2.75,TRUE,"",4.5,133,4600133,4800133
"RDMM",4.44830470272251,0.925369294869156,0.019,0.7405158318703,0.107,-30216.5988790547,62512.4320970831,125,5.05,TRUE,"",4.5,133,4600133,4800133
"DGMM",NA,0.902402514825205,0.025,0.417728044475271,0.441,-32522.7235201955,67131.5891346437,16,1.95,TRUE,"",4.5,134,4600134,4800134
"RDMM",4.74820891112261,0.960360346061502,0.01,0.772794093781438,0.093,-30458.373563268,62995.9814655096,113,4.52000000000001,TRUE,"",4.5,134,4600134,4800134
"DGMM",NA,0.87222824021162,0.033,0.343943232577963,0.478,-32640.7648075256,67367.6717093039,15,1.86,TRUE,"",4.5,135,4600135,4800135
"RDMM",4.14664784911584,0.952528504098332,0.012,0.773766503983011,0.092,-30054.3189104728,62187.8721599192,146,6,TRUE,"",4.5,135,4600135,4800135
"DGMM",NA,0.879724005733287,0.031,0.420963115385403,0.372,-32378.1017699729,66842.3456341984,16,1.97,TRUE,"",4.5,136,4600136,4800136
"RDMM",4.65648094579143,0.952528367258326,0.012,0.754099849357307,0.102,-30136.9145137323,62353.0633664382,183,7.3,TRUE,"",4.5,136,4600136,4800136
"DGMM",NA,0.902402432679132,0.025,0.585209595192352,0.187,-32658.0749426621,67402.2919795768,21,2.55999999999999,TRUE,"",4.5,137,4600137,4800137
"RDMM",4.37210325589495,0.93308899399242,0.017,0.737856354504218,0.108,-30184.7566643843,62448.7476677423,151,6.24000000000001,TRUE,"",4.5,137,4600137,4800137
"DGMM",NA,0.864764780492144,0.035,0.353626955971685,0.403,-32826.8738399664,67739.8897741855,16,1.97000000000001,TRUE,"",4.5,138,4600138,4800138
"RDMM",4.35727697287526,0.944728693457917,0.014,0.826633367083994,0.069,-30456.0755239089,62991.3853867914,100,4.02999999999999,TRUE,"",4.5,138,4600138,4800138
"DGMM",NA,0.929224648080183,0.018,0.425085796810931,0.396,-32091.3207050039,66268.7835042604,25,3.03,TRUE,"",4.5,139,4600139,4800139
"RDMM",4.91610827956696,0.952527443502192,0.012,0.771469190809287,0.094,-29845.7495911935,61770.7335213607,106,4.26000000000001,TRUE,"",4.5,139,4600139,4800139
"DGMM",NA,0.443055199249181,0.167,0.172549524543823,0.564,-33429.9941302998,68946.1303548523,37,4.39,TRUE,"",4.5,140,4600140,4800140
"RDMM",4.31866807531373,0.944728688654299,0.014,0.738100799572761,0.108,-30835.885256089,63751.0048511516,125,5.03,TRUE,"",4.5,140,4600140,4800140
"DGMM",NA,0.688584967910056,0.085,0.46637120469273,0.248,-33132.8962336616,68351.9345615759,6,0.780000000000001,TRUE,"",4.5,141,4600141,4800141
"RDMM",4.51428463129922,0.933088870195782,0.017,0.745609085871838,0.104,-30451.657444244,62982.5492274616,100,4.02,TRUE,"",4.5,141,4600141,4800141
"DGMM",NA,0.756654529068366,0.065,0.334802229762144,0.408,-32323.8205051135,66733.7831044796,15,1.85000000000001,TRUE,"",4.5,142,4600142,4800142
"RDMM",4.61652726961857,0.948624089750662,0.013,0.792067442943292,0.084,-30214.4100174918,62508.0543739571,164,6.54000000000001,TRUE,"",4.5,142,4600142,4800142
"DGMM",NA,0.879722504559471,0.031,0.523155406190146,0.223,-32448.9729663212,66984.088026895,13,1.61000000000001,TRUE,"",4.5,143,4600143,4800143
"RDMM",4.5434847796886,0.944728636019139,0.014,0.791143910040716,0.086,-30239.1623702567,62557.5590794871,100,4.16999999999999,TRUE,"",4.5,143,4600143,4800143
"DGMM",NA,0.913849871810341,0.022,0.694228213408596,0.129,-32661.4813524057,67409.1047990639,21,2.56,TRUE,"",4.5,144,4600144,4800144
"RDMM",4.71855847317203,0.933089074420727,0.017,0.748681131138276,0.103,-30551.6761744054,63182.5866877844,100,4.06,TRUE,"",4.5,144,4600144,4800144
"DGMM",NA,0.906210202654406,0.024,0.385440068705002,0.454,-33196.3959850555,68478.9340643636,16,2.01000000000002,TRUE,"",4.5,145,4600145,4800145
"RDMM",4.22058327384709,0.921521517463921,0.02,0.728303459106898,0.113,-30776.5041051677,63632.242549309,192,7.70999999999998,TRUE,"",4.5,145,4600145,4800145
"DGMM",NA,0.910025898151138,0.023,0.496419486989831,0.248,-32518.5664915995,67123.2750774516,13,1.63999999999999,TRUE,"",4.5,146,4600146,4800146
"RDMM",4.50122931748295,0.952528501815135,0.012,0.773745294160287,0.092,-30006.5428876084,62092.3201141904,100,4.05000000000001,TRUE,"",4.5,146,4600146,4800146
"DGMM",NA,0.898602605041014,0.026,0.349504052373229,0.428,-32152.1370041086,66390.4161024699,14,1.70999999999998,TRUE,"",4.5,147,4600147,4800147
"RDMM",4.97046186657694,0.948624573352206,0.013,0.73014724045878,0.113,-30054.0243704127,62187.2830797991,204,8.16999999999999,TRUE,"",4.5,147,4600147,4800147
"DGMM",NA,0.89860265198042,0.026,0.363203230968809,0.409,-32688.2115880386,67462.5652703298,12,1.47,TRUE,"",4.5,148,4600148,4800148
"RDMM",4.49739490112899,0.940840836692353,0.015,0.750596253001347,0.102,-30307.0858692769,62693.4060775274,201,7.97999999999999,TRUE,"",4.5,148,4600148,4800148
"DGMM",NA,0.791893395109035,0.055,0.488027277547903,0.238,-32828.477438779,67743.0969718107,17,2.09,TRUE,"",4.5,149,4600149,4800149
"RDMM",4.71965575975138,0.94084080653945,0.015,0.778293666166401,0.09,-30592.123309702,63263.4809583777,114,4.63,TRUE,"",4.5,149,4600149,4800149
"DGMM",NA,0.421953776606432,0.175,0.171862249858104,0.565,-32394.5060089849,66875.1541122224,27,3.26999999999998,TRUE,"",4.5,150,4600150,4800150
"RDMM",4.47060388637305,0.921521488898399,0.02,0.767885135132534,0.094,-30294.8541658866,62668.9426707469,271,10.95,TRUE,"",4.5,150,4600150,4800150
"DGMM",NA,0.868492651408027,0.034,0.373647476573978,0.465,-33345.2717704076,68776.6856350679,16,1.95000000000002,TRUE,"",4.5,151,4600151,4800151
"RDMM",4.0757585661772,0.91002597209792,0.023,0.738229372658656,0.108,-30625.4301637984,63330.0946665704,100,4.07999999999998,TRUE,"",4.5,151,4600151,4800151
"DGMM",NA,0.902402320021437,0.025,0.31543272125799,0.472,-33149.8558027922,68385.853699837,32,3.81,TRUE,"",4.5,152,4600152,4800152
"RDMM",4.48279849509624,0.936960922531165,0.016,0.714799630286719,0.119,-30685.4653727127,63450.1650843991,227,9.07999999999998,TRUE,"",4.5,152,4600152,4800152
"DGMM",NA,0.898602726610328,0.026,0.737768672411904,0.107,-32176.1539523666,66438.4499989859,15,1.91999999999999,TRUE,"",4.5,153,4600153,4800153
"RDMM",4.7862511001865,0.936960910351866,0.016,0.766284321775999,0.095,-30130.1695853115,62339.5735095966,104,4.16999999999999,TRUE,"",4.5,153,4600153,4800153
"DGMM",NA,0.936960681112145,0.016,0.437431032974409,0.432,-32418.6645152462,66923.471124745,29,3.5,TRUE,"",4.5,154,4600154,4800154
"RDMM",4.61059221846118,0.952528317788719,0.012,0.754057242664185,0.101,-30165.3130380751,62409.8604151239,109,4.40000000000001,TRUE,"",4.5,154,4600154,4800154
"DGMM",NA,0.842566559282359,0.041,0.516806436066346,0.23,-32279.8747553394,66645.8916049314,16,2.04999999999998,TRUE,"",4.5,155,4600155,4800155
"RDMM",4.80859383039653,0.929225212878938,0.018,0.754183828467555,0.101,-30034.3648422531,62147.9640234797,100,3.98000000000002,TRUE,"",4.5,155,4600155,4800155
"DGMM",NA,0.718824090202526,0.076,0.328296332440324,0.463,-32626.5005085101,67339.1431112729,19,2.33000000000001,TRUE,"",4.5,156,4600156,4800156
"RDMM",4.5401701249249,0.93696094712624,0.016,0.757767515032129,0.099,-30225.9046735225,62531.0436860187,115,4.69,TRUE,"",4.5,156,4600156,4800156
"DGMM",NA,0.956440426022323,0.011,0.444332279227805,0.427,-32322.9374270468,66732.0169483462,16,1.97,TRUE,"",4.5,157,4600157,4800157
"RDMM",4.68316867605232,0.948624612983118,0.013,0.758175686785467,0.099,-30147.1243980075,62373.4831349886,211,8.41999999999999,TRUE,"",4.5,157,4600157,4800157
"DGMM",NA,0.936960916973621,0.016,0.382318487512162,0.459,-32233.4819529702,66553.106000193,14,1.88,TRUE,"",4.5,158,4600158,4800158
"RDMM",4.8941112024738,0.952528484006189,0.012,0.777152224564437,0.091,-30242.2071604608,62563.6486598952,130,5.23999999999995,TRUE,"",4.5,158,4600158,4800158
"DGMM",NA,0.82427983206758,0.046,0.412133555177855,0.301,-32201.3058770094,66488.7538482715,22,2.71999999999997,TRUE,"",4.5,159,4600159,4800159
"RDMM",4.75777608281011,0.917681349416886,0.021,0.67783648000857,0.138,-30169.3690162654,62417.9723715045,134,5.41000000000003,TRUE,"",4.5,159,4600159,4800159
"DGMM",NA,0.913849841252107,0.022,0.417470134599342,0.37,-32294.6485755682,66675.4392453891,14,1.71999999999997,TRUE,"",4.5,160,4600160,4800160
"RDMM",4.37254650908008,0.9215214435136,0.02,0.726357857750098,0.113,-30154.3227468411,62387.8798326558,100,4.08000000000004,TRUE,"",4.5,160,4600160,4800160
"DGMM",NA,0.777702717172492,0.059,0.359902411785122,0.349,-33070.9148800667,68227.9718543861,15,1.90999999999997,TRUE,"",4.5,161,4600161,4800161
"RDMM",4.17889910564662,0.940840832185354,0.015,0.751544872839958,0.102,-30526.9208729502,63133.0760848739,100,4.04000000000002,TRUE,"",4.5,161,4600161,4800161
"DGMM",NA,0.481129780565739,0.153,0.203015105411302,0.543,-32162.5159283622,66411.173950977,21,2.56,TRUE,"",4.5,162,4600162,4800162
"RDMM",4.76220934359662,0.925369354832112,0.019,0.66199409422194,0.154,-30375.6490314469,62830.5324018674,185,7.35000000000002,TRUE,"",4.5,162,4600162,4800162
"DGMM",NA,0.887251205074452,0.029,0.316114035337061,0.444,-33110.3877446806,68306.9175836138,12,1.51999999999998,TRUE,"",4.5,163,4600163,4800163
"RDMM",4.16057658308316,0.952528516427593,0.012,0.759989384947468,0.099,-30570.8791449456,63220.9926288648,246,9.78000000000003,TRUE,"",4.5,163,4600163,4800163
"DGMM",NA,0.940840832697513,0.015,0.42793924493648,0.493,-32529.5458337941,67145.2337618408,22,2.62,TRUE,"",4.5,164,4600164,4800164
"RDMM",4.92461080627775,0.921521540986676,0.02,0.487559488745145,0.29,-30602.4381520586,63284.1106430908,119,4.44,TRUE,"",4.5,164,4600164,4800164
"DGMM",NA,0.802620071194205,0.052,0.337306088869853,0.515,-32359.8288894844,66805.7998732215,21,2.08000000000004,TRUE,"",4.5,165,4600165,4800165
"RDMM",4.51742122796125,0.964288253218386,0.009,0.783095494886708,0.088,-29949.9064279401,61979.0471948538,126,4.38999999999999,TRUE,"",4.5,165,4600165,4800165
"DGMM",NA,0.861045618273901,0.036,0.642199320901851,0.152,-32987.9020172623,68061.9461287772,13,1.31,TRUE,"",4.5,166,4600166,4800166
"RDMM",4.44099694169762,0.944728675104742,0.014,0.769415320074787,0.094,-30688.1636826655,63455.5617043047,102,3.38999999999999,TRUE,"",4.5,166,4600166,4800166
"DGMM",NA,0.813418390632099,0.049,0.374672080458062,0.495,-32380.7482886844,66847.6386716213,24,2.02999999999997,TRUE,"",4.5,167,4600167,4800167
"RDMM",4.86678479720301,0.940840791925828,0.015,0.780173819160798,0.089,-30234.951809231,62549.1379574355,142,3.49000000000001,TRUE,"",4.5,167,4600167,4800167
"DGMM",NA,0.64286018279784,0.099,0.292268448774827,0.509,-32195.8880701909,66477.9182346344,17,1.12,TRUE,"",4.5,168,4600168,4800168
"RDMM",4.90878559367054,0.964288254929115,0.009,0.797307401338986,0.082,-30172.5526957609,62424.3397304953,132,4.72,TRUE,"",4.5,168,4600168,4800168
"DGMM",NA,0.891026960595032,0.028,0.406382912840055,0.387,-32227.5335491859,66541.2091926244,15,1.84,TRUE,"",4.5,169,4600169,4800169
"RDMM",4.50847429459039,0.936960904339529,0.016,0.738146993104137,0.109,-30201.0105417931,62481.2554225599,113,4.66,TRUE,"",4.5,169,4600169,4800169
"DGMM",NA,0.78123951490775,0.058,0.272519845694319,0.486,-32646.5161892764,67379.1744728054,13,1.72,TRUE,"",4.5,170,4600170,4800170
"RDMM",4.55872567201898,0.956440425561413,0.011,0.766542783831834,0.096,-30018.5481351711,62116.3306093159,100,4.03,TRUE,"",4.5,170,4600170,4800170
"DGMM",NA,0.921521581751367,0.02,0.751009051627268,0.102,-32181.7684593256,66449.6790129039,21,2.61,TRUE,"",4.5,171,4600171,4800171
"RDMM",4.55356427055061,0.933089109421398,0.017,0.768892000956032,0.094,-30039.4727577735,62158.1798545207,100,4,TRUE,"",4.5,171,4600171,4800171
"DGMM",NA,0.917681603440021,0.021,0.391964496369349,0.409,-33014.0567421834,68114.2555786194,17,2.21,TRUE,"",4.5,172,4600172,4800172
"RDMM",4.15894513874421,0.952528487259748,0.012,0.793853477269768,0.083,-30431.7625034195,62942.7593458126,182,7.25,TRUE,"",4.5,172,4600172,4800172
"DGMM",NA,0.93308910015311,0.017,0.369266584476134,0.487,-33063.4209833999,68212.9840610524,13,1.6,TRUE,"",4.5,173,4600173,4800173
"RDMM",4.53571985851402,0.96428828949404,0.009,0.761040838969501,0.099,-30454.3838497307,62988.002038435,105,4.3,TRUE,"",4.5,173,4600173,4800173
"DGMM",NA,0.925369319626799,0.019,0.421630525563809,0.424,-32238.9079430118,66563.9579802762,22,2.69,TRUE,"",4.5,174,4600174,4800174
"RDMM",4.54008181243853,0.933089025491814,0.017,0.731188366463071,0.111,-30091.7722419748,62262.7788229233,112,4.51,TRUE,"",4.5,174,4600174,4800174
"DGMM",NA,0.921521471441262,0.02,0.439346691985759,0.381,-32111.3610209468,66308.8641361461,17,2.09,TRUE,"",4.5,175,4600175,4800175
"RDMM",4.7543111210559,0.929225193568069,0.018,0.754797608190597,0.101,-29977.358198001,62033.9507349755,147,5.92,TRUE,"",4.5,175,4600175,4800175
"DGMM",NA,0.868492607936365,0.034,0.370339349222194,0.404,-32128.5533769951,66343.2488482428,12,1.51,TRUE,"",4.5,176,4600176,4800176
"RDMM",4.7160067293616,0.952528484718547,0.012,0.7896293925367,0.085,-29942.6730659315,61964.5804708365,100,4.07,TRUE,"",4.5,176,4600176,4800176
"DGMM",NA,0.84993405878386,0.039,0.30939750097408,0.44,-32737.2926379429,67560.7273701383,15,1.83000000000001,TRUE,"",4.5,177,4600177,4800177
"RDMM",4.39482611914531,0.917681640197229,0.021,0.732513357121803,0.113,-30479.3503126271,63037.9349642279,100,4,TRUE,"",4.5,177,4600177,4800177
"DGMM",NA,0.875971790052845,0.032,0.603536146986428,0.175,-32884.0066482689,67854.1553907905,18,2.25,TRUE,"",4.5,178,4600178,4800178
"RDMM",4.4491525962411,0.933088814701477,0.017,0.749251502740694,0.103,-30437.7028204956,62954.6399799648,100,4,TRUE,"",4.5,178,4600178,4800178
"DGMM",NA,0.902402372745271,0.025,0.38825689889155,0.4,-33156.3591869461,68398.8604681448,13,1.73999999999999,TRUE,"",4.5,179,4600179,4800179
"RDMM",4.28314607215905,0.933089032610389,0.017,0.750997946164966,0.102,-30407.1086844712,62893.451707916,103,4.17,TRUE,"",4.5,179,4600179,4800179
"DGMM",NA,0.88348373188004,0.03,0.393234784156145,0.487,-32448.7567885663,66983.6556713852,15,1.82000000000001,TRUE,"",4.5,180,4600180,4800180
"RDMM",4.59250186561597,0.933089044195771,0.017,0.75069769541947,0.102,-30388.9718455721,62857.1780301179,100,4.11,TRUE,"",4.5,180,4600180,4800180
"DGMM",NA,0.933089071228314,0.017,0.31867132706297,0.49,-32653.0782204739,67392.2985352004,19,2.3,TRUE,"",4.5,181,4600181,4800181
"RDMM",4.38051151836128,0.944728724892751,0.014,0.756601491005132,0.1,-30419.167235227,62917.5688094275,100,4.23,TRUE,"",4.5,181,4600181,4800181
"DGMM",NA,0.910025956571183,0.023,0.408399984725352,0.397,-32423.5834224459,66933.3089391445,28,3.34,TRUE,"",4.5,182,4600182,4800182
"RDMM",4.5302545514677,0.956440416871151,0.011,0.752281490465082,0.102,-30191.2890271385,62461.8123932507,123,4.89,TRUE,"",4.5,182,4600182,4800182
"DGMM",NA,-0.000525681819833596,0.489,-0.0013850179768187,0.713,-31746.3502041727,65578.8425025979,29,3.47,TRUE,"",4.5,183,4600183,4800183
"RDMM",4.60723160574251,0.960360360764541,0.01,0.762667694760319,0.098,-30580.0761616241,63239.3866622218,100,4.02,TRUE,"",4.5,183,4600183,4800183
"DGMM",NA,0.894810810416194,0.027,0.378424590141043,0.467,-32449.4495962537,66985.0412867601,14,1.71000000000001,TRUE,"",4.5,184,4600184,4800184
"RDMM",4.49180085755531,0.913849839561563,0.022,0.643136901930416,0.161,-30303.0004563146,62685.2352516029,100,4.09,TRUE,"",4.5,184,4600184,4800184
"DGMM",NA,0.571102140897756,0.122,0.221179407500927,0.522,-32522.6487203556,67131.4395349639,25,3.01000000000001,TRUE,"",4.5,185,4600185,4800185
"RDMM",4.58010802522817,0.952528525233878,0.012,0.771010108027327,0.093,-30129.7016542994,62338.6376475724,100,4.05999999999999,TRUE,"",4.5,185,4600185,4800185
"DGMM",NA,0.883483175470282,0.03,0.373299868466399,0.436,-33156.2068018392,68398.555697931,14,1.69,TRUE,"",4.5,186,4600186,4800186
"RDMM",4.31581101432654,0.940840801148496,0.015,0.73235175796973,0.111,-30620.3948285911,63320.0239961557,100,4.02,TRUE,"",4.5,186,4600186,4800186
"DGMM",NA,0.846246570056191,0.04,0.293889762181895,0.459,-32673.6571382615,67433.4563707756,16,1.98999999999999,TRUE,"",4.5,187,4600187,4800187
"RDMM",4.4643829231127,0.944728675104742,0.014,0.751769637370704,0.102,-30378.4790874773,62836.1925139282,103,4.20999999999998,TRUE,"",4.5,187,4600187,4800187
"DGMM",NA,0.929225071023971,0.018,0.3753939373488,0.477,-32549.1813441582,67184.504782569,16,2,TRUE,"",4.5,188,4600188,4800188
"RDMM",4.50822626096235,0.940840332996748,0.015,0.745762686202251,0.104,-29968.6921768427,62016.6186926591,140,5.70000000000002,TRUE,"",4.5,188,4600188,4800188
"DGMM",NA,0.371563172820957,0.195,0.149975492739167,0.545,-33010.9043272521,68107.9507487568,21,2.54000000000002,TRUE,"",4.5,189,4600189,4800189
"RDMM",4.33106392477162,0.921521449096114,0.02,0.768063630219861,0.094,-30970.7882046809,64020.8107483353,123,4.97,TRUE,"",4.5,189,4600189,4800189
"DGMM",NA,0.944728750707834,0.014,0.70582551213198,0.124,-32072.7592309457,66231.6605561441,18,2.22,TRUE,"",4.5,190,4600190,4800190
"RDMM",4.51289689063142,0.948624617107971,0.013,0.812488653782717,0.075,-29814.4012700796,61708.0368791328,100,4.04999999999998,TRUE,"",4.5,190,4600190,4800190
"DGMM",NA,0.879723616993605,0.031,0.294124270697329,0.491,-32582.7634567515,67251.6690077557,14,1.72,TRUE,"",4.5,191,4600191,4800191
"RDMM",4.48775860994504,0.948624604980505,0.013,0.747183839746741,0.106,-30171.2550668285,62421.7444726306,119,4.78,TRUE,"",4.5,191,4600191,4800191
"DGMM",NA,0.662251397953431,0.093,0.259176666533381,0.47,-32942.6849717287,67971.5120377101,22,2.73000000000002,TRUE,"",4.5,192,4600192,4800192
"RDMM",4.00636921984704,0.960360346887023,0.01,0.780323004567031,0.089,-30136.9422985561,62353.1189360859,176,7.01999999999998,TRUE,"",4.5,192,4600192,4800192
"DGMM",NA,0.00360531430486699,0.467,0.00141004917639673,0.715,-31459.1944827615,65004.5310597755,33,3.97999999999999,TRUE,"",4.5,193,4600193,4800193
"RDMM",4.80464573276579,0.936960910351866,0.016,0.760368339000224,0.098,-30358.0770630274,62795.3884650284,141,5.80000000000001,TRUE,"",4.5,193,4600193,4800193
"DGMM",NA,0.891027042357476,0.028,0.367185176190866,0.401,-31918.8290948977,65923.8002840479,21,2.53,TRUE,"",4.5,194,4600194,4800194
"RDMM",4.95675219685182,0.917681637140728,0.021,0.773302744074403,0.092,-29884.0693074247,61847.372953823,300,11.85,TRUE,"",4.5,194,4600194,4800194
"DGMM",NA,0.902402355226995,0.025,0.669964245965499,0.141,-32682.7323387043,67451.6067716613,17,2.29999999999998,TRUE,"",4.5,195,4600195,4800195
"RDMM",4.3073261413548,0.910025954701743,0.023,0.753824863467011,0.101,-30407.2246321509,62893.6836032754,100,4,TRUE,"",4.5,195,4600195,4800195
"DGMM",NA,0.879723634417527,0.031,0.342342753037677,0.411,-32929.5030026411,67945.1480995349,13,1.65000000000001,TRUE,"",4.5,196,4600196,4800196
"RDMM",4.29215822114709,0.933089023380699,0.017,0.767189973205614,0.095,-30310.3112603439,62699.8568596614,262,10.31,TRUE,"",4.5,196,4600196,4800196
"DGMM",NA,0.842566543532718,0.041,0.292400915883687,0.489,-33527.6072012846,69141.3564968217,12,1.53,TRUE,"",4.5,197,4600197,4800197
"RDMM",4.41144388385861,0.921521517852695,0.02,0.766376652287024,0.095,-30638.1094406116,63355.4532201969,139,5.58000000000001,TRUE,"",4.5,197,4600197,4800197
"DGMM",NA,0.806211827776716,0.051,0.581736463845515,0.182,-32074.5621786018,66235.2664514563,16,1.95999999999998,TRUE,"",4.5,198,4600198,4800198
"RDMM",4.53301016926802,0.952528504098332,0.012,0.789967357325691,0.085,-30110.9169355481,62301.0682100698,105,4.27000000000001,TRUE,"",4.5,198,4600198,4800198
"DGMM",NA,0.685256557936036,0.086,0.307317615479466,0.487,-32874.6633197693,67835.4687337913,17,2.05999999999997,TRUE,"",4.5,199,4600199,4800199
"RDMM",4.68499640868937,0.952526611252476,0.012,0.748925873469835,0.105,-30674.425904509,63428.0861479916,269,10.72,TRUE,"",4.5,199,4600199,4800199
"DGMM",NA,0.802620284675789,0.052,0.391948077557957,0.325,-32197.968000826,66482.0780959047,12,1.46000000000001,TRUE,"",4.5,200,4600200,4800200
"RDMM",4.79079623960334,0.960360328536806,0.01,0.721448295160929,0.117,-30286.0761458899,62651.3866307534,143,5.75999999999999,TRUE,"",4.5,200,4600200,4800200
"DGMM",NA,0.875972307296783,0.032,0.372888416849153,0.501,-33233.5072189922,68553.156532237,17,2.01000000000002,TRUE,"",4.5,201,4600201,4800201
"RDMM",4.31353255616304,0.925369356382753,0.019,0.749080009287815,0.103,-30530.5421855458,63140.3187100652,134,5.37,TRUE,"",4.5,201,4600201,4800201
"DGMM",NA,0.891027132961651,0.028,0.396427539751895,0.348,-33226.9115421156,68539.9651784839,21,2.67000000000002,TRUE,"",4.5,202,4600202,4800202
"RDMM",4.06218570488232,0.929224984788982,0.018,0.70558112325786,0.124,-30648.3815052951,63375.9973495639,100,4.10999999999996,TRUE,"",4.5,202,4600202,4800202
"DGMM",NA,0.872228368820923,0.033,0.38127939704204,0.455,-32695.7871244902,67477.716343233,15,1.84000000000003,TRUE,"",4.5,203,4600203,4800203
"RDMM",4.52339897607272,0.964288254345131,0.009,0.795015056133913,0.083,-30273.990326022,62627.2149910177,100,4.09999999999997,TRUE,"",4.5,203,4600203,4800203
"DGMM",NA,0.802619073583176,0.052,0.296311005737942,0.468,-32674.7758797717,67435.6938537961,16,1.91999999999996,TRUE,"",4.5,204,4600204,4800204
"RDMM",4.31445703213369,0.913849854212945,0.022,0.781123267191559,0.088,-30227.1192840317,62533.472907037,108,4.31999999999999,TRUE,"",4.5,204,4600204,4800204
"DGMM",NA,0.902402430307065,0.025,0.340488548945673,0.5,-33523.3651650691,69132.8724243908,19,2.29999999999995,TRUE,"",4.5,205,4600205,4800205
"RDMM",4.23511064278076,0.917681603440021,0.021,0.74540921830919,0.106,-31050.1426400601,64179.5196190938,105,4.25,TRUE,"",4.5,205,4600205,4800205
"DGMM",NA,0.461902019321232,0.16,0.195318077558592,0.537,-32264.0603597365,66614.2628137256,21,2.50999999999999,TRUE,"",4.5,206,4600206,4800206
"RDMM",4.54056842184552,0.929225168436352,0.018,0.773411453496467,0.092,-30151.9188365041,62383.0720119818,169,6.73000000000002,TRUE,"",4.5,206,4600206,4800206
"DGMM",NA,0.297541412828195,0.227,0.116515625192028,0.582,-32447.0087677093,66980.1596296712,49,5.81,TRUE,"",4.5,207,4600207,4800207
"RDMM",4.32219150363724,0.921521471441262,0.02,0.770060176570458,0.093,-30343.6797003784,62766.5937397305,125,5.06,TRUE,"",4.5,207,4600207,4800207
"DGMM",NA,0.883483115439938,0.03,0.417108030369923,0.384,-32292.7867475813,66671.7155894151,18,2.22000000000003,TRUE,"",4.5,208,4600208,4800208
"RDMM",4.71855599834227,0.917681633925859,0.021,0.746817110795202,0.104,-30274.6068552611,62628.4480494958,110,4.40999999999997,TRUE,"",4.5,208,4600208,4800208
"DGMM",NA,0.883483472975992,0.03,0.414681627993335,0.333,-32438.6736370137,66963.4893682801,19,1.13,TRUE,"",4.5,209,4600209,4800209
"RDMM",4.37559567400878,0.925369311758724,0.019,0.740247424363417,0.107,-30252.3370922388,62583.9085234512,100,3.18,TRUE,"",4.5,209,4600209,4800209
"DGMM",NA,0.894810841884374,0.027,0.397512163332954,0.419,-33169.5982359793,68425.3385662112,13,1.58,TRUE,"",4.5,210,4600210,4800210
"RDMM",4.28543130733497,0.960360322224328,0.01,0.768795208989492,0.095,-30543.9901228545,63167.2145846827,132,5.4,TRUE,"",4.5,210,4600210,4800210
"DGMM",NA,0.906210201150764,0.024,0.393836079227424,0.457,-32708.0748353789,67502.2917650105,16,2.09,TRUE,"",4.5,211,4600211,4800211
"RDMM",4.79855035645465,0.952528497531095,0.012,0.784460031643624,0.088,-30516.6985524789,63112.6314439314,100,4.11,TRUE,"",4.5,211,4600211,4800211
"DGMM",NA,0.461910482883149,0.16,0.21239242237622,0.513,-32399.5208168266,66885.1837279058,28,3.34,TRUE,"",4.5,212,4600212,4800212
"RDMM",4.46442092676547,0.956440401057714,0.011,0.777486910283823,0.091,-30293.5506204106,62666.3355797947,120,4.95,TRUE,"",4.5,212,4600212,4800212
"DGMM",NA,0.75665645125345,0.065,0.428887854910125,0.279,-32830.2770169878,67746.6961282282,7,0.91,TRUE,"",4.5,213,4600213,4800213
"RDMM",4.63246707558765,0.956440406814912,0.011,0.756925432434146,0.1,-30294.8636168718,62668.9615727171,188,7.48,TRUE,"",4.5,213,4600213,4800213
"DGMM",NA,0.509311625963102,0.143,0.210479523707426,0.55,-32614.4230293514,67314.9881529554,24,2.89,TRUE,"",4.5,214,4600214,4800214
"RDMM",4.43761477631241,0.925369358450274,0.019,0.797052978753617,0.081,-30311.3059308255,62701.8462006247,100,4.06,TRUE,"",4.5,214,4600214,4800214
"DGMM",NA,0.842566436394695,0.041,0.303914588206109,0.502,-32683.055238875,67452.2525720026,14,1.75,TRUE,"",4.5,215,4600215,4800215
"RDMM",4.42908781156684,0.929225180061007,0.018,0.734914627074815,0.11,-30167.6918469947,62414.6180329629,100,4.17,TRUE,"",4.5,215,4600215,4800215
"DGMM",NA,0.883483585767514,0.03,0.508883506048694,0.234,-32756.7162041307,67599.574502514,17,2.06,TRUE,"",4.5,216,4600216,4800216
"RDMM",4.63231694065778,0.93696090562204,0.016,0.748692695865652,0.103,-30367.4290951804,62814.0925293344,173,6.9,TRUE,"",4.5,216,4600216,4800216
"DGMM",NA,0.87972374946619,0.031,0.330629999830459,0.492,-33150.3783305303,68386.8987553131,16,1.97,TRUE,"",4.5,217,4600217,4800217
"RDMM",4.30344688926433,0.906209251484019,0.024,0.759170812017815,0.097,-30582.7245523142,63244.6834436021,135,5.38,TRUE,"",4.5,217,4600217,4800217
"DGMM",NA,0.910025939117301,0.023,0.77592742446414,0.091,-32223.6325773022,66533.4072488569,14,1.75,TRUE,"",4.5,218,4600218,4800218
"RDMM",4.78211336908755,0.921521453297154,0.02,0.816640654605613,0.073,-30264.4773446929,62608.1890283594,100,4.05,TRUE,"",4.5,218,4600218,4800218
"DGMM",NA,0.898602654256269,0.026,0.33121839310095,0.495,-33379.137547058,68844.4171883685,17,2.09,TRUE,"",4.5,219,4600219,4800219
"RDMM",4.26037446555385,0.933089095364494,0.017,0.751374735791295,0.102,-30927.8301468224,63934.8946326184,106,4.43000000000001,TRUE,"",4.5,219,4600219,4800219
"DGMM",NA,0.459198786005082,0.161,0.193434424712512,0.533,-32373.0120520573,66832.1661983673,31,3.7,TRUE,"",4.5,220,4600220,4800220
"RDMM",4.55928518989389,0.940840783697126,0.015,0.750431312664639,0.103,-30307.5513457333,62694.3370304403,143,5.7,TRUE,"",4.5,220,4600220,4800220
"DGMM",NA,0.948624584965727,0.013,0.434885075619134,0.412,-32262.1336192734,66610.4093327994,15,1.83,TRUE,"",4.5,221,4600221,4800221
"RDMM",4.68823226627963,0.964288256598621,0.009,0.794404269755925,0.083,-30034.4132348819,62148.0608087374,100,4.23,TRUE,"",4.5,221,4600221,4800221
"DGMM",NA,0.864764865906451,0.035,0.354508866833755,0.42,-32943.3964493032,67972.9349928589,12,1.47,TRUE,"",4.5,222,4600222,4800222
"RDMM",4.52061585506476,0.940840839560444,0.015,0.754585151689411,0.1,-30526.4012602574,63132.0368594884,158,6.37,TRUE,"",4.5,222,4600222,4800222
"DGMM",NA,0.86476480343061,0.035,0.373607664282029,0.48,-31886.0414634485,65858.2250211496,16,1.91,TRUE,"",4.5,223,4600223,4800223
"RDMM",4.81736087673108,0.910026039795815,0.023,0.731656151580999,0.11,-29820.8089239051,61720.8521867838,300,12.07,TRUE,"",4.5,223,4600223,4800223
"DGMM",NA,0.784783023430864,0.057,0.644869540190914,0.15,-32121.3085584686,66328.7592111898,18,2.21000000000001,TRUE,"",4.5,224,4600224,4800224
"RDMM",4.54980226315517,0.929225232703799,0.018,0.775395237935331,0.091,-29924.9836606574,61929.2016602884,100,4.03999999999999,TRUE,"",4.5,224,4600224,4800224
"DGMM",NA,0.401378071104511,0.183,0.17139168248496,0.551,-32867.9263868175,67821.9948678875,30,3.63,TRUE,"",4.5,225,4600225,4800225
"RDMM",4.05475588667178,0.936960964153588,0.016,0.766853561729524,0.095,-30610.8248650332,63300.8840690401,116,4.61,TRUE,"",4.5,225,4600225,4800225
"DGMM",NA,0.763640890683836,0.063,0.313795382076932,0.509,-32860.5334779329,67807.2090501184,24,2.93000000000001,TRUE,"",4.5,226,4600226,4800226
"RDMM",4.68961944338051,0.925369351343169,0.019,0.75150454420505,0.102,-30234.8157337837,62548.865806541,106,4.41,TRUE,"",4.5,226,4600226,4800226
"DGMM",NA,0.925369006970006,0.019,0.411849048743254,0.434,-32637.9266505358,67361.9953953241,15,1.84,TRUE,"",4.5,227,4600227,4800227
"RDMM",4.37255955527842,0.956440056125844,0.011,0.771821656001729,0.093,-30421.1241922299,62921.4827234333,217,8.66999999999999,TRUE,"",4.5,227,4600227,4800227
"DGMM",NA,0.936960960924578,0.016,0.392338657144984,0.433,-32317.5311675199,66721.2044292925,15,1.84,TRUE,"",4.5,228,4600228,4800228
"RDMM",4.64487129048544,0.940840840209178,0.015,0.759635654345212,0.099,-30200.1470866608,62479.5285122953,100,4.06,TRUE,"",4.5,228,4600228,4800228
"DGMM",NA,0.784779706491863,0.057,0.358284492405976,0.475,-33141.7815251864,68369.7051446254,25,3.08000000000001,TRUE,"",4.5,229,4600229,4800229
"RDMM",4.18366209794753,0.948624565445125,0.013,0.737795407449857,0.109,-30600.0295221265,63279.2933832266,300,12,TRUE,"",4.5,229,4600229,4800229
"DGMM",NA,0.295320659508459,0.228,0.127697183896094,0.57,-32991.0014505833,68068.1449954193,23,2.74000000000001,TRUE,"",4.5,230,4600230,4800230
"RDMM",4.34489008882588,0.933089069872396,0.017,0.728819021851287,0.112,-30853.854387073,63786.9431131197,135,5.37,TRUE,"",4.5,230,4600230,4800230
"DGMM",NA,0.910026008500048,0.023,0.422566564261439,0.448,-32624.1347818609,67334.4116579744,18,2.20000000000002,TRUE,"",4.5,231,4600231,4800231
"RDMM",4.81822136161545,0.933089091348235,0.017,0.764367450957345,0.096,-30373.6823119491,62826.5989628718,189,7.53,TRUE,"",4.5,231,4600231,4800231
"DGMM",NA,0.929225193568069,0.018,0.353915794286798,0.462,-32023.812552372,66133.7671989966,18,2.22,TRUE,"",4.5,232,4600232,4800232
"RDMM",4.44889453710616,0.925369333295424,0.019,0.757032855644123,0.1,-30033.788584483,62146.8115079396,100,4.03,TRUE,"",4.5,232,4600232,4800232
"DGMM",NA,0.853630031723663,0.038,0.371004593889124,0.394,-32787.8802396492,67661.902573551,19,2.34999999999999,TRUE,"",4.5,233,4600233,4800233
"RDMM",4.6484990118822,0.92922515932271,0.018,0.739737626593301,0.107,-30526.7451064982,63132.7245519699,211,8.55000000000001,TRUE,"",4.5,233,4600233,4800233
"DGMM",NA,0.00165397434837144,0.476,0.000474136000732723,0.728,-31290.394006825,64666.9301079026,41,4.84999999999999,TRUE,"",4.5,234,4600234,4800234
"RDMM",4.67020890457135,0.948624583898271,0.013,0.745430303633638,0.105,-30032.4530200062,62144.140378986,126,5.05000000000001,TRUE,"",4.5,234,4600234,4800234
"DGMM",NA,0.712046843327111,0.078,0.312315820182863,0.443,-33709.7878176675,69505.7177295877,10,1.24000000000001,TRUE,"",4.5,235,4600235,4800235
"RDMM",4.49685720823277,0.948624624076072,0.013,0.752318729839321,0.102,-30894.8728507559,63868.9800404853,100,4.13,TRUE,"",4.5,235,4600235,4800235
"DGMM",NA,0.894810877501069,0.027,0.346693638557238,0.478,-33153.6580589532,68393.458212159,19,2.25,TRUE,"",4.5,236,4600236,4800236
"RDMM",4.32414733755545,0.940840798451122,0.015,0.69887540772589,0.127,-30387.5803972897,62854.395133553,138,5.57999999999998,TRUE,"",4.5,236,4600236,4800236
"DGMM",NA,0.90240243957002,0.025,0.352516567258262,0.485,-32718.0388691904,67522.2198326335,13,1.59,TRUE,"",4.5,237,4600237,4800237
"RDMM",4.63687643673688,0.906210141349352,0.024,0.768497155119104,0.094,-30160.0780402098,62399.3904193933,100,4.03,TRUE,"",4.5,237,4600237,4800237
"DGMM",NA,0.41931446469158,0.176,0.166154373314208,0.556,-32992.1035641549,68070.3492225624,24,2.84,TRUE,"",4.5,238,4600238,4800238
"RDMM",4.2290055532363,0.917681677872937,0.021,0.726760735060236,0.113,-30401.5836358775,62882.4016107286,100,4.03,TRUE,"",4.5,238,4600238,4800238
"DGMM",NA,0.495136586724097,0.148,0.202401885548088,0.51,-32226.0141199465,66538.1703341456,21,2.56,TRUE,"",4.5,239,4600239,4800239
"RDMM",4.42601509838338,0.925369353008673,0.019,0.743895844660157,0.105,-29919.6778353689,61918.5900097113,133,5.38,TRUE,"",4.5,239,4600239,4800239
"DGMM",NA,0.921521458551284,0.02,0.438423013651279,0.308,-32318.785467042,66723.7130283365,15,1.84,TRUE,"",4.5,240,4600240,4800240
"RDMM",4.53022663527505,0.952528494109343,0.012,0.777126057247222,0.091,-29795.7249783739,61670.6842957214,100,4.04999999999998,TRUE,"",4.5,240,4600240,4800240
"DGMM",NA,0.933089079299455,0.017,0.417080043106949,0.507,-32728.664063191,67543.4702206345,20,2.38999999999999,TRUE,"",4.5,241,4600241,4800241
"RDMM",4.72689403596838,0.929225213828652,0.018,0.748516742699468,0.103,-30166.57528921,62412.3849173936,150,6.23999999999998,TRUE,"",4.5,241,4600241,4800241
"DGMM",NA,0.481122934773421,0.153,0.194722439655749,0.567,-32247.445543973,66581.0331821986,29,3.48999999999995,TRUE,"",4.5,242,4600242,4800242
"RDMM",4.94310569238937,0.92152153331687,0.02,0.755829630804429,0.1,-30107.2340333472,62293.702405668,198,8,TRUE,"",4.5,242,4600242,4800242
"DGMM",NA,0.887251337563768,0.029,0.395163339146368,0.467,-33059.8203912956,68205.7828768438,18,2.16999999999996,TRUE,"",4.5,243,4600243,4800243
"RDMM",4.36626123726073,0.933089024457711,0.017,0.777226019402586,0.09,-30637.9797047593,63355.1937484923,152,6.24000000000001,TRUE,"",4.5,243,4600243,4800243
"DGMM",NA,0.906210137372211,0.024,0.415785274689405,0.467,-32994.7571805092,68075.656455271,16,1.94,TRUE,"",4.5,244,4600244,4800244
"RDMM",4.4391591147043,0.921521515199213,0.02,0.729003129008188,0.112,-30518.5076031235,63116.2495452206,244,9.69999999999999,TRUE,"",4.5,244,4600244,4800244
"DGMM",NA,0.857333539747193,0.037,0.607603390748587,0.171,-32653.3422821156,67392.8266584838,18,2.19999999999999,TRUE,"",4.5,245,4600245,4800245
"RDMM",4.61372901707924,0.94084080653945,0.015,0.794290222598816,0.083,-30267.8628872747,62614.9601135231,100,4.09999999999997,TRUE,"",4.5,245,4600245,4800245
"DGMM",NA,0.864765043785366,0.035,0.391710551606461,0.381,-32373.666935255,66833.4759647625,14,1.73000000000002,TRUE,"",4.5,246,4600246,4800246
"RDMM",4.72651810375011,0.952528497531095,0.012,0.812291712090225,0.075,-30339.8280398799,62758.8904187334,100,4.03000000000003,TRUE,"",4.5,246,4600246,4800246
"DGMM",NA,0.925369319626799,0.019,0.680788163301573,0.136,-32541.484390552,67169.1108753565,17,2.04000000000002,TRUE,"",4.5,247,4600247,4800247
"RDMM",4.49794731883863,0.9525285026759,0.012,0.776810882182882,0.091,-30314.2020344904,62707.6384079544,100,3.70999999999998,TRUE,"",4.5,247,4600247,4800247
"DGMM",NA,0.875972201513145,0.032,0.3980027186592,0.442,-32705.5139029558,67497.1699001643,17,1.78000000000003,TRUE,"",4.5,248,4600248,4800248
"RDMM",4.50127677463193,0.948624496007672,0.013,0.777351699408192,0.091,-30332.2258787165,62743.6860964066,110,3.63999999999999,TRUE,"",4.5,248,4600248,4800248
"DGMM",NA,0.86104518622745,0.036,0.391697754013724,0.471,-31780.7378472817,65647.6177888159,17,1.97000000000003,TRUE,"",4.5,249,4600249,4800249
"RDMM",4.72795517174813,0.952528497531095,0.012,0.766385013844008,0.096,-29904.1758166745,61887.5859723227,139,4.55000000000001,TRUE,"",4.5,249,4600249,4800249
"DGMM",NA,0.806211500630612,0.051,0.379591950103665,0.446,-31668.6810773884,65423.5042490294,17,1.45999999999998,TRUE,"",4.5,250,4600250,4800250
"RDMM",5.25092431055243,0.936960901838179,0.016,0.77579584428224,0.091,-29881.1521039824,61841.5385469384,183,4.44,TRUE,"",4.5,250,4600250,4800250
"DGMM",NA,0.861045543707813,0.036,0.402880502521484,0.45,-32387.7351799692,66861.6124541909,22,1.29,TRUE,"",4.5,251,4600251,4800251
"RDMM",4.57814065106287,0.9408407951733,0.015,0.765450066187149,0.096,-30221.1741549499,62521.5826488733,167,5.95,TRUE,"",4.5,251,4600251,4800251
"DGMM",NA,0.649292939457104,0.097,0.286841707632498,0.525,-32872.8099330144,67831.7619602814,25,3.06,TRUE,"",4.5,252,4600252,4800252
"RDMM",4.38327659518464,0.921521463952619,0.02,0.747428988367935,0.104,-30765.0914657504,63609.4172704745,112,4.72,TRUE,"",4.5,252,4600252,4800252
"DGMM",NA,0.936960912004273,0.016,0.427137802315368,0.496,-32850.619298684,67787.3806916207,17,2.07,TRUE,"",4.5,253,4600253,4800253
"RDMM",4.54799035162473,0.960360338772893,0.01,0.768045158573163,0.095,-30839.2956669499,63757.8256728734,100,4.06,TRUE,"",4.5,253,4600253,4800253
"DGMM",NA,0.929225159909332,0.018,0.34113413738571,0.488,-32825.4531254259,67737.0483451044,18,2.18,TRUE,"",4.5,254,4600254,4800254
"RDMM",4.45286166101678,0.952528495403916,0.012,0.778424591992036,0.091,-30528.1036914065,63135.4417217866,140,5.78,TRUE,"",4.5,254,4600254,4800254
"DGMM",NA,0.319753427470194,0.217,0.130261677008757,0.575,-32846.4410688346,67779.0242319217,24,2.86,TRUE,"",4.5,255,4600255,4800255
"RDMM",4.15055759533006,0.940840832185354,0.015,0.74873892073889,0.103,-30749.6674460257,63578.569231025,107,4.31,TRUE,"",4.5,255,4600255,4800255
"DGMM",NA,0.538319484816249,0.133,0.236085875248415,0.5,-32845.0633434636,67776.2687811798,29,3.43,TRUE,"",4.5,256,4600256,4800256
"RDMM",4.44830005919549,0.940840788344503,0.015,0.771966212139365,0.093,-30557.8292883731,63194.8929157198,100,4.06,TRUE,"",4.5,256,4600256,4800256
"DGMM",NA,0.403972945988006,0.182,0.174575640995298,0.56,-32393.097795861,66872.3376859747,24,2.93,TRUE,"",4.5,257,4600257,4800257
"RDMM",4.48943777081137,0.944728688654299,0.014,0.78097821366532,0.089,-30348.4390739045,62776.1124867825,144,5.86,TRUE,"",4.5,257,4600257,4800257
"DGMM",NA,0.802619508296647,0.052,0.333729198450018,0.47,-32726.6254839406,67539.3930621337,19,2.33,TRUE,"",4.5,258,4600258,4800258
"RDMM",4.26617844134941,0.948624617552743,0.013,0.76649885518799,0.095,-30180.9157902587,62441.065919491,100,4.09,TRUE,"",4.5,258,4600258,4800258
"DGMM",NA,0.883483690599305,0.03,0.391657785796676,0.432,-32894.0299439927,67874.2019822381,13,1.61,TRUE,"",4.5,259,4600259,4800259
"RDMM",4.343798894514,0.925369366198692,0.019,0.768814611271741,0.094,-30555.4792259662,63190.1927909059,119,4.8,TRUE,"",4.5,259,4600259,4800259
"DGMM",NA,0.853630004852696,0.038,0.379316931857708,0.483,-32287.671596659,66661.4852875707,17,2.03,TRUE,"",4.5,260,4600260,4800260
"RDMM",4.47896289997588,0.925369296079998,0.019,0.721385846048665,0.116,-30221.872739855,62522.9798186837,162,6.67,TRUE,"",4.5,260,4600260,4800260
"DGMM",NA,0.879724083411505,0.031,0.399235508525125,0.42,-32808.1041835939,67702.3504614405,18,2.2,TRUE,"",4.5,261,4600261,4800261
"RDMM",4.53220587230332,0.906210163463448,0.024,0.719780670839875,0.116,-30458.3794155682,62995.99317011,139,5.58,TRUE,"",4.5,261,4600261,4800261
"DGMM",NA,0.898602513590736,0.026,0.325736390569278,0.463,-32965.9532656803,68018.0486256133,16,1.98999999999999,TRUE,"",4.5,262,4600262,4800262
"RDMM",4.21938219027001,0.944728677720549,0.014,0.747453078387455,0.104,-30304.7573463148,62688.7490316033,130,5.23,TRUE,"",4.5,262,4600262,4800262
"DGMM",NA,0.86104547610995,0.036,0.506256259795071,0.238,-32726.5747997942,67539.2916938411,31,3.89,TRUE,"",4.5,263,4600263,4800263
"RDMM",4.65848013771596,0.933088159987878,0.017,0.768919834022685,0.094,-30471.0575207658,63021.3493805053,134,5.41,TRUE,"",4.5,263,4600263,4800263
"DGMM",NA,0.526636060911273,0.137,0.218764462957382,0.549,-32689.8159721873,67465.7740386272,26,3.18000000000001,TRUE,"",4.5,264,4600264,4800264
"RDMM",4.42328917281574,0.940840781800237,0.015,0.792416921400834,0.084,-30031.0780959333,62141.3905308403,198,7.89,TRUE,"",4.5,264,4600264,4800264
"DGMM",NA,0.799021669871867,0.053,0.359235221248479,0.454,-32131.018299781,66348.1786938146,29,3.47,TRUE,"",4.5,265,4600265,4800265
"RDMM",4.75851222919568,0.917681180610994,0.021,0.80566740120916,0.077,-30036.2563341685,62151.7470073106,100,4.08,TRUE,"",4.5,265,4600265,4800265
"DGMM",NA,0.921521543670353,0.02,0.502453493025333,0.255,-32262.2131276009,66610.5683494544,15,1.88000000000001,TRUE,"",4.5,266,4600266,4800266
"RDMM",4.42665096448638,0.921521302493515,0.02,0.781334585554917,0.087,-30095.3235506734,62269.8814403204,100,4.05,TRUE,"",4.5,266,4600266,4800266
"DGMM",NA,0.691910775955555,0.084,0.310307941618457,0.396,-33174.7672326079,68435.6765594684,17,2.08,TRUE,"",4.5,267,4600267,4800267
"RDMM",4.01717332153968,0.913849829650331,0.022,0.747793924152642,0.103,-30523.3696179297,63125.9735748331,165,6.58999999999999,TRUE,"",4.5,267,4600267,4800267
"DGMM",NA,0.86476465061432,0.035,0.378554933299771,0.411,-33159.1718497001,68404.4857936528,14,1.75,TRUE,"",4.5,268,4600268,4800268
"RDMM",4.03204035786518,0.933089032610389,0.017,0.751074400745167,0.102,-30221.3128999132,62521.8601388,100,4.16,TRUE,"",4.5,268,4600268,4800268
"DGMM",NA,0.774175769966964,0.06,0.305721052770183,0.505,-32989.1977250695,68064.5375443917,22,2.69999999999999,TRUE,"",4.5,269,4600269,4800269
"RDMM",4.4480929509332,0.936960906158693,0.016,0.763664949250127,0.097,-30702.0413452158,63483.3170294053,100,4.05000000000001,TRUE,"",4.5,269,4600269,4800269
"DGMM",NA,0.936960942081098,0.016,0.36811326388835,0.49,-32858.0346292156,67802.2113526838,19,2.38,TRUE,"",4.5,270,4600270,4800270
"RDMM",4.39620557368915,0.952528525233878,0.012,0.771488916321625,0.093,-30487.4095836,63054.0535061736,100,4.01000000000002,TRUE,"",4.5,270,4600270,4800270
"DGMM",NA,0.361861886242068,0.199,0.16493558826983,0.593,-32869.6213125158,67825.3847192842,36,4.31,TRUE,"",4.5,271,4600271,4800271
"RDMM",4.58209868306679,0.925369299655092,0.019,0.724577460877833,0.114,-30726.6811340666,63532.5966071068,133,5.30000000000001,TRUE,"",4.5,271,4600271,4800271
"DGMM",NA,0.257353420337645,0.246,0.108574906444411,0.591,-32687.5176545477,67461.1774033479,31,3.78,TRUE,"",4.5,272,4600272,4800272
"RDMM",4.12565098452595,0.929225234416007,0.018,0.722366431614366,0.115,-30543.8875303382,63167.00939965,108,4.39000000000001,TRUE,"",4.5,272,4600272,4800272
"DGMM",NA,0.929225223632156,0.018,0.462977562471111,0.506,-32629.6088318728,67345.3597579982,32,3.83000000000001,TRUE,"",4.5,273,4600273,4800273
"RDMM",4.42877347617244,0.936960960512235,0.016,0.779628317941902,0.09,-30215.0183450486,62509.2710290709,113,4.60999999999999,TRUE,"",4.5,273,4600273,4800273
"DGMM",NA,0.936960898806238,0.016,0.399854347027223,0.426,-32683.1543593993,67452.4508130512,16,1.98000000000002,TRUE,"",4.5,274,4600274,4800274
"RDMM",4.21694582187051,0.925369298434679,0.019,0.743765196050443,0.105,-30252.4863365302,62584.2070120341,194,7.69999999999999,TRUE,"",4.5,274,4600274,4800274
"DGMM",NA,0.921521532833733,0.02,0.615452622642989,0.171,-32128.7175844353,66343.5772631232,16,1.94999999999999,TRUE,"",4.5,275,4600275,4800275
"RDMM",4.62082721627652,0.933089080277775,0.017,0.750028107117229,0.103,-30065.4134509297,62210.061240833,100,4.19,TRUE,"",4.5,275,4600275,4800275
"DGMM",NA,0.933089033764637,0.017,0.389373553488992,0.395,-32319.4986085895,66725.1393114316,15,1.94999999999999,TRUE,"",4.5,276,4600276,4800276
"RDMM",4.580571168078,0.936960938035484,0.016,0.732763694955015,0.111,-30206.4798108407,62492.1939606551,115,4.66999999999999,TRUE,"",4.5,276,4600276,4800276
"DGMM",NA,0.879724137626537,0.031,0.671434321503554,0.138,-32698.6858740516,67483.5138423559,18,2.28,TRUE,"",4.5,277,4600277,4800277
"RDMM",4.35504244464334,0.944728729526229,0.014,0.777716349277485,0.09,-30276.0547071104,62631.3437531944,115,4.53999999999999,TRUE,"",4.5,277,4600277,4800277
"DGMM",NA,0.817033033983434,0.048,0.37801885231224,0.5,-32430.4204340452,66946.982962343,22,2.69,TRUE,"",4.5,278,4600278,4800278
"RDMM",4.52319205738028,0.940840842838261,0.015,0.600881518131879,0.188,-30204.3008807399,62487.8361004534,105,4.22,TRUE,"",4.5,278,4600278,4800278
"DGMM",NA,0.437719068030164,0.169,0.18116155501261,0.508,-32660.3186668202,67406.7794278931,20,2.51000000000002,TRUE,"",4.5,279,4600279,4800279
"RDMM",4.24601539910956,0.964288277209793,0.009,0.783817430194834,0.088,-30555.2295330828,63189.6934051392,100,4.06999999999999,TRUE,"",4.5,279,4600279,4800279
"DGMM",NA,0.813417901558217,0.049,0.325930964607626,0.416,-33368.250144351,68822.6423829545,11,1.36000000000001,TRUE,"",4.5,280,4600280,4800280
"RDMM",4.17133626904747,0.929224745826188,0.018,0.730546838857762,0.112,-30737.9837686907,63555.201876355,115,4.69999999999999,TRUE,"",4.5,280,4600280,4800280
"DGMM",NA,0.940840782744888,0.015,0.690101701480491,0.132,-32640.2514408344,67366.6449759214,17,2.04999999999998,TRUE,"",4.5,281,4600281,4800281
"RDMM",4.37261189371595,0.956440399038085,0.011,0.782776961745714,0.089,-30329.7594151837,62738.753169341,100,4,TRUE,"",4.5,281,4600281,4800281
"DGMM",NA,0.678647948771776,0.088,0.324914125103052,0.464,-32671.9548510088,67430.0517962703,22,2.65000000000001,TRUE,"",4.5,282,4600282,4800282
"RDMM",4.61863859133757,0.940840609657082,0.015,0.70694806494317,0.123,-30596.4949830223,63272.2243050182,142,5.72,TRUE,"",4.5,282,4600282,4800282
"DGMM",NA,0.913849814037651,0.022,0.393583496532175,0.496,-32421.790465606,66929.7230254646,16,1.97,TRUE,"",4.5,283,4600283,4800283
"RDMM",4.70954018939806,0.906210137372211,0.024,0.681075351409315,0.135,-30424.506991613,62928.2483221996,112,4.53,TRUE,"",4.5,283,4600283,4800283
"DGMM",NA,0.65575906626024,0.095,0.315750772409542,0.451,-31918.4454660079,65923.0330262684,15,1.88,TRUE,"",4.5,284,4600284,4800284
"RDMM",4.90881144868191,0.940840827871836,0.015,0.752657550214411,0.102,-29737.3845598721,61554.0034587177,151,6.00000000000003,TRUE,"",4.5,284,4600284,4800284
"DGMM",NA,0.90240247008143,0.025,0.410904086933999,0.416,-32585.0389006836,67256.2198956198,18,2.33999999999997,TRUE,"",4.5,285,4600285,4800285
"RDMM",4.80576358634566,0.925369376541081,0.019,0.747895483843322,0.103,-30299.1288786433,62677.4920962603,120,4.80000000000001,TRUE,"",4.5,285,4600285,4800285
"DGMM",NA,0.87222807915465,0.033,0.387470397879482,0.43,-32727.3868031889,67540.9157006304,12,1.52000000000004,TRUE,"",4.5,286,4600286,4800286
"RDMM",4.58704048353001,0.9292252234994,0.018,0.78121709988907,0.089,-30242.6191422032,62564.4726233799,110,4.50999999999999,TRUE,"",4.5,286,4600286,4800286
"DGMM",NA,0.89481105744596,0.027,0.395419030578137,0.433,-31877.0776434498,65840.2973811522,24,2.87,TRUE,"",4.5,287,4600287,4800287
"RDMM",4.86299393709905,0.929225183356077,0.018,0.766206460668322,0.095,-29908.477317959,61896.1889748917,138,5.64000000000004,TRUE,"",4.5,287,4600287,4800287
"DGMM",NA,0.478278723433421,0.154,0.213765013926538,0.518,-32126.7240442727,66339.590182798,25,2.98000000000002,TRUE,"",4.5,288,4600288,4800288
"RDMM",4.42666517629843,0.952528488063434,0.012,0.790703088805983,0.085,-29975.8407651955,62030.9158693646,185,7.38999999999999,TRUE,"",4.5,288,4600288,4800288
"DGMM",NA,0.0054340317473637,0.459,0.00263277758297786,0.717,-31911.956361108,65910.0548164685,27,3.25999999999999,TRUE,"",4.5,289,4600289,4800289
"RDMM",4.20399904491538,0.936960924091603,0.016,0.757481498069562,0.099,-30640.8348189509,63360.9039768754,100,4.03000000000003,TRUE,"",4.5,289,4600289,4800289
"DGMM",NA,0.78833428618731,0.056,0.361198500913834,0.506,-32332.0020659498,66750.1462261521,12,1.5,TRUE,"",4.5,290,4600290,4800290
"RDMM",4.72980668611853,0.936960909797021,0.016,0.771446164372159,0.093,-30184.5650387176,62448.3644164088,213,8.5,TRUE,"",4.5,290,4600290,4800290
"DGMM",NA,0.6753599643993,0.089,0.244874136017532,0.477,-32883.5714343056,67853.2849628639,19,2.29000000000002,TRUE,"",4.5,291,4600291,4800291
"RDMM",4.29348520368082,0.940840838327468,0.015,0.731768711368064,0.112,-30240.384090424,62560.0025198217,218,7.45999999999998,TRUE,"",4.5,291,4600291,4800291
"DGMM",NA,0.944728682080226,0.014,0.423258165086487,0.437,-32287.6243083431,66661.3907109388,20,2.19,TRUE,"",4.5,292,4600292,4800292
"RDMM",4.49515814783342,0.95252848172299,0.012,0.752110688208586,0.102,-30205.4137122035,62490.0617633806,149,4.90999999999997,TRUE,"",4.5,292,4600292,4800292
"DGMM",NA,0.729050074609081,0.073,0.278814743571558,0.481,-33617.045755189,69320.2336046306,13,0.8,TRUE,"",4.5,293,4600293,4800293
"RDMM",3.89962635121087,0.925369299655092,0.019,0.745130711305746,0.105,-30494.2883562756,63067.8110515249,178,5.41,TRUE,"",4.5,293,4600293,4800293
"DGMM",NA,0.842566593446953,0.041,0.375904417681302,0.466,-32758.9552069163,67604.0525080852,20,2.43,TRUE,"",4.5,294,4600294,4800294
"RDMM",4.44806485681112,0.952528528052863,0.012,0.733075053481879,0.111,-30502.5427617271,63084.3198624278,133,5.56,TRUE,"",4.5,294,4600294,4800294
"DGMM",NA,0.760142943606464,0.064,0.330500047303997,0.433,-32533.3086358999,67152.7593660525,19,2.31,TRUE,"",4.5,295,4600295,4800295
"RDMM",4.48809391823319,0.917681296537434,0.021,0.75222311630389,0.101,-30144.0406793608,62367.3156976952,100,4.04,TRUE,"",4.5,295,4600295,4800295
"DGMM",NA,0.887251375313477,0.029,0.408070243320725,0.414,-33241.5053406575,68569.1527755675,29,3.45,TRUE,"",4.5,296,4600296,4800296
"RDMM",4.3247081802497,0.921521531712703,0.02,0.770588826971836,0.093,-30767.913912296,63615.0621635656,100,4.27,TRUE,"",4.5,296,4600296,4800296
"DGMM",NA,0.299567860140954,0.226,0.120692809821201,0.595,-32560.9299470666,67208.0019883858,29,3.45,TRUE,"",4.5,297,4600297,4800297
"RDMM",4.23005312985297,0.921521471803615,0.02,0.738732829673939,0.108,-30470.1197388063,63019.4738165863,244,9.73,TRUE,"",4.5,297,4600297,4800297
"DGMM",NA,0.319801683653367,0.217,0.125670619077323,0.587,-33066.9398217956,68220.0217378439,33,4.01,TRUE,"",4.5,298,4600298,4800298
"RDMM",3.96768130994153,0.933089022312268,0.017,0.753309894132243,0.101,-30766.1412566739,63611.5168523214,225,9.04,TRUE,"",4.5,298,4600298,4800298
"DGMM",NA,0.831575586365528,0.044,0.36336324272141,0.397,-32675.5540154592,67437.250125171,22,2.66,TRUE,"",4.5,299,4600299,4800299
"RDMM",4.73933187754963,0.913849860683694,0.022,0.754169012983597,0.1,-30338.3676744947,62755.969687963,100,4.06,TRUE,"",4.5,299,4600299,4800299
"DGMM",NA,0.925369310208081,0.019,0.726312930602236,0.113,-32585.0771605952,67256.296415443,16,1.95,TRUE,"",4.5,300,4600300,4800300
"RDMM",4.46479530243433,0.952528484718547,0.012,0.79669768890394,0.082,-30486.0504170347,63051.335173043,100,4.09,TRUE,"",4.5,300,4600300,4800300
"DGMM",NA,0.906210195107623,0.024,0.424075007098283,0.48,-32937.0028438315,67960.1477819156,20,2.39,TRUE,"",4.5,301,4600301,4800301
"RDMM",4.59765447647331,0.921521508884453,0.02,0.729875322071582,0.112,-30629.3244485481,63337.8832360699,140,5.83000000000001,TRUE,"",4.5,301,4600301,4800301
"DGMM",NA,0.48671064148539,0.151,0.235576010850754,0.439,-32228.5461855556,66543.2344653637,31,3.67,TRUE,"",4.5,302,4600302,4800302
"RDMM",4.44420067315335,0.913849845395598,0.022,0.769630368624158,0.093,-30197.5462216707,62474.326782315,101,4.11,TRUE,"",4.5,302,4600302,4800302
"DGMM",NA,0.817033850347505,0.048,0.340074482762574,0.412,-33163.5993319984,68413.3407582495,18,2.17,TRUE,"",4.5,303,4600303,4800303
"RDMM",4.04413274872916,0.936960928498019,0.016,0.759925950299194,0.098,-30465.4292273629,63010.0927936995,294,11.92,TRUE,"",4.5,303,4600303,4800303
"DGMM",NA,0.81341833345097,0.049,0.361071855526953,0.38,-32710.3030901645,67506.7482745816,13,1.68000000000001,TRUE,"",4.5,304,4600304,4800304
"RDMM",4.41910919373578,0.952528498235081,0.012,0.798590226152074,0.081,-30203.8467492914,62486.9278375564,100,3.95999999999999,TRUE,"",4.5,304,4600304,4800304
"DGMM",NA,0.925369298434679,0.019,0.340069076665051,0.462,-32868.3454483191,67822.8329908908,11,1.38,TRUE,"",4.5,305,4600305,4800305
"RDMM",4.3335988734245,0.921521449096114,0.02,0.77739654330127,0.091,-30119.5433039408,62318.3209468553,258,10.26,TRUE,"",4.5,305,4600305,4800305
"DGMM",NA,0.910025972149848,0.023,0.392404613876903,0.449,-32396.5132851067,66879.168664466,21,2.64999999999999,TRUE,"",4.5,306,4600306,4800306
"RDMM",4.75468016074904,0.956440414357091,0.011,0.773745431777847,0.092,-30154.5304780096,62388.2952949929,114,4.57000000000001,TRUE,"",4.5,306,4600306,4800306
"DGMM",NA,0.925369416685411,0.019,0.424886502096344,0.441,-32196.6822688912,66479.5066320349,14,1.73999999999999,TRUE,"",4.5,307,4600307,4800307
"RDMM",4.80591748780594,0.972168154142271,0.007,0.770874737207312,0.094,-30047.3837523,62174.0018435737,122,4.86999999999999,TRUE,"",4.5,307,4600307,4800307
"DGMM",NA,0.891026950987937,0.028,0.397973432512974,0.491,-32037.2267089323,66160.5955121173,21,2.54999999999998,TRUE,"",4.5,308,4600308,4800308
"RDMM",4.48136527321975,0.929225202854171,0.018,0.523389985912648,0.286,-30044.5395213939,62168.3133817614,157,6.48000000000002,TRUE,"",4.5,308,4600308,4800308
"DGMM",NA,0.87222824021162,0.033,0.36256823875179,0.431,-32903.3714342462,67892.884962745,20,2.43000000000001,TRUE,"",4.5,309,4600309,4800309
"RDMM",4.3171494731977,0.933089093523709,0.017,0.755735692281123,0.1,-30438.1718303045,62955.5779995827,100,4.06999999999999,TRUE,"",4.5,309,4600309,4800309
"DGMM",NA,0.929225199486484,0.018,0.407919739686479,0.456,-32940.2377874287,67966.61766911,16,1.94999999999999,TRUE,"",4.5,310,4600310,4800310
"RDMM",4.33013887502291,0.952528488462993,0.012,0.787437080181935,0.086,-30803.7810203291,63686.7963796318,133,5.34999999999999,TRUE,"",4.5,310,4600310,4800310
"DGMM",NA,0.929225168436352,0.018,0.419559894933961,0.454,-31831.1538999232,65748.449894099,19,2.35999999999999,TRUE,"",4.5,311,4600311,4800311
"RDMM",5.3259589904636,0.944728673788864,0.014,0.763394694939199,0.097,-30167.6910456785,62414.6164303307,171,6.91,TRUE,"",4.5,311,4600311,4800311
"DGMM",NA,0.910025965658738,0.023,0.384123853968965,0.389,-32867.2954492244,67820.7329927013,15,1.87,TRUE,"",4.5,312,4600312,4800312
"RDMM",4.21300841374544,0.968224219107501,0.008,0.785527852688414,0.087,-30076.4465310842,62232.1274011419,110,4.41999999999999,TRUE,"",4.5,312,4600312,4800312
"DGMM",NA,0.356925798513331,0.201,0.152634938620447,0.56,-32655.2538717758,67396.6498378041,29,3.44999999999999,TRUE,"",4.5,313,4600313,4800313
"RDMM",4.52988954250714,0.933089050271659,0.017,0.8153105825879,0.073,-30250.5180033348,62580.2703456432,136,5.43000000000001,TRUE,"",4.5,313,4600313,4800313
"DGMM",NA,0.802618606277349,0.052,0.351764565538268,0.462,-32703.1381794015,67492.4184530557,19,2.30000000000001,TRUE,"",4.5,314,4600314,4800314
"RDMM",4.33697403966179,0.936960365786558,0.016,0.641629236973009,0.158,-30434.0359648704,62947.3062687144,143,5.74000000000001,TRUE,"",4.5,314,4600314,4800314
"DGMM",NA,0.92922432246435,0.018,0.536548382906097,0.217,-32134.7328468603,66355.6077879732,20,2.42000000000002,TRUE,"",4.5,315,4600315,4800315
"RDMM",4.71846268689778,0.933087271675771,0.017,0.705094641718641,0.123,-30026.4320146081,62132.0983681899,137,5.48000000000002,TRUE,"",4.5,315,4600315,4800315
"DGMM",NA,0.453783660787075,0.163,0.189202101055879,0.556,-32315.9555812939,66718.0532568403,30,3.73000000000002,TRUE,"",4.5,316,4600316,4800316
"RDMM",4.63936730211369,0.925369346691245,0.019,0.751226490796164,0.102,-30189.3001304946,62457.8345999629,100,4.03999999999999,TRUE,"",4.5,316,4600316,4800316
"DGMM",NA,0.894810689137045,0.027,0.478796279235577,0.261,-32937.0794793129,67960.3010528785,21,2.56,TRUE,"",4.5,317,4600317,4800317
"RDMM",4.2250842896772,0.929225197852566,0.018,0.765806718603669,0.095,-30406.8826775635,62892.9996941007,144,5.77000000000001,TRUE,"",4.5,317,4600317,4800317
"DGMM",NA,0.902402345813814,0.025,0.560477071151734,0.201,-33066.4859306473,68219.1139555471,24,2.86000000000001,TRUE,"",4.5,318,4600318,4800318
"RDMM",4.48076250190761,0.933089069872396,0.017,0.749595136244488,0.103,-30749.4906488553,63578.2156366843,130,5.31999999999999,TRUE,"",4.5,318,4600318,4800318
"DGMM",NA,0.94472868437969,0.014,0.375011564499077,0.409,-32215.0853043583,66516.3127029692,18,2.22,TRUE,"",4.5,319,4600319,4800319
"RDMM",4.58907072045376,0.93696092012987,0.016,0.783680225470082,0.088,-30075.9989070257,62231.232153025,234,9.38999999999999,TRUE,"",4.5,319,4600319,4800319
"DGMM",NA,0.89481098509977,0.027,0.64843444213459,0.15,-32624.3170697125,67334.7762336776,26,3.07999999999998,TRUE,"",4.5,320,4600320,4800320
"RDMM",4.57936652344017,0.933089101710698,0.017,0.756722483610548,0.099,-30353.0621233159,62785.3585856054,117,4.80000000000001,TRUE,"",4.5,320,4600320,4800320
"DGMM",NA,0.898602676008502,0.026,0.408411534595978,0.388,-32397.1171968987,66880.3764880499,15,1.81,TRUE,"",4.5,321,4600321,4800321
"RDMM",4.35407300120021,0.948624417256095,0.013,0.814132463446526,0.074,-29963.3702882883,62005.9749155503,100,3.97,TRUE,"",4.5,321,4600321,4800321
"DGMM",NA,0.887251144086169,0.029,0.416911736448193,0.473,-32488.2818329729,67062.7057601983,20,2.5,TRUE,"",4.5,322,4600322,4800322
"RDMM",4.80908388827001,0.921521448445639,0.02,0.763822335271695,0.096,-30415.2289891978,62909.6923173691,236,9.41999999999999,TRUE,"",4.5,322,4600322,4800322
"DGMM",NA,0.846246362472787,0.04,0.381058723693556,0.406,-32950.5089199128,67987.1599340782,18,2.35999999999999,TRUE,"",4.5,323,4600323,4800323
"RDMM",4.45127619433306,0.929225182079578,0.018,0.738308999366567,0.108,-30390.6695807138,62860.5735004013,156,6.23000000000002,TRUE,"",4.5,323,4600323,4800323
"DGMM",NA,0.824289413327891,0.046,0.367296946408099,0.45,-32470.8505648295,67027.8432239115,18,2.28000000000003,TRUE,"",4.5,324,4600324,4800324
"RDMM",4.70926552122006,0.921521498591353,0.02,0.750747460147059,0.102,-30378.1080416547,62835.450422283,128,5.13,TRUE,"",4.5,324,4600324,4800324
"DGMM",NA,0.913849809761565,0.022,0.623424976062404,0.165,-32317.8028490591,66721.7477923707,22,2.68000000000001,TRUE,"",4.5,325,4600325,4800325
"RDMM",4.83508517862369,0.952528499589018,0.012,0.745591320825298,0.105,-30339.4258218768,62758.0859827272,128,5.24000000000001,TRUE,"",4.5,325,4600325,4800325
"DGMM",NA,0.921521513689408,0.02,0.407207384335573,0.377,-32060.5863363044,66207.3147668614,14,1.69999999999999,TRUE,"",4.5,326,4600326,4800326
"RDMM",4.87113251572499,0.948624580735441,0.013,0.766231366664737,0.096,-30034.5892164044,62148.4127717824,169,6.79999999999995,TRUE,"",4.5,326,4600326,4800326
"DGMM",NA,0.921521543670353,0.02,0.349298713064582,0.471,-32809.5987999517,67705.3396941561,19,2.29999999999995,TRUE,"",4.5,327,4600327,4800327
"RDMM",4.64218056152599,0.94084072489352,0.015,0.761336895327552,0.098,-30542.8367170787,63164.907773131,107,4.30000000000001,TRUE,"",4.5,327,4600327,4800327
"DGMM",NA,0.944728709410601,0.014,0.719479331113424,0.117,-31670.6864085342,65427.514911321,15,1.85000000000002,TRUE,"",4.5,328,4600328,4800328
"RDMM",4.8916285306852,0.964288265646928,0.009,0.758656660039401,0.099,-29840.1769382539,61759.5882154814,100,4.06,TRUE,"",4.5,328,4600328,4800328
"DGMM",NA,0.917678358794235,0.021,0.416399961061305,0.451,-31903.1515732565,65892.4452407656,20,2.38999999999999,TRUE,"",4.5,329,4600329,4800329
"RDMM",4.67158248617976,0.929222971454281,0.018,0.661674464220109,0.153,-29826.5670424386,61732.3684238509,100,4.04000000000002,TRUE,"",4.5,329,4600329,4800329
"DGMM",NA,0.424504810778624,0.174,0.190190941305572,0.501,-32789.7756598929,67665.6934140384,23,2.59000000000003,TRUE,"",4.5,330,4600330,4800330
"RDMM",4.63234498682981,0.956440434704201,0.011,0.785064374849116,0.087,-30693.4756246795,63466.1855883325,100,3.53999999999996,TRUE,"",4.5,330,4600330,4800330
"DGMM",NA,0.906210161911687,0.024,0.376843211801453,0.415,-33144.1935261009,68374.5291464543,13,1.34000000000003,TRUE,"",4.5,331,4600331,4800331
"RDMM",4.28405526975633,0.929225221565932,0.018,0.503897753814711,0.315,-30644.2091617371,63367.6526624479,146,5.04999999999995,TRUE,"",4.5,331,4600331,4800331
"DGMM",NA,0.910026021863066,0.023,0.428815721704878,0.46,-32625.2397491462,67336.6215925451,25,2.51999999999998,TRUE,"",4.5,332,4600332,4800332
"RDMM",4.5154269030719,0.948624595429422,0.013,0.761613419770953,0.098,-30496.1243542603,63071.4830474942,122,3.48000000000002,TRUE,"",4.5,332,4600332,4800332
"DGMM",NA,0.902402340525157,0.025,0.361263346198171,0.476,-32833.5242580572,67753.1906103669,21,1.56,TRUE,"",4.5,333,4600333,4800333
"RDMM",4.28884347518678,0.902402336294231,0.025,0.707709197694697,0.123,-30454.2806065082,62987.7955519901,146,3.44,TRUE,"",4.5,333,4600333,4800333
"DGMM",NA,0.835231512955344,0.043,0.375662669882731,0.389,-32593.9276948897,67273.997484032,13,1,TRUE,"",4.5,334,4600334,4800334
"RDMM",4.42799130163997,0.944728708791209,0.014,0.776423237206263,0.091,-30472.7087588466,63024.6518566668,100,2.23,TRUE,"",4.5,334,4600334,4800334
"DGMM",NA,0.95644043997534,0.011,0.706694466716866,0.124,-32635.6280823429,67357.3982589384,17,2.29,TRUE,"",4.5,335,4600335,4800335
"RDMM",4.56257499606865,0.964288291720044,0.009,0.769991488795704,0.094,-30412.502220781,62904.2387805355,100,4.05,TRUE,"",4.5,335,4600335,4800335
"DGMM",NA,0.83157598627324,0.044,0.354080122127066,0.422,-32809.9291563885,67706.0004070296,21,2.56,TRUE,"",4.5,336,4600336,4800336
"RDMM",4.28465840158719,0.925369313093999,0.019,0.760776443238109,0.098,-30331.23462994,62741.7035988535,155,6.32,TRUE,"",4.5,336,4600336,4800336
"DGMM",NA,0.898602545543732,0.026,0.398562411544598,0.433,-32390.3610597324,66866.8642137174,16,1.97,TRUE,"",4.5,337,4600337,4800337
"RDMM",4.84492856205915,0.929225159909332,0.018,0.734333272603253,0.11,-30242.0658518499,62563.3660426734,100,4.1,TRUE,"",4.5,337,4600337,4800337
"DGMM",NA,0.838894883713759,0.042,0.542442105692926,0.207,-32941.2356680069,67968.6134302664,14,1.83,TRUE,"",4.5,338,4600338,4800338
"RDMM",4.56548035485637,0.917681659708151,0.021,0.753314070608095,0.101,-30657.9404118277,63395.115162629,100,4.01,TRUE,"",4.5,338,4600338,4800338
"DGMM",NA,0.550137021481851,0.129,0.238368852449983,0.487,-32457.7666748436,67001.6754439398,17,2.13,TRUE,"",4.5,339,4600339,4800339
"RDMM",4.59041288037674,0.940840832185354,0.015,0.770112950932947,0.094,-30383.7276023356,62846.6895436447,152,6.16,TRUE,"",4.5,339,4600339,4800339
"DGMM",NA,0.948624638338435,0.013,0.437299715117189,0.34,-32554.1966808588,67194.5354559702,18,2.17,TRUE,"",4.5,340,4600340,4800340
"RDMM",4.34626991023965,0.944728688654299,0.014,0.782815937622602,0.088,-30133.8320894453,62346.8985178642,126,5.11,TRUE,"",4.5,340,4600340,4800340
"DGMM",NA,0.849934180549268,0.039,0.314180718889015,0.493,-33258.4807862539,68603.1036667604,14,1.72,TRUE,"",4.5,341,4600341,4800341
"RDMM",4.02158296304791,0.917681633952254,0.021,0.74646513894878,0.104,-30601.7734765574,63282.7812920883,152,6.13,TRUE,"",4.5,341,4600341,4800341
"DGMM",NA,0.495021007364587,0.148,0.197151263839942,0.561,-32527.071526113,67140.2851464785,29,3.46,TRUE,"",4.5,342,4600342,4800342
"RDMM",4.61570868263313,0.913849344859041,0.022,0.601964982074931,0.193,-30478.8601944152,63036.954727804,100,4.01,TRUE,"",4.5,342,4600342,4800342
"DGMM",NA,0.864765214977445,0.035,0.367313395210534,0.499,-32148.6186354508,66383.3793651542,22,2.67,TRUE,"",4.5,343,4600343,4800343
"RDMM",4.69988015213801,0.925369383447172,0.019,0.749398229400784,0.103,-30135.4765567452,62350.1874524641,172,6.89,TRUE,"",4.5,343,4600343,4800343
"DGMM",NA,0.902402332470125,0.025,0.402848495124182,0.367,-32963.4548769176,68013.0518480878,17,2.12,TRUE,"",4.5,344,4600344,4800344
"RDMM",4.4883454923655,0.9138497994636,0.022,0.729510226756855,0.111,-30511.8851680584,63103.0046750905,100,4.12,TRUE,"",4.5,344,4600344,4800344
"DGMM",NA,0.550113215062706,0.129,0.224235427835985,0.554,-33310.5088227128,68707.1597396782,21,2.53999999999999,TRUE,"",4.5,345,4600345,4800345
"RDMM",4.01989682943761,0.929225225184377,0.018,0.750653496648274,0.102,-30439.1494132004,62957.5331653745,292,11.85,TRUE,"",4.5,345,4600345,4800345
"DGMM",NA,0.933087677092988,0.017,0.429986751610216,0.391,-32693.7416104508,67473.6253151542,17,2.13000000000001,TRUE,"",4.5,346,4600346,4800346
"RDMM",4.47064207983998,0.944727300368404,0.014,0.799511312898052,0.081,-30570.3804717999,63219.9952825733,138,5.56,TRUE,"",4.5,346,4600346,4800346
"DGMM",NA,0.817033135993041,0.048,0.343471372080844,0.443,-32362.4586008477,66811.0592959479,15,1.81,TRUE,"",4.5,347,4600347,4800347
"RDMM",4.74583625237765,0.948624618887061,0.013,0.6896587400823,0.132,-30150.3092478999,62379.8528347734,140,5.65000000000001,TRUE,"",4.5,347,4600347,4800347
"DGMM",NA,0.910025338405371,0.023,0.597264974502698,0.18,-32760.378572019,67606.8992382905,25,2.98999999999999,TRUE,"",4.5,348,4600348,4800348
"RDMM",4.25475253658735,0.944728483363316,0.014,0.794155842533022,0.083,-30437.9449438277,62955.1242266291,229,9.09999999999999,TRUE,"",4.5,348,4600348,4800348
"DGMM",NA,0.933089032610389,0.017,0.436320130796458,0.36,-31978.2002573638,66042.5426089802,19,2.39,TRUE,"",4.5,349,4600349,4800349
"RDMM",4.76876514341934,0.940840787354327,0.015,0.767126554593736,0.095,-30159.6909603902,62398.6162597541,120,4.77,TRUE,"",4.5,349,4600349,4800349
"DGMM",NA,0.883483429264805,0.03,0.387004744413492,0.488,-32909.6967876225,67905.5356694977,21,2.56,TRUE,"",4.5,350,4600350,4800350
"RDMM",4.71529962868695,0.956440426927384,0.011,0.754524660433609,0.101,-30603.328527863,63285.8913946996,215,8.78,TRUE,"",4.5,350,4600350,4800350
"DGMM",NA,0.79903484406114,0.053,0.364986534189225,0.403,-32358.2015279316,66802.5451501159,14,1.72999999999999,TRUE,"",4.5,351,4600351,4800351
"RDMM",4.69885816015252,0.92922521124502,0.018,0.716306941273532,0.12,-30124.6060591681,62328.4464573099,105,4.24000000000001,TRUE,"",4.5,351,4600351,4800351
"DGMM",NA,0.809811209463745,0.05,0.380509818759707,0.463,-32202.0322448048,66490.2065838621,20,2.43000000000001,TRUE,"",4.5,352,4600352,4800352
"RDMM",4.55586154748893,0.936960899800715,0.016,0.597586607717194,0.2,-30201.0497100916,62481.3337591568,113,4.56,TRUE,"",4.5,352,4600352,4800352
"DGMM",NA,0.838894958959752,0.042,0.375243679939863,0.477,-32983.1556244985,68052.4533432497,22,2.72,TRUE,"",4.5,353,4600353,4800353
"RDMM",4.48793204830204,0.913849834331096,0.022,0.698293820535009,0.128,-30788.5516312305,63656.3376014347,119,4.81,TRUE,"",4.5,353,4600353,4800353
"DGMM",NA,0.944728716598743,0.014,0.42634559466191,0.432,-32462.9813988786,67012.1048920098,19,2.29000000000002,TRUE,"",4.5,354,4600354,4800354
"RDMM",4.67494598485882,0.964288283063362,0.009,0.78780940506657,0.086,-30291.4400625354,62662.1144640444,177,7.17999999999998,TRUE,"",4.5,354,4600354,4800354
"DGMM",NA,0.853630045071144,0.038,0.675360910940744,0.137,-32050.6407316818,66187.4235576161,15,1.82999999999998,TRUE,"",4.5,355,4600355,4800355
"RDMM",4.73851305426886,0.964288252648143,0.009,0.791218565691692,0.085,-30071.2095492576,62221.6534374888,128,5.16,TRUE,"",4.5,355,4600355,4800355
"DGMM",NA,0.883483453782301,0.03,0.418783237422871,0.435,-31989.2222787972,66064.5866518471,18,2.19999999999999,TRUE,"",4.5,356,4600356,4800356
"RDMM",4.95347660464633,0.917681656144874,0.021,0.780996150224708,0.089,-29903.2062268042,61885.646792582,300,11.91,TRUE,"",4.5,356,4600356,4800356
"DGMM",NA,0.756657891666848,0.065,0.325549555197746,0.445,-32700.5649933072,67487.272080867,16,1.99000000000001,TRUE,"",4.5,357,4600357,4800357
"RDMM",4.39353551005903,0.92922519229157,0.018,0.7779169851796,0.09,-30376.2324629699,62831.6992649134,112,4.66999999999999,TRUE,"",4.5,357,4600357,4800357
"DGMM",NA,0.921521468576403,0.02,0.370245750677472,0.443,-33062.8175887635,68211.7772717797,13,1.61000000000001,TRUE,"",4.5,358,4600358,4800358
"RDMM",4.22007641990662,0.936960900313113,0.016,0.777840035422586,0.09,-30355.1610311449,62789.5564012634,186,7.47,TRUE,"",4.5,358,4600358,4800358
"DGMM",NA,0.781236266085057,0.058,0.350102086964186,0.451,-32602.0020442711,67290.1461827948,13,1.58000000000001,TRUE,"",4.5,359,4600359,4800359
"RDMM",4.72145327580506,0.917681281951626,0.021,0.791900000093515,0.083,-30538.4869696996,63156.2082783728,112,4.57999999999998,TRUE,"",4.5,359,4600359,4800359
"DGMM",NA,0.416802287173761,0.177,0.165067003243701,0.563,-32872.5210131862,67831.1841206251,34,4.09999999999999,TRUE,"",4.5,360,4600360,4800360
"RDMM",4.39019029449564,0.940840812211142,0.015,0.760066830121095,0.098,-30587.4868043258,63254.2079476251,106,4.30000000000001,TRUE,"",4.5,360,4600360,4800360
"DGMM",NA,0.913849021661816,0.022,0.435452220996976,0.46,-32069.9175354429,66225.9771651383,17,2.07000000000002,TRUE,"",4.5,361,4600361,4800361
"RDMM",4.80382402745783,0.940840787490903,0.015,0.750984315717606,0.102,-30213.7054262701,62506.6451915137,110,4.45999999999998,TRUE,"",4.5,361,4600361,4800361
"DGMM",NA,0.93696079900571,0.016,0.590038937322193,0.187,-32294.0473587763,66674.2368118052,18,2.16999999999999,TRUE,"",4.5,362,4600362,4800362
"RDMM",4.6919476442777,0.952528442618605,0.012,0.753488976559611,0.101,-30120.8172348824,62320.8688087385,100,4.02000000000001,TRUE,"",4.5,362,4600362,4800362
"DGMM",NA,0.767144705465277,0.062,0.359715127385448,0.371,-32815.6885352104,67717.5191646733,12,1.48000000000002,TRUE,"",4.5,363,4600363,4800363
"RDMM",4.41197697356755,0.940840818083903,0.015,0.738782812605704,0.108,-30583.9975511536,63247.2294412807,101,4.10999999999999,TRUE,"",4.5,363,4600363,4800363
"DGMM",NA,0.435090003326426,0.17,0.189836060489452,0.542,-33518.0912295562,69122.324553365,45,5.34,TRUE,"",4.5,364,4600364,4800364
"RDMM",4.13933875829458,0.925369302067204,0.019,0.756595973302244,0.1,-30977.5104200725,64034.2551791187,231,9.19999999999999,TRUE,"",4.5,364,4600364,4800364
"DGMM",NA,0.913849807076581,0.022,0.357004040102038,0.481,-32602.2495567725,67290.6412077976,15,1.84999999999999,TRUE,"",4.5,365,4600365,4800365
"RDMM",4.51375227958756,0.936960939534271,0.016,0.75297438943116,0.101,-30084.6436677572,62248.5216744881,140,5.75,TRUE,"",4.5,365,4600365,4800365
"DGMM",NA,0.887251396310432,0.029,0.398964026437864,0.476,-32680.9610561825,67448.0642066176,28,3.36000000000001,TRUE,"",4.5,366,4600366,4800366
"RDMM",4.45102112276638,0.940840791925828,0.015,0.784804370454593,0.087,-30452.6684456476,62984.5712302688,300,11.96,TRUE,"",4.5,366,4600366,4800366
"DGMM",NA,0.894810838889332,0.027,0.393658573193032,0.383,-32785.1327109806,67656.4075162138,20,2.56,TRUE,"",4.5,367,4600367,4800367
"RDMM",4.67209535325453,0.948624590154745,0.013,0.765898886639697,0.096,-30538.503784174,63156.2419073216,144,5.81,TRUE,"",4.5,367,4600367,4800367
"DGMM",NA,0.887251170224013,0.029,0.365818952697905,0.412,-32791.7737492529,67669.6895927584,18,2.17000000000002,TRUE,"",4.5,368,4600368,4800368
"RDMM",4.57987093060678,0.925369298434679,0.019,0.769846673649866,0.093,-30567.6185428696,63214.4714247129,100,3.94999999999999,TRUE,"",4.5,368,4600368,4800368
"DGMM",NA,0.541231278030579,0.132,0.318551656743304,0.431,-31995.1831348214,66076.5083638954,31,3.75,TRUE,"",4.5,369,4600369,4800369
"RDMM",4.51708056044796,0.9292252234994,0.018,0.720609121253804,0.116,-29956.4397844834,61992.1139079404,138,5.61000000000001,TRUE,"",4.5,369,4600369,4800369
"DGMM",NA,0.917680893074006,0.021,0.388706742814599,0.451,-33023.3189582244,68132.7800107014,14,1.69,TRUE,"",4.5,370,4600370,4800370
"RDMM",4.19719880924078,0.956440261811823,0.011,0.740750790610825,0.107,-30385.4423536007,62850.119046175,100,4.08000000000004,TRUE,"",4.5,370,4600370,4800370
"DGMM",NA,0.883483338892756,0.03,0.372219831165592,0.503,-33005.8360608718,68097.8142159963,19,2.17000000000002,TRUE,"",4.5,371,4600371,4800371
"RDMM",4.29587375352332,0.925369359541466,0.019,0.751869339933892,0.102,-30467.0962866936,63013.4269123608,218,7.5,TRUE,"",4.5,371,4600371,4800371
"DGMM",NA,0.929225204545957,0.018,0.433405007169533,0.407,-31567.7004891316,65221.5430725159,36,3.71999999999997,TRUE,"",4.5,372,4600372,4800372
"RDMM",4.99852392783085,0.929225163697984,0.018,0.623738631206728,0.178,-29968.8235405897,62016.8814201531,133,4.28999999999996,TRUE,"",4.5,372,4600372,4800372
"DGMM",NA,0.620559622512961,0.106,0.271593820256108,0.495,-32286.2607049542,66658.6635041611,24,1.81,TRUE,"",4.5,373,4600373,4800373
"RDMM",4.48598360416449,0.933089080277775,0.017,0.750845948292117,0.102,-29984.3335945066,62047.9015279869,264,6.22000000000003,TRUE,"",4.5,373,4600373,4800373
"DGMM",NA,0.902402442067262,0.025,0.410850646403761,0.437,-32420.4151946989,66926.9724836505,29,1.93000000000001,TRUE,"",4.5,374,4600374,4800374
"RDMM",4.62495395059168,0.940840811027485,0.015,0.752097748572129,0.102,-30153.4419972608,62386.1183334952,186,4.19,TRUE,"",4.5,374,4600374,4800374
"DGMM",NA,0.842566453426541,0.041,0.338328526375511,0.458,-33010.0815354423,68106.3051651371,18,1.20999999999998,TRUE,"",4.5,375,4600375,4800375
"RDMM",4.48779716341831,0.910026004293812,0.023,0.738152594270444,0.108,-30551.6480607724,63182.5304605184,100,2.32999999999998,TRUE,"",4.5,375,4600375,4800375
"DGMM",NA,0.906210207269086,0.024,0.407172642508354,0.473,-32850.4158421884,67786.9737786293,17,1.14,TRUE,"",4.5,376,4600376,4800376
"RDMM",4.70098583365794,0.925369370812327,0.019,0.777275045069692,0.09,-30230.589475768,62540.4132905097,114,3.1,TRUE,"",4.5,376,4600376,4800376
"DGMM",NA,0.883483452398114,0.03,0.363634973697121,0.504,-32978.1182991318,68042.3786925161,14,1.7,TRUE,"",4.5,377,4600377,4800377
"RDMM",4.39975944524585,0.936960929541006,0.016,0.777907592666954,0.09,-30576.7287877747,63232.6919145231,133,5.38,TRUE,"",4.5,377,4600377,4800377
"DGMM",NA,0.652528282668616,0.096,0.327928150938013,0.373,-32422.3853917572,66930.9128777671,12,1.54,TRUE,"",4.5,378,4600378,4800378
"RDMM",4.68360860476562,0.940840788344503,0.015,0.767000877137069,0.095,-30351.7987804418,62782.8318998572,100,4.06,TRUE,"",4.5,378,4600378,4800378
"DGMM",NA,0.649296902213257,0.097,0.295707524144164,0.414,-32658.6020207757,67403.3461358039,13,1.68,TRUE,"",4.5,379,4600379,4800379
"RDMM",4.31221404062005,0.95252848247188,0.012,0.765301091972794,0.096,-30006.7070365986,62092.6484121708,100,3.97,TRUE,"",4.5,379,4600379,4800379
"DGMM",NA,0.749708964858878,0.067,0.317295432332492,0.431,-32875.8141947129,67837.7704836783,15,1.86,TRUE,"",4.5,380,4600380,4800380
"RDMM",4.35992994790298,0.936960910351866,0.016,0.775002101678996,0.091,-30322.7211568754,62724.6766527243,100,4.18,TRUE,"",4.5,380,4600380,4800380
"DGMM",NA,0.921521470277452,0.02,0.428455027314016,0.38,-32407.5776451276,66901.2973845079,16,1.97,TRUE,"",4.5,381,4600381,4800381
"RDMM",4.79932403490147,0.944728709410601,0.014,0.74705284388873,0.104,-30377.7376776076,62834.7096941889,163,6.49,TRUE,"",4.5,381,4600381,4800381
"DGMM",NA,0.861045130569871,0.036,0.34542006297673,0.469,-33710.6336587737,69507.4094118,16,1.94,TRUE,"",4.5,382,4600382,4800382
"RDMM",4.02392025993396,0.910026077271082,0.023,0.766629054299169,0.095,-30695.5616126255,63470.3575642246,100,4.11,TRUE,"",4.5,382,4600382,4800382
"DGMM",NA,0.76714559245174,0.062,0.352779000273582,0.47,-32036.5733752454,66159.2888447433,23,2.77,TRUE,"",4.5,383,4600383,4800383
"RDMM",4.70365476510977,0.936960952774736,0.016,0.746994447615409,0.105,-30048.8768807134,62176.9881004004,300,11.96,TRUE,"",4.5,383,4600383,4800383
"DGMM",NA,0.894810717468591,0.027,0.387451022496509,0.39,-33058.8259226293,68203.7939395111,18,2.19,TRUE,"",4.5,384,4600384,4800384
"RDMM",4.35383583699918,0.936960899800715,0.016,0.730018342470422,0.112,-30654.2586999987,63387.7517389711,100,4.00000000000001,TRUE,"",4.5,384,4600384,4800384
"DGMM",NA,0.940840841301784,0.015,0.427353535563093,0.483,-32744.562890965,67575.2678761826,20,2.36999999999999,TRUE,"",4.5,385,4600385,4800385
"RDMM",4.78872497660248,0.960360360337482,0.01,0.767980919299503,0.095,-30716.662592581,63512.5595241357,123,4.96000000000001,TRUE,"",4.5,385,4600385,4800385
"DGMM",NA,0.326384296383034,0.214,0.164221935557299,0.492,-32820.3850235331,67726.9121413188,28,3.5,TRUE,"",4.5,386,4600386,4800386
"RDMM",4.39478888982278,0.910025748110806,0.023,0.755289124403724,0.1,-30515.5031646828,63110.2406683392,100,4.03,TRUE,"",4.5,386,4600386,4800386
"DGMM",NA,0.875971991281548,0.032,0.394715744980584,0.381,-32815.1549469916,67716.4519882359,17,2.03,TRUE,"",4.5,387,4600387,4800387
"RDMM",4.29366075443482,0.933089088838073,0.017,0.74238533263959,0.106,-30462.5623364208,63004.3590118153,193,7.77,TRUE,"",4.5,387,4600387,4800387
"DGMM",NA,0.917681488670536,0.021,0.423870122168163,0.435,-32146.1492740957,66378.4406424441,13,1.63999999999999,TRUE,"",4.5,388,4600388,4800388
"RDMM",4.59892589341857,0.948624551607728,0.013,0.763859756188912,0.098,-29995.6923241874,62070.6189873485,235,9.43000000000001,TRUE,"",4.5,388,4600388,4800388
"DGMM",NA,0.944728731527955,0.014,0.664784138717818,0.144,-31488.9724764814,65064.0870472154,15,1.80999999999999,TRUE,"",4.5,389,4600389,4800389
"RDMM",5.1302169276675,0.95252852057616,0.012,0.793632405984012,0.084,-29615.830291857,61310.8949226877,100,4.22000000000001,TRUE,"",4.5,389,4600389,4800389
"DGMM",NA,0.894811031401343,0.027,0.404834646484476,0.445,-32004.7430717721,66095.6282377968,20,2.42,TRUE,"",4.5,390,4600390,4800390
"RDMM",4.67518764143774,0.96036034650572,0.01,0.740552253885823,0.108,-30016.8613273515,62112.9569936766,170,6.77,TRUE,"",4.5,390,4600390,4800390
"DGMM",NA,0.891027248141473,0.028,0.428515628491393,0.333,-32053.5461132777,66193.2343208081,13,1.58,TRUE,"",4.5,391,4600391,4800391
"RDMM",4.72303232874786,0.944728723656625,0.014,0.736387433989628,0.109,-30005.8551757731,62090.9446905197,100,4.12,TRUE,"",4.5,391,4600391,4800391
"DGMM",NA,0.875971951194933,0.032,0.422483493151676,0.469,-32397.3644236709,66880.8709415944,19,2.26000000000001,TRUE,"",4.5,392,4600392,4800392
"RDMM",4.67194434943572,0.925369380790983,0.019,0.73843590533163,0.108,-30283.8063330136,62646.8470050009,203,8.08,TRUE,"",4.5,392,4600392,4800392
"DGMM",NA,0.929225235889936,0.018,0.357563556322658,0.463,-32748.5898756475,67583.3218455476,16,1.95999999999998,TRUE,"",4.5,393,4600393,4800393
"RDMM",4.48566130282382,0.925369338804031,0.019,0.721279880608632,0.116,-30465.1474909652,63009.5293209041,185,7.5,TRUE,"",4.5,393,4600393,4800393
"DGMM",NA,0.917681619609396,0.021,0.40980256795026,0.382,-32898.0159275247,67882.1739493019,16,2.03999999999999,TRUE,"",4.5,394,4600394,4800394
"RDMM",4.46956759236414,0.940840796231763,0.015,0.74863165816478,0.104,-30305.1605551368,62689.5554492473,108,4.29999999999998,TRUE,"",4.5,394,4600394,4800394
"DGMM",NA,0.887251229288988,0.029,0.59529770780307,0.179,-32813.4685429762,67713.0791802051,18,2.19,TRUE,"",4.5,395,4600395,4800395
"RDMM",4.68438878008695,0.936960922531165,0.016,0.772707260718404,0.092,-30743.0464420716,63565.3272231168,100,4.09999999999999,TRUE,"",4.5,395,4600395,4800395
"DGMM",NA,0.7847822292993,0.057,0.33876469921127,0.504,-32796.1245447654,67678.3911837834,20,2.42000000000002,TRUE,"",4.5,396,4600396,4800396
"RDMM",4.61263827942479,0.94084078557884,0.015,0.767461583026939,0.095,-30533.6150160492,63146.464371072,102,4.13,TRUE,"",4.5,396,4600396,4800396
"DGMM",NA,0.000485168867606835,0.483,0.000236053367162186,0.719,-31784.2574296807,65654.6569536141,34,4.12,TRUE,"",4.5,397,4600397,4800397
"RDMM",4.02010273649872,0.93696092012987,0.016,0.734475209278201,0.111,-30619.1185678908,63317.4714747552,147,5.88999999999999,TRUE,"",4.5,397,4600397,4800397
"DGMM",NA,0.411584392603173,0.179,0.164570794330577,0.564,-32535.8007543198,67157.7436028921,35,4.27000000000001,TRUE,"",4.5,398,4600398,4800398
"RDMM",4.28776178306079,0.948624627713321,0.013,0.760288302569944,0.098,-30387.2450196745,62853.7243783226,106,4.19999999999999,TRUE,"",4.5,398,4600398,4800398
"DGMM",NA,0.813417683924002,0.049,0.335717860945713,0.497,-33107.6689617966,68301.4800178457,14,1.72,TRUE,"",4.5,399,4600399,4800399
"RDMM",4.31183671436659,0.929225185970347,0.018,0.761223417097933,0.097,-30779.8482986288,63638.9309362312,100,4.09,TRUE,"",4.5,399,4600399,4800399
"DGMM",NA,0.891027134979501,0.028,0.416932800916515,0.448,-32776.9433061237,67640.0287065,17,2.03,TRUE,"",4.5,400,4600400,4800400
"RDMM",4.34095897498483,0.940840814658126,0.015,0.75404049220973,0.101,-30401.1603031008,62881.5549451753,217,8.78,TRUE,"",4.5,400,4600400,4800400
"DGMM",NA,0.91002602869459,0.023,0.564520374149295,0.205,-32613.0122016266,67312.1664975058,20,2.41,TRUE,"",4.5,401,4600401,4800401
"RDMM",4.54933085702579,0.936960960512235,0.016,0.784474703794212,0.087,-30374.5625928509,62828.3595246753,100,4.03,TRUE,"",4.5,401,4600401,4800401
"DGMM",NA,0.933089088374658,0.017,0.432341065090238,0.413,-32451.2000263272,66988.542146907,19,2.29999999999998,TRUE,"",4.5,402,4600402,4800402
"RDMM",4.71837672065575,0.944728728335295,0.014,0.750671121546496,0.103,-30283.721690244,62646.6777194616,271,10.89,TRUE,"",4.5,402,4600402,4800402
"DGMM",NA,0.898598689663669,0.026,0.381507847728481,0.453,-32851.0045247012,67788.1511436551,12,1.48000000000002,TRUE,"",4.5,403,4600403,4800403
"RDMM",4.54214309377498,0.913847106461321,0.022,0.526934345150472,0.303,-30463.1510284669,63005.5363959073,150,6.10999999999999,TRUE,"",4.5,403,4600403,4800403
"DGMM",NA,0.929225203075431,0.018,0.771014908738671,0.093,-32048.6874419571,66183.5169781668,21,2.53,TRUE,"",4.5,404,4600404,4800404
"RDMM",4.72240958082737,0.936960944506647,0.016,0.77628264873697,0.091,-29907.0675835417,61893.369506057,100,4.00999999999999,TRUE,"",4.5,404,4600404,4800404
"DGMM",NA,-8.76350594839897e-05,0.487,0.000579609881050557,0.719,-31358.9522992511,64804.0466927547,30,3.55000000000001,TRUE,"",4.5,405,4600405,4800405
"RDMM",4.49319950369477,0.933089023380699,0.017,0.753853288055732,0.101,-30167.1707028563,62413.5757446862,184,7.38999999999999,TRUE,"",4.5,405,4600405,4800405
"DGMM",NA,0.875971888297074,0.032,0.332728786514038,0.491,-33233.7885420528,68553.7191783582,13,1.59,TRUE,"",4.5,406,4600406,4800406
"RDMM",4.32115544841739,0.921521468576403,0.02,0.76626974456245,0.095,-30334.3907779639,62748.0158949014,266,10.56,TRUE,"",4.5,406,4600406,4800406
"DGMM",NA,0.917681665646944,0.021,0.362106061141742,0.497,-32743.7350524847,67573.612199222,15,1.90000000000001,TRUE,"",4.5,407,4600407,4800407
"RDMM",4.41628478014377,0.929225216034441,0.018,0.73691020131238,0.109,-30396.5152904561,62872.2649198858,103,4.30000000000001,TRUE,"",4.5,407,4600407,4800407
"DGMM",NA,0.910025989176747,0.023,0.503439843879185,0.273,-32815.9196072439,67717.9813087405,25,3.08999999999997,TRUE,"",4.5,408,4600408,4800408
"RDMM",4.6267022089013,0.960360360764541,0.01,0.758000513312383,0.099,-30546.16002362,63171.5543862136,142,5.67000000000002,TRUE,"",4.5,408,4600408,4800408
"DGMM",NA,0.929225210887601,0.018,0.710342446711142,0.121,-32075.4859861303,66237.1140665132,18,2.29000000000002,TRUE,"",4.5,409,4600409,4800409
"RDMM",4.63757950297068,0.952528501815135,0.012,0.7402902993632,0.108,-30057.7902309312,62194.814800836,100,3.98000000000002,TRUE,"",4.5,409,4600409,4800409
"DGMM",NA,0.929225212476132,0.018,0.42378372832255,0.449,-32411.0071996434,66908.1564935394,22,2.75999999999999,TRUE,"",4.5,410,4600410,4800410
"RDMM",4.53811689155363,0.933089101710698,0.017,0.765266626617591,0.096,-30309.2545544511,62697.7434478759,100,4.03000000000003,TRUE,"",4.5,410,4600410,4800410
"DGMM",NA,0.891027246763048,0.028,0.416123827196711,0.39,-32738.4110877259,67562.9642697044,18,2.30000000000001,TRUE,"",4.5,411,4600411,4800411
"RDMM",4.54786163463428,0.952528515863644,0.012,0.762337192848658,0.097,-30603.646622127,63286.5275832277,113,4.52999999999997,TRUE,"",4.5,411,4600411,4800411
"DGMM",NA,0.429826654267252,0.172,0.181097451691059,0.567,-32123.6202038718,66333.3825019962,24,2.97000000000003,TRUE,"",4.5,412,4600412,4800412
"RDMM",4.52772811741142,0.933089028594122,0.017,0.763490770857365,0.097,-29926.8584810691,61932.9513011118,124,4.92000000000002,TRUE,"",4.5,412,4600412,4800412
"DGMM",NA,0.401371681292623,0.183,0.171679434405533,0.553,-32542.6615205773,67171.4651354073,20,2.54000000000002,TRUE,"",4.5,413,4600413,4800413
"RDMM",4.46958211371292,0.940840836692353,0.015,0.764200555349751,0.096,-30456.7946151648,62992.8235693032,149,5.94999999999999,TRUE,"",4.5,413,4600413,4800413
"DGMM",NA,0.820656695041117,0.047,0.359747625963793,0.427,-32632.4275590523,67350.9972123572,11,1.34000000000003,TRUE,"",4.5,414,4600414,4800414
"RDMM",4.4571734772476,0.925369364882562,0.019,0.680659653387335,0.137,-30385.3141438442,62849.8626266621,112,4.15999999999997,TRUE,"",4.5,414,4600414,4800414
"DGMM",NA,0.913849798884892,0.022,0.581670381849687,0.189,-31950.7038479451,65987.5497901427,15,1.58999999999997,TRUE,"",4.5,415,4600415,4800415
"RDMM",4.77127357470744,0.925369333295424,0.019,0.761041188240436,0.098,-29911.5801242106,61902.3945873948,100,3.36000000000001,TRUE,"",4.5,415,4600415,4800415
"DGMM",NA,0.187688644019902,0.283,0.0766222447788866,0.59,-32476.5218870549,67039.1858683623,35,3.63,TRUE,"",4.5,416,4600416,4800416
"RDMM",4.79086267065023,0.933089076055551,0.017,0.695671288618208,0.129,-30582.5152052741,63244.2647495219,100,3.34000000000003,TRUE,"",4.5,416,4600416,4800416
"DGMM",NA,0.86849246880324,0.034,0.385345280741081,0.412,-32528.4235960035,67142.9892862596,15,1.38999999999999,TRUE,"",4.5,417,4600417,4800417
"RDMM",4.52591090773835,0.952528509651067,0.012,0.781033879418761,0.089,-30233.9078692785,62547.0500775306,137,3.44,TRUE,"",4.5,417,4600417,4800417
"DGMM",NA,0.861045033850688,0.036,0.395312732417413,0.452,-32570.1637306409,67226.4695555345,15,1,TRUE,"",4.5,418,4600418,4800418
"RDMM",4.71172008684981,0.921521501037238,0.02,0.737484776717531,0.109,-30183.0213662622,62445.277071498,100,1.73,TRUE,"",4.5,418,4600418,4800418
"DGMM",NA,0.00115716933410846,0.478,0.00334374435941988,0.717,-32263.9409188382,66614.0239319291,26,3.22,TRUE,"",4.5,419,4600419,4800419
"RDMM",4.32816498860114,0.925369317903863,0.019,0.750765743229149,0.102,-30121.871242688,62322.9768243495,155,6.33,TRUE,"",4.5,419,4600419,4800419
"DGMM",NA,0.9408408443975,0.015,0.441897994065439,0.309,-33015.4030605836,68116.9482154199,12,1.64,TRUE,"",4.5,420,4600420,4800420
"RDMM",4.60493447327072,0.948624626148382,0.013,0.776692121713273,0.091,-30650.0631016152,63379.3605422041,105,4.18,TRUE,"",4.5,420,4600420,4800420
"DGMM",NA,0.89860257675543,0.026,0.393704741990162,0.475,-32544.5637553703,67175.2696049931,23,2.8,TRUE,"",4.5,421,4600421,4800421
"RDMM",4.44204679482167,0.936960935892915,0.016,0.646872871143147,0.156,-30315.0523713051,62709.3390815838,108,4.46,TRUE,"",4.5,421,4600421,4800421
"DGMM",NA,0.944728732269631,0.014,0.439112100950079,0.418,-32863.2935234714,67812.7291411953,23,2.83,TRUE,"",4.5,422,4600422,4800422
"RDMM",4.28569132780034,0.944728729015829,0.014,0.769882655394016,0.094,-30497.1775155676,63073.5893701088,195,7.72,TRUE,"",4.5,422,4600422,4800422
"DGMM",NA,0.944728724984907,0.014,0.426664706756634,0.418,-32078.3279602133,66242.7980146791,15,1.91,TRUE,"",4.5,423,4600423,4800423
"RDMM",4.53230821953256,0.940840801410267,0.015,0.704276283369427,0.125,-30182.9720505405,62445.1784400546,129,5.16,TRUE,"",4.5,423,4600423,4800423
"DGMM",NA,0.894810727425102,0.027,0.345042357037649,0.463,-33252.5857678267,68591.3136299061,12,1.46,TRUE,"",4.5,424,4600424,4800424
"RDMM",4.08010750537565,0.940840796231763,0.015,0.686799853061114,0.133,-30343.8840933758,62767.0025257251,142,5.81,TRUE,"",4.5,424,4600424,4800424
"DGMM",NA,0.134558479139203,0.316,0.126657247633864,0.572,-32461.5183113136,67009.1787168799,23,2.82,TRUE,"",4.5,425,4600425,4800425
"RDMM",4.41088363689913,0.940840829317262,0.015,0.738949857750831,0.108,-30258.9077249069,62597.0497887875,176,7.08,TRUE,"",4.5,425,4600425,4800425
"DGMM",NA,0.875972289920044,0.032,0.409159250125264,0.335,-32748.0572272409,67582.2565487343,19,2.36,TRUE,"",4.5,426,4600426,4800426
"RDMM",4.64204343589054,0.936960902784144,0.016,0.773410731496685,0.092,-30264.6768764726,62608.5880919187,102,4.11,TRUE,"",4.5,426,4600426,4800426
"DGMM",NA,0.917681732351412,0.021,0.41464483744088,0.495,-32213.4693656419,66513.0808255365,18,2.27,TRUE,"",4.5,427,4600427,4800427
"RDMM",4.74623193098238,0.944728735906232,0.014,0.734784213176271,0.11,-29833.4008316048,61746.0360021832,216,8.76000000000001,TRUE,"",4.5,427,4600427,4800427
"DGMM",NA,0.902402404740048,0.025,0.38912549658888,0.492,-32894.6251295052,67875.3923532629,17,2.06,TRUE,"",4.5,428,4600428,4800428
"RDMM",4.15887964863817,0.940840841301784,0.015,0.723895661438964,0.116,-30224.1783362299,62527.5910114334,268,10.72,TRUE,"",4.5,428,4600428,4800428
"DGMM",NA,0.906210166566969,0.024,0.400589795391562,0.471,-32968.5433463295,68023.2287869117,19,2.41000000000001,TRUE,"",4.5,429,4600429,4800429
"RDMM",4.4848007168924,0.913849819739097,0.022,0.731234670929519,0.111,-30679.3553904141,63437.9451198019,110,4.42,TRUE,"",4.5,429,4600429,4800429
"DGMM",NA,0.917681721471559,0.021,0.418756625999966,0.357,-31940.613534055,65967.3691623626,14,1.75,TRUE,"",4.5,430,4600430,4800430
"RDMM",4.63482841441667,0.944728692928908,0.014,0.772979332075081,0.093,-29973.5852962662,62026.404931506,199,7.97,TRUE,"",4.5,430,4600430,4800430
"DGMM",NA,0.898602420475663,0.026,0.390437384937218,0.481,-32662.7354792913,67411.6130528351,15,1.81999999999999,TRUE,"",4.5,431,4600431,4800431
"RDMM",4.51591954929931,0.948624617859142,0.013,0.562339074112002,0.289,-30615.1551733331,63309.5446856398,108,4.40000000000001,TRUE,"",4.5,431,4600431,4800431
"DGMM",NA,0.92536930314404,0.019,0.363543347169161,0.436,-32810.1650583998,67706.4722110521,13,1.58,TRUE,"",4.5,432,4600432,4800432
"RDMM",4.3942913957009,0.952528488462993,0.012,0.739586923154154,0.108,-30482.0919891963,63043.4183173663,122,4.92,TRUE,"",4.5,432,4600432,4800432
"DGMM",NA,0.921521477993822,0.02,0.368132227143451,0.396,-32510.1106040918,67106.3633024363,15,1.89999999999999,TRUE,"",4.5,433,4600433,4800433
"RDMM",4.50134247321019,0.944728698072792,0.014,0.782340234463771,0.088,-30171.449344659,62422.1330282917,100,3.97000000000001,TRUE,"",4.5,433,4600433,4800433
"DGMM",NA,0.929225159909332,0.018,0.350893297587152,0.467,-32970.3329223104,68026.8079388733,16,1.99999999999999,TRUE,"",4.5,434,4600434,4800434
"RDMM",4.72637597566246,0.929225163095476,0.018,0.744805029911102,0.105,-30680.4552718996,63440.1448827728,110,4.45000000000002,TRUE,"",4.5,434,4600434,4800434
"DGMM",NA,0.411619199664422,0.179,0.170561357326582,0.543,-32627.8881736646,67341.9184415818,23,2.94000000000003,TRUE,"",4.5,435,4600435,4800435
"RDMM",4.1066414719117,0.917681672488433,0.021,0.754862165113418,0.1,-30555.921569867,63191.0774787077,121,4.91999999999999,TRUE,"",4.5,435,4600435,4800435
"DGMM",NA,0.0100544577850067,0.448,0.00559418400052395,0.702,-31386.2341075232,64858.610309299,26,3.17000000000002,TRUE,"",4.5,436,4600436,4800436
"RDMM",4.55957366331165,0.940840784611426,0.015,0.797298475832604,0.081,-30199.4871339962,62478.208606966,100,4.06999999999999,TRUE,"",4.5,436,4600436,4800436
"DGMM",NA,0.872228371106981,0.033,0.365453022595785,0.362,-32824.2594204173,67734.6609350873,23,2.75,TRUE,"",4.5,437,4600437,4800437
"RDMM",4.0801078274043,0.929225038131021,0.018,0.739188138878764,0.107,-30480.1553815151,63039.5451020039,100,4.06,TRUE,"",4.5,437,4600437,4800437
"DGMM",NA,0.898600649397029,0.026,0.411186515139514,0.392,-32455.026511696,66996.1951176446,14,1.68000000000001,TRUE,"",4.5,438,4600438,4800438
"RDMM",4.44623221760598,0.925368833310538,0.019,0.758874679072206,0.098,-30364.0877249889,62807.4097889514,107,4.31,TRUE,"",4.5,438,4600438,4800438
"DGMM",NA,0.503631073758488,0.145,0.221954156900913,0.484,-32670.4499284361,67427.0419511247,22,2.69,TRUE,"",4.5,439,4600439,4800439
"RDMM",4.24880054531577,0.925369324637672,0.019,0.784028012982312,0.087,-30173.4980962222,62426.2305314181,100,4.07999999999998,TRUE,"",4.5,439,4600439,4800439
"DGMM",NA,0.668794086254797,0.091,0.308529138317579,0.438,-32162.104070369,66410.3502349906,14,1.72,TRUE,"",4.5,440,4600440,4800440
"RDMM",4.57742408618951,0.948624626359237,0.013,0.767912797717553,0.095,-30004.1025623777,62087.439463729,100,4.01000000000002,TRUE,"",4.5,440,4600440,4800440
"DGMM",NA,0.875972255184445,0.032,0.407998919917206,0.434,-32160.9809191389,66408.1039325304,14,1.69000000000003,TRUE,"",4.5,441,4600441,4800441
"RDMM",4.58598903819374,0.929225157135072,0.018,0.773033584460258,0.092,-29935.633638536,61950.5016160455,100,4.02999999999997,TRUE,"",4.5,441,4600441,4800441
"DGMM",NA,0.921521481107798,0.02,0.579451971922182,0.19,-32246.0642525762,66578.270599405,26,3.16,TRUE,"",4.5,442,4600442,4800442
"RDMM",4.78153504058444,0.956440430891215,0.011,0.74132321447633,0.107,-30218.2202072617,62515.6747534969,229,9.09,TRUE,"",4.5,442,4600442,4800442
"DGMM",NA,0.376435547010891,0.193,0.164142531041471,0.545,-32208.6288326073,66503.3997594671,27,3.28,TRUE,"",4.5,443,4600443,4800443
"RDMM",4.0975249403123,0.917681626450892,0.021,0.773870289315839,0.092,-30017.8409979124,62114.9163347984,225,9.16,TRUE,"",4.5,443,4600443,4800443
"DGMM",NA,0.626877275439469,0.104,0.421140869468836,0.283,-32704.7388252672,67495.6197447869,6,0.799999999999983,TRUE,"",4.5,444,4600444,4800444
"RDMM",4.38195855447789,0.925366805333131,0.019,0.789873176869702,0.084,-30053.0798162809,62185.3939715355,100,4.04000000000002,TRUE,"",4.5,444,4600444,4800444
"DGMM",NA,0.461866784332923,0.16,0.23226849988707,0.516,-32936.7661888029,67959.6744718585,14,1.75,TRUE,"",4.5,445,4600445,4800445
"RDMM",4.84327057695262,0.917681667357316,0.021,0.540630871477236,0.269,-30146.1800349607,62371.5944088951,102,4.17000000000002,TRUE,"",4.5,445,4600445,4800445
"DGMM",NA,0.917681619276823,0.021,0.404040778004446,0.448,-32643.679372726,67373.5008397047,13,1.64000000000001,TRUE,"",4.5,446,4600446,4800446
"RDMM",4.55769242239359,0.936960948508803,0.016,0.728325405185767,0.113,-30351.0893218011,62781.4129825758,174,6.94,TRUE,"",4.5,446,4600446,4800446
"DGMM",NA,-0.00120771818433859,0.486,0.00102500262182873,0.703,-31593.5383204345,65273.2187351215,55,6.56,TRUE,"",4.5,447,4600447,4800447
"RDMM",4.45630013727515,0.944727622020428,0.014,0.788955312676197,0.085,-30369.2970479221,62817.8284348179,178,7.22,TRUE,"",4.5,447,4600447,4800447
"DGMM",NA,0.913848877608993,0.022,0.422201735989707,0.441,-32789.7504644297,67665.6430231119,16,1.93000000000001,TRUE,"",4.5,448,4600448,4800448
"RDMM",4.49554079229089,0.921520010921332,0.02,0.733496928110836,0.109,-30516.4644488416,63112.1632366569,100,4,TRUE,"",4.5,448,4600448,4800448
"DGMM",NA,0.891027127594693,0.028,0.40898677972553,0.357,-32534.9953499538,67156.1327941601,14,1.81,TRUE,"",4.5,449,4600449,4800449
"RDMM",4.73865998035041,0.948624574172566,0.013,0.792889985835097,0.084,-30576.5095209356,63232.2533808448,205,8.09999999999999,TRUE,"",4.5,449,4600449,4800449
"DGMM",NA,0.933088955910768,0.017,0.396497507715876,0.448,-32629.81669555,67345.7754853526,14,1.75,TRUE,"",4.5,450,4600450,4800450
"RDMM",4.35307692015083,0.92152140641257,0.02,0.720438384511356,0.116,-30338.8186332473,62756.8716054682,120,4.99999999999997,TRUE,"",4.5,450,4600450,4800450
"DGMM",NA,0.948624601768258,0.013,0.743619946639171,0.106,-32531.7138253329,67149.5697449184,21,2.53999999999996,TRUE,"",4.5,451,4600451,4800451
"RDMM",4.3431415843125,0.952528524360937,0.012,0.754328994310205,0.101,-30228.5667587819,62536.3678565374,100,4.08999999999997,TRUE,"",4.5,451,4600451,4800451
"DGMM",NA,0.917681499170365,0.021,0.406857082207613,0.465,-32732.6899274946,67551.5219492419,15,1.81,TRUE,"",4.5,452,4600452,4800452
"RDMM",4.44268059066335,0.948624552349017,0.013,0.779021957366825,0.089,-30307.9598625337,62695.1540640411,140,5.63,TRUE,"",4.5,452,4600452,4800452
"DGMM",NA,0.921521460574425,0.02,0.401187443509833,0.438,-32873.4055280284,67832.9531503095,19,2.34000000000003,TRUE,"",4.5,453,4600453,4800453
"RDMM",4.44726425002426,0.94472868437969,0.014,0.757809250690518,0.099,-30355.4388417689,62790.1120225114,196,7.92000000000002,TRUE,"",4.5,453,4600453,4800453
"DGMM",NA,0.910026116390728,0.023,0.391947208219328,0.4,-33106.3358600675,68298.8138143877,14,1.73000000000002,TRUE,"",4.5,454,4600454,4800454
"RDMM",4.15565110299869,0.948624634315718,0.013,0.772773322573348,0.093,-30511.4694250886,63102.1731891509,263,10.46,TRUE,"",4.5,454,4600454,4800454
"DGMM",NA,0.92152148113422,0.02,0.347736266195239,0.477,-32339.9924804375,66766.1270551277,27,3.24000000000001,TRUE,"",4.5,455,4600455,4800455
"RDMM",4.75822234781488,0.976120109438785,0.006,0.779479501656397,0.09,-30199.5187474516,62478.2718338768,143,5.79000000000002,TRUE,"",4.5,455,4600455,4800455
"DGMM",NA,0.774174347488627,0.06,0.351888395746452,0.468,-32988.8554243107,68063.852942874,14,1.61000000000001,TRUE,"",4.5,456,4600456,4800456
"RDMM",4.79945298679052,0.929225242779617,0.018,0.768925334710673,0.095,-30689.2631669511,63457.7606728757,148,5.25,TRUE,"",4.5,456,4600456,4800456
"DGMM",NA,0.910024937455078,0.023,0.385319751500295,0.403,-33570.5949144471,69227.3319231467,22,2.22000000000003,TRUE,"",4.5,457,4600457,4800457
"RDMM",4.09827532079578,0.921520649316418,0.02,0.759448398484904,0.098,-30790.8189381808,63660.8722153353,100,3.52999999999997,TRUE,"",4.5,457,4600457,4800457
"DGMM",NA,0.756659910876007,0.065,0.344909712453534,0.38,-32792.3855304114,67670.9131550755,18,1.81999999999999,TRUE,"",4.5,458,4600458,4800458
"RDMM",4.21286996316443,0.929225157135072,0.018,0.767647154364004,0.095,-30186.024901839,62451.2841426515,100,3.20000000000005,TRUE,"",4.5,458,4600458,4800458
"DGMM",NA,0.940840135470065,0.015,0.407133179728663,0.484,-32491.2914994928,67068.7250932382,12,0.89,TRUE,"",4.5,459,4600459,4800459
"RDMM",4.46036863195413,0.968224050726951,0.008,0.792609996796577,0.084,-30204.1504351096,62487.5352091928,300,9.29,TRUE,"",4.5,459,4600459,4800459
"DGMM",NA,0.459194783586606,0.161,0.198159028569332,0.512,-32340.3334502686,66766.8089947898,18,2.22,TRUE,"",4.5,460,4600460,4800460
"RDMM",4.45999576771222,0.944728692638263,0.014,0.757062338955128,0.1,-30317.7976192078,62714.8295773891,100,4.22,TRUE,"",4.5,460,4600460,4800460
"DGMM",NA,0.917681665646944,0.021,0.412259392478115,0.468,-32880.5842313344,67847.3105569214,13,1.61,TRUE,"",4.5,461,4600461,4800461
"RDMM",4.51637551677105,0.944728731527955,0.014,0.761764322819838,0.098,-30577.0495046491,63233.3333482719,101,4.06,TRUE,"",4.5,461,4600461,4800461
"DGMM",NA,0.887251264363532,0.029,0.56550061398198,0.2,-32384.5375194247,66855.217133102,15,1.85,TRUE,"",4.5,462,4600462,4800462
"RDMM",4.56051512655274,0.956440443327415,0.011,0.787205722461151,0.086,-30237.7313099848,62554.6969589433,100,4.23,TRUE,"",4.5,462,4600462,4800462
"DGMM",NA,0.623737770032622,0.105,0.278213961704312,0.42,-32383.1364300741,66852.4149544007,14,1.72,TRUE,"",4.5,463,4600463,4800463
"RDMM",4.33684833813348,0.940840801148496,0.015,0.753509789893803,0.101,-30224.1567480021,62527.5478349779,160,6.44,TRUE,"",4.5,463,4600463,4800463
"DGMM",NA,0.857333883901623,0.037,0.591147827838144,0.179,-32542.1719861858,67170.4860666242,19,2.27,TRUE,"",4.5,464,4600464,4800464
"RDMM",4.44826299480336,0.964288284300031,0.009,0.813083615263969,0.075,-30307.0878935528,62693.4101260792,100,4.09,TRUE,"",4.5,464,4600464,4800464
"DGMM",NA,0.40390911218267,0.182,0.143587458497909,0.567,-32782.2093327737,67650.5607598,16,1.92,TRUE,"",4.5,465,4600465,4800465
"RDMM",4.514744881618,0.9369609637655,0.016,0.748747250190243,0.104,-30358.3220070482,62795.8783530701,156,6.3,TRUE,"",4.5,465,4600465,4800465
"DGMM",NA,0.849933844074771,0.039,0.373592206602907,0.429,-32328.3612226511,66742.8645395547,15,1.85,TRUE,"",4.5,466,4600466,4800466
"RDMM",4.65749020682901,0.913849772470104,0.022,0.773286078240645,0.092,-30185.8813188553,62450.9969766842,132,5.33,TRUE,"",4.5,466,4600466,4800466
"DGMM",NA,0.831576022822805,0.044,0.398355084609083,0.359,-32445.8490283593,66977.8401509712,16,1.94,TRUE,"",4.5,467,4600467,4800467
"RDMM",4.19258653014341,0.929225165491892,0.018,0.761071536142253,0.098,-30042.282712746,62163.7997644657,125,5.02,TRUE,"",4.5,467,4600467,4800467
"DGMM",NA,0.952528493705217,0.012,0.543034124798944,0.225,-32132.0675450466,66350.2771843458,18,2.19999999999999,TRUE,"",4.5,468,4600468,4800468
"RDMM",4.9097071613943,0.944728688183773,0.014,0.758929164434411,0.099,-30044.250848448,62167.7360358697,136,5.46000000000001,TRUE,"",4.5,468,4600468,4800468
"DGMM",NA,0.925369345528264,0.019,0.436378820824718,0.458,-32402.4690927542,66891.080279761,22,2.8,TRUE,"",4.5,469,4600469,4800469
"RDMM",4.82685855921927,0.98008007619989,0.005,0.770082969370483,0.095,-30414.1433561965,62907.5210513665,100,4.07000000000001,TRUE,"",4.5,469,4600469,4800469
"DGMM",NA,0.902402335098807,0.025,0.405036096167364,0.413,-32889.0275128834,67864.1971200195,17,2.05,TRUE,"",4.5,470,4600470,4800470
"RDMM",4.22717982045634,0.929225180061007,0.018,0.763376515501663,0.097,-30304.9029742706,62689.0402875148,100,4,TRUE,"",4.5,470,4600470,4800470
"DGMM",NA,0.933089026585989,0.017,0.418664894615199,0.469,-32360.0450174451,66806.2321291427,17,2.08999999999999,TRUE,"",4.5,471,4600471,4800471
"RDMM",4.59116830117087,0.956440401057714,0.011,0.748532857744876,0.104,-30347.7265400609,62774.6874190954,164,6.68000000000001,TRUE,"",4.5,471,4600471,4800471
"DGMM",NA,0.520831750926244,0.139,0.252607502935443,0.561,-34023.7659288598,70133.6739519722,32,3.86,TRUE,"",4.5,472,4600472,4800472
"RDMM",3.99356195199977,0.948624582145536,0.013,0.747946560620769,0.104,-31011.3198290254,64101.8739970244,234,9.41,TRUE,"",4.5,472,4600472,4800472
"DGMM",NA,0.910026075799767,0.023,0.428492602612853,0.427,-32385.6529788197,66857.448051892,20,2.38000000000001,TRUE,"",4.5,473,4600473,4800473
"RDMM",4.95759886043725,0.948624493045803,0.013,0.772288424518374,0.092,-30190.7592632213,62460.7528654162,194,7.78,TRUE,"",4.5,473,4600473,4800473
"DGMM",NA,0.952528522363902,0.012,0.43269457157243,0.365,-32381.8899168782,66849.921928009,18,2.2,TRUE,"",4.5,474,4600474,4800474
"RDMM",4.40254153291533,0.960360346061502,0.01,0.751525862843934,0.104,-30120.1181543308,62319.4706476352,111,4.5,TRUE,"",4.5,474,4600474,4800474
"DGMM",NA,0.933089042174766,0.017,0.337734280991877,0.483,-32603.9368604437,67294.01581514,19,2.3,TRUE,"",4.5,475,4600475,4800475
"RDMM",4.42045604694561,0.936960955426669,0.016,0.733570387841043,0.11,-30099.7508651455,62278.7360692645,100,4.06,TRUE,"",4.5,475,4600475,4800475
"DGMM",NA,0.340132971596194,0.208,0.142685547016943,0.601,-32235.4237271003,66556.9895484533,34,4.25,TRUE,"",4.5,476,4600476,4800476
"RDMM",4.48467646869089,0.929224868229578,0.018,0.77879789660998,0.089,-30294.0569363573,62667.3482116883,300,12.1,TRUE,"",4.5,476,4600476,4800476
"DGMM",NA,0.00216088284818619,0.472,0.00070358365266583,0.728,-31675.685479221,65437.5130526946,36,4.29999999999998,TRUE,"",4.5,477,4600477,4800477
"RDMM",4.29251233646945,0.92152151620575,0.02,0.75504273015192,0.1,-30558.8232905417,63196.8809200571,154,6.19,TRUE,"",4.5,477,4600477,4800477
"DGMM",NA,0.921521508374893,0.02,0.356021776280156,0.485,-32812.3844154838,67710.9109252202,13,1.60999999999999,TRUE,"",4.5,478,4600478,4800478
"RDMM",4.47510678715472,0.933089079878723,0.017,0.758140880962969,0.1,-30418.8256676578,62916.8856742893,150,6.06,TRUE,"",4.5,478,4600478,4800478
"DGMM",NA,0.898602735089477,0.026,0.661264131626866,0.146,-32610.2094366813,67306.5609676153,16,1.97,TRUE,"",4.5,479,4600479,4800479
"RDMM",4.50855193496129,0.952528499988577,0.012,0.756980113526056,0.1,-30278.0328713456,62635.3000816647,100,4.07000000000002,TRUE,"",4.5,479,4600479,4800479
"DGMM",NA,0.872228500600944,0.033,0.383642025870598,0.497,-33005.9745678663,68098.0912299851,17,2.06999999999999,TRUE,"",4.5,480,4600480,4800480
"RDMM",4.23396157167174,0.929225154874816,0.018,0.757796510952775,0.099,-30623.224826307,63325.6839915876,220,8.77000000000001,TRUE,"",4.5,480,4600480,4800480
"DGMM",NA,0.944728700265921,0.014,0.650578981644971,0.154,-31923.188398489,65932.5188912306,18,2.25999999999999,TRUE,"",4.5,481,4600481,4800481
"RDMM",4.40515221690669,0.96036034650572,0.01,0.767982979025652,0.095,-29846.1785603358,61771.5914596453,100,3.99000000000001,TRUE,"",4.5,481,4600481,4800481
"DGMM",NA,0.925369337789414,0.019,0.416023869475729,0.374,-32195.8534897824,66477.8490738173,14,1.72,TRUE,"",4.5,482,4600482,4800482
"RDMM",4.56592349813029,0.964288283372529,0.009,0.767985830081394,0.096,-29928.8751213794,61936.9845817324,149,6.16,TRUE,"",4.5,482,4600482,4800482
"DGMM",NA,0.917681607446733,0.021,0.407476914368251,0.437,-32389.4941648932,66865.130424039,23,2.76999999999998,TRUE,"",4.5,483,4600483,4800483
"RDMM",4.65889320679684,0.936960888573437,0.016,0.770814589411985,0.093,-30313.3668313172,62705.9680016081,163,6.41999999999999,TRUE,"",4.5,483,4600483,4800483
"DGMM",NA,0.36884925138787,0.196,0.156508875256441,0.58,-32927.3508981943,67940.8438906412,32,3.82999999999998,TRUE,"",4.5,484,4600484,4800484
"RDMM",4.3581068041055,0.925368333074864,0.019,0.767619004224666,0.095,-30754.0634282691,63587.3611955119,100,4.08000000000001,TRUE,"",4.5,484,4600484,4800484
"DGMM",NA,0.906210208856932,0.024,0.360570106014228,0.433,-32960.9549550731,68008.0520043989,12,1.53999999999999,TRUE,"",4.5,485,4600485,4800485
"RDMM",4.26694526643015,0.925369367998201,0.019,0.713854743715191,0.12,-30466.2442190703,63011.7227771142,155,6.19,TRUE,"",4.5,485,4600485,4800485
"DGMM",NA,0.698599527550179,0.082,0.430377291562442,0.296,-32108.007619239,66302.1573327306,18,2.19,TRUE,"",4.5,486,4600486,4800486
"RDMM",5.06450449673338,0.952528508794868,0.012,0.543454107381651,0.241,-29984.4275187663,62048.0893765063,106,4.30000000000001,TRUE,"",4.5,486,4600486,4800486
"DGMM",NA,0.846246198127209,0.04,0.33216458616293,0.496,-33516.4441462002,69119.030386653,17,2.05000000000001,TRUE,"",4.5,487,4600487,4800487
"RDMM",4.31675265717115,0.929225163697984,0.018,0.74287094939651,0.106,-30839.4314523214,63758.0972436164,142,5.75,TRUE,"",4.5,487,4600487,4800487
"DGMM",NA,0.917681641891766,0.021,0.664394927976562,0.144,-32117.5392588979,66321.2206120483,17,2.09999999999999,TRUE,"",4.5,488,4600488,4800488
"RDMM",4.58511939022962,0.936960915254512,0.016,0.767419204403737,0.095,-30064.8058793049,62208.8460975833,100,4.09,TRUE,"",4.5,488,4600488,4800488
"DGMM",NA,0.770653920064033,0.061,0.339568774973664,0.471,-33052.4743347715,68191.0907637957,19,2.28,TRUE,"",4.5,489,4600489,4800489
"RDMM",4.45195583865921,0.936960953432666,0.016,0.744723462055424,0.105,-30671.140868006,63421.5160749856,239,9.41,TRUE,"",4.5,489,4600489,4800489
"DGMM",NA,0.936960944891703,0.016,0.467240785234052,0.496,-32551.2720015215,67188.6860972956,51,6.27000000000001,TRUE,"",4.5,490,4600490,4800490
"RDMM",4.39049977129841,0.956440422737287,0.011,0.774754998425214,0.092,-30076.938837103,62233.1120131796,108,4.38999999999999,TRUE,"",4.5,490,4600490,4800490
"DGMM",NA,0.887251442989583,0.029,0.411044519069915,0.502,-32751.7934986188,67589.7290914902,22,2.73000000000002,TRUE,"",4.5,491,4600491,4800491
"RDMM",4.56323722468683,0.94084078557884,0.015,0.772319501912718,0.093,-30623.6733356511,63326.5810102759,100,4,TRUE,"",4.5,491,4600491,4800491
"DGMM",NA,0.925369358450274,0.019,0.414316897834349,0.416,-32265.3279306729,66616.7979555984,16,2,TRUE,"",4.5,492,4600492,4800492
"RDMM",4.94574719138959,0.944728709410601,0.014,0.789559365918198,0.085,-30156.9722873289,62393.1789136315,149,6.09000000000003,TRUE,"",4.5,492,4600492,4800492
"DGMM",NA,0.894810795420739,0.027,0.398495112559921,0.461,-32093.3032109624,66272.7485161774,20,2.48000000000002,TRUE,"",4.5,493,4600493,4800493
"RDMM",4.51546095012892,0.921521511330337,0.02,0.756220512292035,0.1,-29872.3544418865,61823.9432227467,100,4.05000000000001,TRUE,"",4.5,493,4600493,4800493
"DGMM",NA,0.868492498343121,0.034,0.365580597003185,0.457,-32067.9972978882,66222.136690029,14,1.74000000000001,TRUE,"",4.5,494,4600494,4800494
"RDMM",4.57913279787366,0.956440428812927,0.011,0.788266227879085,0.086,-29795.6346326769,61670.5036043274,159,6.33999999999997,TRUE,"",4.5,494,4600494,4800494
"DGMM",NA,0.952528501815135,0.012,0.41323099549502,0.427,-32978.0982814631,68042.3386571787,21,2.63,TRUE,"",4.5,495,4600495,4800495
"RDMM",4.05835584807918,0.952528484718547,0.012,0.703655753114347,0.127,-30336.8111817787,62752.856702531,100,4,TRUE,"",4.5,495,4600495,4800495
"DGMM",NA,0.933089093111785,0.017,0.38151577931592,0.415,-32115.2417450856,66316.6255844238,15,1.91999999999996,TRUE,"",4.5,496,4600496,4800496
"RDMM",4.4143694472742,0.956440443059249,0.011,0.753030401438492,0.102,-29868.0831100602,61815.4005590941,247,8.95999999999998,TRUE,"",4.5,496,4600496,4800496
"DGMM",NA,0.43508444980382,0.17,0.172298462789284,0.568,-32616.2350003774,67318.6120950075,29,2.93000000000001,TRUE,"",4.5,497,4600497,4800497
"RDMM",4.33130301035361,0.925369340660973,0.019,0.734353693210998,0.109,-30377.4640050232,62834.16234902,110,3.88,TRUE,"",4.5,497,4600497,4800497
"DGMM",NA,0.902402328414444,0.025,0.403201761659813,0.422,-32680.8747307459,67447.8915557443,17,1.74000000000001,TRUE,"",4.5,498,4600498,4800498
"RDMM",4.47150837092296,0.929225220313262,0.018,0.737268740657419,0.108,-30383.1881081999,62845.6105553733,190,5.06999999999999,TRUE,"",4.5,498,4600498,4800498
"DGMM",NA,0.906208994535646,0.024,0.40902025795446,0.414,-33010.2719527799,68106.6859998124,40,2.81999999999999,TRUE,"",4.5,499,4600499,4800499
"RDMM",4.45098499898546,0.921521420741916,0.02,0.50323555205138,0.299,-30906.2138042479,63891.6619474693,158,3.54000000000002,TRUE,"",4.5,499,4600499,4800499
"DGMM",NA,0.414221179576148,0.178,0.172692285744258,0.558,-33104.1810191598,68294.5041325722,32,2.11000000000001,TRUE,"",4.5,500,4600500,4800500
"RDMM",3.97215340773579,0.921521446019881,0.02,0.749919634022482,0.103,-30652.8541960316,63384.9427310369,105,2.38999999999999,TRUE,"",4.5,500,4600500,4800500
"DGMM",NA,0.791893143254267,0.055,0.554296709927003,0.194,-31788.8831191138,65663.9083324803,16,1.11,TRUE,"",5,1,5100001,5300001
"RDMM",5.34719871924213,0.964288259978855,0.009,0.775917573407274,0.091,-29983.8278324861,62046.8900039458,100,3.97,TRUE,"",5,1,5100001,5300001
"DGMM",NA,0.827928025932302,0.045,0.413802061827086,0.328,-31984.391277752,66054.9246497566,13,1.59,TRUE,"",5,2,5100002,5300002
"RDMM",5.10708837767884,0.936960914717859,0.016,0.793730867983202,0.083,-29845.5420932157,61770.318525405,209,8.44,TRUE,"",5,2,5100002,5300002
"DGMM",NA,0.891027190158505,0.028,0.392758282118276,0.401,-32194.280106883,66474.7023080187,13,1.62,TRUE,"",5,3,5100003,5300003
"RDMM",4.90982599207553,0.944728691440238,0.014,0.752311655984609,0.102,-30217.4533073725,62514.1409537186,100,4.02,TRUE,"",5,3,5100003,5300003
"DGMM",NA,0.944728729717629,0.014,0.43682137642273,0.345,-32428.2960217377,66942.734137728,13,1.61,TRUE,"",5,4,5100004,5300004
"RDMM",5.00578391938146,0.968224203946829,0.008,0.80584907664515,0.079,-30403.8016320551,62886.8376030839,100,4.08,TRUE,"",5,4,5100004,5300004
"DGMM",NA,0.940840854947971,0.015,0.6159340650064,0.173,-31790.932611476,65668.0073172046,22,2.64,TRUE,"",5,5,5100005,5300005
"RDMM",5.0337299911685,0.968224223998037,0.008,0.808110106917088,0.077,-29932.155571963,61943.5454828996,100,4.06,TRUE,"",5,5,5100005,5300005
"DGMM",NA,0.917681618136574,0.021,0.421970261934616,0.358,-31711.2751024214,65508.6922990955,20,2.56,TRUE,"",5,6,5100006,5300006
"RDMM",5.27092752747805,0.936960915254512,0.016,0.772985950318036,0.092,-29840.1621603277,61759.5586596289,100,4.09,TRUE,"",5,6,5100006,5300006
"DGMM",NA,0.960360321902126,0.01,0.700738746463703,0.128,-31753.4607697843,65593.0636338213,22,2.64,TRUE,"",5,7,5100007,5300007
"RDMM",4.96579216768463,0.960360323778139,0.01,0.76892839564997,0.094,-29771.0305169362,61621.2953728461,101,4.05,TRUE,"",5,7,5100007,5300007
"DGMM",NA,0.917681633925859,0.021,0.473045910699644,0.28,-31602.3813987356,65290.9048917239,10,1.22,TRUE,"",5,8,5100008,5300008
"RDMM",5.2035624769723,0.933088882411984,0.017,0.731105393001824,0.112,-29807.2268890679,61693.6881171095,100,4,TRUE,"",5,8,5100008,5300008
"DGMM",NA,0.92536931929657,0.019,0.702842467576474,0.124,-31613.0138496185,65312.1697934895,17,2.08,TRUE,"",5,9,5100009,5300009
"RDMM",5.5851164540637,0.929225182079578,0.018,0.76621936021076,0.095,-30039.9174679295,62159.0692748327,100,4.14,TRUE,"",5,9,5100009,5300009
"DGMM",NA,0.891027220733701,0.028,0.420746216655367,0.451,-31736.7004289706,65559.5429521937,18,2.2,TRUE,"",5,10,5100010,5300010
"RDMM",5.09076175156755,0.936959698717011,0.016,0.775245362777595,0.093,-29818.7128530295,61716.6600450325,168,6.77,TRUE,"",5,10,5100010,5300010
"DGMM",NA,0.921521520962894,0.02,0.431328372677427,0.471,-31834.8713935169,65755.8848812864,17,2.08,TRUE,"",5,11,5100011,5300011
"RDMM",5.0802962069453,0.933089105044707,0.017,0.741889165416939,0.106,-30138.1853534881,62355.6050459498,166,6.64,TRUE,"",5,11,5100011,5300011
"DGMM",NA,0.948624596826338,0.013,0.441040255879592,0.387,-31527.8539621304,65141.8500185134,15,1.89,TRUE,"",5,12,5100012,5300012
"RDMM",5.41968456013101,0.964288271026444,0.009,0.775242057929771,0.092,-29553.7896203359,61186.8135796454,105,4.34,TRUE,"",5,12,5100012,5300012
"DGMM",NA,0.921521486418542,0.02,0.624206457139158,0.165,-32151.3512948284,66388.8446839094,15,1.81,TRUE,"",5,13,5100013,5300013
"RDMM",5.06764330751483,0.968224212762028,0.008,0.778875308617701,0.09,-30303.0114873053,62685.2573135843,100,4.45999999999999,TRUE,"",5,13,5100013,5300013
"DGMM",NA,0.913849871721947,0.022,0.400025873480679,0.465,-32140.716352419,66367.5747990905,19,2.39,TRUE,"",5,14,5100014,5300014
"RDMM",4.73553906110385,0.929225165491892,0.018,0.785901870903841,0.086,-29822.7582152068,61724.7507693872,130,5.78,TRUE,"",5,14,5100014,5300014
"DGMM",NA,0.910026008500048,0.023,0.458611253706152,0.283,-32165.8239110845,66417.7899164216,11,1.39,TRUE,"",5,15,5100015,5300015
"RDMM",4.88901130184194,0.960360325900093,0.01,0.788203585342642,0.086,-29992.0603061738,62063.3549513213,100,4.12,TRUE,"",5,15,5100015,5300015
"DGMM",NA,0.86849282704008,0.034,0.398798128102286,0.489,-31608.202281714,65302.5466576806,23,3.09999999999999,TRUE,"",5,16,5100016,5300016
"RDMM",5.22320211900854,0.948624617552743,0.013,0.536306319620256,0.294,-29930.5407113701,61940.3157617138,113,4.56999999999999,TRUE,"",5,16,5100016,5300016
"DGMM",NA,0.910025661406376,0.023,0.426769473260034,0.434,-31594.8417163543,65275.8255269613,20,2.42,TRUE,"",5,17,5100017,5300017
"RDMM",5.03485765757667,0.952528448901979,0.012,0.765462676404858,0.097,-29887.1158075535,61853.4659540807,144,5.75999999999999,TRUE,"",5,17,5100017,5300017
"DGMM",NA,0.729044353597336,0.073,0.337143337494146,0.476,-32527.5434188063,67141.2289318652,10,1.29000000000001,TRUE,"",5,18,5100018,5300018
"RDMM",4.68203500584703,0.925369344666797,0.019,0.694533879866643,0.129,-30287.2420248623,62653.7183886982,159,6.5,TRUE,"",5,18,5100018,5300018
"DGMM",NA,0.708675242091411,0.079,0.466022413211997,0.267,-32629.0422017573,67344.2264977671,6,0.780000000000001,TRUE,"",5,19,5100019,5300019
"RDMM",5.09431582250352,0.968224194899325,0.008,0.78668987019514,0.087,-30099.0153527492,62277.2650444721,100,4.12,TRUE,"",5,19,5100019,5300019
"DGMM",NA,0.940840810742952,0.015,0.441631799304292,0.428,-31826.5478636273,65739.2378215072,22,2.66,TRUE,"",5,20,5100020,5300020
"RDMM",5.16338516835737,0.944728675104742,0.014,0.796540455818381,0.082,-29987.8180283394,62054.8703956525,104,4.12,TRUE,"",5,20,5100020,5300020
"DGMM",NA,0.53532313610019,0.134,0.235987846062932,0.525,-32308.6703553711,66703.4828049947,23,2.86000000000001,TRUE,"",5,21,5100021,5300021
"RDMM",4.76106857031568,0.952528526583246,0.012,0.778126439944796,0.091,-30204.7720480159,62488.7784350055,191,7.59999999999999,TRUE,"",5,21,5100021,5300021
"DGMM",NA,0.788332359819405,0.056,0.486961574665789,0.241,-32574.0536448385,67234.2493839295,6,0.799999999999983,TRUE,"",5,22,5100022,5300022
"RDMM",4.87872911128364,0.948624618887061,0.013,0.745936177108806,0.105,-30134.2039975925,62347.6423341586,132,5.33000000000001,TRUE,"",5,22,5100022,5300022
"DGMM",NA,0.917681799261649,0.021,0.516600434525677,0.303,-32480.5437740052,67047.2296422629,16,2.09,TRUE,"",5,23,5100023,5300023
"RDMM",4.98534242462171,0.940840734533526,0.015,0.57892011764151,0.237,-30613.1550165236,63305.5443720209,100,4.18000000000001,TRUE,"",5,23,5100023,5300023
"DGMM",NA,0.933089102504509,0.017,0.421312149499596,0.409,-32113.283107503,66312.7083092585,14,1.71000000000001,TRUE,"",5,24,5100024,5300024
"RDMM",4.89177633273334,0.925369358450274,0.019,0.749824175620797,0.102,-30349.5410766519,62778.3164922775,183,7.33000000000001,TRUE,"",5,24,5100024,5300024
"DGMM",NA,0.925369371156913,0.019,0.436314844995804,0.415,-32416.2736788876,66918.6894520278,17,2.06999999999999,TRUE,"",5,25,5100025,5300025
"RDMM",4.85529483733972,0.933089026585989,0.017,0.760059377306711,0.099,-30386.8627393732,62852.9598177201,210,8.42000000000002,TRUE,"",5,25,5100025,5300025
"DGMM",NA,0.936960106225753,0.016,0.423870652260954,0.419,-31996.7126379962,66079.5673702449,12,1.52000000000001,TRUE,"",5,26,5100026,5300026
"RDMM",5.00799800342154,0.948623391730581,0.013,0.766100011324769,0.096,-30206.9329704808,62493.1002799352,209,8.38,TRUE,"",5,26,5100026,5300026
"DGMM",NA,0.925369343877118,0.019,0.434741025946975,0.424,-31971.9193507505,66029.9807957537,24,2.89000000000001,TRUE,"",5,27,5100027,5300027
"RDMM",4.9531255150432,0.944728698628385,0.014,0.820266118876491,0.072,-30065.6851346366,62210.6046082469,100,4.09,TRUE,"",5,27,5100027,5300027
"DGMM",NA,0.933088819013842,0.017,0.638301864700142,0.16,-31315.2786794257,64716.699453104,18,2.22999999999999,TRUE,"",5,28,5100028,5300028
"RDMM",5.54835340626487,0.944728419225023,0.014,0.753695806406132,0.103,-29696.6573876758,61472.5491143252,100,4.05000000000001,TRUE,"",5,28,5100028,5300028
"DGMM",NA,0.936960928519243,0.016,0.403748470356592,0.402,-31726.1816724808,65538.5054392141,16,1.96000000000001,TRUE,"",5,29,5100029,5300029
"RDMM",4.81429578272358,0.952528504098332,0.012,0.767501926267678,0.095,-29733.4065362061,61546.0474113858,166,6.56999999999999,TRUE,"",5,29,5100029,5300029
"DGMM",NA,0.910025338405371,0.023,0.418695273884803,0.383,-32467.8701627296,67021.8824197118,12,1.51999999999998,TRUE,"",5,30,5100030,5300030
"RDMM",4.4422277382912,0.929224787291909,0.018,0.76056915113395,0.099,-30203.9704419382,62487.1752228501,171,7.12,TRUE,"",5,30,5100030,5300030
"DGMM",NA,0.88348354905019,0.03,0.409567985739475,0.499,-32113.9761939987,66314.09448225,17,2.16999999999999,TRUE,"",5,31,5100031,5300031
"RDMM",4.89666403768245,0.936960910351866,0.016,0.733033260803622,0.111,-30056.7577563593,62192.7498516921,136,5.51999999999998,TRUE,"",5,31,5100031,5300031
"DGMM",NA,0.933089049023013,0.017,0.421810810046912,0.444,-32251.6193845721,66589.3808633968,15,1.84,TRUE,"",5,32,5100032,5300032
"RDMM",4.58354513921756,0.944728704006202,0.014,0.771347219135474,0.093,-29985.4928647217,62050.2200684169,139,5.57999999999998,TRUE,"",5,32,5100032,5300032
"DGMM",NA,0.827929030698285,0.045,0.392511574465686,0.379,-31860.1843789718,65806.5108521961,11,1.41,TRUE,"",5,33,5100033,5300033
"RDMM",5.18257811431489,0.929225172463282,0.018,0.71706843918003,0.118,-30049.7520952353,62178.7385294442,100,4.08000000000001,TRUE,"",5,33,5100033,5300033
"DGMM",NA,0.913849787386692,0.022,0.412748117171404,0.471,-31994.6905303475,66075.5231549477,15,1.87,TRUE,"",5,34,5100034,5300034
"RDMM",4.88350664067669,0.940840796231763,0.015,0.772058479518376,0.093,-29983.9640918129,62047.1625225995,192,7.69,TRUE,"",5,34,5100034,5300034
"DGMM",NA,0.933089090691731,0.017,0.435465798402893,0.404,-31815.9944995773,65718.1310934072,19,2.39000000000001,TRUE,"",5,35,5100035,5300035
"RDMM",5.31061362680941,0.972168140836529,0.007,0.775307440944258,0.092,-29997.1087988067,62073.451936587,119,4.78000000000003,TRUE,"",5,35,5100035,5300035
"DGMM",NA,0.891027103066011,0.028,0.366685430804789,0.438,-32711.8450637922,67509.832221837,13,1.65999999999997,TRUE,"",5,36,5100036,5300036
"RDMM",4.47203802742787,0.940840816205985,0.015,0.758292185509942,0.099,-30351.54207722,62782.3184934135,209,8.38999999999999,TRUE,"",5,36,5100036,5300036
"DGMM",NA,0.411581705968285,0.179,0.169002969792082,0.559,-32044.8605954673,66175.8632851872,22,2.66999999999996,TRUE,"",5,37,5100037,5300037
"RDMM",4.78849758187282,0.948624622441945,0.013,0.779622081862171,0.09,-30139.7380562733,62358.7104515203,148,5.97000000000003,TRUE,"",5,37,5100037,5300037
"DGMM",NA,0.921521621213812,0.02,0.434807342813046,0.476,-31975.4021768926,66036.9464480378,19,2.48000000000002,TRUE,"",5,38,5100038,5300038
"RDMM",5.14678396440072,0.936960950810042,0.016,0.563046735248408,0.283,-30096.3107715188,62271.8558820112,108,4.5,TRUE,"",5,38,5100038,5300038
"DGMM",NA,0.887251397980644,0.029,0.421023300363332,0.441,-31991.1746578696,66068.4914099919,17,2.05000000000001,TRUE,"",5,39,5100039,5300039
"RDMM",4.7860669183195,0.964288252648143,0.009,0.817903402613846,0.073,-29923.3720103987,61925.9783597711,194,7.81999999999999,TRUE,"",5,39,5100039,5300039
"DGMM",NA,0.933089084100946,0.017,0.436701070499534,0.419,-31689.2897926312,65464.721679515,21,2.56,TRUE,"",5,40,5100040,5300040
"RDMM",5.34948193880234,0.952528513523368,0.012,0.775755083877549,0.091,-30006.7768179176,62092.7879748088,100,4.10999999999996,TRUE,"",5,40,5100040,5300040
"DGMM",NA,0.842566782684613,0.041,0.389828947599717,0.384,-32072.1918960794,66230.5258864113,12,1.42000000000002,TRUE,"",5,41,5100041,5300041
"RDMM",4.99452151355081,0.94472868580456,0.014,0.809503075319905,0.077,-30040.5949964077,62160.4243317891,137,5.36000000000001,TRUE,"",5,41,5100041,5300041
"DGMM",NA,0.936960944891703,0.016,0.450538267893395,0.49,-31426.5799643453,64939.3020229431,23,2.53000000000003,TRUE,"",5,42,5100042,5300042
"RDMM",5.61404803777409,0.944728708628164,0.014,0.595245888659078,0.206,-29934.2698201667,61947.7739793071,130,4.39999999999998,TRUE,"",5,42,5100042,5300042
"DGMM",NA,0.929225169740083,0.018,0.431624533543952,0.42,-31469.3391114632,65024.8203171789,18,1.12,TRUE,"",5,43,5100043,5300043
"RDMM",5.37446173307529,0.925369383906621,0.019,0.648361913476497,0.158,-29932.2773834779,61943.7891059295,114,4.64,TRUE,"",5,43,5100043,5300043
"DGMM",NA,0.933088961591909,0.017,0.705766526438147,0.123,-32190.6665437078,66467.4751816682,21,2.54,TRUE,"",5,44,5100044,5300044
"RDMM",4.595641694736,0.936960860215673,0.016,0.76439881836006,0.097,-30024.0467327306,62127.3278044348,100,4.09,TRUE,"",5,44,5100044,5300044
"DGMM",NA,0.936960934607373,0.016,0.436392899487607,0.473,-32456.9089453274,66999.9599849075,22,2.69,TRUE,"",5,45,5100045,5300045
"RDMM",4.86121695981312,0.929225212476132,0.018,0.535239438794727,0.291,-30529.9633835362,63139.161106046,155,6.21,TRUE,"",5,45,5100045,5300045
"DGMM",NA,0.875972350574568,0.032,0.431401173052116,0.342,-32189.8391940013,66465.8204822553,15,1.82,TRUE,"",5,46,5100046,5300046
"RDMM",4.65579604841731,0.936960898806238,0.016,0.743115901218379,0.107,-29923.8486857187,61926.9317104109,107,4.23,TRUE,"",5,46,5100046,5300046
"DGMM",NA,0.366567967376026,0.197,0.163538999824032,0.557,-32074.0416432387,66234.22538073,24,2.92,TRUE,"",5,47,5100047,5300047
"RDMM",4.90647607307379,0.960360346887023,0.01,0.760460165903512,0.099,-29955.8794214975,61990.9931819687,115,4.77,TRUE,"",5,47,5100047,5300047
"DGMM",NA,0.495155411938108,0.148,0.206450071606571,0.516,-31714.5360707903,65515.2142358332,23,2.83,TRUE,"",5,48,5100048,5300048
"RDMM",4.86018290871174,0.948624575793517,0.013,0.762832875007882,0.097,-29674.5124087385,61428.2591564506,134,5.37,TRUE,"",5,48,5100048,5300048
"DGMM",NA,0.929225177477372,0.018,0.418638723076405,0.452,-31606.9102222955,65299.9625388435,25,2.98,TRUE,"",5,49,5100049,5300049
"RDMM",5.04281895520808,0.944728709410601,0.014,0.738137610866361,0.109,-29763.218728278,61605.6717955296,106,4.31,TRUE,"",5,49,5100049,5300049
"DGMM",NA,0.763640104340728,0.063,0.470605375282329,0.251,-32648.2611850451,67382.6644643428,6,0.759999999999998,TRUE,"",5,50,5100050,5300050
"RDMM",4.76315410889041,0.940838291934118,0.015,0.750703108057283,0.104,-30104.8224143318,62288.8791676372,158,6.31,TRUE,"",5,50,5100050,5300050
"DGMM",NA,0.972168142169781,0.007,0.434072016355257,0.406,-31493.6452631238,65073.4326205002,18,2.2,TRUE,"",5,51,5100051,5300051
"RDMM",5.23777614048088,0.98008006051816,0.005,0.813692112993131,0.075,-29631.0038955781,61341.2421301299,100,4.11,TRUE,"",5,51,5100051,5300051
"DGMM",NA,0.902402460843516,0.025,0.419807740434073,0.367,-32915.6654406438,67917.4729755402,14,1.69,TRUE,"",5,52,5100052,5300052
"RDMM",4.94591605778661,0.95252848285774,0.012,0.758449044551481,0.099,-30402.5197754707,62884.2738899151,112,4.5,TRUE,"",5,52,5100052,5300052
"DGMM",NA,0.921521517852695,0.02,0.325620990380002,0.473,-32558.6000768255,67203.3422479035,12,1.54000000000001,TRUE,"",5,53,5100053,5300053
"RDMM",4.87447949376193,0.952528534693154,0.012,0.764206672633822,0.096,-30396.2793891139,62871.7931172015,178,7.16,TRUE,"",5,53,5100053,5300053
"DGMM",NA,0.940840798325927,0.015,0.447510772326494,0.445,-31601.4153398575,65288.9727739677,22,2.67,TRUE,"",5,54,5100054,5300054
"RDMM",5.16729850892702,0.956440404423762,0.011,0.723592939457893,0.116,-29796.6506708434,61672.5356806604,100,4.56,TRUE,"",5,54,5100054,5300054
"DGMM",NA,0.917681691255011,0.021,0.643811678449867,0.156,-31887.4838512578,65861.1097967682,15,1.83,TRUE,"",5,55,5100055,5300055
"RDMM",5.14754714242198,0.944728729592688,0.014,0.7703531018996,0.094,-30061.4896976774,62202.2137343285,100,4.01000000000001,TRUE,"",5,55,5100055,5300055
"DGMM",NA,0.861045568504521,0.036,0.409463518081703,0.442,-32001.7434389953,66089.6289722432,16,2.14,TRUE,"",5,56,5100056,5300056
"RDMM",4.86104578666648,0.940840784611426,0.015,0.767196255729015,0.095,-29985.3153141447,62049.8649672629,100,4.44,TRUE,"",5,56,5100056,5300056
"DGMM",NA,0.883483485164682,0.03,0.55413100603537,0.203,-31571.6766809606,65229.4954561738,14,1.77,TRUE,"",5,57,5100057,5300057
"RDMM",5.17688199148723,0.944728729526229,0.014,0.810052526257153,0.076,-29643.3630371504,61365.9604132744,111,4.78,TRUE,"",5,57,5100057,5300057
"DGMM",NA,0.898602604416781,0.026,0.429806331340525,0.412,-32317.3375594419,66720.8172131364,45,5.44000000000001,TRUE,"",5,58,5100058,5300058
"RDMM",4.50318719321064,0.929225226246423,0.018,0.763079414739225,0.097,-29972.6594589985,62024.5532569706,107,4.30999999999999,TRUE,"",5,58,5100058,5300058
"DGMM",NA,0.936960868497934,0.016,0.423924575142158,0.391,-32002.0219481306,66090.1859905138,14,1.75,TRUE,"",5,59,5100059,5300059
"RDMM",5.09900798255735,0.933089001806126,0.017,0.783665288853115,0.087,-29990.6910673004,62060.6164735745,100,4.16,TRUE,"",5,59,5100059,5300059
"DGMM",NA,0.879723950939656,0.031,0.408075932526626,0.445,-32612.8324175308,67311.8069293141,18,2.25,TRUE,"",5,60,5100060,5300060
"RDMM",4.89590476137626,0.952528484718547,0.012,0.759900473395916,0.099,-30402.1353629438,62883.5050648613,228,9.12999999999998,TRUE,"",5,60,5100060,5300060
"DGMM",NA,0.936960823614019,0.016,0.599352206053479,0.181,-31463.2410779984,65012.6242502494,14,1.82999999999998,TRUE,"",5,61,5100061,5300061
"RDMM",5.63398009302861,0.960360338054136,0.01,0.765174061290678,0.097,-29890.4628861423,61860.1601112582,109,4.34,TRUE,"",5,61,5100061,5300061
"DGMM",NA,0.154589934253886,0.302,0.0864668681389849,0.576,-31918.199480703,65922.5410556586,38,4.57999999999998,TRUE,"",5,62,5100062,5300062
"RDMM",5.11061500788913,0.910022149445114,0.023,0.763700687467049,0.096,-30356.7445637534,62792.7234664803,176,6.97,TRUE,"",5,62,5100062,5300062
"DGMM",NA,0.574142266963831,0.121,0.265171653055602,0.494,-31538.0327555501,65162.2076053527,22,2.65000000000001,TRUE,"",5,63,5100063,5300063
"RDMM",5.06154599927423,0.952528522363902,0.012,0.804060992877707,0.079,-29658.3713084927,61395.976955959,181,7.49000000000001,TRUE,"",5,63,5100063,5300063
"DGMM",NA,0.917681670841408,0.021,0.355562053669269,0.46,-32242.3480810313,66570.8382563152,14,1.71000000000001,TRUE,"",5,64,5100064,5300064
"RDMM",4.78109196649172,0.921521526549172,0.02,0.76779608174632,0.095,-30104.8093584541,62288.8530558818,192,7.67000000000002,TRUE,"",5,64,5100064,5300064
"DGMM",NA,0.753179367398953,0.066,0.35178677306627,0.401,-31848.5334809453,65783.2090561431,12,1.47,TRUE,"",5,65,5100065,5300065
"RDMM",4.91625374464887,0.936960902784144,0.016,0.765216348294361,0.096,-29892.75755365,61864.7494462735,103,4.15000000000001,TRUE,"",5,65,5100065,5300065
"DGMM",NA,0.820656644080351,0.047,0.36908519427047,0.35,-32316.2984644115,66718.7390230756,15,1.84999999999999,TRUE,"",5,66,5100066,5300066
"RDMM",4.99584298056631,0.929225225592857,0.018,0.757158451418298,0.099,-30241.2964579821,62561.8272549378,100,4.09,TRUE,"",5,66,5100066,5300066
"DGMM",NA,0.910025989176747,0.023,0.689394044997812,0.132,-31641.4542211781,65369.0505366088,12,1.55000000000001,TRUE,"",5,67,5100067,5300067
"RDMM",5.00787909373201,0.956440438589816,0.011,0.787826450456488,0.087,-29818.9215055285,61717.0773500307,100,4.13999999999999,TRUE,"",5,67,5100067,5300067
"DGMM",NA,0.861045223700052,0.036,0.374818875202887,0.357,-32262.3663118816,66610.8747180159,13,1.59,TRUE,"",5,68,5100068,5300068
"RDMM",4.64490997230789,0.944728705622471,0.014,0.76943528931916,0.094,-29656.099731901,61391.4338027757,100,3.99000000000001,TRUE,"",5,68,5100068,5300068
"DGMM",NA,0.929225212113039,0.018,0.433982739088423,0.434,-31287.983808961,64662.1097121745,23,2.83000000000001,TRUE,"",5,69,5100069,5300069
"RDMM",5.24167843921461,0.93696096128841,0.016,0.787961978047367,0.086,-29727.3803279723,61533.9949949183,105,4.28,TRUE,"",5,69,5100069,5300069
"DGMM",NA,0.838895710811431,0.042,0.404826937625757,0.351,-31769.9785527458,65626.0991997442,14,1.82999999999998,TRUE,"",5,70,5100070,5300070
"RDMM",5.10168541948437,0.933089046667319,0.017,0.787996063980577,0.086,-29981.7329133314,62042.7001656364,100,3.96000000000001,TRUE,"",5,70,5100070,5300070
"DGMM",NA,0.887251253691502,0.029,0.413134221306109,0.38,-31585.8407894409,65257.8236731344,17,2.11000000000001,TRUE,"",5,71,5100071,5300071
"RDMM",5.08048645577159,0.948624581259285,0.013,0.799905516954459,0.081,-29728.5893529783,61536.4130449302,124,5,TRUE,"",5,71,5100071,5300071
"DGMM",NA,0.894810788864021,0.027,0.654002907246845,0.15,-31790.3077214308,65666.7575371143,16,1.95999999999998,TRUE,"",5,72,5100072,5300072
"RDMM",5.20542712490792,0.940840846525805,0.015,0.749948913496299,0.103,-30023.19693696,62125.6282128936,109,4.69,TRUE,"",5,72,5100072,5300072
"DGMM",NA,0.872228389166013,0.033,0.735999686043675,0.108,-32185.3085611443,66456.7592165413,20,2.47999999999999,TRUE,"",5,73,5100073,5300073
"RDMM",4.8847439762708,0.952528484325076,0.012,0.77416518948347,0.092,-30187.842530483,62454.9193999396,100,4.25,TRUE,"",5,73,5100073,5300073
"DGMM",NA,0.910026064115795,0.023,0.384747867247148,0.427,-31942.1477828436,65970.4376599398,23,2.78,TRUE,"",5,74,5100074,5300074
"RDMM",5.00959930738297,0.940840832697513,0.015,0.778116220018449,0.09,-29866.5171854208,61812.2687098153,100,4.06,TRUE,"",5,74,5100074,5300074
"DGMM",NA,0.913849786653293,0.022,0.39345701111849,0.426,-32122.1606714025,66330.4634370577,15,1.82000000000002,TRUE,"",5,75,5100075,5300075
"RDMM",4.78410638739548,0.921521449096114,0.02,0.788806093311972,0.085,-29964.7119079017,62008.658154777,100,4.06,TRUE,"",5,75,5100075,5300075
"DGMM",NA,0.71204378165606,0.078,0.315202826974567,0.459,-32055.5614875407,66197.265069334,12,1.50999999999999,TRUE,"",5,76,5100076,5300076
"RDMM",4.99777294226424,0.948623911244358,0.013,0.800471920775116,0.079,-30134.5683959365,62348.3711308466,118,4.88,TRUE,"",5,76,5100076,5300076
"DGMM",NA,0.948624629561597,0.013,0.433561991870167,0.406,-32374.7986940104,66835.7394822734,16,1.92999999999998,TRUE,"",5,77,5100077,5300077
"RDMM",5.02675716998649,0.964288288566539,0.009,0.789499041355138,0.085,-30388.8564810298,62856.9473010332,222,8.87999999999997,TRUE,"",5,77,5100077,5300077
"DGMM",NA,0.461905633799754,0.16,0.200108911277176,0.53,-32120.9006041727,66327.943302598,36,4.31999999999999,TRUE,"",5,78,5100078,5300078
"RDMM",4.68140556911108,0.933089029714043,0.017,0.755395931666078,0.101,-30043.4604061437,62166.1551512611,180,7.22999999999996,TRUE,"",5,78,5100078,5300078
"DGMM",NA,0.853630083698574,0.038,0.403217370583199,0.37,-32286.535832134,66659.2137585206,14,1.75,TRUE,"",5,79,5100079,5300079
"RDMM",4.8965815302025,0.921521454209329,0.02,0.717080701312578,0.118,-30119.6910562464,62318.6164514664,100,4.02000000000004,TRUE,"",5,79,5100079,5300079
"DGMM",NA,0.917681748689661,0.021,0.386302886791022,0.415,-32028.0341036985,66142.2103016497,13,1.59999999999997,TRUE,"",5,80,5100080,5300080
"RDMM",5.3403842651079,0.952528534498321,0.012,0.767364649660832,0.095,-30157.9649844319,62395.1643078375,146,5.96999999999997,TRUE,"",5,80,5100080,5300080
"DGMM",NA,0.936960962258629,0.016,0.425546081093635,0.475,-31783.9828843132,65654.1078628789,20,2.55000000000001,TRUE,"",5,81,5100081,5300081
"RDMM",5.04564841961385,0.956440440545193,0.011,0.571301027015839,0.21,-30025.6333758788,62130.5010907312,126,5.05000000000001,TRUE,"",5,81,5100081,5300081
"DGMM",NA,0.929225201169193,0.018,0.389961498910956,0.471,-32340.6887057844,66767.5195058215,14,1.79000000000002,TRUE,"",5,82,5100082,5300082
"RDMM",4.91734849535334,0.925369338291937,0.019,0.780137531097727,0.089,-30298.1525715524,62675.5394820784,104,4.18000000000001,TRUE,"",5,82,5100082,5300082
"DGMM",NA,0.913849871217823,0.022,0.40823139219768,0.409,-31907.4793354807,65901.1007652141,16,2,TRUE,"",5,83,5100083,5300083
"RDMM",4.66550969454882,0.936960958914405,0.016,0.790241581648702,0.084,-29937.2720173948,61953.7783737632,100,4.11000000000001,TRUE,"",5,83,5100083,5300083
"DGMM",NA,0.921521468576403,0.02,0.429744996164501,0.415,-32183.9696047341,66454.0813037208,20,1.22,TRUE,"",5,84,5100084,5300084
"RDMM",4.70876627630078,0.956440422737287,0.011,0.754711506820226,0.101,-30342.7237524802,62764.681843934,259,10.31,TRUE,"",5,84,5100084,5300084
"DGMM",NA,0.902401831609768,0.025,0.424215762794605,0.41,-32314.4752935124,66715.0926812774,17,2.09,TRUE,"",5,85,5100085,5300085
"RDMM",4.85595872455412,0.933088882411984,0.017,0.778477784267606,0.089,-30211.5571923831,62502.3487237398,100,4.13,TRUE,"",5,85,5100085,5300085
"DGMM",NA,0.902402333972229,0.025,0.350120976479424,0.432,-32499.7547102865,67085.6515148256,11,1.43,TRUE,"",5,86,5100086,5300086
"RDMM",4.79765858343742,0.93308867700157,0.017,0.587489960779779,0.223,-30267.6647994635,62614.5639379006,222,8.81,TRUE,"",5,86,5100086,5300086
"DGMM",NA,0.879723495558218,0.031,0.51673894279232,0.235,-31937.7848598484,65961.7118139495,14,1.72,TRUE,"",5,87,5100087,5300087
"RDMM",4.99393781408176,0.940840833050333,0.015,0.687722174566285,0.14,-29805.4009612747,61690.036261523,104,4.19,TRUE,"",5,87,5100087,5300087
"DGMM",NA,0.802618188885224,0.052,0.366739459280493,0.514,-32042.4068408517,66170.9557759561,26,3.3,TRUE,"",5,88,5100088,5300088
"RDMM",5.19453508439525,0.952528269331997,0.012,0.768494829362744,0.094,-29967.2949209431,62013.8241808598,160,6.39,TRUE,"",5,88,5100088,5300088
"DGMM",NA,0.917681727220303,0.021,0.618899727093413,0.17,-31801.2177487733,65688.5775917993,22,2.68,TRUE,"",5,89,5100089,5300089
"RDMM",5.29315998733628,0.936960929101375,0.016,0.7284501908113,0.114,-30182.1269842105,62443.4883073947,100,4.02,TRUE,"",5,89,5100089,5300089
"DGMM",NA,0.85362944443205,0.038,0.35184351159477,0.449,-32786.5112544344,67659.1646031215,15,1.83,TRUE,"",5,90,5100090,5300090
"RDMM",4.44482136720666,0.913849820567796,0.022,0.712889512163297,0.119,-30283.7499407744,62646.7342205224,193,7.84,TRUE,"",5,90,5100090,5300090
"DGMM",NA,0.910026000185663,0.023,0.38609678790715,0.489,-32135.1366238075,66356.4153418676,27,3.33000000000001,TRUE,"",5,91,5100091,5300091
"RDMM",4.6868391726766,0.929225192818055,0.018,0.760446037786508,0.098,-30194.0215543518,62467.2774476773,115,4.55,TRUE,"",5,91,5100091,5300091
"DGMM",NA,0.936960962258629,0.016,0.439015914893566,0.43,-31983.1617942573,66052.4656827671,21,2.63,TRUE,"",5,92,5100092,5300092
"RDMM",4.86017291200308,0.940840840983107,0.015,0.676272965083731,0.143,-30149.4600279542,62378.154394882,151,6.06999999999999,TRUE,"",5,92,5100092,5300092
"DGMM",NA,0.913849863262325,0.022,0.486416036027681,0.253,-31697.1731937556,65480.4884817638,14,1.72999999999999,TRUE,"",5,93,5100093,5300093
"RDMM",4.95005416422041,0.964288284938976,0.009,0.758281132253906,0.1,-29851.9507170709,61783.1357731155,100,3.97,TRUE,"",5,93,5100093,5300093
"DGMM",NA,0.952528496502134,0.012,0.440195905108969,0.427,-31766.1416573132,65618.4254088791,18,2.61,TRUE,"",5,94,5100094,5300094
"RDMM",5.29006915863668,0.956440418488528,0.011,0.794248336656752,0.083,-29983.7627669394,62046.7598728525,225,9.22,TRUE,"",5,94,5100094,5300094
"DGMM",NA,0.809810909944731,0.05,0.375393237545672,0.447,-31422.9758245917,64932.0937434361,17,2.55000000000001,TRUE,"",5,95,5100095,5300095
"RDMM",4.98504331116772,0.921521463902292,0.02,0.770899246407007,0.093,-29620.3003779471,61319.8350948679,186,7.69,TRUE,"",5,95,5100095,5300095
"DGMM",NA,0.891024806047536,0.028,0.423053120482574,0.343,-32273.2962033669,66632.7345009864,25,3.24000000000001,TRUE,"",5,96,5100096,5300096
"RDMM",4.66803546281424,0.913849164995941,0.022,0.763944605764275,0.096,-30161.8879784234,62403.0102958204,100,4,TRUE,"",5,96,5100096,5300096
"DGMM",NA,0.933089079299455,0.017,0.76913512649265,0.094,-31455.4312684243,64997.0046311013,30,3.71000000000001,TRUE,"",5,97,5100097,5300097
"RDMM",5.27106939038815,0.940840816205985,0.015,0.780258903967306,0.089,-29754.1503791505,61587.5350972745,100,4.05999999999999,TRUE,"",5,97,5100097,5300097
"DGMM",NA,0.929225266062915,0.018,0.464903690972478,0.306,-31831.4748350799,65749.0917644123,20,2.54000000000001,TRUE,"",5,98,5100098,5300098
"RDMM",4.8936533176943,0.952528532357446,0.012,0.76757166928129,0.096,-29852.6999702062,61784.6342793861,100,4.11,TRUE,"",5,98,5100098,5300098
"DGMM",NA,0.956440411214517,0.011,0.672126513697341,0.144,-31566.0822584132,65218.3066110791,14,1.72999999999999,TRUE,"",5,99,5100099,5300099
"RDMM",4.91337057608177,0.976120099718762,0.006,0.829111750433078,0.069,-29619.9393111027,61319.1129611791,148,6,TRUE,"",5,99,5100099,5300099
"DGMM",NA,0.83157617738063,0.044,0.301720285043826,0.496,-31942.5422473487,65971.22658895,13,1.56999999999999,TRUE,"",5,100,5100100,5300100
"RDMM",5.38675726480426,0.95252848247188,0.012,0.788749283875435,0.086,-29766.3537431083,61611.9418251903,201,8.03,TRUE,"",5,100,5100100,5300100
"DGMM",NA,0.964288284300031,0.009,0.759917967992838,0.099,-31820.4372008272,65727.0164959069,24,2.97,TRUE,"",5,101,5100101,5300101
"RDMM",5.15883975859452,0.956440440980962,0.011,0.781765236191422,0.09,-29979.7011250022,62038.6365889779,100,3.97,TRUE,"",5,101,5100101,5300101
"DGMM",NA,0.887251216274309,0.029,0.403376958585023,0.439,-32320.8156610947,66727.7734164421,21,2.56999999999999,TRUE,"",5,102,5100102,5300102
"RDMM",4.89184660296682,0.933089068331971,0.017,0.777636014131481,0.09,-30240.7134819286,62560.6613028309,178,7.40000000000001,TRUE,"",5,102,5100102,5300102
"DGMM",NA,0.929225210152338,0.018,0.433441882839913,0.424,-31961.6690301183,66009.4801544892,18,2.25999999999999,TRUE,"",5,103,5100103,5300103
"RDMM",5.07832220424382,0.964288259978855,0.009,0.761425177372627,0.099,-30122.9479535487,62325.130246071,124,4.94,TRUE,"",5,103,5100103,5300103
"DGMM",NA,0.774173400376259,0.06,0.349581274835333,0.376,-32443.6192080878,66973.3805104282,11,1.38999999999999,TRUE,"",5,104,5100104,5300104
"RDMM",4.96773278685407,0.95644040922841,0.011,0.765295366267032,0.098,-30461.7360657932,63002.7064705601,142,5.67000000000002,TRUE,"",5,104,5100104,5300104
"DGMM",NA,0.910026034464458,0.023,0.615860535433176,0.17,-32216.0153262482,66518.172746749,15,1.88,TRUE,"",5,105,5100105,5300105
"RDMM",4.94491778037871,0.960360355626486,0.01,0.800802503359878,0.08,-30047.2007739793,62173.6358869322,100,4.05000000000001,TRUE,"",5,105,5100105,5300105
"DGMM",NA,0.921521447918464,0.02,0.565417520593446,0.207,-31540.332147894,65166.8063900405,16,2.06,TRUE,"",5,106,5100106,5300106
"RDMM",4.97895352451368,0.956440405348377,0.011,0.761317884298334,0.098,-29690.4062252216,61460.0467894168,119,4.84999999999999,TRUE,"",5,106,5100106,5300106
"DGMM",NA,0.824288329909728,0.046,0.36250389467481,0.474,-32463.7100423606,67013.5621789738,14,1.72,TRUE,"",5,107,5100107,5300107
"RDMM",4.76251150966145,0.968224224720919,0.008,0.797043494727775,0.082,-30089.9486761188,62259.1316912112,148,5.95999999999998,TRUE,"",5,107,5100107,5300107
"DGMM",NA,0.93308909053726,0.017,0.426193527644842,0.46,-31587.9964346044,65262.1349634614,20,2.44,TRUE,"",5,108,5100108,5300108
"RDMM",4.88452232009279,0.936960915254512,0.016,0.582804868125732,0.204,-29871.3620707331,61821.9584804398,148,5.88,TRUE,"",5,108,5100108,5300108
"DGMM",NA,0.898602617881689,0.026,0.584039302862379,0.188,-32131.4224695549,66348.9870333624,13,1.59999999999999,TRUE,"",5,109,5100109,5300109
"RDMM",5.07110615329405,0.933089028594122,0.017,0.756142157065957,0.1,-30217.1692275059,62513.5727939854,203,8.11000000000001,TRUE,"",5,109,5100109,5300109
"DGMM",NA,0.940840829317262,0.015,0.4169147016441,0.444,-32463.1408171089,67012.4237284704,18,2.23999999999998,TRUE,"",5,110,5100110,5300110
"RDMM",4.894203310151,0.944728723656625,0.014,0.7536880981745,0.101,-30568.1167715181,63215.4678820098,122,5.19,TRUE,"",5,110,5100110,5300110
"DGMM",NA,0.936960899800715,0.016,0.416413630886755,0.396,-32908.8457424745,67903.8335792016,18,2.32999999999998,TRUE,"",5,111,5100111,5300111
"RDMM",4.43650041096199,0.936960899800715,0.016,0.77368458221926,0.092,-30590.7976390979,63260.8296171695,119,4.86000000000001,TRUE,"",5,111,5100111,5300111
"DGMM",NA,0.872228719840411,0.033,0.406221935309504,0.392,-32643.8840435919,67373.9101814363,18,2.21000000000001,TRUE,"",5,112,5100112,5300112
"RDMM",4.6766727312002,0.929225195804495,0.018,0.726807643360394,0.113,-30402.0096028502,62883.2535446741,168,6.75999999999999,TRUE,"",5,112,5100112,5300112
"DGMM",NA,0.853629603356903,0.038,0.364012518838872,0.392,-32566.8047195033,67219.7515332591,12,1.5,TRUE,"",5,113,5100113,5300113
"RDMM",4.52492539805941,0.940840841301784,0.015,0.811884686359217,0.075,-30037.5696788246,62154.3736966228,123,5,TRUE,"",5,113,5100113,5300113
"DGMM",NA,0.712053024390012,0.078,0.327105313471075,0.432,-32673.0579202219,67432.2579346963,18,2.25999999999999,TRUE,"",5,114,5100114,5300114
"RDMM",4.58226186250961,0.960360325900093,0.01,0.793074159492568,0.084,-30393.1726115656,62865.5795621048,100,4.01999999999998,TRUE,"",5,114,5100114,5300114
"DGMM",NA,0.913849601757669,0.022,0.648408615039731,0.153,-31988.2553389013,66062.6527720553,15,1.81,TRUE,"",5,115,5100115,5300115
"RDMM",5.31490728073691,0.93308899495787,0.017,0.749751794307858,0.102,-30165.6820502457,62410.5984394651,109,4.44000000000003,TRUE,"",5,115,5100115,5300115
"DGMM",NA,0.91384984152834,0.022,0.429797602728912,0.354,-32142.1623556517,66370.4668055559,20,2.39999999999998,TRUE,"",5,116,5100116,5300116
"RDMM",5.019587359094,0.948624578175524,0.013,0.798443161949602,0.081,-29874.3221168195,61827.8785726127,100,4.14000000000004,TRUE,"",5,116,5100116,5300116
"DGMM",NA,0.921521444143945,0.02,0.444126532316196,0.481,-32609.9995204819,67306.1411352164,24,2.88999999999999,TRUE,"",5,117,5100117,5300117
"RDMM",4.81771673799744,0.925369294888299,0.019,0.769737846602176,0.094,-30476.6234231048,63032.4811851832,145,5.75,TRUE,"",5,117,5100117,5300117
"DGMM",NA,0.925369317903863,0.019,0.418717254817777,0.379,-31780.9821306879,65648.1063556285,15,1.85000000000002,TRUE,"",5,118,5100118,5300118
"RDMM",4.94865707773063,0.940840805382349,0.015,0.77819985428677,0.09,-29818.1867313294,61715.6078016324,100,3.98000000000002,TRUE,"",5,118,5100118,5300118
"DGMM",NA,0.929225288856024,0.018,0.462823479021298,0.309,-32316.205148791,66718.5523918347,21,2.75999999999999,TRUE,"",5,119,5100119,5300119
"RDMM",4.39164403659806,0.925369227162444,0.019,0.749936607773424,0.103,-30042.30768923,62163.8497174337,100,4.13999999999999,TRUE,"",5,119,5100119,5300119
"DGMM",NA,0.933089031928139,0.017,0.727232195177679,0.113,-31306.6701953613,64699.4824849753,18,2.30000000000001,TRUE,"",5,120,5100120,5300120
"RDMM",5.22535770825883,0.948624580735441,0.013,0.801763956345436,0.08,-29511.67872319,61102.5917853536,100,4,TRUE,"",5,120,5100120,5300120
"DGMM",NA,0.652491028303621,0.096,0.303153393668387,0.487,-32625.8061549169,67337.7544040863,13,1.61000000000001,TRUE,"",5,121,5100121,5300121
"RDMM",4.88372443493569,0.940840489207494,0.015,0.729956316121936,0.112,-30308.7411500939,62696.7166391614,126,5.08999999999997,TRUE,"",5,121,5100121,5300121
"DGMM",NA,0.925369374315625,0.019,0.374277266261163,0.481,-32272.7210923637,66631.5842789801,14,1.72999999999996,TRUE,"",5,122,5100122,5300122
"RDMM",5.21864560490575,0.940840844761702,0.015,0.610861658388976,0.182,-30401.3894311024,62882.0132011785,130,5.17000000000002,TRUE,"",5,122,5100122,5300122
"DGMM",NA,0.917681676732689,0.021,0.367873939955244,0.385,-32425.2444299922,66936.6309542371,13,1.5,TRUE,"",5,123,5100123,5300123
"RDMM",4.73632788616137,0.93696096194634,0.016,0.78225956660641,0.088,-30082.1425647999,62243.5194685735,119,4.53999999999996,TRUE,"",5,123,5100123,5300123
"DGMM",NA,0.92536936236995,0.019,0.72112681637877,0.116,-31471.7694624806,65029.6810192138,19,1.97000000000003,TRUE,"",5,124,5100124,5300124
"RDMM",5.19888684427958,0.925369299655092,0.019,0.767553753505024,0.095,-29732.597056066,61544.4284511056,100,2.98000000000002,TRUE,"",5,124,5100124,5300124
"DGMM",NA,0.944728640397431,0.014,0.435368503463385,0.431,-31662.0548538319,65410.2518019163,18,1.42999999999995,TRUE,"",5,125,5100125,5300125
"RDMM",5.0009095726047,0.960360319751574,0.01,0.769470116353848,0.094,-29854.5343696767,61788.3030783271,192,4.82000000000005,TRUE,"",5,125,5100125,5300125
"DGMM",NA,0.913848675534235,0.022,0.537685449800279,0.242,-31923.2331856236,65932.6084654997,17,1.1,TRUE,"",5,126,5100126,5300126
"RDMM",5.28781454163421,0.956440261811823,0.011,0.798128428005082,0.081,-30153.881850053,62386.9980390797,251,9.67,TRUE,"",5,126,5100126,5300126
"DGMM",NA,0.864764846827216,0.035,0.398957505980724,0.446,-32204.5727853491,66495.2876649508,28,3.38,TRUE,"",5,127,5100127,5300127
"RDMM",4.94927114935328,0.902402415154619,0.025,0.749365876929941,0.102,-30296.3013899936,62671.8371189608,185,7.42,TRUE,"",5,127,5100127,5300127
"DGMM",NA,0.492280999590784,0.149,0.267401912654353,0.509,-32289.1970190376,66664.5361323277,14,1.7,TRUE,"",5,128,5100128,5300128
"RDMM",4.94699802723427,0.936960959542016,0.016,0.563699067467604,0.218,-30205.261049045,62489.7564370636,155,6.22,TRUE,"",5,128,5100128,5300128
"DGMM",NA,0.921521242678441,0.02,0.372418469191745,0.469,-32646.2269786493,67378.5960515512,27,3.21,TRUE,"",5,129,5100129,5300129
"RDMM",4.90815354471815,0.95644032887891,0.011,0.803741923996694,0.079,-30377.2526453104,62833.7396295944,230,9.31,TRUE,"",5,129,5100129,5300129
"DGMM",NA,0.913849780686659,0.022,0.430741382583655,0.498,-32082.8834119388,66251.9089181303,20,2.42,TRUE,"",5,130,5100130,5300130
"RDMM",5.05512824473097,0.929225197080993,0.018,0.578385389148159,0.21,-30223.3987571276,62526.0318532288,212,8.36,TRUE,"",5,130,5100130,5300130
"DGMM",NA,0.879723759254109,0.031,0.371274313048268,0.376,-32773.8886083871,67633.9193110267,14,1.72,TRUE,"",5,131,5100131,5300131
"RDMM",4.9284662975806,0.925369324680745,0.019,0.738972116556474,0.108,-30425.7493920972,62930.7331231679,251,10.08,TRUE,"",5,131,5100131,5300131
"DGMM",NA,0.875972060208193,0.032,0.40889483088227,0.399,-32023.5573258676,66133.2567459878,23,2.81,TRUE,"",5,132,5100132,5300132
"RDMM",5.13967629980369,0.925369379120695,0.019,0.774244828542117,0.091,-30282.5426253412,62644.319589656,100,4.01000000000001,TRUE,"",5,132,5100132,5300132
"DGMM",NA,0.722220368504294,0.075,0.357236453565495,0.509,-31713.1568477702,65512.455789793,32,3.91,TRUE,"",5,133,5100133,5300133
"RDMM",5.0798976846993,0.925369349447941,0.019,0.566228397092019,0.237,-30021.866750018,62122.9678390096,111,4.48,TRUE,"",5,133,5100133,5300133
"DGMM",NA,0.887251346420961,0.029,0.413467969856527,0.402,-32120.9717092444,66328.0855127414,19,2.29000000000001,TRUE,"",5,134,5100134,5300134
"RDMM",5.14540221688896,0.944728679084277,0.014,0.775892916203854,0.091,-30212.7354049772,62504.7051489281,143,6.20999999999999,TRUE,"",5,134,5100134,5300134
"DGMM",NA,0.85362977957829,0.038,0.405734763483412,0.473,-31632.1021273514,65350.3463489554,19,2.33999999999999,TRUE,"",5,135,5100135,5300135
"RDMM",5.40437233574829,0.940840806554625,0.015,0.600244994746786,0.195,-29967.1104568051,62013.4552525838,100,4.31,TRUE,"",5,135,5100135,5300135
"DGMM",NA,0.817032910932874,0.048,0.489765614876618,0.242,-31386.1759160241,64858.4939263009,11,1.62,TRUE,"",5,136,5100136,5300136
"RDMM",5.3286870213719,0.940840833050333,0.015,0.804133902036202,0.079,-29355.8959237584,60791.0261864904,100,4.08,TRUE,"",5,136,5100136,5300136
"DGMM",NA,0.547169882470437,0.13,0.247233282060593,0.466,-32040.9922484172,66168.126591087,15,1.89,TRUE,"",5,137,5100137,5300137
"RDMM",4.62238402883198,0.968224200894316,0.008,0.770960080408112,0.094,-30002.0130383276,62083.2604156288,179,7.45999999999999,TRUE,"",5,137,5100137,5300137
"DGMM",NA,0.917681726222587,0.021,0.724701321470131,0.114,-32392.0175812704,66870.1772567934,22,2.66,TRUE,"",5,138,5100138,5300138
"RDMM",4.59044315666531,0.921521464620709,0.02,0.758356921086341,0.099,-30261.5388497547,62602.312038483,100,4.03,TRUE,"",5,138,5100138,5300138
"DGMM",NA,0.861045199807678,0.036,0.619379551648368,0.165,-31724.3634367274,65534.8689677074,28,3.43000000000001,TRUE,"",5,139,5100139,5300139
"RDMM",5.14081991897949,0.940840781800237,0.015,0.771503588444735,0.093,-29786.6449638393,61652.5242666523,138,5.58,TRUE,"",5,139,5100139,5300139
"DGMM",NA,0.708679061905409,0.079,0.322893320837053,0.48,-31653.8236330028,65393.7893602581,16,1.98999999999998,TRUE,"",5,140,5100140,5300140
"RDMM",5.07571567892635,0.94472868437969,0.014,0.694653009330159,0.13,-30017.7528578639,62114.7400547014,100,4.01000000000002,TRUE,"",5,140,5100140,5300140
"DGMM",NA,0.95252848247188,0.012,0.429910789079818,0.395,-31766.8425182353,65619.8271307232,14,1.75,TRUE,"",5,141,5100141,5300141
"RDMM",5.04586509283076,0.956440399038085,0.011,0.805082174904227,0.079,-29833.572304157,61746.3789472876,178,7.11000000000001,TRUE,"",5,141,5100141,5300141
"DGMM",NA,0.698587060969963,0.082,0.35311756702208,0.365,-32689.2001322547,67464.542358762,11,1.37,TRUE,"",5,142,5100142,5300142
"RDMM",4.83565188682896,0.940837725663536,0.015,0.7603067472898,0.099,-30570.7385084963,63220.7113559662,100,4.07999999999998,TRUE,"",5,142,5100142,5300142
"DGMM",NA,0.921521593946795,0.02,0.438007329409898,0.432,-31974.7510631488,66035.6442205503,21,2.53,TRUE,"",5,143,5100143,5300143
"RDMM",5.33857007931044,0.948624570851592,0.013,0.816969910607784,0.073,-30193.0041392243,62465.2426174222,171,6.87,TRUE,"",5,143,5100143,5300143
"DGMM",NA,0.421944608045635,0.175,0.23683655501196,0.508,-32970.8735596791,68027.8892136109,10,1.47,TRUE,"",5,144,5100144,5300144
"RDMM",4.72084936439977,0.948624575793517,0.013,0.560740579969456,0.254,-30524.7374076407,63128.7091542551,119,4.84999999999999,TRUE,"",5,144,5100144,5300144
"DGMM",NA,0.940840837284181,0.015,0.385599322252507,0.393,-32908.3114591452,67902.765012543,12,1.49000000000001,TRUE,"",5,145,5100145,5300145
"RDMM",4.61984600250346,0.960360346061502,0.01,0.785672290049454,0.087,-30555.7826314699,63190.7996019133,100,3.94999999999999,TRUE,"",5,145,5100145,5300145
"DGMM",NA,0.894810854613298,0.027,0.391647934742236,0.453,-32703.9686746256,67494.0794435038,12,1.59999999999999,TRUE,"",5,146,5100146,5300146
"RDMM",4.55641382701199,0.940840816205985,0.015,0.779629045879515,0.09,-30066.6319577838,62212.4982545412,139,5.55000000000001,TRUE,"",5,146,5100146,5300146
"DGMM",NA,0.492267010612413,0.149,0.213766055182453,0.524,-32561.3954161043,67208.9329264613,24,3,TRUE,"",5,147,5100147,5300147
"RDMM",4.6181283868357,0.921521425543107,0.02,0.669804866644956,0.148,-30650.0557477802,63379.345834534,144,5.91999999999999,TRUE,"",5,147,5100147,5300147
"DGMM",NA,0.921521477359704,0.02,0.40312977121557,0.384,-31861.7162057259,65809.5745057044,14,1.74000000000001,TRUE,"",5,148,5100148,5300148
"RDMM",4.66867238140058,0.964288256000896,0.009,0.794876478660106,0.083,-29688.9064036947,61457.047146363,147,5.87,TRUE,"",5,148,5100148,5300148
"DGMM",NA,0.944728681321713,0.014,0.735137286691472,0.11,-31625.5950868668,65337.3322679861,22,2.66,TRUE,"",5,149,5100149,5300149
"RDMM",5.0186372899712,0.956440403228186,0.011,0.781371920654877,0.089,-29583.9657378984,61247.1658147703,100,4.05000000000001,TRUE,"",5,149,5100149,5300149
"DGMM",NA,0.936960900313113,0.016,0.442149468054955,0.44,-31476.2521824985,65038.6464592496,22,2.70000000000002,TRUE,"",5,150,5100150,5300150
"RDMM",5.16661054029823,0.956440401057714,0.011,0.799617339130476,0.081,-29575.0756374755,61229.3856139246,243,9.67999999999998,TRUE,"",5,150,5100150,5300150
"DGMM",NA,0.875967530144503,0.032,0.405427257039112,0.458,-32247.440681382,66581.0234570166,21,2.62,TRUE,"",5,151,5100151,5300151
"RDMM",4.85659071687659,0.940840636027771,0.015,0.536392835324268,0.229,-30276.3542718369,62631.9428826474,187,7.72,TRUE,"",5,151,5100151,5300151
"DGMM",NA,0.952528491661754,0.012,0.452471501448826,0.339,-31864.0524803199,65814.2470548923,21,2.72,TRUE,"",5,152,5100152,5300152
"RDMM",4.83712283231509,0.968224199546869,0.008,0.777648703219051,0.091,-29869.7692306884,61818.7728003504,123,5.06,TRUE,"",5,152,5100152,5300152
"DGMM",NA,0.968224194899325,0.008,0.74319078531106,0.107,-31734.3834353805,65554.9089650136,15,1.84999999999999,TRUE,"",5,153,5100153,5300153
"RDMM",5.47700796911595,0.968224196329809,0.008,0.783927627706209,0.088,-30052.7825847686,62184.7995085109,100,4.07999999999998,TRUE,"",5,153,5100153,5300153
"DGMM",NA,0.364245942819734,0.198,0.147623964353339,0.584,-31993.8417254932,66073.825545239,29,3.51999999999998,TRUE,"",5,154,5100154,5300154
"RDMM",4.95359136024769,0.948624608686944,0.013,0.773873879850845,0.092,-30084.39883617,62248.0320113135,136,5.54000000000002,TRUE,"",5,154,5100154,5300154
"DGMM",NA,0.813417815157889,0.049,0.368236047611295,0.372,-32134.9029438955,66355.9479820436,13,1.69,TRUE,"",5,155,5100155,5300155
"RDMM",5.13345916784152,0.948624574172566,0.013,0.793227238068095,0.085,-30204.7906278015,62488.8155945765,136,5.48000000000002,TRUE,"",5,155,5100155,5300155
"DGMM",NA,0.925369320560057,0.019,0.422181072264166,0.38,-31931.9675417656,65950.0771777838,16,1.92000000000002,TRUE,"",5,156,5100156,5300156
"RDMM",4.88721703787001,0.960360355626486,0.01,0.819851913849497,0.072,-29968.4447650893,62016.1238691522,105,4.39000000000001,TRUE,"",5,156,5100156,5300156
"DGMM",NA,0.875972201513145,0.032,0.407235685226766,0.471,-32197.320965348,66480.7840249486,21,2.48000000000002,TRUE,"",5,157,5100157,5300157
"RDMM",5.03102617110544,0.933089025491814,0.017,0.55036803969733,0.28,-30483.9713224526,63047.1769838789,134,5.35999999999996,TRUE,"",5,157,5100157,5300157
"DGMM",NA,0.806209893329916,0.051,0.369082667795777,0.505,-31351.2817558575,64788.7056059676,25,2.97999999999996,TRUE,"",5,158,5100158,5300158
"RDMM",5.48302573472691,0.921521540986676,0.02,0.528636505668759,0.304,-29800.0908202681,61679.4159795098,122,4.89000000000004,TRUE,"",5,158,5100158,5300158
"DGMM",NA,0.980080068530204,0.005,0.451871667553535,0.409,-31290.4931234684,64667.1283411894,22,2.67000000000002,TRUE,"",5,159,5100159,5300159
"RDMM",5.61013658181827,0.980080066343244,0.005,0.768521187395423,0.095,-29724.8423368343,61528.9190126422,200,8.25,TRUE,"",5,159,5100159,5300159
"DGMM",NA,0.891020219881602,0.028,0.420024932366169,0.436,-32374.8158980257,66835.773890304,22,2.71999999999997,TRUE,"",5,160,5100160,5300160
"RDMM",5.0222179962898,0.933077573578734,0.017,0.73026043049641,0.11,-30304.7091551528,62688.6526492793,106,4.34000000000003,TRUE,"",5,160,5100160,5300160
"DGMM",NA,0.933089055369225,0.017,0.396872316971018,0.461,-31701.3225471992,65488.787188651,14,1.76999999999998,TRUE,"",5,161,5100161,5300161
"RDMM",5.09660680336811,0.933089048984395,0.017,0.775781219868397,0.091,-29635.0885730215,61349.4114850167,192,7.69999999999999,TRUE,"",5,161,5100161,5300161
"DGMM",NA,0.925369110993004,0.019,0.376716802695238,0.486,-32595.2261044187,67276.5943030901,18,2.10000000000002,TRUE,"",5,162,5100162,5300162
"RDMM",4.67389478205438,0.929225038131021,0.018,0.805278228556745,0.078,-30355.030364414,62789.2950678015,165,6.33999999999997,TRUE,"",5,162,5100162,5300162
"DGMM",NA,0.906210142207933,0.024,0.410173720808984,0.469,-32195.1666140817,66476.4753224161,17,1.91999999999996,TRUE,"",5,163,5100163,5300163
"RDMM",5.00706652875622,0.917681612197773,0.021,0.492442495851563,0.307,-30241.1267277951,62561.4877945639,181,5.30000000000001,TRUE,"",5,163,5100163,5300163
"DGMM",NA,0.887251438065715,0.029,0.407342323853464,0.485,-32219.0297210787,66524.20153641,16,1.28000000000003,TRUE,"",5,164,5100164,5300164
"RDMM",5.02709384516187,0.944728729292296,0.014,0.7710660799028,0.094,-30210.3321760659,62499.8986911053,126,3.22999999999996,TRUE,"",5,164,5100164,5300164
"DGMM",NA,0.960360359788406,0.01,0.702759848895689,0.126,-31618.9867420357,65324.115578324,14,1.02000000000004,TRUE,"",5,165,5100165,5300165
"RDMM",5.57982908170558,0.980080079867388,0.005,0.808462562730695,0.077,-29839.5703813241,61758.3751016219,138,3.16999999999996,TRUE,"",5,165,5100165,5300165
"DGMM",NA,0.902402510187476,0.025,0.414496520260792,0.446,-32021.0812898108,66128.3046738742,23,1.56,TRUE,"",5,166,5100166,5300166
"RDMM",4.89853040929654,0.956440175293886,0.011,0.74061459689911,0.108,-29939.128796158,61957.4919312895,157,3.66999999999996,TRUE,"",5,166,5100166,5300166
"DGMM",NA,0.849933963165205,0.039,0.419377988612609,0.404,-31408.3472749055,64902.8366440635,22,1.47000000000003,TRUE,"",5,167,5100167,5300167
"RDMM",5.34767248535754,0.929225206751746,0.018,0.755546877268131,0.101,-29813.6876963852,61706.6097317439,120,2.75999999999999,TRUE,"",5,167,5100167,5300167
"DGMM",NA,0.753181353843069,0.066,0.32632330143926,0.447,-32144.4150742819,66374.9722428165,15,0.97,TRUE,"",5,168,5100168,5300168
"RDMM",5.12146437407593,0.925369305613583,0.019,0.760986315896989,0.097,-30087.3387551165,62253.9118492067,100,3.13,TRUE,"",5,168,5100168,5300168
"DGMM",NA,0.626906319404199,0.104,0.276517584302557,0.446,-32142.8643185991,66371.8707314508,15,2.03,TRUE,"",5,169,5100169,5300169
"RDMM",4.70969504114704,0.95252848285774,0.012,0.777109764341932,0.091,-29991.4968817878,62062.2281025492,100,4.08,TRUE,"",5,169,5100169,5300169
"DGMM",NA,0.948624501911642,0.013,0.460872485798649,0.345,-30975.2777641151,64036.6976224827,26,3.13,TRUE,"",5,170,5100170,5300170
"RDMM",5.37955894401803,0.968224078956321,0.008,0.768228242901893,0.095,-29411.0589085947,60901.352156163,155,6.25,TRUE,"",5,170,5100170,5300170
"DGMM",NA,0.267639073259156,0.241,0.110586198174559,0.604,-32311.0922646069,66708.3266234664,25,3.08,TRUE,"",5,171,5100171,5300171
"RDMM",4.60599894200358,0.944728726934353,0.014,0.801099446840521,0.08,-30251.4637985823,62582.1619361383,108,4.24,TRUE,"",5,171,5100171,5300171
"DGMM",NA,0.898602581008022,0.026,0.396481785491122,0.37,-32147.6050424228,66381.3521790982,16,1.95,TRUE,"",5,172,5100172,5300172
"RDMM",4.81568718372061,0.925369364135957,0.019,0.764910737004388,0.096,-30092.4204901576,62264.0753192888,100,4.05,TRUE,"",5,172,5100172,5300172
"DGMM",NA,0.917681524826046,0.021,0.406351649865295,0.432,-32226.355845198,66538.8537846486,17,2.22,TRUE,"",5,173,5100173,5300173
"RDMM",5.0800229604219,0.948624549710027,0.013,0.779111212563212,0.089,-30346.0335738459,62771.3014866654,176,7.03,TRUE,"",5,173,5100173,5300173
"DGMM",NA,0.913843046219866,0.022,0.415292174071784,0.441,-32399.1802669916,66884.5026282358,14,1.72,TRUE,"",5,174,5100174,5300174
"RDMM",4.57305698755352,0.929221650142018,0.018,0.73384585366972,0.11,-30295.7382936666,62670.7109263069,186,7.41,TRUE,"",5,174,5100174,5300174
"DGMM",NA,0.917681669637813,0.021,0.436744463153356,0.436,-31385.2764500697,64856.694994392,23,2.83,TRUE,"",5,175,5100175,5300175
"RDMM",4.92924534940553,0.944728729592688,0.014,0.749569483685527,0.103,-29548.1484381102,61175.5312151941,213,8.53000000000001,TRUE,"",5,175,5100175,5300175
"DGMM",NA,0.681962081101933,0.087,0.479280385855495,0.255,-33016.6804856426,68119.5030655379,14,1.73999999999999,TRUE,"",5,176,5100176,5300176
"RDMM",4.59757043608171,0.94862457829413,0.013,0.77770726790847,0.09,-30406.3994531908,62892.0332453552,100,4.12,TRUE,"",5,176,5100176,5300176
"DGMM",NA,0.8948108617164,0.027,0.384879188293102,0.423,-32096.3034224832,66278.748939219,13,1.56,TRUE,"",5,177,5100177,5300177
"RDMM",4.98468274253647,0.964288280459486,0.009,0.799824138153102,0.081,-29867.4257761082,61814.08589119,153,6.09,TRUE,"",5,177,5100177,5300177
"DGMM",NA,0.917681773732832,0.021,0.379978732501363,0.408,-32308.0231944155,66702.1884830836,11,1.40000000000001,TRUE,"",5,178,5100178,5300178
"RDMM",4.71710539265662,0.952528507294808,0.012,0.774177510650887,0.092,-30259.4955240685,62598.2253871106,180,7.62,TRUE,"",5,178,5100178,5300178
"DGMM",NA,0.813418470427176,0.049,0.431686677162772,0.285,-31853.4856291201,65793.1133524928,16,1.95,TRUE,"",5,179,5100179,5300179
"RDMM",5.15803635490542,0.956440399038085,0.011,0.781404674178849,0.089,-30009.7789798041,62098.7922985819,100,4.09,TRUE,"",5,179,5100179,5300179
"DGMM",NA,0.91384988838429,0.022,0.418311992638648,0.473,-32210.9815372509,66508.1051687544,24,3.00999999999999,TRUE,"",5,180,5100180,5300180
"RDMM",5.27376014203858,0.940840826551603,0.015,0.769097642547866,0.094,-30229.1430054391,62537.5203498519,100,4.55000000000001,TRUE,"",5,180,5100180,5300180
"DGMM",NA,0.917681658805454,0.021,0.328667035340572,0.479,-32242.0848509338,66570.3117961203,17,2.08,TRUE,"",5,181,5100181,5300181
"RDMM",4.59981766488171,0.940840800044508,0.015,0.737801068990098,0.11,-30286.863513115,62652.9613652036,106,4.57000000000001,TRUE,"",5,181,5100181,5300181
"DGMM",NA,0.701942843048616,0.081,0.33095430974315,0.422,-32112.177603136,66310.4973005246,17,2.13999999999999,TRUE,"",5,182,5100182,5300182
"RDMM",4.95231856681389,0.925369358450274,0.019,0.763056503718757,0.096,-30117.8621273713,62314.9585937162,100,4.07000000000001,TRUE,"",5,182,5100182,5300182
"DGMM",NA,0.933088178409114,0.017,0.403416592617838,0.422,-32308.5467778847,66703.2356500219,15,1.81999999999999,TRUE,"",5,183,5100183,5300183
"RDMM",4.69753029839002,0.952528074526896,0.012,0.776554370447147,0.091,-30194.2560895157,62467.7465180051,174,7.11,TRUE,"",5,183,5100183,5300183
"DGMM",NA,0.936960904339529,0.016,0.428341645006364,0.436,-31913.3885113358,65912.9191169243,14,1.78,TRUE,"",5,184,5100184,5300184
"RDMM",5.18806682081083,0.948624574172566,0.013,0.648402908620062,0.157,-30189.148187452,62457.5307138776,106,4.31,TRUE,"",5,184,5100184,5300184
"DGMM",NA,0.849934571404018,0.039,0.39616242177262,0.454,-31963.8402639148,66013.8226220822,25,2.97,TRUE,"",5,185,5100185,5300185
"RDMM",5.34797304005227,0.933089099329263,0.017,0.75901738617327,0.098,-30156.4939272809,62392.2221935354,100,4.14000000000001,TRUE,"",5,185,5100185,5300185
"DGMM",NA,0.925369333295424,0.019,0.423368637786427,0.481,-32684.9790299036,67456.1001540597,27,3.21000000000001,TRUE,"",5,186,5100186,5300186
"RDMM",4.49249156094485,0.95644043286056,0.011,0.744078196145059,0.106,-30523.4992734018,63126.2328857773,127,5.09999999999999,TRUE,"",5,186,5100186,5300186
"DGMM",NA,0.8134188928769,0.049,0.37190552302107,0.495,-32281.6487372003,66649.4395686532,23,2.78,TRUE,"",5,187,5100187,5300187
"RDMM",4.83448191148853,0.940840805382349,0.015,0.770858260382801,0.094,-30329.2458663975,62737.7260717687,143,5.76999999999998,TRUE,"",5,187,5100187,5300187
"DGMM",NA,0.940840790905302,0.015,0.45302986208993,0.363,-31556.2076403719,65198.5573749965,15,1.85999999999999,TRUE,"",5,188,5100188,5300188
"RDMM",5.00124208110382,0.948624592052443,0.013,0.805605884309782,0.078,-29676.2017142796,61431.6377675327,103,4.41,TRUE,"",5,188,5100188,5300188
"DGMM",NA,0.902402383391423,0.025,0.585258847433407,0.188,-31669.5038809588,65425.1498561703,11,1.34999999999999,TRUE,"",5,189,5100189,5300189
"RDMM",5.09662456430279,0.956440434444416,0.011,0.746893357508613,0.105,-29705.5449055185,61490.3241500106,121,4.85999999999999,TRUE,"",5,189,5100189,5300189
"DGMM",NA,0.906210192834115,0.024,0.390989809146513,0.391,-32436.7012406131,66959.5445754789,21,2.56999999999999,TRUE,"",5,190,5100190,5300190
"RDMM",5.12606416379174,0.929225165491892,0.018,0.788023853033629,0.086,-30377.5526494773,62834.3396379283,100,4,TRUE,"",5,190,5100190,5300190
"DGMM",NA,0.894810810416194,0.027,0.399378748742319,0.414,-31881.2116526688,65848.5653995902,24,2.87,TRUE,"",5,191,5100191,5300191
"RDMM",5.09550802317487,0.936960967622121,0.016,0.79098907772566,0.084,-29924.4600449331,61928.1544288398,192,7.67999999999998,TRUE,"",5,191,5100191,5300191
"DGMM",NA,0.371479211716117,0.195,0.156345359962721,0.57,-32487.8904329067,67061.9229600661,27,3.31,TRUE,"",5,192,5100192,5300192
"RDMM",4.81761350617809,0.93696096578679,0.016,0.759243336609604,0.098,-30394.5436686072,62868.3216761881,109,4.34999999999999,TRUE,"",5,192,5100192,5300192
"DGMM",NA,0.948624608686944,0.013,0.763323460046744,0.098,-31490.0811041711,65066.3043025948,18,2.28,TRUE,"",5,193,5100193,5300193
"RDMM",5.3694201961226,0.956440426927384,0.011,0.789191452133813,0.086,-29816.0990772635,61711.4324935006,104,4.18000000000001,TRUE,"",5,193,5100193,5300193
"DGMM",NA,0.83889555485036,0.042,0.368778694090803,0.415,-32371.37062193,66828.8833381125,15,1.94,TRUE,"",5,194,5100194,5300194
"RDMM",4.84891402086555,0.948624582145536,0.013,0.767254962241448,0.095,-30108.3599170099,62295.9541729934,100,3.98000000000002,TRUE,"",5,194,5100194,5300194
"DGMM",NA,0.917681698186237,0.021,0.426649067844505,0.327,-31917.0346793884,65920.2114530294,19,2.33000000000001,TRUE,"",5,195,5100195,5300195
"RDMM",4.76278968522268,0.956440434704201,0.011,0.791785064953175,0.084,-29699.5937148013,61478.4217685762,189,7.50999999999999,TRUE,"",5,195,5100195,5300195
"DGMM",NA,0.688589804742161,0.085,0.323991432125317,0.444,-32388.0620852473,66862.2662647472,20,2.44999999999999,TRUE,"",5,196,5100196,5300196
"RDMM",4.82094509485225,0.968224228350613,0.008,0.768341019986884,0.095,-29911.3188772709,61901.8720935155,113,4.84999999999999,TRUE,"",5,196,5100196,5300196
"DGMM",NA,0.879722245825437,0.031,0.415153908808534,0.404,-32308.1910465924,66702.5241874374,15,1.85999999999999,TRUE,"",5,197,5100197,5300197
"RDMM",4.74348299017289,0.917681561646672,0.021,0.649049286498248,0.158,-30251.1411669193,62581.5166728122,100,4.22,TRUE,"",5,197,5100197,5300197
"DGMM",NA,0.817033000473006,0.048,0.383724099058133,0.407,-32015.7459405172,66117.6339752869,22,2.81,TRUE,"",5,198,5100198,5300198
"RDMM",5.00781143793538,0.933089082813683,0.017,0.750061063707292,0.102,-30134.5242776768,62348.2828943272,101,4.00999999999999,TRUE,"",5,198,5100198,5300198
"DGMM",NA,0.806210792537263,0.051,0.398545203359379,0.47,-31764.6882410468,65615.5185763462,15,1.91999999999999,TRUE,"",5,199,5100199,5300199
"RDMM",5.30561617888732,0.940840836692353,0.015,0.759047820420506,0.099,-29994.26455866,62067.7634562936,138,5.47,TRUE,"",5,199,5100199,5300199
"DGMM",NA,0.944728681508683,0.014,0.431113727540965,0.423,-32204.7288129948,66495.5997202422,22,2.72999999999999,TRUE,"",5,200,5100200,5300200
"RDMM",5.12346983483603,0.964288271885242,0.009,0.739167845876118,0.109,-30382.6018006564,62844.4379402865,211,8.46000000000001,TRUE,"",5,200,5100200,5300200
"DGMM",NA,0.925369218791824,0.019,0.390357929269956,0.426,-32484.4315907945,67055.0052758416,13,1.59,TRUE,"",5,201,5100201,5300201
"RDMM",4.89718023789126,0.956440436355099,0.011,0.720156452113008,0.117,-30103.6716987759,62286.5777365255,145,5.86000000000001,TRUE,"",5,201,5100201,5300201
"DGMM",NA,0.940840847720842,0.015,0.446671524201039,0.489,-32216.5903496178,66519.3227934881,29,3.45999999999998,TRUE,"",5,202,5100202,5300202
"RDMM",4.72061311597237,0.944728733186756,0.014,0.773448226644955,0.092,-30167.2200881434,62413.6745152605,245,9.68000000000001,TRUE,"",5,202,5100202,5300202
"DGMM",NA,0.944728436554897,0.014,0.432204242724645,0.439,-31798.1732879417,65682.488670136,15,1.91000000000003,TRUE,"",5,203,5100203,5300203
"RDMM",5.24589229552717,0.940840689326766,0.015,0.768370275461386,0.094,-29954.8598928827,61988.954124739,214,8.64999999999998,TRUE,"",5,203,5100203,5300203
"DGMM",NA,0.770653725232335,0.061,0.319904061552979,0.494,-32684.3545271466,67454.8511485457,16,2.02999999999997,TRUE,"",5,204,5100204,5300204
"RDMM",4.67435437662978,0.944728681508683,0.014,0.771939268315712,0.093,-30343.8339382993,62766.9022155722,100,4.12,TRUE,"",5,204,5100204,5300204
"DGMM",NA,0.956440418488528,0.011,0.690247261333142,0.132,-32104.1824091576,66294.5069125679,17,2.08000000000004,TRUE,"",5,205,5100205,5300205
"RDMM",4.88607897240051,0.944728692638263,0.014,0.759004469038745,0.099,-30087.6875205408,62254.6093800552,100,4.03999999999996,TRUE,"",5,205,5100205,5300205
"DGMM",NA,0.749673565027635,0.067,0.333261361447361,0.446,-31909.2736616929,65904.6894176384,13,1.58999999999997,TRUE,"",5,206,5100206,5300206
"RDMM",5.44642976452352,0.948624102629557,0.013,0.789887118748857,0.085,-30019.3445536715,62117.9234463165,187,7.38,TRUE,"",5,206,5100206,5300206
"DGMM",NA,0.936960955176029,0.016,0.773048785543907,0.092,-31781.8534121206,65649.8489184939,13,1.52000000000004,TRUE,"",5,207,5100207,5300207
"RDMM",4.91257463526549,0.964288286771079,0.009,0.823170098301482,0.071,-29750.8896321911,61581.0136033558,100,4,TRUE,"",5,207,5100207,5300207
"DGMM",NA,0.913849786653293,0.022,0.617228636088082,0.169,-31520.143653641,65126.4294015346,22,2.42000000000002,TRUE,"",5,208,5100208,5300208
"RDMM",5.64922981700773,0.964288264327813,0.009,0.77057439933948,0.094,-29975.9899981169,62031.2143352074,100,3.46999999999997,TRUE,"",5,208,5100208,5300208
"DGMM",NA,0.86476447998452,0.035,0.402768642716904,0.406,-32145.5469776107,66377.236049474,14,1.08,TRUE,"",5,209,5100209,5300209
"RDMM",4.8773301195284,0.948624629561597,0.013,0.794349477742317,0.084,-29997.9616962147,62075.1577314031,100,3.22,TRUE,"",5,209,5100209,5300209
"DGMM",NA,0.952528493674774,0.012,0.439177534013524,0.454,-31601.1639529187,65288.47000009,17,2.28,TRUE,"",5,210,5100210,5300210
"RDMM",5.34585214130399,0.960360328536806,0.01,0.795361280908738,0.083,-29840.2245837786,61759.6835065309,194,7.81,TRUE,"",5,210,5100210,5300210
"DGMM",NA,0.936960860215673,0.016,0.414647960812992,0.451,-32287.7873998573,66661.7168939671,15,1.92,TRUE,"",5,211,5100211,5300211
"RDMM",5.03919133691454,0.944728527151765,0.014,0.739149659150339,0.108,-30235.5537794181,62550.3418978098,100,3.99,TRUE,"",5,211,5100211,5300211
"DGMM",NA,0.875972223634269,0.032,0.618879666222879,0.165,-31678.1062672402,65442.354628733,14,1.77,TRUE,"",5,212,5100212,5300212
"RDMM",5.20163180607614,0.952528524172193,0.012,0.757169970907497,0.1,-29834.2407686572,61747.7158762881,106,4.22,TRUE,"",5,212,5100212,5300212
"DGMM",NA,0.933089046667319,0.017,0.434480888294546,0.466,-32179.0752933718,66444.2926809963,20,2.44,TRUE,"",5,213,5100213,5300213
"RDMM",4.94499785375179,0.972168152030844,0.007,0.753859559718329,0.102,-30365.3815319239,62809.9974028215,111,4.52,TRUE,"",5,213,5100213,5300213
"DGMM",NA,0.921521454625784,0.02,0.43685801594016,0.499,-31906.7381526631,65899.6183995789,28,3.5,TRUE,"",5,214,5100214,5300214
"RDMM",4.94252208762218,0.960360246207516,0.01,0.760282000801192,0.098,-30112.3899468658,62304.0142327053,197,7.87,TRUE,"",5,214,5100214,5300214
"DGMM",NA,0.925369364882562,0.019,0.430682864164892,0.395,-31942.4062996089,65970.9546934704,21,2.55,TRUE,"",5,215,5100215,5300215
"RDMM",4.89859598992947,0.94862459979149,0.013,0.755209206788171,0.101,-30028.2858744739,62135.8060879214,192,7.61,TRUE,"",5,215,5100215,5300215
"DGMM",NA,0.891026978284033,0.028,0.716375972095528,0.117,-31817.4795997185,65721.1012936896,14,1.83000000000001,TRUE,"",5,216,5100216,5300216
"RDMM",5.26473784254845,0.913849811315375,0.022,0.760577240165908,0.097,-30071.0273282066,62221.2889953868,100,4.11,TRUE,"",5,216,5100216,5300216
"DGMM",NA,0.756658414386755,0.065,0.337111696897673,0.431,-32522.9602318636,67132.0625579797,13,1.62,TRUE,"",5,217,5100217,5300217
"RDMM",4.61218876779491,0.976120109185725,0.006,0.779092327688342,0.091,-30383.4025361875,62846.0394113486,218,8.61000000000001,TRUE,"",5,217,5100217,5300217
"DGMM",NA,0.857333713869396,0.037,0.377129018244476,0.396,-32172.3274535892,66430.797001431,14,1.75999999999999,TRUE,"",5,218,5100218,5300218
"RDMM",5.28318317041618,0.952528269331997,0.012,0.815118367248592,0.074,-30109.479489858,62298.1933186896,125,5.07000000000001,TRUE,"",5,218,5100218,5300218
"DGMM",NA,0.906210267936511,0.024,0.440628689862125,0.353,-32103.9687672914,66294.0796288353,17,2.11,TRUE,"",5,219,5100219,5300219
"RDMM",5.00655974499217,0.936960912004273,0.016,0.789900016362949,0.085,-29740.0390844223,61559.3125078181,117,5.14,TRUE,"",5,219,5100219,5300219
"DGMM",NA,0.917681262202971,0.021,0.754020968475417,0.1,-32234.1509088658,66554.4439119842,19,2.39,TRUE,"",5,220,5100220,5300220
"RDMM",5.07850482996024,0.936960785023363,0.016,0.792342932762872,0.083,-30272.9743986963,62625.1831363662,100,4.08,TRUE,"",5,220,5100220,5300220
"DGMM",NA,0.842566834294805,0.041,0.373059216852254,0.438,-32049.0117133852,66184.165521023,20,2.5,TRUE,"",5,221,5100221,5300221
"RDMM",4.8324494007743,0.933089026585989,0.017,0.719145716751416,0.117,-30128.2968767449,62335.8280924634,100,4.58,TRUE,"",5,221,5100221,5300221
"DGMM",NA,0.948624598733919,0.013,0.529440794147559,0.232,-32358.3037273975,66802.7495490475,18,2.20999999999999,TRUE,"",5,222,5100222,5300222
"RDMM",4.7253060254017,0.944728729717629,0.014,0.763792547008013,0.097,-30225.8456300276,62530.9255990289,135,5.8,TRUE,"",5,222,5100222,5300222
"DGMM",NA,0.933089033764637,0.017,0.441677502338411,0.458,-32055.6011821924,66197.3444586374,16,1.92999999999999,TRUE,"",5,223,5100223,5300223
"RDMM",4.75003265344426,0.921521458517313,0.02,0.706755269805203,0.125,-30174.3270566603,62427.8884522942,262,10.46,TRUE,"",5,223,5100223,5300223
"DGMM",NA,0.910026093801733,0.023,0.438899444110711,0.409,-31399.8485005156,64885.8390952838,21,2.64,TRUE,"",5,224,5100224,5300224
"RDMM",4.89156294416696,0.952528487972106,0.012,0.802414798607267,0.08,-29456.9154422598,60993.0652234933,105,4.33000000000001,TRUE,"",5,224,5100224,5300224
"DGMM",NA,0.933089036047386,0.017,0.446422201296689,0.373,-31659.5628373168,65405.2677688862,14,1.69999999999999,TRUE,"",5,225,5100225,5300225
"RDMM",5.04868326922485,0.972168141714655,0.007,0.791759646407979,0.085,-29768.0707796276,61615.3758982288,142,5.74000000000001,TRUE,"",5,225,5100225,5300225
"DGMM",NA,0.44292431024144,0.167,0.203298129479306,0.531,-32146.6262835161,66379.3946612847,20,2.45000000000002,TRUE,"",5,226,5100226,5300226
"RDMM",4.97123773674063,0.940840763669769,0.015,0.775044514837285,0.092,-30310.7551372642,62700.744613502,100,4.09999999999999,TRUE,"",5,226,5100226,5300226
"DGMM",NA,0.910026001022295,0.023,0.398307550826405,0.506,-32455.5509962235,66997.2440866996,21,2.52000000000001,TRUE,"",5,227,5100227,5300227
"RDMM",5.26724214493454,0.91384982467814,0.022,0.73968395343583,0.107,-30451.8857758655,62983.0058907047,100,4.00999999999999,TRUE,"",5,227,5100227,5300227
"DGMM",NA,0.448327667170524,0.165,0.216376764847504,0.465,-32171.0507635395,66428.2436213317,25,2.97999999999999,TRUE,"",5,228,5100228,5300228
"RDMM",4.75344370116562,0.933089011692328,0.017,0.766960182247786,0.094,-30105.7030439293,62290.6404268323,126,5.06999999999999,TRUE,"",5,228,5100228,5300228
"DGMM",NA,0.688596465405172,0.085,0.30828117301375,0.451,-31800.2390486115,65686.6201914756,13,1.82999999999998,TRUE,"",5,229,5100229,5300229
"RDMM",5.01769216194696,0.940840787490903,0.015,0.762156253209518,0.098,-29870.0693653244,61819.3730696224,100,4.06999999999999,TRUE,"",5,229,5100229,5300229
"DGMM",NA,0.898602280131354,0.026,0.344485676866504,0.48,-32014.1007008441,66114.3434959409,26,3.13,TRUE,"",5,230,5100230,5300230
"RDMM",4.89424243805735,0.929225164760032,0.018,0.758124581674745,0.098,-29949.1989984098,61977.6323357932,160,6.40000000000001,TRUE,"",5,230,5100230,5300230
"DGMM",NA,0.906209685013542,0.024,0.539769390873652,0.227,-31876.1150128235,65838.3721198996,12,1.48000000000002,TRUE,"",5,231,5100231,5300231
"RDMM",5.5494083304529,0.956440220044586,0.011,0.786283218389599,0.087,-29867.3413088861,61813.9169567459,104,4.31,TRUE,"",5,231,5100231,5300231
"DGMM",NA,0.91384984194407,0.022,0.401292570661367,0.419,-32455.4717984672,66997.085691187,23,2.73000000000002,TRUE,"",5,232,5100232,5300232
"RDMM",4.70234272271457,0.91002601286207,0.023,0.529876584981669,0.293,-30355.7484298225,62790.7311986185,138,5.67000000000002,TRUE,"",5,232,5100232,5300232
"DGMM",NA,0.898602233425693,0.026,0.415344690836081,0.453,-32076.0517639359,66238.2456221245,25,2.97,TRUE,"",5,233,5100233,5300233
"RDMM",4.99641276897047,0.948624590154745,0.013,0.748989692453869,0.103,-30268.8324403923,62616.8992197582,196,7.82000000000002,TRUE,"",5,233,5100233,5300233
"DGMM",NA,0.831562709056045,0.044,0.353238941493048,0.426,-32347.7606617639,66781.6634177804,14,1.73000000000002,TRUE,"",5,234,5100234,5300234
"RDMM",4.9948754211467,0.964287785830677,0.009,0.780989478246678,0.089,-30262.6474927974,62604.5293245684,100,4.09,TRUE,"",5,234,5100234,5300234
"DGMM",NA,0.917681755916497,0.021,0.404420373011195,0.485,-31797.8114521476,65681.7649985479,14,1.72,TRUE,"",5,235,5100235,5300235
"RDMM",4.99210108113157,0.948624603745026,0.013,0.729906466995744,0.113,-29879.4031063513,61838.0405516762,133,5.32999999999998,TRUE,"",5,235,5100235,5300235
"DGMM",NA,0.948624575803401,0.013,0.438465252042802,0.457,-31500.7584449774,65087.6589842074,15,1.91,TRUE,"",5,236,5100236,5300236
"RDMM",5.52209729957437,0.960360369460149,0.01,0.541702470357369,0.264,-29849.8610771268,61778.9564932272,106,4.31,TRUE,"",5,236,5100236,5300236
"DGMM",NA,0.933089097831747,0.017,0.416502773740436,0.464,-32052.0109275289,66190.1639493105,19,2.38,TRUE,"",5,237,5100237,5300237
"RDMM",4.88350622259022,0.968224223192627,0.008,0.741585892861086,0.108,-30129.5730464747,62338.3804319231,140,5.94,TRUE,"",5,237,5100237,5300237
"DGMM",NA,0.8025761111979,0.052,0.355980061157591,0.443,-32864.4108858206,67814.9638658937,26,3.23999999999998,TRUE,"",5,238,5100238,5300238
"RDMM",4.69774036680914,0.933085565723408,0.017,0.752753883828779,0.101,-30818.8809531016,63716.9962451767,100,4.05000000000001,TRUE,"",5,238,5100238,5300238
"DGMM",NA,0.705303610874816,0.08,0.32681379736602,0.452,-32336.3722030608,66758.8865003742,18,2.19,TRUE,"",5,239,5100239,5300239
"RDMM",4.79934198198473,0.940840856632404,0.015,0.767721351082971,0.095,-30240.0913542428,62559.4170474592,113,4.65000000000001,TRUE,"",5,239,5100239,5300239
"DGMM",NA,0.913849853682578,0.022,0.40291275831549,0.367,-32533.9026845982,67153.947463449,19,2.31,TRUE,"",5,240,5100240,5300240
"RDMM",4.72866870656099,0.9408408443975,0.015,0.767021430011945,0.095,-30307.026763267,62693.2878655076,114,4.60999999999999,TRUE,"",5,240,5100240,5300240
"DGMM",NA,0.906210158190168,0.024,0.442698850556401,0.316,-31910.5691913591,65907.2804769709,15,1.91999999999999,TRUE,"",5,241,5100241,5300241
"RDMM",4.56469521706399,0.917681650016038,0.021,0.782055941467584,0.088,-29740.3019355093,61559.8382099923,100,4.08000000000001,TRUE,"",5,241,5100241,5300241
"DGMM",NA,0.872228471201806,0.033,0.381238460352536,0.437,-32247.7740480857,66581.690190424,14,1.72,TRUE,"",5,242,5100242,5300242
"RDMM",4.78471240774112,0.944728729292296,0.014,0.762095004508566,0.098,-30158.9564586081,62397.1472561898,163,6.56,TRUE,"",5,242,5100242,5300242
"DGMM",NA,0.917681296537434,0.021,0.734528573455775,0.109,-31797.2253382379,65680.5927707283,26,3.13999999999999,TRUE,"",5,243,5100243,5300243
"RDMM",4.82326108221202,0.917681561646672,0.021,0.788828104166709,0.085,-29802.1212364205,61683.4768118147,100,4.11000000000001,TRUE,"",5,243,5100243,5300243
"DGMM",NA,0.925369294888299,0.019,0.431040708080628,0.424,-32187.9045218783,66461.9511380092,22,2.63999999999999,TRUE,"",5,244,5100244,5300244
"RDMM",4.95335897504269,0.933089022312268,0.017,0.778104686835805,0.09,-30419.0690139772,62917.3723669281,111,4.45000000000005,TRUE,"",5,244,5100244,5300244
"DGMM",NA,0.936960922531165,0.016,0.426800166997684,0.394,-31792.1953859842,65670.532866221,14,1.69999999999999,TRUE,"",5,245,5100245,5300245
"RDMM",4.99796569529667,0.952528485889829,0.012,0.749224380216052,0.104,-29837.3492990471,61753.9329370679,185,7.54000000000002,TRUE,"",5,245,5100245,5300245
"DGMM",NA,0.630081296619432,0.103,0.289344102615729,0.491,-31909.4931433105,65905.1283808736,14,1.84000000000003,TRUE,"",5,246,5100246,5300246
"RDMM",4.88461706853884,0.956440401786792,0.011,0.773257239819361,0.093,-29846.4275138992,61772.0893667721,227,9.04999999999995,TRUE,"",5,246,5100246,5300246
"DGMM",NA,0.838894919976897,0.042,0.358289519136723,0.421,-32596.7007547394,67279.5436037315,12,1.53999999999996,TRUE,"",5,247,5100247,5300247
"RDMM",4.7370096229824,0.960360357609261,0.01,0.801133337476276,0.081,-30269.4323635676,62618.0990661087,269,10.55,TRUE,"",5,247,5100247,5300247
"DGMM",NA,0.913849871217823,0.022,0.668737524561952,0.142,-32672.8215383097,67431.7851708721,20,2.34999999999997,TRUE,"",5,248,5100248,5300248
"RDMM",4.59045716356652,0.929225222927529,0.018,0.749836227565486,0.103,-30426.8785144447,62932.991367863,100,3.67000000000002,TRUE,"",5,248,5100248,5300248
"DGMM",NA,0.887251336182769,0.029,0.389588992623646,0.385,-32221.4699980763,66529.0820904053,16,1.66000000000003,TRUE,"",5,249,5100249,5300249
"RDMM",4.71463440083312,0.917681603440021,0.021,0.768115401442542,0.094,-30044.6198781197,62168.4740952131,100,2.79000000000002,TRUE,"",5,249,5100249,5300249
"DGMM",NA,0.964288281332025,0.009,0.747868817788739,0.105,-32037.0528377366,66160.2477697259,23,1.76999999999998,TRUE,"",5,250,5100250,5300250
"RDMM",5.46045365852021,0.968224216124273,0.008,0.798721784280102,0.082,-30377.4860181738,62834.2063753212,100,2.56,TRUE,"",5,250,5100250,5300250
"DGMM",NA,0.879723759254109,0.031,0.689622579464939,0.13,-31907.8806213078,65901.9033368683,18,1.03,TRUE,"",5,251,5100251,5300251
"RDMM",5.12806582530033,0.933089022312268,0.017,0.770315723861824,0.093,-30003.2343380381,62085.7030150498,100,3.11,TRUE,"",5,251,5100251,5300251
"DGMM",NA,0.853629922852893,0.038,0.390449959408149,0.397,-32330.2720766795,66746.6862476116,16,1.91,TRUE,"",5,252,5100252,5300252
"RDMM",4.49357819769888,0.917681656667488,0.021,0.76761505105902,0.094,-30069.1051190106,62217.4445769949,175,7.17,TRUE,"",5,252,5100252,5300252
"DGMM",NA,0.868492966695311,0.034,0.406532686482078,0.385,-31521.0014649624,65128.1450241773,13,1.6,TRUE,"",5,253,5100253,5300253
"RDMM",5.16249018557377,0.936960912004273,0.016,0.767483892551848,0.095,-29679.6903951479,61438.6151292695,111,4.54,TRUE,"",5,253,5100253,5300253
"DGMM",NA,0.925369324637672,0.019,0.665071064514537,0.145,-31554.1519862526,65194.4460667577,13,1.61,TRUE,"",5,254,5100254,5300254
"RDMM",4.86292298585873,0.972168161445698,0.007,0.777551832680245,0.091,-29806.7084553714,61692.6512497163,103,4.14,TRUE,"",5,254,5100254,5300254
"DGMM",NA,0.80261950973012,0.052,0.37439440442095,0.499,-32061.7521769356,66209.6464481237,24,2.88,TRUE,"",5,255,5100255,5300255
"RDMM",5.08236935800959,0.936960920733226,0.016,0.772983855158917,0.092,-30281.6086085062,62642.451555986,245,9.95,TRUE,"",5,255,5100255,5300255
"DGMM",NA,0.883483725424265,0.03,0.399686092062337,0.464,-32078.1806204056,66242.5033350638,17,2.14,TRUE,"",5,256,5100256,5300256
"RDMM",4.86609939443308,0.948624634632,0.013,0.757272457180736,0.1,-30275.0773771861,62629.3890933457,121,4.88999999999999,TRUE,"",5,256,5100256,5300256
"DGMM",NA,0.846246334963563,0.04,0.384861065284319,0.454,-32430.9380059507,66948.0181061541,15,1.84,TRUE,"",5,257,5100257,5300257
"RDMM",4.60504486422084,0.940840818083903,0.015,0.789727348473865,0.086,-29959.160250494,61997.5548399617,100,4.04,TRUE,"",5,257,5100257,5300257
"DGMM",NA,0.883483442759236,0.03,0.393430921442408,0.402,-31744.2048381872,65574.5517706271,14,1.72,TRUE,"",5,258,5100258,5300258
"RDMM",5.53980419152805,0.952528508794868,0.012,0.780736927060857,0.089,-29894.345488455,61867.9253158835,100,4.17,TRUE,"",5,258,5100258,5300258
"DGMM",NA,0.944728728174909,0.014,0.425621857015585,0.438,-32066.7329923765,66219.6080790056,17,2.08,TRUE,"",5,259,5100259,5300259
"RDMM",4.78562968495333,0.952528526987372,0.012,0.7682653120252,0.095,-29723.6901817426,61526.6147024588,200,7.99,TRUE,"",5,259,5100259,5300259
"DGMM",NA,0.595587065221463,0.114,0.498248082272377,0.272,-32481.3326676833,67048.8074296193,6,0.780000000000001,TRUE,"",5,260,5100260,5300260
"RDMM",5.18809454867447,0.921521543308,0.02,0.780657667790117,0.089,-29970.2749514175,62019.7842418085,137,5.58,TRUE,"",5,260,5100260,5300260
"DGMM",NA,0.921520719308691,0.02,0.421091752050851,0.408,-31720.2899194567,65526.721933166,28,3.34,TRUE,"",5,261,5100261,5300261
"RDMM",5.01962240935809,0.952527152699436,0.012,0.779718220138227,0.089,-29937.7483906141,61954.7311202019,100,4.05,TRUE,"",5,261,5100261,5300261
"DGMM",NA,0.952528495403916,0.012,0.443185807800312,0.372,-31561.6585062897,65209.4591068321,15,1.88,TRUE,"",5,262,5100262,5300262
"RDMM",5.26937550362016,0.968224206599948,0.008,0.779698872946953,0.09,-29963.5455682244,62006.3254754225,229,9.52000000000001,TRUE,"",5,262,5100262,5300262
"DGMM",NA,0.940840880533132,0.015,0.36942098298108,0.429,-32400.1899247929,66886.5219438383,14,1.80000000000001,TRUE,"",5,263,5100263,5300263
"RDMM",4.69631731124077,0.972168162746822,0.007,0.793153357010823,0.084,-30327.7315571054,62734.6974531844,100,4.55,TRUE,"",5,263,5100263,5300263
"DGMM",NA,0.940840692737383,0.015,0.680553021123224,0.136,-32691.8787877928,67469.8996698382,24,2.96000000000001,TRUE,"",5,264,5100264,5300264
"RDMM",4.79676102857248,0.948624532304546,0.013,0.761976535693109,0.097,-30204.271019274,62487.7763775217,107,4.64999999999999,TRUE,"",5,264,5100264,5300264
"DGMM",NA,0.835231466579897,0.043,0.384335063957694,0.416,-31946.6653959332,65979.472886119,16,1.96000000000001,TRUE,"",5,265,5100265,5300265
"RDMM",5.24177980137621,0.948624593831534,0.013,0.7786166404668,0.09,-30113.8876562272,62307.0096514281,100,4.06,TRUE,"",5,265,5100265,5300265
"DGMM",NA,0.875970391322327,0.032,0.358048264526352,0.402,-32355.4625398808,66797.0671740141,13,1.62,TRUE,"",5,266,5100266,5300266
"RDMM",4.87096058952445,0.956440264619208,0.011,0.717492812497951,0.118,-30263.9195547645,62607.0734485027,100,4.05,TRUE,"",5,266,5100266,5300266
"DGMM",NA,0.887251353188579,0.029,0.3887225116252,0.431,-32446.605484481,66979.3530632146,13,1.61000000000001,TRUE,"",5,267,5100267,5300267
"RDMM",4.80006607793326,0.940840784611426,0.015,0.659987600578248,0.149,-30517.1297595505,63113.4938580747,111,4.59,TRUE,"",5,267,5100267,5300267
"DGMM",NA,0.91768168365336,0.021,0.431193334327664,0.453,-32303.4759752443,66693.0940447412,30,3.62999999999998,TRUE,"",5,268,5100268,5300268
"RDMM",4.61899890040377,0.944728679084277,0.014,0.767705524864201,0.095,-29989.5426858513,62058.3197106762,201,8.08000000000001,TRUE,"",5,268,5100268,5300268
"DGMM",NA,0.898602511878967,0.026,0.418086458308579,0.473,-31845.0765942309,65776.2952827145,26,3.09,TRUE,"",5,269,5100269,5300269
"RDMM",5.14113668559482,0.944728724892751,0.014,0.775063261944455,0.091,-29862.6773205743,61804.5889801223,152,6.08000000000001,TRUE,"",5,269,5100269,5300269
"DGMM",NA,0.913849974672307,0.022,0.716839220934845,0.118,-31950.3739704375,65986.8900351276,20,2.45000000000002,TRUE,"",5,270,5100270,5300270
"RDMM",4.73419589515874,0.964288256083341,0.009,0.785367468989498,0.087,-29931.7716408585,61942.7776206905,103,4.16999999999999,TRUE,"",5,270,5100270,5300270
"DGMM",NA,0.875971910153849,0.032,0.593987704897422,0.179,-31694.949374686,65476.0408436245,15,1.82999999999998,TRUE,"",5,271,5100271,5300271
"RDMM",5.14428615258049,0.95252852057616,0.012,0.787029689144757,0.086,-29752.3279625074,61583.8902639883,100,4.34,TRUE,"",5,271,5100271,5300271
"DGMM",NA,0.929224748434818,0.018,0.676898888675088,0.137,-32474.7869958982,67035.7160860491,15,1.81999999999999,TRUE,"",5,272,5100272,5300272
"RDMM",4.57254421387613,0.940840621004335,0.015,0.803379204933912,0.078,-30087.728493324,62254.6913256217,112,4.53,TRUE,"",5,272,5100272,5300272
"DGMM",NA,0.894811067402407,0.027,0.41946943549334,0.427,-31702.8629318992,65491.867958051,17,2.08000000000001,TRUE,"",5,273,5100273,5300273
"RDMM",5.16411046406159,0.944728700284529,0.014,0.74760983768167,0.104,-29961.3867358451,62002.0078106639,143,5.80000000000001,TRUE,"",5,273,5100273,5300273
"DGMM",NA,0.921521520962894,0.02,0.71971920409594,0.117,-31728.4191799386,65542.9804541297,19,2.31999999999999,TRUE,"",5,274,5100274,5300274
"RDMM",5.26176035841845,0.940840841574935,0.015,0.754213419045069,0.101,-30040.9954941819,62161.2253273373,100,4.01999999999998,TRUE,"",5,274,5100274,5300274
"DGMM",NA,0.868492830845605,0.034,0.390699583471975,0.447,-32150.7204265465,66387.5829473456,17,2.13999999999999,TRUE,"",5,275,5100275,5300275
"RDMM",4.93852369665814,0.940840832697513,0.015,0.767220683955385,0.095,-30085.6701751597,62250.574689293,139,5.68000000000001,TRUE,"",5,275,5100275,5300275
"DGMM",NA,0.802619321384898,0.052,0.372021833889614,0.427,-31707.1659973817,65500.474089016,13,1.58000000000001,TRUE,"",5,276,5100276,5300276
"RDMM",5.31059277691078,0.940840826551603,0.015,0.757466613818963,0.099,-29916.3848736258,61912.0040862252,114,4.57999999999998,TRUE,"",5,276,5100276,5300276
"DGMM",NA,0.917681785367555,0.021,0.429906849620673,0.345,-31750.2000825007,65586.542259254,19,2.31999999999999,TRUE,"",5,277,5100277,5300277
"RDMM",5.08116270019806,0.956440431352125,0.011,0.787955603070847,0.086,-29786.1392548061,61651.5128485858,100,4,TRUE,"",5,277,5100277,5300277
"DGMM",NA,0.84256679434537,0.041,0.511358295445099,0.24,-32259.3134817435,66604.7690577397,23,2.84,TRUE,"",5,278,5100278,5300278
"RDMM",5.20304203755364,0.984047942344897,0.004,0.810569462137636,0.077,-30012.5290491265,62104.2924372266,107,4.33000000000001,TRUE,"",5,278,5100278,5300278
"DGMM",NA,0.906210158190168,0.024,0.404522916291916,0.438,-31855.1687793895,65796.4796530316,14,1.79999999999998,TRUE,"",5,279,5100279,5300279
"RDMM",4.92746828517033,0.944728711258145,0.014,0.750836694151927,0.103,-29818.6308986406,61716.4961362548,200,8,TRUE,"",5,279,5100279,5300279
"DGMM",NA,0.879723715289448,0.031,0.617059876070844,0.168,-31844.3005365313,65774.7431673152,14,1.92000000000002,TRUE,"",5,280,5100280,5300280
"RDMM",4.5987863357897,0.936960955176029,0.016,0.772096722070775,0.093,-29699.0445061541,61477.3233512818,100,4.07999999999998,TRUE,"",5,280,5100280,5300280
"DGMM",NA,0.802609280317491,0.052,0.366090932595481,0.461,-32368.6671450256,66823.4763843039,14,1.84,TRUE,"",5,281,5100281,5300281
"RDMM",4.81597911625083,0.933088814701477,0.017,0.637239239732601,0.16,-30212.1368650633,62503.5080691002,100,4.11000000000001,TRUE,"",5,281,5100281,5300281
"DGMM",NA,0.910025980683493,0.023,0.403860814432893,0.463,-31964.1656114129,66014.4733170784,20,2.44999999999999,TRUE,"",5,282,5100282,5300282
"RDMM",5.0030307002816,0.925369351343169,0.019,0.753964526222631,0.101,-30083.5989658812,62246.4322707361,192,7.69,TRUE,"",5,282,5100282,5300282
"DGMM",NA,0.913849894432399,0.022,0.408525663681667,0.429,-32320.257782401,66726.6576590545,18,2.25,TRUE,"",5,283,5100283,5300283
"RDMM",4.89620600756819,0.92536941187556,0.019,0.768943546471058,0.094,-30297.2613571742,62673.757053322,185,7.53,TRUE,"",5,283,5100283,5300283
"DGMM",NA,0.94083985506072,0.015,0.32128777344148,0.446,-31949.801634366,65985.7453629845,17,2.09999999999999,TRUE,"",5,284,5100284,5300284
"RDMM",4.97691456514806,0.97216792483018,0.007,0.838217332064199,0.065,-29902.6926402582,61884.61961949,107,4.28999999999999,TRUE,"",5,284,5100284,5300284
"DGMM",NA,0.944728114447134,0.014,0.448816569402191,0.324,-31933.1172304825,65952.3765552176,18,2.26999999999998,TRUE,"",5,285,5100285,5300285
"RDMM",4.9269728097762,0.96036009331889,0.01,0.777435711530074,0.091,-30106.9101466477,62293.0546322691,100,3.99000000000001,TRUE,"",5,285,5100285,5300285
"DGMM",NA,0.921521535487214,0.02,0.386441127790555,0.445,-32630.7417680806,67347.6256304137,16,2.00999999999999,TRUE,"",5,286,5100286,5300286
"RDMM",4.4712185823452,0.944728721551223,0.014,0.757513279867782,0.1,-30421.0744822053,62921.3833033842,206,8.27000000000004,TRUE,"",5,286,5100286,5300286
"DGMM",NA,0.767146050019879,0.062,0.36449603891594,0.494,-31356.058389608,64798.2588734686,19,2.30000000000001,TRUE,"",5,287,5100287,5300287
"RDMM",5.19384880062231,0.936960912004273,0.016,0.795882632601331,0.082,-29543.9467653838,61167.1278697412,100,4.12,TRUE,"",5,287,5100287,5300287
"DGMM",NA,0.722224565847395,0.075,0.321087599244518,0.509,-32628.9705961304,67344.0832865133,22,2.81,TRUE,"",5,288,5100288,5300288
"RDMM",4.93529623208945,0.94084080653945,0.015,0.784517708438961,0.087,-30054.2908255536,62187.8159900809,100,4.21999999999997,TRUE,"",5,288,5100288,5300288
"DGMM",NA,0.891027160220967,0.028,0.566416486652302,0.195,-32119.0949222535,66324.3319387596,14,1.70000000000005,TRUE,"",5,289,5100289,5300289
"RDMM",4.75232547811343,0.944728356381207,0.014,0.739331244875551,0.107,-30099.6627332351,62278.5598054438,101,4.09999999999997,TRUE,"",5,289,5100289,5300289
"DGMM",NA,0.91002594916266,0.023,0.566246921072788,0.202,-31574.1968428353,65234.5357799231,16,1.93000000000001,TRUE,"",5,290,5100290,5300290
"RDMM",4.79387840060419,0.960360328536806,0.01,0.777626263845599,0.091,-29648.483494895,61376.2013287636,114,4.59000000000003,TRUE,"",5,290,5100290,5300290
"DGMM",NA,0.940839636061036,0.015,0.444611022871419,0.357,-32111.0735113237,66308.2891169001,13,1.69999999999999,TRUE,"",5,291,5100291,5300291
"RDMM",4.98519944992514,0.944727325407658,0.014,0.776726890587345,0.091,-30080.1117689624,62239.4578768984,146,5.78000000000003,TRUE,"",5,291,5100291,5300291
"DGMM",NA,0.933089023380699,0.017,0.751988534224201,0.102,-31812.8740320683,65711.8901583892,25,2.87,TRUE,"",5,292,5100292,5300292
"RDMM",5.13301364521668,0.940840782744888,0.015,0.800860040430523,0.08,-29889.8221572334,61858.8786534405,100,3.69999999999999,TRUE,"",5,292,5100292,5300292
"DGMM",NA,0.913849889677058,0.022,0.422562707488814,0.434,-31246.3430659415,64578.8282261356,17,1.14,TRUE,"",5,293,5100293,5300293
"RDMM",5.67718232827213,0.944728421157654,0.014,0.780541898894737,0.089,-29718.6277943279,61516.4899276294,100,2.97,TRUE,"",5,293,5100293,5300293
"DGMM",NA,0.749703225067516,0.067,0.353392936611963,0.405,-32481.6557447779,67049.4535838085,13,1.59,TRUE,"",5,294,5100294,5300294
"RDMM",4.67693074924614,0.936960674857207,0.016,0.806531831714041,0.078,-30412.0379910001,62903.3103209737,100,4.08,TRUE,"",5,294,5100294,5300294
"DGMM",NA,0.849934459243397,0.039,0.383414574231159,0.444,-31729.0278152415,65544.1977247355,16,1.96,TRUE,"",5,295,5100295,5300295
"RDMM",5.18566321492878,0.948624575793517,0.013,0.747969702694767,0.104,-29765.6684528744,61610.5712447224,153,6.24,TRUE,"",5,295,5100295,5300295
"DGMM",NA,0.898602625879677,0.026,0.375224154462193,0.467,-32340.4177802208,66766.9776546942,27,3.3,TRUE,"",5,296,5100296,5300296
"RDMM",4.70617679205525,0.913849856798482,0.022,0.746489368617079,0.103,-30320.8374382853,62720.9092155441,182,7.27,TRUE,"",5,296,5100296,5300296
"DGMM",NA,0.936960901838179,0.016,0.438328600293372,0.4,-31589.2529357248,65264.6479657022,18,2.14,TRUE,"",5,297,5100297,5300297
"RDMM",5.49101755406208,0.956440401158276,0.011,0.764806382495701,0.097,-29917.8156839344,61914.8657068424,100,4.17,TRUE,"",5,297,5100297,5300297
"DGMM",NA,0.921521496960763,0.02,0.412328177291291,0.427,-32406.9477858711,66900.0376659948,12,1.5,TRUE,"",5,298,5100298,5300298
"RDMM",4.90173947538197,0.964288285784034,0.009,0.771589362623775,0.093,-30194.6478862792,62468.5301115319,100,4,TRUE,"",5,298,5100298,5300298
"DGMM",NA,0.902402460843516,0.025,0.421075435153527,0.476,-31735.1689643563,65556.4800229651,22,2.67,TRUE,"",5,299,5100299,5300299
"RDMM",5.73869285725203,0.9215214435136,0.02,0.543314213427353,0.241,-30066.0908783567,62211.416095687,100,4.03,TRUE,"",5,299,5100299,5300299
"DGMM",NA,0.92922429702905,0.018,0.395200763245502,0.491,-32456.4165706302,66998.975235513,12,1.47,TRUE,"",5,300,5100300,5300300
"RDMM",5.00595674914561,0.940840224929158,0.015,0.797764472690102,0.082,-30161.0149547697,62401.264248513,174,6.97,TRUE,"",5,300,5100300,5300300
"DGMM",NA,0.883483447018275,0.03,0.583024636193839,0.187,-31833.9444826446,65754.0310595418,13,1.63,TRUE,"",5,301,5100301,5300301
"RDMM",5.01501918541358,0.91768168959215,0.021,0.743320504872911,0.105,-29907.8325143109,61894.8993675955,128,5.2,TRUE,"",5,301,5100301,5300301
"DGMM",NA,0.940840793944117,0.015,0.444258152889641,0.483,-31695.0620400054,65476.2661742634,18,2.20999999999999,TRUE,"",5,302,5100302,5300302
"RDMM",5.29705289458184,0.952528488462993,0.012,0.760163493441359,0.098,-30010.5639894711,62100.3623179159,200,7.93000000000001,TRUE,"",5,302,5100302,5300302
"DGMM",NA,0.956440411214517,0.011,0.741213589139453,0.108,-32178.1406413713,66442.4233769951,25,3.05,TRUE,"",5,303,5100303,5300303
"RDMM",4.90210324255058,0.968224204853108,0.008,0.735898244202863,0.11,-30198.4354075763,62476.1051541263,100,4.07000000000001,TRUE,"",5,303,5100303,5300303
"DGMM",NA,0.913849786653293,0.022,0.37510845409502,0.473,-32760.7146290871,67607.5713524269,13,1.61,TRUE,"",5,304,5100304,5300304
"RDMM",4.83091659114858,0.936960899800715,0.016,0.777596205032925,0.09,-30324.9532535169,62729.1408460074,289,12.02,TRUE,"",5,304,5100304,5300304
"DGMM",NA,0.956440398364875,0.011,0.448926205081954,0.394,-31763.3271526919,65612.7963996365,17,2.5,TRUE,"",5,305,5100305,5300305
"RDMM",5.13556884873002,0.96822419238477,0.008,0.743349204171463,0.107,-29933.4692930017,61946.1729249771,169,6.96000000000001,TRUE,"",5,305,5100305,5300305
"DGMM",NA,0.861045383882335,0.036,0.353991329715309,0.452,-32615.3605802362,67316.863254725,11,1.47,TRUE,"",5,306,5100306,5300306
"RDMM",4.82864502945704,0.944728676891147,0.014,0.730542204664151,0.112,-30272.7949429565,62624.8242248867,100,4.23,TRUE,"",5,306,5100306,5300306
"DGMM",NA,0.944728608393615,0.014,0.426987531842083,0.467,-31818.8793391107,65723.900772474,20,2.39,TRUE,"",5,307,5100307,5300307
"RDMM",4.98355380679689,0.976119959247864,0.006,0.801517615493966,0.08,-29993.6060330429,62066.4464050593,100,4.03999999999999,TRUE,"",5,307,5100307,5300307
"DGMM",NA,0.906210144765632,0.024,0.480413798198799,0.301,-32273.6432712901,66633.4286368328,15,1.83,TRUE,"",5,308,5100308,5300308
"RDMM",4.73411682875942,0.944728698072792,0.014,0.546076261224277,0.272,-30320.0850922471,62719.4045234677,100,4.21000000000001,TRUE,"",5,308,5100308,5300308
"DGMM",NA,0.898602604689883,0.026,0.593504733122429,0.182,-32714.9515948972,67516.045284047,16,2.05999999999999,TRUE,"",5,309,5100309,5300309
"RDMM",4.6840847385666,0.960360328536806,0.01,0.746643745037709,0.105,-30682.3597786159,63443.9538962054,128,5.16,TRUE,"",5,309,5100309,5300309
"DGMM",NA,0.846246357555144,0.04,0.549518890541667,0.21,-32128.1467108071,66342.4355158668,29,3.43000000000001,TRUE,"",5,310,5100310,5300310
"RDMM",4.59142795112475,0.940840818220479,0.015,0.780485709867219,0.089,-30175.553705806,62430.3417505856,100,4.13999999999999,TRUE,"",5,310,5100310,5300310
"DGMM",NA,0.879723624274784,0.031,0.380862927819999,0.473,-32134.6847057658,66355.5115057841,18,2.16,TRUE,"",5,311,5100311,5300311
"RDMM",4.76297908360852,0.956440399038085,0.011,0.584831032329228,0.214,-30322.6356528355,62724.5056446446,100,4,TRUE,"",5,311,5100311,5300311
"DGMM",NA,0.964288289347472,0.009,0.376497185443759,0.442,-32102.6026534758,66291.3474012043,19,2.38,TRUE,"",5,312,5100312,5300312
"RDMM",4.62193484441703,0.960360360979977,0.01,0.759884927667022,0.099,-29857.7911923018,61794.8167235773,100,3.95000000000002,TRUE,"",5,312,5100312,5300312
"DGMM",NA,0.846246910998755,0.04,0.407589323765795,0.455,-32035.7659236768,66157.6739416062,22,2.69,TRUE,"",5,313,5100313,5300313
"RDMM",4.9827059122425,0.948624578175524,0.013,0.785998537967897,0.087,-30105.6951891147,62290.6247172029,293,11.91,TRUE,"",5,313,5100313,5300313
"DGMM",NA,0.788332804362431,0.056,0.425865191262434,0.314,-32095.9780585656,66278.0982113838,6,0.810000000000002,TRUE,"",5,314,5100314,5300314
"RDMM",5.10568004339545,0.9408407951733,0.015,0.543921048903414,0.294,-30014.129733921,62107.4938068156,119,4.72,TRUE,"",5,314,5100314,5300314
"DGMM",NA,0.883483418858175,0.03,0.3982152302313,0.436,-32312.5699004123,66711.2818950772,21,2.58000000000001,TRUE,"",5,315,5100315,5300315
"RDMM",4.91034000635992,0.944728698072792,0.014,0.756537553990704,0.1,-30478.3986210689,63036.0315811114,145,5.84,TRUE,"",5,315,5100315,5300315
"DGMM",NA,0.92536937098462,0.019,0.438126138259024,0.424,-32218.878220944,66523.8985361405,22,2.64000000000001,TRUE,"",5,316,5100316,5300316
"RDMM",4.81141672590961,0.944728728696829,0.014,0.786742689446512,0.087,-29973.9609273435,62027.1561936607,111,4.56,TRUE,"",5,316,5100316,5300316
"DGMM",NA,0.940840788344503,0.015,0.417080048841262,0.377,-32234.5518801868,66555.2458546261,21,2.56,TRUE,"",5,317,5100317,5300317
"RDMM",4.96110233206173,0.968224193395482,0.008,0.794868119315456,0.083,-30049.4120046803,62178.0583483343,100,4,TRUE,"",5,317,5100317,5300317
"DGMM",NA,0.933089029714043,0.017,0.434265467690908,0.439,-31600.8336821633,65287.8094585793,26,3.19999999999999,TRUE,"",5,318,5100318,5300318
"RDMM",5.25278069415721,0.952528488462993,0.012,0.750515030466777,0.103,-29982.7760902104,62044.7865193944,233,9.25,TRUE,"",5,318,5100318,5300318
"DGMM",NA,0.940840796914643,0.015,0.412389598469503,0.453,-32443.4593594882,66973.0608132291,13,1.59,TRUE,"",5,319,5100319,5300319
"RDMM",5.26482706856861,0.948624593861186,0.013,0.805734254346866,0.078,-30528.28331166,63135.8009622936,108,4.47,TRUE,"",5,319,5100319,5300319
"DGMM",NA,0.925369362968191,0.019,0.547691214670059,0.215,-31869.7109907541,65825.5640757609,16,1.91999999999999,TRUE,"",5,320,5100320,5300320
"RDMM",4.83414995472591,0.933089037437632,0.017,0.763021173162805,0.096,-29899.643326056,61878.5209910857,100,4.05000000000001,TRUE,"",5,320,5100320,5300320
"DGMM",NA,0.917681336113886,0.021,0.584996441658444,0.189,-32434.5886807786,66955.3194558097,18,2.50999999999999,TRUE,"",5,321,5100321,5300321
"RDMM",4.6885422874085,0.940840798451122,0.015,0.768636997475291,0.095,-30327.6259635197,62734.4862660131,100,4,TRUE,"",5,321,5100321,5300321
"DGMM",NA,0.864765182612289,0.035,0.430219275773517,0.506,-32341.9332543138,66770.0086028802,28,3.63,TRUE,"",5,322,5100322,5300322
"RDMM",4.61431350398064,0.9603603209584,0.01,0.737662339767589,0.109,-30224.6096414888,62528.4536219513,220,8.67000000000002,TRUE,"",5,322,5100322,5300322
"DGMM",NA,0.910025944679464,0.023,0.386395229259589,0.413,-32648.2016216392,67382.5453375309,12,1.51999999999998,TRUE,"",5,323,5100323,5300323
"RDMM",4.70662392955921,0.952528486855622,0.012,0.809398706214331,0.077,-30312.4512584845,62704.1368559426,100,4.06999999999999,TRUE,"",5,323,5100323,5300323
"DGMM",NA,0.861045169973945,0.036,0.405130528402299,0.441,-32407.8685923768,66901.8792790063,20,2.45000000000002,TRUE,"",5,324,5100324,5300324
"RDMM",4.63533427616735,0.93696092012987,0.016,0.772014627132686,0.093,-30260.6769968295,62600.5883326327,201,8.04999999999998,TRUE,"",5,324,5100324,5300324
"DGMM",NA,0.936960934607373,0.016,0.435366444272892,0.414,-31823.9382814319,65734.0186571165,16,1.92000000000002,TRUE,"",5,325,5100325,5300325
"RDMM",5.60303249603687,0.95252848247188,0.012,0.765770968379332,0.096,-30059.998964531,62199.2322680356,187,7.42000000000002,TRUE,"",5,325,5100325,5300325
"DGMM",NA,0.475619499861677,0.155,0.208928367407986,0.512,-31974.2488885731,66034.6398713989,28,3.43000000000001,TRUE,"",5,326,5100326,5300326
"RDMM",4.94385924607862,0.933089048984395,0.017,0.740631607148453,0.107,-30112.2484958148,62303.7313306033,171,6.85000000000002,TRUE,"",5,326,5100326,5300326
"DGMM",NA,0.872228446694321,0.033,0.406323670846555,0.483,-31893.5137106484,65873.1695155494,19,2.31999999999999,TRUE,"",5,327,5100327,5300327
"RDMM",5.31069160158446,0.940840829317262,0.015,0.555067166823705,0.263,-30077.1969305385,62233.6282000505,105,4.27999999999997,TRUE,"",5,327,5100327,5300327
"DGMM",NA,0.94862460358359,0.013,0.434085750967594,0.48,-31998.1389473968,66082.4199890463,15,1.98000000000002,TRUE,"",5,328,5100328,5300328
"RDMM",5.30368790608707,0.944728718772376,0.014,0.729282366680122,0.113,-29867.5815955454,61814.3975300644,101,4.22000000000003,TRUE,"",5,328,5100328,5300328
"DGMM",NA,0.925369313093999,0.019,0.442275164254128,0.409,-31691.4714852222,65469.0850646969,23,2.75,TRUE,"",5,329,5100329,5300329
"RDMM",5.24572222666959,0.933089038634788,0.017,0.774034199536458,0.092,-29880.8456666852,61840.925672344,156,6.27999999999997,TRUE,"",5,329,5100329,5300329
"DGMM",NA,0.898602528156206,0.026,0.398134750104119,0.479,-32124.0454481275,66334.2329905075,17,2.04999999999995,TRUE,"",5,330,5100330,5300330
"RDMM",4.68240889725631,0.921521458517313,0.02,0.751436389898074,0.102,-30120.0166751512,62319.267689276,207,8.15999999999997,TRUE,"",5,330,5100330,5300330
"DGMM",NA,0.212884150260533,0.269,0.0885762267353475,0.567,-32197.9119769813,66481.9660482152,30,3.53000000000003,TRUE,"",5,331,5100331,5300331
"RDMM",4.94949940494715,0.976120096192385,0.006,0.783876890811319,0.089,-30009.0410905484,62097.3165200705,184,6.70999999999998,TRUE,"",5,331,5100331,5300331
"DGMM",NA,0.940840840209178,0.015,0.418849652908363,0.417,-31669.7199544249,65425.5820031024,15,1.42000000000002,TRUE,"",5,332,5100332,5300332
"RDMM",5.50348776219952,0.964288288154316,0.009,0.782026845112444,0.089,-29776.1805282704,61631.5953955145,151,3.86000000000001,TRUE,"",5,332,5100332,5300332
"DGMM",NA,0.54717642910375,0.13,0.245035874153856,0.479,-31566.618497405,65219.3790890626,21,1.63,TRUE,"",5,333,5100333,5300333
"RDMM",5.1814572493541,0.968224196969655,0.008,0.763800578611629,0.097,-29675.4738019644,61430.1819429025,107,2.60999999999996,TRUE,"",5,333,5100333,5300333
"DGMM",NA,0.92536937188916,0.019,0.535147838637743,0.218,-32091.8568522471,66269.8557987469,15,1.17,TRUE,"",5,334,5100334,5300334
"RDMM",4.85088044574944,0.936960953432666,0.016,0.748842304479543,0.104,-29944.8224297272,61968.879198428,207,7.02,TRUE,"",5,334,5100334,5300334
"DGMM",NA,0.864765102063569,0.035,0.662375969714718,0.143,-32339.2129197406,66764.5679337338,15,1.92,TRUE,"",5,335,5100335,5300335
"RDMM",4.8543704319305,0.921521488898399,0.02,0.743625285395864,0.105,-30353.0721888009,62785.3787165755,101,4.19,TRUE,"",5,335,5100335,5300335
"DGMM",NA,0.861045448521876,0.036,0.398143539177196,0.39,-32542.3451834289,67170.8324611105,14,1.75,TRUE,"",5,336,5100336,5300336
"RDMM",4.44460970148137,0.925369301894911,0.019,0.752511507180818,0.102,-30449.7638685204,62978.7620760145,215,8.48,TRUE,"",5,336,5100336,5300336
"DGMM",NA,0.725634926425161,0.074,0.323866003146545,0.436,-32386.2368584024,66858.6158110573,15,1.84,TRUE,"",5,337,5100337,5300337
"RDMM",4.50933483516616,0.925369387165836,0.019,0.757613823253947,0.1,-30176.7448656606,62432.7240702948,170,6.75,TRUE,"",5,337,5100337,5300337
"DGMM",NA,0.849934222998223,0.039,0.392283801809268,0.406,-32388.9795949628,66864.1012841781,21,2.73,TRUE,"",5,338,5100338,5300338
"RDMM",4.53354910542264,0.956440300595614,0.011,0.658591486551013,0.154,-30256.483177231,62592.2006934356,109,4.39,TRUE,"",5,338,5100338,5300338
"DGMM",NA,0.940840793181568,0.015,0.456064490714706,0.334,-31603.7173458322,65293.576785917,18,2.25,TRUE,"",5,339,5100339,5300339
"RDMM",5.10990215042882,0.9525285026759,0.012,0.775518864803101,0.091,-29626.6781411801,61332.5906213338,106,4.28,TRUE,"",5,339,5100339,5300339
"DGMM",NA,0.952528264361427,0.012,0.445371738196634,0.415,-31689.3444132178,65464.8309206882,17,2.08,TRUE,"",5,340,5100340,5300340
"RDMM",5.0832211774208,0.95252831150531,0.012,0.791089535946909,0.085,-29640.5365677488,61360.3074744712,149,5.96,TRUE,"",5,340,5100340,5300340
"DGMM",NA,0.929225168405716,0.018,0.400058155219841,0.398,-32376.651093893,66839.4442820386,19,2.43,TRUE,"",5,341,5100341,5300341
"RDMM",4.75006329912478,0.976120104881412,0.006,0.78906802075002,0.086,-30200.6325743092,62480.499487592,100,4.18,TRUE,"",5,341,5100341,5300341
"DGMM",NA,0.921521646487873,0.02,0.715987339084767,0.117,-31566.9102088907,65219.9625120341,19,2.3,TRUE,"",5,342,5100342,5300342
"RDMM",5.20910281292243,0.956440418488528,0.011,0.776128883412144,0.091,-29836.3220193015,61751.8783775766,100,4.01000000000001,TRUE,"",5,342,5100342,5300342
"DGMM",NA,0.875972036156255,0.032,0.385647010265872,0.5,-32561.6699147348,67209.4819237222,18,2.19,TRUE,"",5,343,5100343,5300343
"RDMM",4.66008082814801,0.925369384332568,0.019,0.76815353760622,0.095,-30264.2578523444,62607.7500436625,108,4.40000000000001,TRUE,"",5,343,5100343,5300343
"DGMM",NA,0.5121841879921,0.142,0.219227334682012,0.549,-32285.8790856778,66657.9002656083,20,2.39,TRUE,"",5,344,5100344,5300344
"RDMM",4.94444224946162,0.910026086687496,0.023,0.771375559613571,0.092,-30319.5646078326,62718.3635546389,100,4.09,TRUE,"",5,344,5100344,5300344
"DGMM",NA,0.857333627686643,0.037,0.589590798719848,0.18,-32260.7888608523,66607.7198159573,13,1.59,TRUE,"",5,345,5100345,5300345
"RDMM",4.62805766699415,0.921521448445639,0.02,0.749116143098725,0.103,-30155.681231407,62390.5968017877,103,4.62,TRUE,"",5,345,5100345,5300345
"DGMM",NA,0.902402520326639,0.025,0.499414554057807,0.272,-31641.123630878,65368.3893560086,16,2,TRUE,"",5,346,5100346,5300346
"RDMM",5.68716537234202,0.948624171353131,0.013,0.547424940679451,0.235,-30104.6103270404,62288.4549930543,100,4.06,TRUE,"",5,346,5100346,5300346
"DGMM",NA,0.770653816125401,0.061,0.349522032253834,0.492,-32250.08083591,66586.3037660726,17,2.51000000000001,TRUE,"",5,347,5100347,5300347
"RDMM",4.96625342046486,0.952528500764103,0.012,0.798184682781782,0.081,-30294.5309076341,62668.2961542417,177,7.25,TRUE,"",5,347,5100347,5300347
"DGMM",NA,0.925369432364086,0.019,0.416388530506923,0.45,-32208.8839254129,66503.9099450784,17,2.23999999999999,TRUE,"",5,348,5100348,5300348
"RDMM",4.74305231690467,0.960360348778285,0.01,0.781099569091161,0.089,-29979.0577038201,62037.3497466139,128,5.28,TRUE,"",5,348,5100348,5300348
"DGMM",NA,0.883483749543755,0.03,0.396806338541309,0.413,-32380.3128294239,66846.7677531003,16,1.92,TRUE,"",5,349,5100349,5300349
"RDMM",4.61999430394505,0.95252848285774,0.012,0.773786644601745,0.092,-30165.0276635058,62409.2896659853,100,4.05,TRUE,"",5,349,5100349,5300349
"DGMM",NA,0.925369283402049,0.019,0.436382749409014,0.359,-31781.4364370261,65649.0149683047,14,1.8,TRUE,"",5,350,5100350,5300350
"RDMM",5.16319950725425,0.948624627713321,0.013,0.788259220929878,0.085,-29862.0384115875,61803.3111621485,100,4.06,TRUE,"",5,350,5100350,5300350
"DGMM",NA,0.94472868437969,0.014,0.435280516864985,0.414,-31795.1193409594,65676.3807761713,24,3.03,TRUE,"",5,351,5100351,5300351
"RDMM",5.01610837589081,0.960360333617673,0.01,0.782797393955054,0.088,-30102.963022315,62285.1603836036,100,3.98,TRUE,"",5,351,5100351,5300351
"DGMM",NA,0.788334290004889,0.056,0.382802973529029,0.433,-31957.8166461696,66001.7753865918,26,3.19,TRUE,"",5,352,5100352,5300352
"RDMM",4.98682519843525,0.964288286141294,0.009,0.769272383999306,0.095,-30064.8523472978,62208.9390335692,167,6.68000000000001,TRUE,"",5,352,5100352,5300352
"DGMM",NA,0.956440137373044,0.011,0.432389775315852,0.44,-31603.2217658069,65292.5856258663,21,2.53,TRUE,"",5,353,5100353,5300353
"RDMM",5.20946540354197,0.944728525417631,0.014,0.749493830715357,0.104,-29800.7922471431,61680.8188332599,100,3.97999999999999,TRUE,"",5,353,5100353,5300353
"DGMM",NA,0.944728729015829,0.014,0.416369133566471,0.471,-31926.8915322204,65939.9251586935,15,1.85999999999999,TRUE,"",5,354,5100354,5300354
"RDMM",4.80735281952555,0.952528528190616,0.012,0.539664916391559,0.273,-30025.455937638,62130.1462142497,100,4.03,TRUE,"",5,354,5100354,5300354
"DGMM",NA,0.933089102122622,0.017,0.591187207627594,0.184,-32190.4813684268,66467.1048311062,23,2.75999999999999,TRUE,"",5,355,5100355,5300355
"RDMM",5.02497254397023,0.95252852057616,0.012,0.778015566824905,0.09,-30028.4012710043,62136.0368809822,136,5.74000000000001,TRUE,"",5,355,5100355,5300355
"DGMM",NA,0.936960906891412,0.016,0.42116991723769,0.406,-31684.68454088,65455.5111760126,30,3.58000000000001,TRUE,"",5,356,5100356,5300356
"RDMM",4.89331482899207,0.960360328536806,0.01,0.768050947712869,0.095,-29715.9721995292,61511.1787380321,175,6.97999999999999,TRUE,"",5,356,5100356,5300356
"DGMM",NA,0.940840814658126,0.015,0.450604325738459,0.459,-31881.7577205007,65849.657535254,19,2.33000000000001,TRUE,"",5,357,5100357,5300357
"RDMM",5.11408512196442,0.948624584965727,0.013,0.803184454887034,0.079,-30084.5854014812,62248.405141936,200,8.03,TRUE,"",5,357,5100357,5300357
"DGMM",NA,0.936960922531165,0.016,0.444570657288408,0.406,-31418.8521774736,64923.8464491998,23,2.94999999999999,TRUE,"",5,358,5100358,5300358
"RDMM",5.40943773387484,0.960360336195283,0.01,0.836493361725234,0.065,-29798.6776138201,61676.5895666139,170,6.78,TRUE,"",5,358,5100358,5300358
"DGMM",NA,0.894810017533263,0.027,0.383178925642133,0.413,-32059.9776540937,66206.09740244,22,2.62,TRUE,"",5,359,5100359,5300359
"RDMM",4.68297027563802,0.933089087293357,0.017,0.781872274481785,0.088,-30018.6082442689,62116.4508275113,133,5.35999999999999,TRUE,"",5,359,5100359,5300359
"DGMM",NA,0.936960993402646,0.016,0.426060378626765,0.449,-31563.159232413,65212.4605590785,14,1.71000000000001,TRUE,"",5,360,5100360,5300360
"RDMM",5.28926609867909,0.948624584965727,0.013,0.647048075055732,0.159,-29801.7103869543,61682.6551128822,115,4.63,TRUE,"",5,360,5100360,5300360
"DGMM",NA,0.902402493570508,0.025,0.426759180110514,0.5,-32389.472065791,66865.0862258346,23,2.74000000000001,TRUE,"",5,361,5100361,5300361
"RDMM",4.93083277939703,0.936960973731467,0.016,0.75754632481198,0.099,-30181.1811025871,62441.5965441478,132,5.34999999999999,TRUE,"",5,361,5100361,5300361
"DGMM",NA,0.857333429520811,0.037,0.410160365150697,0.427,-31650.3680080124,65386.8781102774,20,2.41,TRUE,"",5,362,5100362,5300362
"RDMM",5.62447186450975,0.956440430891215,0.011,0.805529688837549,0.078,-29890.7840261059,61860.8023911854,100,4.29999999999998,TRUE,"",5,362,5100362,5300362
"DGMM",NA,0.902402404664943,0.025,0.316453657281797,0.489,-32432.8635171888,66951.8691286302,13,1.66999999999999,TRUE,"",5,363,5100363,5300363
"RDMM",5.14965875219041,0.960360323449583,0.01,0.742967762755975,0.107,-30256.3183974106,62591.8711337948,122,5.07999999999998,TRUE,"",5,363,5100363,5300363
"DGMM",NA,0.864764808660058,0.035,0.386212409469096,0.435,-31847.9691343245,65782.0803629016,16,1.97,TRUE,"",5,364,5100364,5300364
"RDMM",5.29889435464934,0.952528511264526,0.012,0.788427065470519,0.086,-30148.5061163454,62376.2465716645,103,4.20999999999998,TRUE,"",5,364,5100364,5300364
"DGMM",NA,0.349921971639857,0.204,0.134730860451011,0.575,-32396.0352867634,66878.2126677795,30,3.57999999999998,TRUE,"",5,365,5100365,5300365
"RDMM",4.94071081477352,0.944728682080226,0.014,0.756707850988233,0.1,-30288.641623368,62656.5175857097,160,6.46000000000001,TRUE,"",5,365,5100365,5300365
"DGMM",NA,0.952528504959098,0.012,0.443725206548412,0.457,-31454.3222386022,64994.786571457,24,2.97,TRUE,"",5,366,5100366,5300366
"RDMM",5.03977690936133,0.968224217947527,0.008,0.82207346350302,0.071,-29506.744511434,61092.7233618417,133,5.34,TRUE,"",5,366,5100366,5300366
"DGMM",NA,0.964288284300031,0.009,0.459912084887147,0.455,-31514.8039646918,65115.7500236362,18,2.25,TRUE,"",5,367,5100367,5300367
"RDMM",5.22447050999543,0.984048045375795,0.004,0.806828343180111,0.078,-29742.5896628897,61564.413664753,108,4.36000000000001,TRUE,"",5,367,5100367,5300367
"DGMM",NA,0.940840798451122,0.015,0.707026241701932,0.124,-31702.5482188809,65491.2385320144,16,1.96999999999997,TRUE,"",5,368,5100368,5300368
"RDMM",4.89147086684508,0.956440396957001,0.011,0.754641384181929,0.101,-29928.0321933873,61935.2987257483,116,4.74000000000001,TRUE,"",5,368,5100368,5300368
"DGMM",NA,0.929225168436352,0.018,0.700544580382806,0.126,-31794.1000236214,65674.3421414954,14,1.69999999999999,TRUE,"",5,369,5100369,5300369
"RDMM",5.05318323413449,0.956440397663732,0.011,0.756318276758213,0.1,-29942.7140973636,61964.6625337007,100,4.01000000000005,TRUE,"",5,369,5100369,5300369
"DGMM",NA,0.917680005264219,0.021,0.408202769308373,0.457,-32775.0355046919,67636.2131036364,19,2.35999999999996,TRUE,"",5,370,5100370,5300370
"RDMM",4.83742464157077,0.933088273669013,0.017,0.717311067830298,0.118,-30649.6711510943,63378.5766411623,115,4.68000000000001,TRUE,"",5,370,5100370,5300370
"DGMM",NA,0.87597194684625,0.032,0.394225112297988,0.451,-32945.8175245999,67977.7771434524,24,3.02000000000004,TRUE,"",5,371,5100371,5300371
"RDMM",4.68054634871497,0.940840803333711,0.015,0.800050061723501,0.08,-30404.1204327495,62887.4752044727,143,5.80000000000001,TRUE,"",5,371,5100371,5300371
"DGMM",NA,0.8948107748804,0.027,0.712189462331426,0.12,-31810.4776384601,65707.0973711728,15,1.87,TRUE,"",5,372,5100372,5300372
"RDMM",4.83361317852176,0.94472868580456,0.014,0.760610221544546,0.098,-29868.7167157432,61816.6677704599,100,4.07999999999998,TRUE,"",5,372,5100372,5300372
"DGMM",NA,0.929224967106244,0.018,0.402945464404496,0.443,-32599.2154114927,67284.572917238,13,1.57999999999998,TRUE,"",5,373,5100373,5300373
"RDMM",4.64598182433845,0.948624282518286,0.013,0.793441183570013,0.084,-30153.679585697,62386.5935103676,145,5.78000000000003,TRUE,"",5,373,5100373,5300373
"DGMM",NA,0.824289581391725,0.046,0.409665812531513,0.328,-31640.4915174689,65367.1251291904,17,1.99000000000001,TRUE,"",5,374,5100374,5300374
"RDMM",5.02988735151782,0.964288253218386,0.009,0.788314938452995,0.086,-29816.3023848717,61711.8391087171,100,3.98000000000002,TRUE,"",5,374,5100374,5300374
"DGMM",NA,0.956440430569974,0.011,0.773031633965341,0.095,-31570.1882671894,65226.5186286314,27,3.12,TRUE,"",5,375,5100375,5300375
"RDMM",4.99054408580778,0.956440420432734,0.011,0.820136706252733,0.072,-29630.5994197904,61340.4331785544,114,4.11000000000001,TRUE,"",5,375,5100375,5300375
"DGMM",NA,0.921521449458468,0.02,0.501236734280988,0.255,-31202.4769370638,64491.0959683803,15,1,TRUE,"",5,376,5100376,5300376
"RDMM",5.07152220771343,0.940840827435552,0.015,0.77685255762384,0.091,-29347.5869086169,60774.4081562073,109,2.67,TRUE,"",5,376,5100376,5300376
"DGMM",NA,0.921521459996924,0.02,0.413926413807155,0.467,-32120.4727431378,66327.0875805282,23,2.75,TRUE,"",5,377,5100377,5300377
"RDMM",4.91407546770959,0.96428827875563,0.009,0.790368722093407,0.085,-30053.6199171782,62186.4741733301,128,5.27,TRUE,"",5,377,5100377,5300377
"DGMM",NA,0.917681645059124,0.021,0.378195976351295,0.417,-31670.9477992181,65428.0376926888,14,1.72,TRUE,"",5,378,5100378,5300378
"RDMM",5.1011378698418,0.944728723876381,0.014,0.77659724440583,0.091,-29582.2414969071,61243.7173327878,221,8.71,TRUE,"",5,378,5100378,5300378
"DGMM",NA,0.940840793181568,0.015,0.422454238359683,0.447,-32091.2748001029,66268.6916944583,14,1.72,TRUE,"",5,379,5100379,5300379
"RDMM",4.85305769853671,0.952528494109343,0.012,0.784744348415877,0.088,-30170.2445230936,62419.7233851607,137,5.53,TRUE,"",5,379,5100379,5300379
"DGMM",NA,0.868492747389661,0.034,0.368137653460209,0.421,-32370.8311811114,66827.8044564755,24,2.89,TRUE,"",5,380,5100380,5300380
"RDMM",4.68473440933798,0.933088593328358,0.017,0.633120691824038,0.169,-30445.2552608202,62969.744860614,109,4.53,TRUE,"",5,380,5100380,5300380
"DGMM",NA,0.925369302067204,0.019,0.409138452018659,0.45,-32469.9214522816,67025.9849988157,21,2.56,TRUE,"",5,381,5100381,5300381
"RDMM",4.66983574818394,0.940840790905302,0.015,0.535312059495169,0.292,-30360.0648176742,62799.3639743221,143,5.74,TRUE,"",5,381,5100381,5300381
"DGMM",NA,0.910026084985387,0.023,0.417786774994044,0.401,-32172.4627042099,66431.0675026725,18,2.18,TRUE,"",5,382,5100382,5300382
"RDMM",5.19719084583432,0.952528498235081,0.012,0.799165062196096,0.081,-30065.44726814,62210.1288752536,197,7.85,TRUE,"",5,382,5100382,5300382
"DGMM",NA,0.475427621385882,0.155,0.221399683870575,0.542,-32274.6807044612,66635.5035031751,31,3.89,TRUE,"",5,383,5100383,5300383
"RDMM",4.72622395112159,0.960359058956084,0.01,0.780011615739413,0.09,-30223.3179943866,62525.8703277469,114,4.59,TRUE,"",5,383,5100383,5300383
"DGMM",NA,0.936960983700463,0.016,0.744757858688373,0.105,-31444.6420590996,64975.4262124518,17,2.14,TRUE,"",5,384,5100384,5300384
"RDMM",5.32112838012898,0.952528522363902,0.012,0.779078025461569,0.09,-29692.4410677155,61464.1164744045,100,3.97,TRUE,"",5,384,5100384,5300384
"DGMM",NA,0.921521541445908,0.02,0.500814967929764,0.249,-31496.6160220822,65079.374138417,12,1.48999999999999,TRUE,"",5,385,5100385,5300385
"RDMM",5.53218317640045,0.952528531569744,0.012,0.769208127065323,0.095,-29729.9065995542,61539.0475380821,100,4.06,TRUE,"",5,385,5100385,5300385
"DGMM",NA,0.902402443319012,0.025,0.419519900032883,0.438,-31787.6568033702,65661.455700993,18,2.2,TRUE,"",5,386,5100386,5300386
"RDMM",5.08650739767221,0.940840842595459,0.015,0.740282142076956,0.107,-29729.1976133638,61537.6295657012,136,5.47,TRUE,"",5,386,5100386,5300386
"DGMM",NA,0.864764853383536,0.035,0.300193630905892,0.498,-32645.7332214843,67377.6085372213,15,2.34999999999999,TRUE,"",5,387,5100387,5300387
"RDMM",4.71585852552782,0.929225180061007,0.018,0.738263250257147,0.108,-30309.5811247064,62698.3965883865,131,5.26000000000001,TRUE,"",5,387,5100387,5300387
"DGMM",NA,0.944728719469746,0.014,0.417434110399481,0.469,-31521.6973946094,65129.5368834713,18,2.22,TRUE,"",5,388,5100388,5300388
"RDMM",4.88970135265434,0.960360356190814,0.01,0.75282786953368,0.102,-29659.3471327013,61397.9286043763,195,8.31999999999999,TRUE,"",5,388,5100388,5300388
"DGMM",NA,0.940840800044508,0.015,0.41809985246697,0.384,-32697.1585199358,67480.4591341241,19,2.5,TRUE,"",5,389,5100389,5300389
"RDMM",4.74961158005639,0.948624589196012,0.013,0.7526885424596,0.102,-30539.9438646725,63159.1220683187,118,4.97999999999999,TRUE,"",5,389,5100389,5300389
"DGMM",NA,0.917681633952254,0.021,0.71201268127388,0.121,-31994.2029926434,66074.5480795394,28,3.41,TRUE,"",5,390,5100390,5300390
"RDMM",4.9554317408972,0.94084080653945,0.015,0.776674898714523,0.091,-30145.7019124709,62370.6381639155,100,3.97,TRUE,"",5,390,5100390,5300390
"DGMM",NA,0.891026987718164,0.028,0.39337455248705,0.431,-31484.7621430822,65055.6663804171,15,1.84999999999999,TRUE,"",5,391,5100391,5300391
"RDMM",4.75222907146949,0.960360339960652,0.01,0.751540168721017,0.103,-29549.3915742871,61178.0174875479,250,10.13,TRUE,"",5,391,5100391,5300391
"DGMM",NA,0.838895710811431,0.042,0.383618447413137,0.36,-31663.3637299822,65412.869554217,13,1.58999999999997,TRUE,"",5,392,5100392,5300392
"RDMM",5.11291408415304,0.956440401057714,0.011,0.758920084871592,0.099,-29620.606239202,61320.4468173776,120,4.84999999999999,TRUE,"",5,392,5100392,5300392
"DGMM",NA,0.936960944506647,0.016,0.522143213291165,0.241,-31540.2939382567,65166.7299707661,16,2.03,TRUE,"",5,393,5100393,5300393
"RDMM",5.02955848732781,0.936960915254512,0.016,0.531877751371154,0.266,-29753.2943533883,61585.8230457502,117,4.63999999999999,TRUE,"",5,393,5100393,5300393
"DGMM",NA,0.872228389166013,0.033,0.381558714772825,0.369,-32694.8592528947,67475.8606000419,11,1.43000000000001,TRUE,"",5,394,5100394,5300394
"RDMM",4.54372705407033,0.960360322224328,0.01,0.817673330767898,0.073,-30266.4906578495,62612.2156546727,200,7.94,TRUE,"",5,394,5100394,5300394
"DGMM",NA,0.806210140883996,0.051,0.366865925721175,0.481,-31986.9521323972,66060.0463590471,25,3.03,TRUE,"",5,395,5100395,5300395
"RDMM",4.93311007200323,0.936960960512235,0.016,0.523527289088999,0.279,-30055.0165293531,62189.2673976798,113,4.86000000000001,TRUE,"",5,395,5100395,5300395
"DGMM",NA,0.929225177477372,0.018,0.47611667185486,0.306,-32345.2573367724,66776.6567677973,14,1.72999999999999,TRUE,"",5,396,5100396,5300396
"RDMM",4.95635362265428,0.940840781800237,0.015,0.554591118603632,0.243,-30404.513096113,62888.2605311996,100,4.00999999999999,TRUE,"",5,396,5100396,5300396
"DGMM",NA,0.846246268408946,0.04,0.40881835580987,0.4,-31832.6385493288,65751.4191929103,13,1.62,TRUE,"",5,397,5100397,5300397
"RDMM",5.23393179713956,0.940840836692353,0.015,0.782121984474344,0.088,-29885.7253500592,61850.6850390921,128,5.20999999999998,TRUE,"",5,397,5100397,5300397
"DGMM",NA,0.898602647957044,0.026,0.374326230576218,0.434,-32144.4642912216,66375.0706766958,15,1.79999999999998,TRUE,"",5,398,5100398,5300398
"RDMM",4.98940321858202,0.921521471441262,0.02,0.741818847760542,0.106,-30178.5733412513,62436.3810214761,141,5.72,TRUE,"",5,398,5100398,5300398
"DGMM",NA,0.83157551832886,0.044,0.395737327388858,0.458,-32073.2553804877,66232.6528552279,23,2.75,TRUE,"",5,399,5100399,5300399
"RDMM",4.952376742853,0.940840813667951,0.015,0.777888693015966,0.091,-29966.7573693251,62012.7490776239,187,7.56,TRUE,"",5,399,5100399,5300399
"DGMM",NA,0.887251215233134,0.029,0.366352471366172,0.48,-32613.7863258612,67313.714745975,14,1.78,TRUE,"",5,400,5100400,5300400
"RDMM",4.98006460045808,0.929225159909332,0.018,0.781391086690752,0.089,-30224.1625115467,62527.559362067,150,5.96000000000001,TRUE,"",5,400,5100400,5300400
"DGMM",NA,0.913849806910841,0.022,0.34007710904807,0.494,-32002.3847129594,66090.9115201714,14,1.72,TRUE,"",5,401,5100401,5300401
"RDMM",4.70334278203269,0.956440430891215,0.011,0.757674536467989,0.1,-29656.8340902058,61392.9025193852,163,6.53,TRUE,"",5,401,5100401,5300401
"DGMM",NA,0.906210312396134,0.024,0.397777977292146,0.457,-31910.9531460036,65908.0483862598,18,2.19,TRUE,"",5,402,5100402,5300402
"RDMM",4.89910492164217,0.956440440779838,0.011,0.806546867191805,0.078,-29833.1377320253,61745.5098030242,112,4.56,TRUE,"",5,402,5100402,5300402
"DGMM",NA,0.936960931626979,0.016,0.729110795792932,0.112,-31771.4231652072,65628.9884246671,22,2.69,TRUE,"",5,403,5100403,5300403
"RDMM",5.02391371170831,0.956440423784812,0.011,0.817373587716609,0.073,-29945.6318762678,61970.4980915092,100,4.33000000000001,TRUE,"",5,403,5100403,5300403
"DGMM",NA,0.894810768060601,0.027,0.365285020884451,0.468,-32365.3223007823,66816.7866958172,14,1.69999999999999,TRUE,"",5,404,5100404,5300404
"RDMM",5.1175655776997,0.968224206919361,0.008,0.749407421142026,0.104,-30165.7131824548,62410.6607038833,158,6.61000000000001,TRUE,"",5,404,5100404,5300404
"DGMM",NA,0.879723923010619,0.031,0.381553194722892,0.467,-32080.8335820131,66247.8092582789,12,1.48000000000002,TRUE,"",5,405,5100405,5300405
"RDMM",4.86768773164238,0.940839873555959,0.015,0.788956570759731,0.088,-29905.792857847,61890.8200546677,213,8.45999999999998,TRUE,"",5,405,5100405,5300405
"DGMM",NA,0.929225071136304,0.018,0.415342941353293,0.476,-32011.0189276688,66108.1799495902,12,1.48999999999998,TRUE,"",5,406,5100406,5300406
"RDMM",4.95864509045465,0.960360355626486,0.01,0.765852114866747,0.096,-30118.7746516662,62316.7836423061,118,4.89000000000001,TRUE,"",5,406,5100406,5300406
"DGMM",NA,0.894810989693503,0.027,0.423491165666072,0.416,-32191.5095461709,66469.1611865944,21,2.58000000000001,TRUE,"",5,407,5100407,5300407
"RDMM",4.86172697812796,0.944728679084277,0.014,0.765951263217317,0.096,-30054.1538391718,62187.5420173172,166,6.63,TRUE,"",5,407,5100407,5300407
"DGMM",NA,0.857333490315512,0.037,0.501919053625884,0.249,-32148.421828871,66382.9857519947,16,1.97,TRUE,"",5,408,5100408,5300408
"RDMM",4.71768828003539,0.940840784611426,0.015,0.771431836570298,0.094,-30109.6450887646,62298.5245165028,184,7.36000000000001,TRUE,"",5,408,5100408,5300408
"DGMM",NA,0.968224193395482,0.008,0.587720505229106,0.194,-31542.0204119854,65170.1829182235,14,1.71999999999997,TRUE,"",5,409,5100409,5300409
"RDMM",5.08754126137419,0.956440399038085,0.011,0.798850029299824,0.081,-29681.3490786906,61441.9324963549,100,4.00999999999999,TRUE,"",5,409,5100409,5300409
"DGMM",NA,0.89481090567062,0.027,0.382846130269842,0.436,-32479.7278238586,67045.5977419699,15,1.81999999999999,TRUE,"",5,410,5100410,5300410
"RDMM",4.36930892242065,0.944728708791209,0.014,0.758386297146241,0.099,-29805.7322533363,61690.6988456463,100,4.10000000000002,TRUE,"",5,410,5100410,5300410
"DGMM",NA,0.948624575793517,0.013,0.708158370455702,0.123,-31530.3414380688,65146.8249703901,16,1.94,TRUE,"",5,411,5100411,5300411
"RDMM",5.4737239577876,0.956440401786792,0.011,0.797674769094677,0.082,-29848.8504772539,61776.9352934813,102,4.31,TRUE,"",5,411,5100411,5300411
"DGMM",NA,0.906210116982784,0.024,0.399614148590211,0.397,-32798.2710273101,67682.6841488727,20,2.52000000000004,TRUE,"",5,412,5100412,5300412
"RDMM",4.61159660756289,0.929225177477372,0.018,0.726537577967241,0.113,-30357.1497536125,62793.5338461986,100,4.03999999999996,TRUE,"",5,412,5100412,5300412
"DGMM",NA,0.695256672897098,0.083,0.315551956287837,0.457,-32635.1101953355,67356.3624849235,11,1.35999999999996,TRUE,"",5,413,5100413,5300413
"RDMM",4.77664692144726,0.917681717718247,0.021,0.757484522422417,0.099,-30054.9992287083,62189.2327963903,100,4.01000000000005,TRUE,"",5,413,5100413,5300413
"DGMM",NA,0.453771034371154,0.163,0.207486464707453,0.554,-32621.8345322364,67329.8111587255,31,3.81,TRUE,"",5,414,5100414,5300414
"RDMM",4.86830689516642,0.952528494109343,0.012,0.776318147613455,0.091,-30668.6545382887,63416.5434155511,149,5.90999999999997,TRUE,"",5,414,5100414,5300414
"DGMM",NA,0.872228487302506,0.033,0.346635181668694,0.466,-31895.6900791117,65877.5222524759,15,1.82999999999998,TRUE,"",5,415,5100415,5300415
"RDMM",4.89520142532701,0.944728681321713,0.014,0.786961131754282,0.086,-29928.1768766618,61935.5880922973,112,4.32999999999998,TRUE,"",5,415,5100415,5300415
"DGMM",NA,0.910026024078695,0.023,0.341975854125415,0.475,-32108.9149197582,66303.971933769,19,2.11000000000001,TRUE,"",5,416,5100416,5300416
"RDMM",4.90265656872377,0.913849867302226,0.022,0.749064137707768,0.102,-30087.3294804494,62253.8932998724,241,6.94,TRUE,"",5,416,5100416,5300416
"DGMM",NA,0.861045354921947,0.036,0.396883705153967,0.468,-32080.383521527,66246.9091373066,14,1.11000000000001,TRUE,"",5,417,5100417,5300417
"RDMM",4.89983695882452,0.964288257780329,0.009,0.770381579493645,0.094,-30080.7532485728,62240.7408361193,195,4.69,TRUE,"",5,417,5100417,5300417
"DGMM",NA,0.917681816961829,0.021,0.430154330313952,0.4,-31829.5450682361,65745.2322307248,19,1.22,TRUE,"",5,418,5100418,5300418
"RDMM",4.92492223145511,0.960360345944569,0.01,0.789972882373394,0.085,-29793.305687142,61665.8457132576,203,6.44,TRUE,"",5,418,5100418,5300418
"DGMM",NA,0.902402577781861,0.025,0.410075405459604,0.39,-31358.0432320898,64802.2285584322,14,1.79,TRUE,"",5,419,5100419,5300419
"RDMM",5.40844228050931,0.96036018045518,0.01,0.828196050575116,0.069,-29664.1742827442,61407.5829044619,100,4.18,TRUE,"",5,419,5100419,5300419
"DGMM",NA,0.857333452027208,0.037,0.372479563841799,0.461,-32564.7577488673,67215.6575919873,20,2.45,TRUE,"",5,420,5100420,5300420
"RDMM",4.67317921196224,0.948624590154745,0.013,0.759418226037425,0.099,-30416.6027960575,62912.4399310885,129,5.16,TRUE,"",5,420,5100420,5300420
"DGMM",NA,0.910025940507842,0.023,0.37208968948972,0.496,-32106.8001901889,66299.7424746304,17,2.06,TRUE,"",5,421,5100421,5300421
"RDMM",5.01944040828524,0.948624578175524,0.013,0.797720953718262,0.082,-30227.9819395717,62535.1982181171,100,4.03,TRUE,"",5,421,5100421,5300421
"DGMM",NA,0.853630083698574,0.038,0.361765520170039,0.447,-31887.3570662953,65860.8562268431,15,1.81,TRUE,"",5,422,5100422,5300422
"RDMM",4.85766827212093,0.933088598387375,0.017,0.781379201862058,0.088,-29922.9964704492,61925.227279872,129,5.42,TRUE,"",5,422,5100422,5300422
"DGMM",NA,0.960360326904828,0.01,0.415719365189511,0.411,-32081.915842558,66249.9737793686,20,2.39,TRUE,"",5,423,5100423,5300423
"RDMM",4.68935368979551,0.964288260720857,0.009,0.78075690047308,0.09,-29945.9970811642,61971.228501302,105,4.34,TRUE,"",5,423,5100423,5300423
"DGMM",NA,0.913849806910841,0.022,0.592605028160609,0.183,-31816.1164854924,65718.3750652374,13,1.62,TRUE,"",5,424,5100424,5300424
"RDMM",4.72467911213982,0.944728680679281,0.014,0.754836645626379,0.101,-29859.4657975867,61798.1659341471,110,4.38,TRUE,"",5,424,5100424,5300424
"DGMM",NA,0.917681619276823,0.021,0.390977158474205,0.47,-32533.8886690319,67153.9194323163,13,1.69,TRUE,"",5,425,5100425,5300425
"RDMM",4.8283537855853,0.921521346791413,0.02,0.714156974904763,0.119,-30298.0481055758,62675.3305501252,139,5.57,TRUE,"",5,425,5100425,5300425
"DGMM",NA,0.960360246207516,0.01,0.450942464437012,0.45,-31831.934050916,65750.0101960845,24,2.94,TRUE,"",5,426,5100426,5300426
"RDMM",5.23674890657758,0.944728604118993,0.014,0.808562727794707,0.077,-30050.8030119727,62180.8403629191,100,4.06,TRUE,"",5,426,5100426,5300426
"DGMM",NA,0.933089032610389,0.017,0.428724630758345,0.389,-31530.0480360256,65146.2381663037,15,1.94,TRUE,"",5,427,5100427,5300427
"RDMM",4.99662432637303,0.944728680679281,0.014,0.758599480410538,0.099,-29629.4605255782,61338.15539013,165,6.5,TRUE,"",5,427,5100427,5300427
"DGMM",NA,0.817033021593025,0.048,0.382924489025715,0.46,-31938.8142065952,65963.7705074431,19,2.31999999999999,TRUE,"",5,428,5100428,5300428
"RDMM",4.95228423263292,0.940840840983107,0.015,0.817374425579459,0.073,-30023.2614417229,62125.7572224195,100,4.02000000000001,TRUE,"",5,428,5100428,5300428
"DGMM",NA,0.925369394071926,0.019,0.528049084870141,0.222,-31893.8068746848,65873.7558436223,12,1.51000000000001,TRUE,"",5,429,5100429,5300429
"RDMM",5.01610298753241,0.936960950810042,0.016,0.737575086690099,0.108,-29828.8228901106,61736.8801191949,119,4.83,TRUE,"",5,429,5100429,5300429
"DGMM",NA,0.940839703877357,0.015,0.426065682407707,0.467,-32624.6832523922,67335.5085990369,21,3.03,TRUE,"",5,430,5100430,5300430
"RDMM",4.60324055163315,0.952527923010711,0.012,0.74490916033857,0.105,-30378.3369708041,62835.9082805818,176,7.06,TRUE,"",5,430,5100430,5300430
"DGMM",NA,0.925368769886463,0.019,0.434394377505261,0.385,-31349.9408898896,64786.0238740318,17,2.57000000000001,TRUE,"",5,431,5100431,5300431
"RDMM",5.04876231177826,0.952527807274618,0.012,0.78671305020575,0.085,-29563.2633707921,61205.7610805577,156,6.33,TRUE,"",5,431,5100431,5300431
"DGMM",NA,0.929225236243951,0.018,0.407597064493657,0.371,-31730.1182741217,65546.378642496,20,2.69,TRUE,"",5,432,5100432,5300432
"RDMM",5.05390309794346,0.964288254929115,0.009,0.751681367003725,0.103,-29866.213618109,61811.6615751917,100,4.14999999999999,TRUE,"",5,432,5100432,5300432
"DGMM",NA,0.929225206343267,0.018,0.43597389402499,0.447,-31437.1446359899,64960.4313662324,19,2.33999999999999,TRUE,"",5,433,5100433,5300433
"RDMM",5.30222946383506,0.948624608686944,0.013,0.805409994759676,0.078,-29657.1702624772,61393.5748639281,220,8.89,TRUE,"",5,433,5100433,5300433
"DGMM",NA,0.933089074420727,0.017,0.366097870399351,0.491,-32135.7994270873,66357.7409484273,15,1.92,TRUE,"",5,434,5100434,5300434
"RDMM",4.75949773758798,0.972168160174916,0.007,0.812817687560191,0.075,-29990.8407107593,62060.9157604922,100,4.11,TRUE,"",5,434,5100434,5300434
"DGMM",NA,0.921521520962894,0.02,0.411586074495279,0.418,-32227.2021583333,66540.5464109193,16,1.91,TRUE,"",5,435,5100435,5300435
"RDMM",5.03930709997903,0.933089089249997,0.017,0.755539082295925,0.1,-30059.7855774149,62198.8054938034,103,4.10999999999999,TRUE,"",5,435,5100435,5300435
"DGMM",NA,0.933089056707979,0.017,0.398339770340934,0.447,-32439.3485284287,66964.8391511099,19,2.44,TRUE,"",5,436,5100436,5300436
"RDMM",4.66873307565166,0.956440440277027,0.011,0.799987856027531,0.081,-30242.4748491735,62564.1840373207,163,6.56,TRUE,"",5,436,5100436,5300436
"DGMM",NA,0.925368932897414,0.019,0.462219342224774,0.475,-31714.1469458684,65514.4359859894,39,4.64000000000001,TRUE,"",5,437,5100437,5300437
"RDMM",4.9655591974188,0.940840692737383,0.015,0.788494800088666,0.085,-29595.9400876366,61271.1145142469,187,7.45000000000002,TRUE,"",5,437,5100437,5300437
"DGMM",NA,0.929225202854171,0.018,0.765691340073822,0.095,-31615.4721497203,65317.0863936932,28,3.63999999999999,TRUE,"",5,438,5100438,5300438
"RDMM",5.10106951202777,0.940840832697513,0.015,0.788309645881477,0.085,-29905.6969853298,61890.6283096331,137,5.52000000000001,TRUE,"",5,438,5100438,5300438
"DGMM",NA,0.921521644192977,0.02,0.625988075938998,0.163,-32146.7522141325,66379.6465225175,19,2.31999999999999,TRUE,"",5,439,5100439,5300439
"RDMM",4.67655945425553,0.956440270217218,0.011,0.773187551939908,0.092,-29978.8063445384,62036.8470280505,100,4.06999999999999,TRUE,"",5,439,5100439,5300439
"DGMM",NA,0.883483530136725,0.03,0.572347564859302,0.194,-31678.4761001752,65443.094294603,14,1.75,TRUE,"",5,440,5100440,5300440
"RDMM",5.32875230429106,0.960360331619644,0.01,0.75919247166449,0.099,-29903.2755436057,61885.7854261851,100,4.01999999999998,TRUE,"",5,440,5100440,5300440
"DGMM",NA,0.81341794620015,0.049,0.36856897992011,0.423,-32262.180246326,66610.5025869047,12,1.5,TRUE,"",5,441,5100441,5300441
"RDMM",4.91327602393667,0.956440415183938,0.011,0.815974028330521,0.074,-29857.5201148835,61794.2745687407,189,7.65000000000001,TRUE,"",5,441,5100441,5300441
"DGMM",NA,0.633246273916692,0.102,0.270359132629674,0.514,-32146.9329679034,66380.0080300594,18,2.19,TRUE,"",5,442,5100442,5300442
"RDMM",4.69591758529472,0.944728733186756,0.014,0.757769160358627,0.099,-30008.0597149639,62095.3537689014,149,5.91999999999999,TRUE,"",5,442,5100442,5300442
"DGMM",NA,0.936960252244318,0.016,0.442862846503779,0.377,-31843.9517768191,65774.0456478908,20,2.44999999999999,TRUE,"",5,443,5100443,5300443
"RDMM",5.01151158533194,0.952527825175402,0.012,0.797875329208943,0.082,-29772.476948208,61624.1882353897,100,4.06999999999999,TRUE,"",5,443,5100443,5300443
"DGMM",NA,0.861045269519922,0.036,0.388610212037009,0.446,-32110.001636627,66306.1453675067,24,2.91999999999999,TRUE,"",5,444,5100444,5300444
"RDMM",4.409668310721,0.936960969147184,0.016,0.776974113733922,0.09,-30021.5701869297,62122.3747128331,100,4.01000000000002,TRUE,"",5,444,5100444,5300444
"DGMM",NA,0.921521451032443,0.02,0.411176167858597,0.5,-32541.3205143591,67168.7831229708,20,2.39000000000001,TRUE,"",5,445,5100445,5300445
"RDMM",4.79173433754096,0.940840788344503,0.015,0.741904924930638,0.107,-30357.3164557127,62793.8672503991,166,6.72999999999999,TRUE,"",5,445,5100445,5300445
"DGMM",NA,0.913849805514484,0.022,0.409229059341521,0.374,-32317.5563371541,66721.2547685607,21,2.75,TRUE,"",5,446,5100446,5300446
"RDMM",5.01507582146113,0.968224203946829,0.008,0.774461200985299,0.093,-30330.1607560909,62739.5558511554,160,6.69999999999999,TRUE,"",5,446,5100446,5300446
"DGMM",NA,0.642847086475455,0.099,0.263095304225698,0.445,-33427.8804391459,68941.9029725444,8,1.07999999999998,TRUE,"",5,447,5100447,5300447
"RDMM",4.32468121439289,0.944728721551223,0.014,0.77882079103611,0.089,-30453.9942853114,62987.2229095965,180,7.22,TRUE,"",5,447,5100447,5300447
"DGMM",NA,0.913849819739097,0.022,0.417242259624514,0.429,-32005.5544781309,66097.2510505145,16,1.97,TRUE,"",5,448,5100448,5300448
"RDMM",5.39213199255825,0.948624590382073,0.013,0.749411338067074,0.103,-30242.9247576336,62565.0838542408,244,9.86000000000001,TRUE,"",5,448,5100448,5300448
"DGMM",NA,0.940840801148496,0.015,0.708678937318508,0.123,-31756.0892772459,65598.3206487443,25,3.05000000000001,TRUE,"",5,449,5100449,5300449
"RDMM",4.97928997685881,0.964288260720857,0.009,0.804766485225142,0.079,-29803.0771595278,61685.3886580292,124,5,TRUE,"",5,449,5100449,5300449
"DGMM",NA,0.898602618388879,0.026,0.446761922668237,0.308,-32483.611864188,67053.3658226287,26,3.16999999999999,TRUE,"",5,450,5100450,5300450
"RDMM",4.76317670670536,0.9215215160749,0.02,0.78109105447133,0.088,-30054.5432966784,62188.3209323304,118,4.74000000000001,TRUE,"",5,450,5100450,5300450
"DGMM",NA,0.883483492403175,0.03,0.455146949427065,0.295,-32353.0739504623,66792.2899951771,16,1.94999999999999,TRUE,"",5,451,5100451,5300451
"RDMM",4.86813933563101,0.952528474017192,0.012,0.672949934134448,0.142,-30338.0581867222,62755.3507124181,109,4.44,TRUE,"",5,451,5100451,5300451
"DGMM",NA,0.917681564687341,0.021,0.417422133046657,0.454,-32051.2851089149,66188.7123120824,30,3.58000000000004,TRUE,"",5,452,5100452,5300452
"RDMM",4.8215676726043,0.944728672106135,0.014,0.748623617199956,0.103,-29828.9156310653,61737.0656011042,190,7.66999999999996,TRUE,"",5,452,5100452,5300452
"DGMM",NA,0.952528487259748,0.012,0.447278541666893,0.491,-31856.8479099009,65799.8379140544,15,1.91999999999996,TRUE,"",5,453,5100453,5300453
"RDMM",5.00578860106667,0.964288260720857,0.009,0.753004849077526,0.102,-29926.8495728537,61932.9334846811,300,12.04,TRUE,"",5,453,5100453,5300453
"DGMM",NA,0.933089033764637,0.017,0.720175288152966,0.117,-31802.1372389773,65690.4165722072,16,1.94,TRUE,"",5,454,5100454,5300454
"RDMM",4.85551027902073,0.960360322224328,0.01,0.78338646709122,0.088,-29810.8056394798,61700.8456179333,100,4.08000000000004,TRUE,"",5,454,5100454,5300454
"DGMM",NA,0.933089025491814,0.017,0.593756447915247,0.184,-32306.5161523763,66699.1743990053,15,1.84999999999997,TRUE,"",5,455,5100455,5300455
"RDMM",4.91472090640494,0.929225163697984,0.018,0.757824061966945,0.099,-30214.1821176623,62507.5985742982,100,3.86000000000001,TRUE,"",5,455,5100455,5300455
"DGMM",NA,0.917681715817836,0.021,0.589870043946422,0.186,-32016.415512373,66118.9731189987,12,1.55000000000001,TRUE,"",5,456,5100456,5300456
"RDMM",5.34563135905137,0.929225225592857,0.018,0.746419149991464,0.105,-30253.0971842298,62585.4287074332,100,3.75,TRUE,"",5,456,5100456,5300456
"DGMM",NA,0.906210229210232,0.024,0.389256672195662,0.449,-32532.5696089487,67151.28131215,18,2,TRUE,"",5,457,5100457,5300457
"RDMM",4.72420114926116,0.940840846525805,0.015,0.750462028232218,0.104,-30398.5435580577,62876.3214550891,181,5.30000000000001,TRUE,"",5,457,5100457,5300457
"DGMM",NA,0.929225188778645,0.018,0.414298813146282,0.482,-31942.5031219572,65971.148338167,23,1.80000000000001,TRUE,"",5,458,5100458,5300458
"RDMM",5.25958489038434,0.964288280459486,0.009,0.783587459455746,0.088,-30029.0020772238,62137.2384934213,144,3.62,TRUE,"",5,458,5100458,5300458
"DGMM",NA,0.944728682080226,0.014,0.439941032755985,0.424,-31534.9476568022,65156.0374078569,17,1.12,TRUE,"",5,459,5100459,5300459
"RDMM",5.16664236268643,0.964288254345131,0.009,0.781316756008001,0.089,-29684.3813915031,61447.9971219797,148,3.69,TRUE,"",5,459,5100459,5300459
"DGMM",NA,0.921521482406232,0.02,0.428126468232971,0.464,-31960.4862195767,66007.1145334059,20,2.42,TRUE,"",5,460,5100460,5300460
"RDMM",4.86643739609038,0.940840787354327,0.015,0.764157896675887,0.096,-29791.654048514,61662.5424360016,251,10.18,TRUE,"",5,460,5100460,5300460
"DGMM",NA,0.568094317735351,0.123,0.26739400243978,0.511,-31847.9298051486,65782.0017045497,24,2.94,TRUE,"",5,461,5100461,5300461
"RDMM",5.0048379143548,0.913849827363123,0.022,0.634471372535696,0.166,-29874.9976170183,61829.2295730103,119,4.78,TRUE,"",5,461,5100461,5300461
"DGMM",NA,0.864764777760342,0.035,0.424178082633008,0.304,-32170.2197759397,66426.5816461319,14,1.74,TRUE,"",5,462,5100462,5300462
"RDMM",5.06194721804501,0.960360359073464,0.01,0.788388879603023,0.086,-30089.5746644226,62258.3836678188,100,4.06,TRUE,"",5,462,5100462,5300462
"DGMM",NA,0.956440440779838,0.011,0.443200326174535,0.438,-31729.1702093776,65544.4825130078,27,3.36,TRUE,"",5,463,5100463,5300463
"RDMM",5.17467418879791,0.956440440779838,0.011,0.520317539260931,0.313,-29916.2202978005,61911.6749345747,100,4.15,TRUE,"",5,463,5100463,5300463
"DGMM",NA,0.497969525947342,0.147,0.226590328131743,0.519,-32497.5028989127,67081.147892078,31,3.69,TRUE,"",5,464,5100464,5300464
"RDMM",4.72767844498956,0.956440411214517,0.011,0.783028533589688,0.088,-30357.9676645146,62795.1696680029,107,4.33,TRUE,"",5,464,5100464,5300464
"DGMM",NA,0.940840801410267,0.015,0.42888877095663,0.383,-31920.2178953979,65926.5778850484,15,1.79,TRUE,"",5,465,5100465,5300465
"RDMM",4.93167968216646,0.956440399038085,0.011,0.759056330151114,0.099,-30115.1254126299,62309.4851642335,100,4.06,TRUE,"",5,465,5100465,5300465
"DGMM",NA,0.898602565727298,0.026,0.426437916981203,0.485,-31890.6773291443,65867.4967525413,19,2.26,TRUE,"",5,466,5100466,5300466
"RDMM",4.78491186836842,0.940840832697513,0.015,0.777911082957035,0.09,-29833.1091676604,61745.4526742944,232,9.39999999999999,TRUE,"",5,466,5100466,5300466
"DGMM",NA,0.94862445655449,0.013,0.684173809750984,0.138,-31737.5192146935,65561.1805236396,15,1.81,TRUE,"",5,467,5100467,5300467
"RDMM",5.21537206474409,0.956440297939077,0.011,0.807949651346158,0.078,-29990.3477302787,62059.929799531,100,4.05999999999999,TRUE,"",5,467,5100467,5300467
"DGMM",NA,0.91384987499254,0.022,0.428543134846074,0.421,-31805.115639222,65696.3733726965,21,2.52,TRUE,"",5,468,5100468,5300468
"RDMM",5.005722092891,0.952528528190616,0.012,0.819043101108143,0.072,-29855.1756822143,61789.5857034023,100,4.09,TRUE,"",5,468,5100468,5300468
"DGMM",NA,0.868492489532391,0.034,0.367766745688708,0.452,-32901.1392119712,67888.420518195,12,1.5,TRUE,"",5,469,5100469,5300469
"RDMM",4.55532505605552,0.940840841301784,0.015,0.731613802279279,0.111,-30481.688773605,63042.6118861836,140,5.62,TRUE,"",5,469,5100469,5300469
"DGMM",NA,0.81341894729377,0.049,0.405656946943702,0.507,-32723.3403350993,67532.8227644512,28,3.81,TRUE,"",5,470,5100470,5300470
"RDMM",4.43418482968393,0.9215214435136,0.02,0.734749402290512,0.11,-30324.9909447721,62729.2162285179,125,5.08000000000001,TRUE,"",5,470,5100470,5300470
"DGMM",NA,0.879723790260746,0.031,0.393410146581366,0.435,-32605.7608270621,67297.6637483769,15,1.95,TRUE,"",5,471,5100471,5300471
"RDMM",4.81351432848623,0.92922522880963,0.018,0.740967304378486,0.107,-30282.4164738061,62644.0672865859,115,5.06,TRUE,"",5,471,5100471,5300471
"DGMM",NA,0.956440403228186,0.011,0.72815382806661,0.114,-31477.5925410916,65041.3271764357,23,2.83000000000001,TRUE,"",5,472,5100472,5300472
"RDMM",5.05986106870913,0.96036033125677,0.01,0.772866708412139,0.093,-29916.1433382747,61911.521015523,100,4.38,TRUE,"",5,472,5100472,5300472
"DGMM",NA,0.933089035184919,0.017,0.377370504470304,0.457,-32592.3150160877,67270.772126428,12,1.47,TRUE,"",5,473,5100473,5300473
"RDMM",4.38509183663939,0.948624573352206,0.013,0.754490069545494,0.101,-30205.3151594335,62489.8646578406,253,10.06,TRUE,"",5,473,5100473,5300473
"DGMM",NA,0.940840803333711,0.015,0.743729733884239,0.106,-32035.491994693,66157.1260836387,16,2,TRUE,"",5,474,5100474,5300474
"RDMM",5.0789491625817,0.921521490313842,0.02,0.768877212839653,0.094,-30309.0603627696,62697.3550645128,100,4.15000000000001,TRUE,"",5,474,5100474,5300474
"DGMM",NA,0.846247230694354,0.04,0.386230327317647,0.391,-31825.4761560474,65737.0944063474,16,1.97,TRUE,"",5,475,5100475,5300475
"RDMM",4.86984433661003,0.929225167782784,0.018,0.769964682927976,0.094,-29729.4061655748,61538.0466701232,104,4.17,TRUE,"",5,475,5100475,5300475
"DGMM",NA,0.952528504098332,0.012,0.632256367344692,0.163,-31894.6009796391,65875.3440535309,17,2.09999999999999,TRUE,"",5,476,5100476,5300476
"RDMM",5.17597864854889,0.960360339960652,0.01,0.736576468433778,0.11,-30148.2695480593,62375.7734350922,100,4.10999999999999,TRUE,"",5,476,5100476,5300476
"DGMM",NA,0.887251588427863,0.029,0.412507522824673,0.446,-31963.1151993764,66012.3724930054,18,2.15000000000001,TRUE,"",5,477,5100477,5300477
"RDMM",4.88966875015378,0.940840784611426,0.015,0.714712679583773,0.119,-30007.6222645448,62094.4788680631,122,4.91,TRUE,"",5,477,5100477,5300477
"DGMM",NA,0.921520201646764,0.02,0.419844013077266,0.453,-32361.9548831679,66810.0518605884,20,2.44,TRUE,"",5,478,5100478,5300478
"RDMM",4.89813031683717,0.968223971621481,0.008,0.773780186315619,0.093,-30191.7908147922,62462.815968558,210,8.32999999999998,TRUE,"",5,478,5100478,5300478
"DGMM",NA,0.883483901622215,0.03,0.391745723960097,0.409,-32600.9971821616,67288.1364585758,18,2.5,TRUE,"",5,479,5100479,5300479
"RDMM",4.82261137671382,0.948624589196012,0.013,0.734857752160164,0.11,-30406.7716462317,62892.7776314371,125,4.91,TRUE,"",5,479,5100479,5300479
"DGMM",NA,0.649296784887006,0.097,0.306066171150322,0.421,-32102.1776652644,66290.4974247813,17,2.11999999999998,TRUE,"",5,480,5100480,5300480
"RDMM",5.12906723499555,0.929225157135072,0.018,0.741961256727067,0.106,-30287.3387792708,62653.9118975152,121,4.78,TRUE,"",5,480,5100480,5300480
"DGMM",NA,0.921521423584131,0.02,0.432080655136407,0.502,-32089.8758074819,66265.8937092164,19,2.35999999999999,TRUE,"",5,481,5100481,5300481
"RDMM",4.95918275009607,0.944728701286723,0.014,0.79091713609957,0.085,-30091.825807686,62262.8859543456,197,7.89000000000001,TRUE,"",5,481,5100481,5300481
"DGMM",NA,0.894810813249342,0.027,0.403960274376624,0.424,-32413.091114243,66912.3243227386,13,1.61000000000001,TRUE,"",5,482,5100482,5300482
"RDMM",4.73952238151446,0.917681682703154,0.021,0.675015660123488,0.14,-30208.4422977999,62496.1189345734,100,4.09,TRUE,"",5,482,5100482,5300482
"DGMM",NA,0.898602593765797,0.026,0.374419089738302,0.4,-32653.1672059353,67392.4765061233,15,1.84,TRUE,"",5,483,5100483,5300483
"RDMM",4.4303642216753,0.92536936593068,0.019,0.792981386092606,0.084,-30535.9565108983,63151.1473607703,100,4.07000000000002,TRUE,"",5,483,5100483,5300483
"DGMM",NA,0.898602583817074,0.026,0.410739700106455,0.465,-31991.9145947592,66069.9712837711,13,1.60999999999999,TRUE,"",5,484,5100484,5300484
"RDMM",5.11257688219423,0.93696095801392,0.016,0.73141366880677,0.113,-29867.3943013646,61814.0229417029,156,6.27000000000001,TRUE,"",5,484,5100484,5300484
"DGMM",NA,0.91768169930009,0.021,0.426844125407229,0.434,-32343.3646467351,66772.8713877229,14,1.72999999999999,TRUE,"",5,485,5100485,5300485
"RDMM",5.04363759380518,0.93696095588247,0.016,0.603092691705811,0.183,-30331.0851793734,62741.4046977203,100,4.02000000000001,TRUE,"",5,485,5100485,5300485
"DGMM",NA,0.936960143868221,0.016,0.6732182931644,0.14,-31840.892051886,65767.9261980246,17,2.06,TRUE,"",5,486,5100486,5300486
"RDMM",5.47591514875748,0.960360052898304,0.01,0.790763952643807,0.084,-29864.3381671341,61807.9106732418,100,3.98000000000002,TRUE,"",5,486,5100486,5300486
"DGMM",NA,0.906210329352669,0.024,0.429188468522149,0.475,-31468.8389023183,65023.8198988892,20,2.5,TRUE,"",5,487,5100487,5300487
"RDMM",5.28372526957498,0.944728704006202,0.014,0.725698840483387,0.115,-29604.7773139561,61288.7889668858,113,4.76999999999998,TRUE,"",5,487,5100487,5300487
"DGMM",NA,0.864765115670482,0.035,0.412682210373007,0.393,-32665.5381488482,67417.218391949,18,2.28999999999999,TRUE,"",5,488,5100488,5300488
"RDMM",4.68927849761563,0.956440408097083,0.011,0.70767683226118,0.126,-30589.7338520885,63258.7020431506,106,4.44999999999999,TRUE,"",5,488,5100488,5300488
"DGMM",NA,0.936960919798378,0.016,0.687049127286405,0.134,-31850.417794019,65786.9776822905,20,2.5,TRUE,"",5,489,5100489,5300489
"RDMM",4.87229051124891,0.940840784611426,0.015,0.758899595322815,0.099,-29894.3272485299,61867.8888360335,100,4,TRUE,"",5,489,5100489,5300489
"DGMM",NA,0.92922518994962,0.018,0.596555851950202,0.182,-32273.2809008467,66632.7038959461,11,1.39000000000001,TRUE,"",5,490,5100490,5300490
"RDMM",5.23489977633313,0.952528484325076,0.012,0.767179731570124,0.096,-30360.1824962359,62799.5993314455,174,6.99000000000001,TRUE,"",5,490,5100490,5300490
"DGMM",NA,0.933089077445796,0.017,0.710827697929052,0.121,-31827.7948915854,65741.7318774234,18,2.28,TRUE,"",5,491,5100491,5300491
"RDMM",4.90030094539115,0.944728692928908,0.014,0.781052654359375,0.089,-29991.5237024097,62062.281743793,100,4.03,TRUE,"",5,491,5100491,5300491
"DGMM",NA,0.940840840618905,0.015,0.435134649453561,0.478,-31732.3573829916,65550.8568602358,18,2.22,TRUE,"",5,492,5100492,5300492
"RDMM",5.12738550451507,0.976120117268319,0.006,0.791844507749256,0.084,-29762.6760025078,61604.5863439892,209,8.36000000000001,TRUE,"",5,492,5100492,5300492
"DGMM",NA,0.9253692605444,0.019,0.428324952708544,0.474,-32174.3810355655,66434.9041653837,22,2.62,TRUE,"",5,493,5100493,5300493
"RDMM",4.99855218831178,0.948624416425847,0.013,0.742611494697657,0.106,-30255.0168019174,62589.2679428084,300,11.9,TRUE,"",5,493,5100493,5300493
"DGMM",NA,0.864765142337941,0.035,0.487896621190759,0.25,-31684.0036896852,65454.149473623,15,1.82999999999998,TRUE,"",5,494,5100494,5300494
"RDMM",5.36210981782834,0.964286916306067,0.009,0.82833886293082,0.068,-29548.0731311873,61175.3806013482,100,4.06,TRUE,"",5,494,5100494,5300494
"DGMM",NA,0.93308909053726,0.017,0.609660992830886,0.174,-32082.992839524,66252.1277733006,17,2.20999999999998,TRUE,"",5,495,5100495,5300495
"RDMM",4.60029668522762,0.948624623680719,0.013,0.773741263669869,0.092,-30112.9772472685,62305.1888335107,114,4.68000000000001,TRUE,"",5,495,5100495,5300495
"DGMM",NA,0.82065660878388,0.047,0.36212274381453,0.473,-33083.9960376709,68254.1341695944,17,2.08999999999997,TRUE,"",5,496,5100496,5300496
"RDMM",4.65557350360462,0.936960925487305,0.016,0.568078244167734,0.252,-30956.7522910984,63992.7389211703,100,4.07999999999998,TRUE,"",5,496,5100496,5300496
"DGMM",NA,0.933089096870591,0.017,0.42423138844182,0.452,-31833.1118855319,65752.3658653164,23,2.75999999999999,TRUE,"",5,497,5100497,5300497
"RDMM",4.93663139589594,0.944728719828622,0.014,0.766395886162816,0.095,-29923.2091696368,61925.6526782473,101,4.07999999999998,TRUE,"",5,497,5100497,5300497
"DGMM",NA,0.93696092599667,0.016,0.638270330494153,0.163,-32001.5048617707,66089.1518177939,16,2.05000000000001,TRUE,"",5,498,5100498,5300498
"RDMM",5.42368646288621,0.960360338374431,0.01,0.839199639591693,0.064,-29980.2499258327,62039.734190639,155,6.07999999999998,TRUE,"",5,498,5100498,5300498
"DGMM",NA,0.894810875558341,0.027,0.414937587980589,0.396,-32228.8051812903,66543.7524568332,15,1.75999999999999,TRUE,"",5,499,5100499,5300499
"RDMM",4.66949020227479,0.929225216034441,0.018,0.617188666706509,0.175,-30269.7225155387,62618.679370051,100,3.69,TRUE,"",5,499,5100499,5300499
"DGMM",NA,0.846246982041515,0.04,0.400750066452178,0.444,-32370.8992662711,66827.9406267947,19,1.93000000000001,TRUE,"",5,500,5100500,5300500
"RDMM",4.93062331028604,0.944728681321713,0.014,0.774074102487655,0.092,-30065.4870096966,62210.2083583669,130,3.55000000000001,TRUE,"",5,500,5100500,5300500
"DGMM",NA,0.917681517836723,0.021,0.565059168826928,0.208,-31367.7347934502,64821.611681153,17,1.19,TRUE,"",5.5,1,5600001,5800001
"RDMM",5.49638868825271,0.964288271885242,0.009,0.766063248597807,0.096,-29768.0784375625,61615.3912140986,100,4.2,TRUE,"",5.5,1,5600001,5800001
"DGMM",NA,0.917681665646944,0.021,0.433237724616508,0.498,-31499.5162831169,65085.1746604863,22,2.8,TRUE,"",5.5,2,5600002,5800002
"RDMM",5.42674222889655,0.964288258144459,0.009,0.763937109260241,0.097,-29855.6501392039,61790.5346173815,197,7.92,TRUE,"",5.5,2,5600002,5800002
"DGMM",NA,0.89102726025903,0.028,0.414544163263116,0.452,-31371.345381287,64828.8328568266,22,2.66,TRUE,"",5.5,3,5600003,5800003
"RDMM",5.36571826678545,0.960360321276788,0.01,0.777961469832701,0.091,-29801.9398034232,61683.11394582,260,10.38,TRUE,"",5.5,3,5600003,5800003
"DGMM",NA,0.972168145155765,0.007,0.451951000083841,0.429,-31075.6940162559,64237.5301267644,19,2.35,TRUE,"",5.5,4,5600004,5800004
"RDMM",5.24392014286271,0.976120100948839,0.006,0.818043753265028,0.073,-29353.4854113906,60786.2051617548,150,6.07,TRUE,"",5.5,4,5600004,5800004
"DGMM",NA,0.89860261686731,0.026,0.487767134545224,0.266,-32177.958224976,66442.0585442047,15,1.81,TRUE,"",5.5,5,5600005,5800005
"RDMM",5.3824023174568,0.948624607471232,0.013,0.814875367645651,0.074,-30123.2858036991,62325.8059463718,100,4.03,TRUE,"",5.5,5,5600005,5800005
"DGMM",NA,0.972168144675652,0.007,0.445483731979687,0.465,-31483.2611914378,65052.6644771282,13,1.58,TRUE,"",5.5,6,5600006,5800006
"RDMM",5.25348316274045,0.964288258144459,0.009,0.544705943587563,0.267,-29803.7408608283,61686.7160606302,100,4.03,TRUE,"",5.5,6,5600006,5800006
"DGMM",NA,0.902402504554606,0.025,0.409780152776214,0.443,-31957.560895789,66001.2638858306,14,1.79,TRUE,"",5.5,7,5600007,5800007
"RDMM",5.22771910911633,0.948624578175524,0.013,0.78100022097397,0.089,-30166.5037535409,62412.2418460554,241,9.73,TRUE,"",5.5,7,5600007,5800007
"DGMM",NA,0.913849797331082,0.022,0.398713188291834,0.364,-31722.088369279,65530.3188328105,12,1.5,TRUE,"",5.5,8,5600008,5800008
"RDMM",5.10382471059305,0.952528511936547,0.012,0.780413738070991,0.089,-29818.4758270354,61716.1859930445,120,5,TRUE,"",5.5,8,5600008,5800008
"DGMM",NA,0.964288236214148,0.009,0.554397934661675,0.237,-31689.6878887985,65465.5178718496,21,2.56,TRUE,"",5.5,9,5600009,5800009
"RDMM",5.42510620530138,0.98008006019497,0.005,0.832416282222792,0.067,-29818.8390722745,61716.9124835227,219,8.66,TRUE,"",5.5,9,5600009,5800009
"DGMM",NA,0.944728716957619,0.014,0.74924172408566,0.103,-31133.3920172283,64352.9261287092,24,2.93000000000001,TRUE,"",5.5,10,5600010,5800010
"RDMM",5.50663184508689,0.956440411407262,0.011,0.807498884775123,0.077,-29672.9350324302,61425.1044038339,100,3.97,TRUE,"",5.5,10,5600010,5800010
"DGMM",NA,0.929225175840049,0.018,0.440976893866443,0.423,-31815.9396617969,65718.0214178464,17,2.11,TRUE,"",5.5,11,5600011,5800011
"RDMM",5.80808457457249,0.960360338374431,0.01,0.772911151202974,0.094,-30114.2949549363,62307.8242488462,170,6.83,TRUE,"",5.5,11,5600011,5800011
"DGMM",NA,0.944728735679388,0.014,0.466005424803765,0.293,-31655.3101545993,65396.7624034513,12,1.53,TRUE,"",5.5,12,5600012,5800012
"RDMM",5.67856521858723,0.944728723656625,0.014,0.802846442573912,0.079,-29896.1013228434,61871.4369846604,106,4.44,TRUE,"",5.5,12,5600012,5800012
"DGMM",NA,0.902402305257001,0.025,0.40696580646535,0.399,-31870.9213109859,65827.9847162245,13,1.68000000000001,TRUE,"",5.5,13,5600013,5800013
"RDMM",5.40524470596456,0.952528524360937,0.012,0.783501033531678,0.088,-30253.3015740659,62585.8374871054,200,8.05,TRUE,"",5.5,13,5600013,5800013
"DGMM",NA,0.948624171353131,0.013,0.609484339021501,0.183,-31723.1762682765,65532.4946308056,16,1.98,TRUE,"",5.5,14,5600014,5800014
"RDMM",5.44997730949455,0.948624003047755,0.013,0.78704139542454,0.086,-29936.1948388842,61951.624016742,251,9.97999999999999,TRUE,"",5.5,14,5600014,5800014
"DGMM",NA,0.630065805620793,0.103,0.286241702664044,0.427,-31898.729977869,65883.6020499906,10,1.47000000000001,TRUE,"",5.5,15,5600015,5800015
"RDMM",5.2431834093562,0.948624625262132,0.013,0.754814153328019,0.101,-29641.9954207064,61363.2251803864,100,4,TRUE,"",5.5,15,5600015,5800015
"DGMM",NA,0.753177245697875,0.066,0.502447126830146,0.228,-31803.5059390709,65693.1539723943,6,0.819999999999993,TRUE,"",5.5,16,5600016,5800016
"RDMM",5.58238066461584,0.964288261359804,0.009,0.792695342632162,0.084,-29741.6601374298,61562.5546138332,100,4.06999999999999,TRUE,"",5.5,16,5600016,5800016
"DGMM",NA,0.906210304601268,0.024,0.654809274246743,0.149,-30951.8529407513,63989.8479757553,14,1.66999999999999,TRUE,"",5.5,17,5600017,5800017
"RDMM",5.87396660428385,0.952528469286401,0.012,0.794361982289548,0.083,-29521.9003744957,61123.0350879649,100,4.03999999999999,TRUE,"",5.5,17,5600017,5800017
"DGMM",NA,0.948624649487387,0.013,0.450963687242293,0.455,-31479.1573323786,65044.4567590098,25,3.06,TRUE,"",5.5,18,5600018,5800018
"RDMM",5.86918287383121,0.952528547280399,0.012,0.78244516093469,0.089,-30062.3881978417,62204.0107346571,149,7.90000000000001,TRUE,"",5.5,18,5600018,5800018
"DGMM",NA,0.921521477359704,0.02,0.716076045591043,0.118,-31399.4122502848,64884.9665948223,22,2.72999999999999,TRUE,"",5.5,19,5600019,5800019
"RDMM",5.61540272658513,0.960360328536806,0.01,0.793508904376108,0.084,-29784.8673819476,61648.9691028689,100,4,TRUE,"",5.5,19,5600019,5800019
"DGMM",NA,0.887251233909198,0.029,0.378559796993816,0.408,-31948.3898732651,65982.9218407827,15,2.02000000000001,TRUE,"",5.5,20,5600020,5800020
"RDMM",5.0175925593471,0.936960959542016,0.016,0.75328385207315,0.102,-29838.2614385911,61755.7572161558,198,7.86999999999998,TRUE,"",5.5,20,5600020,5800020
"DGMM",NA,0.88725152628314,0.029,0.395110583463345,0.429,-31601.1321495115,65288.4063932756,14,1.68000000000001,TRUE,"",5.5,21,5600021,5800021
"RDMM",5.51328608941442,0.952528519733661,0.012,0.765916577937643,0.096,-29880.3610994233,61839.9565378203,134,5.41000000000003,TRUE,"",5.5,21,5600021,5800021
"DGMM",NA,0.604879391117485,0.111,0.292453518522626,0.444,-31844.6049600383,65775.3520143292,14,1.69,TRUE,"",5.5,22,5600022,5800022
"RDMM",5.4720403083152,0.940840827435552,0.015,0.784003136793912,0.087,-29994.7490424159,62068.7324238055,100,4.09999999999999,TRUE,"",5.5,22,5600022,5800022
"DGMM",NA,0.956440423684249,0.011,0.458633438470755,0.291,-31394.018608539,64874.1793113306,17,2.06,TRUE,"",5.5,23,5600023,5800023
"RDMM",5.6138943304725,0.964288280459486,0.009,0.797207942989313,0.082,-29678.4578533243,61436.1500456221,151,6.30000000000001,TRUE,"",5.5,23,5600023,5800023
"DGMM",NA,0.917681336113886,0.021,0.42332605838748,0.476,-31258.9817554924,64604.1056052374,17,2.14000000000001,TRUE,"",5.5,24,5600024,5800024
"RDMM",5.14485564166049,0.944728680208755,0.014,0.734774186748595,0.11,-29467.6555054119,61014.5453497975,149,6.07999999999998,TRUE,"",5.5,24,5600024,5800024
"DGMM",NA,0.944728698628385,0.014,0.437598134791343,0.391,-31705.7313445547,65497.6047833619,13,1.56,TRUE,"",5.5,25,5600025,5800025
"RDMM",5.25347489160128,0.960360329575858,0.01,0.748370827743532,0.104,-30025.2551749544,62129.7446888825,100,4.03999999999999,TRUE,"",5.5,25,5600025,5800025
"DGMM",NA,0.940840811027485,0.015,0.425052246639444,0.403,-31386.7697547397,64859.6816037319,15,1.98000000000002,TRUE,"",5.5,26,5600026,5800026
"RDMM",5.45663591598786,0.933089039407147,0.017,0.803375134030197,0.079,-29537.740939447,61154.7162178677,165,6.78,TRUE,"",5.5,26,5600026,5800026
"DGMM",NA,0.964288252648143,0.009,0.638524006944657,0.16,-31345.1795063632,64776.5011069791,15,1.93000000000001,TRUE,"",5.5,27,5600027,5800027
"RDMM",5.59735780881567,0.964288252648143,0.009,0.781055992568551,0.089,-29634.309104424,61347.8525478216,150,6.02999999999997,TRUE,"",5.5,27,5600027,5800027
"DGMM",NA,0.948624601768258,0.013,0.450452254735928,0.452,-30970.5783836172,64027.298861487,19,2.35999999999999,TRUE,"",5.5,28,5600028,5800028
"RDMM",5.58718307301448,0.964288238048545,0.009,0.779769656239896,0.09,-29371.3549911563,60821.9443212861,196,7.88,TRUE,"",5.5,28,5600028,5800028
"DGMM",NA,0.902402329541023,0.025,0.399589300992237,0.357,-31804.4257430848,65694.9935804222,24,2.91,TRUE,"",5.5,29,5600029,5800029
"RDMM",5.23433481907577,0.964288283063362,0.009,0.814311622649931,0.074,-29941.6058577759,61962.4460545253,119,4.88999999999999,TRUE,"",5.5,29,5600029,5800029
"DGMM",NA,0.791893727342337,0.055,0.35401539971919,0.464,-31337.9411721215,64762.0244384957,18,2.22,TRUE,"",5.5,30,5600030,5800030
"RDMM",5.5508187228767,0.944728684355765,0.014,0.800712461981496,0.08,-29772.7623923647,61624.7591237029,156,6.34999999999999,TRUE,"",5.5,30,5600030,5800030
"DGMM",NA,0.902402493570508,0.025,0.448050046163507,0.504,-31743.842438229,65573.8269707105,33,4.06,TRUE,"",5.5,31,5600031,5800031
"RDMM",5.23847454682481,0.960360322224328,0.01,0.778965172768541,0.09,-29958.1479859525,61995.5303108787,285,11.4,TRUE,"",5.5,31,5600031,5800031
"DGMM",NA,0.827929086047468,0.045,0.368407450865821,0.421,-31415.6033098991,64917.3487140508,13,1.62,TRUE,"",5.5,32,5600032,5800032
"RDMM",6.0757547403027,0.936960910379154,0.016,0.554788025471517,0.279,-29834.0164369372,61747.2672128481,100,4.08000000000004,TRUE,"",5.5,32,5600032,5800032
"DGMM",NA,0.929222494017336,0.018,0.449214797161965,0.456,-30954.5145786585,63995.1712515695,23,2.77999999999997,TRUE,"",5.5,33,5600033,5800033
"RDMM",6.1462300393966,0.96035793383935,0.01,0.79765565201187,0.081,-29548.0674476405,61175.3692342547,146,5.87,TRUE,"",5.5,33,5600033,5800033
"DGMM",NA,0.809809577209062,0.05,0.379175886090567,0.451,-32181.1173036281,66448.3767015088,15,1.87,TRUE,"",5.5,34,5600034,5800034
"RDMM",5.12105206264002,0.952528470471382,0.012,0.760368417613266,0.098,-30339.6065055061,62758.4473499858,213,8.63999999999999,TRUE,"",5.5,34,5600034,5800034
"DGMM",NA,0.887251205428741,0.029,0.508429618173883,0.241,-31511.9458050144,65110.0337042813,14,1.72000000000003,TRUE,"",5.5,35,5600035,5800035
"RDMM",5.7011138692714,0.948624603745026,0.013,0.793127185017857,0.084,-29808.1472534009,61695.5288457755,100,4.13999999999999,TRUE,"",5.5,35,5600035,5800035
"DGMM",NA,0.944728726934353,0.014,0.605640054848376,0.179,-31484.8910079056,65055.9241100638,25,3,TRUE,"",5.5,36,5600036,5800036
"RDMM",5.6507737636781,0.933089084397016,0.017,0.697331108392207,0.128,-29914.5434339756,61908.3212069248,100,4,TRUE,"",5.5,36,5600036,5800036
"DGMM",NA,0.940840415910897,0.015,0.436074294473515,0.43,-31888.4501262477,65863.0423467481,24,2.95999999999998,TRUE,"",5.5,37,5600037,5800037
"RDMM",5.17143813403357,0.952528396038935,0.012,0.758262221654792,0.099,-29998.8877709059,62077.0098807855,100,3.73000000000002,TRUE,"",5.5,37,5600037,5800037
"DGMM",NA,0.956440403672337,0.011,0.749426114190968,0.104,-30950.9038626745,63987.9498196015,19,2.26999999999998,TRUE,"",5.5,38,5600038,5800038
"RDMM",5.43192317855404,0.948624581259285,0.013,0.75747203763749,0.1,-29376.2589695135,60831.7522780006,100,3.68000000000001,TRUE,"",5.5,38,5600038,5800038
"DGMM",NA,0.933089037437632,0.017,0.741665587607795,0.107,-31785.2009719397,65656.544038132,21,2.44,TRUE,"",5.5,39,5600039,5800039
"RDMM",5.3499909347643,0.956440406814912,0.011,0.769362766290532,0.095,-29936.9798086289,61953.1939562314,100,3.36000000000001,TRUE,"",5.5,39,5600039,5800039
"DGMM",NA,0.948624621535928,0.013,0.691982599292408,0.131,-31068.9810986458,64224.1042915442,19,1.63999999999999,TRUE,"",5.5,40,5600040,5800040
"RDMM",5.75673319277371,0.96428828751537,0.009,0.819208204499841,0.072,-29410.9831007403,60901.2005404542,140,3.59000000000003,TRUE,"",5.5,40,5600040,5800040
"DGMM",NA,0.917681663936572,0.021,0.422706350892097,0.413,-31384.3085214765,64854.7591372056,18,1.38999999999999,TRUE,"",5.5,41,5600041,5800041
"RDMM",5.66828130032102,0.95252848285774,0.012,0.758173399455897,0.099,-29663.8651200963,61406.9645791662,130,3.06,TRUE,"",5.5,41,5600041,5800041
"DGMM",NA,0.940840784611426,0.015,0.447541990496758,0.44,-31798.873332297,65683.8887588466,18,1.29000000000002,TRUE,"",5.5,42,5600042,5800042
"RDMM",5.47863726857979,0.944728677262428,0.014,0.759236484539491,0.099,-30082.0186823523,62243.2717036782,138,3.11000000000001,TRUE,"",5.5,42,5600042,5800042
"DGMM",NA,0.936960916973621,0.016,0.437242213799416,0.463,-31702.7520463955,65491.6461870436,18,1.12,TRUE,"",5.5,43,5600043,5800043
"RDMM",5.7132794564083,0.940840796231763,0.015,0.736322573799854,0.109,-30226.6357668713,62532.5058727163,247,9.94,TRUE,"",5.5,43,5600043,5800043
"DGMM",NA,0.960360347830748,0.01,0.446002834693541,0.388,-31729.3612285476,65544.8645513478,16,2,TRUE,"",5.5,44,5600044,5800044
"RDMM",5.45783581697258,0.968224206599948,0.008,0.778920593911873,0.09,-29997.4320933436,62074.0985256609,141,5.6,TRUE,"",5.5,44,5600044,5800044
"DGMM",NA,0.883481976689794,0.03,0.428251450737257,0.413,-31645.0029204852,65376.1479352229,18,2.24,TRUE,"",5.5,45,5600045,5800045
"RDMM",5.39330763665558,0.972168113619957,0.007,0.812700615995603,0.077,-29863.721631013,61806.6776009997,174,6.92,TRUE,"",5.5,45,5600045,5800045
"DGMM",NA,0.952528518110309,0.012,0.438118714586357,0.427,-31275.3021487795,64636.7463918116,14,1.75,TRUE,"",5.5,46,5600046,5800046
"RDMM",5.48582758917744,0.948624617107971,0.013,0.793169710440261,0.084,-29594.5219577249,61268.2782544235,260,10.5,TRUE,"",5.5,46,5600046,5800046
"DGMM",NA,0.964287628990773,0.009,0.767441449871194,0.095,-31000.4451736194,64087.0324414914,24,2.91,TRUE,"",5.5,47,5600047,5800047
"RDMM",5.57186196605095,0.956439380618442,0.011,0.781384351904542,0.089,-29664.0412470434,61407.3168330605,102,4.09,TRUE,"",5.5,47,5600047,5800047
"DGMM",NA,0.857333166881619,0.037,0.400315760881113,0.325,-31618.5602747266,65323.2626437059,15,1.89,TRUE,"",5.5,48,5600048,5800048
"RDMM",5.39840242942744,0.944725643154611,0.014,0.788439591010106,0.085,-29754.900092496,61589.0345239657,100,4.01,TRUE,"",5.5,48,5600048,5800048
"DGMM",NA,0.853629821479382,0.038,0.467271239576861,0.267,-32628.3976006229,67342.9372954984,13,1.61,TRUE,"",5.5,49,5600049,5800049
"RDMM",4.92583653444089,0.944728735906232,0.014,0.604527509371955,0.18,-30485.6032062767,63050.4407515271,180,7.18,TRUE,"",5.5,49,5600049,5800049
"DGMM",NA,0.849934000696696,0.039,0.386356302490328,0.399,-31856.6825541898,65799.5072026323,16,2.14000000000001,TRUE,"",5.5,50,5600050,5800050
"RDMM",5.40900334035395,0.948624573352206,0.013,0.741552853181802,0.107,-30016.2802310972,62111.794801168,133,5.38,TRUE,"",5.5,50,5600050,5800050
"DGMM",NA,0.92536933175914,0.019,0.637460766697431,0.159,-31606.2811231883,65298.7043406292,18,2.27,TRUE,"",5.5,51,5600051,5800051
"RDMM",5.91519687274192,0.933089055369225,0.017,0.744301226023067,0.106,-29972.9713342794,62025.1770075325,100,3.97,TRUE,"",5.5,51,5600051,5800051
"DGMM",NA,0.891027003819078,0.028,0.426339098055047,0.472,-31530.5894572415,65147.3210087356,25,3,TRUE,"",5.5,52,5600052,5800052
"RDMM",5.7281261950654,0.929225173307474,0.018,0.751774246247728,0.102,-29972.5872079865,62024.4087549466,131,5.25,TRUE,"",5.5,52,5600052,5800052
"DGMM",NA,0.90240241741403,0.025,0.478889393786849,0.265,-30722.051787048,63530.2456683487,14,1.76000000000001,TRUE,"",5.5,53,5600053,5800053
"RDMM",6.20225970311701,0.933089023380699,0.017,0.770092873560511,0.095,-29292.7882611687,60664.810861311,100,4.06,TRUE,"",5.5,53,5600053,5800053
"DGMM",NA,0.956440261811823,0.011,0.725566943229421,0.115,-31107.2677359128,64300.6775660783,17,2.06,TRUE,"",5.5,54,5600054,5800054
"RDMM",5.61663946083244,0.97612005135168,0.006,0.790115403430104,0.085,-29452.7056289022,60984.645596778,100,4.2,TRUE,"",5.5,54,5600054,5800054
"DGMM",NA,0.929225188778645,0.018,0.743958059294544,0.105,-31129.2728332865,64344.6877608256,24,2.94,TRUE,"",5.5,55,5600055,5800055
"RDMM",5.5376645317316,0.944728705752729,0.014,0.792718749981699,0.084,-29521.3628332287,61121.9600054311,105,4.47999999999999,TRUE,"",5.5,55,5600055,5800055
"DGMM",NA,0.929225093490421,0.018,0.415394567783635,0.439,-31344.0939197816,64774.3299338157,19,2.30000000000001,TRUE,"",5.5,56,5600056,5800056
"RDMM",5.72058676846491,0.944728708791209,0.014,0.584046476939217,0.22,-29765.1760595564,61609.5864580864,132,5.28,TRUE,"",5.5,56,5600056,5800056
"DGMM",NA,0.913849827889347,0.022,0.675941647551447,0.137,-31100.5163413982,64287.1747770491,14,1.72,TRUE,"",5.5,57,5600057,5800057
"RDMM",5.74932332097144,0.976120117019088,0.006,0.815559014746812,0.074,-29519.5659299069,61118.3661987875,100,4.03,TRUE,"",5.5,57,5600057,5800057
"DGMM",NA,0.964288260720857,0.009,0.461914731968361,0.471,-31107.9194636712,64301.981021595,17,2.13000000000001,TRUE,"",5.5,58,5600058,5800058
"RDMM",5.78090864571629,0.976120100738658,0.006,0.820069151922054,0.072,-29583.6965767831,61246.6274925398,135,5.59,TRUE,"",5.5,58,5600058,5800058
"DGMM",NA,0.933089091073619,0.017,0.499813087403382,0.251,-31329.4477182889,64745.0375308303,11,1.41999999999999,TRUE,"",5.5,59,5600059,5800059
"RDMM",5.79877893625692,0.948624612983118,0.013,0.74492425091786,0.105,-29716.8737970536,61512.9819330809,216,8.57000000000001,TRUE,"",5.5,59,5600059,5800059
"DGMM",NA,0.708674127670553,0.079,0.326847461156319,0.43,-31137.494558477,64361.1312112065,21,2.59999999999999,TRUE,"",5.5,60,5600060,5800060
"RDMM",5.53627843463158,0.968224217250625,0.008,0.797263275551365,0.082,-29534.7143514162,61148.6630418061,211,10.4,TRUE,"",5.5,60,5600060,5800060
"DGMM",NA,0.925369384332568,0.019,0.405386028687396,0.477,-31888.9016902246,65863.9454747019,21,2.53999999999999,TRUE,"",5.5,61,5600061,5800061
"RDMM",5.17672110293001,0.929225209692798,0.018,0.601298578084845,0.184,-30113.6387115872,62306.511762148,123,4.94,TRUE,"",5.5,61,5600061,5800061
"DGMM",NA,0.933089054493885,0.017,0.62835116709025,0.165,-31226.7096702179,64539.5614346884,18,2.25999999999999,TRUE,"",5.5,62,5600062,5800062
"RDMM",5.44284922077747,0.960360320641283,0.01,0.784099170104496,0.088,-29567.3226746704,61213.8796883144,109,4.44999999999999,TRUE,"",5.5,62,5600062,5800062
"DGMM",NA,0.864764866634931,0.035,0.399002776645948,0.432,-31859.474059288,65805.0902128285,16,1.94999999999999,TRUE,"",5.5,63,5600063,5800063
"RDMM",5.45815465397955,0.921521475622168,0.02,0.771786729582937,0.092,-29901.2440085221,61881.7223560179,196,7.81,TRUE,"",5.5,63,5600063,5800063
"DGMM",NA,0.93308913172964,0.017,0.441214660775298,0.43,-31411.0141449345,64908.1703841217,17,2.12,TRUE,"",5.5,64,5600064,5800064
"RDMM",5.48134457594583,0.944728718772376,0.014,0.772411813569238,0.093,-29717.5803957902,61514.3951305541,103,4.09,TRUE,"",5.5,64,5600064,5800064
"DGMM",NA,0.887251449815032,0.029,0.401591694389358,0.479,-32130.8600380967,66347.8621704461,26,3.10999999999999,TRUE,"",5.5,65,5600065,5800065
"RDMM",5.29117245790648,0.936960919798378,0.016,0.77308187706394,0.092,-30233.8075302529,62546.8493994794,168,6.94,TRUE,"",5.5,65,5600065,5800065
"DGMM",NA,0.964288267582088,0.009,0.432506669424643,0.406,-31738.5730569551,65563.2882081627,14,1.82999999999998,TRUE,"",5.5,66,5600066,5800066
"RDMM",5.60282045263132,0.976120107830841,0.006,0.809236946525337,0.077,-30009.9904019917,62099.2151429571,161,6.46000000000001,TRUE,"",5.5,66,5600066,5800066
"DGMM",NA,0.902402388967978,0.025,0.421002479097499,0.389,-30890.1045577786,63866.3512098098,13,1.62,TRUE,"",5.5,67,5600067,5800067
"RDMM",5.88019628541466,0.972168167870998,0.007,0.771205101929346,0.094,-29258.2120733416,60595.6584856567,118,4.88999999999999,TRUE,"",5.5,67,5600067,5800067
"DGMM",NA,0.917681655384709,0.021,0.609459555908633,0.173,-31868.6696750273,65823.4814443071,12,1.5,TRUE,"",5.5,68,5600068,5800068
"RDMM",5.78281072430953,0.956440405909851,0.011,0.794568677442012,0.083,-30222.9958819802,62525.226102934,100,4.16,TRUE,"",5.5,68,5600068,5800068
"DGMM",NA,0.917681754206128,0.021,0.424414741121687,0.44,-31576.1558718187,65238.45383789,20,2.45000000000002,TRUE,"",5.5,69,5600069,5800069
"RDMM",5.41836348230011,0.956440435575741,0.011,0.782818855480263,0.088,-29827.1835627818,61733.6014645371,100,4.03,TRUE,"",5.5,69,5600069,5800069
"DGMM",NA,0.940840787354327,0.015,0.708856014992858,0.122,-31839.3652985603,65764.8726913732,18,2.18000000000001,TRUE,"",5.5,70,5600070,5800070
"RDMM",5.22654621231534,0.948624576633644,0.013,0.770566542858957,0.093,-29916.4628990435,61912.1601370607,206,8.28999999999999,TRUE,"",5.5,70,5600070,5800070
"DGMM",NA,0.906210330796163,0.024,0.411658859836549,0.49,-31626.1490835739,65338.4402614005,21,2.51999999999998,TRUE,"",5.5,71,5600071,5800071
"RDMM",5.47358380643444,0.944728707352162,0.014,0.579908511908315,0.218,-29966.3318383276,62011.8980156289,100,4.03,TRUE,"",5.5,71,5600071,5800071
"DGMM",NA,0.929225200488394,0.018,0.590180378491768,0.187,-32121.1268735213,66328.3958412953,22,2.66,TRUE,"",5.5,72,5600072,5800072
"RDMM",4.8279696836672,0.956440423684249,0.011,0.756834557064845,0.1,-30042.3643707167,62163.963080407,169,6.75,TRUE,"",5.5,72,5600072,5800072
"DGMM",NA,0.964288254929115,0.009,0.582506906864494,0.195,-31508.4105458184,65102.9631858894,15,1.84,TRUE,"",5.5,73,5600073,5800073
"RDMM",5.57014987747121,0.976120096383424,0.006,0.804503441462823,0.079,-29844.1100298311,61767.4543986358,100,4.24000000000001,TRUE,"",5.5,73,5600073,5800073
"DGMM",NA,0.948624621021968,0.013,0.654374056234129,0.151,-31694.1735210655,65474.4891363836,19,2.36000000000001,TRUE,"",5.5,74,5600074,5800074
"RDMM",5.08279175278789,0.948624629561597,0.013,0.774902478460738,0.091,-29865.9029846068,61811.0403081872,100,4.12,TRUE,"",5.5,74,5600074,5800074
"DGMM",NA,0.956440331390185,0.011,0.660405688257858,0.148,-30972.0089201806,64030.1599346138,22,2.67000000000002,TRUE,"",5.5,75,5600075,5800075
"RDMM",5.34340870767119,0.960360292821358,0.01,0.782700566609596,0.088,-29393.1639627479,60865.5622644694,108,4.34000000000003,TRUE,"",5.5,75,5600075,5800075
"DGMM",NA,0.956440411407262,0.011,0.721070804736888,0.117,-30907.4622749493,63901.0666441512,19,2.31,TRUE,"",5.5,76,5600076,5800076
"RDMM",5.75971824927165,0.968224193395482,0.008,0.788450151350428,0.086,-29326.000534712,60731.2354083976,100,3.98000000000002,TRUE,"",5.5,76,5600076,5800076
"DGMM",NA,0.933089069872396,0.017,0.422270892567564,0.477,-31477.4267199557,65040.995534164,18,2.27999999999997,TRUE,"",5.5,77,5600077,5800077
"RDMM",5.61426375598429,0.960360350255835,0.01,0.818140373583172,0.073,-29641.908163544,61363.0506660617,153,6.19,TRUE,"",5.5,77,5600077,5800077
"DGMM",NA,0.879724129134472,0.031,0.408788406115797,0.444,-31703.5631194099,65493.2683330724,19,2.35999999999996,TRUE,"",5.5,78,5600078,5800078
"RDMM",5.16430833047159,0.944728688654299,0.014,0.77607864653025,0.091,-29779.1347516108,61637.5038421953,130,5.38,TRUE,"",5.5,78,5600078,5800078
"DGMM",NA,0.933089095364494,0.017,0.475999799929523,0.314,-31550.2006482385,65186.5433907295,22,2.70999999999998,TRUE,"",5.5,79,5600079,5800079
"RDMM",5.2135160442242,0.944728729592688,0.014,0.732368514039162,0.111,-29699.9928510419,61479.2200410574,300,11.97,TRUE,"",5.5,79,5600079,5800079
"DGMM",NA,0.929225168405716,0.018,0.450852265380591,0.482,-31299.6250806647,64685.392255582,20,2.48999999999995,TRUE,"",5.5,80,5600080,5800080
"RDMM",5.50420868415677,0.936960910351866,0.016,0.755288808162976,0.101,-29653.7250025771,61386.6843441279,206,7.68000000000001,TRUE,"",5.5,80,5600080,5800080
"DGMM",NA,0.948624586477955,0.013,0.755958833815394,0.101,-31183.2462764252,64452.6346471029,30,3.26999999999998,TRUE,"",5.5,81,5600081,5800081
"RDMM",5.46035032229332,0.95252848285774,0.012,0.777253499935445,0.091,-29767.1001995613,61613.4347380963,101,3.56999999999999,TRUE,"",5.5,81,5600081,5800081
"DGMM",NA,0.940840852364415,0.015,0.428426411125902,0.494,-31627.7195938457,65341.581281944,17,1.56,TRUE,"",5.5,82,5600082,5800082
"RDMM",5.22135092517174,0.948624629561597,0.013,0.756946333799364,0.101,-29871.3296430021,61821.8936249779,202,5.17000000000002,TRUE,"",5.5,82,5600082,5800082
"DGMM",NA,0.813418436398515,0.049,0.375576315411656,0.457,-31389.0906139525,64864.3233221576,17,1.30000000000001,TRUE,"",5.5,83,5600083,5800083
"RDMM",5.38368811227499,0.952528494109343,0.012,0.718018322132717,0.119,-29811.5988941017,61702.4321271771,122,2.87,TRUE,"",5.5,83,5600083,5800083
"DGMM",NA,0.948624629442991,0.013,0.452796435869701,0.434,-31220.2540124832,64526.6501192191,23,1.43,TRUE,"",5.5,84,5600084,5800084
"RDMM",5.7530227304173,0.944728734909357,0.014,0.673264382373176,0.145,-29677.5760945296,61434.3865280328,136,5.85,TRUE,"",5.5,84,5600084,5800084
"DGMM",NA,0.913849862831402,0.022,0.630585169870574,0.163,-31060.3726875763,64206.8874694051,22,2.64,TRUE,"",5.5,85,5600085,5800085
"RDMM",6.21141246966424,0.956440443327415,0.011,0.78727402912971,0.086,-29542.1008565977,61163.436052169,111,4.52,TRUE,"",5.5,85,5600085,5800085
"DGMM",NA,0.857333331810032,0.037,0.392598667668315,0.463,-31951.20467126,65988.5514367726,24,2.88,TRUE,"",5.5,86,5600086,5800086
"RDMM",5.17358351102287,0.929225226491511,0.018,0.771382907936428,0.094,-30029.616165768,62138.4666705097,223,8.87,TRUE,"",5.5,86,5600086,5800086
"DGMM",NA,0.929225199486484,0.018,0.42322312908735,0.485,-31640.9634062702,65368.068906793,19,2.33,TRUE,"",5.5,87,5600087,5800087
"RDMM",5.1505824810132,0.972168146683561,0.007,0.775090163464616,0.092,-29772.9277830985,61625.0899051707,100,4.11,TRUE,"",5.5,87,5600087,5800087
"DGMM",NA,0.933088147664138,0.017,0.435397706195926,0.461,-31113.0177446342,64312.177583521,26,3.17,TRUE,"",5.5,88,5600088,5800088
"RDMM",5.85110213016482,0.933087833475899,0.017,0.755497618846629,0.101,-29588.8205290001,61256.8753969739,105,4.25,TRUE,"",5.5,88,5600088,5800088
"DGMM",NA,0.972168164337084,0.007,0.764475902380464,0.097,-31116.2234589489,64318.5890121505,18,2.21,TRUE,"",5.5,89,5600089,5800089
"RDMM",5.88131290887141,0.964288283372529,0.009,0.784870324950842,0.088,-29706.6382927154,61492.5109244044,100,4.04,TRUE,"",5.5,89,5600089,5800089
"DGMM",NA,0.93696096578679,0.016,0.43725351029198,0.405,-31762.1562734856,65610.4546412239,15,1.84,TRUE,"",5.5,90,5600090,5800090
"RDMM",5.16721299138081,0.968224224720919,0.008,0.776364510866868,0.091,-30044.6439032471,62168.5221454678,106,4.25,TRUE,"",5.5,90,5600090,5800090
"DGMM",NA,0.906210193315281,0.024,0.416986250725559,0.407,-31810.1598719177,65706.461838088,17,2.11,TRUE,"",5.5,91,5600091,5800091
"RDMM",5.13565986994095,0.948624617552743,0.013,0.794823987896062,0.083,-29977.4810524932,62034.19644396,232,9.41,TRUE,"",5.5,91,5600091,5800091
"DGMM",NA,0.936960642985204,0.016,0.440656148670445,0.456,-31473.1498390591,65032.4417723708,17,2.08999999999999,TRUE,"",5.5,92,5600092,5800092
"RDMM",5.28561322320778,0.964288196826086,0.009,0.740758442814947,0.107,-29789.9675772563,61659.1694934863,112,4.52000000000001,TRUE,"",5.5,92,5600092,5800092
"DGMM",NA,0.929225250755169,0.018,0.62369984513103,0.168,-31259.2229745707,64604.5880433941,18,2.18000000000001,TRUE,"",5.5,93,5600093,5800093
"RDMM",5.44539894406996,0.960360350255835,0.01,0.787625260787545,0.087,-29598.6860129377,61276.6063648491,167,6.66,TRUE,"",5.5,93,5600093,5800093
"DGMM",NA,0.913849791729076,0.022,0.423317999861439,0.475,-32135.1406827882,66356.423459829,22,2.65000000000001,TRUE,"",5.5,94,5600094,5800094
"RDMM",5.10696986948709,0.9603603209584,0.01,0.8021790627789,0.08,-30221.8139595437,62522.862258061,285,11.45,TRUE,"",5.5,94,5600094,5800094
"DGMM",NA,0.891027003441713,0.028,0.409594589022568,0.454,-31691.1015434201,65468.3451810928,20,2.52,TRUE,"",5.5,95,5600095,5800095
"RDMM",5.15376948329834,0.944728726144827,0.014,0.77885489531041,0.09,-29807.0758741007,61693.386087175,233,9.62,TRUE,"",5.5,95,5600095,5800095
"DGMM",NA,0.925369326116525,0.019,0.471638716424917,0.285,-31835.5349998556,65757.2120939638,20,2.40000000000001,TRUE,"",5.5,96,5600096,5800096
"RDMM",5.26462362710258,0.933089061895653,0.017,0.756294402734244,0.1,-30017.9511239435,62115.1365868607,100,4.09999999999999,TRUE,"",5.5,96,5600096,5800096
"DGMM",NA,0.913849394444739,0.022,0.414925404161446,0.44,-31794.1106455239,65674.3633853004,16,1.92,TRUE,"",5.5,97,5600097,5800097
"RDMM",5.07259154509267,0.944728605668809,0.014,0.805055870309564,0.079,-29928.4787003652,61936.1917397041,139,5.64,TRUE,"",5.5,97,5600097,5800097
"DGMM",NA,0.940840782744888,0.015,0.437562628371371,0.376,-31782.5327436182,65651.2075814891,16,1.94000000000001,TRUE,"",5.5,98,5600098,5800098
"RDMM",5.50225247647254,0.948624574172566,0.013,0.694385230487442,0.132,-30302.4335387084,62684.1014163904,112,4.63999999999999,TRUE,"",5.5,98,5600098,5800098
"DGMM",NA,0.917681639801309,0.021,0.422317866048081,0.382,-31249.7894094937,64585.72091324,19,2.35999999999999,TRUE,"",5.5,99,5600099,5800099
"RDMM",5.4150435905993,0.936960923668142,0.016,0.777965872651843,0.09,-29600.3035933927,61279.8415257591,221,8.78,TRUE,"",5.5,99,5600099,5800099
"DGMM",NA,0.948624594819918,0.013,0.758845818938782,0.1,-31614.2852106435,65314.7125155395,18,2.22,TRUE,"",5.5,100,5600100,5800100
"RDMM",5.5781798637725,0.956440407418287,0.011,0.808485037611944,0.078,-29966.930900021,62013.0961390156,100,5.87,TRUE,"",5.5,100,5600100,5800100
"DGMM",NA,0.933089095364494,0.017,0.440084235559303,0.422,-31526.6240946009,65139.3902834545,19,2.44,TRUE,"",5.5,101,5600101,5800101
"RDMM",5.36408700260935,0.93696096194634,0.016,0.78012932127646,0.089,-29851.821481895,61782.8773027637,100,4.05000000000001,TRUE,"",5.5,101,5600101,5800101
"DGMM",NA,0.956440399750402,0.011,0.429294496039649,0.429,-31699.3506823838,65484.8434590202,23,2.75,TRUE,"",5.5,102,5600102,5800102
"RDMM",5.14473069802507,0.972168140836529,0.007,0.754575490513125,0.102,-29851.4258089978,61782.0859569692,144,5.88999999999999,TRUE,"",5.5,102,5600102,5800102
"DGMM",NA,0.753162636407293,0.066,0.529735762586003,0.212,-31644.0607288966,65374.2635520458,12,1.47,TRUE,"",5.5,103,5600103,5800103
"RDMM",5.43724706898255,0.948624368179143,0.013,0.773883321585978,0.094,-29878.2116823812,61835.657703736,105,4.28999999999999,TRUE,"",5.5,103,5600103,5800103
"DGMM",NA,0.940840841984662,0.015,0.447306410273014,0.329,-31126.3469819492,64338.8360581511,16,1.90000000000001,TRUE,"",5.5,104,5600104,5800104
"RDMM",5.43100676563174,0.952528528775114,0.012,0.777166705559604,0.091,-29377.703918013,60834.6421749995,100,3.98999999999998,TRUE,"",5.5,104,5600104,5800104
"DGMM",NA,0.933089046667319,0.017,0.618838120257332,0.171,-31306.7350523277,64699.6121989081,23,2.85999999999999,TRUE,"",5.5,105,5600105,5800105
"RDMM",5.76022228251897,0.952528486855622,0.012,0.772061518883333,0.093,-29789.1815579567,61657.597454887,141,5.56999999999999,TRUE,"",5.5,105,5600105,5800105
"DGMM",NA,0.891027080093947,0.028,0.411181736273214,0.484,-32105.9792076556,66298.1005095639,19,2.41,TRUE,"",5.5,106,5600106,5800106
"RDMM",5.14190732667606,0.929225213369113,0.018,0.777044509239765,0.09,-30078.672175054,62236.5786890817,246,10.19,TRUE,"",5.5,106,5600106,5800106
"DGMM",NA,0.936960920733226,0.016,0.446476126372315,0.416,-30966.5243844723,64019.1908631972,22,2.69,TRUE,"",5.5,107,5600107,5800107
"RDMM",5.596633299538,0.9408407951733,0.015,0.770315223031287,0.094,-29630.2900963464,61339.8145316664,129,5.22,TRUE,"",5.5,107,5600107,5800107
"DGMM",NA,0.913849769051718,0.022,0.694982207131759,0.129,-31299.7282521608,64685.5985985742,15,1.97,TRUE,"",5.5,108,5600108,5800108
"RDMM",5.51765931359819,0.94862457829413,0.013,0.785381980343368,0.087,-29688.5681076951,61456.3705543638,100,4.03,TRUE,"",5.5,108,5600108,5800108
"DGMM",NA,0.964288280196121,0.009,0.465205192447257,0.456,-30625.3857949361,63336.9136841247,24,2.92000000000002,TRUE,"",5.5,109,5600109,5800109
"RDMM",5.97699514397691,0.964288276467791,0.009,0.789188099234126,0.087,-29115.0226538098,60309.2796465932,186,7.42000000000002,TRUE,"",5.5,109,5600109,5800109
"DGMM",NA,0.940840826551603,0.015,0.438813030392703,0.487,-31352.0274672469,64790.1970287465,18,2.30000000000001,TRUE,"",5.5,110,5600110,5800110
"RDMM",5.68307971455863,0.960360347830748,0.01,0.758739106301683,0.1,-29659.9822024924,61399.1987439584,100,4.09,TRUE,"",5.5,110,5600110,5800110
"DGMM",NA,0.921521482406232,0.02,0.429378183831136,0.473,-31401.5931458541,64889.3283859607,24,2.88000000000002,TRUE,"",5.5,111,5600111,5800111
"RDMM",5.67937754758204,0.956440404423762,0.011,0.758860735024372,0.099,-29685.1096389726,61449.4536169188,100,4.06999999999999,TRUE,"",5.5,111,5600111,5800111
"DGMM",NA,0.906210149461514,0.024,0.41736495259096,0.449,-32158.5316556082,66403.205405469,21,2.51000000000002,TRUE,"",5.5,112,5600112,5800112
"RDMM",5.17738474334671,0.933089038634788,0.017,0.569478521669143,0.233,-30365.0702426378,62809.3748242492,107,4.38,TRUE,"",5.5,112,5600112,5800112
"DGMM",NA,0.956440172168038,0.011,0.727640630972409,0.114,-31019.1898469067,64124.5217880661,17,2.14999999999998,TRUE,"",5.5,113,5600113,5800113
"RDMM",5.73922667414429,0.964288209110389,0.009,0.759041806077764,0.099,-29558.0880955405,61195.4105300546,114,4.63,TRUE,"",5.5,113,5600113,5800113
"DGMM",NA,0.835231576353043,0.043,0.393559762523495,0.432,-31793.3126380759,65672.7673704045,19,2.48999999999998,TRUE,"",5.5,114,5600114,5800114
"RDMM",5.38948973050788,0.929225186681783,0.018,0.800497980686381,0.08,-29999.1462017524,62077.5267424785,133,5.36000000000001,TRUE,"",5.5,114,5600114,5800114
"DGMM",NA,0.964285523344126,0.009,0.794022848699498,0.083,-31214.7494116133,64515.6409174792,31,3.75,TRUE,"",5.5,115,5600115,5800115
"RDMM",6.27333195115126,0.968221647823459,0.008,0.813324283508547,0.075,-29954.4499316626,61988.1342022989,104,4.25,TRUE,"",5.5,115,5600115,5800115
"DGMM",NA,0.921521549830353,0.02,0.44773519955811,0.35,-31550.9295811108,65188.0012564743,15,1.82999999999998,TRUE,"",5.5,116,5600116,5800116
"RDMM",5.38665075505474,0.944728718892887,0.014,0.778984621150701,0.09,-29797.6569736286,61674.5482862308,134,5.38999999999999,TRUE,"",5.5,116,5600116,5800116
"DGMM",NA,0.956440396968175,0.011,0.770349048153213,0.094,-30718.5564572294,63523.2550087114,21,2.59000000000003,TRUE,"",5.5,117,5600117,5800117
"RDMM",5.75399307443304,0.95252848172299,0.012,0.808775371754575,0.077,-29193.3193853282,60465.8731096299,100,4.05000000000001,TRUE,"",5.5,117,5600117,5800117
"DGMM",NA,0.933089091073619,0.017,0.750999087738051,0.103,-31341.1979046494,64768.5379035514,23,2.82999999999998,TRUE,"",5.5,118,5600118,5800118
"RDMM",5.439815926929,0.964288286635961,0.009,0.796805727727015,0.083,-29775.569995519,61630.3743300116,100,4.16000000000003,TRUE,"",5.5,118,5600118,5800118
"DGMM",NA,0.902401974436076,0.025,0.502529920374737,0.239,-31303.3836656732,64692.909425599,22,2.69,TRUE,"",5.5,119,5600119,5800119
"RDMM",5.70925986990976,0.94084072489352,0.015,0.818801430963861,0.072,-29668.1789687018,61415.5922763773,125,5.04000000000002,TRUE,"",5.5,119,5600119,5800119
"DGMM",NA,0.964288271026444,0.009,0.726192065212835,0.115,-31388.7142298339,64863.5705539204,22,2.73000000000002,TRUE,"",5.5,120,5600120,5800120
"RDMM",5.73878465562549,0.960360338054136,0.01,0.803985341693049,0.079,-29877.5274537279,61834.2892464295,100,4.00999999999999,TRUE,"",5.5,120,5600120,5800120
"DGMM",NA,0.831573657531559,0.044,0.378792315396941,0.416,-31614.1271123668,65314.3963189861,17,2.07999999999998,TRUE,"",5.5,121,5600121,5800121
"RDMM",5.28178183926641,0.952528474017192,0.012,0.750581533542682,0.103,-29918.975356053,61917.1850510796,212,8.14999999999998,TRUE,"",5.5,121,5600121,5800121
"DGMM",NA,0.906210153034172,0.024,0.593412006846606,0.183,-31660.3019078164,65406.7459098854,13,1.47999999999996,TRUE,"",5.5,122,5600122,5800122
"RDMM",5.59709420905701,0.936960906158693,0.016,0.773946907764932,0.092,-29881.2623809141,61841.7591008018,100,3.72000000000003,TRUE,"",5.5,122,5600122,5800122
"DGMM",NA,0.917681691255011,0.021,0.438791945242399,0.496,-31782.4234434179,65650.9889810883,31,3.31,TRUE,"",5.5,123,5600123,5800123
"RDMM",5.02457971556181,0.952528525233878,0.012,0.777371711891233,0.091,-29977.8915948242,62035.0175286221,167,4.56,TRUE,"",5.5,123,5600123,5800123
"DGMM",NA,0.933089046667319,0.017,0.416746907436833,0.383,-31476.2785409298,65038.6991761123,19,1.48000000000002,TRUE,"",5.5,124,5600124,5800124
"RDMM",5.4097475073652,0.968224204853108,0.008,0.782169052060349,0.089,-29720.0999538926,61519.4342467588,208,5.03000000000003,TRUE,"",5.5,124,5600124,5800124
"DGMM",NA,0.921521520389168,0.02,0.400326057631952,0.436,-30950.3033177314,63986.7487297154,19,1.27999999999997,TRUE,"",5.5,125,5600125,5800125
"RDMM",5.62396387531177,0.929225224204027,0.018,0.771258051329211,0.093,-29570.1348928086,61219.5041245908,280,6.39000000000004,TRUE,"",5.5,125,5600125,5800125
"DGMM",NA,0.972168152030844,0.007,0.470084315008093,0.42,-30939.7858908169,63965.7138758864,20,1.34,TRUE,"",5.5,126,5600126,5800126
"RDMM",5.96646096482875,0.972168155850331,0.007,0.81028008312897,0.077,-29344.2032665947,60767.6408721631,265,10.72,TRUE,"",5.5,126,5600126,5800126
"DGMM",NA,0.944728421157654,0.014,0.408142356102844,0.433,-31366.6391912165,64819.4204766857,17,2.09,TRUE,"",5.5,127,5600127,5800127
"RDMM",5.80330748427878,0.976119987234443,0.006,0.800718317412474,0.081,-29514.3608534202,61107.9560458141,187,7.53,TRUE,"",5.5,127,5600127,5800127
"DGMM",NA,0.964288253218386,0.009,0.454303045220694,0.414,-31253.9339971506,64594.0100885537,25,2.99,TRUE,"",5.5,128,5600128,5800128
"RDMM",5.43998163301093,0.968224194899325,0.008,0.79765302279761,0.082,-29638.4830613216,61356.2004616169,136,5.5,TRUE,"",5.5,128,5600128,5800128
"DGMM",NA,0.910026006301727,0.023,0.693111630758061,0.129,-31348.339586528,64782.8212673087,17,2.14,TRUE,"",5.5,129,5600129,5800129
"RDMM",5.2319414745937,0.972168166985735,0.007,0.767120006342164,0.096,-29586.3860766236,61252.0064922208,100,4.05,TRUE,"",5.5,129,5600129,5800129
"DGMM",NA,0.929225220431267,0.018,0.662595690964746,0.145,-31253.0546888095,64592.2514718716,15,1.83,TRUE,"",5.5,130,5600130,5800130
"RDMM",5.45633995794917,0.948624623512694,0.013,0.760005675174287,0.098,-29757.2530903098,61593.7405195933,100,4.13,TRUE,"",5.5,130,5600130,5800130
"DGMM",NA,0.976120101399064,0.006,0.687778769331754,0.134,-31474.8635573007,65035.869208854,20,2.39,TRUE,"",5.5,131,5600131,5800131
"RDMM",5.89984534522443,0.972168155384496,0.007,0.752559737901826,0.102,-29886.7551322921,61852.7446035578,108,4.33,TRUE,"",5.5,131,5600131,5800131
"DGMM",NA,0.913849863262325,0.022,0.408684321286714,0.415,-32008.8482435223,66103.8385812972,13,1.68,TRUE,"",5.5,132,5600132,5800132
"RDMM",5.25806199618009,0.95252848285774,0.012,0.745669623858006,0.106,-30032.1506563082,62143.5356515901,114,4.53,TRUE,"",5.5,132,5600132,5800132
"DGMM",NA,0.956440411214517,0.011,0.445323300209379,0.364,-31732.4361016882,65551.014297629,15,1.9,TRUE,"",5.5,133,5600133,5800133
"RDMM",5.29908862960636,0.948624565445125,0.013,0.767221514905741,0.095,-29889.4891953037,61858.2127295809,113,4.58000000000001,TRUE,"",5.5,133,5600133,5800133
"DGMM",NA,0.944728356381207,0.014,0.450715161396511,0.465,-31828.6498635562,65743.4418213649,25,3.28,TRUE,"",5.5,134,5600134,5800134
"RDMM",5.08433778058391,0.9642879732132,0.009,0.787242090156408,0.087,-29916.2082268312,61911.6507926359,170,6.72,TRUE,"",5.5,134,5600134,5800134
"DGMM",NA,0.910025844491178,0.023,0.400037848994278,0.487,-31567.6063896775,65221.3548736076,18,2.19,TRUE,"",5.5,135,5600135,5800135
"RDMM",5.10568182091296,0.948624590154745,0.013,0.78208835343174,0.088,-29682.0237158917,61443.2817707569,164,6.58,TRUE,"",5.5,135,5600135,5800135
"DGMM",NA,0.925369333295424,0.019,0.601424742877171,0.181,-31351.5478312442,64789.237756741,17,2.05,TRUE,"",5.5,136,5600136,5800136
"RDMM",5.87641554832937,0.980080073900518,0.005,0.780337509694528,0.09,-29820.5948448538,61720.4240286813,174,7.03,TRUE,"",5.5,136,5600136,5800136
"DGMM",NA,0.906210241749099,0.024,0.412859467282946,0.423,-31341.2829516883,64768.7079976293,18,2.19,TRUE,"",5.5,137,5600137,5800137
"RDMM",5.80585541791803,0.933089097831747,0.017,0.749028920194031,0.103,-29813.0748621538,61705.3840632811,144,5.86,TRUE,"",5.5,137,5600137,5800137
"DGMM",NA,0.940840842212289,0.015,0.585048806923636,0.189,-30810.2117429882,63706.5655802291,20,2.59,TRUE,"",5.5,138,5600138,5800138
"RDMM",6.13771498263996,0.968224199546869,0.008,0.782537177735701,0.089,-29349.8236753384,60778.8816896504,110,4.56,TRUE,"",5.5,138,5600138,5800138
"DGMM",NA,0.913849769630427,0.022,0.427709887198917,0.5,-31988.7456380927,66063.633370438,18,2.2,TRUE,"",5.5,139,5600139,5800139
"RDMM",5.16506850110608,0.933089024457711,0.017,0.740409386288761,0.107,-30108.4041207863,62296.0425805462,231,9.25,TRUE,"",5.5,139,5600139,5800139
"DGMM",NA,0.79546004676317,0.054,0.367495105625599,0.473,-31597.2344698029,65280.6110338584,13,1.61,TRUE,"",5.5,140,5600140,5800140
"RDMM",5.59587870989055,0.933089085066393,0.017,0.757839829196598,0.1,-29839.1266776422,61757.4876942581,300,12.04,TRUE,"",5.5,140,5600140,5800140
"DGMM",NA,0.933089039407147,0.017,0.438360036703318,0.427,-31427.6958068729,64941.5337079984,18,2.23000000000002,TRUE,"",5.5,141,5600141,5800141
"RDMM",5.73730616131178,0.95252848285774,0.012,0.7792558410834,0.09,-29933.901006164,61947.0363513015,221,8.82999999999998,TRUE,"",5.5,141,5600141,5800141
"DGMM",NA,0.936960979919643,0.016,0.755673378377006,0.1,-31413.3283829077,64912.7988600679,26,5.03,TRUE,"",5.5,142,5600142,5800142
"RDMM",5.40499623915422,0.944728736695758,0.014,0.807708869482304,0.077,-29994.3102006255,62067.8547402247,100,4.17000000000002,TRUE,"",5.5,142,5600142,5800142
"DGMM",NA,0.906210296765802,0.024,0.41249162839243,0.408,-31599.757692773,65285.6574797986,15,1.83000000000001,TRUE,"",5.5,143,5600143,5800143
"RDMM",5.08087762132405,0.936960899800715,0.016,0.74778551247772,0.105,-29746.7870571121,61572.8084531979,166,6.75,TRUE,"",5.5,143,5600143,5800143
"DGMM",NA,0.933089098878721,0.017,0.442007660216686,0.482,-31307.9012816353,64701.9446575232,16,1.97,TRUE,"",5.5,144,5600144,5800144
"RDMM",5.405159543773,0.960360357609261,0.01,0.798968049243682,0.081,-29649.2346294451,61377.7035978638,144,5.70000000000002,TRUE,"",5.5,144,5600144,5800144
"DGMM",NA,0.902401666376358,0.025,0.410400406603855,0.439,-31721.3259528156,65528.7939998838,17,2.08000000000001,TRUE,"",5.5,145,5600145,5800145
"RDMM",5.45112834217876,0.948621637404363,0.013,0.771123473432318,0.093,-30038.2447074429,62155.7237538593,102,4.16,TRUE,"",5.5,145,5600145,5800145
"DGMM",NA,0.725632961513214,0.074,0.315717747353517,0.485,-31854.6922007357,65795.5264957241,18,2.16999999999999,TRUE,"",5.5,146,5600146,5800146
"RDMM",5.30309522425296,0.925369353008673,0.019,0.541393598614573,0.236,-30219.4023650152,62518.0390690041,100,4.04000000000002,TRUE,"",5.5,146,5600146,5800146
"DGMM",NA,0.944728677262428,0.014,0.739218324343567,0.108,-31763.0940824179,65612.3302590885,18,2.17000000000002,TRUE,"",5.5,147,5600147,5800147
"RDMM",5.07334612133851,0.956440399038085,0.011,0.792139831282692,0.084,-29984.9440233523,62049.1223856782,100,4.19000000000003,TRUE,"",5.5,147,5600147,5800147
"DGMM",NA,0.842566751700309,0.041,0.429126551066885,0.286,-31586.0367301372,65258.215554527,18,2.34,TRUE,"",5.5,148,5600148,5800148
"RDMM",5.29726029782603,0.944728683869289,0.014,0.71180937835613,0.121,-29674.8321513492,61428.8986416721,164,6.69,TRUE,"",5.5,148,5600148,5800148
"DGMM",NA,0.944728729592688,0.014,0.577761446941326,0.195,-31881.9777563958,65850.0976070441,16,2,TRUE,"",5.5,149,5600149,5800149
"RDMM",5.50133828479325,0.952528528052863,0.012,0.770344010336087,0.094,-29943.3185910142,61965.8715210021,118,4.78,TRUE,"",5.5,149,5600149,5800149
"DGMM",NA,0.972165593636981,0.007,0.787276530769351,0.086,-31323.7244384765,64733.5909712056,22,2.72,TRUE,"",5.5,150,5600150,5800150
"RDMM",5.14461015112235,0.976118183923779,0.006,0.840122394573906,0.064,-29587.2686069967,61253.771552967,107,4.38999999999999,TRUE,"",5.5,150,5600150,5800150
"DGMM",NA,0.921521504298419,0.02,0.428285215004947,0.438,-31093.7713409477,64273.684776148,20,2.41999999999999,TRUE,"",5.5,151,5600151,5800151
"RDMM",5.53769465465302,0.936960932095919,0.016,0.708784044717718,0.126,-29494.2290289931,61067.6923969599,112,4.53999999999999,TRUE,"",5.5,151,5600151,5800151
"DGMM",NA,0.894810916456802,0.027,0.627919657771622,0.162,-31545.7892356345,65177.7205655216,14,1.69999999999999,TRUE,"",5.5,152,5600152,5800152
"RDMM",5.47530035701253,0.925369068134702,0.019,0.790845845908383,0.084,-29671.6214045927,61422.477148159,100,4.22,TRUE,"",5.5,152,5600152,5800152
"DGMM",NA,0.94472868437969,0.014,0.780114042092206,0.09,-31448.0313047623,64982.2047037772,19,2.31,TRUE,"",5.5,153,5600153,5800153
"RDMM",5.60131063671901,0.964288254929115,0.009,0.803335996727179,0.08,-29879.5322217199,61838.2987824134,100,4.09,TRUE,"",5.5,153,5600153,5800153
"DGMM",NA,0.936960970775332,0.016,0.723930165433501,0.115,-31660.6965206173,65407.5351354873,17,2.06,TRUE,"",5.5,154,5600154,5800154
"RDMM",5.78492975729681,0.948624580735441,0.013,0.772399298258018,0.093,-29893.3082419339,61865.8508228414,100,4.05000000000001,TRUE,"",5.5,154,5600154,5800154
"DGMM",NA,0.763641211167284,0.063,0.352144964777097,0.465,-31851.0937840532,65788.329662359,17,2.09999999999999,TRUE,"",5.5,155,5600155,5800155
"RDMM",5.21918770434367,0.94084080653945,0.015,0.756982267983685,0.1,-30253.6143031491,62586.4629452718,191,7.63,TRUE,"",5.5,155,5600155,5800155
"DGMM",NA,0.933089084100946,0.017,0.445075940410942,0.429,-31012.1818729295,64110.5058401117,20,2.58000000000001,TRUE,"",5.5,156,5600156,5800156
"RDMM",5.97800239130791,0.96822422390583,0.008,0.783331505803051,0.088,-29485.0124780475,61049.2592950686,180,7.25,TRUE,"",5.5,156,5600156,5800156
"DGMM",NA,0.948624583236054,0.013,0.78173402522452,0.089,-31511.3432952352,65108.828684723,18,2.21999999999997,TRUE,"",5.5,157,5600157,5800157
"RDMM",5.28435384664811,0.956440396968175,0.011,0.803943037443132,0.079,-29570.4228370545,61220.0800130825,100,4.10999999999996,TRUE,"",5.5,157,5600157,5800157
"DGMM",NA,0.929225199486484,0.018,0.43009228506535,0.433,-30784.6117755549,63655.3656453625,19,2.26999999999998,TRUE,"",5.5,158,5600158,5800158
"RDMM",5.69195051094374,0.940840838327468,0.015,0.767716949403962,0.095,-29347.6116032004,60774.4575453744,192,7.67000000000002,TRUE,"",5.5,158,5600158,5800158
"DGMM",NA,0.921521533347067,0.02,0.44844138271361,0.491,-31358.6592817558,64803.4606577641,22,2.69999999999999,TRUE,"",5.5,159,5600159,5800159
"RDMM",5.73457508961252,0.948624578175524,0.013,0.768916024990229,0.094,-29816.0546992597,61711.343737493,212,8.63999999999999,TRUE,"",5.5,159,5600159,5800159
"DGMM",NA,0.649271740446184,0.097,0.450186862839103,0.259,-31872.9936223245,65832.1293389017,14,1.75,TRUE,"",5.5,160,5600160,5800160
"RDMM",5.42187117424944,0.929225083441793,0.018,0.810418065609488,0.075,-30212.3180096701,62503.8703583138,100,4.02999999999997,TRUE,"",5.5,160,5600160,5800160
"DGMM",NA,0.929225234125533,0.018,0.441254729043702,0.425,-31506.9803920013,65100.1028782552,20,2.39999999999998,TRUE,"",5.5,161,5600161,5800161
"RDMM",5.41357800525499,0.960360356880337,0.01,0.76423391682216,0.097,-29812.8460469997,61704.9264329731,106,4.34000000000003,TRUE,"",5.5,161,5600161,5800161
"DGMM",NA,0.940840868013705,0.015,0.435165358050515,0.427,-31344.487722412,64775.1175390766,20,2.36000000000001,TRUE,"",5.5,162,5600162,5800162
"RDMM",5.36843409476321,0.96822420563967,0.008,0.788519595927784,0.086,-29596.9087880709,61273.0519151153,176,6.85000000000002,TRUE,"",5.5,162,5600162,5800162
"DGMM",NA,0.968224228220199,0.008,0.463370964127813,0.455,-30958.2956161916,64002.7333266358,19,2.09999999999997,TRUE,"",5.5,163,5600163,5800163
"RDMM",6.33758385553714,0.976120115818491,0.006,0.79459183030932,0.083,-29648.1173884827,61375.4691159391,226,8.36000000000001,TRUE,"",5.5,163,5600163,5800163
"DGMM",NA,0.940840798325927,0.015,0.432294091744528,0.385,-31249.164793717,64584.4716816866,15,1.56,TRUE,"",5.5,164,5600164,5800164
"RDMM",5.36985942344465,0.972168143005071,0.007,0.744848836400126,0.106,-29617.5092872242,61314.252913422,118,3.32999999999998,TRUE,"",5.5,164,5600164,5800164
"DGMM",NA,0.791891956451196,0.055,0.556127626053089,0.202,-31746.9046173935,65579.9513290396,6,0.490000000000009,TRUE,"",5.5,165,5600165,5800165
"RDMM",5.53134662341968,0.976120111773749,0.006,0.754334624704418,0.102,-29709.8990349906,61499.0324089548,153,3.86000000000001,TRUE,"",5.5,165,5600165,5800165
"DGMM",NA,0.921521464620709,0.02,0.434810660328618,0.417,-31299.6302592386,64685.4026127299,21,1.5,TRUE,"",5.5,166,5600166,5800166
"RDMM",5.42802141926461,0.960360331619644,0.01,0.763650732624417,0.097,-29611.7446147581,61302.7235684898,100,2.34999999999997,TRUE,"",5.5,166,5600166,5800166
"DGMM",NA,0.940840800044508,0.015,0.432859311918182,0.402,-31211.8893466932,64509.920787639,13,0.890000000000043,TRUE,"",5.5,167,5600167,5800167
"RDMM",5.57084813383214,0.948624580735441,0.013,0.755260360664101,0.101,-29612.8920897133,61305.0185184002,128,2.94999999999999,TRUE,"",5.5,167,5600167,5800167
"DGMM",NA,0.952528504098332,0.012,0.456620688108073,0.463,-31863.5340173382,65813.210128929,24,1.37,TRUE,"",5.5,168,5600168,5800168
"RDMM",5.15571268149467,0.956440410401638,0.011,0.549364369529855,0.236,-30095.6241070507,62270.4825530749,126,5.05,TRUE,"",5.5,168,5600168,5800168
"DGMM",NA,0.936960970460011,0.016,0.580710264415048,0.194,-31675.1576565257,65436.457407304,19,2.27,TRUE,"",5.5,169,5600169,5800169
"RDMM",5.30348414222631,0.960360329575858,0.01,0.789944174638163,0.085,-30060.3362236303,62199.9067862343,101,4.1,TRUE,"",5.5,169,5600169,5800169
"DGMM",NA,0.956440430891215,0.011,0.467899536360727,0.393,-31456.5567291986,64999.2555526498,20,2.43,TRUE,"",5.5,170,5600170,5800170
"RDMM",5.81471283698933,0.952528511264526,0.012,0.757308319124136,0.1,-29922.2378280275,61923.7099950286,224,8.86,TRUE,"",5.5,170,5600170,5800170
"DGMM",NA,0.933089039407147,0.017,0.445503859493334,0.431,-31389.3780715871,64864.8982374267,20,2.53,TRUE,"",5.5,171,5600171,5800171
"RDMM",5.66695051014606,0.948624598733919,0.013,0.784422981519302,0.088,-29790.9296233646,61661.0935857029,191,7.67,TRUE,"",5.5,171,5600171,5800171
"DGMM",NA,0.910026069568316,0.023,0.421519540573118,0.478,-31465.9433531279,65018.0288005084,18,2.2,TRUE,"",5.5,172,5600172,5800172
"RDMM",5.89306946399554,0.956440426927384,0.011,0.75667463943736,0.1,-29954.6383922303,61988.5111234342,100,4,TRUE,"",5.5,172,5600172,5800172
"DGMM",NA,0.906210312396134,0.024,0.419424131377186,0.439,-31443.03819838,64972.2184910126,19,2.31,TRUE,"",5.5,173,5600173,5800173
"RDMM",5.17446132293961,0.948624621021968,0.013,0.782361076190257,0.088,-29671.0247785459,61421.2838960653,116,4.63,TRUE,"",5.5,173,5600173,5800173
"DGMM",NA,0.891027107445884,0.028,0.41339357091851,0.438,-31342.4166037569,64770.9753017665,19,2.3,TRUE,"",5.5,174,5600174,5800174
"RDMM",5.45272493902818,0.944728732959912,0.014,0.808907351381361,0.077,-29692.7247599606,61464.6838588949,115,4.67,TRUE,"",5.5,174,5600174,5800174
"DGMM",NA,0.940840801148496,0.015,0.433553163127348,0.419,-31595.7453121004,65277.6327184533,16,1.99,TRUE,"",5.5,175,5600175,5800175
"RDMM",5.54430009665487,0.952528495403916,0.012,0.761186343374566,0.098,-29920.9451047843,61921.1245485422,157,6.47,TRUE,"",5.5,175,5600175,5800175
"DGMM",NA,0.319763772760354,0.217,0.150925504642396,0.556,-31822.8407943592,65731.8236829709,27,3.25,TRUE,"",5.5,176,5600176,5800176
"RDMM",5.20144911891923,0.936960962088841,0.016,0.741044071525416,0.107,-30032.1985588813,62143.6314567361,125,5.06,TRUE,"",5.5,176,5600176,5800176
"DGMM",NA,0.948624622441945,0.013,0.43424207675326,0.502,-31444.050937911,64974.2439700746,21,2.56,TRUE,"",5.5,177,5600177,5800177
"RDMM",5.24269773591977,0.944728735679388,0.014,0.760339469275921,0.098,-29677.7898648822,61434.814068738,239,9.5,TRUE,"",5.5,177,5600177,5800177
"DGMM",NA,0.91768096711228,0.021,0.404453906360237,0.402,-31901.7688869661,65889.6798681848,13,1.62,TRUE,"",5.5,178,5600178,5800178
"RDMM",5.65047488168299,0.940840647306725,0.015,0.764843038893152,0.096,-30057.9502873368,62195.1349136473,150,6.03,TRUE,"",5.5,178,5600178,5800178
"DGMM",NA,0.732468425080145,0.072,0.340893188493209,0.449,-31679.5142833784,65445.1706610095,14,1.75,TRUE,"",5.5,179,5600179,5800179
"RDMM",5.16213114233638,0.933089088374658,0.017,0.772960420089743,0.092,-29849.3624790832,61777.95929714,100,4.18000000000001,TRUE,"",5.5,179,5600179,5800179
"DGMM",NA,0.936960898806238,0.016,0.574523203619105,0.201,-31701.1710701467,65488.4842345459,19,2.38,TRUE,"",5.5,180,5600180,5800180
"RDMM",5.68177827701602,0.956440396968175,0.011,0.76047121102018,0.099,-30083.3659727384,62245.9662844505,170,7.06,TRUE,"",5.5,180,5600180,5800180
"DGMM",NA,0.910026039865053,0.023,0.68494107601817,0.133,-31404.7532798854,64895.6486540235,21,2.54000000000001,TRUE,"",5.5,181,5600181,5800181
"RDMM",5.47171262446559,0.960360357609261,0.01,0.780407751735705,0.09,-29680.2716652621,61439.7776694979,100,4.06999999999999,TRUE,"",5.5,181,5600181,5800181
"DGMM",NA,0.929223668789733,0.018,0.682795386756596,0.135,-30917.0686191416,63920.2793325357,33,3.94,TRUE,"",5.5,182,5600182,5800182
"RDMM",6.03918930224099,0.933087853802534,0.017,0.746625165638565,0.104,-29545.2967507585,61169.8278404906,127,5.17,TRUE,"",5.5,182,5600182,5800182
"DGMM",NA,0.868492475414979,0.034,0.381616841590698,0.43,-31776.7666763242,65639.6754469009,13,1.75,TRUE,"",5.5,183,5600183,5800183
"RDMM",4.99453636694746,0.940840839253148,0.015,0.797852835166395,0.081,-29779.6740017953,61638.5823425643,180,7.14,TRUE,"",5.5,183,5600183,5800183
"DGMM",NA,0.788332223402011,0.056,0.556539380057019,0.197,-32213.0989834493,66512.3400611511,6,0.780000000000001,TRUE,"",5.5,184,5600184,5800184
"RDMM",5.14195925589116,0.956440422737287,0.011,0.764962937562873,0.096,-30008.0911833919,62095.4167057573,229,9.12,TRUE,"",5.5,184,5600184,5800184
"DGMM",NA,0.90621020160336,0.024,0.429438665871754,0.457,-31171.7358082907,64429.6137108339,19,4,TRUE,"",5.5,185,5600185,5800185
"RDMM",5.51172682233711,0.929225221916543,0.018,0.657704414145606,0.151,-29652.0530722691,61383.3404835118,102,4.53,TRUE,"",5.5,185,5600185,5800185
"DGMM",NA,0.921521527851378,0.02,0.42509603859419,0.303,-31013.3518717894,64112.8458378314,17,2.04999999999998,TRUE,"",5.5,186,5600186,5800186
"RDMM",6.02966670775109,0.936960938927884,0.016,0.504291889246112,0.303,-29548.6499419204,61176.5342228144,220,8.89000000000001,TRUE,"",5.5,186,5600186,5800186
"DGMM",NA,0.960360215792703,0.01,0.434255472991016,0.416,-31696.720824782,65479.5837438166,16,1.94999999999999,TRUE,"",5.5,187,5600187,5800187
"RDMM",5.03963930217636,0.952528355397807,0.012,0.775865558645175,0.093,-29900.7345868056,61880.7035125847,136,5.42000000000002,TRUE,"",5.5,187,5600187,5800187
"DGMM",NA,0.933089087859753,0.017,0.440769007133479,0.454,-31466.9439389822,65020.0299722171,25,3.03,TRUE,"",5.5,188,5600188,5800188
"RDMM",5.64100858619276,0.94862460102697,0.013,0.809109481722588,0.077,-29663.9754219133,61407.1851828002,100,4,TRUE,"",5.5,188,5600188,5800188
"DGMM",NA,0.936960929541006,0.016,0.641991511383059,0.156,-31580.650307648,65247.4427095486,18,2.22,TRUE,"",5.5,189,5600189,5800189
"RDMM",5.64631390453559,0.964288256000896,0.009,0.805501634308211,0.078,-29842.5562974761,61764.3469339259,100,4.04999999999998,TRUE,"",5.5,189,5600189,5800189
"DGMM",NA,0.968224193653764,0.008,0.454556977169929,0.438,-31104.8902226336,64295.9225395199,17,2.13999999999999,TRUE,"",5.5,190,5600190,5800190
"RDMM",5.78020861913246,0.97612009936042,0.006,0.804647985067569,0.079,-29665.9089071644,61411.0521533025,125,5.20000000000002,TRUE,"",5.5,190,5600190,5800190
"DGMM",NA,0.917681691255011,0.021,0.768623805356812,0.094,-31513.4368376636,65113.0157695798,15,2.01000000000002,TRUE,"",5.5,191,5600191,5800191
"RDMM",5.68752597918813,0.93696092599667,0.016,0.816804213673596,0.073,-29710.690911411,61500.6161617956,100,4.01999999999998,TRUE,"",5.5,191,5600191,5800191
"DGMM",NA,0.925369296079998,0.019,0.409995225587558,0.475,-31079.5797009796,64245.3014962119,12,1.5,TRUE,"",5.5,192,5600192,5800192
"RDMM",5.72280889820441,0.948624576633644,0.013,0.54368901191818,0.296,-29483.1530171628,61045.5403732992,141,5.69,TRUE,"",5.5,192,5600192,5800192
"DGMM",NA,0.898602816148515,0.026,0.509538252418138,0.259,-31390.375300458,64866.8926951687,23,2.85999999999999,TRUE,"",5.5,193,5600193,5800193
"RDMM",6.03113770353548,0.948624574172566,0.013,0.789657942635974,0.085,-29918.2331705784,61915.7006801304,152,6.16,TRUE,"",5.5,193,5600193,5800193
"DGMM",NA,0.925369447769957,0.019,0.404348287022221,0.441,-32021.1671329599,66128.4763601724,15,1.85999999999999,TRUE,"",5.5,194,5600194,5800194
"RDMM",5.35198577563411,0.944728714301941,0.014,0.769671580925309,0.094,-30022.4653051311,62124.1649492358,123,4.94999999999999,TRUE,"",5.5,194,5600194,5800194
"DGMM",NA,0.82428965164429,0.046,0.632444041104132,0.155,-31198.4917271694,64483.1255485914,19,2.37,TRUE,"",5.5,195,5600195,5800195
"RDMM",5.29179107470825,0.948624590154745,0.013,0.784689476782332,0.087,-29461.1285130979,61001.4913651695,100,4.06,TRUE,"",5.5,195,5600195,5800195
"DGMM",NA,0.891026999248767,0.028,0.40806093472395,0.392,-31757.5887579829,65601.3196102184,17,2.05000000000001,TRUE,"",5.5,196,5600196,5800196
"RDMM",5.04755631127515,0.960360360764541,0.01,0.771052797224887,0.094,-29658.5652539688,61396.3648469113,115,4.65000000000001,TRUE,"",5.5,196,5600196,5800196
"DGMM",NA,0.906207668089452,0.024,0.423120513882857,0.434,-31713.6685028457,65513.479099944,14,1.70000000000002,TRUE,"",5.5,197,5600197,5800197
"RDMM",5.5684663327704,0.929224557014939,0.018,0.815649544689731,0.074,-29876.5887834946,61832.4119059628,100,4.06,TRUE,"",5.5,197,5600197,5800197
"DGMM",NA,0.944728724276017,0.014,0.744944712274176,0.105,-31274.5057241558,64635.1535425642,20,2.38999999999999,TRUE,"",5.5,198,5600198,5800198
"RDMM",5.79304832916944,0.952528497780725,0.012,0.781366646274206,0.089,-29950.3277849625,61979.8899088986,100,4.06,TRUE,"",5.5,198,5600198,5800198
"DGMM",NA,0.94472868580456,0.014,0.448292550240198,0.463,-31961.6856016186,66009.5132974898,22,2.80000000000001,TRUE,"",5.5,199,5600199,5800199
"RDMM",5.37013617058147,0.948624578175524,0.013,0.744772199564787,0.106,-30231.7596489648,62542.7536369031,100,4.03999999999999,TRUE,"",5.5,199,5600199,5800199
"DGMM",NA,0.917681794684833,0.021,0.614933767425374,0.17,-31714.4794521926,65515.1009986377,17,2.03999999999999,TRUE,"",5.5,200,5600200,5800200
"RDMM",5.56441026062431,0.968224206919361,0.008,0.778930540245938,0.09,-29969.2319150151,62017.6981690039,100,4.17000000000002,TRUE,"",5.5,200,5600200,5800200
"DGMM",NA,0.925369362968191,0.019,0.431942796347154,0.391,-31541.8514948802,65169.845084013,17,2.06,TRUE,"",5.5,201,5600201,5800201
"RDMM",5.54391325866312,0.964288260720857,0.009,0.771193406272686,0.094,-29926.2800175073,61931.7943739883,122,4.92000000000002,TRUE,"",5.5,201,5600201,5800201
"DGMM",NA,0.898602876542812,0.026,0.444787187535803,0.34,-31518.8437353485,65123.8295649497,15,1.86000000000001,TRUE,"",5.5,202,5600202,5800202
"RDMM",5.20162227422973,0.960359838708435,0.01,0.763158226230458,0.097,-29836.3217162144,61751.8777714024,123,4.94999999999999,TRUE,"",5.5,202,5600202,5800202
"DGMM",NA,0.936960938221442,0.016,0.44285086674062,0.475,-31641.1147637063,65368.3716216652,20,2.44,TRUE,"",5.5,203,5600203,5800203
"RDMM",5.39912875216091,0.944728714639549,0.014,0.738653697333032,0.108,-29827.5736114554,61734.3815618844,123,5.02999999999997,TRUE,"",5.5,203,5600203,5800203
"DGMM",NA,0.887251332039771,0.029,0.415024583796396,0.402,-31894.9498845854,65876.0418634234,14,1.73999999999995,TRUE,"",5.5,204,5600204,5800204
"RDMM",5.12228871222773,0.972168147181522,0.007,0.784973770045823,0.088,-29942.925640917,61965.0856208076,155,6.28000000000003,TRUE,"",5.5,204,5600204,5800204
"DGMM",NA,0.76364210022238,0.063,0.357433834984371,0.421,-31701.5488670913,65489.2398284352,16,1.93000000000001,TRUE,"",5.5,205,5600205,5800205
"RDMM",5.19617633595211,0.964288260720857,0.009,0.819938055395719,0.072,-29928.6455965337,61936.525532041,193,7.80000000000001,TRUE,"",5.5,205,5600205,5800205
"DGMM",NA,0.91384984194407,0.022,0.425099445542967,0.463,-31612.1645553048,65310.4712048622,28,3.36000000000001,TRUE,"",5.5,206,5600206,5800206
"RDMM",5.31921984133008,0.940840836692353,0.015,0.782025101072097,0.088,-29859.3710048842,61797.9763487421,100,3.93000000000001,TRUE,"",5.5,206,5600206,5800206
"DGMM",NA,0.917681640197229,0.021,0.440339360806744,0.476,-31668.8211746099,65423.7844434723,17,1.88999999999999,TRUE,"",5.5,207,5600207,5800207
"RDMM",5.54817322270768,0.952528498235081,0.012,0.778815912128505,0.09,-29888.7329858349,61856.7003106435,108,4.08000000000004,TRUE,"",5.5,207,5600207,5800207
"DGMM",NA,0.936960947535551,0.016,0.660177604685648,0.148,-31647.8873416394,65381.9167775315,15,1.69,TRUE,"",5.5,208,5600208,5800208
"RDMM",5.30451536427426,0.952528488462993,0.012,0.761249969492862,0.098,-29960.0636580693,61999.3616551122,100,3.76999999999998,TRUE,"",5.5,208,5600208,5800208
"DGMM",NA,0.936959811948944,0.016,0.396476715861132,0.407,-32051.5348091549,66189.2117125624,13,0.81,TRUE,"",5.5,209,5600209,5800209
"RDMM",5.81750778788278,0.948622404032377,0.013,0.758326425112718,0.101,-30459.2610515509,62997.7564420754,180,6.17,TRUE,"",5.5,209,5600209,5800209
"DGMM",NA,0.921521523287993,0.02,0.544280528471455,0.214,-31661.2199038245,65408.5819019015,12,1.48,TRUE,"",5.5,210,5600210,5800210
"RDMM",5.58545039554738,0.940840803333711,0.015,0.745188073037275,0.105,-30127.7617062371,62334.7577514479,112,4.58,TRUE,"",5.5,210,5600210,5800210
"DGMM",NA,0.902402416681756,0.025,0.66170846096765,0.146,-31290.7918428936,64667.7257800399,13,1.61,TRUE,"",5.5,211,5600211,5800211
"RDMM",5.31206124114395,0.933089082813683,0.017,0.748532835197227,0.104,-29648.5981413405,61376.4306216546,100,4.06,TRUE,"",5.5,211,5600211,5800211
"DGMM",NA,0.948624573352206,0.013,0.592105793833901,0.186,-31731.3001673799,65548.7424290125,13,1.58,TRUE,"",5.5,212,5600212,5800212
"RDMM",5.08790635827294,0.98008006020008,0.005,0.794987745952428,0.083,-29818.767809821,61716.7699586157,157,6.27,TRUE,"",5.5,212,5600212,5800212
"DGMM",NA,0.894810826200878,0.027,0.387097979158409,0.487,-31747.2884291017,65580.718952456,15,1.82,TRUE,"",5.5,213,5600213,5800213
"RDMM",5.04226531393335,0.933089026585989,0.017,0.753446534042993,0.101,-29733.0769256959,61545.3881903655,100,4.18,TRUE,"",5.5,213,5600213,5800213
"DGMM",NA,0.948624631498827,0.013,0.438137097695577,0.424,-31355.7784080396,64797.6989103319,16,1.91999999999999,TRUE,"",5.5,214,5600214,5800214
"RDMM",5.82548807897223,0.964288260720857,0.009,0.77280242669205,0.093,-29637.2833652942,61353.801069562,100,3.98,TRUE,"",5.5,214,5600214,5800214
"DGMM",NA,0.921521452629064,0.02,0.436975753289693,0.441,-31301.1357392508,64688.4135727543,19,2.33000000000001,TRUE,"",5.5,215,5600215,5800215
"RDMM",6.0308091155822,0.940840787354327,0.015,0.771208489567425,0.093,-29761.4222877582,61602.07891449,121,4.86,TRUE,"",5.5,215,5600215,5800215
"DGMM",NA,0.913849815591461,0.022,0.409382030546018,0.483,-31791.1426218364,65668.4273379254,14,1.72,TRUE,"",5.5,216,5600216,5800216
"RDMM",5.37506772954884,0.960360347830748,0.01,0.780490729403983,0.089,-29569.7612903915,61218.7569197566,153,6.08,TRUE,"",5.5,216,5600216,5800216
"DGMM",NA,0.964288266883599,0.009,0.723704313712304,0.116,-31675.5371827139,65437.2164596805,22,2.69,TRUE,"",5.5,217,5600217,5800217
"RDMM",5.68670911681003,0.972168151486478,0.007,0.801704950449008,0.08,-30126.634856297,62332.5040515675,100,4.06,TRUE,"",5.5,217,5600217,5800217
"DGMM",NA,0.952528501815135,0.012,0.434082285050101,0.468,-31186.9285860658,64459.9992663842,19,2.44,TRUE,"",5.5,218,5600218,5800218
"RDMM",6.05470587373288,0.972168147181522,0.007,0.772576630041195,0.093,-29678.2788040243,61435.7919470223,174,6.97,TRUE,"",5.5,218,5600218,5800218
"DGMM",NA,0.872228445514421,0.033,0.425038138965176,0.451,-31759.4778873679,65605.0978689883,25,3.03,TRUE,"",5.5,219,5600219,5800219
"RDMM",5.64349733389332,0.944728679084277,0.014,0.80162087825639,0.08,-30004.3059209791,62087.8461809318,125,5.00999999999999,TRUE,"",5.5,219,5600219,5800219
"DGMM",NA,0.910026055807191,0.023,0.422422224400321,0.415,-31463.1950301616,65012.5321545757,19,2.33000000000001,TRUE,"",5.5,220,5600220,5800220
"RDMM",5.78765680273295,0.940840805382349,0.015,0.753751514744083,0.103,-29947.1344041197,61973.5031472131,187,7.44,TRUE,"",5.5,220,5600220,5800220
"DGMM",NA,0.968224204853108,0.008,0.692680923981899,0.132,-30662.9458988806,63412.0338920137,17,2.14,TRUE,"",5.5,221,5600221,5800221
"RDMM",6.0678572481432,0.976120102806016,0.006,0.835786722556631,0.066,-29329.2730134638,60737.7803659013,106,4.28,TRUE,"",5.5,221,5600221,5800221
"DGMM",NA,0.925369403648559,0.019,0.437156600132323,0.464,-31704.4525488353,65495.0471919232,18,2.23999999999999,TRUE,"",5.5,222,5600222,5800222
"RDMM",5.47707526490714,0.956440431955499,0.011,0.815848227530916,0.074,-29895.0781209918,61869.3905809572,130,5.48999999999999,TRUE,"",5.5,222,5600222,5800222
"DGMM",NA,0.952528541926311,0.012,0.437776085809034,0.43,-31605.9746004736,65298.0912951999,24,2.94,TRUE,"",5.5,223,5600223,5800223
"RDMM",5.09276462493773,0.960360358507229,0.01,0.76423310418067,0.097,-29764.5269294106,61608.2881977948,168,6.77,TRUE,"",5.5,223,5600223,5800223
"DGMM",NA,0.933089039407147,0.017,0.441419750227287,0.447,-31477.4900901725,65041.1222745976,20,2.48999999999999,TRUE,"",5.5,224,5600224,5800224
"RDMM",5.84334312678212,0.936960914717859,0.016,0.764616078871869,0.096,-29933.7053902394,61946.6451194524,100,4.06999999999999,TRUE,"",5.5,224,5600224,5800224
"DGMM",NA,0.925368918711757,0.019,0.43465440430804,0.426,-31212.4657170872,64511.073528427,24,2.93000000000001,TRUE,"",5.5,225,5600225,5800225
"RDMM",5.55264357713448,0.940840699535852,0.015,0.726830959859661,0.114,-29698.2941217227,61475.8225824191,128,5.26000000000001,TRUE,"",5.5,225,5600225,5800225
"DGMM",NA,0.944728701180389,0.014,0.428393993033617,0.433,-31058.524135241,64203.1903647347,18,2.19000000000001,TRUE,"",5.5,226,5600226,5800226
"RDMM",5.87202779293416,0.972168162066811,0.007,0.809727512351929,0.077,-29566.2286317897,61211.691602553,199,7.99000000000001,TRUE,"",5.5,226,5600226,5800226
"DGMM",NA,0.940840821634874,0.015,0.427435028041966,0.366,-31728.1535194895,65542.4491332316,14,1.72,TRUE,"",5.5,227,5600227,5800227
"RDMM",5.27555586800008,0.956440429919113,0.011,0.808242394752069,0.077,-30028.4903684511,62136.2150758758,144,7.62,TRUE,"",5.5,227,5600227,5800227
"DGMM",NA,0.940840811027485,0.015,0.679754477190113,0.138,-31678.4439462266,65443.0299867057,22,2.89000000000001,TRUE,"",5.5,228,5600228,5800228
"RDMM",5.65364401297493,0.933089041003355,0.017,0.778239078533495,0.09,-30191.2683214738,62461.7709819212,102,4.03,TRUE,"",5.5,228,5600228,5800228
"DGMM",NA,0.92922517799478,0.018,0.391536728141099,0.448,-31747.6571461943,65581.4563866412,14,1.81,TRUE,"",5.5,229,5600229,5800229
"RDMM",5.41879441202017,0.964288287906982,0.009,0.778738164705548,0.092,-29944.0023066585,61967.2389522907,259,10.29,TRUE,"",5.5,229,5600229,5800229
"DGMM",NA,0.956440401786792,0.011,0.438332442967101,0.442,-31211.2858223344,64508.7137389214,17,2.07999999999998,TRUE,"",5.5,230,5600230,5800230
"RDMM",5.79150668765632,0.964288258144459,0.009,0.80352244098568,0.079,-29685.6144605396,61450.4632600528,121,4.94,TRUE,"",5.5,230,5600230,5800230
"DGMM",NA,0.952528526074094,0.012,0.459120460234931,0.394,-31758.4979048681,65603.1379039888,15,1.78999999999999,TRUE,"",5.5,231,5600231,5800231
"RDMM",5.33829231667813,0.976120119344862,0.006,0.773326238364429,0.093,-29915.9558332891,61911.1460055519,134,5.46000000000001,TRUE,"",5.5,231,5600231,5800231
"DGMM",NA,0.92536933175914,0.019,0.432711375589537,0.491,-31388.7566697322,64863.6554337169,21,2.53,TRUE,"",5.5,232,5600232,5800232
"RDMM",5.66194467446567,0.948624598733919,0.013,0.770512461266865,0.094,-29633.9724459175,61347.1792308085,219,9.04999999999998,TRUE,"",5.5,232,5600232,5800232
"DGMM",NA,0.917681653563478,0.021,0.43260847000593,0.458,-31609.7542871769,65305.6506686064,19,2.39000000000001,TRUE,"",5.5,233,5600233,5800233
"RDMM",5.09963729506525,0.952528508794868,0.012,0.767476725490087,0.095,-29866.0597449693,61811.3538289123,118,4.75,TRUE,"",5.5,233,5600233,5800233
"DGMM",NA,0.94084074410524,0.015,0.44965049567127,0.448,-31742.6196285093,65571.3813512713,15,1.86999999999998,TRUE,"",5.5,234,5600234,5800234
"RDMM",5.43280370968914,0.956440430569974,0.011,0.775312525051227,0.092,-29870.0630261181,61819.3603912099,100,4.17000000000002,TRUE,"",5.5,234,5600234,5800234
"DGMM",NA,0.788333851776467,0.056,0.36391439938416,0.451,-31489.7448138049,65065.6317218624,18,2.26999999999998,TRUE,"",5.5,235,5600235,5800235
"RDMM",5.66909002152725,0.929225213369113,0.018,0.785359533218476,0.087,-29697.943347789,61475.1210345517,232,9.29000000000002,TRUE,"",5.5,235,5600235,5800235
"DGMM",NA,0.952528484718547,0.012,0.640869726350285,0.159,-31454.1842937541,64994.5106817608,14,1.72,TRUE,"",5.5,236,5600236,5800236
"RDMM",5.55779589961087,0.968224192894201,0.008,0.802692858050487,0.08,-29790.1707896443,61659.5759182621,162,6.64000000000001,TRUE,"",5.5,236,5600236,5800236
"DGMM",NA,0.952528511936547,0.012,0.442336294795759,0.378,-31612.6684306285,65311.4789555097,18,2.20999999999998,TRUE,"",5.5,237,5600237,5800237
"RDMM",5.03455430501353,0.952528506791744,0.012,0.81003219795197,0.076,-29677.7900342555,61434.8144074846,138,5.54000000000002,TRUE,"",5.5,237,5600237,5800237
"DGMM",NA,0.902402488388267,0.025,0.710620827690106,0.12,-31202.9842729824,64492.1106402175,19,2.31,TRUE,"",5.5,238,5600238,5800238
"RDMM",6.0405688362266,0.944728725871018,0.014,0.734087777858431,0.11,-29747.7560342696,61574.7464075128,100,4.07999999999998,TRUE,"",5.5,238,5600238,5800238
"DGMM",NA,0.906210264327773,0.024,0.499622583136788,0.255,-31500.5491799477,65087.240454148,13,1.60999999999999,TRUE,"",5.5,239,5600239,5800239
"RDMM",5.65407355978088,0.956440394847983,0.011,0.748047068957361,0.104,-29856.1241100641,61791.4825591018,138,5.54000000000002,TRUE,"",5.5,239,5600239,5800239
"DGMM",NA,0.936960914717859,0.016,0.615851161012034,0.172,-31656.2977325804,65398.7375594134,14,1.86000000000001,TRUE,"",5.5,240,5600240,5800240
"RDMM",5.30451531944823,0.948624575793517,0.013,0.760735970870255,0.098,-29828.2264257312,61735.687190436,178,7.15000000000001,TRUE,"",5.5,240,5600240,5800240
"DGMM",NA,0.925369307661963,0.019,0.636246211608045,0.16,-32056.4077535034,66198.9576012594,16,1.99999999999997,TRUE,"",5.5,241,5600241,5800241
"RDMM",5.32279643509282,0.936960920733226,0.016,0.792537432054148,0.084,-30059.7455383708,62198.7254157152,100,4.05000000000001,TRUE,"",5.5,241,5600241,5800241
"DGMM",NA,0.944728727931228,0.014,0.418762140010577,0.468,-31183.8209404094,64453.7839750714,15,1.86000000000001,TRUE,"",5.5,242,5600242,5800242
"RDMM",5.23560070053746,0.964288256083341,0.009,0.775671513259379,0.091,-29384.1948315405,60847.6240020546,104,4.25999999999999,TRUE,"",5.5,242,5600242,5800242
"DGMM",NA,0.948622840091523,0.013,0.446539448020453,0.32,-31237.1933458429,64560.5287859383,11,1.35000000000002,TRUE,"",5.5,243,5600243,5800243
"RDMM",5.82522753530978,0.964287047835421,0.009,0.799511725838448,0.082,-29447.7879731502,60974.810285274,100,3.98000000000002,TRUE,"",5.5,243,5600243,5800243
"DGMM",NA,0.929225167782784,0.018,0.668709103670179,0.142,-31652.8219993187,65391.7860928901,18,2.19999999999999,TRUE,"",5.5,244,5600244,5800244
"RDMM",5.69602930656203,0.956440403672337,0.011,0.767411300623011,0.096,-30158.3519710375,62395.9382810486,100,4.09000000000003,TRUE,"",5.5,244,5600244,5800244
"DGMM",NA,0.608026896090517,0.11,0.290150728621869,0.534,-31176.5454228258,64439.2329399041,23,2.82999999999998,TRUE,"",5.5,245,5600245,5800245
"RDMM",5.5189584199832,0.956440397663732,0.011,0.797838008598444,0.081,-29466.0304610686,61011.2952611109,143,5.77999999999997,TRUE,"",5.5,245,5600245,5800245
"DGMM",NA,0.968224010159465,0.008,0.734789815002389,0.11,-31301.0517461533,64688.2455865591,19,2.31,TRUE,"",5.5,246,5600246,5800246
"RDMM",5.90144100693012,0.960360039096832,0.01,0.803297237813379,0.079,-29640.8935980471,61361.0215350677,100,4.10000000000002,TRUE,"",5.5,246,5600246,5800246
"DGMM",NA,0.92152146676086,0.02,0.504186092352501,0.25,-31415.1506257232,64916.443345699,14,1.72000000000003,TRUE,"",5.5,247,5600247,5800247
"RDMM",5.31148928170634,0.952528495403916,0.012,0.794563325842296,0.083,-29850.8344078345,61780.9031546425,100,4.04999999999995,TRUE,"",5.5,247,5600247,5800247
"DGMM",NA,0.917681655384709,0.021,0.437084336425437,0.368,-31523.523199771,65133.1884937946,17,2.08999999999997,TRUE,"",5.5,248,5600248,5800248
"RDMM",5.34925978656392,0.944728716598743,0.014,0.760751212956628,0.099,-29673.5571725997,61426.3486841729,207,7.63999999999999,TRUE,"",5.5,248,5600248,5800248
"DGMM",NA,0.933089095364494,0.017,0.434560490530348,0.422,-31109.6780496234,64305.4981934994,19,2.12,TRUE,"",5.5,249,5600249,5800249
"RDMM",5.55870463827014,0.96822422390583,0.008,0.786329238854642,0.087,-29484.8309365871,61048.8962121478,171,5.91000000000003,TRUE,"",5.5,249,5600249,5800249
"DGMM",NA,0.933088874774177,0.017,0.424991157818261,0.456,-31555.2108279889,65196.5637502305,15,1.24000000000001,TRUE,"",5.5,250,5600250,5800250
"RDMM",5.30633762439814,0.936960939534271,0.016,0.673789287028407,0.142,-29774.3413900633,61627.9171191002,126,3.25,TRUE,"",5.5,250,5600250,5800250
"DGMM",NA,0.933089055369225,0.017,0.668302373810057,0.143,-31905.3064602204,65896.7550146934,17,1.05,TRUE,"",5.5,251,5600251,5800251
"RDMM",5.25141664154594,0.956440411214517,0.011,0.792953045879849,0.084,-30138.6200462416,62356.4744314568,100,3.2,TRUE,"",5.5,251,5600251,5800251
"DGMM",NA,0.972168148975254,0.007,0.470327793517414,0.48,-31463.4687646728,65013.0796235982,16,1.95,TRUE,"",5.5,252,5600252,5800252
"RDMM",5.61903426505083,0.980080063609543,0.005,0.799829997154103,0.081,-29981.5347479564,62042.3038348864,100,4.06,TRUE,"",5.5,252,5600252,5800252
"DGMM",NA,0.944728729866496,0.014,0.584646810107398,0.19,-31473.1691128974,65032.4803200473,14,1.72,TRUE,"",5.5,253,5600253,5800253
"RDMM",5.45251119740274,0.948624625617949,0.013,0.769157687201618,0.094,-29902.1697983946,61883.5739357628,100,4.03,TRUE,"",5.5,253,5600253,5800253
"DGMM",NA,0.948624629442991,0.013,0.639181773865676,0.158,-31210.5809764754,64507.3040472034,13,1.57,TRUE,"",5.5,254,5600254,5800254
"RDMM",5.23072352840174,0.948624626148382,0.013,0.770813587180322,0.094,-29479.6694388675,61038.5732167086,155,6.21,TRUE,"",5.5,254,5600254,5800254
"DGMM",NA,0.913849860676788,0.022,0.43149833648661,0.451,-31742.192361825,65570.5268179026,26,3.17,TRUE,"",5.5,255,5600255,5800255
"RDMM",5.24877547537285,0.936960915254512,0.016,0.741347306563872,0.107,-30042.1439688802,62163.522276734,107,4.4,TRUE,"",5.5,255,5600255,5800255
"DGMM",NA,0.956440443327415,0.011,0.456623752641763,0.34,-31652.1728516456,65390.4877975437,17,2.08000000000001,TRUE,"",5.5,256,5600256,5800256
"RDMM",5.70008437468174,0.96428828949404,0.009,0.775156994813889,0.092,-29855.5746809034,61790.3837007804,100,4.11,TRUE,"",5.5,256,5600256,5800256
"DGMM",NA,0.940840859193197,0.015,0.431751124627728,0.423,-31532.9362494088,65152.0145930703,17,2.02,TRUE,"",5.5,257,5600257,5800257
"RDMM",5.44836856972992,0.944728727931228,0.014,0.77517144597186,0.092,-29903.8273655249,61886.8890700234,141,5.62,TRUE,"",5.5,257,5600257,5800257
"DGMM",NA,0.910026039795815,0.023,0.43490939515697,0.428,-31366.4350687954,64819.0122318435,21,2.53,TRUE,"",5.5,258,5600258,5800258
"RDMM",5.3709213254508,0.921521535487214,0.02,0.746143856585817,0.105,-29620.2842397537,61319.802818481,107,4.35,TRUE,"",5.5,258,5600258,5800258
"DGMM",NA,0.921521488898399,0.02,0.447552454357246,0.468,-31977.9325877788,66042.0072698102,22,2.61,TRUE,"",5.5,259,5600259,5800259
"RDMM",5.40558374632248,0.94084083423399,0.015,0.791829316602547,0.084,-30068.5309042503,62216.2961474741,159,6.31,TRUE,"",5.5,259,5600259,5800259
"DGMM",NA,0.809811442911195,0.05,0.603737491310152,0.171,-30967.2838810926,64020.7098564378,14,1.88,TRUE,"",5.5,260,5600260,5800260
"RDMM",5.91995258862366,0.936960898299904,0.016,0.802589125494071,0.079,-29325.1591567945,60729.5526525627,100,4.19,TRUE,"",5.5,260,5600260,5800260
"DGMM",NA,0.88348347279106,0.03,0.606365764423805,0.175,-31582.0733762839,65250.2888468204,19,2.28,TRUE,"",5.5,261,5600261,5800261
"RDMM",4.9776219699449,0.944728732269631,0.014,0.775769981183636,0.091,-29673.2506641198,61425.7356672133,100,4.02999999999999,TRUE,"",5.5,261,5600261,5800261
"DGMM",NA,0.956440401158276,0.011,0.733724346280244,0.111,-31798.948782472,65684.0396591966,19,2.39,TRUE,"",5.5,262,5600262,5800262
"RDMM",5.08321542307514,0.964288252648143,0.009,0.784090203627557,0.088,-29780.132435045,61639.4992090637,100,3.97000000000001,TRUE,"",5.5,262,5600262,5800262
"DGMM",NA,0.929225253369435,0.018,0.422788144392512,0.46,-31721.0214065702,65528.184907393,18,2.25,TRUE,"",5.5,263,5600263,5800263
"RDMM",4.97965958511068,0.940840823850437,0.015,0.786646075874166,0.086,-29602.0653482055,61283.3650353846,232,9.28,TRUE,"",5.5,263,5600263,5800263
"DGMM",NA,0.933089066233732,0.017,0.460025475896337,0.309,-31541.467360412,65169.0768150767,14,1.73,TRUE,"",5.5,264,5600264,5800264
"RDMM",5.33584115295514,0.940840796231763,0.015,0.808421652131442,0.077,-29659.7065187137,61398.647376401,217,9.05,TRUE,"",5.5,264,5600264,5800264
"DGMM",NA,0.956440403672337,0.011,0.407587322434338,0.458,-31702.970011796,65492.0821178447,17,2.16,TRUE,"",5.5,265,5600265,5800265
"RDMM",5.59528591861304,0.960360325900093,0.01,0.568500731516059,0.25,-30063.5159701893,62206.2662793522,192,7.67,TRUE,"",5.5,265,5600265,5800265
"DGMM",NA,0.952528479896431,0.012,0.447171238442039,0.415,-32113.1562672718,66312.4546287961,18,2.15000000000001,TRUE,"",5.5,266,5600266,5800266
"RDMM",5.23684441671115,0.980079999676493,0.005,0.78847278059011,0.086,-30176.8082938722,62432.8509267181,113,4.52999999999999,TRUE,"",5.5,266,5600266,5800266
"DGMM",NA,0.857333534038261,0.037,0.371718439841177,0.449,-32148.3010405758,66382.7441754041,16,1.97000000000001,TRUE,"",5.5,267,5600267,5800267
"RDMM",4.99680582249551,0.917681619609396,0.021,0.571445183797418,0.235,-30314.8648462595,62708.9640314925,158,6.53999999999999,TRUE,"",5.5,267,5600267,5800267
"DGMM",NA,0.94084080653945,0.015,0.445242327302617,0.459,-31248.9119562495,64583.9660067516,20,2.41999999999999,TRUE,"",5.5,268,5600268,5800268
"RDMM",5.60985187591724,0.952528498235081,0.012,0.799085143021232,0.081,-29730.9799810418,61541.1943010573,120,4.83000000000001,TRUE,"",5.5,268,5600268,5800268
"DGMM",NA,0.89102663026827,0.028,0.421631742232143,0.323,-31920.0502503521,65926.2425949568,13,1.67000000000002,TRUE,"",5.5,269,5600269,5800269
"RDMM",5.57704719702295,0.93308620619364,0.017,0.727941670929314,0.112,-30052.9595523206,62185.1534436148,103,4.10999999999999,TRUE,"",5.5,269,5600269,5800269
"DGMM",NA,0.817033602321226,0.048,0.355554581379991,0.429,-32366.2930581399,66818.7282105324,18,2.25,TRUE,"",5.5,270,5600270,5800270
"RDMM",4.7334614683125,0.956440439497669,0.011,0.77167511199559,0.093,-30356.7418699933,62792.7180789602,100,6.07999999999998,TRUE,"",5.5,270,5600270,5800270
"DGMM",NA,0.66880330385831,0.091,0.330748535018661,0.466,-31933.4314734469,65953.0050411465,18,2.25,TRUE,"",5.5,271,5600271,5800271
"RDMM",5.30480163759051,0.956440398364875,0.011,0.755531005931237,0.1,-30104.8221091011,62288.8785571759,129,5.19999999999999,TRUE,"",5.5,271,5600271,5800271
"DGMM",NA,0.921521499735031,0.02,0.652698963949747,0.152,-32017.5029223353,66121.1479389232,13,1.65000000000001,TRUE,"",5.5,272,5600272,5800272
"RDMM",5.22251284600457,0.940840827435552,0.015,0.768267680856572,0.094,-29984.3434903485,62047.9213196707,171,6.84999999999999,TRUE,"",5.5,272,5600272,5800272
"DGMM",NA,0.763641020368787,0.063,0.356874895745571,0.472,-31802.5163373376,65691.1747689278,17,2.06999999999999,TRUE,"",5.5,273,5600273,5800273
"RDMM",5.86369193616061,0.921521471441262,0.02,0.713631229716907,0.12,-30143.8093282876,62366.8529955489,191,7.61000000000001,TRUE,"",5.5,273,5600273,5800273
"DGMM",NA,0.929224783561085,0.018,0.442888496609426,0.471,-31471.4903080111,65029.1227102748,29,3.5,TRUE,"",5.5,274,5600274,5800274
"RDMM",5.69565294754952,0.952528303742376,0.012,0.744686175645014,0.105,-29782.6921226834,61644.6185843404,166,6.84,TRUE,"",5.5,274,5600274,5800274
"DGMM",NA,0.936960928498019,0.016,0.591156849827139,0.185,-31669.9807491931,65426.1035926387,18,2.22999999999999,TRUE,"",5.5,275,5600275,5800275
"RDMM",5.10385486455064,0.960360324756183,0.01,0.792408774646681,0.084,-29873.1601097299,61825.5545584334,172,7.09999999999999,TRUE,"",5.5,275,5600275,5800275
"DGMM",NA,0.791893001525637,0.055,0.372985713521817,0.432,-31480.5569188449,65047.2559319425,22,2.63,TRUE,"",5.5,276,5600276,5800276
"RDMM",5.59478330720946,0.933089095518966,0.017,0.779669750827724,0.089,-29987.5520554274,62054.3384498284,105,4.22,TRUE,"",5.5,276,5600276,5800276
"DGMM",NA,0.906210348122586,0.024,0.421514502704011,0.496,-31664.3159475385,65414.7739893296,23,2.88,TRUE,"",5.5,277,5600277,5800277
"RDMM",5.19910388615834,0.940840822488473,0.015,0.765197411740328,0.098,-29843.3863535457,61766.007046065,139,5.65000000000001,TRUE,"",5.5,277,5600277,5800277
"DGMM",NA,0.906210070177286,0.024,0.406006853284952,0.419,-31874.9907883044,65836.1236708613,15,1.84,TRUE,"",5.5,278,5600278,5800278
"RDMM",4.97248071148912,0.936960939534271,0.016,0.773136421294248,0.092,-29915.4894927672,61910.2133245079,209,8.37,TRUE,"",5.5,278,5600278,5800278
"DGMM",NA,0.940840811027485,0.015,0.430403807837048,0.418,-31301.5803333285,64689.3027609096,16,2.03,TRUE,"",5.5,279,5600279,5800279
"RDMM",5.55182093516569,0.956440422737287,0.011,0.749609838384714,0.104,-29859.7588267793,61798.7519925322,100,4,TRUE,"",5.5,279,5600279,5800279
"DGMM",NA,0.913849822888152,0.022,0.413280003842977,0.449,-31535.2652323015,65156.6725588556,14,1.77000000000001,TRUE,"",5.5,280,5600280,5800280
"RDMM",5.5974650333709,0.960360351660936,0.01,0.776830411133924,0.091,-29841.6109315569,61762.4562020875,107,4.32999999999998,TRUE,"",5.5,280,5600280,5800280
"DGMM",NA,0.774169231586285,0.06,0.353985004702611,0.452,-31923.6947509328,65933.5315961183,18,2.17999999999998,TRUE,"",5.5,281,5600281,5800281
"RDMM",5.49571560241935,0.952528501815135,0.012,0.765065937743611,0.096,-30313.4536649386,62706.1416688507,221,8.76000000000002,TRUE,"",5.5,281,5600281,5800281
"DGMM",NA,0.948624501911642,0.013,0.680037535522562,0.137,-31232.0879765476,64550.3180473478,12,1.54000000000002,TRUE,"",5.5,282,5600282,5800282
"RDMM",5.92820016475101,0.960360097694397,0.01,0.792225180842636,0.085,-29728.6604895981,61536.5553181698,100,4.19,TRUE,"",5.5,282,5600282,5800282
"DGMM",NA,0.933089028594122,0.017,0.453634535747673,0.483,-31282.3377163174,64650.8175268873,25,3.01000000000002,TRUE,"",5.5,283,5600283,5800283
"RDMM",5.56097572117613,0.948624578175524,0.013,0.637501700202364,0.165,-29696.2092491582,61471.6528372901,119,4.84999999999997,TRUE,"",5.5,283,5600283,5800283
"DGMM",NA,0.910025995292812,0.023,0.430818296425234,0.441,-31511.7059428927,65109.553980038,24,2.92000000000002,TRUE,"",5.5,284,5600284,5800284
"RDMM",5.48761236946814,0.940840796231763,0.015,0.717147906620097,0.119,-29900.4098570643,61880.0540531022,100,3.98000000000002,TRUE,"",5.5,284,5600284,5800284
"DGMM",NA,0.921521501516602,0.02,0.681481460411634,0.136,-31583.8113252114,65253.7647446754,17,2.09000000000003,TRUE,"",5.5,285,5600285,5800285
"RDMM",5.62568537607908,0.936960935892915,0.016,0.791432014792434,0.084,-29849.2377335149,61777.7098060034,154,6.19,TRUE,"",5.5,285,5600285,5800285
"DGMM",NA,0.960360353219829,0.01,0.467506088551545,0.387,-31057.7510406424,64201.6441755374,21,2.60000000000002,TRUE,"",5.5,286,5600286,5800286
"RDMM",5.93232259688374,0.960360353219829,0.01,0.806125084299664,0.078,-29501.9250318808,61083.0844027353,100,4,TRUE,"",5.5,286,5600286,5800286
"DGMM",NA,0.781238317804881,0.058,0.359189279429498,0.451,-32166.8395712148,66419.8212366822,21,2.60999999999996,TRUE,"",5.5,287,5600287,5800287
"RDMM",5.21376337309607,0.936960928519243,0.016,0.758702426388146,0.1,-30187.6639377067,62454.5622143871,171,6.86000000000001,TRUE,"",5.5,287,5600287,5800287
"DGMM",NA,0.835229234029277,0.043,0.370228734682964,0.449,-31911.3632935879,65908.8686814283,15,1.89000000000004,TRUE,"",5.5,288,5600288,5800288
"RDMM",5.28426842503503,0.95644040922841,0.011,0.807921620979663,0.078,-30097.3080327064,62273.8504043864,100,4.00999999999999,TRUE,"",5.5,288,5600288,5800288
"DGMM",NA,0.956440415195111,0.011,0.755536124899594,0.101,-31414.6251748735,64915.3924439996,19,2.26000000000005,TRUE,"",5.5,289,5600289,5800289
"RDMM",5.52321845994617,0.956440401057714,0.011,0.77603579353105,0.091,-29785.071090671,61649.3765203157,100,4.13,TRUE,"",5.5,289,5600289,5800289
"DGMM",NA,0.827928331382138,0.045,0.391792620554817,0.398,-31686.8739203668,65459.8899349863,18,2.07999999999998,TRUE,"",5.5,290,5600290,5800290
"RDMM",5.03086176908283,0.936960925487305,0.016,0.689106495343445,0.132,-29877.1405337603,61833.5154064942,100,3.75,TRUE,"",5.5,290,5600290,5800290
"DGMM",NA,0.936960962088841,0.016,0.578742969592344,0.196,-31997.0637331823,66080.2695606173,17,2,TRUE,"",5.5,291,5600291,5800291
"RDMM",5.31964530183134,0.952528507294808,0.012,0.767192859124212,0.095,-30140.9958760168,62361.2260910072,100,3.70000000000005,TRUE,"",5.5,291,5600291,5800291
"DGMM",NA,0.929225168436352,0.018,0.433754562752924,0.423,-31561.5351201417,65209.212334536,14,1.56999999999999,TRUE,"",5.5,292,5600292,5800292
"RDMM",5.62185986761143,0.921521460574425,0.02,0.76695984723434,0.095,-29637.7710013735,61354.7763417206,165,5,TRUE,"",5.5,292,5600292,5800292
"DGMM",NA,0.944728726934353,0.014,0.430904416366482,0.409,-31593.2873335478,65272.7167613482,18,1.05,TRUE,"",5.5,293,5600293,5800293
"RDMM",5.67961320193522,0.944728726934353,0.014,0.523439960656467,0.3,-29937.5167985874,61954.2679361485,113,3.57,TRUE,"",5.5,293,5600293,5800293
"DGMM",NA,0.906210346498657,0.024,0.421253239688523,0.445,-31562.4601495294,65211.0623933114,16,1.92,TRUE,"",5.5,294,5600294,5800294
"RDMM",5.29415073668753,0.94862413244966,0.013,0.749304955603731,0.103,-29647.5869325243,61374.4082040223,191,7.61,TRUE,"",5.5,294,5600294,5800294
"DGMM",NA,0.658995695327712,0.094,0.376047158947123,0.323,-32147.7985762792,66381.739246811,11,1.36,TRUE,"",5.5,295,5600295,5800295
"RDMM",5.25690152238844,0.944728681508683,0.014,0.7424536369823,0.107,-30068.2803107488,62215.7949604712,300,12.01,TRUE,"",5.5,295,5600295,5800295
"DGMM",NA,0.910026093801733,0.023,0.432069472976948,0.462,-31542.1134102315,65170.3689147156,18,2.18,TRUE,"",5.5,296,5600296,5800296
"RDMM",5.18334040769145,0.956440397663732,0.011,0.748659102483437,0.104,-29688.0476652102,61455.3296693941,195,7.85,TRUE,"",5.5,296,5600296,5800296
"DGMM",NA,0.956440415183938,0.011,0.450844857273589,0.473,-31000.2769963667,64086.696086986,22,2.63,TRUE,"",5.5,297,5600297,5800297
"RDMM",5.65555134623826,0.964288258760505,0.009,0.571901440163253,0.271,-29556.7156589102,61192.6656567939,112,4.54,TRUE,"",5.5,297,5600297,5800297
"DGMM",NA,0.887251235731253,0.029,0.421174123502433,0.456,-31278.4889080751,64643.1199104029,19,2.3,TRUE,"",5.5,298,5600298,5800298
"RDMM",5.66729124071485,0.964288288374168,0.009,0.800959839227044,0.08,-29643.2849682127,61365.804275399,177,7.01,TRUE,"",5.5,298,5600298,5800298
"DGMM",NA,0.964288287906982,0.009,0.462244508725733,0.387,-31451.6990525163,64989.5401992852,27,3.27999999999999,TRUE,"",5.5,299,5600299,5800299
"RDMM",5.60234405622659,0.956440448657213,0.011,0.778642416096459,0.09,-29965.8954622413,62011.0252634562,130,5.39,TRUE,"",5.5,299,5600299,5800299
"DGMM",NA,0.906210176101573,0.024,0.681892420113212,0.138,-31095.856474965,64277.8550441825,35,4.23,TRUE,"",5.5,300,5600300,5800300
"RDMM",5.80439586585081,0.960360328536806,0.01,0.8136390363781,0.075,-29422.1176230825,60923.4695851386,194,7.78,TRUE,"",5.5,300,5600300,5800300
"DGMM",NA,0.925369354832112,0.019,0.415037241355481,0.462,-31227.9575246149,64542.0571434825,19,2.31,TRUE,"",5.5,301,5600301,5800301
"RDMM",5.72510711346496,0.956440435575741,0.011,0.774345938161194,0.092,-29745.731226818,61570.6967926097,127,5.11,TRUE,"",5.5,301,5600301,5800301
"DGMM",NA,0.917681648226481,0.021,0.617286802355653,0.171,-31596.050818442,65278.2437311367,15,1.83,TRUE,"",5.5,302,5600302,5800302
"RDMM",5.56455440227315,0.952528206976425,0.012,0.815100309443158,0.074,-29838.6440395861,61756.5224181457,107,4.39999999999999,TRUE,"",5.5,302,5600302,5800302
"DGMM",NA,0.956440439640132,0.011,0.451959469912677,0.398,-31357.7842338437,64801.71056194,20,2.42,TRUE,"",5.5,303,5600303,5800303
"RDMM",5.64601240760527,0.960360346887023,0.01,0.766399543833339,0.096,-29790.9557556652,61661.145850304,168,6.83,TRUE,"",5.5,303,5600303,5800303
"DGMM",NA,0.913849766267288,0.022,0.398042129731828,0.342,-31680.5628896606,65447.2678735738,12,1.51000000000001,TRUE,"",5.5,304,5600304,5800304
"RDMM",5.54220028433299,0.956440399038085,0.011,0.785541948007405,0.087,-29651.6575213968,61382.5493817672,100,4.25,TRUE,"",5.5,304,5600304,5800304
"DGMM",NA,0.944728748753959,0.014,0.403392927836108,0.44,-31229.6936436874,64545.5293816275,17,2.06,TRUE,"",5.5,305,5600305,5800305
"RDMM",5.51724576693802,0.94862462502492,0.013,0.802435391888757,0.08,-29625.3190444513,61329.8724278762,112,4.58,TRUE,"",5.5,305,5600305,5800305
"DGMM",NA,0.746243156681317,0.068,0.362478930749901,0.35,-31490.9670606746,65068.0762156018,12,1.48999999999999,TRUE,"",5.5,306,5600306,5800306
"RDMM",5.5625434290814,0.933089068756768,0.017,0.748831700051728,0.103,-29728.3530734133,61535.9404858002,215,8.53999999999999,TRUE,"",5.5,306,5600306,5800306
"DGMM",NA,0.925369283043104,0.019,0.420302591136345,0.49,-31900.1282230366,65886.3985403258,20,2.45,TRUE,"",5.5,307,5600307,5800307
"RDMM",5.32978168591595,0.929225197852566,0.018,0.661268689950651,0.153,-30205.4333191017,62490.1009771769,100,4.23999999999999,TRUE,"",5.5,307,5600307,5800307
"DGMM",NA,0.933089071228314,0.017,0.645262111220234,0.155,-31744.8947301086,65575.9315544697,13,1.59999999999999,TRUE,"",5.5,308,5600308,5800308
"RDMM",5.60450026404667,0.956440443059249,0.011,0.790804609779032,0.085,-29944.4948866172,61968.224112208,116,4.65000000000001,TRUE,"",5.5,308,5600308,5800308
"DGMM",NA,0.936960900313113,0.016,0.432484123842096,0.487,-31470.7903566264,65027.7228075054,18,2.19,TRUE,"",5.5,309,5600309,5800309
"RDMM",5.49500262771143,0.952528481341696,0.012,0.520459426533415,0.309,-29685.0219432092,61449.278225392,106,4.28,TRUE,"",5.5,309,5600309,5800309
"DGMM",NA,0.92536945713121,0.019,0.42764688341372,0.48,-30920.5347645232,63927.2116232989,21,2.55000000000001,TRUE,"",5.5,310,5600310,5800310
"RDMM",5.8603097176827,0.948624584965727,0.013,0.563070501730014,0.242,-29649.079858668,61377.3940563095,124,6.95999999999998,TRUE,"",5.5,310,5600310,5800310
"DGMM",NA,0.89481086165569,0.027,0.549913286779017,0.212,-31336.5559062788,64759.2539068102,22,2.72,TRUE,"",5.5,311,5600311,5800311
"RDMM",5.29371685236929,0.933089066233732,0.017,0.782168621160727,0.088,-29501.0193596852,61081.2730583439,106,4.22999999999999,TRUE,"",5.5,311,5600311,5800311
"DGMM",NA,0.849934397605506,0.039,0.4132853788709,0.341,-31678.5875038203,65443.3171018932,13,1.72,TRUE,"",5.5,312,5600312,5800312
"RDMM",5.02252963244881,0.952528481341696,0.012,0.77333160123737,0.093,-29728.0727015503,61535.3797420742,123,4.94999999999999,TRUE,"",5.5,312,5600312,5800312
"DGMM",NA,0.913849806910841,0.022,0.4099220186023,0.448,-31759.6989042682,65605.539902789,17,2.06,TRUE,"",5.5,313,5600313,5800313
"RDMM",5.29538707075857,0.925369361034676,0.019,0.763569415033301,0.096,-29861.6939944369,61802.6223278474,162,6.47,TRUE,"",5.5,313,5600313,5800313
"DGMM",NA,0.9138464624467,0.022,0.432501012329917,0.458,-31492.0363964259,65070.2148871044,21,2.53,TRUE,"",5.5,314,5600314,5800314
"RDMM",5.45122602016444,0.936959698717011,0.016,0.776094940156513,0.09,-29938.0180749862,61955.270488946,104,4.30000000000001,TRUE,"",5.5,314,5600314,5800314
"DGMM",NA,0.921521514444311,0.02,0.412448666199069,0.447,-31957.5850402658,66001.3121747843,17,2.07999999999998,TRUE,"",5.5,315,5600315,5800315
"RDMM",5.12613857958377,0.960360358310858,0.01,0.774494975095194,0.092,-30015.3921234455,62110.0185858646,125,5.22,TRUE,"",5.5,315,5600315,5800315
"DGMM",NA,0.956440430891215,0.011,0.592726973987392,0.187,-31550.2032624138,65186.5486190801,13,1.63,TRUE,"",5.5,316,5600316,5800316
"RDMM",5.25865291324934,0.960360347830748,0.01,0.753347505160568,0.102,-29886.9218699967,61853.0780789671,100,4.19,TRUE,"",5.5,316,5600316,5800316
"DGMM",NA,0.78123991572075,0.058,0.371439501686666,0.473,-31760.8613703425,65607.8648349376,18,2.22999999999999,TRUE,"",5.5,317,5600317,5800317
"RDMM",5.40781308081598,0.952528529377877,0.012,0.587707220505077,0.229,-30123.5236343281,62326.2816076299,100,3.97,TRUE,"",5.5,317,5600317,5800317
"DGMM",NA,0.910025991415458,0.023,0.732653958865208,0.11,-31124.7196682135,64335.5814306795,16,2.03999999999999,TRUE,"",5.5,318,5600318,5800318
"RDMM",5.72288255263209,0.940840818083903,0.015,0.798275549991824,0.081,-29652.8123509021,61384.8590407779,100,4.11000000000001,TRUE,"",5.5,318,5600318,5800318
"DGMM",NA,0.933088795684154,0.017,0.429308599245586,0.43,-32054.2912787269,66194.7246517065,23,2.92000000000002,TRUE,"",5.5,319,5600319,5800319
"RDMM",5.51969958570427,0.940840621004335,0.015,0.633371494523067,0.162,-30214.2500218474,62507.7343826685,119,4.77000000000001,TRUE,"",5.5,319,5600319,5800319
"DGMM",NA,0.940840818083903,0.015,0.42529063228115,0.412,-31536.4907837226,65159.1236616978,15,1.91,TRUE,"",5.5,320,5600320,5800320
"RDMM",5.23213527096693,0.964288266883599,0.009,0.822475492599305,0.071,-29718.7303620303,61516.6950630342,148,5.94999999999999,TRUE,"",5.5,320,5600320,5800320
"DGMM",NA,0.917681663936572,0.021,0.432902838835415,0.397,-31146.580132922,64379.3023600966,17,2.12,TRUE,"",5.5,321,5600321,5800321
"RDMM",5.4342980615812,0.936960900313113,0.016,0.79344583439093,0.083,-29585.8471814016,61250.9287017769,162,6.44999999999999,TRUE,"",5.5,321,5600321,5800321
"DGMM",NA,0.93696090562204,0.016,0.466892351354433,0.491,-30998.1313529588,64082.4048001702,20,2.47,TRUE,"",5.5,322,5600322,5800322
"RDMM",5.79003554900039,0.925369301894911,0.019,0.54625743645492,0.242,-29505.1883471781,61089.6110333298,164,6.55000000000001,TRUE,"",5.5,322,5600322,5800322
"DGMM",NA,0.883483845657358,0.03,0.423828221764777,0.398,-31167.6902050058,64421.5225042642,26,3.11999999999998,TRUE,"",5.5,323,5600323,5800323
"RDMM",5.56539005674763,0.964288263661385,0.009,0.804203995757978,0.079,-29315.3729193225,60709.9801776186,114,4.65000000000001,TRUE,"",5.5,323,5600323,5800323
"DGMM",NA,0.917679918369483,0.021,0.621255047811611,0.172,-31818.0954935462,65722.3330813451,19,2.42000000000002,TRUE,"",5.5,324,5600324,5800324
"RDMM",4.97721932124799,0.936958482281133,0.016,0.760186138196262,0.098,-29865.5779491463,61810.3902372662,100,4.12,TRUE,"",5.5,324,5600324,5800324
"DGMM",NA,0.960360338054136,0.01,0.723508670785792,0.116,-31467.7753355653,65021.6927653832,13,1.60999999999999,TRUE,"",5.5,325,5600325,5800325
"RDMM",5.12267971441458,0.956440419385209,0.011,0.813369148191062,0.075,-29679.508038128,61438.2504152297,100,4.01999999999998,TRUE,"",5.5,325,5600325,5800325
"DGMM",NA,0.929225177477372,0.018,0.446713355485844,0.472,-31187.5166169304,64461.1753281134,18,2.25999999999999,TRUE,"",5.5,326,5600326,5800326
"RDMM",5.53792628570202,0.94084078557884,0.015,0.670840100895198,0.149,-29689.8993478397,61459.0330346531,142,5.74000000000001,TRUE,"",5.5,326,5600326,5800326
"DGMM",NA,0.956440406814912,0.011,0.442291013975237,0.379,-31130.594306329,64347.3307069105,15,1.88999999999999,TRUE,"",5.5,327,5600327,5800327
"RDMM",5.78234608084383,0.956440415183938,0.011,0.78342503264486,0.088,-29730.1898072569,61539.6139534874,102,4.12,TRUE,"",5.5,327,5600327,5800327
"DGMM",NA,0.917681697716413,0.021,0.434202194795325,0.484,-31328.2835070689,64742.7091083905,27,3.19999999999999,TRUE,"",5.5,328,5600328,5800328
"RDMM",5.17327961395047,0.948624621021968,0.013,0.762602075632286,0.098,-29525.4266166768,61130.0875723272,127,5.19,TRUE,"",5.5,328,5600328,5800328
"DGMM",NA,0.925369338804031,0.019,0.495722773876575,0.254,-31787.9130811246,65661.9682565018,18,2.26999999999998,TRUE,"",5.5,329,5600329,5800329
"RDMM",5.50749107688007,0.929225218730405,0.018,0.647964305392841,0.164,-29997.662071314,62074.5584816015,111,4.50999999999999,TRUE,"",5.5,329,5600329,5800329
"DGMM",NA,0.91002595008007,0.023,0.409640452627633,0.49,-31630.6184491134,65347.3789924794,18,2.12,TRUE,"",5.5,330,5600330,5800330
"RDMM",5.08200999518923,0.94084080883089,0.015,0.75912791049792,0.099,-29800.2984513047,61679.831241583,147,6.02000000000004,TRUE,"",5.5,330,5600330,5800330
"DGMM",NA,0.944728673346693,0.014,0.439419757775491,0.39,-31813.21318116,65712.5684565726,20,2.39999999999998,TRUE,"",5.5,331,5600331,5800331
"RDMM",5.35353179591616,0.956440396968175,0.011,0.771921245942451,0.093,-30164.985567354,62409.2054736816,179,6.88999999999999,TRUE,"",5.5,331,5600331,5800331
"DGMM",NA,0.857333529180179,0.037,0.417525099101755,0.457,-31639.2234679649,65364.5890301824,21,2.38,TRUE,"",5.5,332,5600332,5800332
"RDMM",5.21753011781983,0.944728688654299,0.014,0.787007853821515,0.086,-29762.3550295776,61603.9443981288,100,3.80000000000001,TRUE,"",5.5,332,5600332,5800332
"DGMM",NA,0.887251353188579,0.029,0.400267327979726,0.42,-31286.988725947,64660.1195461467,12,1.36000000000001,TRUE,"",5.5,333,5600333,5800333
"RDMM",5.86600221152106,0.964288253793209,0.009,0.782314223955511,0.089,-29625.3430634294,61329.9204658324,122,4.37,TRUE,"",5.5,333,5600333,5800333
"DGMM",NA,0.921521449096114,0.02,0.439213188430306,0.356,-31607.599262965,65301.3406201827,14,0.97,TRUE,"",5.5,334,5600334,5800334
"RDMM",5.07035984369582,0.944728676891147,0.014,0.746201091792106,0.105,-29663.642058818,61406.5184566097,100,2.45,TRUE,"",5.5,334,5600334,5800334
"DGMM",NA,0.940840723091472,0.015,0.600297910754768,0.179,-31716.1397189379,65518.4215321283,13,1.61,TRUE,"",5.5,335,5600335,5800335
"RDMM",5.65414508312038,0.968224197077145,0.008,0.744147276647692,0.106,-29977.6291884281,62034.4927158299,142,5.68,TRUE,"",5.5,335,5600335,5800335
"DGMM",NA,0.891027054693461,0.028,0.413402150556515,0.435,-31488.2081067074,65062.5583076674,19,2.28,TRUE,"",5.5,336,5600336,5800336
"RDMM",5.60080134242232,0.929225180061007,0.018,0.733788846265965,0.111,-29918.5781358971,61916.3906107678,179,7.15,TRUE,"",5.5,336,5600336,5800336
"DGMM",NA,0.948624617107971,0.013,0.449684270303043,0.412,-31210.598178929,64507.3384521106,17,2.09,TRUE,"",5.5,337,5600337,5800337
"RDMM",5.64788309532725,0.968224224720919,0.008,0.845642127586347,0.061,-29592.4812152697,61264.1967695131,226,9.03,TRUE,"",5.5,337,5600337,5800337
"DGMM",NA,0.940840801148496,0.015,0.494470274329045,0.257,-31628.176122385,65342.4943390227,14,1.77,TRUE,"",5.5,338,5600338,5800338
"RDMM",5.33447273091386,0.948624581259285,0.013,0.758132584880445,0.099,-29959.2509217727,61997.7361825191,300,11.95,TRUE,"",5.5,338,5600338,5800338
"DGMM",NA,0.913849862831402,0.022,0.427720011847722,0.456,-30952.6887092786,63991.5195128098,18,2.18,TRUE,"",5.5,339,5600339,5800339
"RDMM",5.50900586703958,0.948624626359237,0.013,0.819611184404422,0.072,-29395.9759220431,60871.1861830597,100,4.07,TRUE,"",5.5,339,5600339,5800339
"DGMM",NA,0.948624625459808,0.013,0.456436860217053,0.459,-31133.374879877,64352.8918540067,20,2.46,TRUE,"",5.5,340,5600340,5800340
"RDMM",5.96414832734275,0.960360359788406,0.01,0.824746483298909,0.07,-29491.4916190693,61062.2175771122,203,8.12,TRUE,"",5.5,340,5600340,5800340
"DGMM",NA,0.902402378828787,0.025,0.404590258551057,0.459,-31177.8213994065,64441.7848930656,14,1.87,TRUE,"",5.5,341,5600341,5800341
"RDMM",5.32705540061216,0.948624590154745,0.013,0.743809797977782,0.106,-29437.9040044577,60955.042347889,209,8.39,TRUE,"",5.5,341,5600341,5800341
"DGMM",NA,0.972168148975254,0.007,0.831991556776547,0.067,-31097.7697487576,64281.6815917677,22,2.67999999999999,TRUE,"",5.5,342,5600342,5800342
"RDMM",5.63006475858288,0.972168148975254,0.007,0.832791107144863,0.067,-29578.9549590687,61237.144257111,100,3.91,TRUE,"",5.5,342,5600342,5800342
"DGMM",NA,0.875972307296783,0.032,0.656706500459423,0.146,-31904.5615813603,65895.2652569731,23,2.8,TRUE,"",5.5,343,5600343,5800343
"RDMM",5.42678043780409,0.948624607075879,0.013,0.749217749537178,0.103,-30043.0035903878,62165.2415197492,106,4.28,TRUE,"",5.5,343,5600343,5800343
"DGMM",NA,0.868492735876089,0.034,0.526755064909518,0.222,-31380.7000561238,64847.5422065002,13,1.62,TRUE,"",5.5,344,5600344,5800344
"RDMM",5.38459036525516,0.956440409136228,0.011,0.748610203818878,0.104,-29690.3403342784,61459.9150075304,100,4.13,TRUE,"",5.5,344,5600344,5800344
"DGMM",NA,0.933089041003355,0.017,0.683034368901373,0.135,-31746.0392810039,65578.2206562604,17,2.05999999999999,TRUE,"",5.5,345,5600345,5800345
"RDMM",5.41892671862296,0.964288262623956,0.009,0.79492936181849,0.083,-29972.8203951742,62024.8751293219,100,4.19,TRUE,"",5.5,345,5600345,5800345
"DGMM",NA,0.910025995292812,0.023,0.624035590241653,0.166,-31515.2257490327,65116.593592318,24,3.08,TRUE,"",5.5,346,5600346,5800346
"RDMM",5.3973546045094,0.929225186681783,0.018,0.759400431706686,0.098,-29760.8294015012,61600.893141976,100,4.08999999999999,TRUE,"",5.5,346,5600346,5800346
"DGMM",NA,0.898602705625402,0.026,0.573367725365535,0.199,-31969.498113691,66025.1383216347,18,2.14,TRUE,"",5.5,347,5600347,5800347
"RDMM",5.29917536681771,0.94084072489352,0.015,0.755509272238184,0.101,-30270.6724603644,62620.5792597024,100,4.03,TRUE,"",5.5,347,5600347,5800347
"DGMM",NA,0.956440203175091,0.011,0.751135549427604,0.103,-31804.9853091375,65696.1127125276,23,2.75999999999999,TRUE,"",5.5,348,5600348,5800348
"RDMM",5.42509838164225,0.972168059406185,0.007,0.778788100245804,0.091,-30089.9133428572,62259.061024688,100,4.05000000000001,TRUE,"",5.5,348,5600348,5800348
"DGMM",NA,0.8573336916284,0.037,0.349331336490343,0.509,-31674.958835811,65436.0597658745,18,2.25,TRUE,"",5.5,349,5600349,5800349
"RDMM",5.15812689433562,0.940840783697126,0.015,0.772390865223682,0.093,-29714.687801152,61508.6099412775,112,4.59,TRUE,"",5.5,349,5600349,5800349
"DGMM",NA,0.921521296182495,0.02,0.4181288466515,0.417,-31957.9819801801,66002.1060546128,20,2.47,TRUE,"",5.5,350,5600350,5800350
"RDMM",5.34794672371914,0.968223587971176,0.008,0.801471998645802,0.08,-30119.18912602,62317.6125910137,136,5.5,TRUE,"",5.5,350,5600350,5800350
"DGMM",NA,0.913849797331082,0.022,0.519510885009857,0.233,-32143.8864536489,66373.9150015503,20,2.43000000000001,TRUE,"",5.5,351,5600351,5800351
"RDMM",4.79859675837625,0.956440427930214,0.011,0.780777254355527,0.089,-30091.5437210556,62262.3217810848,100,4,TRUE,"",5.5,351,5600351,5800351
"DGMM",NA,0.87597209254189,0.032,0.401852412503584,0.4,-31680.010483242,65446.1630607367,15,1.86000000000001,TRUE,"",5.5,352,5600352,5800352
"RDMM",5.66162356190854,0.960360292821358,0.01,0.761018350254,0.098,-29924.0015154619,61927.2373698975,114,6.63999999999999,TRUE,"",5.5,352,5600352,5800352
"DGMM",NA,0.936960964999498,0.016,0.446186023244964,0.378,-31716.339438582,65518.8209714166,17,2.08000000000001,TRUE,"",5.5,353,5600353,5800353
"RDMM",5.37868243306195,0.964288284300031,0.009,0.771546246941706,0.094,-29778.1744198222,61635.583178618,100,4.06999999999999,TRUE,"",5.5,353,5600353,5800353
"DGMM",NA,0.948624594836391,0.013,0.586456506441259,0.189,-31227.071537593,64540.2851694387,15,1.82999999999998,TRUE,"",5.5,354,5600354,5800354
"RDMM",5.54189409286398,0.956440404423762,0.011,0.745362203499309,0.106,-29613.447191214,61306.1287214016,118,4.84,TRUE,"",5.5,354,5600354,5800354
"DGMM",NA,0.760117043604378,0.064,0.346771334055383,0.505,-31519.9713229868,65126.0847402262,28,3.40000000000001,TRUE,"",5.5,355,5600355,5800355
"RDMM",5.58346421090164,0.944728104969071,0.014,0.771834360651876,0.093,-29822.2059716903,61723.6462823542,167,6.72,TRUE,"",5.5,355,5600355,5800355
"DGMM",NA,0.936960973063431,0.016,0.443698284771975,0.458,-31101.3609039572,64288.8639021671,19,2.25,TRUE,"",5.5,356,5600356,5800356
"RDMM",5.76167957817484,0.956440438589816,0.011,0.808015675986228,0.077,-29603.3052330868,61285.8448051472,120,4.90000000000001,TRUE,"",5.5,356,5600356,5800356
"DGMM",NA,0.921521541526431,0.02,0.734734643256643,0.109,-31656.790474194,65399.7230426406,18,2.16,TRUE,"",5.5,357,5600357,5800357
"RDMM",5.32766840031549,0.948624641300287,0.013,0.758067642374628,0.099,-29998.5627432271,62076.3598254277,103,4.34,TRUE,"",5.5,357,5600357,5800357
"DGMM",NA,0.925369371099482,0.019,0.425473657437526,0.336,-32046.6347745576,66179.4116433678,18,2.21000000000001,TRUE,"",5.5,358,5600358,5800358
"RDMM",4.97364342659151,0.960360334476876,0.01,0.776726298473079,0.091,-30007.8574553032,62094.94924958,100,4.21000000000001,TRUE,"",5.5,358,5600358,5800358
"DGMM",NA,0.917681639120327,0.021,0.696676131860402,0.128,-31289.3748116192,64664.8917174911,14,1.75,TRUE,"",5.5,359,5600359,5800359
"RDMM",5.74558495232364,0.92536933325235,0.019,0.756040145010228,0.1,-29800.9562024018,61681.1467437773,100,4.04999999999998,TRUE,"",5.5,359,5600359,5800359
"DGMM",NA,0.929225185398476,0.018,0.549707686612887,0.214,-31707.4883591389,65501.1188125303,15,1.81,TRUE,"",5.5,360,5600360,5800360
"RDMM",5.48082148746554,0.952528515349925,0.012,0.748883531004605,0.104,-30055.9189106843,62191.0721603422,100,4.17999999999998,TRUE,"",5.5,360,5600360,5800360
"DGMM",NA,0.902402460843516,0.025,0.577730258090834,0.193,-31330.824166782,64747.7904278165,19,2.32000000000002,TRUE,"",5.5,361,5600361,5800361
"RDMM",5.52898544798325,0.913849871810341,0.022,0.751281437891132,0.102,-29805.928517538,61691.0913740497,100,4.16,TRUE,"",5.5,361,5600361,5800361
"DGMM",NA,0.868492659548287,0.034,0.398610018751099,0.391,-31689.2515229955,65464.6451402436,13,1.59,TRUE,"",5.5,362,5600362,5800362
"RDMM",5.00973441000549,0.925368941727552,0.019,0.74669550983786,0.103,-29667.3295356956,61413.8934103648,132,5.36000000000001,TRUE,"",5.5,362,5600362,5800362
"DGMM",NA,0.925368932897414,0.019,0.741012405335764,0.106,-31607.9384129878,65302.0189202282,25,3.04999999999998,TRUE,"",5.5,363,5600363,5800363
"RDMM",5.14971599004193,0.956439385454045,0.011,0.783459914091733,0.087,-29813.4878395129,61706.2100179994,100,4.11000000000001,TRUE,"",5.5,363,5600363,5800363
"DGMM",NA,0.952528522363902,0.012,0.460376175736441,0.493,-31228.0339163862,64542.2099270249,23,2.80000000000001,TRUE,"",5.5,364,5600364,5800364
"RDMM",5.8934350632898,0.952528526309263,0.012,0.683510222922336,0.142,-29827.6081904109,61734.4507197954,116,4.66999999999999,TRUE,"",5.5,364,5600364,5800364
"DGMM",NA,0.887249587788921,0.029,0.380703834345472,0.426,-31540.1758915178,65166.4938772882,26,3.15000000000001,TRUE,"",5.5,365,5600365,5800365
"RDMM",5.24499031424405,0.948624552349017,0.013,0.764803222222921,0.096,-29791.9558337259,61663.1460064253,206,8.28,TRUE,"",5.5,365,5600365,5800365
"DGMM",NA,0.894810768060601,0.027,0.386376691572087,0.496,-31913.1828594709,65912.5078131943,15,1.92000000000002,TRUE,"",5.5,366,5600366,5800366
"RDMM",5.09189246807479,0.917681676732689,0.021,0.759839274022019,0.098,-29839.7215861071,61758.6775111878,162,6.64000000000001,TRUE,"",5.5,366,5600366,5800366
"DGMM",NA,0.894810873797743,0.027,0.410556170569111,0.384,-31367.5481057344,64821.2383057214,14,1.72,TRUE,"",5.5,367,5600367,5800367
"RDMM",5.50842898635728,0.96428827875563,0.009,0.812690982411489,0.075,-29401.344762197,60881.9238633676,138,5.61000000000001,TRUE,"",5.5,367,5600367,5800367
"DGMM",NA,0.917681637140728,0.021,0.421322849947744,0.438,-31552.807135101,65191.7563644547,16,1.96000000000004,TRUE,"",5.5,368,5600368,5800368
"RDMM",5.76404056396056,0.952528499589018,0.012,0.747787602907577,0.104,-29896.522459907,61872.2792587877,120,4.82999999999998,TRUE,"",5.5,368,5600368,5800368
"DGMM",NA,0.41668070537969,0.177,0.177266039709418,0.531,-31800.6950635185,65687.5322212896,23,2.79000000000002,TRUE,"",5.5,369,5600369,5800369
"RDMM",5.48178411967654,0.952528527459993,0.012,0.786440628238624,0.086,-30114.5904209653,62308.4151809042,100,4.06,TRUE,"",5.5,369,5600369,5800369
"DGMM",NA,0.868491227207535,0.034,0.398481548050575,0.384,-31366.3512154018,64818.8445250563,13,1.59000000000003,TRUE,"",5.5,370,5600370,5800370
"RDMM",5.16257684942017,0.944728610307624,0.014,0.708521491514772,0.122,-29575.7680815291,61230.7705020317,100,4.05000000000001,TRUE,"",5.5,370,5600370,5800370
"DGMM",NA,0.952528484006189,0.012,0.64047588519644,0.158,-31201.1436083039,64488.4293108604,25,3.17000000000002,TRUE,"",5.5,371,5600371,5800371
"RDMM",5.5138730733829,0.964288258144459,0.009,0.782079215337568,0.089,-29788.0324485757,61655.299236125,130,5.25,TRUE,"",5.5,371,5600371,5800371
"DGMM",NA,0.944728740925167,0.014,0.434606169530688,0.436,-31518.6436823189,65123.4294588904,16,1.90999999999997,TRUE,"",5.5,372,5600372,5800372
"RDMM",5.51396663061443,0.956440429919113,0.011,0.763443897619338,0.097,-29807.3359326151,61693.9062042039,150,6.11000000000001,TRUE,"",5.5,372,5600372,5800372
"DGMM",NA,0.936960914677433,0.016,0.58709559837975,0.187,-31050.1843862251,64186.5108667029,20,2.41000000000003,TRUE,"",5.5,373,5600373,5800373
"RDMM",5.68595807262825,0.960360335064719,0.01,0.721571871186507,0.117,-29459.252314711,60997.7389683957,126,5.05000000000001,TRUE,"",5.5,373,5600373,5800373
"DGMM",NA,0.952528530640484,0.012,0.465285113565269,0.418,-31884.3974860506,65854.9370663538,20,2.20999999999998,TRUE,"",5.5,374,5600374,5800374
"RDMM",5.19595426965382,0.960360359073464,0.01,0.801458917305991,0.081,-30046.3423597453,62171.9190584642,186,6.88999999999999,TRUE,"",5.5,374,5600374,5800374
"DGMM",NA,0.96036034650572,0.01,0.673405562459609,0.141,-30733.651346629,63553.4447875107,22,2.45999999999998,TRUE,"",5.5,375,5600375,5800375
"RDMM",5.64712437296154,0.960360353719972,0.01,0.785120119321728,0.087,-29263.7879086811,60606.8101563359,100,3.31999999999999,TRUE,"",5.5,375,5600375,5800375
"DGMM",NA,0.944728714639549,0.014,0.444907177341553,0.471,-31533.8642579413,65153.8706101352,22,1.32,TRUE,"",5.5,376,5600376,5800376
"RDMM",5.70224848257845,0.964288268965327,0.009,0.770191763066874,0.094,-30022.6340621772,62124.5024633281,179,5.83,TRUE,"",5.5,376,5600376,5800376
"DGMM",NA,0.929225230933722,0.018,0.67798491011896,0.137,-31377.1554547707,64840.4530037941,15,1.82,TRUE,"",5.5,377,5600377,5800377
"RDMM",5.15298854331771,0.960360349784925,0.01,0.804026367210532,0.079,-29480.1892973403,61039.6129336542,100,4.12,TRUE,"",5.5,377,5600377,5800377
"DGMM",NA,0.917681599744767,0.021,0.422929290094584,0.431,-31570.1370103875,65226.4161150277,27,3.25,TRUE,"",5.5,378,5600378,5800378
"RDMM",5.47467768545762,0.952528534498321,0.012,0.770259644929919,0.094,-29911.6265701953,61902.4874793642,191,7.64,TRUE,"",5.5,378,5600378,5800378
"DGMM",NA,0.944728574470433,0.014,0.44061056269893,0.485,-31444.560888736,64975.2638717246,23,2.83,TRUE,"",5.5,379,5600379,5800379
"RDMM",5.44585616526928,0.936960705949965,0.016,0.741962865743082,0.107,-29966.8509955469,62012.9363300673,100,4.05,TRUE,"",5.5,379,5600379,5800379
"DGMM",NA,0.940840754576077,0.015,0.442698767730628,0.406,-31373.7029791136,64833.5480524798,18,2.24,TRUE,"",5.5,380,5600380,5800380
"RDMM",5.69425501956991,0.944728636019139,0.014,0.748951118404983,0.104,-29733.6235248485,61546.4813886707,100,4.03,TRUE,"",5.5,380,5600380,5800380
"DGMM",NA,0.913849818519529,0.022,0.419743860973302,0.458,-32020.66958473,66127.4812637127,25,3.05,TRUE,"",5.5,381,5600381,5800381
"RDMM",5.03473640308544,0.948624580735441,0.013,0.746143480050135,0.105,-30201.3428613688,62481.9200617112,119,4.81,TRUE,"",5.5,381,5600381,5800381
"DGMM",NA,0.948624573352206,0.013,0.450752227136553,0.465,-31330.4809138622,64747.1039219771,17,2.07,TRUE,"",5.5,382,5600382,5800382
"RDMM",6.04316536058092,0.952528480961924,0.012,0.750186008588439,0.103,-29933.194118902,61945.6225767776,135,5.4,TRUE,"",5.5,382,5600382,5800382
"DGMM",NA,0.894810835894291,0.027,0.406870396073463,0.394,-31866.4109219185,65818.9639380895,16,1.91999999999999,TRUE,"",5.5,383,5600383,5800383
"RDMM",4.99493979838977,0.94472868437969,0.014,0.767494995571274,0.096,-30060.1556618948,62199.5456627632,100,4.07,TRUE,"",5.5,383,5600383,5800383
"DGMM",NA,0.83157485744119,0.044,0.422108869366147,0.311,-31463.2152279999,65012.5725502525,11,1.38,TRUE,"",5.5,384,5600384,5800384
"RDMM",5.13992425764766,0.948624612983118,0.013,0.791293534325527,0.084,-29452.9894887053,60985.2133163842,144,5.99,TRUE,"",5.5,384,5600384,5800384
"DGMM",NA,0.898602715535087,0.026,0.581561771555398,0.189,-31733.6839764787,65553.51004721,13,1.61,TRUE,"",5.5,385,5600385,5800385
"RDMM",5.3964107568254,0.940840790302092,0.015,0.761463600827104,0.098,-29875.7112493284,61830.6568376304,100,4.03999999999999,TRUE,"",5.5,385,5600385,5800385
"DGMM",NA,0.968224219107501,0.008,0.768146466837713,0.095,-31527.0874520466,65140.3169983457,21,2.5,TRUE,"",5.5,386,5600386,5800386
"RDMM",5.58269477536848,0.980080072417423,0.005,0.815977043057632,0.074,-30030.5350597476,62140.3044584688,100,3.97999999999999,TRUE,"",5.5,386,5600386,5800386
"DGMM",NA,0.956440404423762,0.011,0.578697982429752,0.195,-31639.9847185349,65366.1115313224,17,2.19,TRUE,"",5.5,387,5600387,5800387
"RDMM",5.45579968407004,0.968224196600317,0.008,0.770388004852972,0.094,-29997.4814890511,62074.1973170759,255,10.25,TRUE,"",5.5,387,5600387,5800387
"DGMM",NA,0.913849933597989,0.022,0.719416030341327,0.117,-31572.5491977178,65231.2404896882,20,2.41,TRUE,"",5.5,388,5600388,5800388
"RDMM",5.39952219900918,0.933089072927502,0.017,0.759672784470812,0.099,-29706.5216217392,61492.2775824519,103,4.23999999999999,TRUE,"",5.5,388,5600388,5800388
"DGMM",NA,0.944728748666234,0.014,0.453536724713137,0.477,-30828.7908111175,63743.7237164876,22,2.75,TRUE,"",5.5,389,5600389,5800389
"RDMM",6.31676649047383,0.936960952774736,0.016,0.561030660471536,0.249,-29555.5943484246,61190.4230358228,111,4.63,TRUE,"",5.5,389,5600389,5800389
"DGMM",NA,0.715433546578114,0.077,0.330546092791472,0.439,-31438.8089945219,64963.7600832963,14,1.78,TRUE,"",5.5,390,5600390,5800390
"RDMM",5.45750152002103,0.956440423684249,0.011,0.761748622561349,0.098,-29606.9312754819,61293.0968899373,151,6.02999999999999,TRUE,"",5.5,390,5600390,5800390
"DGMM",NA,0.906210182806319,0.024,0.431140734757563,0.326,-31510.4128306974,65106.9677556474,13,1.58,TRUE,"",5.5,391,5600391,5800391
"RDMM",5.58258011500161,0.944728722914949,0.014,0.781052377004075,0.089,-29614.488174681,61308.2106883357,124,5,TRUE,"",5.5,391,5600391,5800391
"DGMM",NA,0.940838793414618,0.015,0.451332175501941,0.343,-31772.8551294176,65631.8523530879,14,1.69,TRUE,"",5.5,392,5600392,5800392
"RDMM",5.69617280779322,0.960358913835538,0.01,0.787693267067366,0.086,-29929.8635187293,61938.9613764322,100,4.17,TRUE,"",5.5,392,5600392,5800392
"DGMM",NA,0.887251312257494,0.029,0.42491943760637,0.319,-31693.9377682143,65474.0176306813,19,2.39,TRUE,"",5.5,393,5600393,5800393
"RDMM",5.68463040546434,0.94862457829413,0.013,0.580236444087602,0.214,-30139.8548316683,62358.9440023102,110,4.30000000000001,TRUE,"",5.5,393,5600393,5800393
"DGMM",NA,0.921521514444311,0.02,0.586579328443715,0.188,-31531.715586323,65149.5732668985,11,1.40000000000001,TRUE,"",5.5,394,5600394,5800394
"RDMM",5.54041491763039,0.964288256598621,0.009,0.792989181947152,0.084,-29916.1882293511,61911.6107976758,100,4.03,TRUE,"",5.5,394,5600394,5800394
"DGMM",NA,0.898602586274994,0.026,0.435358898193912,0.404,-31642.1440562267,65370.4302067059,24,2.91,TRUE,"",5.5,395,5600395,5800395
"RDMM",4.9888984560003,0.940840832185354,0.015,0.743006869309548,0.106,-29753.7289820355,61586.6923030446,132,7.34,TRUE,"",5.5,395,5600395,5800395
"DGMM",NA,0.813418229103394,0.049,0.517716260716617,0.224,-31719.3362103627,65524.814514978,12,1.52000000000001,TRUE,"",5.5,396,5600396,5800396
"RDMM",5.50742330016926,0.960360334685322,0.01,0.800932449551294,0.08,-30008.8720747563,62096.9784884862,100,4.06,TRUE,"",5.5,396,5600396,5800396
"DGMM",NA,0.93308912143155,0.017,0.421418832303745,0.458,-31556.8209066942,65199.783907641,17,2.05000000000001,TRUE,"",5.5,397,5600397,5800397
"RDMM",4.73702687954272,0.956440419385209,0.011,0.759209374772723,0.099,-29722.6435067142,61524.521352402,100,4.09,TRUE,"",5.5,397,5600397,5800397
"DGMM",NA,0.91768169243749,0.021,0.702659988980855,0.124,-32075.8015790294,66237.7452523114,21,2.62,TRUE,"",5.5,398,5600398,5800398
"RDMM",4.73128051030928,0.940840848570646,0.015,0.752568859629965,0.101,-29995.2094469312,62069.6532328361,100,4.01999999999998,TRUE,"",5.5,398,5600398,5800398
"DGMM",NA,0.972168168385022,0.007,0.447644704221578,0.363,-31196.9986340686,64480.1393623899,14,1.72999999999999,TRUE,"",5.5,399,5600399,5800399
"RDMM",5.50324715092444,0.98008007733808,0.005,0.783943994520117,0.088,-29631.0068084598,61341.2479558931,100,4.03999999999999,TRUE,"",5.5,399,5600399,5800399
"DGMM",NA,0.913849898328656,0.022,0.551358185778154,0.214,-31798.449787877,65683.0416700066,22,2.63999999999999,TRUE,"",5.5,400,5600400,5800400
"RDMM",5.48898688416979,0.925369376541081,0.019,0.756935089574709,0.099,-29899.1472730124,61877.5288849984,155,6.20000000000002,TRUE,"",5.5,400,5600400,5800400
"DGMM",NA,0.898602628345724,0.026,0.427444845387834,0.452,-31193.5832276205,64473.3085494937,17,2.03,TRUE,"",5.5,401,5600401,5800401
"RDMM",6.53981472904214,0.964288263661385,0.009,0.55636873119858,0.254,-29810.9071682936,61701.0486755608,135,5.73000000000002,TRUE,"",5.5,401,5600401,5800401
"DGMM",NA,0.846247125687156,0.04,0.568408076946513,0.191,-31288.6570753452,64663.456244943,15,1.97,TRUE,"",5.5,402,5600402,5800402
"RDMM",6.02184796029161,0.952528534494516,0.012,0.768420439629352,0.095,-29840.250990637,61759.7363202476,116,4.66,TRUE,"",5.5,402,5600402,5800402
"DGMM",NA,0.685276978040573,0.086,0.33280740038596,0.475,-31589.432096432,65265.0062871166,17,2.05000000000001,TRUE,"",5.5,403,5600403,5800403
"RDMM",5.34015110167832,0.929225175840049,0.018,0.755510977673153,0.1,-29846.1822390817,61771.598817137,100,4,TRUE,"",5.5,403,5600403,5800403
"DGMM",NA,0.948624604861899,0.013,0.457760761464669,0.401,-31694.8862348698,65475.9145639921,30,3.72,TRUE,"",5.5,404,5600404,5800404
"RDMM",5.46273852256708,0.956440421161811,0.011,0.786082200671816,0.087,-29861.6421302614,61802.5185994964,174,7.09,TRUE,"",5.5,404,5600404,5800404
"DGMM",NA,0.929225175840049,0.018,0.589802567939933,0.185,-31558.4608459949,65203.0637862424,15,1.82999999999998,TRUE,"",5.5,405,5600405,5800405
"RDMM",5.68724323375777,0.980080068140588,0.005,0.82636405442649,0.07,-29798.751160219,61676.7366594116,103,4.16999999999999,TRUE,"",5.5,405,5600405,5800405
"DGMM",NA,0.887251059837635,0.029,0.429545201561738,0.313,-31217.7526606436,64521.6474155398,14,1.77000000000001,TRUE,"",5.5,406,5600406,5800406
"RDMM",5.59820703142422,0.960360362899837,0.01,0.749719821638979,0.104,-29602.5105789129,61284.2554967994,100,4.03999999999999,TRUE,"",5.5,406,5600406,5800406
"DGMM",NA,0.917681694549059,0.021,0.748373852665645,0.104,-31857.6442559573,65801.4306061672,19,2.35999999999999,TRUE,"",5.5,407,5600407,5800407
"RDMM",4.90016240660035,0.936960964153588,0.016,0.786118798295435,0.088,-30040.5124089125,62160.2591567987,100,3.99000000000001,TRUE,"",5.5,407,5600407,5800407
"DGMM",NA,0.952528502198712,0.012,0.69133674983636,0.131,-31511.7670837592,65109.6762617711,16,1.99000000000001,TRUE,"",5.5,408,5600408,5800408
"RDMM",5.31304882442093,0.948624598733919,0.013,0.760714008212719,0.098,-29847.329677564,61773.8936941017,100,4.09,TRUE,"",5.5,408,5600408,5800408
"DGMM",NA,0.917681748689661,0.021,0.414283473275452,0.371,-31031.5442550812,64149.2306044149,16,2,TRUE,"",5.5,409,5600409,5800409
"RDMM",5.63435647582909,0.936960955176029,0.016,0.747204637178947,0.104,-29390.5801730256,60860.3946850248,100,4.06,TRUE,"",5.5,409,5600409,5800409
"DGMM",NA,0.887251164215564,0.029,0.400726914602029,0.42,-32067.7751601262,66221.6924145051,13,1.64000000000001,TRUE,"",5.5,410,5600410,5800410
"RDMM",5.21109131717904,0.956440403672337,0.011,0.765465393466946,0.096,-29749.4848813757,61578.2041017251,216,8.75,TRUE,"",5.5,410,5600410,5800410
"DGMM",NA,0.864765020239917,0.035,0.401486472709089,0.412,-31009.1754077324,64104.4929097173,16,2,TRUE,"",5.5,411,5600411,5800411
"RDMM",5.40485079123073,0.936960899800715,0.016,0.706106272676107,0.123,-29494.7200939275,61068.6745268286,120,4.85999999999999,TRUE,"",5.5,411,5600411,5800411
"DGMM",NA,0.784780850651457,0.057,0.490750964453626,0.243,-32463.7636891536,67013.6694725598,6,0.779999999999973,TRUE,"",5.5,412,5600412,5800412
"RDMM",5.08580267787404,0.960360246207516,0.01,0.798194761929179,0.082,-30090.2568314872,62259.7480019481,100,4.13,TRUE,"",5.5,412,5600412,5800412
"DGMM",NA,0.894810802969059,0.027,0.55493118033438,0.206,-31386.9092941624,64859.9606825774,12,1.49000000000001,TRUE,"",5.5,413,5600413,5800413
"RDMM",5.65206099736597,0.960360332700638,0.01,0.784797543965418,0.089,-29695.0743172429,61469.3829734594,205,8.21000000000004,TRUE,"",5.5,413,5600413,5800413
"DGMM",NA,0.936960616333207,0.016,0.654939913561398,0.151,-31845.180602175,65776.5032986026,15,1.86000000000001,TRUE,"",5.5,414,5600414,5800414
"RDMM",5.67534090554248,0.97216808220009,0.007,0.761152962499594,0.099,-30058.1513150605,62195.5369690947,116,4.82999999999998,TRUE,"",5.5,414,5600414,5800414
"DGMM",NA,0.956440443059249,0.011,0.451346280818302,0.472,-30731.419774552,63548.9816433567,22,2.72000000000003,TRUE,"",5.5,415,5600415,5800415
"RDMM",6.5244285645121,0.972168166985735,0.007,0.532294298570743,0.282,-29553.1040478865,61185.4424347466,100,4.06,TRUE,"",5.5,415,5600415,5800415
"DGMM",NA,0.940840860422378,0.015,0.343780860611305,0.466,-32408.5129081887,66903.16791063,20,2.44,TRUE,"",5.5,416,5600416,5800416
"RDMM",4.70974070807666,0.972168173418171,0.007,0.813530257764485,0.075,-30502.4021599386,63084.0386588508,100,4.00999999999999,TRUE,"",5.5,416,5600416,5800416
"DGMM",NA,0.894811113595979,0.027,0.423410953527211,0.422,-30973.6194916539,64033.3810775604,18,2.25,TRUE,"",5.5,417,5600417,5800417
"RDMM",5.86041081501779,0.988024015765355,0.003,0.830125958229047,0.068,-29486.8002658576,61052.8348706888,119,4.83000000000004,TRUE,"",5.5,417,5600417,5800417
"DGMM",NA,0.921521647186156,0.02,0.401714581973402,0.456,-31304.9616023598,64696.0652989722,20,1.2,TRUE,"",5.5,418,5600418,5800418
"RDMM",5.48174052343276,0.948624510718175,0.013,0.769811895253324,0.094,-29744.006514888,61567.2473687495,100,2.28,TRUE,"",5.5,418,5600418,5800418
"DGMM",NA,0.964288171460486,0.009,0.432922443070737,0.444,-31155.0882113562,64396.318516965,23,2.77,TRUE,"",5.5,419,5600419,5800419
"RDMM",5.7108115115718,0.956440264619208,0.011,0.788891817485693,0.086,-29589.4869416056,61258.2082221848,248,9.86,TRUE,"",5.5,419,5600419,5800419
"DGMM",NA,0.857333341910478,0.037,0.636472467726413,0.156,-31379.5406237299,64845.2233417124,16,2.03,TRUE,"",5.5,420,5600420,5800420
"RDMM",5.5683754430235,0.917681679900044,0.021,0.74341419719782,0.105,-29805.4027897494,61690.0399184724,100,3.97,TRUE,"",5.5,420,5600420,5800420
"DGMM",NA,0.940840788344503,0.015,0.442034051558831,0.316,-31824.5006613443,65735.1434169412,13,1.59,TRUE,"",5.5,421,5600421,5800421
"RDMM",4.96957756589171,0.964288259978855,0.009,0.792394275667081,0.085,-29867.3929955019,61814.0203299774,100,4.05,TRUE,"",5.5,421,5600421,5800421
"DGMM",NA,0.948624612215473,0.013,0.726506441834532,0.114,-31172.49244491,64431.1269840726,18,2.21,TRUE,"",5.5,422,5600422,5800422
"RDMM",5.69155586294258,0.960360359073464,0.01,0.820828016221569,0.072,-29530.7846907162,61140.8037204059,116,4.73,TRUE,"",5.5,422,5600422,5800422
"DGMM",NA,0.910025989176747,0.023,0.478673152668016,0.288,-31290.7984679495,64667.7390301517,15,1.86,TRUE,"",5.5,423,5600423,5800423
"RDMM",5.96391742397741,0.972168141284516,0.007,0.79273978057743,0.084,-29695.2898657713,61469.8140705162,145,5.78,TRUE,"",5.5,423,5600423,5800423
"DGMM",NA,0.972168144391867,0.007,0.751055312151324,0.103,-31034.4870646579,64155.1162235684,18,2.21,TRUE,"",5.5,424,5600424,5800424
"RDMM",5.7316266547276,0.972168140392112,0.007,0.781710375118973,0.089,-29321.5386915536,60722.3117220809,100,4,TRUE,"",5.5,424,5600424,5800424
"DGMM",NA,0.849927470165576,0.039,0.391084302205893,0.464,-32133.779383992,66353.7008622365,18,2.25,TRUE,"",5.5,425,5600425,5800425
"RDMM",4.96606669669335,0.936960452501409,0.016,0.72906628732898,0.112,-30212.0054077668,62503.2451545071,110,4.35,TRUE,"",5.5,425,5600425,5800425
"DGMM",NA,0.917681682703154,0.021,0.660024908835228,0.146,-31385.2130015549,64856.5680973625,12,1.5,TRUE,"",5.5,426,5600426,5800426
"RDMM",5.87867587620608,0.948624618887061,0.013,0.7805095805576,0.089,-30028.4709763844,62136.1762917424,100,4.07,TRUE,"",5.5,426,5600426,5800426
"DGMM",NA,0.925369328988085,0.019,0.412361680582273,0.467,-31451.826189625,64989.7944735026,15,1.97000000000001,TRUE,"",5.5,427,5600427,5800427
"RDMM",5.8157912587374,0.956440411214517,0.011,0.722639111335767,0.116,-29828.3013793727,61735.837097719,300,11.89,TRUE,"",5.5,427,5600427,5800427
"DGMM",NA,0.917681013562321,0.021,0.436183734368817,0.404,-31973.6947740494,66033.5316423515,18,2.25,TRUE,"",5.5,428,5600428,5800428
"RDMM",5.01803926752954,0.956440401158276,0.011,0.789655243249413,0.085,-30146.5502185502,62372.3347760741,123,4.94000000000001,TRUE,"",5.5,428,5600428,5800428
"DGMM",NA,0.902402375280069,0.025,0.401477744505829,0.435,-31845.6525938463,65777.4472819453,16,2.00999999999999,TRUE,"",5.5,429,5600429,5800429
"RDMM",4.92826417609727,0.944728693457917,0.014,0.75905479548091,0.099,-29898.7211337105,61876.6766063945,214,8.53,TRUE,"",5.5,429,5600429,5800429
"DGMM",NA,0.960360322224328,0.01,0.452254024674264,0.45,-31258.4004675735,64602.9430293997,17,2.11,TRUE,"",5.5,430,5600430,5800430
"RDMM",5.8523230531106,0.960360322224328,0.01,0.794900423042377,0.083,-29679.550288186,61438.3349153456,155,6.5,TRUE,"",5.5,430,5600430,5800430
"DGMM",NA,0.929225200488394,0.018,0.426533874100583,0.331,-31638.2768436726,65362.6957815979,15,1.89,TRUE,"",5.5,431,5600431,5800431
"RDMM",5.64146117758275,0.93696094712624,0.016,0.774454277642439,0.092,-30006.7081426669,62092.6506243074,100,4.03,TRUE,"",5.5,431,5600431,5800431
"DGMM",NA,0.735903824337617,0.071,0.339525785170398,0.436,-31459.0275657231,65004.1972256989,14,1.74000000000001,TRUE,"",5.5,432,5600432,5800432
"RDMM",5.51004437381698,0.944728677262428,0.014,0.756656279567755,0.1,-29710.2202420866,61499.6748231467,166,6.61999999999999,TRUE,"",5.5,432,5600432,5800432
"DGMM",NA,0.929225173307474,0.018,0.441367928553011,0.485,-31812.0850250013,65710.3121442553,19,2.31,TRUE,"",5.5,433,5600433,5800433
"RDMM",5.63093041717854,0.948624612215473,0.013,0.57363185974625,0.248,-29951.1674320886,61981.5692031509,100,4.16,TRUE,"",5.5,433,5600433,5800433
"DGMM",NA,0.715434958191301,0.077,0.343844564923052,0.404,-31388.6706263626,64863.4833469779,13,1.74000000000001,TRUE,"",5.5,434,5600434,5800434
"RDMM",5.65101761333509,0.933089066233732,0.017,0.751326123759323,0.102,-29643.3503510338,61365.9350410411,188,7.50999999999999,TRUE,"",5.5,434,5600434,5800434
"DGMM",NA,0.944728724276017,0.014,0.426487798960473,0.396,-31621.201880198,65328.5458546486,18,2.19,TRUE,"",5.5,435,5600435,5800435
"RDMM",5.24102977157268,0.948624593831534,0.013,0.739776019405223,0.108,-30040.9212770861,62161.0768931458,103,4.17000000000002,TRUE,"",5.5,435,5600435,5800435
"DGMM",NA,0.944728605668809,0.014,0.421001389093517,0.431,-31100.1796992249,64286.5014927024,13,1.62,TRUE,"",5.5,436,5600436,5800436
"RDMM",5.85613081774431,0.952528422834642,0.012,0.65902820301963,0.153,-29641.1609860893,61361.5563111522,126,6.80000000000001,TRUE,"",5.5,436,5600436,5800436
"DGMM",NA,0.763640923787161,0.063,0.368154156694052,0.438,-31578.6301547183,65243.4024036892,14,1.86000000000001,TRUE,"",5.5,437,5600437,5800437
"RDMM",5.23279811110934,0.956440407594271,0.011,0.558411270573713,0.258,-29754.1894611866,61587.6132613468,125,5.03999999999999,TRUE,"",5.5,437,5600437,5800437
"DGMM",NA,0.925369318817977,0.019,0.430574576937809,0.395,-32113.7329251294,66313.6079445114,19,2.31,TRUE,"",5.5,438,5600438,5800438
"RDMM",5.1010434477015,0.940840781800237,0.015,0.755182655592519,0.1,-30117.6498730022,62314.534084978,102,4.23999999999998,TRUE,"",5.5,438,5600438,5800438
"DGMM",NA,0.913849847052994,0.022,0.412624791640005,0.352,-32180.8767353627,66447.895564978,15,1.91999999999999,TRUE,"",5.5,439,5600439,5800439
"RDMM",5.12413215762516,0.933089084397016,0.017,0.534838227467819,0.29,-29918.4170755225,61916.0684900187,100,3.94,TRUE,"",5.5,439,5600439,5800439
"DGMM",NA,0.933086849119031,0.017,0.614107226667745,0.173,-31121.4465640156,64329.0352222837,18,2.19999999999999,TRUE,"",5.5,440,5600440,5800440
"RDMM",5.92010557486421,0.952525043231613,0.012,0.715007512694094,0.122,-29576.5652594084,61232.3648577905,100,4.05000000000001,TRUE,"",5.5,440,5600440,5800440
"DGMM",NA,0.933089044195771,0.017,0.433839706363877,0.454,-31545.5809468177,65177.3039878879,20,2.39000000000001,TRUE,"",5.5,441,5600441,5800441
"RDMM",5.28908786486237,0.960360328187914,0.01,0.795506682658965,0.083,-29945.4207479547,61970.075834883,234,9.35999999999999,TRUE,"",5.5,441,5600441,5800441
"DGMM",NA,0.925367794466891,0.019,0.735184729494463,0.109,-31634.7203242349,65355.5827427223,20,2.67000000000002,TRUE,"",5.5,442,5600442,5800442
"RDMM",5.67859236321791,0.940840003022308,0.015,0.781554785964451,0.088,-29976.4172511854,62032.0688413444,113,4.69,TRUE,"",5.5,442,5600442,5800442
"DGMM",NA,0.887251149313739,0.029,0.694545546726627,0.128,-31517.3502707682,65120.8426357891,26,3.18000000000001,TRUE,"",5.5,443,5600443,5800443
"RDMM",5.78708750301708,0.940840816611919,0.015,0.754072389382329,0.101,-30042.7065621935,62164.6474633606,102,4.13,TRUE,"",5.5,443,5600443,5800443
"DGMM",NA,0.956440405348377,0.011,0.528157930068475,0.235,-30830.9796674053,63748.1014290632,13,1.59,TRUE,"",5.5,444,5600444,5800444
"RDMM",5.81116719626629,0.972168147181522,0.007,0.777895628340109,0.091,-29320.9864360996,60721.2072111728,100,4.19,TRUE,"",5.5,444,5600444,5800444
"DGMM",NA,0.902402609325875,0.025,0.438658304342929,0.393,-31344.9119998537,64775.9660939599,31,3.81,TRUE,"",5.5,445,5600445,5800445
"RDMM",5.83464952607998,0.960359854740725,0.01,0.809415601565698,0.077,-29781.0500174369,61641.3343738473,100,4.13999999999999,TRUE,"",5.5,445,5600445,5800445
"DGMM",NA,0.913849897577304,0.022,0.438777418027313,0.363,-31849.4893510958,65785.1207964443,18,2.15000000000001,TRUE,"",5.5,446,5600446,5800446
"RDMM",5.04755170548904,0.936960961603731,0.016,0.771528487381446,0.093,-29752.1130133418,61583.4603656572,100,4.07999999999998,TRUE,"",5.5,446,5600446,5800446
"DGMM",NA,0.925369436671413,0.019,0.438576237945508,0.402,-31411.4034102902,64908.9489148329,21,2.64000000000001,TRUE,"",5.5,447,5600447,5800447
"RDMM",5.55559383794395,0.940840812245286,0.015,0.798533435823033,0.081,-29724.3726650053,61527.9796689842,154,6.16999999999999,TRUE,"",5.5,447,5600447,5800447
"DGMM",NA,0.925368156339596,0.019,0.423387929883562,0.441,-31609.9582526321,65306.0585995168,17,2.09,TRUE,"",5.5,448,5600448,5800448
"RDMM",5.75008963819313,0.960359986108163,0.01,0.749166803957906,0.104,-29994.676738657,62068.5878162877,265,10.63,TRUE,"",5.5,448,5600448,5800448
"DGMM",NA,0.91768169930009,0.021,0.695044347157191,0.128,-31329.1827413976,64744.5075770477,16,1.96000000000001,TRUE,"",5.5,449,5600449,5800449
"RDMM",5.82706729578599,0.968224047399822,0.008,0.785418699320626,0.087,-29876.3442926856,61831.9229243448,100,4.28,TRUE,"",5.5,449,5600449,5800449
"DGMM",NA,0.722221975729264,0.075,0.390426937335223,0.307,-32515.1395929948,67116.4212802422,6,0.77000000000001,TRUE,"",5.5,450,5600450,5800450
"RDMM",4.97524467842274,0.940840790905302,0.015,0.777358222711539,0.09,-30345.5461367685,62770.3266125106,300,12,TRUE,"",5.5,450,5600450,5800450
"DGMM",NA,0.944728701286723,0.014,0.772244318892739,0.094,-31700.7671485987,65487.67639145,15,1.82999999999998,TRUE,"",5.5,451,5600451,5800451
"RDMM",5.1698166496233,0.968224222018898,0.008,0.818096903683973,0.073,-29801.1694276944,61681.5731943625,102,4.15000000000003,TRUE,"",5.5,451,5600451,5800451
"DGMM",NA,0.940840860043001,0.015,0.443597001405954,0.456,-31178.5094823748,64443.1610590022,18,2.19,TRUE,"",5.5,452,5600452,5800452
"RDMM",5.63341553230898,0.948624612983118,0.013,0.801407549625384,0.08,-29513.2363511629,61105.7070412994,244,9.80000000000001,TRUE,"",5.5,452,5600452,5800452
"DGMM",NA,0.940840812245286,0.015,0.491027428389257,0.259,-31633.4668694553,65353.0758331633,11,1.37,TRUE,"",5.5,453,5600453,5800453
"RDMM",5.40228791614976,0.94862459979149,0.013,0.782251351452214,0.089,-29710.3191808933,61499.8727007603,187,7.57999999999998,TRUE,"",5.5,453,5600453,5800453
"DGMM",NA,0.835230933910207,0.043,0.639349396206151,0.155,-31750.2016407026,65586.5453756579,17,2.07999999999998,TRUE,"",5.5,454,5600454,5800454
"RDMM",5.56101280664867,0.956440440277027,0.011,0.787181289571844,0.087,-30031.9903898448,62143.2151186633,110,4.53000000000003,TRUE,"",5.5,454,5600454,5800454
"DGMM",NA,0.883483477459188,0.03,0.425144408210794,0.465,-31610.2045456251,65306.5511855028,18,2.18000000000001,TRUE,"",5.5,455,5600455,5800455
"RDMM",5.60435816005867,0.902402355170666,0.025,0.760021171539362,0.1,-29751.8765951844,61582.9875293424,278,10.65,TRUE,"",5.5,455,5600455,5800455
"DGMM",NA,0.879722513236883,0.031,0.409824801290531,0.452,-31912.2625857378,65910.6672657282,25,2.88,TRUE,"",5.5,456,5600456,5800456
"RDMM",5.27400130947474,0.956440394847983,0.011,0.787844244664046,0.086,-30110.6808477551,62300.5960344839,126,4.64999999999998,TRUE,"",5.5,456,5600456,5800456
"DGMM",NA,0.940840880726614,0.015,0.734348703877227,0.11,-31253.65726461,64593.4566234727,18,1.93000000000001,TRUE,"",5.5,457,5600457,5800457
"RDMM",5.71740704107813,0.964288218296129,0.009,0.825184286322527,0.07,-29758.4393761925,61596.1130913585,100,3,TRUE,"",5.5,457,5600457,5800457
"DGMM",NA,0.956440439640132,0.011,0.435150447129964,0.413,-31294.3416890102,64674.825472273,21,1.63,TRUE,"",5.5,458,5600458,5800458
"RDMM",5.71611595226725,0.972168168063757,0.007,0.785772984887516,0.087,-29765.8041794651,61610.8426979038,169,4.20999999999998,TRUE,"",5.5,458,5600458,5800458
"DGMM",NA,0.956440415195111,0.011,0.466796872440448,0.484,-31073.3820526167,64232.9061994861,22,1.42,TRUE,"",5.5,459,5600459,5800459
"RDMM",6.07545099686216,0.964288258760505,0.009,0.815527790958261,0.074,-29459.9120335683,60999.0584061102,244,7.93,TRUE,"",5.5,459,5600459,5800459
"DGMM",NA,0.902402404514733,0.025,0.616443510546341,0.168,-31144.8576359377,64375.8573661279,12,1.54,TRUE,"",5.5,460,5600460,5800460
"RDMM",5.2511327212362,0.960360325900093,0.01,0.81495531590747,0.074,-29473.5944596243,61026.4232582221,104,4.26,TRUE,"",5.5,460,5600460,5800460
"DGMM",NA,0.940840734533526,0.015,0.716597704134575,0.118,-31151.3596579538,64388.8614101603,12,1.48,TRUE,"",5.5,461,5600461,5800461
"RDMM",5.38399835109784,0.956440394847983,0.011,0.779827021209161,0.089,-29512.0661263315,61103.3665916366,100,4.05,TRUE,"",5.5,461,5600461,5800461
"DGMM",NA,0.929225203075431,0.018,0.66367506784786,0.144,-31073.9360807661,64234.0142557848,17,2.06,TRUE,"",5.5,462,5600462,5800462
"RDMM",6.02090293992068,0.952528484325076,0.012,0.807337136383025,0.077,-29662.1756898875,61403.5857187486,100,4.02,TRUE,"",5.5,462,5600462,5800462
"DGMM",NA,0.929225173262087,0.018,0.420274065945136,0.432,-31613.0134932912,65312.1690808351,20,2.47,TRUE,"",5.5,463,5600463,5800463
"RDMM",5.10045076169626,0.936960920733226,0.016,0.773618776685571,0.092,-29856.1358251628,61791.5059892993,163,6.64,TRUE,"",5.5,463,5600463,5800463
"DGMM",NA,0.910025953541997,0.023,0.637712346149809,0.158,-31344.71641204,64775.5749183325,16,1.98,TRUE,"",5.5,464,5600464,5800464
"RDMM",5.60568363432703,0.933089024457711,0.017,0.78444023102031,0.087,-29686.6875971119,61452.6095331974,172,6.89,TRUE,"",5.5,464,5600464,5800464
"DGMM",NA,0.956440056125844,0.011,0.675750725220199,0.139,-31807.3201159943,65700.7823262413,19,2.29,TRUE,"",5.5,465,5600465,5800465
"RDMM",5.04798150554016,0.972167878408296,0.007,0.784825166958343,0.087,-29863.1947464329,61805.6238318395,100,4.1,TRUE,"",5.5,465,5600465,5800465
"DGMM",NA,0.95644044764321,0.011,0.75642775885686,0.1,-31646.9806073657,65380.103308984,21,2.51,TRUE,"",5.5,466,5600466,5800466
"RDMM",5.50883831368934,0.968224222738724,0.008,0.779805960359656,0.09,-29985.756145731,62050.7466304355,100,4.09,TRUE,"",5.5,466,5600466,5800466
"DGMM",NA,0.948624549710027,0.013,0.726074011456901,0.114,-31239.1945864066,64564.5312670657,14,1.77,TRUE,"",5.5,467,5600467,5800467
"RDMM",5.63766813701246,0.960360293870579,0.01,0.77119879477461,0.093,-29576.0996631662,61231.433665306,100,4.25,TRUE,"",5.5,467,5600467,5800467
"DGMM",NA,0.929225202340168,0.018,0.725556127070799,0.114,-31539.5442416789,65165.2305776105,13,1.61,TRUE,"",5.5,468,5600468,5800468
"RDMM",5.70346166996106,0.960360322224328,0.01,0.77040159351832,0.094,-29943.9096704864,61967.0536799465,100,4.04000000000001,TRUE,"",5.5,468,5600468,5800468
"DGMM",NA,0.948624594836391,0.013,0.432359587401244,0.418,-31260.4810377108,64607.1041696741,25,3.06999999999999,TRUE,"",5.5,469,5600469,5800469
"RDMM",5.62688827473861,0.956440415183938,0.011,0.792106429364169,0.084,-29513.5338634099,61106.3020657934,107,4.32000000000001,TRUE,"",5.5,469,5600469,5800469
"DGMM",NA,0.93696096128841,0.016,0.433012022805322,0.434,-31448.8517205287,64983.84553531,25,3.08,TRUE,"",5.5,470,5600470,5800470
"RDMM",5.64572829367398,0.960360353977351,0.01,0.814865003526952,0.074,-29792.6354458585,61664.5052306907,155,6.28,TRUE,"",5.5,470,5600470,5800470
"DGMM",NA,0.917681730973614,0.021,0.436384123369198,0.409,-31367.8903282644,64821.9227507814,21,2.56,TRUE,"",5.5,471,5600471,5800471
"RDMM",5.25827095393602,0.972168140836529,0.007,0.818262658358504,0.073,-29581.4505776941,61242.1354943618,120,4.92,TRUE,"",5.5,471,5600471,5800471
"DGMM",NA,0.940840864883848,0.015,0.441608616881159,0.425,-31448.832646585,64983.8073874226,29,3.56999999999999,TRUE,"",5.5,472,5600472,5800472
"RDMM",5.55388484488946,0.952528525313029,0.012,0.777310741127253,0.091,-29730.2020057475,61539.6383504686,139,5.90000000000001,TRUE,"",5.5,472,5600472,5800472
"DGMM",NA,0.917681625922999,0.021,0.427657072294898,0.415,-31448.2854995338,64982.7130933202,22,2.64,TRUE,"",5.5,473,5600473,5800473
"RDMM",5.40371582520729,0.96036034650572,0.01,0.770996015669846,0.094,-29729.3831552112,61538.000649396,100,4.09,TRUE,"",5.5,473,5600473,5800473
"DGMM",NA,0.925369370582602,0.019,0.435442257909617,0.46,-31479.3464637387,65044.8350217301,23,2.73,TRUE,"",5.5,474,5600474,5800474
"RDMM",5.70880228400916,0.956440415183938,0.011,0.806587844105666,0.078,-29764.4931550565,61608.2206490867,100,4.08999999999999,TRUE,"",5.5,474,5600474,5800474
"DGMM",NA,0.929224908203057,0.018,0.421562330806225,0.384,-31605.2690607988,65296.6802158503,25,3.04000000000001,TRUE,"",5.5,475,5600475,5800475
"RDMM",5.12957751074388,0.968223497944787,0.008,0.757871398905619,0.101,-29772.2400802219,61623.7144994174,168,6.89,TRUE,"",5.5,475,5600475,5800475
"DGMM",NA,0.940840850623075,0.015,0.527036187372648,0.235,-31357.8517972668,64801.8456887863,14,1.69999999999999,TRUE,"",5.5,476,5600476,5800476
"RDMM",5.57936297197347,0.944728732269631,0.014,0.773739469084674,0.092,-29865.6649522158,61810.5642434051,100,4.09,TRUE,"",5.5,476,5600476,5800476
"DGMM",NA,0.940840846525805,0.015,0.601961835228569,0.179,-31288.2225606029,64662.5872154585,16,1.98000000000002,TRUE,"",5.5,477,5600477,5800477
"RDMM",5.66434873841798,0.952528528190616,0.012,0.767556964082266,0.095,-29621.2608142852,61321.755967544,200,7.97,TRUE,"",5.5,477,5600477,5800477
"DGMM",NA,0.902398264171188,0.025,0.427098448077456,0.472,-31732.0682520049,65550.2785982625,19,4.03,TRUE,"",5.5,478,5600478,5800478
"RDMM",5.00866103442364,0.940838793414618,0.015,0.736983155115754,0.108,-29756.2037016244,61591.6417422224,281,11.36,TRUE,"",5.5,478,5600478,5800478
"DGMM",NA,0.853629940593243,0.038,0.413163962439777,0.345,-31753.2993188557,65592.7407319641,13,1.63,TRUE,"",5.5,479,5600479,5800479
"RDMM",5.23349911049845,0.940840836692353,0.015,0.774812139663828,0.092,-29753.5923965278,61586.4191320293,109,4.43000000000001,TRUE,"",5.5,479,5600479,5800479
"DGMM",NA,0.917681646848681,0.021,0.427244344091785,0.465,-31790.7216528087,65667.5853998699,22,2.66999999999999,TRUE,"",5.5,480,5600480,5800480
"RDMM",5.47358113234047,0.972168140392112,0.007,0.760058047408411,0.099,-29857.9414701048,61795.1172791833,102,4.20000000000002,TRUE,"",5.5,480,5600480,5800480
"DGMM",NA,0.929225225184377,0.018,0.467268878712139,0.276,-31813.5250620121,65713.1922182768,13,1.59,TRUE,"",5.5,481,5600481,5800481
"RDMM",5.21603698410934,0.925369369548842,0.019,0.77257873379355,0.093,-29907.9272341087,61895.0888071911,105,4.22,TRUE,"",5.5,481,5600481,5800481
"DGMM",NA,0.92536937188916,0.019,0.422465639438359,0.418,-31316.4410042226,64719.0241026979,15,1.88999999999999,TRUE,"",5.5,482,5600482,5800482
"RDMM",6.24976927511319,0.944728722128082,0.014,0.795022046904368,0.082,-29793.4549560482,61666.1442510699,122,4.97,TRUE,"",5.5,482,5600482,5800482
"DGMM",NA,0.948624613905609,0.013,0.432022781364211,0.429,-31878.5820389386,65843.3061721299,23,2.91999999999999,TRUE,"",5.5,483,5600483,5800483
"RDMM",5.26131533359962,0.956440399038085,0.011,0.733259943810478,0.111,-30267.6344432377,62614.5032254489,256,10.44,TRUE,"",5.5,483,5600483,5800483
"DGMM",NA,0.940840853502545,0.015,0.775454533675665,0.091,-30826.9262484886,63739.9945912297,18,2.25,TRUE,"",5.5,484,5600484,5800484
"RDMM",5.84802441752717,0.964288290435283,0.009,0.805739595321317,0.078,-29415.6566339061,60910.5476067859,100,4.15000000000001,TRUE,"",5.5,484,5600484,5800484
"DGMM",NA,0.944728709942269,0.014,0.449481914186644,0.468,-31833.05676471,65752.2556236727,29,3.63,TRUE,"",5.5,485,5600485,5800485
"RDMM",5.76008744277261,0.96428827875563,0.009,0.746609651125689,0.105,-30118.9311096172,62317.096558208,100,4.09,TRUE,"",5.5,485,5600485,5800485
"DGMM",NA,0.948624574999514,0.013,0.425129553783163,0.439,-31055.2033847108,64196.5488636742,17,2.06,TRUE,"",5.5,486,5600486,5800486
"RDMM",5.60541764888602,0.95252848285774,0.012,0.63450088891931,0.164,-29623.394329427,61326.0229978277,125,5.08000000000001,TRUE,"",5.5,486,5600486,5800486
"DGMM",NA,0.887251241580626,0.029,0.49170902164924,0.246,-32429.3662855542,66944.874665361,12,1.59999999999999,TRUE,"",5.5,487,5600487,5800487
"RDMM",4.95528925270899,0.96822422390583,0.008,0.783754996507858,0.088,-30277.1197546164,62633.4738482064,121,4.94,TRUE,"",5.5,487,5600487,5800487
"DGMM",NA,0.9330890616854,0.017,0.426492830467137,0.415,-31186.060404145,64458.2629025425,20,2.44,TRUE,"",5.5,488,5600488,5800488
"RDMM",5.46073384529772,0.933089028594122,0.017,0.753989957712553,0.101,-29675.835345059,61430.9050290917,203,8.21000000000001,TRUE,"",5.5,488,5600488,5800488
"DGMM",NA,0.906210173936327,0.024,0.400479647742321,0.442,-32293.7892385922,66673.7205714369,15,1.93000000000001,TRUE,"",5.5,489,5600489,5800489
"RDMM",4.85805747545012,0.940840827435552,0.015,0.755632276511024,0.1,-30224.2518020838,62527.7379431412,117,4.72999999999999,TRUE,"",5.5,489,5600489,5800489
"DGMM",NA,0.956440376922717,0.011,0.768725318374165,0.094,-31653.1855712461,65392.5132367448,24,3.00999999999999,TRUE,"",5.5,490,5600490,5800490
"RDMM",4.97443771423041,0.968224184569575,0.008,0.796740783436762,0.082,-29955.7236261987,61990.6815913711,106,4.41,TRUE,"",5.5,490,5600490,5800490
"DGMM",NA,0.894810871774068,0.027,0.423920500479908,0.456,-31852.9772493591,65792.0965929709,25,3.13,TRUE,"",5.5,491,5600491,5800491
"RDMM",4.96928745966832,0.925369307661963,0.019,0.754844772512243,0.1,-29957.004727308,61993.2437935896,104,4.13999999999999,TRUE,"",5.5,491,5600491,5800491
"DGMM",NA,0.879723921691683,0.031,0.374213051238688,0.411,-31363.570672876,64813.2834400045,15,1.88,TRUE,"",5.5,492,5600492,5800492
"RDMM",5.42811231708026,0.956440297939077,0.011,0.787554353572607,0.086,-29565.289185046,61209.8127090656,100,4.06999999999999,TRUE,"",5.5,492,5600492,5800492
"DGMM",NA,0.948624581259285,0.013,0.464264387951492,0.493,-31437.3153565827,64960.7728074181,17,2.09999999999997,TRUE,"",5.5,493,5600493,5800493
"RDMM",5.67417510414591,0.940840787354327,0.015,0.803542937361059,0.079,-29625.2807313959,61329.7958017654,178,7.20000000000005,TRUE,"",5.5,493,5600493,5800493
"DGMM",NA,0.93696090226164,0.016,0.436389604276194,0.465,-31294.9057113642,64675.953516981,22,2.70999999999998,TRUE,"",5.5,494,5600494,5800494
"RDMM",5.54842398466259,0.940840806554625,0.015,0.691393320115753,0.131,-29807.6975230493,61694.6293850722,109,4.41000000000003,TRUE,"",5.5,494,5600494,5800494
"DGMM",NA,0.94084080883089,0.015,0.431912155831648,0.412,-31615.1256298066,65316.3933538658,15,1.92000000000002,TRUE,"",5.5,495,5600495,5800495
"RDMM",5.50809563097092,0.952528504098332,0.012,0.778320985486947,0.09,-29966.6173111767,62012.4689613271,272,11.02,TRUE,"",5.5,495,5600495,5800495
"DGMM",NA,0.944728705752729,0.014,0.508087726124329,0.253,-31525.4758180324,65137.0937303174,14,1.71999999999997,TRUE,"",5.5,496,5600496,5800496
"RDMM",5.20307431796667,0.94472868437969,0.014,0.766844900024066,0.095,-29670.4910269156,61420.2163928049,100,4.07999999999998,TRUE,"",5.5,496,5600496,5800496
"DGMM",NA,0.868492613856558,0.034,0.594691595780336,0.18,-31730.5257723019,65547.1936388564,14,1.72999999999996,TRUE,"",5.5,497,5600497,5800497
"RDMM",5.13027000064047,0.948624603231066,0.013,0.78760810881775,0.086,-29737.3526791491,61553.9396972719,100,3.81,TRUE,"",5.5,497,5600497,5800497
"DGMM",NA,0.929225210887601,0.018,0.63668112072395,0.16,-31602.4425948383,65291.0272839292,14,1.56,TRUE,"",5.5,498,5600498,5800498
"RDMM",5.34451077360459,0.968224196329809,0.008,0.789654105257585,0.086,-29871.3674645312,61821.969268036,131,4.98000000000002,TRUE,"",5.5,498,5600498,5800498
"DGMM",NA,0.952528519977202,0.012,0.421990880532038,0.424,-31216.5168172383,64519.1757287292,16,1.77999999999997,TRUE,"",5.5,499,5600499,5800499
"RDMM",5.69750426199565,0.976120117928724,0.006,0.777574959883884,0.091,-29497.4482442618,61074.1308274972,234,7.16000000000003,TRUE,"",5.5,499,5600499,5800499
"DGMM",NA,0.910025998685497,0.023,0.690775556887299,0.131,-31270.256497632,64626.6550895165,21,1.64999999999998,TRUE,"",5.5,500,5600500,5800500
"RDMM",5.9413821434874,0.933089028594122,0.017,0.763515817082765,0.097,-29816.1154237276,61711.4651864288,100,2.5,TRUE,"",5.5,500,5600500,5800500
